symbol,trade_date,open,close,high,low,pre_close,change,change_percent,volume,amount,turnover_rate,volume_ratio,bid_ratio,bid_diff,buy_volume,sell_volume,total_market_cap,circ_market_cap,main_net_inflow,xlarge_inflow,xlarge_outflow,xlarge_net_inflow,large_inflow,large_outflow,large_net_inflow,mid_inflow,mid_outflow,mid_net_inflow,small_inflow,small_outflow,small_net_inflow,main_net_flow_ratio,xlarge_net_flow_ratio,large_net_flow_ratio,mid_net_flow_ratio,small_net_flow_ratio,total_stocks,trading_stocks,up_stocks,down_stocks,flat_stocks,limit_up_stocks,limit_down_stocks,pe,pb,median_pe,median_pb,leader_up_symbol,leader_up_change,leader_down_symbol,leader_down_change,data_source,created_at
BK0420,2026-07-01T00:00:00Z,408264,419603,420331,406253,409112,10491,2.56,11307638,5200784715,1.06,0.94,0.00,0,6753678,4553960,589905920000,471742528000,80156080,737547936,664881424,72666512,1256334368,1248844800,7489568,1507221840,1584753520,-77531680,1640738544,1643362944,-2624400,1.54,1.40,0.14,-1.49,-0.05,0,14,14,0,0,0,0,30.85,0.00,0.00,0.00,,0.00,,0.00,EastMoney,2026-07-01T17:53:41+08:00
BK0421,2026-07-01T00:00:00Z,766389,779942,784068,765145,767321,12621,1.64,5829969,2893844293,0.45,0.91,0.00,0,2990048,2839922,738596560000,689045872000,-45459269,235270379,331220848,-95950469,565371776,514880576,50491200,891966848,926203296,-34236448,1168127904,1088432192,79695712,-1.57,-3.32,1.74,-1.18,2.75,0,36,32,3,1,0,0,15.64,0.00,0.00,0.00,,0.00,,0.00,EastMoney,2026-07-01T17:53:41+08:00
BK0422,2026-07-01T00:00:00Z,646408,666200,669607,646060,638455,27745,4.35,8688223,8778578985,1.64,1.59,0.00,0,4260623,4427599,612280416000,515385168000,428781696,1435367136,1067996096,367371040,1935803328,1874392672,61410656,2360289808,2649188160,-288898352,2854620064,2991322160,-136702096,4.88,4.18,0.70,-3.29,-1.56,0,47,45,1,1,0,0,25.95,0.00,0.00,0.00,,0.00,,0.00,EastMoney,2026-07-01T17:53:41+08:00
BK0424,2026-07-01T00:00:00Z,2432233,2477684,2505493,2419771,2439217,38467,1.58,4464872,3801508937,1.23,1.05,0.00,0,2385036,2079837,266228088000,227630978000,-23724880,284462464,288778096,-4315632,845341952,864751200,-19409248,1196153824,1251020160,-54866336,1427895760,1349304528,78591232,-0.62,-0.11,-0.51,-1.44,2.07,0,23,20,3,0,0,0,99.85,0.00,0.00,0.00,,0.00,,0.00,EastMoney,2026-07-01T17:53:41+08:00
BK0425,2026-07-01T00:00:00Z,2468984,2512529,2529851,2464369,2466471,46058,1.87,30043546,32411315522,1.29,1.06,0.00,0,16114374,13929172,1369492192000,1216419792000,704933632,6050521856,4925554432,1124967424,7393950976,7813984768,-420033792,8927357696,9867077632,-939719936,9497803776,9254582528,243221248,2.17,3.47,-1.30,-2.90,0.75,0,68,56,11,1,0,0,10.55,0.00,0.00,0.00,,0.00,,0.00,EastMoney,2026-07-01T17:53:41+08:00
BK0427,2026-07-01T00:00:00Z,905585,926633,931493,904530,903858,22775,2.52,73204052,54855353752,1.62,0.98,0.00,0,37490954,35713098,4190775808000,3452445024000,2199770624,7169770240,5355710208,1814060032,12541903616,12156193024,385710592,17069097984,17620284416,-551186432,17213430272,18846749440,-1633319168,4.01,3.31,0.70,-1.00,-2.98,0,144,130,10,4,0,0,19.96,0.00,0.00,0.00,,0.00,,0.00,EastMoney,2026-07-01T17:53:41+08:00
BK0428,2026-07-01T00:00:00Z,1882738,1920803,1930711,1876660,1877601,43202,2.30,67799715,47948836760,1.60,0.96,0.00,0,34695422,33104293,3924050560000,3199566160000,2200589056,6462882048,4691559168,1771322880,10990496256,10561230080,429266176,14924773888,15379904256,-455130368,14826937344,16572396032,-1745458688,4.59,3.69,0.90,-0.95,-3.64,0,112,101,8,3,0,0,19.85,0.00,0.00,0.00,,0.00,,0.00,EastMoney,2026-07-01T17:53:41+08:00
BK0429,2026-07-01T00:00:00Z,973477,990729,993930,972096,973298,17431,1.79,7487828,10192227308,1.33,0.98,0.00,0,4080684,3407144,617998368000,510273232000,162034208,1095032944,945753008,149279936,2432811056,2420056784,12754272,3179994416,3301498208,-121503792,3334128352,3367941152,-33812800,1.59,1.46,0.13,-1.19,-0.33,0,51,40,10,1,0,0,18.44,0.00,0.00,0.00,,0.00,,0.00,EastMoney,2026-07-01T17:53:41+08:00
BK0433,2026-07-01T00:00:00Z,1238738,1295121,1304186,1237343,1235733,59388,4.81,28384278,23459808312,2.93,1.48,0.00,0,15911051,12473227,1142537200000,883348464000,1411145200,2913148016,1874207616,1038940400,5358485760,4986280960,372204800,6958705664,7720142592,-761436928,7685876224,8236949248,-551073024,6.02,4.43,1.59,-3.25,-2.35,0,113,106,6,1,0,0,77.14,0.00,0.00,0.00,,0.00,,0.00,EastMoney,2026-07-01T17:53:41+08:00
BK0436,2026-07-01T00:00:00Z,1281008,1311755,1318471,1279598,1277038,34717,2.72,15797068,13806290271,2.20,1.08,0.00,0,8384190,7412878,606371472000,561132400000,-6540528,1055732496,1035651888,20080608,2927475840,2954096976,-26621136,4213220448,4189773152,23447296,5283534080,5298216704,-14682624,-0.05,0.15,-0.19,0.17,-0.11,0,112,97,13,2,0,0,26.84,0.00,0.00,0.00,,0.00,,0.00,EastMoney,2026-07-01T17:53:41+08:00
BK0437,2026-07-01T00:00:00Z,1152161,1187754,1201847,1146457,1154308,33446,2.90,13181153,10952828971,1.18,1.01,0.00,0,7348965,5832188,1982680256000,1581311840000,333108624,807604224,712414656,95189568,2363122864,2125203808,237919056,3608023456,3482316720,125706736,4076315232,4535130624,-458815392,3.04,0.87,2.17,1.15,-4.19,0,34,32,2,0,0,0,17.81,0.00,0.00,0.00,,0.00,,0.00,EastMoney,2026-07-01T17:53:41+08:00
BK0438,2026-07-01T00:00:00Z,2358668,2427045,2442835,2355848,2362311,64734,2.74,17326134,32372464964,1.86,1.09,0.00,0,9127296,8198838,3598241472000,3487636752000,129893008,3289840624,3168104800,121735824,7733322752,7725165568,8157184,10596042752,11191868160,-595825408,10287333888,9783815168,503518720,0.40,0.38,0.03,-1.84,1.56,0,129,119,9,1,0,0,19.81,0.00,0.00,0.00,,0.00,,0.00,EastMoney,2026-07-01T17:53:41+08:00
BK0440,2026-07-01T00:00:00Z,4484023,4586688,4615781,4471145,4478586,108102,2.41,6726274,7950294627,2.38,1.09,0.00,0,3407320,3318953,458442128000,380615520000,-81145664,564793168,584923312,-20130144,1687849888,1748865408,-61015520,2486019536,2487437120,-1417584,3060806176,2970781568,90024608,-1.02,-0.25,-0.77,-0.02,1.13,0,76,67,9,0,0,0,38.16,0.00,0.00,0.00,,0.00,,0.00,EastMoney,2026-07-01T17:53:41+08:00
BK0447,2026-07-01T00:00:00Z,2776892,2846966,2881348,2776892,2771417,75549,2.73,54912714,96071991923,5.30,1.32,0.00,0,28983092,25929621,1931950240000,1662577024000,5042536192,17231329792,13535722496,3695607296,25063217920,23716289024,1346928896,28297594880,30696263680,-2398668800,23927296768,26568895744,-2641598976,5.25,3.85,1.40,-2.50,-2.75,0,146,128,16,2,0,0,119.39,0.00,0.00,0.00,,0.00,,0.00,EastMoney,2026-07-01T17:53:41+08:00
BK0448,2026-07-01T00:00:00Z,2604488,2583616,2628023,2564881,2594341,-10725,-0.41,25910215,230786894216,5.36,1.03,0.00,0,12109383,13800832,5439093760000,4796916992000,-22351312128,49232098816,63794216704,-14562117888,59756945408,67546139648,-7789194240,73641369600,65595852288,8045517312,44717683456,30491799296,14225884160,-9.68,-6.31,-3.38,3.49,6.16,0,91,50,40,1,0,0,110.10,0.00,0.00,0.00,,0.00,,0.00,EastMoney,2026-07-01T17:53:41+08:00
BK0450,2026-07-01T00:00:00Z,1071692,1095200,1102525,1070437,1074768,20432,1.90,15087736,10859575127,0.94,0.99,0.00,0,7781434,7306302,1089821376000,952529872000,-365689696,1253100944,1601116032,-348015088,2568761056,2586435664,-17674608,3331371504,3261828720,69542784,3536546016,3236697312,299848704,-3.37,-3.20,-0.16,0.64,2.76,0,37,33,4,0,0,0,12.18,0.00,0.00,0.00,,0.00,,0.00,EastMoney,2026-07-01T17:53:41+08:00
BK0451,2026-07-01T00:00:00Z,1267319,1298631,1310496,1262326,1266239,32392,2.56,40090902,21909761819,2.08,1.11,0.00,0,21305971,18784931,853378448000,804737312000,42253472,3240307152,2945271856,295035296,5235685376,5488467200,-252781824,6354828544,6664689664,-309861120,6688357120,6420749568,267607552,0.19,1.35,-1.15,-1.41,1.22,0,91,81,8,2,0,0,-4.34,0.00,0.00,0.00,,0.00,,0.00,EastMoney,2026-07-01T17:53:41+08:00
BK0454,2026-07-01T00:00:00Z,2329418,2358837,2370644,2323070,2316826,42011,1.81,16233016,37162217075,5.40,1.03,0.00,0,7765071,8467946,819341216000,655078320000,-818375168,4566166784,5073687808,-507521024,8780931328,9091785472,-310854144,11472663040,11430398976,42264064,11523365888,10740709632,782656256,-2.20,-1.37,-0.84,0.11,2.11,0,78,52,26,0,0,0,94.77,0.00,0.00,0.00,,0.00,,0.00,EastMoney,2026-07-01T17:53:41+08:00
BK0456,2026-07-01T00:00:00Z,2292960,2329357,2336676,2285958,2288262,41095,1.80,18645638,34126581549,2.31,1.15,0.00,0,9224122,9421516,1977399120000,1740647440000,428666608,3881534992,3545765920,335769072,8380148480,8287250944,92897536,10771941632,10769715968,2225664,10333626624,10684100608,-350473984,1.26,0.98,0.27,0.01,-1.03,0,108,78,28,2,0,0,18.09,0.00,0.00,0.00,,0.00,,0.00,EastMoney,2026-07-01T17:53:41+08:00
BK0457,2026-07-01T00:00:00Z,3696579,3715414,3748802,3656016,3695230,20184,0.55,29063595,52219245098,3.11,1.08,0.00,0,13591214,15472380,1777778080000,1622726992000,-1346438400,4971218176,5872745984,-901527808,11459584768,11904495360,-444910592,16841586432,16174270464,667315968,17900511744,17185943808,714567936,-2.58,-1.73,-0.85,1.28,1.37,0,142,91,50,1,0,0,38.74,0.00,0.00,0.00,,0.00,,0.00,EastMoney,2026-07-01T17:53:41+08:00
BK0458,2026-07-01T00:00:00Z,2288625,2312581,2324529,2281011,2274748,37833,1.66,5422333,27143412471,3.74,1.10,0.00,0,2769186,2653147,755930656000,482212032000,-495346176,4815058944,5457094400,-642035456,8825167616,8678478336,146689280,7418061824,6901576704,516485120,5373630208,5410620416,-36990208,-1.82,-2.37,0.54,1.90,-0.14,0,64,42,21,1,0,0,157.14,0.00,0.00,0.00,,0.00,,0.00,EastMoney,2026-07-01T17:53:41+08:00
BK0459,2026-07-01T00:00:00Z,7276264,7142260,7437552,7049434,7226184,-83924,-1.16,27932193,181592371895,7.55,1.01,0.00,0,13073371,14858822,3946011328000,3499761456000,-9636328192,31655508224,37488090880,-5832582656,46304046592,50107792128,-3803745536,55846148096,53643564288,2202583808,44398399232,36921204736,7477194496,-5.31,-3.21,-2.09,1.21,4.12,0,66,22,44,0,0,0,100.74,0.00,0.00,0.00,,0.00,,0.00,EastMoney,2026-07-01T17:53:41+08:00
BK0464,2026-07-01T00:00:00Z,585952,600588,605734,582524,584923,15665,2.68,18162757,14842818408,0.50,0.91,0.00,0,9586972,8575785,4259123840000,2691931520000,168882240,1421069296,1065609600,355459696,3296828128,3483405584,-186577456,4742440192,4697189376,45250816,5172679424,5381865728,-209186304,1.14,2.39,-1.26,0.30,-1.41,0,49,43,6,0,0,0,12.33,0.00,0.00,0.00,,0.00,,0.00,EastMoney,2026-07-01T17:53:41+08:00
BK0465,2026-07-01T00:00:00Z,3278656,3473259,3474900,3236424,3289946,183313,5.57,36877925,65068604034,3.62,1.29,0.00,0,20105833,16772092,2367511936000,1726887712000,1716988672,7323857408,6349985024,973872384,16582750976,15839634688,743116288,21026752512,21753790464,-727037952,19012702976,19940869376,-928166400,2.64,1.50,1.14,-1.12,-1.43,0,160,154,5,1,0,0,54.52,0.00,0.00,0.00,,0.00,,0.00,EastMoney,2026-07-01T17:53:41+08:00
BK0470,2026-07-01T00:00:00Z,925969,953860,958039,925573,927185,26675,2.88,6905890,5257003363,2.16,1.02,0.00,0,3572424,3333465,256565665000,222027775000,-69241392,379886464,473382736,-93496272,1093471520,1069216640,24254880,1715968432,1624102752,91865680,1877149168,1919116672,-41967504,-1.32,-1.78,0.46,1.75,-0.80,0,40,36,4,0,0,0,-204.85,0.00,0.00,0.00,,0.00,,0.00,EastMoney,2026-07-01T17:53:41+08:00
BK0471,2026-07-01T00:00:00Z,1709880,1739329,1759505,1701687,1707892,31437,1.84,9750651,9709802435,3.59,1.13,0.00,0,4884901,4865750,296209280000,259500747000,-57509920,1020570048,963699296,56870752,2319533120,2433913792,-114380672,3130131072,3157836560,-27705488,3035510128,2964657968,70852160,-0.59,0.59,-1.18,-0.29,0.73,0,27,19,7,1,0,0,53.77,0.00,0.00,0.00,,0.00,,0.00,EastMoney,2026-07-01T17:53:41+08:00
BK0473,2026-07-01T00:00:00Z,13950204,14645379,14768015,13925989,13969294,676085,4.84,68748815,92439362978,2.57,1.28,0.00,0,39238905,29509910,3847621824000,3266418672000,9055285248,23925628160,16914402816,7011225344,26514755072,24470695168,2044059904,24386197248,27554411264,-3168214016,16821304320,22708375808,-5887071488,9.80,7.58,2.21,-3.43,-6.37,0,49,49,0,0,0,0,16.27,0.00,0.00,0.00,,0.00,,0.00,EastMoney,2026-07-01T17:53:41+08:00
BK0474,2026-07-01T00:00:00Z,121649,130710,132168,121588,122057,8653,7.09,6140280,18631442901,0.81,1.62,0.00,0,3700681,2439599,2806070704000,1934517072000,1538911808,4064118608,2938880528,1125238080,5509230592,5095556864,413673728,5035702016,5792947712,-757245696,3899637408,4681303552,-781666144,8.26,6.04,2.22,-4.06,-4.20,0,5,5,0,0,0,0,6.83,0.00,0.00,0.00,,0.00,,0.00,EastMoney,2026-07-01T17:53:41+08:00
BK0475,2026-07-01T00:00:00Z,379672,383439,385152,378517,380020,3419,0.90,32259987,23587975452,0.24,0.80,0.00,0,16669040,15590946,14157932544000,9276386560000,687093856,4269815568,3810605232,459210336,6006463488,5778579968,227883520,6775777792,6829342976,-53565184,6193734656,6827262976,-633528320,2.91,1.95,0.97,-0.23,-2.69,0,42,34,7,1,0,0,6.46,0.00,0.00,0.00,,0.00,,0.00,EastMoney,2026-07-01T17:53:41+08:00
BK0476,2026-07-01T00:00:00Z,1575034,1604768,1616315,1563591,1576278,28490,1.81,5649583,5646375715,2.68,0.96,0.00,0,2914424,2735160,255864352000,225612983000,84607328,341185184,301434048,39751136,1280829856,1235973664,44856192,1848561168,1809875376,38685792,2056266560,2177037264,-120770704,1.50,0.70,0.79,0.69,-2.14,0,38,30,8,0,0,0,82.93,0.00,0.00,0.00,,0.00,,0.00,EastMoney,2026-07-01T17:53:41+08:00
BK0477,2026-07-01T00:00:00Z,3571711,3664397,3688901,3563012,3576600,87797,2.45,4142043,15838500009,1.37,1.04,0.00,0,2298663,1843380,2479947456000,2430997888000,287212384,2017928496,1780738992,237189504,4250827904,4200805024,50022880,5553036032,5941965312,-388929280,3816641952,3714925104,101716848,1.81,1.50,0.32,-2.46,0.64,0,38,35,2,1,0,0,18.33,0.00,0.00,0.00,,0.00,,0.00,EastMoney,2026-07-01T17:53:41+08:00
BK0478,2026-07-01T00:00:00Z,2925333,2959845,2981359,2916377,2928123,31722,1.08,76498710,186196114181,3.37,0.88,0.00,0,37338618,39160091,5635426816000,4560304128000,-512233472,27005742336,27574280704,-568538368,47197149184,47140844288,56304896,57522326784,57258003200,264323584,51451594240,51207599616,243994624,-0.28,-0.31,0.03,0.14,0.13,0,144,88,55,1,0,0,21.74,0.00,0.00,0.00,,0.00,,0.00,EastMoney,2026-07-01T17:53:41+08:00
BK0479,2026-07-01T00:00:00Z,753330,772396,779467,752446,752573,19823,2.63,27384854,11564051543,1.39,1.15,0.00,0,14999595,12385259,829225872000,767574464000,471463168,1724455632,1431842288,292613344,2891431808,2712581984,178849824,3254907584,3471537680,-216630096,3539663472,3794496544,-254833072,4.08,2.53,1.55,-1.87,-2.20,0,46,42,3,1,0,0,71.36,0.00,0.00,0.00,,0.00,,0.00,EastMoney,2026-07-01T17:53:41+08:00
BK0480,2026-07-01T00:00:00Z,5682842,5738675,5778455,5661750,5685015,53660,0.94,11059144,35023549738,2.72,0.99,0.00,0,5547069,5512076,1429794000000,1110296384000,116936400,4047192720,4177927616,-130734896,9106449664,8858778368,247671296,11489967616,11362924800,127042816,9723551488,9954395136,-230843648,0.33,-0.37,0.71,0.36,-0.66,0,55,43,12,0,0,0,96.43,0.00,0.00,0.00,,0.00,,0.00,EastMoney,2026-07-01T17:53:41+08:00
BK0481,2026-07-01T00:00:00Z,4383416,4451466,4478603,4378538,4375475,75991,1.74,32684072,64483769023,2.31,0.97,0.00,0,16534640,16149432,2659823488000,2144423952000,995516928,6282267392,6178832896,103434496,15321740800,14429658368,892082432,20595794176,20400125696,195668480,21139669760,22319884800,-1180215040,1.54,0.16,1.38,0.30,-1.83,0,274,217,54,3,0,0,27.98,0.00,0.00,0.00,,0.00,,0.00,EastMoney,2026-07-01T17:53:41+08:00
BK0482,2026-07-01T00:00:00Z,1492052,1542313,1552047,1491021,1490359,51954,3.49,19409119,8859410760,2.23,1.20,0.00,0,11236911,8172208,413233712000,390683680000,610716176,1208034048,725546032,482488016,1968650368,1840422208,128228160,2528454784,2952269136,-423814352,3016353968,3203255760,-186901792,6.89,5.45,1.45,-4.78,-2.11,0,60,56,4,0,0,0,-16.23,0.00,0.00,0.00,,0.00,,0.00,EastMoney,2026-07-01T17:53:41+08:00
BK0484,2026-07-01T00:00:00Z,932881,955573,964688,931187,931930,23643,2.54,3169487,2132980629,1.67,0.97,0.00,0,1502765,1666722,143290663000,142574277000,52941822,133261766,112225592,21036174,480036688,448131040,31905648,710472928,713744912,-3271984,776855552,826525376,-49669824,2.48,0.99,1.50,-0.15,-2.33,0,16,12,3,1,0,0,20.31,0.00,0.00,0.00,,0.00,,0.00,EastMoney,2026-07-01T17:53:41+08:00
BK0485,2026-07-01T00:00:00Z,1302076,1333661,1339595,1297712,1302402,31259,2.40,4286345,5765734505,1.93,1.10,0.00,0,2348617,1937728,296424272000,271791632000,-103723504,454369952,529576592,-75206640,1159351840,1187868704,-28516864,1913474752,1943335520,-29860768,2176768752,2043184464,133584288,-1.80,-1.30,-0.49,-0.52,2.32,0,38,35,2,1,0,0,38.52,0.00,0.00,0.00,,0.00,,0.00,EastMoney,2026-07-01T17:53:41+08:00
BK0486,2026-07-01T00:00:00Z,886957,906933,918450,880691,887580,19353,2.18,43913948,47342297658,3.02,1.11,0.00,0,22732405,21181543,1396709472000,1284396480000,363567552,4113254048,4203109856,-89855808,11502099456,11048676096,453423360,15924309248,15662148864,262160384,15121137408,15739471104,-618333696,0.77,-0.19,0.96,0.55,-1.31,0,128,114,14,0,0,0,51.71,0.00,0.00,0.00,,0.00,,0.00,EastMoney,2026-07-01T17:53:41+08:00
BK0490,2026-07-01T00:00:00Z,8331686,8437805,8493532,8331686,8316301,121504,1.46,114202564,277429729155,3.71,1.04,0.00,0,56299018,57903545,6762519808000,5956059392000,-806695936,37120542464,37655484416,-534941952,68354604288,68626358272,-271753984,87507136512,87504965632,2170880,79492317184,78703198208,789118976,-0.29,-0.19,-0.10,0.00,0.28,0,425,320,104,1,0,0,98.96,0.00,0.00,0.00,,0.00,,0.00,EastMoney,2026-07-01T17:53:41+08:00
BK0492,2026-07-01T00:00:00Z,1022479,1052136,1062275,1020560,1022957,29179,2.85,30577932,36451091464,1.76,1.12,0.00,0,16314302,14263630,2657543856000,2302677568000,441463808,4241836864,3817825600,424011264,8753942016,8736489472,17452544,11433343232,11803991552,-370648320,11524372992,11596849920,-72476928,1.21,1.16,0.05,-1.02,-0.20,0,75,64,10,1,0,0,17.68,0.00,0.00,0.00,,0.00,,0.00,EastMoney,2026-07-01T17:53:41+08:00
BK0493,2026-07-01T00:00:00Z,1815335,1839356,1852997,1806114,1812945,26411,1.46,115293219,163569081450,2.69,1.07,0.00,0,57909829,57383390,6853171456000,4503905280000,-3854707968,22284436992,23733943552,-1449506560,38189005824,40594207232,-2405201408,51694047232,51197624832,496422400,48758298624,45402021632,3356276992,-2.36,-0.89,-1.47,0.30,2.05,0,216,158,53,5,0,0,27.09,0.00,0.00,0.00,,0.00,,0.00,EastMoney,2026-07-01T17:53:41+08:00
BK0494,2026-07-01T00:00:00Z,1487785,1513376,1524089,1486750,1486427,26949,1.81,104668326,191957318117,2.56,1.03,0.00,0,52868920,51799405,6108540928000,5463362560000,-3744091904,30245941760,33979164928,-3733223168,49434764032,49445632768,-10868736,59398752512,57753201664,1645550848,49818695168,47707188992,2111506176,-1.95,-1.94,-0.01,0.86,1.10,0,423,319,96,8,0,0,42.33,0.00,0.00,0.00,,0.00,,0.00,EastMoney,2026-07-01T17:53:41+08:00
BK0498,2026-07-01T00:00:00Z,1045503,1067760,1073083,1042788,1045260,22500,2.15,66453009,52148760770,3.95,1.10,0.00,0,34721797,31731212,1344850432000,1109155312000,-4294129152,11477690112,16099667712,-4621977600,12267105792,11939257344,327848448,14028653056,12150665984,1877987072,12863556096,10447414528,2416141568,-8.23,-8.86,0.63,3.60,4.63,0,72,62,10,0,0,0,71.62,0.00,0.00,0.00,,0.00,,0.00,EastMoney,2026-07-01T17:53:41+08:00
BK0499,2026-07-01T00:00:00Z,907480,923784,928414,904917,908432,15352,1.69,153053858,437394907461,0.67,1.04,0.00,0,81362035,71691823,41754501632000,26608514048000,-2030469120,94569115648,96700108800,-2130993152,120955670528,120855146496,100524032,137458446336,130292019200,7166427136,78863872000,83999830016,-5135958016,-0.46,-0.49,0.02,1.64,-1.17,0,194,146,46,2,0,0,12.04,0.00,0.00,0.00,,0.00,,0.00,EastMoney,2026-07-01T17:53:41+08:00
BK0500,2026-07-01T00:00:00Z,1207736,1220675,1228966,1206528,1207292,13383,1.11,342934747,1101717525973,1.03,1.05,0.00,0,178651837,164282910,68611061248000,53579626496000,-32208932864,240966701056,266858827776,-25892126720,311435177984,317751984128,-6316806144,333669314560,316853665792,16815648768,200323907584,184930623488,15393284096,-2.92,-2.35,-0.57,1.53,1.40,0,300,207,89,4,0,0,14.52,0.00,0.00,0.00,,0.00,,0.00,EastMoney,2026-07-01T17:53:41+08:00
BK0501,2026-07-01T00:00:00Z,2668149,2695945,2710233,2665235,2670341,25604,0.96,9493569,71202942168,9.88,1.25,0.00,0,4818213,4675356,4323336448000,472678736000,-496381184,13468968448,13897481984,-428513536,21594362624,21662230272,-67867648,21835848960,20960332800,875516160,10081190912,10684153344,-602962432,-0.70,-0.60,-0.10,1.23,-0.85,0,136,104,32,0,0,0,121.02,0.00,0.00,0.00,,0.00,,0.00,EastMoney,2026-07-01T17:53:41+08:00
BK0505,2026-07-01T00:00:00Z,834236,848892,854211,833087,834819,14073,1.69,66186523,104235455144,0.60,1.01,0.00,0,34714908,31471615,14804815616000,9597588736000,-855250944,17017473792,17435608832,-418135040,25430832640,25867948544,-437115904,31490618624,31590052352,-99433728,28715931904,27757476352,958455552,-0.82,-0.40,-0.42,-0.10,0.92,0,102,82,20,0,0,0,11.60,0.00,0.00,0.00,,0.00,,0.00,EastMoney,2026-07-01T17:53:41+08:00
BK0506,2026-07-01T00:00:00Z,1711319,1746342,1758981,1710693,1707230,39112,2.29,109316443,230627355951,2.79,1.07,0.00,0,55086144,54230299,5995757568000,5563737600000,-8891564800,37410881280,43265158912,-5854277632,55464425984,58501713152,-3037287168,69433200640,67729801984,1703398656,64353915648,57165748736,7188166912,-3.86,-2.54,-1.32,0.74,3.12,0,295,247,43,5,0,0,39.04,0.00,0.00,0.00,,0.00,,0.00,EastMoney,2026-07-01T17:53:41+08:00
BK0509,2026-07-01T00:00:00Z,1286987,1304340,1317662,1278691,1282441,21899,1.71,32923394,43946495792,3.69,1.04,0.00,0,16398030,16525364,1124199200000,1058075648000,-358456832,4916923904,5314147584,-397223680,11054353664,11015586816,38766848,14405005824,13953783552,451222272,12912311808,13005076992,-92765184,-0.82,-0.90,0.09,1.03,-0.21,0,67,54,13,0,0,0,55.55,0.00,0.00,0.00,,0.00,,0.00,EastMoney,2026-07-01T17:53:41+08:00
BK0511,2026-07-01T00:00:00Z,599060,617565,619519,599060,598418,19147,3.20,32402446,13921713224,1.70,0.97,0.00,0,17742120,14660326,792563584000,724054368000,341638720,1146402736,1163924096,-17521360,4473180160,4114020080,359160080,4914939904,5021813760,-106873856,2849370000,3048201680,-198831680,2.45,-0.13,2.58,-0.77,-1.43,0,214,179,29,6,0,0,-8.11,0.00,0.00,0.00,,0.00,,0.00,EastMoney,2026-07-01T17:53:41+08:00
BK0512,2026-07-01T00:00:00Z,2857308,2962982,2984755,2849838,2856637,106345,3.72,29689926,63037365594,3.86,1.06,0.00,0,15473843,14216083,1573792192000,1482679600000,1697380608,10273939456,9274965248,998974208,16374618112,15676211712,698406400,19272734208,19955544832,-682810624,15826028800,16840598784,-1014569984,2.69,1.58,1.11,-1.08,-1.61,0,77,67,10,0,0,0,27.00,0.00,0.00,0.00,,0.00,,0.00,EastMoney,2026-07-01T17:53:41+08:00
BK0514,2026-07-01T00:00:00Z,1310194,1346165,1353096,1306511,1309401,36764,2.81,48828311,74943300722,1.56,1.07,0.00,0,25785439,23042872,3611001072000,2997747888000,-1117402880,12273922048,12610120192,-336198144,18009095936,18790300672,-781204736,22099204096,22637704192,-538500096,21582678016,19926775040,1655902976,-1.49,-0.45,-1.04,-0.72,2.21,0,127,114,13,0,0,0,12.48,0.00,0.00,0.00,,0.00,,0.00,EastMoney,2026-07-01T17:53:41+08:00
BK0519,2026-07-01T00:00:00Z,3596089,3650356,3687532,3581324,3596536,53820,1.50,53696657,114966020029,2.55,0.89,0.00,0,26414041,27282616,4749554688000,4098834592000,-1199686400,18599868160,19255026944,-655158784,29087468800,29631996416,-544527616,34653734144,34030771456,622962688,30890984448,30314260736,576723712,-1.04,-0.57,-0.47,0.54,0.50,0,78,53,25,0,0,0,19.38,0.00,0.00,0.00,,0.00,,0.00,EastMoney,2026-07-01T17:53:41+08:00
BK0520,2026-07-01T00:00:00Z,1434330,1457084,1466179,1430573,1433499,23585,1.65,1985100,6167268154,3.50,1.24,0.00,0,968846,1016254,161026593000,131643860000,275657248,732543936,517428528,215115408,1515901808,1455359968,60541840,1926489072,1977058464,-50569392,1906121152,2131209008,-225087856,4.47,3.49,0.98,-0.82,-3.65,0,13,9,4,0,0,0,27.85,0.00,0.00,0.00,,0.00,,0.00,EastMoney,2026-07-01T17:53:41+08:00
BK0523,2026-07-01T00:00:00Z,4510337,4579748,4601392,4506195,4502398,77350,1.72,164085994,502576201438,5.19,1.01,0.00,0,80359124,83726869,9010958592000,8104942336000,-11424219136,82631983104,89395945472,-6763962368,128037711872,132697968640,-4660256768,153955491840,151874764800,2080727040,128206974976,118890139648,9316835328,-2.27,-1.35,-0.93,0.41,1.85,0,390,263,122,5,0,0,63.44,0.00,0.00,0.00,,0.00,,0.00,EastMoney,2026-07-01T17:53:41+08:00
BK0524,2026-07-01T00:00:00Z,2967059,3074833,3092421,2966254,2971483,103350,3.48,42219492,60516642459,2.30,1.21,0.00,0,23332717,18886775,3012640720000,2470594320000,5005413120,15070062592,11294756864,3775305728,16912284160,15682176768,1230107392,15995028480,17955776000,-1960747520,11953005824,14997671424,-3044665600,8.27,6.24,2.03,-3.24,-5.03,0,46,43,3,0,0,0,11.96,0.00,0.00,0.00,,0.00,,0.00,EastMoney,2026-07-01T17:53:41+08:00
BK0525,2026-07-01T00:00:00Z,1106895,1135346,1140934,1105360,1105704,29642,2.68,142205344,163587355751,1.60,1.23,0.00,0,74405829,67799515,11187976192000,9282273280000,-87283200,31038221056,30382735104,655485952,40431722496,41174491648,-742769152,46291648512,46985256192,-693607680,43470235136,42685851648,784383488,-0.05,0.40,-0.45,-0.42,0.48,0,228,202,25,1,0,0,11.75,0.00,0.00,0.00,,0.00,,0.00,EastMoney,2026-07-01T17:53:41+08:00
BK0528,2026-07-01T00:00:00Z,1265466,1289403,1297815,1262733,1263683,25720,2.04,86741032,196952933010,2.15,1.12,0.00,0,44762140,41978891,6452930048000,5855699712000,-1096335360,26728714752,28640812544,-1912097792,51477324288,50661561856,815762432,64124527616,63234938880,889588736,52135713280,51928966912,206746368,-0.56,-0.97,0.41,0.45,0.10,0,325,249,73,3,0,0,30.61,0.00,0.00,0.00,,0.00,,0.00,EastMoney,2026-07-01T17:53:41+08:00
BK0534,2026-07-01T00:00:00Z,1999218,2047460,2059886,1997396,1997032,50428,2.53,31347901,48620227608,2.03,1.13,0.00,0,16149743,15198158,2017986832000,1829543312000,1663481600,9815749376,7944242432,1871506944,11628971264,11836996608,-208025344,13521692672,14474226944,-952534272,12943604224,13654551552,-710947328,3.42,3.85,-0.43,-1.96,-1.46,0,85,72,11,2,0,0,22.89,0.00,0.00,0.00,,0.00,,0.00,EastMoney,2026-07-01T17:53:41+08:00
BK0535,2026-07-01T00:00:00Z,2316428,2361094,2381083,2312264,2311657,49437,2.14,130651622,315993949367,4.02,1.04,0.00,0,65680364,64971258,7771183104000,5615980800000,-13619016448,41435296000,49799894016,-8364598016,78499655680,83754074112,-5254418432,95842832384,92627664896,3215167488,95342247936,84938403840,10403844096,-4.31,-2.65,-1.66,1.02,3.29,0,694,560,132,2,0,0,38.95,0.00,0.00,0.00,,0.00,,0.00,EastMoney,2026-07-01T17:53:41+08:00
BK0536,2026-07-01T00:00:00Z,1723786,1735496,1747464,1711556,1722159,13337,0.77,41407786,506289063508,5.06,1.11,0.00,0,20953448,20454338,11534503424000,10823491584000,-28010258432,123052318720,148362579968,-25310261248,158897156096,161597153280,-2699997184,159029415936,141225795584,17803620352,58256034816,48065016576,10191018240,-5.53,-5.00,-0.53,3.52,2.01,0,101,58,42,1,0,0,71.30,0.00,0.00,0.00,,0.00,,0.00,EastMoney,2026-07-01T17:53:41+08:00
BK0538,2026-07-01T00:00:00Z,3313210,3409327,3425071,3304676,3305211,104116,3.15,36060479,89052575009,4.22,1.05,0.00,0,18450957,17609522,1982998000000,1793007056000,2148445696,16751150336,14164014592,2587135744,21490716416,21929406464,-438690048,25368462592,27174479104,-1806016512,22981217792,23295143936,-313926144,2.41,2.91,-0.49,-2.03,-0.35,0,181,150,28,3,0,0,42.59,0.00,0.00,0.00,,0.00,,0.00,EastMoney,2026-07-01T17:53:41+08:00
BK0539,2026-07-01T00:00:00Z,1100538,1135465,1140564,1100538,1104425,31040,2.81,4744242,6855607694,2.43,1.08,0.00,0,2390624,2353618,207470632000,195537183000,1023796800,1966592848,1048787184,917805664,1759100400,1653109264,105991136,1584619408,2110757984,-526138576,1492791168,1990449376,-497658208,14.93,13.39,1.55,-7.67,-7.26,0,19,17,2,0,0,0,-104.58,0.00,0.00,0.00,,0.00,,0.00,EastMoney,2026-07-01T17:53:41+08:00
BK0545,2026-07-01T00:00:00Z,5307199,5371515,5401637,5302886,5286808,84707,1.60,40859999,118250129568,4.68,0.99,0.00,0,20440373,20419625,2694872256000,1959660176000,-277851136,16270116096,17015466496,-745350400,30563277568,30095778304,467499264,36818649856,35949443840,869206016,30527704320,31157289984,-629585664,-0.23,-0.63,0.40,0.74,-0.53,0,253,187,63,3,0,0,112.25,0.00,0.00,0.00,,0.00,,0.00,EastMoney,2026-07-01T17:53:41+08:00
BK0546,2026-07-01T00:00:00Z,8523156,8364700,8523156,8248986,8560124,-195424,-2.28,13090267,37272709661,6.44,0.98,0.00,0,6195392,6894876,969895696000,812192384000,-1148988672,5721977344,6392911872,-670934528,9369864960,9847919104,-478054144,11258050048,11181640960,76409088,10171334656,9098755072,1072579584,-3.08,-1.80,-1.28,0.21,2.88,0,17,3,14,0,0,0,159.38,0.00,0.00,0.00,,0.00,,0.00,EastMoney,2026-07-01T17:53:41+08:00
BK0547,2026-07-01T00:00:00Z,1848465,1891372,1903198,1840325,1853860,37512,2.02,41605885,60095637957,2.40,0.93,0.00,0,21113508,20492377,2741460736000,2347537072000,442724096,8819788544,8644232192,175556352,14891885056,14624717312,267167744,18012947712,17838489856,174457856,17579117056,18196299008,-617181952,0.74,0.29,0.44,0.29,-1.03,0,71,50,20,1,0,0,17.57,0.00,0.00,0.00,,0.00,,0.00,EastMoney,2026-07-01T17:53:41+08:00
BK0548,2026-07-01T00:00:00Z,2379214,2470054,2479659,2353461,2385967,84087,3.52,17827075,21767073662,2.58,1.19,0.00,0,9554588,8272487,928923440000,815007984000,273444944,1816653360,1593755616,222897744,5176828672,5126281472,50547200,7153337088,7422427392,-269090304,7306092800,7306804480,-711680,1.26,1.02,0.23,-1.24,0.00,0,69,65,4,0,0,0,61.45,0.00,0.00,0.00,,0.00,,0.00,EastMoney,2026-07-01T17:53:41+08:00
BK0549,2026-07-01T00:00:00Z,4096899,4150724,4176052,4092389,4088222,62502,1.53,121921587,333733426802,2.80,1.05,0.00,0,60845896,61075691,11562184704000,9779539712000,-7730410752,50931152384,57240791808,-6309639424,84561850368,85982621696,-1420771328,102126784512,101392781312,734003200,91406340096,84405075968,7001264128,-2.32,-1.89,-0.43,0.22,2.10,0,348,252,95,1,0,0,26.63,0.00,0.00,0.00,,0.00,,0.00,EastMoney,2026-07-01T17:53:41+08:00
BK0552,2026-07-01T00:00:00Z,1674618,1709479,1721139,1673619,1671886,37593,2.25,365151467,679718368522,1.20,1.03,0.00,0,189277371,175874096,42862866432000,33461458944000,-2792443904,109447147520,111517519872,-2070372352,176572305408,177294376960,-722071552,212630528000,211813322752,817205248,170476765184,168355266560,2121498624,-0.41,-0.30,-0.11,0.12,0.31,0,1133,913,213,7,0,0,13.18,0.00,0.00,0.00,,0.00,,0.00,EastMoney,2026-07-01T17:53:41+08:00
BK0554,2026-07-01T00:00:00Z,1712312,1734123,1747085,1711826,1707673,26450,1.55,171165322,497183446812,4.63,1.07,0.00,0,84876388,86288934,11709405952000,9127112448000,-26989080576,96430202880,117063737344,-20633534464,124635705344,130991251456,-6355546112,150319624192,140659412992,9660211200,117041020928,99671793664,17369227264,-5.43,-4.15,-1.28,1.94,3.49,0,380,264,112,4,0,0,36.71,0.00,0.00,0.00,,0.00,,0.00,EastMoney,2026-07-01T17:53:41+08:00
BK0556,2026-07-01T00:00:00Z,1132823,1159609,1168948,1132261,1129085,30524,2.70,22784060,60988622442,2.31,1.18,0.00,0,12030776,10753284,2943244896000,1091450064000,-3309889024,9351482624,11782760704,-2431278080,15269058560,16147669504,-878610944,18527890176,17765441024,762449152,16965106432,14417666816,2547439616,-5.43,-3.99,-1.44,1.25,4.18,0,68,60,7,1,0,0,19.32,0.00,0.00,0.00,,0.00,,0.00,EastMoney,2026-07-01T17:53:41+08:00
BK0566,2026-07-01T00:00:00Z,991835,1012360,1020068,984557,991586,20774,2.10,11523576,9298170522,3.37,1.11,0.00,0,6017823,5505753,215113634000,200054738000,-187177136,1019236064,1209752768,-190516704,2320824160,2317484592,3339568,2835331216,2721358512,113972704,2971676768,2898472336,73204432,-2.01,-2.05,0.04,1.23,0.79,0,21,19,2,0,0,0,-31.21,0.00,0.00,0.00,,0.00,,0.00,EastMoney,2026-07-01T17:53:41+08:00
BK0567,2026-07-01T00:00:00Z,375000,382349,384557,374682,374010,8339,2.23,60375705,211461678787,3.18,1.11,0.00,0,30715765,29659940,5921095680000,5336696064000,-1115496960,38317780736,40650575872,-2332795136,58629056512,57411758336,1217298176,67955993856,66315134464,1640859392,43212317184,43737679360,-525362176,-0.53,-1.10,0.58,0.78,-0.25,0,212,163,47,2,0,0,48.60,0.00,0.00,0.00,,0.00,,0.00,EastMoney,2026-07-01T17:53:41+08:00
BK0568,2026-07-01T00:00:00Z,149113,151017,151984,149048,148909,2108,1.42,368250001,1177741166145,3.19,1.09,0.00,0,187192067,181057935,33934130432000,29101235200000,-35334438912,222983581696,249470107648,-26486525952,312704356352,321552269312,-8847912960,359385313280,347107745792,12277567488,264505532416,241448660992,23056871424,-3.00,-2.25,-0.75,1.04,1.96,0,500,353,146,1,0,0,38.22,0.00,0.00,0.00,,0.00,,0.00,EastMoney,2026-07-01T17:53:41+08:00
BK0574,2026-07-01T00:00:00Z,471543,476136,480038,470294,469948,6188,1.32,159979012,452667127115,3.71,1.00,0.00,0,78205832,81773180,12656198912000,10904701696000,-5500636672,68669665792,74091974656,-5422308864,115937390592,116015718400,-78327808,139707117568,138946871296,760246272,120300818432,115582275584,4718542848,-1.22,-1.20,-0.02,0.17,1.04,0,424,282,137,5,0,0,39.25,0.00,0.00,0.00,,0.00,,0.00,EastMoney,2026-07-01T17:53:41+08:00
BK0577,2026-07-01T00:00:00Z,284817,287362,289252,284249,284361,3001,1.06,82576111,114865435821,1.88,1.00,0.00,0,41568949,41007162,4978765824000,4147121408000,-562694400,15851497984,15564019968,287478016,26771425536,27621597952,-850172416,34875750656,35463702784,-587952128,34624485888,33657447424,967038464,-0.49,0.25,-0.74,-0.51,0.84,0,197,142,52,3,0,0,28.66,0.00,0.00,0.00,,0.00,,0.00,EastMoney,2026-07-01T17:53:41+08:00
BK0578,2026-07-01T00:00:00Z,377350,384701,387129,377350,377784,6917,1.83,29048224,65663947176,3.34,0.93,0.00,0,14103282,14944942,1411425328000,1289674720000,-1700976896,9686221824,10404130048,-717908224,15827432448,16810501120,-983068672,20091618816,20208068352,-116449536,18842286848,17037312768,1804974080,-2.59,-1.09,-1.50,-0.18,2.75,0,53,32,19,2,0,0,35.55,0.00,0.00,0.00,,0.00,,0.00,EastMoney,2026-07-01T17:53:41+08:00
BK0579,2026-07-01T00:00:00Z,321764,328261,332075,321764,321328,6933,2.16,47926927,170789022913,2.23,1.17,0.00,0,24209166,23717761,6992324864000,4782030848000,-1350826240,33036507136,34663395840,-1626888704,45380047872,45103985408,276062464,51864300288,51681431552,182868736,37530389248,36338512640,1191876608,-0.79,-0.95,0.16,0.11,0.70,0,141,120,21,0,0,0,27.78,0.00,0.00,0.00,,0.00,,0.00,EastMoney,2026-07-01T17:53:41+08:00
BK0580,2026-07-01T00:00:00Z,573710,572274,581823,568026,574632,-2358,-0.41,91660372,188164243540,8.47,1.04,0.00,0,44738345,46922027,3013966496000,2661346864000,-12366623488,33083921408,43885725696,-10801804288,50758489344,52323308544,-1564819200,57375885312,54431381760,2944503552,43448525056,34031104000,9417421056,-6.57,-5.74,-0.83,1.56,5.00,0,100,49,49,2,0,0,113.04,0.00,0.00,0.00,,0.00,,0.00,EastMoney,2026-07-01T17:53:41+08:00
BK0581,2026-07-01T00:00:00Z,215067,216711,218485,213754,214800,1911,0.89,58227768,140703182277,3.87,1.09,0.00,0,27667569,30560199,3033057136000,2601661984000,-8560149760,18479486208,24052716544,-5573230336,32573303808,35560223232,-2986919424,43946077696,42035455744,1910621952,43374674432,36719700736,6654973696,-6.08,-3.96,-2.12,1.36,4.73,0,198,127,69,2,0,0,49.99,0.00,0.00,0.00,,0.00,,0.00,EastMoney,2026-07-01T17:53:41+08:00
BK0588,2026-07-01T00:00:00Z,426462,431101,434577,424270,425544,5557,1.31,202656345,381929611009,3.24,1.10,0.00,0,100895821,101760524,10645823488000,8826114560000,-7865101056,62644048128,65585130496,-2941082368,94919925760,99843944448,-4924018688,115317989376,114854338560,463650816,101264564224,93676691456,7587872768,-2.06,-0.77,-1.29,0.12,1.99,0,437,304,124,9,0,0,52.36,0.00,0.00,0.00,,0.00,,0.00,EastMoney,2026-07-01T17:53:41+08:00
BK0590,2026-07-01T00:00:00Z,326536,334699,336258,326168,326179,8520,2.61,187097502,346348965579,2.35,1.07,0.00,0,96692004,90405498,13006229760000,11849521152000,-3439851776,52369781760,54092926208,-1723144448,89600237568,91316944896,-1716707328,107760185344,106875269120,884916224,90610823168,87951224832,2659598336,-0.99,-0.50,-0.50,0.26,0.77,0,608,519,83,6,0,0,34.60,0.00,0.00,0.00,,0.00,,0.00,EastMoney,2026-07-01T17:53:41+08:00
BK0592,2026-07-01T00:00:00Z,262638,265602,267344,262442,262474,3128,1.19,33336925,57626515172,1.20,0.97,0.00,0,16950088,16386837,2990951904000,2561496736000,-4615885824,7592405504,10813320960,-3220915456,13017251072,14412221440,-1394970368,17855920640,16921002752,934917888,18184590080,14497427712,3687162368,-8.01,-5.59,-2.42,1.62,6.40,0,127,100,26,1,0,0,16.24,0.00,0.00,0.00,,0.00,,0.00,EastMoney,2026-07-01T17:53:41+08:00
BK0594,2026-07-01T00:00:00Z,270766,276737,278602,270384,270301,6436,2.38,163811824,342131264379,2.26,1.08,0.00,0,84497318,79314506,10270289152000,8931572224000,-4278517248,63240932608,63970618112,-729685504,86358351872,89907183616,-3548831744,99636658176,102440542208,-2803884032,88327266304,81244860416,7082405888,-1.25,-0.21,-1.04,-0.82,2.07,0,410,346,59,5,0,0,22.32,0.00,0.00,0.00,,0.00,,0.00,EastMoney,2026-07-01T17:53:41+08:00
BK0595,2026-07-01T00:00:00Z,269049,272223,273784,268103,268757,3466,1.29,106540439,219843155949,2.04,1.06,0.00,0,54050870,52489569,8851884544000,6384492544000,-6982123776,37030713856,39627362304,-2596648448,52059997440,56445472768,-4385475328,65690618368,64527679232,1162939136,61560514304,55737701632,5822812672,-3.18,-1.18,-1.99,0.53,2.65,0,237,182,50,5,0,0,21.56,0.00,0.00,0.00,,0.00,,0.00,EastMoney,2026-07-01T17:53:41+08:00
BK0596,2026-07-01T00:00:00Z,316290,322146,323905,316004,315918,6228,1.97,1267913671,3326507233824,1.99,1.07,0.00,0,650719844,617193827,124045418496000,98252771328000,-59106709504,573217292288,621735571456,-48518279168,889547624448,900136054784,-10588430336,1036254265344,1008917807104,27336458240,766623092736,734606897152,32016195584,-1.78,-1.46,-0.32,0.82,0.96,0,3790,2904,858,28,0,0,22.42,0.00,0.00,0.00,,0.00,,0.00,EastMoney,2026-07-01T17:53:41+08:00
BK0597,2026-07-01T00:00:00Z,192774,196171,197710,192524,192587,3584,1.86,37078089,38041304104,1.68,0.99,0.00,0,19078660,17999429,2171690352000,1992349936000,43926960,4159880512,4016446352,143434160,8468376576,8567883776,-99507200,11976682752,12364891392,-388208640,12786737920,12438301952,348435968,0.12,0.38,-0.26,-1.02,0.92,0,110,89,19,2,0,0,19.59,0.00,0.00,0.00,,0.00,,0.00,EastMoney,2026-07-01T17:53:41+08:00
BK0600,2026-07-01T00:00:00Z,287416,293768,296325,286481,287593,6175,2.15,50038047,71820988463,3.63,1.14,0.00,0,26358041,23680006,1593014720000,1475035520000,-82436096,10714695168,10264194816,450500352,17509420800,18042357248,-532936448,21937541120,22490854144,-553313024,20414734080,19778984960,635749120,-0.11,0.63,-0.74,-0.77,0.89,0,104,82,21,1,0,0,45.29,0.00,0.00,0.00,,0.00,,0.00,EastMoney,2026-07-01T17:53:41+08:00
BK0601,2026-07-01T00:00:00Z,231311,233089,234724,230857,231032,2057,0.89,33802764,90918206057,2.43,1.06,0.00,0,16707994,17094770,2613450736000,2102609600000,-6957582848,15607871488,19546447872,-3938576384,21062586880,24081593344,-3019006464,28418809856,26862269184,1556540672,24513225984,19113163264,5400062720,-7.65,-4.33,-3.32,1.71,5.94,0,76,59,16,1,0,0,42.87,0.00,0.00,0.00,,0.00,,0.00,EastMoney,2026-07-01T17:53:41+08:00
BK0603,2026-07-01T00:00:00Z,249590,254628,257045,249288,248984,5644,2.27,16381889,10817195138,0.50,0.91,0.00,0,8692633,7689256,2625054720000,2235822736000,198584864,1425948816,1197225440,228723376,2636796848,2666935360,-30138512,3273675056,3351841104,-78166048,3330951808,3451049968,-120098160,1.84,2.11,-0.28,-0.72,-1.11,0,31,25,6,0,0,0,12.97,0.00,0.00,0.00,,0.00,,0.00,EastMoney,2026-07-01T17:53:41+08:00
BK0604,2026-07-01T00:00:00Z,240977,247781,249285,239952,240562,7219,3.00,40555240,37199362791,0.64,1.08,0.00,0,21541732,19013508,5719782656000,4772534784000,415799376,4426283008,4092442032,333840976,8874262528,8792304128,81958400,11612345856,11576654336,35691520,11782742784,12234233600,-451490816,1.12,0.90,0.22,0.10,-1.21,0,75,69,6,0,0,0,9.38,0.00,0.00,0.00,,0.00,,0.00,EastMoney,2026-07-01T17:53:41+08:00
BK0606,2026-07-01T00:00:00Z,202053,205239,207148,201755,201087,4152,2.06,10176882,15422219534,1.45,1.03,0.00,0,5317504,4859378,1904093888000,576522688000,-68558032,1649913456,1724268672,-74355216,3586120016,3580322832,5797184,4915590656,4854159360,61431296,4868528128,4844756224,23771904,-0.44,-0.48,0.04,0.40,0.15,0,51,43,6,2,0,0,12.68,0.00,0.00,0.00,,0.00,,0.00,EastMoney,2026-07-01T17:53:41+08:00
BK0610,2026-07-01T00:00:00Z,238435,241380,242493,237823,238419,2961,1.24,34771202,155458643381,0.49,0.96,0.00,0,17721302,17049900,15981939712000,11111862016000,-9685090560,33804673024,41727771136,-7923098112,41453389312,43215381760,-1761992448,51078773248,44833786368,6244986880,27086071808,23645968128,3440103680,-6.23,-5.10,-1.13,4.02,2.21,0,50,36,14,0,0,0,9.65,0.00,0.00,0.00,,0.00,,0.00,EastMoney,2026-07-01T17:53:41+08:00
BK0611,2026-07-01T00:00:00Z,205776,207625,208970,205218,206298,1327,0.64,63271373,299913091318,0.39,0.98,0.00,0,32639675,30631699,27430014464000,22019170816000,-7381659648,74676436992,83277541376,-8601104384,94408994816,93189550080,1219444736,90251431936,83187539968,7063891968,36507284736,36189517568,317767168,-2.46,-2.87,0.41,2.36,0.11,0,50,31,18,1,0,0,11.23,0.00,0.00,0.00,,0.00,,0.00,EastMoney,2026-07-01T17:53:41+08:00
BK0612,2026-07-01T00:00:00Z,170730,172361,173659,170398,170893,1468,0.86,170946848,568876126101,0.61,0.98,0.00,0,89915968,81030880,48704574208000,36453862144000,-14279499776,125562220544,140084137984,-14521917440,167061495808,166819078144,242417664,174527524864,162906595328,11620929536,94395187200,91736621056,2658566144,-2.51,-2.55,0.04,2.04,0.47,0,180,119,57,4,0,0,11.90,0.00,0.00,0.00,,0.00,,0.00,EastMoney,2026-07-01T17:53:41+08:00
BK0614,2026-07-01T00:00:00Z,694090,721543,723692,692183,692015,29528,4.27,10424488,14644236762,3.40,1.19,0.00,0,5647645,4776843,417142976000,344608656000,503827120,1448813840,1196183376,252630464,3389013744,3137817088,251196656,4803236096,4915919104,-112683008,4718477824,5060008448,-341530624,3.44,1.73,1.72,-0.77,-2.33,0,50,45,5,0,0,0,80.98,0.00,0.00,0.00,,0.00,,0.00,EastMoney,2026-07-01T17:53:41+08:00
BK0615,2026-07-01T00:00:00Z,192617,200846,200977,191159,192828,8018,4.16,32115817,35836988752,2.36,1.21,0.00,0,18276115,13839702,1745467792000,1631886208000,1515197136,4476043520,3199099696,1276943824,8324363008,8086109696,238253312,10868381696,11875124992,-1006743296,11598565888,12084230912,-485665024,4.23,3.56,0.66,-2.81,-1.36,0,144,141,3,0,0,0,30.82,0.00,0.00,0.00,,0.00,,0.00,EastMoney,2026-07-01T17:53:41+08:00
BK0617,2026-07-01T00:00:00Z,298741,302157,303968,298243,298267,3890,1.30,31094599,72584651649,4.12,0.97,0.00,0,14874260,16220339,1317210080000,1191374336000,-4228870144,10388320768,13377982208,-2989661440,17522077440,18761286144,-1239208704,22266599936,21061010688,1205589248,21198763776,18180041984,3018721792,-5.83,-4.12,-1.71,1.66,4.16,0,69,49,20,0,0,0,395.59,0.00,0.00,0.00,,0.00,,0.00,EastMoney,2026-07-01T17:53:41+08:00
BK0619,2026-07-01T00:00:00Z,956330,960093,967178,952452,955685,4408,0.46,27813787,123697643904,5.90,1.19,0.00,0,13410703,14403083,1726031856000,1618093600000,-9687022080,20315703040,27453265152,-7137562112,30061320704,32610780672,-2549459968,38667102720,36142151936,2524950784,32504472064,25346361088,7158110976,-7.83,-5.77,-2.06,2.04,5.79,0,75,46,29,0,0,0,121.32,0.00,0.00,0.00,,0.00,,0.00,EastMoney,2026-07-01T17:53:41+08:00
BK0622,2026-07-01T00:00:00Z,731617,736244,741027,727160,726146,10098,1.39,4318239,9693002556,6.18,1.07,0.00,0,2180567,2137672,165905895000,162730417000,325195680,1267165152,1048003616,219161536,2345984512,2239950368,106034144,3096346240,3179079392,-82733152,2850816512,3093279056,-242462544,3.35,2.26,1.09,-0.85,-2.50,0,9,5,4,0,0,0,68.54,0.00,0.00,0.00,,0.00,,0.00,EastMoney,2026-07-01T17:53:41+08:00
BK0623,2026-07-01T00:00:00Z,327435,332516,335380,326993,327912,4604,1.40,45061222,83479845977,2.37,1.10,0.00,0,22755614,22305609,2408655504000,2113835984000,-4278283008,11892662016,14815165440,-2922503424,19771299840,21127079424,-1355779584,25719467520,25046705408,672762112,24916165120,21311495424,3604669696,-5.12,-3.50,-1.62,0.81,4.32,0,112,91,21,0,0,0,26.04,0.00,0.00,0.00,,0.00,,0.00,EastMoney,2026-07-01T17:53:41+08:00
BK0625,2026-07-01T00:00:00Z,536880,546707,550719,535957,537974,8733,1.62,15824822,17480218052,1.79,0.91,0.00,0,8344472,7480350,925751440000,786782416000,-505215792,1627074880,1932913328,-305838448,4029600352,4228977696,-199377344,5601917696,5509690880,92226816,5984020224,5569738752,414281472,-2.89,-1.75,-1.14,0.53,2.37,0,36,28,8,0,0,0,-55.93,0.00,0.00,0.00,,0.00,,0.00,EastMoney,2026-07-01T17:53:41+08:00
BK0628,2026-07-01T00:00:00Z,535369,545526,550522,535369,534871,10655,1.99,96876638,145222506569,5.22,1.12,0.00,0,49183217,47693421,2859364208000,2617334112000,-6129658624,25608937472,31287632384,-5678694912,34976908288,35427872000,-450963712,42267767040,40669894144,1597872896,39199560704,34609455360,4590105344,-4.22,-3.91,-0.31,1.10,3.16,0,218,172,45,1,0,0,120.17,0.00,0.00,0.00,,0.00,,0.00,EastMoney,2026-07-01T17:53:41+08:00
BK0629,2026-07-01T00:00:00Z,679077,692019,696368,679077,676272,15747,2.33,25560643,46988856278,2.54,1.05,0.00,0,13061578,12499065,1403402096000,1175295360000,1056619776,5604349184,5145732352,458616832,11607642880,11009639936,598002944,14654741504,15350167040,-695425536,14100482304,14459732480,-359250176,2.25,0.98,1.27,-1.48,-0.76,0,75,61,13,1,0,0,142.31,0.00,0.00,0.00,,0.00,,0.00,EastMoney,2026-07-01T17:53:41+08:00
BK0632,2026-07-01T00:00:00Z,149281,154317,155579,149281,149283,5034,3.37,21827560,9184212796,2.90,1.30,0.00,0,11619305,10208255,371415904000,328688608000,-3716880,1175123424,1042812176,132311248,2017200192,2153228320,-136028128,2664570288,2820059088,-155488800,3186325616,3027119904,159205712,-0.04,1.44,-1.48,-1.69,1.73,0,44,42,1,1,0,0,-68.97,0.00,0.00,0.00,,0.00,,0.00,EastMoney,2026-07-01T17:53:41+08:00
BK0634,2026-07-01T00:00:00Z,500032,510664,516376,500032,499100,11564,2.32,115769074,270870067037,3.41,1.13,0.00,0,58271357,57497717,6553694464000,6165567488000,-7370881280,45422090240,49114932736,-3692842496,66546320640,70224359424,-3678038784,80083144704,81543995392,-1460850688,74694348800,65779652864,8914695936,-2.72,-1.36,-1.36,-0.54,3.29,0,296,244,49,3,0,0,58.67,0.00,0.00,0.00,,0.00,,0.00,EastMoney,2026-07-01T17:53:41+08:00
BK0636,2026-07-01T00:00:00Z,85772,86766,86773,85674,85902,864,1.01,680759,171914034,0.26,1.01,0.00,0,360876,319883,708418640000,106688922000,-12482198,3895135,2602571,1292564,30185212,43959974,-13774762,71955522,69541519,2414003,62097345,52029150,10068195,-7.26,0.75,-8.01,1.40,5.86,0,79,58,15,6,0,0,29.56,0.00,0.00,0.00,,0.00,,0.00,EastMoney,2026-07-01T17:53:41+08:00
BK0637,2026-07-01T00:00:00Z,478439,494204,497731,477538,478351,15853,3.31,144390481,199086788539,0.87,1.09,0.00,0,77898196,66492285,19898610944000,14066537472000,12576932864,39773993728,30652346624,9121647104,54401392896,50946107136,3455285760,56909943040,61474089472,-4564146432,45610737408,53591302144,-7980564736,6.32,4.58,1.74,-2.29,-4.01,0,194,175,18,1,0,0,8.10,0.00,0.00,0.00,,0.00,,0.00,EastMoney,2026-07-01T17:53:41+08:00
BK0638,2026-07-01T00:00:00Z,273702,275997,279150,272905,273668,2329,0.85,55769709,468877142340,4.60,1.17,0.00,0,28845691,26924018,12276016384000,10451175168000,-14163316736,103909584896,114393022464,-10483437568,134619340800,138299219968,-3679879168,142287695872,135460495360,6827200512,82085658624,74749542400,7336116224,-3.02,-2.24,-0.78,1.46,1.56,0,100,62,38,0,0,0,53.92,0.00,0.00,0.00,,0.00,,0.00,EastMoney,2026-07-01T17:53:41+08:00
BK0641,2026-07-01T00:00:00Z,478907,479042,488104,475472,478015,1027,0.21,100599983,333502265384,7.09,1.01,0.00,0,49618918,50981065,5324670208000,4927468800000,-17639571456,71261302784,87326171136,-16064868352,88996700160,90571403264,-1574703104,103128367104,92997779456,10130587648,64368584448,56849921280,7518663168,-5.29,-4.82,-0.47,3.04,2.25,0,129,65,63,1,0,0,68.99,0.00,0.00,0.00,,0.00,,0.00,EastMoney,2026-07-01T17:53:41+08:00
BK0643,2026-07-01T00:00:00Z,316401,323092,326242,316356,316508,6584,2.08,6392575,19575232240,0.91,1.06,0.00,0,3220620,3171955,965968000000,796159824000,-1382093600,3527946208,4618956800,-1091010592,5343365888,5634448896,-291083008,7336812288,5964351744,1372460544,3114387008,3104753696,9633312,-7.06,-5.57,-1.49,7.01,0.05,0,35,28,7,0,0,0,26.02,0.00,0.00,0.00,,0.00,,0.00,EastMoney,2026-07-01T17:53:41+08:00
BK0644,2026-07-01T00:00:00Z,730069,732965,738688,728654,727790,5175,0.71,71856891,257642292447,3.60,0.99,0.00,0,34723931,37132960,7476273152000,6678111744000,-9196295168,40027046400,47432369152,-7405322752,66716696576,68507668992,-1790972416,78278955008,74894045184,3384909824,68486086656,62680138752,5805947904,-3.57,-2.87,-0.70,1.31,2.25,0,215,139,75,1,0,0,35.02,0.00,0.00,0.00,,0.00,,0.00,EastMoney,2026-07-01T17:53:41+08:00
BK0653,2026-07-01T00:00:00Z,241553,249435,251102,240849,241496,7939,3.29,39946348,48365143150,2.22,1.14,0.00,0,22017121,17929227,2596865264000,1948025280000,2492571392,7672316928,5459328768,2212988160,11836787968,11557204736,279583232,14031944960,15739094272,-1707149312,14161690880,14947112448,-785421568,5.15,4.58,0.58,-3.53,-1.62,0,128,121,7,0,0,0,17.44,0.00,0.00,0.00,,0.00,,0.00,EastMoney,2026-07-01T17:53:41+08:00
BK0655,2026-07-01T00:00:00Z,432842,439525,444994,432842,431282,8243,1.91,44384121,126139801124,2.40,1.11,0.00,0,22040824,22343297,4658654976000,2621618720000,-7691244032,19904144128,24395950848,-4491806720,29115661056,32315098368,-3199437312,37638369536,37170079488,468290048,37370136320,30147296512,7222839808,-6.10,-3.56,-2.54,0.37,5.73,0,132,109,21,2,0,0,25.34,0.00,0.00,0.00,,0.00,,0.00,EastMoney,2026-07-01T17:53:41+08:00
BK0656,2026-07-01T00:00:00Z,131465,132807,134579,130330,130768,2039,1.56,5630592,7331053960,1.98,1.03,0.00,0,2679453,2951139,308501328000,288205264000,-159896192,927747680,872752416,54995264,1650925408,1865816864,-214891456,2274391024,2212414512,61976512,2356859200,2258939536,97919664,-2.18,0.75,-2.93,0.85,1.34,0,13,10,3,0,0,0,29.72,0.00,0.00,0.00,,0.00,,0.00,EastMoney,2026-07-01T17:53:41+08:00
BK0662,2026-07-01T00:00:00Z,183978,188308,190319,183433,184071,4237,2.30,41465090,50096957985,3.84,1.22,0.00,0,21403492,20061597,1322513728000,1183466544000,1833633536,6562983936,5277949696,1285034240,12352469760,11803870464,548599296,16188288000,16875255040,-686967040,14193780992,15309451520,-1115670528,3.66,2.57,1.10,-1.37,-2.23,0,112,97,15,0,0,0,83.78,0.00,0.00,0.00,,0.00,,0.00,EastMoney,2026-07-01T17:53:41+08:00
BK0664,2026-07-01T00:00:00Z,149889,155069,155613,149356,149946,5123,3.42,24676272,26122823704,2.28,1.07,0.00,0,13392996,11283276,1137930096000,1042380352000,544403904,1898364256,1563331488,335032768,5548369408,5338998272,209371136,8291336448,8902949888,-611613440,10046697728,9978465280,68232448,2.08,1.28,0.80,-2.34,0.26,0,154,144,9,1,0,0,20.62,0.00,0.00,0.00,,0.00,,0.00,EastMoney,2026-07-01T17:53:41+08:00
BK0665,2026-07-01T00:00:00Z,204531,210180,211303,204297,204344,5836,2.86,91906965,103123716992,2.53,1.12,0.00,0,49320855,42586110,5468103680000,4879984384000,800699392,11866138112,11298896128,567241984,24626696704,24393239296,233457408,32477712128,33749145600,-1271433472,32762523136,32278483456,484039680,0.78,0.55,0.23,-1.23,0.47,0,345,303,36,6,0,0,35.12,0.00,0.00,0.00,,0.00,,0.00,EastMoney,2026-07-01T17:53:41+08:00
BK0666,2026-07-01T00:00:00Z,655329,649876,664386,644899,652555,-2679,-0.41,106292566,290562756668,6.78,1.01,0.00,0,52031823,54260743,6623907840000,6161602816000,-18547635200,52585860096,67192680448,-14606820352,73151549440,77092364288,-3940814848,87168008192,81453379584,5714628608,72502419456,59682920192,12819499264,-6.38,-5.03,-1.36,1.97,4.41,0,127,56,70,1,0,0,65.01,0.00,0.00,0.00,,0.00,,0.00,EastMoney,2026-07-01T17:53:41+08:00
BK0667,2026-07-01T00:00:00Z,321759,325643,328733,321581,321299,4344,1.35,26952538,61333867579,3.09,1.08,0.00,0,13345704,13606834,1782451808000,1642568928000,-591078144,8669044736,8999159296,-330114560,14731805184,14992768768,-260963584,18610794496,19032352256,-421557760,18124314368,17097102848,1027211520,-0.96,-0.54,-0.43,-0.69,1.67,0,115,82,32,1,0,0,63.15,0.00,0.00,0.00,,0.00,,0.00,EastMoney,2026-07-01T17:53:41+08:00
BK0668,2026-07-01T00:00:00Z,406282,419400,420210,405529,406545,12855,3.16,69250208,170102422218,3.13,1.13,0.00,0,36388210,32861998,5176603392000,4494617088000,-1824448256,22720595968,23612827648,-892231680,41627387392,42559603968,-932216576,53632828928,54196523520,-563694592,48883463168,46437010688,2446452480,-1.07,-0.52,-0.55,-0.33,1.44,0,337,288,47,2,0,0,37.73,0.00,0.00,0.00,,0.00,,0.00,EastMoney,2026-07-01T17:53:41+08:00
BK0669,2026-07-01T00:00:00Z,130781,134681,135534,130405,130116,4565,3.51,10153257,6318734701,2.61,1.17,0.00,0,5749779,4403478,256298298000,223060772000,59313872,363695424,388538912,-24843488,1418143088,1333985728,84157360,2010643184,2098088432,-87445248,2429354480,2401223104,28131376,0.94,-0.39,1.33,-1.38,0.45,0,39,38,0,1,0,0,25.75,0.00,0.00,0.00,,0.00,,0.00,EastMoney,2026-07-01T17:53:41+08:00
BK0671,2026-07-01T00:00:00Z,236646,242086,244345,235620,236020,6066,2.57,4966142,3577867857,2.16,1.10,0.00,0,2608351,2357791,143631562000,140878409000,95878131,216252127,188068028,28184099,801757216,734063184,67694032,1161819712,1209694432,-47874720,1343771600,1391775024,-48003424,2.68,0.79,1.89,-1.34,-1.34,0,19,18,1,0,0,0,97.67,0.00,0.00,0.00,,0.00,,0.00,EastMoney,2026-07-01T17:53:41+08:00
BK0672,2026-07-01T00:00:00Z,221484,227480,229335,221062,221582,5898,2.66,8779329,8723929869,0.96,1.15,0.00,0,4552154,4227175,766235152000,689121760000,414106944,1128521344,795807616,332713728,1963614320,1882221104,81393216,2612309424,2873365200,-261055776,2912813536,3065864720,-153051184,4.75,3.81,0.93,-2.99,-1.75,0,39,35,4,0,0,0,17.40,0.00,0.00,0.00,,0.00,,0.00,EastMoney,2026-07-01T17:53:41+08:00
BK0674,2026-07-01T00:00:00Z,573524,567790,584664,562600,572390,-4600,-0.80,23978640,80201400335,8.06,0.94,0.00,0,11336063,12642577,1126772368000,1069639968000,-5129323008,14061937152,17668730112,-3606792960,20977765376,22500295424,-1522530048,24035416064,22562818048,1472598016,19604307456,15944258048,3660049408,-6.40,-4.50,-1.90,1.84,4.56,0,19,6,13,0,0,0,2437.18,0.00,0.00,0.00,,0.00,,0.00,EastMoney,2026-07-01T17:53:41+08:00
BK0675,2026-07-01T00:00:00Z,238163,248936,249076,235760,238630,10306,4.32,24440509,35294572224,2.74,1.27,0.00,0,13539241,10901268,1177518752000,1046184576000,772191232,2974523280,2472572816,501950464,8488791296,8218550528,270240768,11701359104,12159737600,-458378496,11579234048,11890383360,-311149312,2.19,1.42,0.77,-1.30,-0.88,0,109,106,3,0,0,0,117.02,0.00,0.00,0.00,,0.00,,0.00,EastMoney,2026-07-01T17:53:41+08:00
BK0676,2026-07-01T00:00:00Z,215812,225125,225229,213717,215953,9172,4.25,8345439,9875621309,2.01,1.19,0.00,0,4741736,3603703,635448544000,564728384000,153169744,651401840,541951648,109450192,2200325360,2156605808,43719552,3197068400,3469272448,-272204048,3708763616,3589729312,119034304,1.55,1.11,0.44,-2.76,1.21,0,43,43,0,0,0,0,48.46,0.00,0.00,0.00,,0.00,,0.00,EastMoney,2026-07-01T17:53:41+08:00
BK0677,2026-07-01T00:00:00Z,293841,300347,302227,293354,293445,6902,2.35,19717706,19326814371,1.92,1.04,0.00,0,10256552,9461153,1016995792000,854968160000,48107280,2132267392,2103609968,28657424,4608282112,4588832256,19449856,6234732544,6251787520,-17054976,6001403648,6041733888,-40330240,0.25,0.15,0.10,-0.09,-0.21,0,76,65,10,1,0,0,29.84,0.00,0.00,0.00,,0.00,,0.00,EastMoney,2026-07-01T17:53:41+08:00
BK0679,2026-07-01T00:00:00Z,767873,757343,769035,751530,767216,-9873,-1.29,14115434,46631299840,2.71,1.06,0.00,0,6613262,7502172,722128704000,673162304000,-5870114048,7115478272,10666039808,-3550561536,10108351232,12427903744,-2319552512,14242571008,13359812096,882758912,14572130560,9584659456,4987471104,-12.59,-7.61,-4.97,1.89,10.70,0,19,9,10,0,0,0,42.92,0.00,0.00,0.00,,0.00,,0.00,EastMoney,2026-07-01T17:53:41+08:00
BK0680,2026-07-01T00:00:00Z,306581,309421,311377,306087,305969,3452,1.13,39860999,124966418771,2.72,1.03,0.00,0,19164243,20696757,4295364608000,3828626800000,-4468301312,18996875008,22278775808,-3281900800,32195207936,33381608448,-1186400512,38386536704,37869730560,516806144,33776580608,29817344768,3959235840,-3.58,-2.63,-0.95,0.41,3.17,0,163,106,57,0,0,0,78.61,0.00,0.00,0.00,,0.00,,0.00,EastMoney,2026-07-01T17:53:41+08:00
BK0682,2026-07-01T00:00:00Z,442067,447688,450944,441754,439979,7709,1.75,45427473,123628710413,2.59,1.05,0.00,0,22995915,22431558,3529753024000,2974565456000,-467475712,19949147648,20620767488,-671619840,31328094464,31123950336,204144128,37414159104,36927324416,486834688,32864460800,32886839552,-22378752,-0.38,-0.54,0.17,0.39,-0.02,0,143,106,34,3,0,0,50.59,0.00,0.00,0.00,,0.00,,0.00,EastMoney,2026-07-01T17:53:41+08:00
BK0683,2026-07-01T00:00:00Z,460877,470846,473825,460712,460816,10030,2.18,581229793,884940980898,1.47,1.03,0.00,0,300115940,281113853,51166164224000,38867030016000,-12380459008,136740773888,144400699392,-7659925504,219605168128,224325701632,-4720533504,273381666816,272674668544,706998272,239593705472,227907407872,11686297600,-1.40,-0.87,-0.53,0.08,1.32,0,1436,1206,211,19,0,0,16.71,0.00,0.00,0.00,,0.00,,0.00,EastMoney,2026-07-01T17:53:41+08:00
BK0684,2026-07-01T00:00:00Z,161613,165538,166873,161317,161631,3907,2.42,32063298,21143502405,2.72,1.23,0.00,0,16858671,15204627,726586752000,621147424000,134547936,2626646400,2466144416,160501984,5151008256,5176962304,-25954048,6505624832,6403976704,101648128,6489309184,6718110720,-228801536,0.64,0.76,-0.12,0.48,-1.08,0,60,52,7,1,0,0,-22.72,0.00,0.00,0.00,,0.00,,0.00,EastMoney,2026-07-01T17:53:41+08:00
BK0685,2026-07-01T00:00:00Z,277581,280954,285058,277054,278575,2379,0.85,534969,1159696133,1.36,1.52,0.00,0,269819,265150,54656157000,47127123000,-55259657,42944499,79414976,-36470477,247135208,265924388,-18789180,382416416,411139360,-28722944,474861136,390878544,83982592,-4.77,-3.14,-1.62,-2.48,7.24,0,8,6,2,0,0,0,25.38,0.00,0.00,0.00,,0.00,,0.00,EastMoney,2026-07-01T17:53:41+08:00
BK0689,2026-07-01T00:00:00Z,249008,253305,255715,248116,248595,4710,1.89,62554342,182248298419,2.41,1.15,0.00,0,31762496,30791846,5590960128000,5186965504000,-5126648320,35392290560,40472360192,-5080069632,55773170432,55819749120,-46578688,53375325184,49968945408,3406379776,34913307392,33164241664,1749065728,-2.81,-2.79,-0.03,1.87,0.96,0,171,133,38,0,0,0,49.78,0.00,0.00,0.00,,0.00,,0.00,EastMoney,2026-07-01T17:53:41+08:00
BK0690,2026-07-01T00:00:00Z,711091,741941,748875,710678,704765,37176,5.27,27408402,99399253344,4.47,1.11,0.00,0,14232532,13175871,1606586368000,1258776208000,1630782464,24086571520,21728216064,2358355456,26953181184,27680754176,-727572992,27978422784,29382880768,-1404457984,18115276544,18341601024,-226324480,1.64,2.37,-0.73,-1.41,-0.23,0,37,32,4,1,0,0,59.54,0.00,0.00,0.00,,0.00,,0.00,EastMoney,2026-07-01T17:53:41+08:00
BK0692,2026-07-01T00:00:00Z,137919,142073,143049,137831,137876,4197,3.04,23113410,11548605875,3.36,1.33,0.00,0,12374478,10738932,362142384000,319094336000,409029936,1772531872,1294106224,478425648,2668075760,2737471472,-69395712,3232040880,3574500144,-342459264,3691797616,3758368288,-66570672,3.54,4.14,-0.60,-2.97,-0.58,0,53,48,4,1,0,0,-9.69,0.00,0.00,0.00,,0.00,,0.00,EastMoney,2026-07-01T17:53:41+08:00
BK0693,2026-07-01T00:00:00Z,166382,173734,174113,165210,166562,7172,4.31,10176999,13507744519,3.64,1.14,0.00,0,5473212,4703787,414509312000,323486672000,206570192,1328542576,1180469648,148072928,3337390512,3278893248,58497264,4358967296,4604917760,-245950464,4312700416,4272574944,40125472,1.53,1.10,0.43,-1.82,0.30,0,41,39,2,0,0,0,-2341.76,0.00,0.00,0.00,,0.00,,0.00,EastMoney,2026-07-01T17:53:41+08:00
BK0695,2026-07-01T00:00:00Z,465884,471314,475056,465088,465346,5968,1.28,79834069,181227534567,2.91,0.93,0.00,0,39337418,40496651,5321609472000,4399982336000,-2363413760,28059846912,29125135104,-1065288192,44973321728,46271447296,-1298125568,55000105984,54780931840,219174144,50222586624,48075677696,2146908928,-1.30,-0.59,-0.72,0.12,1.18,0,113,72,40,1,0,0,22.51,0.00,0.00,0.00,,0.00,,0.00,EastMoney,2026-07-01T17:53:41+08:00
BK0696,2026-07-01T00:00:00Z,316786,325481,328795,316786,316551,8930,2.82,55450860,120037713898,3.70,1.14,0.00,0,29047863,26402997,2980648160000,2637401728000,6005325568,19804967680,15678340352,4126627328,31897030144,30018331904,1878698240,36974964992,39675382528,-2700417536,29385572608,32596133632,-3210561024,5.00,3.44,1.57,-2.25,-2.67,0,234,202,28,4,0,0,169.07,0.00,0.00,0.00,,0.00,,0.00,EastMoney,2026-07-01T17:53:41+08:00
BK0697,2026-07-01T00:00:00Z,295997,302952,304363,295341,296181,6771,2.29,20789845,41995661008,1.59,1.12,0.00,0,11318651,9471194,2236222064000,1824544064000,-718434048,7500627200,8069540096,-568912896,11089251840,11238772992,-149521152,12324267264,12242650112,81617152,10586125312,9949308416,636816896,-1.71,-1.35,-0.36,0.19,1.52,0,55,51,4,0,0,0,11.38,0.00,0.00,0.00,,0.00,,0.00,EastMoney,2026-07-01T17:53:41+08:00
BK0698,2026-07-01T00:00:00Z,134648,140365,140745,132680,134597,5768,4.29,9110256,12265178028,2.39,1.24,0.00,0,5011069,4099187,496764128000,433009392000,148633872,942502512,959080432,-16577920,2916368368,2751156576,165211792,4078821056,4232732816,-153911760,4180300480,4175022592,5277888,1.21,-0.14,1.35,-1.25,0.04,0,45,42,3,0,0,0,42.69,0.00,0.00,0.00,,0.00,,0.00,EastMoney,2026-07-01T17:53:41+08:00
BK0699,2026-07-01T00:00:00Z,325906,323829,328556,322414,325524,-1695,-0.52,4247118,21048034617,4.09,1.00,0.00,0,1915196,2331922,300665200000,288727840000,-2250485472,3401018912,5196870144,-1795851232,5208119040,5662753280,-454634240,6589729024,5687380736,902348288,5519685120,4171547856,1348137264,-10.69,-8.53,-2.16,4.29,6.41,0,11,6,5,0,0,0,554.55,0.00,0.00,0.00,,0.00,,0.00,EastMoney,2026-07-01T17:53:41+08:00
BK0700,2026-07-01T00:00:00Z,323575,324309,327013,322331,322870,1439,0.45,73214025,231304644785,3.25,1.00,0.00,0,35021076,38192949,5518099712000,4628914176000,-12460620544,34914571008,42271966720,-7357395712,56237669888,61340894720,-5103224832,71308795904,67988651520,3320144384,65475762176,56287926016,9187836160,-5.39,-3.18,-2.21,1.44,3.97,0,260,163,93,4,0,0,42.81,0.00,0.00,0.00,,0.00,,0.00,EastMoney,2026-07-01T17:53:41+08:00
BK0701,2026-07-01T00:00:00Z,263735,267127,268677,263445,263422,3705,1.41,263104578,757642507584,2.39,1.06,0.00,0,135034583,128069995,21209261568000,17810691072000,-19994402816,125476294656,141689032704,-16212738048,204375429120,208157093888,-3781664768,242190827520,233855905792,8334921728,174586437632,162926956544,11659481088,-2.64,-2.14,-0.50,1.10,1.54,0,500,354,143,3,0,0,42.12,0.00,0.00,0.00,,0.00,,0.00,EastMoney,2026-07-01T17:53:41+08:00
BK0703,2026-07-01T00:00:00Z,657283,662856,664206,653610,651101,11755,1.81,20549885,95849267745,5.15,1.08,0.00,0,9815945,10733940,1340385248000,1254949840000,-5116933888,17236203776,20733817344,-3497613568,23350426112,24969746432,-1619320320,27770088448,27022711040,747377408,25563997952,21194441472,4369556480,-5.34,-3.65,-1.69,0.78,4.56,0,38,28,10,0,0,0,84.10,0.00,0.00,0.00,,0.00,,0.00,EastMoney,2026-07-01T17:53:41+08:00
BK0704,2026-07-01T00:00:00Z,275913,278276,280445,275913,275283,2993,1.09,60326279,167365074698,4.00,1.04,0.00,0,29500300,30825979,4047688880000,3585637248000,-2867301376,22501902336,25560445440,-3058543104,41266486016,41075244288,191241728,52082731776,51914799872,167931904,48684806400,46007592704,2677213696,-1.71,-1.83,0.11,0.10,1.60,0,220,153,66,1,0,0,70.82,0.00,0.00,0.00,,0.00,,0.00,EastMoney,2026-07-01T17:53:41+08:00
BK0705,2026-07-01T00:00:00Z,295284,299418,300823,294831,295005,4413,1.50,158932874,408748853204,2.09,1.08,0.00,0,81784356,77148518,13681267456000,11687531776000,-5136191744,67667701504,71151288320,-3483586816,113956651008,115609255936,-1652604928,133032443904,129378406400,3654037504,88736796672,87254642688,1482153984,-1.26,-0.85,-0.40,0.89,0.36,0,380,276,102,2,0,0,33.63,0.00,0.00,0.00,,0.00,,0.00,EastMoney,2026-07-01T17:53:41+08:00
BK0706,2026-07-01T00:00:00Z,530134,550212,552614,528227,530215,19997,3.77,14782304,31672479975,3.92,1.23,0.00,0,7600027,7182277,873944064000,772798064000,907157696,4401359872,3666950976,734408896,8200881408,8028132608,172748800,10046470400,10271561984,-225091584,8561997568,9244063744,-682066176,2.86,2.32,0.55,-0.71,-2.15,0,50,44,6,0,0,0,74.17,0.00,0.00,0.00,,0.00,,0.00,EastMoney,2026-07-01T17:53:41+08:00
BK0707,2026-07-01T00:00:00Z,257383,261738,263184,257055,257197,4541,1.77,601013119,1573696527872,1.32,1.04,0.00,0,310900959,290112160,76530077696000,61215086336000,-25670279168,282399514624,304093655040,-21694140416,434052431872,438028570624,-3976138752,499296309248,484275523584,15020785664,335948103680,325298610176,10649493504,-1.63,-1.38,-0.25,0.95,0.68,0,1636,1219,405,12,0,0,16.80,0.00,0.00,0.00,,0.00,,0.00,EastMoney,2026-07-01T17:53:41+08:00
BK0708,2026-07-01T00:00:00Z,130074,132579,133569,129635,130009,2570,1.98,15161505,17023338332,2.07,1.08,0.00,0,7929461,7232044,782937504000,627895872000,-145501424,1489853728,1635259536,-145405808,3692364320,3692459936,-95616,5327355648,5310278912,17076736,6200699648,6068477696,132221952,-0.85,-0.85,0.00,0.10,0.78,0,73,58,14,1,0,0,29.94,0.00,0.00,0.00,,0.00,,0.00,EastMoney,2026-07-01T17:53:41+08:00
BK0710,2026-07-01T00:00:00Z,362025,360853,365164,359103,361683,-830,-0.23,26683051,121320329957,1.65,1.07,0.00,0,12856333,13826718,2718812928000,2535244880000,-11883451904,21027970048,28596030208,-7568060160,28400568832,32715960576,-4315391744,36385778688,33638992128,2746786560,33025199872,23833640448,9191559424,-9.80,-6.24,-3.56,2.26,7.58,0,57,31,26,0,0,0,40.54,0.00,0.00,0.00,,0.00,,0.00,EastMoney,2026-07-01T17:53:41+08:00
BK0711,2026-07-01T00:00:00Z,107822,113288,114275,107610,107964,5324,4.93,71671547,108288031713,2.51,1.28,0.00,0,40852914,30818633,4202559248000,3539855648000,10634386432,27601279488,19739071232,7862208256,31624980992,28852802816,2772178176,28832738304,32443277824,-3610539520,19270970112,26294817024,-7023846912,9.82,7.26,2.56,-3.33,-6.49,0,55,55,0,0,0,0,17.08,0.00,0.00,0.00,,0.00,,0.00,EastMoney,2026-07-01T17:53:41+08:00
BK0712,2026-07-01T00:00:00Z,149522,152407,153404,149400,149471,2936,1.96,190246590,286842849950,1.19,1.03,0.00,0,98119378,92127212,15831859456000,13503020800000,-9481533440,43157670656,49334814464,-6177143808,68424950784,71729340416,-3304389632,86079000576,85181968384,897032192,84544749568,75965534208,8579215360,-3.31,-2.15,-1.15,0.31,2.99,0,514,413,93,8,0,0,14.80,0.00,0.00,0.00,,0.00,,0.00,EastMoney,2026-07-01T17:53:41+08:00
BK0714,2026-07-01T00:00:00Z,236900,236075,239784,234404,236026,49,0.02,147029970,698446132711,3.93,0.99,0.00,0,69892820,77137150,17235962112000,14092525824000,-46353727488,125162455040,155312291840,-30149836800,176204800000,192408690688,-16203890688,219187322880,204071448576,15115874304,167155871744,135925424128,31230447616,-6.64,-4.32,-2.32,2.16,4.47,0,325,170,153,2,0,0,51.31,0.00,0.00,0.00,,0.00,,0.00,EastMoney,2026-07-01T17:53:41+08:00
BK0715,2026-07-01T00:00:00Z,102663,104239,105088,102649,102480,1759,1.72,12916146,37435618930,2.02,1.03,0.00,0,6453406,6462739,1158142320000,1118136720000,1011198976,8313736448,7107690496,1206045952,9315175680,9510022656,-194846976,10358326528,11023394048,-665067520,8809372928,9155504640,-346131712,2.70,3.22,-0.52,-1.78,-0.92,0,32,24,8,0,0,0,47.87,0.00,0.00,0.00,,0.00,,0.00,EastMoney,2026-07-01T17:53:41+08:00
BK0718,2026-07-01T00:00:00Z,130378,133152,133844,130167,130392,2760,2.12,143284212,278804769950,0.67,1.05,0.00,0,75775473,67508739,31333568512000,23843797248000,6045086208,56508409600,51117544704,5390864896,74781446144,74127224832,654221312,80357752832,83412627456,-3054874624,64152904448,67143115776,-2990211328,2.17,1.93,0.23,-1.10,-1.07,0,186,154,31,1,0,0,10.35,0.00,0.00,0.00,,0.00,,0.00,EastMoney,2026-07-01T17:53:41+08:00
BK0721,2026-07-01T00:00:00Z,72118,73890,74433,72092,72079,1811,2.51,53200234,36874264635,1.62,1.04,0.00,0,28490071,24710164,2100625808000,1881010192000,707006112,4578699776,4098395488,480304288,8947017728,8720315904,226701824,11360613888,11769362176,-408748288,11418348288,11716605952,-298257664,1.92,1.30,0.61,-1.11,-0.81,0,146,130,14,2,0,0,31.57,0.00,0.00,0.00,,0.00,,0.00,EastMoney,2026-07-01T17:53:41+08:00
BK0722,2026-07-01T00:00:00Z,131938,133264,134518,131642,131909,1355,1.03,148439364,224512812120,5.98,1.10,0.00,0,74326940,74112424,4680652288000,4337617152000,-7291274496,37778317824,44535237888,-6756920064,56405947136,56940301568,-534354432,69302312960,65402910720,3899402240,56499619072,53045998336,3453620736,-3.25,-3.01,-0.24,1.74,1.54,0,218,141,74,3,0,0,67.73,0.00,0.00,0.00,,0.00,,0.00,EastMoney,2026-07-01T17:53:41+08:00
BK0724,2026-07-01T00:00:00Z,90632,93290,94012,90566,90546,2744,3.03,11608753,5652372090,2.37,1.07,0.00,0,6224320,5384432,246339599000,228473951000,3276144,458861104,427849184,31011920,1238842880,1266578656,-27735776,1810389360,1804378448,6010912,2067314368,2076601424,-9287056,0.06,0.55,-0.49,0.11,-0.16,0,36,35,1,0,0,0,189.34,0.00,0.00,0.00,,0.00,,0.00,EastMoney,2026-07-01T17:53:41+08:00
BK0725,2026-07-01T00:00:00Z,86550,88048,88530,86335,85724,2324,2.71,4787747,3026414246,2.84,0.82,0.00,0,2535819,2251928,111403841000,97520978000,-49023048,214766639,201059015,13707624,620504592,683235264,-62730672,945596368,962097216,-16500848,1193107664,1127583760,65523904,-1.62,0.45,-2.07,-0.55,2.17,0,22,16,5,1,0,0,-84.41,0.00,0.00,0.00,,0.00,,0.00,EastMoney,2026-07-01T17:53:41+08:00
BK0726,2026-07-01T00:00:00Z,76217,78043,78459,76035,76199,1844,2.42,6902025,17367846457,4.63,1.17,0.00,0,3408075,3493951,243685758000,216180661000,665145712,3810503760,2857085776,953417984,3861300480,4149572752,-288272272,4535302912,5068111616,-532808704,4878533632,4996503296,-117969664,3.83,5.49,-1.66,-3.07,-0.68,0,47,42,5,0,0,0,57.99,0.00,0.00,0.00,,0.00,,0.00,EastMoney,2026-07-01T17:53:41+08:00
BK0727,2026-07-01T00:00:00Z,119355,124896,125211,117120,119887,5009,4.18,13923138,39695091911,3.58,1.23,0.00,0,7498222,6424916,1026944368000,837939664000,-151139328,5694246912,5745128192,-50881280,10028352000,10128610048,-100258048,12477157376,12633536256,-156378880,10972828672,10664283648,308545024,-0.38,-0.13,-0.25,-0.39,0.78,0,54,52,2,0,0,0,35.01,0.00,0.00,0.00,,0.00,,0.00,EastMoney,2026-07-01T17:53:41+08:00
BK0728,2026-07-01T00:00:00Z,53608,54859,55245,53551,53560,1299,2.43,20817227,23744904896,2.23,1.00,0.00,0,10794332,10022895,918248032000,766971296000,-138461312,2107394080,2327025568,-219631488,5456404224,5375234048,81170176,7412472832,7455263488,-42790656,8371576320,8184587520,186988800,-0.58,-0.92,0.34,-0.18,0.79,0,135,116,17,2,0,0,37.66,0.00,0.00,0.00,,0.00,,0.00,EastMoney,2026-07-01T17:53:41+08:00
BK0729,2026-07-01T00:00:00Z,113778,116744,117438,113778,114010,2734,2.40,8562638,12635079984,1.71,1.11,0.00,0,4444896,4117742,731948544000,569390896000,982847152,2491673664,1869159280,622514384,3269306608,2908973840,360332768,3646246576,3997077200,-350830624,3094395872,3726412416,-632016544,7.78,4.93,2.85,-2.78,-5.00,0,15,14,1,0,0,0,30.08,0.00,0.00,0.00,,0.00,,0.00,EastMoney,2026-07-01T17:53:41+08:00
BK0730,2026-07-01T00:00:00Z,109642,112938,113766,109355,109657,3281,2.99,7947116,8517479060,3.03,1.00,0.00,0,4057145,3889971,290313728000,268575072000,-46809200,770879984,780455712,-9575728,1932513888,1969747360,-37233472,2668784560,2834190576,-165406016,3033763872,2813854352,219909520,-0.55,-0.11,-0.44,-1.94,2.58,0,45,43,2,0,0,0,38.96,0.00,0.00,0.00,,0.00,,0.00,EastMoney,2026-07-01T17:53:41+08:00
BK0731,2026-07-01T00:00:00Z,152243,156782,158306,151902,152506,4276,2.80,18190101,24678827558,2.91,1.08,0.00,0,9686249,8503852,912878176000,863531744000,247211152,2595458944,2580891632,14567312,6196845056,5964201216,232643840,7953955072,8113323264,-159368192,7649949696,7731284736,-81335040,1.00,0.06,0.94,-0.65,-0.33,0,63,57,6,0,0,0,22.54,0.00,0.00,0.00,,0.00,,0.00,EastMoney,2026-07-01T17:53:41+08:00
BK0732,2026-07-01T00:00:00Z,192304,193694,197245,189842,193282,412,0.21,5734710,11799156150,2.53,0.91,0.00,0,2749106,2985604,502589168000,459135312000,43067744,1327481760,1243282672,84199088,2644049408,2685180752,-41131344,3560679904,3533705696,26974208,4038387840,4108429792,-70041952,0.37,0.71,-0.35,0.23,-0.59,0,13,6,7,0,0,0,18.62,0.00,0.00,0.00,,0.00,,0.00,EastMoney,2026-07-01T17:53:41+08:00
BK0733,2026-07-01T00:00:00Z,121438,124729,125899,121177,121486,3243,2.67,6381683,5974332690,3.00,0.96,0.00,0,3300179,3081504,155917616000,142146708000,-66709552,407823952,514456624,-106632672,1280702960,1240779840,39923120,1830967616,1885584768,-54617152,2353891040,2229980032,123911008,-1.12,-1.78,0.67,-0.91,2.07,0,28,26,1,1,0,0,68.67,0.00,0.00,0.00,,0.00,,0.00,EastMoney,2026-07-01T17:53:41+08:00
BK0734,2026-07-01T00:00:00Z,37795,38388,38569,37643,37662,726,1.93,2476385,1684834035,2.07,1.38,0.00,0,1351730,1124655,104684012000,99758142000,-31117026,72087086,91306112,-19219026,279299632,291197632,-11898000,552299728,505364944,46934784,748129792,763947552,-15817760,-1.85,-1.14,-0.71,2.79,-0.94,0,18,13,4,1,0,0,19.85,0.00,0.00,0.00,,0.00,,0.00,EastMoney,2026-07-01T17:53:41+08:00
BK0735,2026-07-01T00:00:00Z,160756,162936,164939,160627,160535,2401,1.50,17305862,58601105425,3.50,1.05,0.00,0,8264977,9040885,1609318496000,1240706944000,-2884634624,8727818752,10591740160,-1863921408,13999203328,15019916544,-1020713216,18381986816,17816687616,565299200,16267447808,13948207872,2319239936,-4.92,-3.18,-1.74,0.96,3.96,0,91,65,25,1,0,0,54.07,0.00,0.00,0.00,,0.00,,0.00,EastMoney,2026-07-01T17:53:41+08:00
BK0736,2026-07-01T00:00:00Z,107812,110519,111962,107203,107524,2995,2.79,13724455,25818064604,1.04,1.17,0.00,0,7212154,6512300,2884430336000,986866544000,2177545888,4885572096,2897293152,1988278944,6704877568,6515610624,189266944,7537139968,8824301056,-1287161088,6385637376,7276136448,-890499072,8.43,7.70,0.73,-4.99,-3.45,0,40,32,7,1,0,0,16.18,0.00,0.00,0.00,,0.00,,0.00,EastMoney,2026-07-01T17:53:41+08:00
BK0737,2026-07-01T00:00:00Z,101910,104831,106148,101910,101795,3036,2.98,22173288,62593821417,3.14,1.15,0.00,0,11504323,10668965,1622332688000,1404583936000,3388375808,9434530304,7358123008,2076407296,17138811648,15826843136,1311968512,20329017344,21604586240,-1275568896,14666731520,16730481920,-2063750400,5.41,3.32,2.10,-2.04,-3.30,0,135,122,13,0,0,0,338.14,0.00,0.00,0.00,,0.00,,0.00,EastMoney,2026-07-01T17:53:41+08:00
BK0738,2026-07-01T00:00:00Z,54131,56211,56655,53890,54065,2146,3.97,10271519,7047339653,1.36,1.27,0.00,0,5693196,4578323,501843120000,480180080000,350299216,718588720,522624400,195964320,1659030464,1504695568,154334896,2224384688,2315738288,-91353600,2382271024,2641216640,-258945616,4.97,2.78,2.19,-1.30,-3.67,0,26,24,2,0,0,0,20.08,0.00,0.00,0.00,,0.00,,0.00,EastMoney,2026-07-01T17:53:41+08:00
BK0739,2026-07-01T00:00:00Z,216965,219552,221010,215211,216063,3489,1.61,7493615,10476876814,1.62,1.02,0.00,0,3656397,3837219,738563936000,660448944000,93030256,1044118400,1046621168,-2502768,2496576096,2401043072,95533024,3408967104,3338481264,70485840,3333587648,3482227248,-148639600,0.89,-0.02,0.91,0.67,-1.42,0,35,27,8,0,0,0,21.74,0.00,0.00,0.00,,0.00,,0.00,EastMoney,2026-07-01T17:53:41+08:00
BK0740,2026-07-01T00:00:00Z,48856,51279,51443,48766,48927,2352,4.81,6580205,2560582698,4.88,1.64,0.00,0,3931160,2649045,66356799000,62836357000,306110341,318250688,130967803,187282885,657145024,538317568,118827456,778375856,888302864,-109927008,751708992,947892320,-196183328,11.95,7.31,4.64,-4.29,-7.66,0,15,13,1,1,0,0,-155.86,0.00,0.00,0.00,,0.00,,0.00,EastMoney,2026-07-01T17:53:41+08:00
BK0742,2026-07-01T00:00:00Z,199149,203171,204484,198735,198986,4185,2.10,264901000,981521124330,5.05,1.12,0.00,0,134464164,130436836,22227268864000,17809394944000,-14138732544,161241096192,173928538112,-12687441920,262187884544,263639175168,-1451290624,305893130240,298889850880,7003279360,238389268480,231253815296,7135453184,-1.44,-1.29,-0.15,0.71,0.73,0,1347,1029,312,6,0,0,74.67,0.00,0.00,0.00,,0.00,,0.00,EastMoney,2026-07-01T17:53:41+08:00
BK0743,2026-07-01T00:00:00Z,134981,136123,137099,134971,134779,1344,1.00,154531210,519305117091,3.24,1.13,0.00,0,79244611,75286599,19260863488000,16673599488000,-20121137152,117098704896,130118135808,-13019430912,141931163648,149032869888,-7101706240,156033589248,148328386560,7705202688,96521195520,84105261056,12415934464,-3.87,-2.51,-1.37,1.48,2.39,0,100,68,32,0,0,0,31.22,0.00,0.00,0.00,,0.00,,0.00,EastMoney,2026-07-01T17:53:41+08:00
BK0800,2026-07-01T00:00:00Z,176293,179772,181261,176222,176125,3647,2.07,250822145,611243136493,3.57,1.11,0.00,0,128219909,122602236,15623681792000,14131687936000,-9778556928,113531219968,124628361216,-11097141248,165900210176,164581625856,1318584320,187664789504,180653043712,7011745792,133518843904,130616999936,2901843968,-1.60,-1.82,0.22,1.15,0.47,0,706,554,146,6,0,0,59.17,0.00,0.00,0.00,,0.00,,0.00,EastMoney,2026-07-01T17:53:41+08:00
BK0801,2026-07-01T00:00:00Z,154053,155115,156869,153579,153592,1523,0.99,17896902,42473900986,4.11,1.01,0.00,0,8498735,9398167,970793952000,905868864000,-647170560,6376138496,6376428544,-290048,10460351232,11107231744,-646880512,13482538496,13139054848,343483648,11305622016,11001242368,304379648,-1.52,0.00,-1.52,0.81,0.72,0,45,24,20,1,0,0,66.02,0.00,0.00,0.00,,0.00,,0.00,EastMoney,2026-07-01T17:53:41+08:00
BK0802,2026-07-01T00:00:00Z,218811,220768,222272,218684,218356,2412,1.10,66465285,231884733809,2.48,0.99,0.00,0,32752487,33712798,7809959936000,6701997568000,-6086825216,40304836864,46714083328,-6409246464,62421352192,62098930944,322421248,74609172480,70517620736,4091551744,51001509376,49026689024,1974820352,-2.62,-2.76,0.14,1.76,0.85,0,274,192,76,6,0,0,47.47,0.00,0.00,0.00,,0.00,,0.00,EastMoney,2026-07-01T17:53:41+08:00
BK0803,2026-07-01T00:00:00Z,68787,71092,71832,68643,69163,1929,2.79,7281694,7383155540,2.44,1.18,0.00,0,3883860,3397834,187027398000,170612030000,104849712,678618496,552413584,126204912,1700828608,1722183808,-21355200,2405574992,2441482128,-35907136,2475772400,2537782848,-62010448,1.42,1.71,-0.29,-0.49,-0.84,0,41,36,5,0,0,0,-81.08,0.00,0.00,0.00,,0.00,,0.00,EastMoney,2026-07-01T17:53:41+08:00
BK0804,2026-07-01T00:00:00Z,126629,128930,129600,126468,126462,2468,1.95,744411907,1823410567140,3.62,1.09,0.00,0,379036155,365375752,46954095616000,39575831040000,-33851858944,296970457088,321886527488,-24916070400,466732912640,475668701184,-8935788544,562022137856,552448180224,9573957632,468747776000,444469878784,24277897216,-1.86,-1.37,-0.49,0.53,1.33,0,1867,1410,444,13,0,0,45.73,0.00,0.00,0.00,,0.00,,0.00,EastMoney,2026-07-01T17:53:41+08:00
BK0805,2026-07-01T00:00:00Z,138749,144399,146401,138397,137724,6675,4.85,9504511,9394172752,4.44,1.53,0.00,0,4653707,4850804,222895082000,212758863000,358427728,2323056272,1803464704,519591568,2142510112,2303673952,-161163840,2500166608,2609820912,-109654304,2310170592,2558944016,-248773424,3.82,5.53,-1.72,-1.17,-2.65,0,12,11,1,0,0,0,84.16,0.00,0.00,0.00,,0.00,,0.00,EastMoney,2026-07-01T17:53:41+08:00
BK0806,2026-07-01T00:00:00Z,94760,98991,99254,94284,94920,4071,4.29,10664221,16391616193,3.17,1.20,0.00,0,5902358,4761863,533377920000,455254384000,760648544,1626980320,1153627760,473352560,4083302480,3796006496,287295984,5301387776,5735771648,-434383872,5210836224,5537101056,-326264832,4.64,2.89,1.75,-2.65,-1.99,0,44,42,2,0,0,0,-282.10,0.00,0.00,0.00,,0.00,,0.00,EastMoney,2026-07-01T17:53:41+08:00
BK0807,2026-07-01T00:00:00Z,82171,83804,84465,81889,81992,1812,2.21,4415360,6033139834,2.18,1.10,0.00,0,2370374,2044987,223529149000,208842030000,-25490304,649068592,533753168,115315424,1339012416,1479818144,-140805728,1903032352,2012645696,-109613344,2067490608,1932386960,135103648,-0.42,1.91,-2.33,-1.82,2.24,0,18,16,2,0,0,0,42.67,0.00,0.00,0.00,,0.00,,0.00,EastMoney,2026-07-01T17:53:41+08:00
BK0808,2026-07-01T00:00:00Z,206107,208643,210144,206107,205583,3060,1.49,61227222,135276463949,3.59,1.03,0.00,0,30101164,31126058,3518193296000,3329390992000,-765045760,16853817344,17752188160,-898370816,33032741632,32899416576,133325056,42614147840,42675473920,-61326080,40667021568,39832459264,834562304,-0.57,-0.66,0.10,-0.05,0.62,0,177,134,42,1,0,0,64.85,0.00,0.00,0.00,,0.00,,0.00,EastMoney,2026-07-01T17:53:41+08:00
BK0809,2026-07-01T00:00:00Z,110685,112983,114147,110529,110444,2539,2.30,47939330,73031056175,3.31,1.04,0.00,0,24364010,23575321,2087777616000,1868203296000,-1044505088,8145721088,8870463232,-724742144,17578028544,17897791488,-319762944,23565322240,23371178752,194143488,22495741952,21610848000,884893952,-1.43,-0.99,-0.44,0.27,1.21,0,149,125,21,3,0,0,137.55,0.00,0.00,0.00,,0.00,,0.00,EastMoney,2026-07-01T17:53:41+08:00
BK0811,2026-07-01T00:00:00Z,198891,202580,203774,198540,199050,3530,1.77,11586947,29237182447,1.22,1.21,0.00,0,6622888,4964059,6680184064000,4122529696000,396929840,4186455904,3747558192,438897712,7979729408,8021697280,-41967872,9621736960,10129909248,-508172288,7098272256,6987029760,111242496,1.36,1.50,-0.14,-1.74,0.38,0,32,27,5,0,0,0,20.04,0.00,0.00,0.00,,0.00,,0.00,EastMoney,2026-07-01T17:53:41+08:00
BK0812,2026-07-01T00:00:00Z,163161,166294,166940,162900,163050,3244,1.99,33166561,133832996311,2.68,1.00,0.00,0,16457192,16709370,4532639488000,3912265552000,-3811493120,30769372928,35072321536,-4302948608,38492506880,38001051392,491455488,40736580608,37543898880,3192681728,21645373696,21012510976,632862720,-2.85,-3.22,0.37,2.39,0.47,0,185,144,41,0,0,0,29.85,0.00,0.00,0.00,,0.00,,0.00,EastMoney,2026-07-01T17:53:41+08:00
BK0813,2026-07-01T00:00:00Z,90907,92777,93571,90622,90905,1872,2.06,51109179,41384344700,1.88,1.08,0.00,0,27068175,24041004,2111596112000,1780912560000,524031248,4478216704,3909857776,568358928,9528413440,9572741120,-44327680,13078764288,13339042560,-260278272,13636029952,13899157248,-263127296,1.27,1.37,-0.11,-0.63,-0.64,0,148,120,22,6,0,0,244.87,0.00,0.00,0.00,,0.00,,0.00,EastMoney,2026-07-01T17:53:41+08:00
BK0814,2026-07-01T00:00:00Z,188770,191002,192240,188707,188421,2581,1.37,33997184,73835525479,2.82,1.04,0.00,0,16824277,17172906,2158293040000,1867537712000,964529408,12092676864,11214744832,877932032,18376631552,18290034176,86597376,22633989120,22943113984,-309124864,19298258688,19982423040,-684164352,1.31,1.19,0.12,-0.42,-0.93,0,100,75,25,0,0,0,59.11,0.00,0.00,0.00,,0.00,,0.00,EastMoney,2026-07-01T17:53:41+08:00
BK0815,2026-07-01T00:00:00Z,12066143,12159506,12247758,12066143,11791260,368246,3.12,118656242,261798496811,8.51,1.60,0.00,0,58248571,60407671,3198368864000,2885815184000,-5105708288,51897139712,53189590016,-1292450304,64263310336,68076568320,-3813257984,74738241536,74878066688,-139825152,63473425920,58227891456,5245534464,-1.95,-0.49,-1.46,-0.05,2.00,0,163,111,50,2,0,0,472.76,0.00,0.00,0.00,,0.00,,0.00,EastMoney,2026-07-01T17:53:41+08:00
BK0816,2026-07-01T00:00:00Z,1809679,1810132,1829913,1796925,1762915,47217,2.68,11428243,31635303560,6.73,1.07,0.00,0,5478237,5950006,412742656000,301853760000,167451392,6980660480,6365907200,614753280,7634722304,8082024192,-447301888,9174926848,9825898496,-650971648,6947663360,6464143360,483520000,0.53,1.94,-1.41,-2.06,1.53,0,24,16,8,0,0,0,-187.56,0.00,0.00,0.00,,0.00,,0.00,EastMoney,2026-07-01T17:53:41+08:00
BK0817,2026-07-01T00:00:00Z,2228,2246,2255,2227,2238,8,0.36,64590380,96718991291,8.87,1.93,0.00,0,32486647,32103733,979212448000,914082672000,-10003155200,19691023616,28732720896,-9041697280,23278080000,24239537920,-961457920,27128764416,23596093184,3532671232,23948942336,17478458368,6470483968,-10.34,-9.35,-0.99,3.65,6.69,0,43,22,20,1,0,0,125.92,0.00,0.00,0.00,,0.00,,0.00,EastMoney,2026-07-01T17:53:41+08:00
BK0818,2026-07-01T00:00:00Z,140246,142619,144168,139649,139604,3015,2.16,2797450,1552067285,0.93,1.03,0.00,0,1623221,1174229,201349058000,144164706000,-23757728,94024916,114400132,-20375216,325185504,328568016,-3382512,495401680,491106192,4295488,623205376,603743136,19462240,-1.53,-1.31,-0.22,0.28,1.25,0,9,8,1,0,0,0,20.71,0.00,0.00,0.00,,0.00,,0.00,EastMoney,2026-07-01T17:53:41+08:00
BK0821,2026-07-01T00:00:00Z,151266,152642,153702,150966,151204,1438,0.95,538337196,1748059792888,1.39,1.05,0.00,0,278719365,259617831,82910257152000,66102142208000,-55039856640,356452343808,400809791488,-44357447680,488574676992,499257085952,-10682408960,539493523456,511356080128,28137443328,339326545920,312424136704,26902409216,-3.15,-2.54,-0.61,1.61,1.54,0,572,369,196,7,0,0,16.70,0.00,0.00,0.00,,0.00,,0.00,EastMoney,2026-07-01T17:53:41+08:00
BK0822,2026-07-01T00:00:00Z,58560,59973,60643,58252,58246,1727,2.97,9170364,5947529052,1.84,1.18,0.00,0,5198633,3971731,285538640000,268659360000,377026016,1059366160,705125616,354240544,1444907952,1422122480,22785472,1663998032,1896336976,-232338944,1679977872,1824664928,-144687056,6.34,5.96,0.38,-3.91,-2.43,0,17,16,1,0,0,0,-2.82,0.00,0.00,0.00,,0.00,,0.00,EastMoney,2026-07-01T17:53:41+08:00
BK0823,2026-07-01T00:00:00Z,168864,171052,172127,168627,168589,2463,1.46,49020654,167618582013,2.12,1.08,0.00,0,24961666,24058988,5811849216000,4873943808000,-158486528,27023492352,27298513664,-275021312,42065776640,41949241856,116534784,53185176576,53514257664,-329081088,43037275904,42549708288,487567616,-0.09,-0.16,0.07,-0.20,0.29,0,199,144,53,2,0,0,28.01,0.00,0.00,0.00,,0.00,,0.00,EastMoney,2026-07-01T17:53:41+08:00
BK0825,2026-07-01T00:00:00Z,87756,90306,90926,87687,87766,2540,2.89,85647840,74608628579,4.05,1.12,0.00,0,45234775,40413065,2243789648000,2097186928000,-4361826304,13660759296,18176708864,-4515949568,17422219264,17268096000,154123264,21167742976,19430366464,1737376512,20629414400,18003024128,2626390272,-5.85,-6.05,0.21,2.33,3.52,0,152,137,13,2,0,0,41.71,0.00,0.00,0.00,,0.00,,0.00,EastMoney,2026-07-01T17:53:41+08:00
BK0830,2026-07-01T00:00:00Z,101690,104272,105225,101498,101612,2660,2.62,102949726,208419488469,1.55,1.14,0.00,0,53253560,49696165,9287265792000,7960475136000,672719616,37491896320,37649162752,-157266432,56072918272,55242932224,829986048,61607187712,64156169728,-2548982016,50121869056,48242785536,1879083520,0.32,-0.08,0.40,-1.22,0.90,0,230,202,27,1,0,0,13.39,0.00,0.00,0.00,,0.00,,0.00,EastMoney,2026-07-01T17:53:41+08:00
BK0832,2026-07-01T00:00:00Z,263105,267200,269054,263105,262338,4862,1.85,88957236,185153789483,3.68,1.12,0.00,0,44324675,44632561,6503457280000,5745326592000,-5821478144,30348656128,33262150912,-2913494784,45730914816,48638898176,-2907983360,58719936000,57148551168,1571384832,47372456960,43126432000,4246024960,-3.14,-1.57,-1.57,0.85,2.29,0,201,157,44,0,0,0,36.35,0.00,0.00,0.00,,0.00,,0.00,EastMoney,2026-07-01T17:53:41+08:00
BK0833,2026-07-01T00:00:00Z,278016,279085,282449,276902,277286,1799,0.65,149056136,314643388781,6.37,1.09,0.00,0,74303864,74752272,6198702592000,5210243584000,-9203788032,57579215616,65640256512,-8061040896,81406001152,82548748288,-1142747136,93311746048,90218835968,3092910080,76358656000,70244487168,6114168832,-2.93,-2.56,-0.36,0.98,1.94,0,231,137,91,3,0,0,58.99,0.00,0.00,0.00,,0.00,,0.00,EastMoney,2026-07-01T17:53:41+08:00
BK0834,2026-07-01T00:00:00Z,138597,142984,143868,138498,138473,4511,3.26,40036556,30259572690,2.47,1.14,0.00,0,21932762,18103794,1411915280000,1137502240000,1229258000,3042133600,2280181328,761952272,7152428544,6685122816,467305728,9389033984,10104077568,-715043584,10146561792,10640343040,-493781248,4.06,2.52,1.54,-2.36,-1.63,0,146,135,10,1,0,0,46.87,0.00,0.00,0.00,,0.00,,0.00,EastMoney,2026-07-01T17:53:41+08:00
BK0835,2026-07-01T00:00:00Z,210249,212832,214539,209957,209495,3337,1.59,57971717,130792564585,3.14,1.07,0.00,0,29107944,28863773,4950815744000,4374863872000,-3157375488,21376020992,23105808128,-1729787136,33125885952,34553474304,-1427588352,39618568960,38900711168,717857792,34129298176,31689780224,2439517952,-2.41,-1.32,-1.09,0.55,1.87,0,103,76,27,0,0,0,20.24,0.00,0.00,0.00,,0.00,,0.00,EastMoney,2026-07-01T17:53:41+08:00
BK0837,2026-07-01T00:00:00Z,89883,92499,93042,89556,90047,2452,2.72,30609721,38129872399,2.41,1.16,0.00,0,16733443,13876278,3983992080000,1700950880000,693982384,4449169408,3872999248,576170160,9356405504,9238593280,117812224,11773953536,12662015232,-888061696,12009350656,11811034624,198316032,1.82,1.51,0.31,-2.33,0.52,0,97,90,7,0,0,0,13.44,0.00,0.00,0.00,,0.00,,0.00,EastMoney,2026-07-01T17:53:41+08:00
BK0838,2026-07-01T00:00:00Z,107531,110800,111413,107464,107771,3029,2.81,18261713,16939956179,2.17,1.04,0.00,0,9512301,8749412,665484992000,648244992000,261423424,1408212592,1187856080,220356512,3752998000,3711931088,41066912,5580507392,5840475392,-259968000,5979401984,5980857600,-1455616,1.54,1.30,0.24,-1.53,-0.01,0,56,49,6,1,0,0,28.14,0.00,0.00,0.00,,0.00,,0.00,EastMoney,2026-07-01T17:53:41+08:00
BK0839,2026-07-01T00:00:00Z,189916,193985,196458,189043,189719,4266,2.25,8561159,13385690296,3.20,1.16,0.00,0,4484148,4077011,331992848000,294470224000,406635280,1207397792,1073698496,133699296,3412567520,3139631536,272935984,4292449600,4400887808,-108438208,4246763328,4537565952,-290802624,3.04,1.00,2.04,-0.81,-2.17,0,43,38,5,0,0,0,405.99,0.00,0.00,0.00,,0.00,,0.00,EastMoney,2026-07-01T17:53:41+08:00
BK0840,2026-07-01T00:00:00Z,542562,544768,554641,540628,542051,2717,0.50,151544209,406386042096,9.17,1.11,0.00,0,75546220,75997990,6016348160000,5067984640000,-22018428928,78747086848,96197693440,-17450606592,106821042176,111388864512,-4567822336,120138969088,114101194752,6037774336,93332582400,77351231488,15981350912,-5.42,-4.29,-1.12,1.49,3.93,0,133,70,60,3,0,0,121.73,0.00,0.00,0.00,,0.00,,0.00,EastMoney,2026-07-01T17:53:41+08:00
BK0841,2026-07-01T00:00:00Z,120916,125500,125654,120221,120849,4651,3.85,10550016,18713177742,2.71,1.17,0.00,0,5834236,4715780,760530496000,715649376000,358366272,1588168464,1371316432,216852032,4218242080,4076727840,141514240,6196768256,6618909440,-422141184,6458163200,6391366144,66797056,1.92,1.16,0.76,-2.26,0.36,0,69,60,8,1,0,0,52.51,0.00,0.00,0.00,,0.00,,0.00,EastMoney,2026-07-01T17:53:41+08:00
BK0843,2026-07-01T00:00:00Z,161218,165348,166539,161097,160681,4667,2.90,38253071,52820336765,0.87,1.03,0.00,0,20280822,17972249,5150714112000,3427959264000,222019840,8750515200,7959519232,790995968,12739692032,13308668160,-568976128,15708139008,16141085440,-432946432,14669399808,14436647680,232752128,0.42,1.50,-1.08,-0.82,0.44,0,128,111,16,1,0,0,13.74,0.00,0.00,0.00,,0.00,,0.00,EastMoney,2026-07-01T17:53:41+08:00
BK0845,2026-07-01T00:00:00Z,160801,164690,166345,160730,160941,3749,2.33,63006350,133374823493,3.61,1.14,0.00,0,32964618,30041732,3544848864000,3082529360000,-2173326336,20294122240,22072215552,-1778093312,34519673088,34914906112,-395233024,44183207680,42898496768,1284710912,32456267264,31560239872,896027392,-1.63,-1.33,-0.30,0.96,0.67,0,149,126,22,1,0,0,176.37,0.00,0.00,0.00,,0.00,,0.00,EastMoney,2026-07-01T17:53:41+08:00
BK0847,2026-07-01T00:00:00Z,82515,84693,85489,82136,82425,2268,2.75,19188286,14035000775,2.64,1.12,0.00,0,10401565,8786721,503127584000,457055120000,341809424,1076731344,825092336,251639008,3342752656,3252582240,90170416,4580708608,4771433472,-190724864,4805606912,4949297152,-143690240,2.44,1.79,0.64,-1.36,-1.02,0,64,60,4,0,0,0,-789.63,0.00,0.00,0.00,,0.00,,0.00,EastMoney,2026-07-01T17:53:41+08:00
BK0852,2026-07-01T00:00:00Z,190790,195883,196662,190763,190314,5569,2.93,27442708,43965069889,2.00,1.12,0.00,0,14315400,13127307,1647654576000,1475064448000,-260149760,5613586688,5206580480,407006208,9854109696,10521265664,-667155968,13725720576,14022250496,-296529920,14064474368,13499451648,565022720,-0.59,0.93,-1.52,-0.67,1.29,0,115,100,15,0,0,0,33.39,0.00,0.00,0.00,,0.00,,0.00,EastMoney,2026-07-01T17:53:41+08:00
BK0853,2026-07-01T00:00:00Z,132132,133754,134853,130999,132383,1371,1.04,65412957,59779705644,6.51,1.07,0.00,0,33174433,32238523,2720036864000,882697248000,-4939067392,12322168576,17277196032,-4955027456,14587120128,14571160064,15960064,16859205120,14459212800,2399992320,14424132864,11883344640,2540788224,-8.26,-8.29,0.03,4.01,4.25,0,33,25,8,0,0,0,17.13,0.00,0.00,0.00,,0.00,,0.00,EastMoney,2026-07-01T17:53:41+08:00
BK0854,2026-07-01T00:00:00Z,456546,461156,464891,456404,455798,5358,1.18,344618463,906871364619,4.36,1.05,0.00,0,170191969,174426494,21146269696000,18642875648000,-35265839104,147525439488,172674789376,-25149349888,231221768192,241338257408,-10116489216,277969326080,270822449152,7146876928,234714419200,206408101888,28306317312,-3.89,-2.77,-1.12,0.79,3.12,0,752,498,245,9,0,0,64.07,0.00,0.00,0.00,,0.00,,0.00,EastMoney,2026-07-01T17:53:41+08:00
BK0855,2026-07-01T00:00:00Z,426527,423302,433359,418394,428103,-4801,-1.12,5973441,12167638411,7.94,0.90,0.00,0,2792278,3181163,131060609000,121852416000,-526490720,1898204144,2088354544,-190150400,2976849744,3313190064,-336340320,3811788512,3626336720,185451792,3296297280,2955258352,341038928,-4.33,-1.56,-2.76,1.52,2.80,0,7,3,4,0,0,0,-1024.92,0.00,0.00,0.00,,0.00,,0.00,EastMoney,2026-07-01T17:53:41+08:00
BK0856,2026-07-01T00:00:00Z,168698,176438,177155,168403,168843,7595,4.50,9961681,10363566241,2.73,1.16,0.00,0,5401730,4559951,377798480000,348092400000,380734272,1345737408,968690096,377047312,2569591632,2565904672,3686960,3078486368,3446778192,-368291824,3206821248,3219263696,-12442448,3.67,3.64,0.04,-3.55,-0.12,0,36,33,1,2,0,0,40.55,0.00,0.00,0.00,,0.00,,0.00,EastMoney,2026-07-01T17:53:41+08:00
BK0859,2026-07-01T00:00:00Z,231563,233125,235512,230945,231008,2117,0.92,84463895,183521405333,5.15,1.09,0.00,0,42676947,41786949,3709673824000,3211669456000,-10511351040,40697497856,51056205312,-10358707456,47768897792,47921541376,-152643584,58580719872,50899862528,7680857344,33031830528,30193942528,2837888000,-5.73,-5.64,-0.08,4.19,1.55,0,99,59,39,1,0,0,82.31,0.00,0.00,0.00,,0.00,,0.00,EastMoney,2026-07-01T17:53:41+08:00
BK0860,2026-07-01T00:00:00Z,215851,219088,221394,215851,214717,4371,2.04,43510449,129099518520,2.57,1.12,0.00,0,21346296,22164153,3683979136000,3372366112000,-648456704,23456937216,25404154624,-1947217408,39357454592,38058693888,1298760704,34563508992,35120429312,-556920320,29503950848,28292405760,1211545088,-0.50,-1.51,1.01,-0.43,0.94,0,125,93,31,1,0,0,61.88,0.00,0.00,0.00,,0.00,,0.00,EastMoney,2026-07-01T17:53:41+08:00
BK0861,2026-07-01T00:00:00Z,158349,160577,161895,158252,157901,2676,1.69,20831212,43707330330,2.36,0.98,0.00,0,10524508,10306704,1013600800000,942099456000,-521220096,6872011008,7156416256,-284405248,11060453888,11297268736,-236814848,13808046080,13858482944,-50436864,11146042368,10568227584,577814784,-1.19,-0.65,-0.54,-0.12,1.32,0,86,67,16,3,0,0,27.65,0.00,0.00,0.00,,0.00,,0.00,EastMoney,2026-07-01T17:53:41+08:00
BK0864,2026-07-01T00:00:00Z,153792,156371,157330,153721,153540,2831,1.84,108849137,201172893980,2.11,1.07,0.00,0,55877350,52971787,6128508672000,5142544384000,-256845056,32791447808,31775848192,1015599616,50435614464,51708059136,-1272444672,61643467520,61387956992,255510528,52515574528,52484249344,31325184,-0.13,0.50,-0.63,0.13,0.02,0,268,203,60,5,0,0,33.47,0.00,0.00,0.00,,0.00,,0.00,EastMoney,2026-07-01T17:53:41+08:00
BK0865,2026-07-01T00:00:00Z,303700,305576,308767,303251,303770,1806,0.59,18087596,81473806015,4.29,0.94,0.00,0,8659943,9427653,1705672208000,1622110560000,-5170422528,11737196288,15436952320,-3699756032,20694874880,22165541376,-1470666496,25359488768,23843213568,1516275200,22606838784,18951955200,3654883584,-6.35,-4.54,-1.81,1.86,4.49,0,53,30,22,1,0,0,52.30,0.00,0.00,0.00,,0.00,,0.00,EastMoney,2026-07-01T17:53:41+08:00
BK0866,2026-07-01T00:00:00Z,121934,125322,126054,121825,121894,3428,2.81,7334272,8407951208,5.06,1.04,0.00,0,3568204,3766068,196318062000,185970407000,-96118720,833426176,938295008,-104868832,1917916192,1909166080,8750112,2670723440,2632499360,38224080,2885897168,2828002528,57894640,-1.14,-1.25,0.10,0.45,0.69,0,18,15,2,1,0,0,22.23,0.00,0.00,0.00,,0.00,,0.00,EastMoney,2026-07-01T17:53:41+08:00
BK0867,2026-07-01T00:00:00Z,174382,177810,178717,174214,174230,3580,2.05,792981361,1793768285800,1.74,1.07,0.00,0,409674575,383306785,74761826304000,63112450048000,-40777297920,334580224000,364118212608,-29537988608,468368535552,479607844864,-11239309312,546145787904,531935277056,14210510848,418145128448,391578341376,26566787072,-2.27,-1.65,-0.63,0.79,1.48,0,1281,1024,245,12,0,0,17.54,0.00,0.00,0.00,,0.00,,0.00,EastMoney,2026-07-01T17:53:41+08:00
BK0868,2026-07-01T00:00:00Z,97552,99466,100107,96368,97622,1844,1.89,8224010,14791848088,1.32,1.08,0.00,0,4363014,3860996,1455128368000,1319191728000,377482800,2174309232,2091479264,82829968,4062734240,3768081408,294652832,4564862464,4628077312,-63214848,3844483808,4158751856,-314268048,2.55,0.56,1.99,-0.43,-2.12,0,11,8,2,1,0,0,11.76,0.00,0.00,0.00,,0.00,,0.00,EastMoney,2026-07-01T17:53:41+08:00
BK0870,2026-07-01T00:00:00Z,153366,161786,161992,150635,153877,7909,5.14,14056468,34354752564,2.98,1.38,0.00,0,7608895,6447574,1658329120000,1137189520000,1354224096,4436559616,3594610720,841948896,8987090944,8474815744,512275200,11580194816,11929915136,-349720320,8945222912,9949726720,-1004503808,3.94,2.45,1.49,-1.02,-2.92,0,49,49,0,0,0,0,43.50,0.00,0.00,0.00,,0.00,,0.00,EastMoney,2026-07-01T17:53:41+08:00
BK0872,2026-07-01T00:00:00Z,181096,189415,189430,179682,181539,7876,4.34,2488097,7425312958,2.12,1.22,0.00,0,1299953,1188145,307543056000,281055632000,365581008,893369328,593836000,299533328,1844157296,1778109616,66047680,2437234896,2452375840,-15140944,2139984464,2490424512,-350440048,4.92,4.03,0.89,-0.20,-4.72,0,11,11,0,0,0,0,17.75,0.00,0.00,0.00,,0.00,,0.00,EastMoney,2026-07-01T17:53:41+08:00
BK0873,2026-07-01T00:00:00Z,146582,149895,150798,146311,146619,3276,2.23,21707000,18834391687,2.23,1.06,0.00,0,11176638,10530362,819742512000,737619760000,-44196096,1591103968,1803671840,-212567872,4354224384,4185852608,168371776,5899482112,5918569472,-19087360,6634047488,6568477696,65569792,-0.23,-1.13,0.89,-0.10,0.35,0,97,87,9,1,0,0,31.06,0.00,0.00,0.00,,0.00,,0.00,EastMoney,2026-07-01T17:53:41+08:00
BK0875,2026-07-01T00:00:00Z,172295,173820,175641,172229,171838,1982,1.15,9648063,20579563206,2.72,1.12,0.00,0,4802895,4845168,429076848000,411802592000,-269476128,2748338080,3122159040,-373820960,5069442816,4965097984,104344832,6555177216,6428205056,126972160,5891442432,5748819456,142622976,-1.31,-1.82,0.51,0.62,0.69,0,43,35,8,0,0,0,743.87,0.00,0.00,0.00,,0.00,,0.00,EastMoney,2026-07-01T17:53:41+08:00
BK0877,2026-07-01T00:00:00Z,521058,514217,530287,509381,519851,-5634,-1.08,66309903,373946111344,6.37,0.97,0.00,0,31466572,34843331,7482374144000,6319678720000,-22069068544,63447158016,78681698304,-15234540288,95252955136,102087483392,-6834528256,116726906880,110901633024,5825273856,91788685312,75815731200,15972954112,-5.90,-4.07,-1.83,1.56,4.27,0,163,60,101,2,0,0,138.45,0.00,0.00,0.00,,0.00,,0.00,EastMoney,2026-07-01T17:53:41+08:00
BK0879,2026-07-01T00:00:00Z,163471,166816,167571,163250,163351,3465,2.12,680635135,1242679589420,1.55,1.06,0.00,0,353077089,327558045,64057563392000,53767132672000,-29592829952,216872792064,236414459904,-19541667840,310343868416,320395030528,-10051162112,377477132288,370890612736,6586519552,319203119104,296196808704,23006310400,-2.38,-1.57,-0.81,0.53,1.85,0,1049,848,191,10,0,0,15.07,0.00,0.00,0.00,,0.00,,0.00,EastMoney,2026-07-01T17:53:41+08:00
BK0880,2026-07-01T00:00:00Z,186039,186579,188628,185490,186295,284,0.15,52147298,59895639705,10.87,1.08,0.00,0,26503814,25643484,654151664000,610966816000,-6549906688,13371843328,19715096576,-6343253248,14592070400,14798723840,-206653440,16471856640,13627771136,2844085504,13959659520,10253838336,3705821184,-10.94,-10.59,-0.35,4.75,6.19,0,19,13,6,0,0,0,79.44,0.00,0.00,0.00,,0.00,,0.00,EastMoney,2026-07-01T17:53:41+08:00
BK0881,2026-07-01T00:00:00Z,200264,200944,204417,199405,200678,266,0.13,13646485,47974973812,6.25,0.98,0.00,0,6251316,7395169,635403504000,607012048000,-4349904896,8268123392,11387312640,-3119189248,12135322368,13366038016,-1230715648,14643581440,13184429056,1459152384,11982961152,9092208896,2890752256,-9.07,-6.50,-2.57,3.04,6.03,0,15,7,7,1,0,0,229.55,0.00,0.00,0.00,,0.00,,0.00,EastMoney,2026-07-01T17:53:41+08:00
BK0882,2026-07-01T00:00:00Z,103516,110068,111191,103349,103169,6899,6.69,16477429,14323420598,3.14,1.60,0.00,0,9324282,7153147,696973472000,593747520000,1282776192,2405332672,1473560032,931772640,3528813920,3177810368,351003552,4108692128,4687140864,-578448736,4023979936,4678831872,-654851936,8.96,6.51,2.45,-4.04,-4.57,0,36,36,0,0,0,0,87.03,0.00,0.00,0.00,,0.00,,0.00,EastMoney,2026-07-01T17:53:41+08:00
BK0883,2026-07-01T00:00:00Z,158271,163325,165200,158245,158258,5067,3.20,23551457,46621572311,2.80,1.25,0.00,0,12555754,10995703,1006994128000,966498432000,-371724800,6759522048,7433796864,-674274816,12313403136,12010853120,302550016,16000289792,14909255424,1091034368,10734649344,11421737216,-687087872,-0.80,-1.45,0.65,2.34,-1.47,0,82,76,5,1,0,0,-54.80,0.00,0.00,0.00,,0.00,,0.00,EastMoney,2026-07-01T17:53:41+08:00
BK0884,2026-07-01T00:00:00Z,648517,654820,667140,647783,648308,6512,1.00,31925575,195402670468,8.43,0.99,0.00,0,15513033,16412542,3201181744000,2716621584000,-6304683520,34503226880,40019376640,-5516149760,55379718656,56168252416,-788533760,64960937216,62305485824,2655451392,36795547392,33093675008,3701872384,-3.23,-2.82,-0.40,1.36,1.89,0,96,48,47,1,0,0,135.14,0.00,0.00,0.00,,0.00,,0.00,EastMoney,2026-07-01T17:53:41+08:00
BK0885,2026-07-01T00:00:00Z,111038,113454,115189,110985,110906,2548,2.30,6759522,22442047917,4.70,1.32,0.00,0,3380119,3379402,349869520000,313725248000,-1308297104,4030702192,4989328384,-958626192,5646249728,5995920640,-349670912,6931790080,6475810304,455979776,5392474880,4540157440,852317440,-5.83,-4.27,-1.56,2.03,3.80,0,19,16,3,0,0,0,265.28,0.00,0.00,0.00,,0.00,,0.00,EastMoney,2026-07-01T17:53:41+08:00
BK0886,2026-07-01T00:00:00Z,130606,134304,135555,130476,130498,3806,2.92,14737324,23592013530,2.86,1.20,0.00,0,7731465,7005859,666002064000,593213184000,618722448,2266170256,1878624512,387545744,5581967872,5350791168,231176704,7707124480,7884470016,-177345536,7544435712,7948948480,-404512768,2.62,1.64,0.98,-0.75,-1.71,0,86,74,11,1,0,0,-95.62,0.00,0.00,0.00,,0.00,,0.00,EastMoney,2026-07-01T17:53:41+08:00
BK0887,2026-07-01T00:00:00Z,65053,68125,68944,64579,64035,4090,6.39,6099959,5578917223,2.27,1.68,0.00,0,3337253,2762706,310959744000,290271264000,378401952,694395312,429861552,264533760,1247790128,1133921936,113868192,1769928624,1939154816,-169226192,1739363760,1948539504,-209175744,6.78,4.74,2.04,-3.03,-3.75,0,20,19,1,0,0,0,87.92,0.00,0.00,0.00,,0.00,,0.00,EastMoney,2026-07-01T17:53:41+08:00
BK0888,2026-07-01T00:00:00Z,205267,212460,213674,205050,204886,7574,3.70,18940349,15395888802,2.71,1.13,0.00,0,10176968,8763381,690160256000,612256384000,623950736,1661917104,1088917152,572999952,3359002816,3308052032,50950784,4573080832,5057386240,-484305408,5411338496,5512473088,-101134592,4.05,3.72,0.33,-3.15,-0.66,0,86,81,4,1,0,0,23.51,0.00,0.00,0.00,,0.00,,0.00,EastMoney,2026-07-01T17:53:41+08:00
BK0889,2026-07-01T00:00:00Z,161947,167540,167842,160876,162099,5441,3.36,64010564,69120477794,5.93,1.12,0.00,0,33297264,30713300,1242538912000,1122522640000,-5039761408,14123032320,19691452672,-5568420352,17408008704,16879349760,528658944,19973752832,17602885888,2370866944,15729822208,13058264576,2671557632,-7.29,-8.06,0.76,3.43,3.87,0,77,70,7,0,0,0,40.66,0.00,0.00,0.00,,0.00,,0.00,EastMoney,2026-07-01T17:53:41+08:00
BK0890,2026-07-01T00:00:00Z,721378,711585,735462,699262,712000,-415,-0.06,18981586,111923653184,9.93,1.02,0.00,0,9072165,9909421,1451535712000,1309514416000,-4091528704,21084131328,24248109824,-3163978496,29616709376,30544259584,-927550208,33268113152,31761454080,1506659072,25488335616,22903465984,2584869632,-3.66,-2.83,-0.83,1.35,2.31,0,31,13,18,0,0,0,114.36,0.00,0.00,0.00,,0.00,,0.00,EastMoney,2026-07-01T17:53:41+08:00
BK0891,2026-07-01T00:00:00Z,578203,578917,590981,574150,577224,1693,0.29,209997686,996465584394,6.48,1.05,0.00,0,103542034,106455652,20221897984000,16693583104000,-44910997504,201400164352,239785234432,-38385070080,284293599232,290819526656,-6525927424,312639799296,292435668992,20204130304,181680889856,156913971200,24766918656,-4.51,-3.85,-0.65,2.03,2.49,0,377,193,181,3,0,0,91.41,0.00,0.00,0.00,,0.00,,0.00,EastMoney,2026-07-01T17:53:41+08:00
BK0892,2026-07-01T00:00:00Z,87155,90004,90643,86883,86942,3062,3.52,6890991,5923797423,2.28,1.44,0.00,0,3846938,3044053,373606096000,352276064000,124023680,661889072,556219984,105669088,1345425648,1327071056,18354592,1855665984,1898181600,-42515616,1931296464,2003238800,-71942336,2.09,1.78,0.31,-0.72,-1.21,0,31,30,1,0,0,0,24.75,0.00,0.00,0.00,,0.00,,0.00,EastMoney,2026-07-01T17:53:41+08:00
BK0893,2026-07-01T00:00:00Z,287987,289056,293960,286903,286809,2247,0.78,34830903,183136594475,4.98,1.01,0.00,0,16924635,17906267,3833898288000,3474978400000,-8125051392,36468406272,43103808768,-6635402496,48663443456,50153092352,-1489648896,59831677440,54420020480,5411656960,35582564096,32869742336,2712821760,-4.44,-3.62,-0.81,2.95,1.48,0,81,40,40,1,0,0,57.04,0.00,0.00,0.00,,0.00,,0.00,EastMoney,2026-07-01T17:53:41+08:00
BK0894,2026-07-01T00:00:00Z,173636,182362,182817,171480,174998,7364,4.21,6374499,7786403753,4.34,1.29,0.00,0,3454907,2919593,238095050000,204077812000,131392496,625024848,515998976,109025872,1853668288,1831301664,22366624,2559680496,2667828256,-108147760,2610452784,2633697520,-23244736,1.69,1.40,0.29,-1.39,-0.30,0,21,19,2,0,0,0,35.72,0.00,0.00,0.00,,0.00,,0.00,EastMoney,2026-07-01T17:53:41+08:00
BK0895,2026-07-01T00:00:00Z,172802,180962,181080,171332,172745,8217,4.76,10379228,14175887993,3.21,1.60,0.00,0,5626500,4752727,463718304000,441715344000,548070944,2557447552,2059751808,497695744,3283691776,3233316576,50375200,3921518128,4266072128,-344554000,4072584048,4264543952,-191959904,3.87,3.51,0.36,-2.43,-1.35,0,33,32,1,0,0,0,21.61,0.00,0.00,0.00,,0.00,,0.00,EastMoney,2026-07-01T17:53:41+08:00
BK0896,2026-07-01T00:00:00Z,174330,179173,180129,174117,174583,4590,2.63,11303684,19603465231,1.77,1.13,0.00,0,6199633,5104051,2525523472000,2509256608000,543061696,2540482544,2132739120,407743424,5089683712,4954365440,135318272,6680755200,7066820608,-386065408,5023760384,5180756736,-156996352,2.77,2.08,0.69,-1.97,-0.80,0,46,43,2,1,0,0,27.75,0.00,0.00,0.00,,0.00,,0.00,EastMoney,2026-07-01T17:53:41+08:00
BK0897,2026-07-01T00:00:00Z,131456,133576,134778,131456,130289,3287,2.52,12222116,30808580575,2.40,1.24,0.00,0,6269725,5952391,616328464000,575424128000,-349735424,6086451712,6452698112,-366246400,7622669568,7606158592,16510976,8681442560,8995203840,-313761280,7822000896,7158504448,663496448,-1.14,-1.19,0.05,-1.02,2.15,0,13,11,2,0,0,0,114.42,0.00,0.00,0.00,,0.00,,0.00,EastMoney,2026-07-01T17:53:41+08:00
BK0898,2026-07-01T00:00:00Z,220933,224258,226432,220779,220981,3277,1.48,4969339,11370969135,2.68,0.99,0.00,0,2418927,2550412,347363360000,333689456000,-533923728,1216680272,1517469456,-300789184,2663050400,2896184944,-233134544,3667436208,3533529248,133906960,3705380608,3305363840,400016768,-4.70,-2.65,-2.05,1.18,3.52,0,28,23,5,0,0,0,29.84,0.00,0.00,0.00,,0.00,,0.00,EastMoney,2026-07-01T17:53:41+08:00
BK0899,2026-07-01T00:00:00Z,178438,187406,187493,173881,179981,7425,4.13,8912473,35085322664,4.98,1.31,0.00,0,4662794,4249679,878218992000,702120752000,-500567552,5084892928,5455129856,-370236928,8977003264,9107333888,-130330624,11118956544,10960430336,158526208,9393185024,9040600064,352584960,-1.43,-1.06,-0.37,0.45,1.00,0,40,38,2,0,0,0,29.70,0.00,0.00,0.00,,0.00,,0.00,EastMoney,2026-07-01T17:53:41+08:00
BK0900,2026-07-01T00:00:00Z,260343,262425,264100,259974,259818,2607,1.00,191587369,613101306397,3.30,0.99,0.00,0,93051287,98536082,16926400000000,14386918400000,-21992017920,92015833088,107228905472,-15213072384,153326866432,160105811968,-6778945536,187884048384,182317416448,5566631936,169573326848,153240346624,16332980224,-3.59,-2.48,-1.11,0.91,2.66,0,682,467,207,8,0,0,34.63,0.00,0.00,0.00,,0.00,,0.00,EastMoney,2026-07-01T17:53:41+08:00
BK0901,2026-07-01T00:00:00Z,210879,209641,212960,207370,208970,671,0.32,6733787,31412862059,4.29,0.81,0.00,0,2951676,3782111,803211872000,781457376000,-1262149888,5378597120,5978450688,-599853568,8191051008,8853347328,-662296320,9471193344,9568175104,-96981760,7842467072,6483335168,1359131904,-4.02,-1.91,-2.11,-0.31,4.33,0,9,5,3,1,0,0,37.97,0.00,0.00,0.00,,0.00,,0.00,EastMoney,2026-07-01T17:53:41+08:00
BK0902,2026-07-01T00:00:00Z,315633,316592,321732,313791,316459,133,0.04,107271537,179033006750,9.57,1.15,0.00,0,53959370,53312167,2665143744000,2025630800000,-11052061440,36516992000,45823840512,-9306848512,45214250496,46959463424,-1745212928,49855474176,46744216832,3111257344,43534433536,35593629440,7940804096,-6.17,-5.20,-0.97,1.74,4.44,0,68,38,29,1,0,0,203.50,0.00,0.00,0.00,,0.00,,0.00,EastMoney,2026-07-01T17:53:41+08:00
BK0905,2026-07-01T00:00:00Z,242896,244698,247188,242560,242435,2263,0.93,37256006,188230725866,5.62,1.06,0.00,0,17870921,19385085,3229676672000,2666775248000,-10586833408,36185497344,44766071552,-8580574208,50620313600,52626572800,-2006259200,61530762752,54974530560,6556232192,36856296704,32846030592,4010266112,-5.62,-4.56,-1.07,3.48,2.13,0,126,73,52,1,0,0,81.33,0.00,0.00,0.00,,0.00,,0.00,EastMoney,2026-07-01T17:53:41+08:00
BK0906,2026-07-01T00:00:00Z,145351,151606,151642,144088,145706,5900,4.05,28819917,33937184248,2.79,1.26,0.00,0,16335860,12484057,1324509264000,1206341616000,365163696,2873335616,2593493648,279841968,7804377088,7719055360,85321728,10871265280,11410232832,-538967552,11896871424,11723067648,173803776,1.08,0.82,0.25,-1.59,0.51,0,123,118,5,0,0,0,33.53,0.00,0.00,0.00,,0.00,,0.00,EastMoney,2026-07-01T17:53:41+08:00
BK0907,2026-07-01T00:00:00Z,123585,127971,129088,123236,123821,4150,3.35,7349198,4773301662,4.31,1.41,0.00,0,4157019,3192179,128671356000,100526092000,21458496,304255920,387100368,-82844448,1232483840,1128180896,104302944,1548441984,1616879904,-68437920,1579540192,1509066480,70473712,0.45,-1.74,2.19,-1.43,1.48,0,17,15,2,0,0,0,-63.34,0.00,0.00,0.00,,0.00,,0.00,EastMoney,2026-07-01T17:53:41+08:00
BK0908,2026-07-01T00:00:00Z,317568,322313,327321,313828,317227,5086,1.60,26033194,43157735260,4.61,1.19,0.00,0,13106726,12926468,779677248000,716664144000,145778176,7259837440,6794329600,465507840,11411757824,11731487488,-319729664,13776557056,13826333184,-49776128,10092907776,10186526208,-93618432,0.34,1.08,-0.74,-0.12,-0.22,0,39,28,10,1,0,0,-24.43,0.00,0.00,0.00,,0.00,,0.00,EastMoney,2026-07-01T17:53:41+08:00
BK0909,2026-07-01T00:00:00Z,200755,206309,207195,200755,200853,5456,2.72,21980892,27577932643,2.88,1.05,0.00,0,11239040,10741852,849866080000,777144416000,-219388560,2984731744,3044702704,-59970960,6589343744,6748761344,-159417600,8826665472,8811092224,15573248,8799939584,8595050496,204889088,-0.80,-0.22,-0.58,0.06,0.74,0,64,53,11,0,0,0,45.59,0.00,0.00,0.00,,0.00,,0.00,EastMoney,2026-07-01T17:53:41+08:00
BK0910,2026-07-01T00:00:00Z,346159,350677,353571,346130,345735,4942,1.43,27143045,66026208138,2.67,0.93,0.00,0,13357709,13785337,1911929696000,1620585584000,-1245197568,8916635136,9925001984,-1008366848,16505536256,16742366976,-236830720,20598454528,20203560192,394894336,18729687040,17872243968,857443072,-1.89,-1.53,-0.36,0.60,1.30,0,204,146,54,4,0,0,63.95,0.00,0.00,0.00,,0.00,,0.00,EastMoney,2026-07-01T17:53:41+08:00
BK0914,2026-07-01T00:00:00Z,117994,121957,122660,117769,117930,4027,3.41,7055736,6336521528,2.35,1.10,0.00,0,3673954,3381782,211927287000,190634936000,-1770608,657028512,710752560,-53724048,1572269696,1520316256,51953440,1957978512,1973668656,-15690144,2047653104,2031420544,16232560,-0.03,-0.85,0.82,-0.25,0.26,0,32,30,2,0,0,0,44.51,0.00,0.00,0.00,,0.00,,0.00,EastMoney,2026-07-01T17:53:41+08:00
BK0915,2026-07-01T00:00:00Z,172080,172036,175056,170566,171542,494,0.29,11826813,47800891041,2.50,1.18,0.00,0,5916059,5910753,873623568000,791697408000,-2854124032,7852901888,10066665216,-2213763328,11782780928,12423141632,-640360704,14210534144,13706177792,504356352,13024053760,10693931008,2330122752,-5.97,-4.63,-1.34,1.06,4.87,0,31,16,15,0,0,0,58.35,0.00,0.00,0.00,,0.00,,0.00,EastMoney,2026-07-01T17:53:41+08:00
BK0916,2026-07-01T00:00:00Z,237880,238973,244232,236380,237709,1264,0.53,29272073,122763648847,7.98,0.98,0.00,0,14027890,15244183,1995625168000,1920627568000,-4423409664,19379602944,21885163520,-2505560576,32977247488,34895096576,-1917849088,39170340352,39197814528,-27474176,29398610432,24947726592,4450883840,-3.60,-2.04,-1.56,-0.02,3.63,0,47,22,25,0,0,0,-293.02,0.00,0.00,0.00,,0.00,,0.00,EastMoney,2026-07-01T17:53:41+08:00
BK0917,2026-07-01T00:00:00Z,368125,367979,377017,364550,367470,509,0.14,231209494,1223160970163,6.67,1.07,0.00,0,112449690,118759805,24231553024000,18468990464000,-48396128256,244777652224,283957960704,-39180308480,353165049856,362380869632,-9215819776,385581694976,362370908160,23210786816,216837263360,191625244672,25212018688,-3.96,-3.20,-0.75,1.90,2.06,0,502,228,269,5,0,0,157.87,0.00,0.00,0.00,,0.00,,0.00,EastMoney,2026-07-01T17:53:41+08:00
BK0918,2026-07-01T00:00:00Z,286755,286434,288527,283263,286915,-481,-0.17,40974868,102963976264,3.00,1.09,0.00,0,19728689,21246179,2284738880000,2088778464000,-8626538496,16311218688,21395773184,-5084554496,23128374272,26670358272,-3541984000,30843420160,29405677312,1437742848,31155358464,23962822912,7192535552,-8.38,-4.94,-3.44,1.40,6.99,0,89,48,40,1,0,0,38.54,0.00,0.00,0.00,,0.00,,0.00,EastMoney,2026-07-01T17:53:41+08:00
BK0920,2026-07-01T00:00:00Z,145384,147451,148458,145367,144812,2639,1.82,58367673,143519512928,2.57,1.07,0.00,0,28311406,30056267,5977778176000,5116645888000,-3823974912,19452676352,21916873984,-2464197632,34882642432,36242419712,-1359777280,44211612928,44332266496,-120653568,42573869312,38642472192,3931397120,-2.66,-1.72,-0.95,-0.08,2.74,0,218,166,48,4,0,0,40.71,0.00,0.00,0.00,,0.00,,0.00,EastMoney,2026-07-01T17:53:41+08:00
BK0921,2026-07-01T00:00:00Z,217912,220175,222273,217912,217368,2807,1.29,41515250,131571567523,2.33,1.19,0.00,0,20752648,20762602,2967637472000,2569418672000,-5044379136,20135596800,23900916480,-3765319680,32771471360,34050530816,-1279059456,40624112896,39334097920,1290014976,36060557056,32311370240,3749186816,-3.83,-2.86,-0.97,0.98,2.85,0,93,67,26,0,0,0,67.63,0.00,0.00,0.00,,0.00,,0.00,EastMoney,2026-07-01T17:53:41+08:00
BK0922,2026-07-01T00:00:00Z,215415,216661,218940,215115,214648,2013,0.94,107917712,341743686802,2.85,1.08,0.00,0,52518339,55399374,10500516096000,7711961344000,-13006108928,60222449408,71271550976,-11049101568,93359689728,95316697088,-1957007360,100613738496,97120305152,3493433344,82095230976,72713097216,9382133760,-3.81,-3.23,-0.57,1.02,2.75,0,263,167,90,6,0,0,32.47,0.00,0.00,0.00,,0.00,,0.00,EastMoney,2026-07-01T17:53:41+08:00
BK0923,2026-07-01T00:00:00Z,140950,143080,144950,140584,141010,2070,1.47,38730476,93712801656,4.48,1.12,0.00,0,19212287,19518189,2505529376000,2095554112000,-4191556352,14408084736,17509757184,-3101672448,24055658752,25145542656,-1089883904,32015041536,30266996736,1748044800,21820333312,19374962176,2445371136,-4.47,-3.31,-1.16,1.87,2.61,0,91,72,19,0,0,0,249.43,0.00,0.00,0.00,,0.00,,0.00,EastMoney,2026-07-01T17:53:41+08:00
BK0924,2026-07-01T00:00:00Z,175120,179067,180044,174805,175570,3497,1.99,9566512,9764130633,2.37,0.90,0.00,0,4809081,4757431,417319120000,379571376000,-218965232,901367728,1062288592,-160920864,2187213184,2245257552,-58044368,3098207152,3072316672,25890480,3444160688,3251085936,193074752,-2.24,-1.65,-0.59,0.27,1.98,0,30,24,5,1,0,0,24.80,0.00,0.00,0.00,,0.00,,0.00,EastMoney,2026-07-01T17:53:41+08:00
BK0925,2026-07-01T00:00:00Z,223322,227189,228085,222946,223717,3472,1.55,12214126,19368697952,4.29,1.16,0.00,0,6417206,5796920,370458928000,336235056000,-1025852544,2031452272,2726164208,-694711936,4779034112,5110174720,-331140608,5948435456,5902609920,45825536,6331866624,5351839744,980026880,-5.30,-3.59,-1.71,0.24,5.06,0,25,20,5,0,0,0,56.30,0.00,0.00,0.00,,0.00,,0.00,EastMoney,2026-07-01T17:53:41+08:00
BK0926,2026-07-01T00:00:00Z,268736,268862,271196,266770,267937,925,0.35,10628683,57566062906,4.25,1.02,0.00,0,5102073,5526610,893723072000,837527120000,-5225920256,9513265152,13643704320,-4130439168,14773483264,15868964352,-1095481088,17590957056,16103636480,1487320576,14877637632,11139037440,3738600192,-9.08,-7.18,-1.90,2.58,6.49,0,28,16,12,0,0,0,154.86,0.00,0.00,0.00,,0.00,,0.00,EastMoney,2026-07-01T17:53:41+08:00
BK0927,2026-07-01T00:00:00Z,105745,108642,109140,105408,105809,2833,2.68,6242553,6283973298,0.87,1.01,0.00,0,3547614,2694939,606669552000,551141760000,-75115136,642947488,662027744,-19080256,1316417936,1372452816,-56034880,2051565696,2005131152,46434544,2217554208,2188873632,28680576,-1.20,-0.30,-0.89,0.74,0.46,0,18,17,0,1,0,0,22.35,0.00,0.00,0.00,,0.00,,0.00,EastMoney,2026-07-01T17:53:41+08:00
BK0932,2026-07-01T00:00:00Z,215070,217655,219555,214412,215052,2603,1.21,11035589,31857277808,5.31,1.00,0.00,0,5509757,5525832,405363024000,377081040000,-1162531536,3538039392,4149923376,-611883984,7359530496,7910178048,-550647552,10229968384,10396300544,-166332160,10129406720,8799386112,1330020608,-3.65,-1.92,-1.73,-0.52,4.17,0,35,26,9,0,0,0,122.81,0.00,0.00,0.00,,0.00,,0.00,EastMoney,2026-07-01T17:53:41+08:00
BK0933,2026-07-01T00:00:00Z,106466,109561,110172,106346,106409,3152,2.96,2994875,2309442392,1.70,1.00,0.00,0,1613431,1381444,127665066000,124455005000,42159719,175013927,153014016,21999911,535759712,515599904,20159808,727685600,786728048,-59042448,845051952,828169216,16882736,1.83,0.95,0.87,-2.56,0.73,0,12,12,0,0,0,0,196.16,0.00,0.00,0.00,,0.00,,0.00,EastMoney,2026-07-01T17:53:41+08:00
BK0935,2026-07-01T00:00:00Z,361357,367048,380871,361156,361258,5790,1.60,41656814,327567507067,8.06,1.07,0.00,0,20784817,20871997,6326290944000,4848139008000,-7109332992,73372004352,78508056576,-5136052224,98926723072,100900003840,-1973280768,104084369408,101133185024,2951184384,45791901440,41559549184,4232352256,-2.17,-1.57,-0.60,0.90,1.29,0,66,37,28,1,0,0,190.58,0.00,0.00,0.00,,0.00,,0.00,EastMoney,2026-07-01T17:53:41+08:00
BK0936,2026-07-01T00:00:00Z,100354,105219,105471,99868,99986,5233,5.23,5091010,5520205021,4.46,1.27,0.00,0,2812569,2278441,145317260000,124350541000,266440048,534812800,406204512,128608288,1313690864,1175859104,137831760,1765999328,1854634144,-88634816,1806939904,1983151728,-176211824,4.83,2.33,2.50,-1.61,-3.19,0,15,15,0,0,0,0,67.87,0.00,0.00,0.00,,0.00,,0.00,EastMoney,2026-07-01T17:53:41+08:00
BK0937,2026-07-01T00:00:00Z,68371,70282,70831,68079,68359,1923,2.81,33171216,56795978087,1.06,1.13,0.00,0,18027518,15143698,5669269504000,4721609984000,1304585472,10347837184,9350779904,997057280,15692822528,15385294336,307528192,15918377728,16629810688,-711432960,14326874880,14920027392,-593152512,2.30,1.76,0.54,-1.25,-1.04,0,61,57,3,1,0,0,10.35,0.00,0.00,0.00,,0.00,,0.00,EastMoney,2026-07-01T17:53:41+08:00
BK0938,2026-07-01T00:00:00Z,99100,101462,102194,99011,99334,2128,2.14,2206693,5273263237,2.22,1.04,0.00,0,1125415,1081278,166198820000,161986511000,-124099744,804053600,802580976,1472624,1244268864,1369841232,-125572368,1610960080,1614670704,-3710624,1500109872,1372299520,127810352,-2.35,0.03,-2.38,-0.07,2.42,0,15,12,3,0,0,0,27.05,0.00,0.00,0.00,,0.00,,0.00,EastMoney,2026-07-01T17:53:41+08:00
BK0939,2026-07-01T00:00:00Z,97954,102131,102405,97348,98175,3956,4.03,13228203,18256423429,3.17,1.18,0.00,0,7251000,5977203,523631840000,469702512000,603219968,1878504944,1440973200,437531744,4399141120,4233452896,165688224,5751164672,6113781504,-362616832,5953020416,6193623552,-240603136,3.30,2.40,0.91,-1.99,-1.32,0,54,53,1,0,0,0,40.29,0.00,0.00,0.00,,0.00,,0.00,EastMoney,2026-07-01T17:53:41+08:00
BK0940,2026-07-01T00:00:00Z,65521,67195,67781,65422,65384,1811,2.77,52344095,54098250509,3.25,1.17,0.00,0,28304473,24039622,1499371920000,1320203280000,2996892672,9498376704,7149529856,2348846848,13890902784,13242856960,648045824,15693123328,17196186112,-1503062784,14358603520,15850493184,-1491889664,5.54,4.34,1.20,-2.78,-2.76,0,134,119,15,0,0,0,53.94,0.00,0.00,0.00,,0.00,,0.00,EastMoney,2026-07-01T17:53:41+08:00
BK0943,2026-07-01T00:00:00Z,123127,125973,126972,122513,123228,2745,2.23,5729555,5575396850,1.86,1.08,0.00,0,2912688,2816867,237010484000,195088749000,-33274400,526728864,561345632,-34616768,1254664400,1253322032,1342368,1776660880,1789028848,-12367968,1912008960,1860483424,51525536,-0.60,-0.62,0.02,-0.22,0.92,0,18,17,1,0,0,0,-44.09,0.00,0.00,0.00,,0.00,,0.00,EastMoney,2026-07-01T17:53:41+08:00
BK0944,2026-07-01T00:00:00Z,77155,80999,81061,75999,77449,3550,4.58,3971684,4182133665,2.58,1.34,0.00,0,2274905,1696779,183089733000,163629460000,203219577,351880384,212589543,139290841,1001723200,937794464,63928736,1265913088,1385249744,-119336656,1507086672,1590969584,-83882912,4.86,3.33,1.53,-2.85,-2.01,0,13,13,0,0,0,0,26.67,0.00,0.00,0.00,,0.00,,0.00,EastMoney,2026-07-01T17:53:41+08:00
BK0945,2026-07-01T00:00:00Z,98470,100598,101413,98148,98284,2314,2.35,27634550,17395304699,1.35,1.03,0.00,0,15105011,12529539,1183974944000,1023263120000,-60237840,1734899504,1671905728,62993776,3812343824,3935575440,-123231616,5442657280,5605133312,-162476032,6065632512,5831439872,234192640,-0.35,0.36,-0.71,-0.93,1.35,0,89,77,12,0,0,0,-59.26,0.00,0.00,0.00,,0.00,,0.00,EastMoney,2026-07-01T17:53:41+08:00
BK0946,2026-07-01T00:00:00Z,174955,177809,179547,174144,173341,4468,2.58,3457205,18580187214,3.54,1.23,0.00,0,1768850,1688356,301345824000,281361888000,-187032720,2754868416,2920282448,-165414032,5142481152,5164099840,-21618688,6061294848,5963570432,97724416,4357910272,4268602192,89308080,-1.01,-0.89,-0.12,0.53,0.48,0,12,9,3,0,0,0,-134.36,0.00,0.00,0.00,,0.00,,0.00,EastMoney,2026-07-01T17:53:41+08:00
BK0947,2026-07-01T00:00:00Z,109527,110233,111717,108530,109412,821,0.75,78236494,67299056893,11.64,1.18,0.00,0,40177555,38058939,715490064000,660002496000,-4729868288,17017137408,21718254336,-4701116928,16434098944,16462850304,-28751360,17267676416,15125396736,2142279680,14663608576,12076019712,2587588864,-7.03,-6.99,-0.04,3.18,3.84,0,9,6,2,1,0,0,60.92,0.00,0.00,0.00,,0.00,,0.00,EastMoney,2026-07-01T17:53:41+08:00
BK0948,2026-07-01T00:00:00Z,175332,175233,178023,173369,176263,-1030,-0.58,93952035,99742325549,10.72,1.15,0.00,0,47176724,46775311,1155361392000,1007184880000,-7594083584,20457819136,27223425024,-6765605888,24429585152,25258062848,-828477696,27187428352,24831419136,2356009216,25071590912,19833516800,5238074112,-7.61,-6.78,-0.83,2.36,5.25,0,34,13,21,0,0,0,580.20,0.00,0.00,0.00,,0.00,,0.00,EastMoney,2026-07-01T17:53:41+08:00
BK0949,2026-07-01T00:00:00Z,386451,401310,410491,385048,381831,19479,5.10,9754162,41545580191,7.77,1.06,0.00,0,4986825,4767337,479618704000,404527072000,148536320,10487121664,9555676672,931444992,10725121280,11508029952,-782908672,11590806528,11954876928,-364070400,7801443840,7585909504,215534336,0.36,2.24,-1.88,-0.88,0.52,0,17,15,2,0,0,0,77.82,0.00,0.00,0.00,,0.00,,0.00,EastMoney,2026-07-01T17:53:41+08:00
BK0950,2026-07-01T00:00:00Z,158894,161874,163776,158403,159572,2302,1.44,5591551,7936093182,2.77,1.13,0.00,0,2990324,2601226,192461791000,187515097000,-364684272,833571312,1066022768,-232451456,2036031312,2168264128,-132232816,2616791808,2568025328,48766480,2357542064,2041624272,315917792,-4.60,-2.93,-1.67,0.61,3.98,0,13,11,2,0,0,0,38.15,0.00,0.00,0.00,,0.00,,0.00,EastMoney,2026-07-01T17:53:41+08:00
BK0951,2026-07-01T00:00:00Z,376947,377336,381112,371450,376524,812,0.22,4762201,17042022694,4.27,1.17,0.00,0,2469517,2292684,970722016000,482417168000,212467280,2571070128,2401343184,169726944,4163659552,4120919216,42740336,5323510272,5397669632,-74159360,4794968576,4933276416,-138307840,1.25,1.00,0.25,-0.44,-0.81,0,12,7,5,0,0,0,31.47,0.00,0.00,0.00,,0.00,,0.00,EastMoney,2026-07-01T17:53:41+08:00
BK0952,2026-07-01T00:00:00Z,313498,311635,319232,308802,312885,-1250,-0.40,53351659,256998898196,7.08,0.97,0.00,0,25183318,28168341,4225105376000,3768698848000,-12045757696,43491643136,52527971328,-9036328192,69085401088,72094830592,-3009429504,80983404544,78139207680,2844196864,58496124672,49324468992,9171655680,-4.69,-3.52,-1.17,1.11,3.57,0,108,46,62,0,0,0,-32136.31,0.00,0.00,0.00,,0.00,,0.00,EastMoney,2026-07-01T17:53:41+08:00
BK0953,2026-07-01T00:00:00Z,142525,145268,146861,142068,142639,2629,1.84,40576534,85613800567,4.17,1.14,0.00,0,21246250,19330284,2407261216000,2007805120000,5014382848,14959580672,11440707072,3518873600,22966612480,21471103232,1495509248,25260454656,27084781568,-1824326912,21107365120,24247348480,-3139983360,5.86,4.11,1.75,-2.13,-3.67,0,123,98,22,3,0,0,34.23,0.00,0.00,0.00,,0.00,,0.00,EastMoney,2026-07-01T17:53:41+08:00
BK0954,2026-07-01T00:00:00Z,124938,126924,128661,124445,124927,1997,1.60,2127493,2825695697,3.07,1.04,0.00,0,1051516,1075977,105951414000,83318430000,98670056,165731401,157960545,7770856,644158992,553259792,90899200,949877952,988760000,-38882048,1033300896,1093088896,-59788000,3.49,0.28,3.22,-1.38,-2.12,0,12,11,1,0,0,0,197.17,0.00,0.00,0.00,,0.00,,0.00,EastMoney,2026-07-01T17:53:41+08:00
BK0955,2026-07-01T00:00:00Z,134520,137518,138135,134520,134016,3502,2.61,8464926,9079203645,2.13,0.99,0.00,0,4257469,4207457,289442320000,266968002000,107836288,729636256,741200272,-11564016,2095470384,1976070080,119400304,2915725008,2878878080,36846928,3184183280,3328866496,-144683216,1.19,-0.13,1.32,0.41,-1.59,0,37,31,5,1,0,0,64.41,0.00,0.00,0.00,,0.00,,0.00,EastMoney,2026-07-01T17:53:41+08:00
BK0957,2026-07-01T00:00:00Z,143435,145928,147771,143174,143462,2466,1.72,4572217,4786087641,2.78,1.08,0.00,0,2350400,2221817,190713298000,162021279000,138529392,405246976,311190048,94056928,946248944,901776480,44472464,1497753392,1527830128,-30076736,1871002752,1979585808,-108583056,2.89,1.97,0.93,-0.63,-2.27,0,28,25,3,0,0,0,121.53,0.00,0.00,0.00,,0.00,,0.00,EastMoney,2026-07-01T17:53:41+08:00
BK0958,2026-07-01T00:00:00Z,215340,217659,219486,214125,215281,2378,1.10,21728245,31342136615,2.05,1.10,0.00,0,10993286,10734959,1094760912000,981997872000,687865792,4088839264,3540742304,548096960,7411473408,7271704576,139768832,9938554112,10121601792,-183047680,9515325184,10015398912,-500073728,2.19,1.75,0.45,-0.58,-1.60,0,73,48,24,1,0,0,31.04,0.00,0.00,0.00,,0.00,,0.00,EastMoney,2026-07-01T17:53:41+08:00
BK0959,2026-07-01T00:00:00Z,147597,150412,152348,146911,147688,2724,1.84,6352961,6202110549,3.40,0.91,0.00,0,2931955,3421006,179767823000,164911003000,21207536,558547680,533993024,24554656,1384369024,1387716144,-3347120,2020724048,2107592112,-86868064,2147176736,2081516208,65660528,0.34,0.40,-0.05,-1.40,1.06,0,19,17,2,0,0,0,50.51,0.00,0.00,0.00,,0.00,,0.00,EastMoney,2026-07-01T17:53:41+08:00
BK0960,2026-07-01T00:00:00Z,382849,382890,389749,380079,380707,2183,0.57,15768581,70951025829,3.97,0.88,0.00,0,7387033,8381548,2306743712000,1735984320000,-2715838976,11728812032,13854503936,-2125691904,18056000000,18646147072,-590147072,21374372096,20697228800,677143296,18946724096,16908028160,2038695936,-3.83,-3.00,-0.83,0.95,2.87,0,40,23,16,1,0,0,35.73,0.00,0.00,0.00,,0.00,,0.00,EastMoney,2026-07-01T17:53:41+08:00
BK0961,2026-07-01T00:00:00Z,210748,214885,216912,209661,211299,3586,1.70,13426268,36127148813,6.12,1.05,0.00,0,6681762,6744506,577142432000,504913952000,356146944,4590068736,4422510848,167557888,9747235840,9558646784,188589056,11998965248,12065153280,-66188032,9160411904,9451022080,-290610176,0.99,0.46,0.52,-0.18,-0.80,0,35,26,9,0,0,0,93.87,0.00,0.00,0.00,,0.00,,0.00,EastMoney,2026-07-01T17:53:41+08:00
BK0963,2026-07-01T00:00:00Z,272858,274574,276707,272687,272243,2331,0.86,96222888,323008173644,3.71,1.02,0.00,0,47551245,48671643,6865558528000,6080571392000,-10681388544,46912096256,55082096128,-8169999872,82050494464,84561883136,-2511388672,103083741184,99861303296,3222437888,85094268928,77628919808,7465349120,-3.31,-2.53,-0.78,1.00,2.31,0,303,198,103,2,0,0,75.18,0.00,0.00,0.00,,0.00,,0.00,EastMoney,2026-07-01T17:53:41+08:00
BK0964,2026-07-01T00:00:00Z,255983,255116,259616,253348,255557,-441,-0.17,18963428,90355995947,5.89,1.08,0.00,0,9217350,9746078,3185483168000,1274999744000,-7541281536,17305741568,21543305216,-4237563648,21208872960,24512590848,-3303717888,26594107904,24917828352,1676279552,23975083008,18122652928,5852430080,-8.35,-4.69,-3.66,1.86,6.48,0,36,20,16,0,0,0,21.20,0.00,0.00,0.00,,0.00,,0.00,EastMoney,2026-07-01T17:53:41+08:00
BK0965,2026-07-01T00:00:00Z,72102,74617,75100,72102,71886,2731,3.80,13484665,6543970260,2.74,1.44,0.00,0,7904546,5580119,451604320000,314496176000,487634336,864898112,453017520,411880592,1323708768,1247955024,75753744,1836170592,2170387232,-334216640,2402968576,2556386288,-153417712,7.45,6.29,1.16,-5.11,-2.34,0,38,36,2,0,0,0,97.37,0.00,0.00,0.00,,0.00,,0.00,EastMoney,2026-07-01T17:53:41+08:00
BK0966,2026-07-01T00:00:00Z,179751,183795,184997,179517,179519,4276,2.38,52578976,72232597397,1.56,1.08,0.00,0,28112746,24466230,2715843520000,2378131728000,2285770240,12399043328,10639028224,1760015104,17576151040,17050395904,525755136,21378430208,22717707776,-1339277568,19688474624,20628930304,-940455680,3.16,2.44,0.73,-1.85,-1.30,0,139,120,18,1,0,0,31.97,0.00,0.00,0.00,,0.00,,0.00,EastMoney,2026-07-01T17:53:41+08:00
BK0967,2026-07-01T00:00:00Z,75567,79284,80011,75538,75586,3698,4.89,5283248,3364670457,2.91,1.58,0.00,0,3154551,2128697,189071222000,184715660000,146457405,362230672,255106691,107123981,730774864,691441440,39333424,1007216576,1134896256,-127679680,1230645120,1249422848,-18777728,4.35,3.18,1.17,-3.79,-0.56,0,16,15,1,0,0,0,-28.13,0.00,0.00,0.00,,0.00,,0.00,EastMoney,2026-07-01T17:53:41+08:00
BK0968,2026-07-01T00:00:00Z,291489,291853,294497,288919,290193,1660,0.57,76991807,281547576706,3.66,0.97,0.00,0,36827670,40164137,7361767680000,6388953344000,-7996575232,42864271616,49999150848,-7134879232,73380048896,74241744896,-861696000,87874793472,85370331136,2504462336,72449286144,66985973248,5463312896,-2.84,-2.53,-0.31,0.89,1.94,0,214,126,84,4,0,0,39.42,0.00,0.00,0.00,,0.00,,0.00,EastMoney,2026-07-01T17:53:41+08:00
BK0969,2026-07-01T00:00:00Z,202256,201519,208527,199321,201977,-458,-0.23,32638339,232973870733,5.56,1.03,0.00,0,15730544,16907795,3138783712000,2977394944000,-11068407552,51370870272,61492033280,-10121163008,65903489024,66850733568,-947244544,77234548736,69330116608,7904432128,35024912640,31856803072,3168109568,-4.75,-4.34,-0.41,3.39,1.36,0,72,31,40,1,0,0,457.55,0.00,0.00,0.00,,0.00,,0.00,EastMoney,2026-07-01T17:53:41+08:00
BK0970,2026-07-01T00:00:00Z,179334,181208,182941,179145,179036,2172,1.21,16420322,63159488548,3.54,0.97,0.00,0,7935992,8484330,1270927312000,1163222656000,-611161856,11697391104,11529871104,167520000,15967681024,16746362880,-778681856,18704641536,19121737984,-417096448,15663448832,14629968128,1033480704,-0.97,0.27,-1.23,-0.66,1.64,0,51,38,13,0,0,0,52.75,0.00,0.00,0.00,,0.00,,0.00,EastMoney,2026-07-01T17:53:41+08:00
BK0972,2026-07-01T00:00:00Z,141326,143385,145357,140644,141282,2103,1.49,14846342,15754203125,4.68,1.12,0.00,0,7437859,7408483,290244752000,266623953000,-16983616,1373189968,1580740416,-207550448,3777528928,3586962096,190566832,5235793664,5289918720,-54125056,5168108032,5097129728,70978304,-0.11,-1.32,1.21,-0.34,0.45,0,33,30,3,0,0,0,-183.79,0.00,0.00,0.00,,0.00,,0.00,EastMoney,2026-07-01T17:53:41+08:00
BK0974,2026-07-01T00:00:00Z,105166,108883,109255,104878,105256,3627,3.45,7785362,10798540466,2.15,1.16,0.00,0,4181225,3604137,558658368000,481887888000,198424416,673789456,615383632,58405824,2321764448,2181745856,140018592,3419597344,3721061792,-301464448,4137232944,4024994816,112238128,1.84,0.54,1.30,-2.79,1.04,0,62,62,0,0,0,0,53.04,0.00,0.00,0.00,,0.00,,0.00,EastMoney,2026-07-01T17:53:41+08:00
BK0975,2026-07-01T00:00:00Z,229289,229406,231056,227903,228595,811,0.35,11531077,24644983808,1.63,0.98,0.00,0,5864501,5666576,877732704000,754077952000,-1550527216,2560564784,3478342176,-917777392,5755201536,6387951360,-632749824,8004615936,7765507584,239108352,7992838144,6681419264,1311418880,-6.29,-3.72,-2.57,0.97,5.32,0,30,21,9,0,0,0,17.23,0.00,0.00,0.00,,0.00,,0.00,EastMoney,2026-07-01T17:53:41+08:00
BK0976,2026-07-01T00:00:00Z,339531,335917,344628,330359,331860,4057,1.22,12784227,93476338122,8.58,0.95,0.00,0,6097996,6686231,1279157408000,1164368608000,-1601938176,17839426048,19597523456,-1758097408,25463212032,25307052800,156159232,27529131264,26336829696,1192301568,20475906304,20067118336,408787968,-1.71,-1.88,0.17,1.28,0.44,0,29,18,11,0,0,0,97.53,0.00,0.00,0.00,,0.00,,0.00,EastMoney,2026-07-01T17:53:41+08:00
BK0977,2026-07-01T00:00:00Z,289329,286299,294299,283364,288157,-1858,-0.64,29262381,120490027951,7.19,0.97,0.00,0,13645365,15617015,1987622736000,1660132368000,-6512165376,17943569152,22611111168,-4667542016,32173004032,34017627392,-1844623360,39204815104,37018438400,2186376704,29184069376,24862148608,4321920768,-5.40,-3.87,-1.53,1.81,3.59,0,46,18,28,0,0,0,154.60,0.00,0.00,0.00,,0.00,,0.00,EastMoney,2026-07-01T17:53:41+08:00
BK0979,2026-07-01T00:00:00Z,84705,86842,87561,84374,84729,2113,2.49,5230751,1508022236,0.79,1.16,0.00,0,3159778,2070974,239870052000,229717428000,45394039,203222669,150600246,52622423,368105040,375333424,-7228384,445702240,461343200,-15640960,472359424,502112496,-29753072,3.01,3.49,-0.48,-1.04,-1.97,0,7,7,0,0,0,0,23.33,0.00,0.00,0.00,,0.00,,0.00,EastMoney,2026-07-01T17:53:41+08:00
BK0980,2026-07-01T00:00:00Z,98894,101760,102493,98759,99033,2727,2.75,22552601,17861465917,1.69,1.13,0.00,0,12383013,10169588,933621536000,868257248000,778873920,2359647072,1840062592,519584480,4508664064,4249374624,259289440,5404617472,5703090688,-298473216,5342397696,5822172672,-479774976,4.36,2.91,1.45,-1.67,-2.69,0,58,53,4,1,0,0,22.06,0.00,0.00,0.00,,0.00,,0.00,EastMoney,2026-07-01T17:53:41+08:00
BK0981,2026-07-01T00:00:00Z,352473,368938,373609,352330,351880,17058,4.85,14921817,78759711202,5.03,1.21,0.00,0,7582846,7338971,1095641600000,821005328000,-1406715392,17957516544,18259791104,-302274560,21642266112,22746706944,-1104440832,23087459072,23098607616,-11148544,14323321344,12889483008,1433838336,-1.79,-0.38,-1.40,-0.01,1.82,0,30,27,2,1,0,0,112.77,0.00,0.00,0.00,,0.00,,0.00,EastMoney,2026-07-01T17:53:41+08:00
BK0982,2026-07-01T00:00:00Z,123108,125022,126676,122971,122633,2389,1.95,4474222,3658554998,3.37,0.99,0.00,0,2189684,2284537,135586902000,113657529000,44255408,311606288,291038464,20567824,871488816,847801232,23687584,1197081712,1236460640,-39378928,1226783616,1231660096,-4876480,1.21,0.56,0.65,-1.08,-0.13,0,18,16,2,0,0,0,-52.06,0.00,0.00,0.00,,0.00,,0.00,EastMoney,2026-07-01T17:53:41+08:00
BK0983,2026-07-01T00:00:00Z,174084,177678,178460,173722,174173,3505,2.01,9121207,12055382442,1.62,1.09,0.00,0,4574993,4546214,433928688000,357066848000,52017776,1130049200,1109532304,20516896,2918068128,2886567248,31500880,3864338688,3837489296,26849392,3960636896,4034536064,-73899168,0.43,0.17,0.26,0.22,-0.61,0,31,22,9,0,0,0,39.54,0.00,0.00,0.00,,0.00,,0.00,EastMoney,2026-07-01T17:53:41+08:00
BK0984,2026-07-01T00:00:00Z,229221,231035,232891,229102,229021,2014,0.88,30111900,68544331364,2.67,1.01,0.00,0,14395067,15716834,1926051600000,1720672144000,-7676160,8277931264,8940814592,-662883328,17647286784,16992079616,655207168,21889951744,21417826560,472125184,19425096448,19888284928,-463188480,-0.01,-0.97,0.96,0.69,-0.68,0,123,83,39,1,0,0,46.97,0.00,0.00,0.00,,0.00,,0.00,EastMoney,2026-07-01T17:53:41+08:00
BK0985,2026-07-01T00:00:00Z,162737,162787,164269,161262,162702,85,0.05,9514470,19660458860,1.92,0.99,0.00,0,4540558,4973912,797452832000,766179792000,-274684432,1964751344,2325525760,-360774416,4877833728,4791743744,86089984,6388140032,6208470784,179669248,6182446592,6081186816,101259776,-1.40,-1.84,0.44,0.91,0.52,0,42,22,19,1,0,0,39.06,0.00,0.00,0.00,,0.00,,0.00,EastMoney,2026-07-01T17:53:41+08:00
BK0986,2026-07-01T00:00:00Z,106723,111263,111446,104871,107244,4019,3.75,7800895,21755128192,4.08,1.32,0.00,0,4184321,3616574,674533760000,544122224000,-378914784,3941060128,4216567296,-275507168,5632325888,5735733504,-103407616,6406061056,6289139200,116921856,5478206720,5215268096,262938624,-1.74,-1.27,-0.48,0.54,1.21,0,25,23,2,0,0,0,46.96,0.00,0.00,0.00,,0.00,,0.00,EastMoney,2026-07-01T17:53:41+08:00
BK0988,2026-07-01T00:00:00Z,181285,183856,185506,179527,180529,3327,1.84,25604393,74048417446,2.70,0.96,0.00,0,12528396,13075996,3257027280000,2880983392000,-1311344896,11692235776,12118419200,-426183424,18869880064,19755041536,-885161472,21520107008,21662205696,-142098688,20481171456,19023837952,1457333504,-1.77,-0.58,-1.20,-0.19,1.97,0,71,48,21,2,0,0,29.41,0.00,0.00,0.00,,0.00,,0.00,EastMoney,2026-07-01T17:53:41+08:00
BK0989,2026-07-01T00:00:00Z,238637,239897,241757,237163,238172,1725,0.72,153098482,369797275466,2.53,1.05,0.00,0,75037852,78060630,12523276800000,10593177856000,-12437394944,54989879296,62545436160,-7555556864,90689974272,95571812352,-4881838080,113109172224,109874757632,3234414592,104779251712,95521984512,9257267200,-3.36,-2.04,-1.32,0.87,2.50,0,457,291,156,10,0,0,34.56,0.00,0.00,0.00,,0.00,,0.00,EastMoney,2026-07-01T17:53:41+08:00
BK0990,2026-07-01T00:00:00Z,104278,106583,107252,104278,103189,3394,3.29,11186213,10692369198,2.02,1.20,0.00,0,5650377,5535836,583586384000,509818544000,233214848,1543304304,1280047104,263257200,2373339328,2403381680,-30042352,3053206464,3360807056,-307600592,3509708624,3434249184,75459440,2.18,2.46,-0.28,-2.88,0.71,0,41,36,4,1,0,0,17.27,0.00,0.00,0.00,,0.00,,0.00,EastMoney,2026-07-01T17:53:41+08:00
BK0991,2026-07-01T00:00:00Z,157758,159440,160435,156813,157339,2101,1.34,12050722,17182021596,1.41,1.08,0.00,0,6110700,5940022,1088842000000,933054304000,43596512,1734146192,1867106336,-132960144,4249818784,4073262128,176556656,5601516544,5444139008,157377536,5293390592,5481722624,-188332032,0.25,-0.77,1.03,0.92,-1.10,0,57,46,10,1,0,0,16.54,0.00,0.00,0.00,,0.00,,0.00,EastMoney,2026-07-01T17:53:41+08:00
BK0992,2026-07-01T00:00:00Z,68600,70229,70731,68252,68272,1957,2.87,12073873,8504015871,1.41,1.10,0.00,0,6745663,5328210,612785376000,565752128000,697496464,1419839680,889619200,530220480,2096325248,1929049264,167275984,2449619920,2783307776,-333687856,2424258672,2788067264,-363808592,8.20,6.23,1.97,-3.92,-4.28,0,24,24,0,0,0,0,-10.27,0.00,0.00,0.00,,0.00,,0.00,EastMoney,2026-07-01T17:53:41+08:00
BK0993,2026-07-01T00:00:00Z,77523,80077,80369,77250,77511,2566,3.31,6588238,8251049727,2.21,1.11,0.00,0,3512090,3076148,363526176000,319267840000,290831984,717720144,442187616,275532528,1621129296,1605829840,15299456,2468874560,2787613968,-318739408,3222523984,3197382896,25141088,3.52,3.34,0.19,-3.86,0.30,0,69,66,3,0,0,0,157.77,0.00,0.00,0.00,,0.00,,0.00,EastMoney,2026-07-01T17:53:41+08:00
BK0994,2026-07-01T00:00:00Z,238218,241893,243320,238024,237733,4160,1.75,6038095,16196062429,4.37,1.15,0.00,0,3185732,2852364,363643904000,341851920000,573410736,2077764064,1832573328,245190736,4121213952,3792993952,328220000,5219931904,5466750720,-246818816,4515331584,4841923584,-326592000,3.54,1.51,2.03,-1.52,-2.02,0,20,15,5,0,0,0,344.56,0.00,0.00,0.00,,0.00,,0.00,EastMoney,2026-07-01T17:53:41+08:00
BK0995,2026-07-01T00:00:00Z,153153,156074,158137,153128,153279,2795,1.82,13704743,29380852386,3.95,1.14,0.00,0,6914111,6790633,652171008000,568372880000,372334176,3166486912,2920757792,245729120,7201146368,7074541312,126605056,9416229120,9807531520,-391302400,9158990080,9137988352,21001728,1.27,0.84,0.43,-1.33,0.07,0,49,37,11,1,0,0,148.94,0.00,0.00,0.00,,0.00,,0.00,EastMoney,2026-07-01T17:53:41+08:00
BK0996,2026-07-01T00:00:00Z,88072,90820,91003,87592,88126,2694,3.06,3060155,2519228899,2.05,1.16,0.00,0,1683930,1376225,112727231000,97116202000,48756533,126038857,106840148,19198709,495848464,466290640,29557824,820379056,892326000,-71946944,1036584000,1013393584,23190416,1.94,0.76,1.17,-2.86,0.92,0,18,18,0,0,0,0,51.95,0.00,0.00,0.00,,0.00,,0.00,EastMoney,2026-07-01T17:53:41+08:00
BK0998,2026-07-01T00:00:00Z,217460,220547,223076,217460,216876,3671,1.69,16912926,69807407168,4.08,1.11,0.00,0,8194353,8718573,1326553968000,1118506400000,617020416,12275192320,11865311744,409880576,18660984576,18453844736,207139840,20598987264,21411677184,-812689920,17010459904,16823077632,187382272,0.88,0.59,0.30,-1.16,0.27,0,95,72,22,1,0,0,112.79,0.00,0.00,0.00,,0.00,,0.00,EastMoney,2026-07-01T17:53:41+08:00
BK0999,2026-07-01T00:00:00Z,69345,70222,70602,68616,69448,774,1.11,34135261,196089501791,1.88,1.15,0.00,0,17747695,16387567,13457157888000,11130062080000,-1757982208,43344676608,43057765376,286911232,55798225152,57843118592,-2044893440,58099537408,58580198912,-480661504,36581230080,34342585856,2238644224,-0.90,0.15,-1.04,-0.25,1.14,0,42,31,11,0,0,0,20.49,0.00,0.00,0.00,,0.00,,0.00,EastMoney,2026-07-01T17:53:41+08:00
BK1000,2026-07-01T00:00:00Z,67003,67693,68328,65952,67411,282,0.42,16372112,129674298024,3.40,1.16,0.00,0,8038952,8333160,5572670208000,4754318336000,-3752050176,27095263488,30148208384,-3052944896,38663782400,39362887680,-699105280,39422482432,39010908416,411574016,22929183488,19588707328,3340476160,-2.89,-2.35,-0.54,0.32,2.58,0,24,15,9,0,0,0,32.33,0.00,0.00,0.00,,0.00,,0.00,EastMoney,2026-07-01T17:53:41+08:00
BK1001,2026-07-01T00:00:00Z,112075,115282,115831,111908,112118,3164,2.82,38005627,33357448806,2.10,1.14,0.00,0,20626678,17378949,1251924800000,1158694976000,-166735904,3153456352,3277131520,-123675168,7568230144,7611290880,-43060736,10445032704,10920722176,-475689472,11752237824,11109812736,642425088,-0.50,-0.37,-0.13,-1.43,1.93,0,162,143,17,2,0,0,105.21,0.00,0.00,0.00,,0.00,,0.00,EastMoney,2026-07-01T17:53:41+08:00
BK1002,2026-07-01T00:00:00Z,304826,302781,307196,300139,305278,-2497,-0.82,17395328,66586062618,5.79,0.98,0.00,0,8223698,9171630,1228916656000,1076897904000,-3303696640,10029544704,11992672768,-1963128064,17230803200,18571371776,-1340568576,21535064832,20396453888,1138610944,16755128832,14590043136,2165085696,-4.96,-2.95,-2.01,1.71,3.25,0,43,20,23,0,0,0,105.58,0.00,0.00,0.00,,0.00,,0.00,EastMoney,2026-07-01T17:53:41+08:00
BK1003,2026-07-01T00:00:00Z,182785,184444,185630,181858,181955,2489,1.37,21441688,32186932090,1.79,1.05,0.00,0,10933127,10508561,1731938368000,1611953744000,528315136,5085165056,4955137536,130027520,7946553088,7548265472,398287616,9742118656,9765979392,-23860736,8791750144,9295467776,-503717632,1.64,0.40,1.24,-0.07,-1.56,0,39,29,9,1,0,0,20.30,0.00,0.00,0.00,,0.00,,0.00,EastMoney,2026-07-01T17:53:41+08:00
BK1004,2026-07-01T00:00:00Z,242400,246428,247759,242400,241015,5413,2.25,20848216,91502270226,3.03,0.94,0.00,0,10070746,10777471,2281265664000,1845610352000,-3420737280,15806193408,18598643712,-2792450304,23121220352,23749507328,-628286976,28732793088,27630206976,1102586112,22087780352,19760239872,2327540480,-3.74,-3.05,-0.69,1.20,2.54,0,84,62,21,1,0,0,42.43,0.00,0.00,0.00,,0.00,,0.00,EastMoney,2026-07-01T17:53:41+08:00
BK1005,2026-07-01T00:00:00Z,179902,182354,183484,179699,179631,2723,1.52,137793731,775910871441,5.01,1.05,0.00,0,67867415,69926316,16735620096000,13476132096000,-18296762368,126550667264,141204721664,-14654054400,212431347712,216074055680,-3642707968,261522276352,248373338112,13148938240,156849303552,151964106752,4885196800,-2.36,-1.89,-0.47,1.69,0.63,0,1254,870,374,10,0,0,124.66,0.00,0.00,0.00,,0.00,,0.00,EastMoney,2026-07-01T17:53:41+08:00
BK1006,2026-07-01T00:00:00Z,140677,143086,144182,140674,140053,3033,2.17,10898912,15902338794,6.07,0.96,0.00,0,5124884,5774028,236142691000,217423311000,128770160,1634930112,1590916272,44013840,3980922832,3896166512,84756320,5133443328,5108468224,24975104,4859057920,5012803072,-153745152,0.81,0.28,0.53,0.16,-0.97,0,21,15,6,0,0,0,909.72,0.00,0.00,0.00,,0.00,,0.00,EastMoney,2026-07-01T17:53:41+08:00
BK1007,2026-07-01T00:00:00Z,139843,136904,139932,135861,140618,-3714,-2.64,12786591,19801173767,8.66,0.99,0.00,0,5595873,7190718,232263149000,210596038000,-1562911056,2182835856,3301094880,-1118259024,4521820160,4966472192,-444652032,6039847424,6093577472,-53730048,6724601856,5107960832,1616641024,-7.89,-5.65,-2.25,-0.27,8.16,0,19,6,13,0,0,0,-203.78,0.00,0.00,0.00,,0.00,,0.00,EastMoney,2026-07-01T17:53:41+08:00
BK1008,2026-07-01T00:00:00Z,144386,146234,149049,144386,143865,2369,1.65,6407679,18042738049,2.69,1.00,0.00,0,3079322,3328357,426881888000,418809360000,-1089079872,2010944080,2542388608,-531444528,4084937968,4642573312,-557635344,5655060736,5768754176,-113693440,6020043520,4817270528,1202772992,-6.04,-2.95,-3.09,-0.63,6.67,0,20,17,3,0,0,0,-168.51,0.00,0.00,0.00,,0.00,,0.00,EastMoney,2026-07-01T17:53:41+08:00
BK1009,2026-07-01T00:00:00Z,213304,217829,219729,212842,212494,5335,2.51,63953606,101658137391,4.09,1.06,0.00,0,31854790,32098815,4195252768000,2195684976000,1602528768,12992365312,11885034752,1107330560,26081901056,25586702848,495198208,32340363264,33097238016,-756874752,28616406528,29433097472,-816690944,1.58,1.09,0.49,-0.74,-0.80,0,142,115,26,1,0,0,31.60,0.00,0.00,0.00,,0.00,,0.00,EastMoney,2026-07-01T17:53:41+08:00
BK1010,2026-07-01T00:00:00Z,100553,104093,104829,100402,100988,3105,3.07,22418599,42942809963,2.79,1.03,0.00,0,11853356,10565243,1261618624000,1104984528000,-316240640,6682530048,7046783744,-364253696,11034050816,10986037760,48013056,13467202048,13315924224,151277824,11096877312,10918359552,178517760,-0.74,-0.85,0.11,0.35,0.42,0,47,40,7,0,0,0,20.84,0.00,0.00,0.00,,0.00,,0.00,EastMoney,2026-07-01T17:53:41+08:00
BK1011,2026-07-01T00:00:00Z,70618,72504,73103,70423,70536,1968,2.79,13282152,21270358171,3.78,1.12,0.00,0,7052973,6229179,615681360000,606078256000,167384672,2767355808,2786781504,-19425696,5563515392,5376705024,186810368,6733846784,6905794304,-171947520,5914729984,5906268416,8461568,0.79,-0.09,0.88,-0.81,0.04,0,23,19,3,1,0,0,25.09,0.00,0.00,0.00,,0.00,,0.00,EastMoney,2026-07-01T17:53:41+08:00
BK1012,2026-07-01T00:00:00Z,159688,167596,169165,159642,157991,9605,6.08,9615311,40661857840,5.52,1.13,0.00,0,4858054,4757257,667972864000,636501376000,1686026240,12672996096,10409862912,2263133184,10128135424,10705242368,-577106944,9737187840,11036408576,-1299220736,6944045056,7330850816,-386805760,4.15,5.57,-1.42,-3.20,-0.95,0,16,12,3,1,0,0,56.05,0.00,0.00,0.00,,0.00,,0.00,EastMoney,2026-07-01T17:53:41+08:00
BK1013,2026-07-01T00:00:00Z,106499,109546,111285,106496,106534,3012,2.83,2332907,6349848124,3.34,1.06,0.00,0,1178342,1154565,189215275000,167040234000,-6851840,488558192,570743168,-82184976,1523592176,1448259040,75333136,2116840032,2143816144,-26976112,1953235808,1887186064,66049744,-0.11,-1.29,1.19,-0.42,1.04,0,15,13,1,1,0,0,-1208.97,0.00,0.00,0.00,,0.00,,0.00,EastMoney,2026-07-01T17:53:41+08:00
BK1014,2026-07-01T00:00:00Z,162652,165326,166514,162186,162231,3095,1.91,3017057,4318395768,1.70,0.91,0.00,0,1558867,1458190,185245463000,160656992000,-16331514,236597009,266223707,-29626698,870780512,857485328,13295184,1299276128,1399595008,-100318880,1852265712,1735615344,116650368,-0.38,-0.69,0.31,-2.32,2.70,0,23,18,5,0,0,0,43.12,0.00,0.00,0.00,,0.00,,0.00,EastMoney,2026-07-01T17:53:41+08:00
BK1015,2026-07-01T00:00:00Z,102434,104180,104959,99339,101444,2736,2.70,4891030,24044477619,5.81,0.96,0.00,0,2445001,2446029,538869872000,448367424000,1346129248,3576486544,2835070768,741415776,6410386944,5805673472,604713472,7610025984,7902365952,-292339968,6004804608,7058594048,-1053789440,5.60,3.08,2.51,-1.22,-4.38,0,11,9,2,0,0,0,31.55,0.00,0.00,0.00,,0.00,,0.00,EastMoney,2026-07-01T17:53:41+08:00
BK1016,2026-07-01T00:00:00Z,84887,88208,88867,84708,85011,3197,3.76,1598361,953118700,1.95,1.20,0.00,0,854158,744203,40648936000,39642804000,66116530,109887921,65965312,43922609,212658930,190465009,22193921,267830925,321942880,-54111955,348309296,355796912,-7487616,6.94,4.61,2.33,-5.68,-0.79,0,10,9,1,0,0,0,-375.36,0.00,0.00,0.00,,0.00,,0.00,EastMoney,2026-07-01T17:53:41+08:00
BK1017,2026-07-01T00:00:00Z,146752,149895,151056,146175,146521,3374,2.30,5550422,5354368903,1.26,1.05,0.00,0,2966131,2584291,301311296000,260728430000,63628480,752329264,725515488,26813776,1227659040,1190844336,36814704,1503229328,1574714512,-71485184,1749924624,1735650080,14274544,1.19,0.50,0.69,-1.34,0.27,0,21,17,4,0,0,0,20.75,0.00,0.00,0.00,,0.00,,0.00,EastMoney,2026-07-01T17:53:41+08:00
BK1018,2026-07-01T00:00:00Z,149144,153277,154194,149061,149368,3909,2.62,3886848,9157223463,4.99,1.12,0.00,0,1976272,1910576,151839224000,135488487000,-185637328,1208039248,1274614416,-66575168,2189070832,2308132992,-119062160,2819687856,2926242800,-106554944,2753877424,2463815552,290061872,-2.03,-0.73,-1.30,-1.16,3.17,0,23,19,4,0,0,0,129.35,0.00,0.00,0.00,,0.00,,0.00,EastMoney,2026-07-01T17:53:41+08:00
BK1019,2026-07-01T00:00:00Z,101387,104951,105706,101344,101190,3761,3.72,22799461,33695959588,2.95,1.21,0.00,0,11775466,11023996,860131952000,795889792000,36783360,5010834688,4583130368,427704320,7872107776,8263028736,-390920960,10173903872,10199899392,-25995520,9906796544,9928918784,-22122240,0.11,1.27,-1.16,-0.08,-0.07,0,65,61,4,0,0,0,36.81,0.00,0.00,0.00,,0.00,,0.00,EastMoney,2026-07-01T17:53:41+08:00
BK1020,2026-07-01T00:00:00Z,236245,233968,237448,231747,236453,-2485,-1.05,1502703,9976247431,4.93,0.90,0.00,0,719011,783692,176682106000,163786272000,-644528064,1162170752,1569705104,-407534352,2617930384,2854924096,-236993712,3782731920,3424045632,358686288,1904651904,1698161056,206490848,-6.46,-4.09,-2.38,3.60,2.07,0,14,6,8,0,0,0,-551.51,0.00,0.00,0.00,,0.00,,0.00,EastMoney,2026-07-01T17:53:41+08:00
BK1022,2026-07-01T00:00:00Z,117839,121396,122432,117620,117630,3766,3.20,19992530,20386397696,3.78,1.32,0.00,0,10842474,9150056,587165056000,548543008000,869982496,2177342752,1771536128,405806624,4982611200,4518435328,464175872,6406221824,6881357568,-475135744,6482681344,6857646592,-374965248,4.27,1.99,2.28,-2.33,-1.84,0,67,55,11,1,0,0,19.99,0.00,0.00,0.00,,0.00,,0.00,EastMoney,2026-07-01T17:53:41+08:00
BK1023,2026-07-01T00:00:00Z,353713,347083,359771,344852,354038,-6955,-1.96,7228913,22659467036,5.10,0.83,0.00,0,3401625,3827288,362392544000,337595872000,-1389216816,2696913104,3617549312,-920636208,5521048320,5989628928,-468580608,7104985344,6903365888,201619456,6568265984,5429120512,1139145472,-6.13,-4.06,-2.07,0.89,5.03,0,17,7,10,0,0,0,-126.38,0.00,0.00,0.00,,0.00,,0.00,EastMoney,2026-07-01T17:53:41+08:00
BK1024,2026-07-01T00:00:00Z,122239,124773,125409,121870,122100,2673,2.19,111459901,94805578292,2.15,1.13,0.00,0,57473682,53986219,6086702080000,3996391632000,2453040384,16606956032,14167830272,2439125760,22135481088,22121566464,13914624,27285799424,28258617088,-972817664,27031180032,28508324096,-1477144064,2.59,2.57,0.01,-1.03,-1.56,0,170,151,14,5,0,0,17.48,0.00,0.00,0.00,,0.00,,0.00,EastMoney,2026-07-01T17:53:41+08:00
BK1025,2026-07-01T00:00:00Z,92539,95910,96636,92463,92482,3428,3.71,20618886,9996886208,2.94,1.45,0.00,0,11959636,8659250,556153888000,408096640000,545713264,1208734336,735299504,473434832,2187583872,2115305440,72278432,2824297984,3244745200,-420447216,3589516592,3707313856,-117797264,5.46,4.74,0.72,-4.21,-1.18,0,65,59,4,2,0,0,135.83,0.00,0.00,0.00,,0.00,,0.00,EastMoney,2026-07-01T17:53:41+08:00
BK1026,2026-07-01T00:00:00Z,88779,90865,91540,88779,88675,2190,2.47,6826948,8582424108,2.12,1.09,0.00,0,3339361,3487588,603354192000,455870640000,-383675168,689636672,848990704,-159354032,1707474256,1931795392,-224321136,2655953984,2745512144,-89558160,3382838000,2900038944,482799056,-4.47,-1.86,-2.61,-1.04,5.63,0,33,31,2,0,0,0,28.17,0.00,0.00,0.00,,0.00,,0.00,EastMoney,2026-07-01T17:53:41+08:00
BK1027,2026-07-01T00:00:00Z,468262,467607,477737,463657,468108,-501,-0.11,13238085,64005567823,5.84,0.85,0.00,0,6242508,6995577,1366386752000,1061270528000,-3107969792,9424612608,11299104000,-1874491392,16012320768,17245799168,-1233478400,20298533120,19553483264,745049856,17269456384,14903866880,2365589504,-4.86,-2.93,-1.93,1.16,3.70,0,25,13,12,0,0,0,62.99,0.00,0.00,0.00,,0.00,,0.00,EastMoney,2026-07-01T17:53:41+08:00
BK1028,2026-07-01T00:00:00Z,172646,178519,179705,172483,172822,5697,3.30,5404337,6906516991,1.99,1.16,0.00,0,2795532,2608805,266725253000,252878865000,-818448,706888256,664150960,42737296,1551407408,1594963152,-43555744,2144324096,2240380080,-96055984,2386492960,2274353200,112139760,-0.01,0.62,-0.63,-1.39,1.62,0,32,29,2,1,0,0,21.71,0.00,0.00,0.00,,0.00,,0.00,EastMoney,2026-07-01T17:53:41+08:00
BK1029,2026-07-01T00:00:00Z,133707,135899,136624,133690,133736,2163,1.62,9597968,12636254017,1.13,0.96,0.00,0,5041111,4556856,1558922800000,1022338976000,90132752,1503186032,1398432256,104753776,2936756352,2951377376,-14621024,3905838416,4113707872,-207869456,4159141152,4041404448,117736704,0.71,0.83,-0.12,-1.65,0.93,0,26,21,4,1,0,0,28.34,0.00,0.00,0.00,,0.00,,0.00,EastMoney,2026-07-01T17:53:41+08:00
BK1030,2026-07-01T00:00:00Z,250495,254435,255781,249695,250072,4363,1.74,3467096,7119999202,3.02,0.93,0.00,0,1650187,1816909,267531715000,229363433000,49914944,405323888,447188480,-41864592,1627724320,1535944784,91779536,2355819504,2377836256,-22016752,2572101488,2607727280,-35625792,0.70,-0.59,1.29,-0.31,-0.50,0,27,24,2,1,0,0,58.11,0.00,0.00,0.00,,0.00,,0.00,EastMoney,2026-07-01T17:53:41+08:00
BK1031,2026-07-01T00:00:00Z,133641,134822,136965,130384,133773,1049,0.78,30757588,79149679955,3.96,1.19,0.00,0,15247970,15509618,1669501632000,1478384896000,-1696843776,14485919488,14243652608,242266880,20715449088,22654559744,-1939110656,23369969920,23119877120,250092800,19223805440,17758284288,1465521152,-2.14,0.31,-2.45,0.32,1.85,0,67,45,22,0,0,0,-50.61,0.00,0.00,0.00,,0.00,,0.00,EastMoney,2026-07-01T17:53:41+08:00
BK1032,2026-07-01T00:00:00Z,136070,137549,138757,134244,135931,1618,1.19,9782704,18910751692,4.15,1.33,0.00,0,5080961,4701743,437428784000,337325184000,-10176304,2506812688,2946602304,-439789616,4840273408,4410660096,429613312,5836495872,5683139840,153356032,5310976512,5457269248,-146292736,-0.05,-2.33,2.27,0.81,-0.77,0,31,26,4,1,0,0,67.40,0.00,0.00,0.00,,0.00,,0.00,EastMoney,2026-07-01T17:53:41+08:00
BK1033,2026-07-01T00:00:00Z,156378,157273,159096,154165,155917,1356,0.87,29380447,119965633220,4.43,1.03,0.00,0,14405240,14975206,3936176128000,3530471520000,-612403712,15756627200,17042216960,-1285589760,32402352640,31729166592,673186048,37941566208,37398464768,543101440,32141264896,32067499008,73765888,-0.51,-1.07,0.56,0.45,0.06,0,106,64,39,3,0,0,35.03,0.00,0.00,0.00,,0.00,,0.00,EastMoney,2026-07-01T17:53:41+08:00
BK1034,2026-07-01T00:00:00Z,340223,333682,340986,331122,340436,-6754,-1.98,8179020,29908813566,2.68,1.04,0.00,0,3707470,4471550,771923968000,607691440000,-1283778848,3519252704,4540519680,-1021266976,7491039488,7753551360,-262511872,10328118016,9836054784,492063232,8263182848,7470998528,792184320,-4.29,-3.41,-0.88,1.65,2.65,0,33,16,17,0,0,0,75.04,0.00,0.00,0.00,,0.00,,0.00,EastMoney,2026-07-01T17:53:41+08:00
BK1035,2026-07-01T00:00:00Z,83711,86096,86760,83380,83790,2306,2.75,2093070,3873903526,1.77,1.08,0.00,0,1088988,1004082,250687716000,205321196000,74283707,127928547,161965288,-34036741,746866544,638546096,108320448,1243408608,1353132160,-109723552,1617967488,1575048800,42918688,1.92,-0.88,2.80,-2.83,1.11,0,32,31,1,0,0,0,32.27,0.00,0.00,0.00,,0.00,,0.00,EastMoney,2026-07-01T17:53:41+08:00
BK1036,2026-07-01T00:00:00Z,381516,378966,396267,374346,380830,-1864,-0.49,63831413,676592859453,7.92,1.05,0.00,0,31230929,32600484,15103426048000,11132634624000,-25955897344,150189780992,175771246592,-25581465600,213498929152,213873360896,-374431744,220991729664,202559057920,18432671744,81347080192,73758511104,7588569088,-3.84,-3.78,-0.06,2.72,1.12,0,179,66,111,2,0,0,246.40,0.00,0.00,0.00,,0.00,,0.00,EastMoney,2026-07-01T17:53:41+08:00
BK1037,2026-07-01T00:00:00Z,229400,228578,231630,226921,228635,-57,-0.02,27937964,126343458101,3.45,0.91,0.00,0,13210360,14727604,4021484944000,3690480080000,-7009156864,19517180928,24807569664,-5290388736,31680355072,33399123200,-1718768128,37574874624,35802408192,1772466432,35461998080,30214830848,5247167232,-5.55,-4.19,-1.36,1.40,4.15,0,98,52,45,1,0,0,45.00,0.00,0.00,0.00,,0.00,,0.00,EastMoney,2026-07-01T17:53:41+08:00
BK1038,2026-07-01T00:00:00Z,256067,256761,258763,253871,256755,6,0.00,122945178,161765291026,9.54,1.13,0.00,0,60856468,62088709,2141522144000,1619984032000,-7675739392,29807055104,35991779328,-6184724224,39844847360,41335862528,-1491015168,45853346304,43716160512,2137185792,41207630336,35845955584,5361674752,-4.74,-3.82,-0.92,1.32,3.31,0,98,44,51,3,0,0,350.64,0.00,0.00,0.00,,0.00,,0.00,EastMoney,2026-07-01T17:53:41+08:00
BK1039,2026-07-01T00:00:00Z,478415,485986,500627,478014,478686,7300,1.53,17187438,97828827226,12.03,0.99,0.00,0,8381033,8806405,1084201984000,855246768000,-3350731776,19009639680,20867333888,-1857694208,27224799488,28717837056,-1493037568,30830907904,29440992512,1389915392,19197816576,17235170304,1962646272,-3.43,-1.90,-1.53,1.42,2.01,0,37,18,17,2,0,0,172.64,0.00,0.00,0.00,,0.00,,0.00,EastMoney,2026-07-01T17:53:41+08:00
BK1040,2026-07-01T00:00:00Z,118573,123495,123572,117638,118698,4797,4.04,13064841,11887617039,2.13,1.26,0.00,0,7687115,5377727,725786752000,695642624000,452410416,1056492016,759239008,297253008,2552905696,2397748288,155157408,3665219024,3964762368,-299543344,4431488512,4575432192,-143943680,3.81,2.50,1.31,-2.52,-1.21,0,66,65,1,0,0,0,25.18,0.00,0.00,0.00,,0.00,,0.00,EastMoney,2026-07-01T17:53:41+08:00
BK1041,2026-07-01T00:00:00Z,85969,89295,89410,85520,86058,3237,3.76,11192673,26371410554,2.60,1.22,0.00,0,6044634,5148040,1218662016000,1081521008000,478205376,2459923616,2060718048,399205568,5870039552,5791039744,78999808,8487842816,9197715712,-709872896,9014208000,8738670592,275537408,1.81,1.51,0.30,-2.69,1.04,0,138,125,12,1,0,0,44.81,0.00,0.00,0.00,,0.00,,0.00,EastMoney,2026-07-01T17:53:41+08:00
BK1042,2026-07-01T00:00:00Z,95698,99165,99270,95152,95758,3407,3.56,4221819,3460228119,1.53,1.05,0.00,0,2498961,1722858,281123584000,243586224000,-69713041,102341809,126761090,-24419281,596292432,641586192,-45293760,1068156448,1197056512,-128900064,1654979184,1456366064,198613120,-2.01,-0.71,-1.31,-3.73,5.74,0,32,32,0,0,0,0,15.41,0.00,0.00,0.00,,0.00,,0.00,EastMoney,2026-07-01T17:53:41+08:00
BK1043,2026-07-01T00:00:00Z,145312,149226,149898,145030,145094,4132,2.85,3527816,6598412579,2.66,1.18,0.00,0,1871397,1656419,239403054000,190018059000,107670528,656783776,670615376,-13831600,1704674384,1583172256,121502128,2001640576,2125436480,-123795904,2090491808,2061464336,29027472,1.63,-0.21,1.84,-1.88,0.44,0,34,29,5,0,0,0,36.07,0.00,0.00,0.00,,0.00,,0.00,EastMoney,2026-07-01T17:53:41+08:00
BK1044,2026-07-01T00:00:00Z,91580,95776,96016,90085,91667,4109,4.48,9286445,21247341264,2.50,1.33,0.00,0,4993069,4293376,915474208000,800577888000,816700416,2082275152,1791874896,290400256,5694023168,5167723008,526300160,7249945600,7608660224,-358714624,5792894464,6263881216,-470986752,3.84,1.37,2.48,-1.69,-2.22,0,58,56,2,0,0,0,-325.06,0.00,0.00,0.00,,0.00,,0.00,EastMoney,2026-07-01T17:53:41+08:00
BK1045,2026-07-01T00:00:00Z,99684,101716,102791,98236,98665,3051,3.09,3620345,1185974198,2.70,1.26,0.00,0,2002521,1617824,54090130000,49190195000,16370981,83107343,53780345,29326998,259630111,272586128,-12956017,333110528,392322592,-59212064,456486000,413644928,42841072,1.38,2.47,-1.09,-4.99,3.61,0,14,12,2,0,0,0,-8.36,0.00,0.00,0.00,,0.00,,0.00,EastMoney,2026-07-01T17:53:41+08:00
BK1046,2026-07-01T00:00:00Z,129505,130402,131447,127344,129207,1195,0.92,11166304,15268649449,3.41,1.06,0.00,0,5584500,5581803,422443408000,382853456000,-146989616,1383888304,1646138144,-262249840,3899058848,3783798624,115260224,5180071936,4787454720,392617216,4624834304,4870461952,-245627648,-0.96,-1.72,0.75,2.57,-1.61,0,24,19,5,0,0,0,24.36,0.00,0.00,0.00,,0.00,,0.00,EastMoney,2026-07-01T17:53:41+08:00
BK1047,2026-07-01T00:00:00Z,89714,91698,92803,89665,89589,2109,2.35,18974803,51773580187,2.24,1.02,0.00,0,9461621,9513182,1203323168000,1127155264000,-1191481600,11106713088,12364892672,-1258179584,14406111488,14339413504,66697984,17177987584,15968026880,1209960704,8247958016,8261214976,-13256960,-2.30,-2.43,0.13,2.34,-0.03,0,82,70,10,2,0,0,115.41,0.00,0.00,0.00,,0.00,,0.00,EastMoney,2026-07-01T17:53:41+08:00
BK1048,2026-07-01T00:00:00Z,130798,129437,132503,128263,130271,-834,-0.64,28109445,111199716786,4.26,1.04,0.00,0,13908651,14200794,2323960592000,1768584336000,-2598328320,20233151488,21026882048,-793730560,28815481600,30620079360,-1804597760,33864609792,33543471360,321138432,26286402048,24017269760,2269132288,-2.34,-0.71,-1.62,0.29,2.04,0,43,16,27,0,0,0,52.98,0.00,0.00,0.00,,0.00,,0.00,EastMoney,2026-07-01T17:53:41+08:00
BK1049,2026-07-01T00:00:00Z,178242,180270,182725,178205,178093,2177,1.22,3982158,17578928880,3.04,0.95,0.00,0,1980959,2001199,417890800000,401289360000,-762735104,2614949792,3059274400,-444324608,4528913152,4847323648,-318410496,5170122496,5349095680,-178973184,5055127808,4113419328,941708480,-4.34,-2.53,-1.81,-1.02,5.36,0,14,8,5,1,0,0,133.94,0.00,0.00,0.00,,0.00,,0.00,EastMoney,2026-07-01T17:53:41+08:00
BK1050,2026-07-01T00:00:00Z,8569418,8629371,8688704,8566500,8365260,264111,3.16,121137635,263521797905,8.33,1.55,0.00,0,59364588,61773047,3231574864000,2917805440000,-4949236224,52165444096,53401070592,-1235626496,64736814848,68450424576,-3713609728,75211292672,75424165888,-212873216,63842269184,58680161280,5162107904,-1.88,-0.47,-1.41,-0.08,1.96,0,170,117,51,2,0,0,-1535.91,0.00,0.00,0.00,,0.00,,0.00,EastMoney,2026-07-01T17:53:41+08:00
BK1051,2026-07-01T00:00:00Z,2508607,2499673,2522454,2484752,2430902,68771,2.83,14092511,35980441805,6.40,0.97,0.00,0,6669102,7423409,488553680000,370870400000,613445376,8666492160,7468668928,1197823232,8517322752,9101700608,-584377856,9899429120,10811027200,-911598080,7402653440,7104500224,298153216,1.70,3.33,-1.62,-2.53,0.83,0,29,20,9,0,0,0,-44.03,0.00,0.00,0.00,,0.00,,0.00,EastMoney,2026-07-01T17:53:41+08:00
BK1052,2026-07-01T00:00:00Z,96738,98127,98979,96172,96593,1534,1.59,18840663,64452783326,3.44,1.05,0.00,0,9524239,9316424,3039680400000,2684132752000,-685330688,9454563584,10765338624,-1310775040,17911344128,17285899776,625444352,19753972736,19453312256,300660480,16578294016,16189671424,388622592,-1.06,-2.03,0.97,0.47,0.60,0,46,36,10,0,0,0,31.19,0.00,0.00,0.00,,0.00,,0.00,EastMoney,2026-07-01T17:53:41+08:00
BK1053,2026-07-01T00:00:00Z,96018,99422,100173,95987,95916,3506,3.66,165735707,36679513183,1.73,1.24,0.00,0,95003689,70732018,2406202736000,2096579232000,1968808864,5077774080,3928218208,1149555872,9816094720,8996841728,819252992,10076904704,11582177280,-1505272576,11034652928,11455164928,-420512000,5.37,3.13,2.23,-4.10,-1.15,0,270,252,10,8,0,0,-10.24,0.00,0.00,0.00,,0.00,,0.00,EastMoney,2026-07-01T17:53:41+08:00
BK1054,2026-07-01T00:00:00Z,87579,89767,90903,87200,88351,1416,1.60,3566761,3595485291,2.49,1.17,0.00,0,1954195,1612566,124128006000,114339947000,25245039,242614391,185414760,57199631,783469248,815423840,-31954592,1138189312,1233624976,-95435664,1385865200,1315674576,70190624,0.70,1.59,-0.89,-2.65,1.95,0,18,16,2,0,0,0,-38.37,0.00,0.00,0.00,,0.00,,0.00,EastMoney,2026-07-01T17:53:41+08:00
BK1055,2026-07-01T00:00:00Z,120441,123132,124344,120061,120435,2697,2.24,39091639,46697988968,4.45,1.13,0.00,0,20199211,18892428,2958172752000,1060864320000,1080704512,4843427072,4425205248,418221824,11562363392,10899880704,662482688,15515785216,15859824640,-344039424,14093410304,14830075392,-736665088,2.31,0.90,1.42,-0.74,-1.58,0,84,75,9,0,0,0,21.19,0.00,0.00,0.00,,0.00,,0.00,EastMoney,2026-07-01T17:53:41+08:00
BK1056,2026-07-01T00:00:00Z,87591,91384,91460,86499,87500,3884,4.44,9942755,13122606067,3.18,1.34,0.00,0,5493773,4448983,429727616000,379889328000,218049680,1130218576,1009880288,120338288,3102450160,3004738768,97711392,4112401712,4279086144,-166684432,4578394624,4629760000,-51365376,1.66,0.92,0.74,-1.27,-0.39,0,51,49,2,0,0,0,71.92,0.00,0.00,0.00,,0.00,,0.00,EastMoney,2026-07-01T17:53:41+08:00
BK1057,2026-07-01T00:00:00Z,128354,127727,128766,125820,129125,-1398,-1.08,83993258,74279730492,11.35,1.19,0.00,0,42682803,41310456,910451072000,564804400000,-4252673280,17805271296,22057285376,-4252014080,18346462208,18347121408,-659200,19312977408,17316817920,1996159488,16649241600,14392728064,2256513536,-5.73,-5.72,0.00,2.69,3.04,0,15,7,8,0,0,0,55.20,0.00,0.00,0.00,,0.00,,0.00,EastMoney,2026-07-01T17:53:41+08:00
BK1058,2026-07-01T00:00:00Z,110920,113453,114232,110738,111092,2361,2.13,8555540,7937115001,1.67,1.00,0.00,0,4373952,4181588,380510432000,353841456000,73306672,669720224,539867024,129853200,1737386736,1793933264,-56546528,2550396352,2653656672,-103260320,2845674032,2814168736,31505296,0.92,1.64,-0.71,-1.30,0.40,0,53,46,6,1,0,0,25.92,0.00,0.00,0.00,,0.00,,0.00,EastMoney,2026-07-01T17:53:41+08:00
BK1059,2026-07-01T00:00:00Z,126406,124944,128259,123555,126391,-1447,-1.14,56101778,1202717122767,5.32,1.12,0.00,0,27151105,28950673,32787503104000,25955201024000,-58570489856,268151721984,318133772288,-49982050304,361049313280,369637752832,-8588439552,391383539712,357856825344,33526714368,161763663872,137105043456,24658620416,-4.87,-4.16,-0.71,2.79,2.05,0,313,116,196,1,0,0,76.19,0.00,0.00,0.00,,0.00,,0.00,EastMoney,2026-07-01T17:53:41+08:00
BK1061,2026-07-01T00:00:00Z,117258,120511,121604,117258,117052,3459,2.96,55771085,92919829828,3.64,1.14,0.00,0,28108408,27662678,1847402832000,1713614896000,-1846776064,12224678656,13504866048,-1280187392,22115477248,22682065920,-566588672,28750598912,29067718144,-317119232,27755537408,25527394560,2228142848,-1.99,-1.38,-0.61,-0.34,2.40,0,186,159,26,1,0,0,-83.39,0.00,0.00,0.00,,0.00,,0.00,EastMoney,2026-07-01T17:53:41+08:00
BK1063,2026-07-01T00:00:00Z,89225,93780,94467,87266,89478,4302,4.81,3666056,8631319901,4.95,1.53,0.00,0,1936669,1729387,247620765000,195733410000,148096112,648175648,550807152,97368496,2176411568,2125683952,50727616,2903404176,2966022304,-62618128,2519905872,2617935904,-98030032,1.72,1.13,0.59,-0.73,-1.14,0,20,19,1,0,0,0,51.17,0.00,0.00,0.00,,0.00,,0.00,EastMoney,2026-07-01T17:53:41+08:00
BK1064,2026-07-01T00:00:00Z,186322,189161,191578,186037,185351,3810,2.06,43920743,113136637927,4.78,1.22,0.00,0,21690837,22229906,1880810960000,1572890112000,-4069832704,20597719552,22312864512,-1715144960,27073126400,29427814144,-2354687744,32920637184,33815418880,-894781696,30455442176,25524547840,4930894336,-3.60,-1.52,-2.08,-0.79,4.36,0,67,49,16,2,0,0,71.81,0.00,0.00,0.00,,0.00,,0.00,EastMoney,2026-07-01T17:53:41+08:00
BK1066,2026-07-01T00:00:00Z,142455,145762,146674,142172,142294,3468,2.44,7799774,6992996850,1.48,1.03,0.00,0,4032321,3767453,355799712000,305986528000,179870384,1000596912,738696112,261900800,1543922560,1625952976,-82030416,2051705152,2246595552,-194890400,2316728880,2301708880,15020000,2.57,3.75,-1.17,-2.79,0.21,0,22,21,1,0,0,0,24.08,0.00,0.00,0.00,,0.00,,0.00,EastMoney,2026-07-01T17:53:41+08:00
BK1068,2026-07-01T00:00:00Z,116907,120421,120563,116712,117350,3071,2.62,4969268,9844537316,1.66,1.26,0.00,0,2480975,2488293,1071572832000,941174768000,-69997408,1217261264,1135433792,81827472,2565830800,2717655680,-151824880,3149447872,3070456672,78991200,2749311840,2758305648,-8993808,-0.71,0.83,-1.54,0.80,-0.09,0,21,16,5,0,0,0,11.43,0.00,0.00,0.00,,0.00,,0.00,EastMoney,2026-07-01T17:53:41+08:00
BK1069,2026-07-01T00:00:00Z,174891,177406,178023,174356,174774,2632,1.51,8819746,12096491172,6.27,1.33,0.00,0,4188256,4631490,163396924000,146868322000,503433936,2027965280,1473613584,554351696,2792137664,2843055424,-50917760,3524153856,3910898832,-386744976,3502129328,3616064000,-113934672,4.16,4.58,-0.42,-3.20,-0.94,0,27,18,9,0,0,0,-99.36,0.00,0.00,0.00,,0.00,,0.00,EastMoney,2026-07-01T17:53:41+08:00
BK1070,2026-07-01T00:00:00Z,96320,98146,98681,95917,96150,1996,2.08,7881775,5590884766,2.42,0.98,0.00,0,4275496,3606279,224808173000,210963798000,176660464,328897008,305752368,23144640,1319113440,1165597616,153515824,1807158176,1891189472,-84031296,2002223680,2103934144,-101710464,3.16,0.41,2.75,-1.50,-1.82,0,35,26,9,0,0,0,127.13,0.00,0.00,0.00,,0.00,,0.00,EastMoney,2026-07-01T17:53:41+08:00
BK1071,2026-07-01T00:00:00Z,136428,139920,141296,136198,136467,3453,2.53,30603536,30649919510,0.29,0.87,0.00,0,15185540,15417995,12196202752000,7694193408000,689192064,4449762048,3794892160,654869888,7313836544,7279514368,34322176,9348750336,9649033472,-300283136,8907615488,9264302592,-356687104,2.25,2.14,0.11,-0.98,-1.16,0,62,55,7,0,0,0,6.98,0.00,0.00,0.00,,0.00,,0.00,EastMoney,2026-07-01T17:53:41+08:00
BK1072,2026-07-01T00:00:00Z,147133,150297,151239,146762,146941,3356,2.28,12198483,14691906494,1.77,1.02,0.00,0,6544105,5654378,696748704000,579163696000,273169680,1365186432,1213832720,151353712,3088787008,2966971040,121815968,4526961920,4694948864,-167986944,5429018368,5523836416,-94818048,1.86,1.03,0.83,-1.14,-0.65,0,83,72,11,0,0,0,31.09,0.00,0.00,0.00,,0.00,,0.00,EastMoney,2026-07-01T17:53:41+08:00
BK1073,2026-07-01T00:00:00Z,103498,106085,106665,103159,103448,2637,2.55,3801355,2897090881,2.04,1.10,0.00,0,2091275,1710081,220698600000,180570004000,-69681569,135517419,143452300,-7934881,528745248,590491936,-61746688,960718096,984543488,-23825392,1233917664,1140410704,93506960,-2.41,-0.27,-2.13,-0.82,3.23,0,19,17,2,0,0,0,19.62,0.00,0.00,0.00,,0.00,,0.00,EastMoney,2026-07-01T17:53:41+08:00
BK1074,2026-07-01T00:00:00Z,82592,84312,84896,81490,82209,2103,2.56,768313,915743789,2.59,1.28,0.00,0,386027,382285,25413997000,23515059000,34852750,43322257,49675649,-6353392,164730102,123523960,41206142,301693344,284129872,17563472,390345424,442761648,-52416224,3.81,-0.69,4.50,1.92,-5.72,0,6,5,1,0,0,0,103.53,0.00,0.00,0.00,,0.00,,0.00,EastMoney,2026-07-01T17:53:41+08:00
BK1075,2026-07-01T00:00:00Z,100937,103876,104779,100937,100877,2999,2.97,6809952,11287709171,3.48,1.28,0.00,0,3582378,3227574,292726832000,257811505000,615975408,1087463136,746195392,341267744,2651597376,2376889712,274707664,3534383040,3804327200,-269944160,3834642432,4180673664,-346031232,5.46,3.02,2.43,-2.39,-3.07,0,38,35,3,0,0,0,-224.38,0.00,0.00,0.00,,0.00,,0.00,EastMoney,2026-07-01T17:53:41+08:00
BK1076,2026-07-01T00:00:00Z,107318,109469,110182,106678,106924,2545,2.38,12777726,12346665223,4.47,0.95,0.00,0,6094902,6682824,279063744000,248323259000,-78626688,1169229568,1085916624,83312944,2653858752,2815798384,-161939632,3914356336,4050480208,-136123872,4342133760,4122520032,219613728,-0.64,0.67,-1.31,-1.10,1.78,0,46,38,7,1,0,0,-93.11,0.00,0.00,0.00,,0.00,,0.00,EastMoney,2026-07-01T17:53:41+08:00
BK1077,2026-07-01T00:00:00Z,114110,118162,118977,114110,113551,4611,4.06,15281275,8516908627,2.08,1.36,0.00,0,8903295,6377979,379592112000,337959360000,315389728,1222434992,978771824,243663168,1955869408,1884142848,71726560,2347998864,2643763728,-295764864,2782056032,2794797840,-12741808,3.70,2.86,0.84,-3.47,-0.15,0,44,43,1,0,0,0,31.16,0.00,0.00,0.00,,0.00,,0.00,EastMoney,2026-07-01T17:53:41+08:00
BK1078,2026-07-01T00:00:00Z,119060,125681,125787,117986,119514,6167,5.16,15012823,22129685911,4.03,1.40,0.00,0,8250535,6762288,576766000000,512378224000,537805472,2453134288,2032873520,420260768,5584175360,5466630656,117544704,7041701376,7447837952,-406136576,6714326272,6845995008,-131668736,2.43,1.90,0.53,-1.84,-0.59,0,57,54,2,1,0,0,151.95,0.00,0.00,0.00,,0.00,,0.00,EastMoney,2026-07-01T17:53:41+08:00
BK1079,2026-07-01T00:00:00Z,129872,133313,134101,129452,129674,3639,2.81,3729162,3496846072,2.15,0.95,0.00,0,2035410,1693752,136023047000,119502060000,81241680,522909616,427766544,95143072,782757136,796658528,-13901392,927199264,971913072,-44713808,1226221776,1261784576,-35562800,2.32,2.72,-0.40,-1.28,-1.02,0,27,25,2,0,0,0,44.26,0.00,0.00,0.00,,0.00,,0.00,EastMoney,2026-07-01T17:53:41+08:00
BK1080,2026-07-01T00:00:00Z,101979,104375,105220,101685,101567,2808,2.76,18736175,18614975203,2.68,1.10,0.00,0,10029414,8706761,548308048000,467451104000,-199369552,1670052720,1715078208,-45025488,4139817680,4294161744,-154344064,5959196672,5923879936,35316736,6472764928,6303848704,168916224,-1.07,-0.24,-0.83,0.19,0.91,0,103,89,13,1,0,0,-45.71,0.00,0.00,0.00,,0.00,,0.00,EastMoney,2026-07-01T17:53:41+08:00
BK1082,2026-07-01T00:00:00Z,181258,185556,186761,180046,179527,6029,3.36,1731490,2825907035,5.55,0.99,0.00,0,885707,845783,54129044000,41567145000,109230077,227621670,203160265,24461405,684589616,599820944,84768672,842323344,868462736,-26139392,1025135072,1108225744,-83090672,3.87,0.87,3.00,-0.92,-2.94,0,9,9,0,0,0,0,81.54,0.00,0.00,0.00,,0.00,,0.00,EastMoney,2026-07-01T17:53:41+08:00
BK1086,2026-07-01T00:00:00Z,61818,63669,64182,61694,61908,1761,2.84,7520313,3584061168,2.64,1.28,0.00,0,4279475,3240838,185073948000,158924878000,6248753,226091213,194371500,31719713,743076624,768547584,-25470960,1056745360,1162312480,-105567120,1452468048,1353239808,99228240,0.17,0.89,-0.71,-2.95,2.77,0,30,28,2,0,0,0,27.02,0.00,0.00,0.00,,0.00,,0.00,EastMoney,2026-07-01T17:53:41+08:00
BK1087,2026-07-01T00:00:00Z,145329,148365,149136,144865,145070,3295,2.27,28649897,23445063188,1.77,1.05,0.00,0,14973473,13676424,1268432272000,1048962752000,739648448,2966905488,2452346064,514559424,5608890112,5383801088,225089024,7383453952,7504427520,-120973568,7154460160,7773135360,-618675200,3.15,2.19,0.96,-0.52,-2.64,0,49,41,7,1,0,0,18.07,0.00,0.00,0.00,,0.00,,0.00,EastMoney,2026-07-01T17:53:41+08:00
BK1088,2026-07-01T00:00:00Z,566321,554831,573507,550878,566042,-11211,-1.98,10552478,112969165251,2.47,0.98,0.00,0,4866965,5685513,2623835728000,2552119664000,-9762587136,26725900288,34224768256,-7498867968,30838700800,33102419968,-2263719168,33053921024,29836306688,3217614336,20812421888,14267449088,6544972800,-8.64,-6.64,-2.00,2.85,5.79,0,25,9,16,0,0,0,68.37,0.00,0.00,0.00,,0.00,,0.00,EastMoney,2026-07-01T17:53:41+08:00
BK1089,2026-07-01T00:00:00Z,203544,205833,207386,203240,202901,2932,1.45,17498461,38251419942,3.31,0.98,0.00,0,8527329,8971132,1095710608000,923318816000,611423200,4017792112,3866423696,151368416,9354704384,8894649600,460054784,12542224640,12414045696,128178944,11726220544,12481025792,-754805248,1.60,0.40,1.20,0.34,-1.97,0,96,75,20,1,0,0,40.39,0.00,0.00,0.00,,0.00,,0.00,EastMoney,2026-07-01T17:53:41+08:00
BK1090,2026-07-01T00:00:00Z,213252,215884,217354,213192,212896,2988,1.40,186737597,576223404695,3.23,1.05,0.00,0,91740598,94996999,15338919168000,13228603392000,-14426996736,91037634560,100954071040,-9916436480,148712890368,153223450624,-4510560256,181509992448,176152784896,5357207552,145085603840,136049741824,9035862016,-2.50,-1.72,-0.78,0.93,1.57,0,718,502,212,4,0,0,46.18,0.00,0.00,0.00,,0.00,,0.00,EastMoney,2026-07-01T17:53:41+08:00
BK1092,2026-07-01T00:00:00Z,223358,219173,223358,217933,223759,-4586,-2.05,2167041,22251344759,2.38,1.03,0.00,0,986008,1181032,1920858560000,1764494176000,-1316339872,3662880096,4917508864,-1254628768,6623162368,6684873472,-61711104,6082094080,5676546048,405548032,5687417856,4776625920,910791936,-5.92,-5.64,-0.28,1.82,4.09,0,8,2,6,0,0,0,23.69,0.00,0.00,0.00,,0.00,,0.00,EastMoney,2026-07-01T17:53:41+08:00
BK1093,2026-07-01T00:00:00Z,136323,137057,137882,135847,135762,1295,0.95,5194944,13744613771,3.17,0.86,0.00,0,2553242,2641702,374013120000,338717856000,26195584,1472094560,1603259360,-131164800,3344334144,3186973760,157360384,4343154432,4299342592,43811840,4364828416,4434835968,-70007552,0.19,-0.95,1.14,0.32,-0.51,0,28,18,10,0,0,0,58.40,0.00,0.00,0.00,,0.00,,0.00,EastMoney,2026-07-01T17:53:41+08:00
BK1094,2026-07-01T00:00:00Z,113584,114727,116371,112609,113644,1083,0.95,67453454,73884049618,7.41,1.10,0.00,0,34102459,33350995,1077946864000,1001688848000,-4060886784,15195607552,19374262784,-4178655232,18706171648,18588403200,117768448,20561158144,18927187712,1633970432,17730308864,15303434496,2426874368,-5.50,-5.66,0.16,2.21,3.28,0,48,35,13,0,0,0,-41.46,0.00,0.00,0.00,,0.00,,0.00,EastMoney,2026-07-01T17:53:41+08:00
BK1095,2026-07-01T00:00:00Z,128828,131539,133370,128600,128633,2906,2.26,21553749,13230316634,2.42,1.10,0.00,0,10529027,11024722,528468304000,482502064000,59307008,2687376224,2376170640,311205584,3102742208,3354640784,-251898576,3672523072,3716957072,-44434000,3583699856,3598572864,-14873008,0.45,2.35,-1.90,-0.34,-0.11,0,21,18,3,0,0,0,43.44,0.00,0.00,0.00,,0.00,,0.00,EastMoney,2026-07-01T17:53:41+08:00
BK1097,2026-07-01T00:00:00Z,99016,100277,101609,97559,98940,1337,1.35,23522526,47093339348,4.20,1.12,0.00,0,11647560,11874966,884104672000,821517072000,-1315088128,7342772480,8466641664,-1123869184,12282739200,12473958144,-191218944,14525340416,14030313472,495026944,12147988992,11327927552,820061440,-2.79,-2.39,-0.41,1.05,1.74,0,45,31,14,0,0,0,-27.60,0.00,0.00,0.00,,0.00,,0.00,EastMoney,2026-07-01T17:53:41+08:00
BK1098,2026-07-01T00:00:00Z,102913,105217,105784,102551,102501,2716,2.65,5300909,5215986799,2.08,0.90,0.00,0,2775692,2525216,243601738000,218414821000,-38042976,558121168,628148672,-70027504,1242545152,1210560624,31984528,1599011808,1573562512,25449296,1726671024,1714077328,12593696,-0.73,-1.34,0.61,0.49,0.24,0,29,28,1,0,0,0,23.26,0.00,0.00,0.00,,0.00,,0.00,EastMoney,2026-07-01T17:53:41+08:00
BK1099,2026-07-01T00:00:00Z,97764,98379,99455,97347,97349,1030,1.06,625584,870404038,1.70,0.85,0.00,0,309738,315846,61472671000,53950229000,-12987797,33844643,45055269,-11210626,157275592,159052763,-1777171,296504096,288558880,7945216,371576016,366533424,5042592,-1.49,-1.29,-0.20,0.91,0.58,0,9,8,1,0,0,0,28.61,0.00,0.00,0.00,,0.00,,0.00,EastMoney,2026-07-01T17:53:41+08:00
BK1100,2026-07-01T00:00:00Z,188283,193029,194556,188257,187683,5346,2.85,22346470,60449737340,3.87,1.03,0.00,0,11106118,11240352,1344871344000,1163389312000,-44347392,8647206656,8474065664,173140992,15497581312,15715069696,-217488384,19864012288,19518882560,345129728,15132923904,15445061888,-312137984,-0.07,0.29,-0.36,0.57,-0.52,0,86,67,18,1,0,0,81.15,0.00,0.00,0.00,,0.00,,0.00,EastMoney,2026-07-01T17:53:41+08:00
BK1101,2026-07-01T00:00:00Z,473863,469013,484709,462836,477010,-7997,-1.68,29301872,206095612127,12.40,1.04,0.00,0,13891970,15409902,3265400832000,2678442912000,-11097681408,44466976000,54321761280,-9854785280,63659716608,64902612736,-1242896128,56791196160,51947328000,4843868160,36306273280,30313062144,5993211136,-5.38,-4.78,-0.60,2.35,2.91,0,49,15,34,0,0,0,186.23,0.00,0.00,0.00,,0.00,,0.00,EastMoney,2026-07-01T17:53:41+08:00
BK1102,2026-07-01T00:00:00Z,172663,173291,174217,171632,172041,1250,0.73,9927290,28030143542,2.41,1.15,0.00,0,4957052,4970237,1539953440000,1336749376000,-343181952,3446606912,3627997632,-181390720,6932857600,7094648832,-161791232,8996883456,8744405760,252477696,8235398656,8144694528,90704128,-1.22,-0.65,-0.58,0.90,0.32,0,35,22,13,0,0,0,14.67,0.00,0.00,0.00,,0.00,,0.00,EastMoney,2026-07-01T17:53:41+08:00
BK1103,2026-07-01T00:00:00Z,102977,103458,104610,102069,102842,616,0.60,2353158,4174112462,2.25,1.02,0.00,0,1129512,1223646,125682399000,123197969000,-149056912,477953360,549699584,-71746224,882350048,959660736,-77310688,1347921168,1251659120,96262048,1393617040,1338807408,54809632,-3.57,-1.72,-1.85,2.31,1.31,0,11,7,3,1,0,0,25.67,0.00,0.00,0.00,,0.00,,0.00,EastMoney,2026-07-01T17:53:41+08:00
BK1104,2026-07-01T00:00:00Z,174399,178387,180458,174399,174253,4134,2.37,60881513,204620428840,3.92,1.05,0.00,0,30442128,30439385,4674950656000,4178680688000,-5914675968,37941734400,42747481344,-4805746944,53642595072,54751524096,-1108929024,70404603904,64900107008,5504496896,39058512128,38576775424,481736704,-2.89,-2.35,-0.54,2.69,0.24,0,246,198,45,3,0,0,183.51,0.00,0.00,0.00,,0.00,,0.00,EastMoney,2026-07-01T17:53:41+08:00
BK1106,2026-07-01T00:00:00Z,131773,138953,139043,129500,132210,6743,5.10,45357955,104771139570,3.17,1.37,0.00,0,24778703,20579251,3692615312000,2876435504000,1891552256,13560171008,12747431680,812739328,27557617664,26478804736,1078812928,33927742720,34512552704,-584809984,28042113024,29335003392,-1292890368,1.81,0.78,1.03,-0.56,-1.23,0,180,170,10,0,0,0,55.62,0.00,0.00,0.00,,0.00,,0.00,EastMoney,2026-07-01T17:53:41+08:00
BK1107,2026-07-01T00:00:00Z,145750,152563,154007,145514,145901,6662,4.57,23911439,40221413149,1.99,1.42,0.00,0,13793043,10118396,2066763344000,1728989872000,3377796864,10811029504,8361602816,2449426688,11844419584,10916049408,928370176,10519568896,11532354560,-1012785664,6748110848,9113122304,-2365011456,8.40,6.09,2.31,-2.52,-5.88,0,14,14,0,0,0,0,13.64,0.00,0.00,0.00,,0.00,,0.00,EastMoney,2026-07-01T17:53:41+08:00
BK1108,2026-07-01T00:00:00Z,146505,148796,150092,146292,145785,3011,2.07,10967068,70684708249,2.54,1.20,0.00,0,5541487,5425581,2915262112000,1841206048000,-58333440,15656791808,15754820608,-98028800,22475869184,22436173824,39695360,22037985280,22232015872,-194030592,9600892672,9348528640,252364032,-0.08,-0.14,0.06,-0.27,0.36,0,45,28,17,0,0,0,154.20,0.00,0.00,0.00,,0.00,,0.00,EastMoney,2026-07-01T17:53:41+08:00
BK1109,2026-07-01T00:00:00Z,93491,96631,97388,93314,93402,3229,3.46,5201903,3349669516,2.27,1.27,0.00,0,3182633,2019270,124480026000,113731153000,79190021,291274416,266805691,24468725,797190448,742469152,54721296,1043367472,1062037568,-18670096,1171962928,1232482880,-60519952,2.36,0.73,1.63,-0.56,-1.81,0,14,14,0,0,0,0,107.31,0.00,0.00,0.00,,0.00,,0.00,EastMoney,2026-07-01T17:53:41+08:00
BK1110,2026-07-01T00:00:00Z,161905,165936,167988,161041,161750,4186,2.59,23604783,28016984839,5.34,1.22,0.00,0,12157510,11447274,472750112000,439695696000,1175284288,2931782528,2407106368,524676160,7003940096,6353331968,650608128,9174504704,9474875136,-300370432,8455611904,9330525952,-874914048,4.19,1.87,2.32,-1.07,-3.12,0,49,44,5,0,0,0,-96.52,0.00,0.00,0.00,,0.00,,0.00,EastMoney,2026-07-01T17:53:41+08:00
BK1111,2026-07-01T00:00:00Z,185792,190092,192526,185474,185825,4267,2.30,56846622,94624174351,4.69,1.20,0.00,0,30192725,26653897,2076786560000,1824825568000,3592881152,16523081728,13931223040,2591858688,25419235840,24418213376,1001022464,27864054784,29648975360,-1784920576,23450985472,25244132864,-1793147392,3.80,2.74,1.06,-1.89,-1.90,0,116,102,11,3,0,0,68.51,0.00,0.00,0.00,,0.00,,0.00,EastMoney,2026-07-01T17:53:41+08:00
BK1112,2026-07-01T00:00:00Z,128543,131951,132704,128257,128513,3438,2.68,191445421,111744341079,0.69,1.10,0.00,0,105267418,86178003,23508034560000,17333672448000,4158379264,15600713216,12682652928,2918060288,27336910592,26096591616,1240318976,33169336064,35273221632,-2103885568,34267715584,36307952128,-2040236544,3.72,2.61,1.11,-1.88,-1.83,0,516,486,22,8,0,0,8.86,0.00,0.00,0.00,,0.00,,0.00,EastMoney,2026-07-01T17:53:41+08:00
BK1113,2026-07-01T00:00:00Z,261909,257632,264382,255452,260076,-2444,-0.94,12025900,43104909961,5.67,0.87,0.00,0,5773185,6252715,691145536000,605206720000,-1384185600,6059244288,7111371264,-1052126976,11052803328,11384861952,-332058624,14075196416,13992909312,82287104,11216665088,9914766080,1301899008,-3.21,-2.44,-0.77,0.19,3.02,0,30,12,18,0,0,0,276.12,0.00,0.00,0.00,,0.00,,0.00,EastMoney,2026-07-01T17:53:41+08:00
BK1115,2026-07-01T00:00:00Z,137107,140654,141579,137107,137042,3612,2.64,38165666,45219876381,2.89,1.13,0.00,0,20229934,17935732,1508500208000,1250701856000,-223919104,4543022336,4837103872,-294081536,11005848832,10935686400,70162432,14341980672,14554510080,-212529408,14504718592,14044060672,460657920,-0.50,-0.65,0.16,-0.47,1.02,0,165,145,19,1,0,0,36.03,0.00,0.00,0.00,,0.00,,0.00,EastMoney,2026-07-01T17:53:41+08:00
BK1116,2026-07-01T00:00:00Z,152443,157360,158887,152210,152416,4944,3.24,2918566,6084137182,2.96,0.94,0.00,0,1434567,1484000,158734686000,130707055000,-63102080,926303904,883434192,42869712,1463473728,1569445520,-105971792,1793835312,1801087184,-7251872,1824230704,1753876752,70353952,-1.04,0.70,-1.74,-0.12,1.16,0,16,13,2,1,0,0,58.36,0.00,0.00,0.00,,0.00,,0.00,EastMoney,2026-07-01T17:53:41+08:00
BK1118,2026-07-01T00:00:00Z,130503,133963,135409,129792,130474,3489,2.67,11323172,12683906395,5.47,1.09,0.00,0,5798430,5524741,227549586000,216870291000,459547008,1244393968,870302864,374091104,2968484832,2883028928,85455904,4195622848,4311767552,-116144704,4073892384,4417294848,-343402464,3.62,2.95,0.67,-0.92,-2.71,0,33,31,2,0,0,0,-48.43,0.00,0.00,0.00,,0.00,,0.00,EastMoney,2026-07-01T17:53:41+08:00
BK1119,2026-07-01T00:00:00Z,161635,163738,166523,161611,159523,4215,2.64,1637884,9256901542,2.27,1.07,0.00,0,784962,852923,398491536000,347029728000,320205328,1491334032,1372393168,118940864,2646199184,2444934720,201264464,3033620320,2932247552,101372768,1966532496,2388110576,-421578080,3.46,1.28,2.17,1.10,-4.55,0,10,8,2,0,0,0,53.33,0.00,0.00,0.00,,0.00,,0.00,EastMoney,2026-07-01T17:53:41+08:00
BK1121,2026-07-01T00:00:00Z,269488,280933,289625,269297,264908,16025,6.05,2824464,13880439006,2.94,1.16,0.00,0,1396611,1427854,136423035000,119047039000,-691333728,2473851888,2849366736,-375514848,3833141424,4148960304,-315818880,4432272128,4207297664,224974464,2937724992,2471365712,466359280,-4.98,-2.71,-2.28,1.62,3.36,0,4,2,2,0,0,0,95.41,0.00,0.00,0.00,,0.00,,0.00,EastMoney,2026-07-01T17:53:41+08:00
BK1124,2026-07-01T00:00:00Z,240351,241047,243526,239069,240083,964,0.40,20010496,102446461204,5.33,1.20,0.00,0,9558198,10452298,1511085184000,1366655440000,-4154617344,18932127488,21051046656,-2118919168,24866788096,26902486272,-2035698176,30277595904,29772976384,504619520,26608861440,22962674944,3646186496,-4.06,-2.07,-1.99,0.49,3.56,0,54,33,21,0,0,0,53.87,0.00,0.00,0.00,,0.00,,0.00,EastMoney,2026-07-01T17:53:41+08:00
BK1125,2026-07-01T00:00:00Z,175056,175732,178233,174427,174953,779,0.45,6739536,13928893868,3.94,0.95,0.00,0,3082098,3657438,380988384000,315779888000,200758736,1791672656,1541995456,249677200,3268585216,3317503680,-48918464,4178091648,4385363456,-207271808,4487856896,4481343744,6513152,1.44,1.79,-0.35,-1.49,0.05,0,26,16,9,1,0,0,-4277.54,0.00,0.00,0.00,,0.00,,0.00,EastMoney,2026-07-01T17:53:41+08:00
BK1126,2026-07-01T00:00:00Z,187021,192407,194676,186937,187060,5347,2.86,28211999,55300523845,4.26,1.12,0.00,0,14709213,13502786,1213349584000,1036409120000,1957623808,7952290560,6737712384,1214578176,14632311552,13889265920,743045632,17475636992,18285839872,-810202880,14400909824,15548330496,-1147420672,3.54,2.20,1.34,-1.47,-2.07,0,67,61,6,0,0,0,264.27,0.00,0.00,0.00,,0.00,,0.00,EastMoney,2026-07-01T17:53:41+08:00
BK1127,2026-07-01T00:00:00Z,221912,220386,226876,218211,221316,-930,-0.42,37247794,122549712973,8.69,1.32,0.00,0,19035872,18211922,3718151312000,2979199872000,-3609046784,29408588544,34172384768,-4763796224,42509312768,41354563328,1154749440,34756024064,31475054336,3280969728,13652723200,13305452288,347270912,-2.94,-3.89,0.94,2.68,0.28,0,39,18,21,0,0,0,236.37,0.00,0.00,0.00,,0.00,,0.00,EastMoney,2026-07-01T17:53:41+08:00
BK1128,2026-07-01T00:00:00Z,1109434,1073832,1126984,1062213,1107200,-33368,-3.01,44587716,355494003035,5.71,1.08,0.00,0,20437322,24150394,7921648128000,7404123648000,-31027961856,73250295808,93690208256,-20439912448,92597456896,103185506304,-10588049408,107868098560,100093448192,7774650368,76561534976,53417125888,23144409088,-8.73,-5.75,-2.98,2.19,6.51,0,59,13,46,0,0,0,71.00,0.00,0.00,0.00,,0.00,,0.00,EastMoney,2026-07-01T17:53:41+08:00
BK1129,2026-07-01T00:00:00Z,95722,98847,99717,95612,95635,3212,3.36,6418699,8487990629,5.34,1.11,0.00,0,3417932,3000768,109446941000,101013928000,734842976,1079973408,610721664,469251744,2103548640,1837957408,265591232,2597554016,2955936144,-358382128,2567801040,2944261888,-376460848,8.66,5.53,3.13,-4.22,-4.44,0,18,17,1,0,0,0,-23.43,0.00,0.00,0.00,,0.00,,0.00,EastMoney,2026-07-01T17:53:41+08:00
BK1130,2026-07-01T00:00:00Z,141066,144707,145889,140711,140788,3919,2.78,7032170,13129386459,4.40,1.23,0.00,0,3705195,3326975,314666016000,286987952000,1105582448,1992802192,1233846608,758955584,3343818960,2997192096,346626864,4183097312,4663244544,-480147232,3419845504,4042344288,-622498784,8.42,5.78,2.64,-3.66,-4.74,0,27,22,4,1,0,0,-581.39,0.00,0.00,0.00,,0.00,,0.00,EastMoney,2026-07-01T17:53:41+08:00
BK1131,2026-07-01T00:00:00Z,217909,222781,225025,217772,217499,5282,2.43,1822897,3179029676,3.80,0.85,0.00,0,923859,899039,101810447000,97475654000,28955037,222474838,208170841,14303997,792955728,778304688,14651040,1067422768,1030759184,36663584,1059761456,1125380096,-65618640,0.91,0.45,0.46,1.15,-2.06,0,7,6,1,0,0,0,43.35,0.00,0.00,0.00,,0.00,,0.00,EastMoney,2026-07-01T17:53:41+08:00
BK1132,2026-07-01T00:00:00Z,98948,101337,103152,98948,98790,2547,2.58,2980135,6240235772,4.59,1.43,0.00,0,1569121,1411014,141410786000,136288327000,440477888,783745920,516986336,266759584,1661964944,1488246640,173718304,2041665216,2226131520,-184466304,1663341792,1919353376,-256011584,7.06,4.27,2.78,-2.96,-4.10,0,10,9,1,0,0,0,74.73,0.00,0.00,0.00,,0.00,,0.00,EastMoney,2026-07-01T17:53:41+08:00
BK1133,2026-07-01T00:00:00Z,129075,132358,133854,129075,128768,3590,2.79,4400332,7665428006,3.08,0.99,0.00,0,2152385,2247947,248504891000,217040541000,184388448,655448704,575057648,80391056,1839402112,1735404720,103997392,2529064928,2564823072,-35758144,2513923456,2658036816,-144113360,2.41,1.05,1.36,-0.47,-1.88,0,23,17,6,0,0,0,81.11,0.00,0.00,0.00,,0.00,,0.00,EastMoney,2026-07-01T17:53:41+08:00
BK1134,2026-07-01T00:00:00Z,202147,204243,206198,202080,201506,2737,1.36,85930315,365457850800,2.85,1.09,0.00,0,42507319,43422996,12816820736000,9867095040000,-11967815680,78158385152,88668848128,-10510462976,107325042688,108782395392,-1457352704,110570381312,104303071232,6267310080,63539137024,57821681664,5717455360,-3.27,-2.88,-0.40,1.71,1.56,0,204,141,62,1,0,0,45.00,0.00,0.00,0.00,,0.00,,0.00,EastMoney,2026-07-01T17:53:41+08:00
BK1135,2026-07-01T00:00:00Z,109844,112990,114094,109826,109831,3159,2.88,51591336,91889660544,3.56,1.23,0.00,0,27766439,23824897,2025925600000,1742877360000,5153546240,15740775168,12522174208,3218600960,24671992320,22737047040,1934945280,27163286528,29364268288,-2200981760,23063516160,26001152000,-2937635840,5.61,3.50,2.11,-2.40,-3.20,0,162,142,18,2,0,0,67.01,0.00,0.00,0.00,,0.00,,0.00,EastMoney,2026-07-01T17:53:41+08:00
BK1136,2026-07-01T00:00:00Z,506606,495204,515928,490086,505755,-10551,-2.09,51878151,385147211207,6.95,1.01,0.00,0,23934590,27943561,7964514048000,7039393280000,-30330781696,78075351040,100137345024,-22061993984,105964793856,114233581568,-8268787712,116901634048,106966401024,9935233024,77951086592,57536267008,20414819584,-7.88,-5.73,-2.15,2.58,5.30,0,94,28,66,0,0,0,103.16,0.00,0.00,0.00,,0.00,,0.00,EastMoney,2026-07-01T17:53:41+08:00
BK1137,2026-07-01T00:00:00Z,402811,403010,417720,398554,402276,734,0.18,73376275,602804761119,8.83,1.08,0.00,0,35646551,37729724,11009626624000,8154103808000,-26334666752,136226066432,157180444672,-20954378240,174426382336,179806670848,-5380288512,192939360256,178820939776,14118420480,88807297024,76519895040,12287401984,-4.37,-3.48,-0.89,2.34,2.04,0,127,56,71,0,0,0,157.86,0.00,0.00,0.00,,0.00,,0.00,EastMoney,2026-07-01T17:53:41+08:00
BK1138,2026-07-01T00:00:00Z,242338,241137,244660,239593,241406,-269,-0.11,72829001,314437582007,4.74,1.02,0.00,0,35066222,37762779,7523802112000,7018776064000,-13933291264,55474093312,63421375488,-7947282176,78618374144,84604383232,-5986009088,93833973760,93006753792,827219968,81536802816,68483430656,13053372160,-4.43,-2.53,-1.90,0.26,4.15,0,144,74,68,2,0,0,37.49,0.00,0.00,0.00,,0.00,,0.00,EastMoney,2026-07-01T17:53:41+08:00
BK1139,2026-07-01T00:00:00Z,111898,112996,113814,111616,111922,1074,0.96,75884140,103035528628,0.38,0.94,0.00,0,39197490,36686650,23460944384000,14641362176000,-1683588096,17970432256,19021648896,-1051216640,25660958464,26293329920,-632371456,32116627456,31706201088,410426368,25823105280,24549943296,1273161984,-1.63,-1.02,-0.61,0.40,1.24,0,81,54,25,2,0,0,9.38,0.00,0.00,0.00,,0.00,,0.00,EastMoney,2026-07-01T17:53:41+08:00
BK1141,2026-07-01T00:00:00Z,232555,232275,237166,230507,232107,168,0.07,69043231,108318453934,9.69,1.04,0.00,0,34533526,34509705,1866413104000,1740880432000,-7685148160,21267943680,28359934464,-7091990784,27462774016,28055931392,-593157376,31296822528,28064923904,3231898624,25951726848,21498477056,4453249792,-7.09,-6.55,-0.55,2.98,4.11,0,33,17,15,1,0,0,53.34,0.00,0.00,0.00,,0.00,,0.00,EastMoney,2026-07-01T17:53:41+08:00
BK1142,2026-07-01T00:00:00Z,144333,145715,146789,143261,144600,1115,0.77,57624364,54322478505,10.96,1.09,0.00,0,28917911,28706453,511242000000,476233600000,-4799237888,12338276352,17127839488,-4789563136,13007933696,13017608448,-9674752,14628519424,12534982912,2093536512,12779129088,10073427968,2705701120,-8.83,-8.82,-0.02,3.85,4.98,0,24,16,8,0,0,0,85.43,0.00,0.00,0.00,,0.00,,0.00,EastMoney,2026-07-01T17:53:41+08:00
BK1143,2026-07-01T00:00:00Z,152323,154804,156526,151569,152795,2009,1.31,3204930,8063156908,2.71,0.88,0.00,0,1541591,1663339,206479382000,169140711000,86977296,1010899312,977149792,33749520,1903886144,1850658368,53227776,2543119056,2553578160,-10459104,2408540144,2482121728,-73581584,1.08,0.42,0.66,-0.13,-0.91,0,24,16,8,0,0,0,-11453.07,0.00,0.00,0.00,,0.00,,0.00,EastMoney,2026-07-01T17:53:41+08:00
BK1144,2026-07-01T00:00:00Z,160228,159552,160968,158544,159790,-238,-0.15,13226519,53254588830,3.87,1.03,0.00,0,6211131,7015389,951697824000,853448112000,-2569101056,7257913088,9410203392,-2152290304,13163045632,13579856384,-416810752,16569502208,15301700096,1267802112,15263954432,13962655488,1301298944,-4.82,-4.04,-0.78,2.38,2.44,0,57,34,23,0,0,0,57.84,0.00,0.00,0.00,,0.00,,0.00,EastMoney,2026-07-01T17:53:41+08:00
BK1145,2026-07-01T00:00:00Z,218721,225205,227637,218257,217894,7311,3.36,8375927,51053377569,4.37,1.09,0.00,0,4069124,4306803,893861344000,828378672000,-1854185728,8192250880,9785391616,-1593140736,13440166912,13701211904,-261044992,17132718592,16079865600,1052852992,11403512064,10602178816,801333248,-3.63,-3.12,-0.51,2.06,1.57,0,35,29,6,0,0,0,62.06,0.00,0.00,0.00,,0.00,,0.00,EastMoney,2026-07-01T17:53:41+08:00
BK1146,2026-07-01T00:00:00Z,113123,118699,118703,110761,113790,4909,4.31,10611874,28744442594,3.45,1.34,0.00,0,5735801,4876073,915842928000,841500832000,1013948144,3712088656,2984326240,727762416,7302668288,7016482560,286185728,9325054208,9433642496,-108588288,7957479936,8848222976,-890743040,3.53,2.53,1.00,-0.38,-3.10,0,37,34,3,0,0,0,103.07,0.00,0.00,0.00,,0.00,,0.00,EastMoney,2026-07-01T17:53:41+08:00
BK1147,2026-07-01T00:00:00Z,84116,87485,87749,83541,84165,3320,3.94,2185773,1842430731,1.84,1.14,0.00,0,1262019,923754,136381951000,107558020000,-77878116,46160763,73225631,-27064868,308471008,359284256,-50813248,536003568,607811168,-71807600,929691568,780005856,149685712,-4.23,-1.47,-2.76,-3.90,8.12,0,14,14,0,0,0,0,18.90,0.00,0.00,0.00,,0.00,,0.00,EastMoney,2026-07-01T17:53:41+08:00
BK1148,2026-07-01T00:00:00Z,149550,149554,151337,147601,149944,-390,-0.26,12861575,29292667350,3.41,1.11,0.00,0,6226029,6635545,723004928000,687775616000,-403631120,4290840816,4397773824,-106933008,7556013312,7852711424,-296698112,10709286912,10223051264,486235648,6226966272,6303720704,-76754432,-1.38,-0.37,-1.01,1.66,-0.26,0,27,17,10,0,0,0,-28.46,0.00,0.00,0.00,,0.00,,0.00,EastMoney,2026-07-01T17:53:41+08:00
BK1150,2026-07-01T00:00:00Z,155475,158282,159422,155475,154911,3371,2.18,25977349,71821384042,2.71,0.99,0.00,0,12808544,13168806,3190772464000,2956177440000,-698560768,9911962624,10393526784,-481564160,17804352000,18021348608,-216996608,22049151232,22469958144,-420806912,20948342016,19826670592,1121671424,-0.97,-0.67,-0.30,-0.59,1.56,0,102,80,20,2,0,0,45.19,0.00,0.00,0.00,,0.00,,0.00,EastMoney,2026-07-01T17:53:41+08:00
BK1151,2026-07-01T00:00:00Z,112630,115123,116547,111517,112660,2463,2.19,31273747,26753723569,5.86,1.56,0.00,0,15723514,15550233,514767264000,466311792000,164746544,3050713504,2714740336,335973168,6508259328,6679485952,-171226624,8636226816,8710224128,-73997312,8101556480,8192305664,-90749184,0.62,1.26,-0.64,-0.28,-0.34,0,38,33,5,0,0,0,-303.61,0.00,0.00,0.00,,0.00,,0.00,EastMoney,2026-07-01T17:53:41+08:00
BK1152,2026-07-01T00:00:00Z,384391,380305,400433,375049,382491,-2186,-0.57,10674644,133923032248,8.76,0.94,0.00,0,5256682,5417962,3097437312000,2730712032000,-3503634432,28226338816,32025914368,-3799575552,42734048512,42438107392,295941120,44808211200,43382919936,1425291264,16056256256,14003852544,2052403712,-2.62,-2.84,0.22,1.06,1.53,0,28,9,18,1,0,0,169.86,0.00,0.00,0.00,,0.00,,0.00,EastMoney,2026-07-01T17:53:41+08:00
BK1153,2026-07-01T00:00:00Z,123259,126373,127351,122966,123283,3090,2.51,15582796,33577697167,3.11,1.01,0.00,0,7854380,7728416,1074824592000,876325536000,491913792,3653800864,3369529696,284271168,8085118976,7877476352,207642624,11024129024,11189928960,-165799936,10290655744,10568318208,-277662464,1.47,0.85,0.62,-0.49,-0.83,0,67,52,14,1,0,0,108.36,0.00,0.00,0.00,,0.00,,0.00,EastMoney,2026-07-01T17:53:41+08:00
BK1155,2026-07-01T00:00:00Z,171258,172232,173632,171079,171109,1123,0.66,24371902,115843756593,2.90,1.03,0.00,0,11858733,12513169,4918256384000,3979647008000,-4018052864,20974436352,23402373888,-2427937536,31064072960,32654188288,-1590115328,36279799296,34480674048,1799125248,25845918720,23632496384,2213422336,-3.47,-2.10,-1.37,1.55,1.91,0,105,70,33,2,0,0,32.51,0.00,0.00,0.00,,0.00,,0.00,EastMoney,2026-07-01T17:53:41+08:00
BK1156,2026-07-01T00:00:00Z,198693,202766,204253,198672,198372,4394,2.22,12123679,47878698007,4.49,1.06,0.00,0,6162141,5961539,1144213424000,923381888000,81472768,6977971968,7003476480,-25504512,12682652672,12575675392,106977280,14575645184,14818299136,-242653952,12872379904,12705325312,167054592,0.17,-0.05,0.22,-0.51,0.35,0,44,32,12,0,0,0,60.53,0.00,0.00,0.00,,0.00,,0.00,EastMoney,2026-07-01T17:53:41+08:00
BK1157,2026-07-01T00:00:00Z,209376,212211,213110,209166,208856,3355,1.61,19256515,50451561185,3.12,1.01,0.00,0,9454849,9801666,1196351840000,1028644320000,688114944,6515547392,6324675840,190871552,13109904384,12612660992,497243392,15938986752,15796024064,142962688,13970622208,14809420544,-838798336,1.36,0.38,0.99,0.28,-1.66,0,86,66,20,0,0,0,152.90,0.00,0.00,0.00,,0.00,,0.00,EastMoney,2026-07-01T17:53:41+08:00
BK1158,2026-07-01T00:00:00Z,313806,323659,327662,312631,313544,10115,3.23,31473006,23091435929,3.37,1.22,0.00,0,16526567,14946439,803538144000,710983200000,-40334016,781428240,767099488,14328752,3086401632,3141064400,-54662768,6820115712,7199290624,-379174912,12103242496,11683733504,419508992,-0.17,0.06,-0.24,-1.64,1.82,0,401,388,10,3,0,0,-58.97,0.00,0.00,0.00,,0.00,,0.00,EastMoney,2026-07-01T17:53:41+08:00
BK1160,2026-07-01T00:00:00Z,279603,278590,284725,276326,278865,-275,-0.10,110934652,192940371237,10.35,1.13,0.00,0,55537267,55397385,2373460832000,2107295616000,-11255388672,35816488704,46396623616,-10580134912,49860622080,50535875840,-675253760,55971936256,51124881664,4847054592,47225267200,40816933120,6408334080,-5.83,-5.48,-0.35,2.51,3.32,0,75,36,39,0,0,0,114.81,0.00,0.00,0.00,,0.00,,0.00,EastMoney,2026-07-01T17:53:41+08:00
BK1161,2026-07-01T00:00:00Z,248791,248377,252254,246225,247840,537,0.22,25298221,130286466850,4.48,1.08,0.00,0,12185081,13113140,3862290592000,3306029792000,-5292224256,20336779520,24190005760,-3853226240,33319702784,34758700800,-1438998016,41389809408,40092131072,1297678336,32919879680,29034234112,3885645568,-4.06,-2.96,-1.10,1.00,2.98,0,60,32,27,1,0,0,57.56,0.00,0.00,0.00,,0.00,,0.00,EastMoney,2026-07-01T17:53:41+08:00
BK1162,2026-07-01T00:00:00Z,218325,217719,223546,216299,217372,347,0.16,14435672,76545717182,5.09,0.99,0.00,0,7095492,7340180,1515836752000,1336803152000,-2858725888,17093110528,19334972928,-2241862400,21260865536,21877729024,-616863488,25722287104,22705848832,3016438272,11328086272,11485798656,-157712384,-3.73,-2.93,-0.81,3.94,-0.21,0,35,19,15,1,0,0,59.54,0.00,0.00,0.00,,0.00,,0.00,EastMoney,2026-07-01T17:53:41+08:00
BK1163,2026-07-01T00:00:00Z,272486,270700,274044,268910,272134,-1434,-0.53,41547497,114996615757,2.20,1.06,0.00,0,20013429,21534068,2723730944000,2469523728000,-7845062912,16823844352,22727432448,-5903588096,27992521216,29933996032,-1941474816,37039795200,34579831808,2459963392,31277819392,25903613952,5374205440,-6.82,-5.13,-1.69,2.14,4.67,0,80,42,38,0,0,0,45.46,0.00,0.00,0.00,,0.00,,0.00,EastMoney,2026-07-01T17:53:41+08:00
BK1164,2026-07-01T00:00:00Z,306210,302986,311717,300383,305377,-2391,-0.78,18851010,143961009610,4.77,0.92,0.00,0,9126970,9724040,2676730080000,2308160176000,-7536145664,34155119872,40172259584,-6017139712,40933162240,42452168192,-1519005952,49786152704,43350860288,6435292416,16742881792,15652118784,1090763008,-5.23,-4.18,-1.06,4.47,0.76,0,47,23,24,0,0,0,67.90,0.00,0.00,0.00,,0.00,,0.00,EastMoney,2026-07-01T17:53:41+08:00
BK1166,2026-07-01T00:00:00Z,165168,167703,168760,165168,164760,2943,1.79,75548312,170830340919,3.22,1.06,0.00,0,38087167,37461145,4453388032000,3911650480000,16702720,23172720640,23247835136,-75114496,42442536448,42350719232,91817216,53464521472,53539177984,-74656512,48742667520,48694917376,47750144,0.01,-0.04,0.05,-0.04,0.03,0,294,231,61,2,0,0,176.90,0.00,0.00,0.00,,0.00,,0.00,EastMoney,2026-07-01T17:53:41+08:00
BK1168,2026-07-01T00:00:00Z,329230,320623,331975,318289,328482,-7859,-2.39,21356023,98103149806,6.21,0.98,0.00,0,9423131,11932891,1683756000000,1596555312000,-9226632960,14634627840,21008227584,-6373599744,23475830528,26328863744,-2853033216,31398207232,29054331136,2343876096,26999077120,20218147584,6780929536,-9.41,-6.50,-2.91,2.39,6.91,0,41,12,29,0,0,0,58.38,0.00,0.00,0.00,,0.00,,0.00,EastMoney,2026-07-01T17:53:41+08:00
BK1169,2026-07-01T00:00:00Z,101363,103978,105751,101131,101339,2639,2.60,4714730,17786512110,3.84,1.17,0.00,0,2447807,2266923,443645216000,418763632000,1820049440,3533710992,2120068976,1413642016,4948659968,4542252544,406407424,5797159680,6899351808,-1102192128,3323994960,4041852144,-717857184,10.23,7.95,2.28,-6.20,-4.04,0,16,15,1,0,0,0,35.42,0.00,0.00,0.00,,0.00,,0.00,EastMoney,2026-07-01T17:53:41+08:00
BK1170,2026-07-01T00:00:00Z,120947,125946,126165,119606,121436,4510,3.71,13564589,22630460084,3.11,1.17,0.00,0,7403630,6160960,643618992000,572755520000,322824576,2415661616,2017378480,398283136,5464897536,5540356096,-75458560,7189812480,7691055616,-501243136,7277661696,7099243008,178418688,1.43,1.76,-0.33,-2.21,0.79,0,61,59,2,0,0,0,96.36,0.00,0.00,0.00,,0.00,,0.00,EastMoney,2026-07-01T17:53:41+08:00
BK1171,2026-07-01T00:00:00Z,183220,184712,185699,182200,183197,1515,0.83,14641355,38242142510,4.15,1.03,0.00,0,6944511,7696844,669593936000,598972352000,-4207748096,5185795328,7968096768,-2782301440,8219876864,9645323520,-1425446656,11850134272,10937593088,912541184,12416489984,9136545280,3279944704,-11.00,-7.28,-3.73,2.39,8.58,0,42,25,16,1,0,0,64.70,0.00,0.00,0.00,,0.00,,0.00,EastMoney,2026-07-01T17:53:41+08:00
BK1172,2026-07-01T00:00:00Z,93142,96050,97626,92794,93367,2683,2.87,17525101,16985850006,4.19,1.15,0.00,0,9082620,8442481,394863968000,359860848000,336396128,1584515344,1358496928,226018416,4108812624,3998434912,110377712,5694887680,5658138880,36748800,5342585088,5715730176,-373145088,1.98,1.33,0.65,0.22,-2.20,0,33,29,4,0,0,0,197.45,0.00,0.00,0.00,,0.00,,0.00,EastMoney,2026-07-01T17:53:41+08:00
BK1173,2026-07-01T00:00:00Z,206866,211498,212595,203522,204818,6680,3.26,22411354,82437700815,2.84,1.03,0.00,0,11301353,11110001,3965050048000,3552624560000,1264036864,14600751872,14054028800,546723072,23061122304,22343808512,717313792,23859948288,24184526848,-324578560,19836017920,20775476224,-939458304,1.53,0.66,0.87,-0.39,-1.14,0,37,30,7,0,0,0,21.61,0.00,0.00,0.00,,0.00,,0.00,EastMoney,2026-07-01T17:53:41+08:00
BK1174,2026-07-01T00:00:00Z,119624,124638,124655,119019,119689,4949,4.13,26357907,48323073448,3.67,1.15,0.00,0,14104456,12253451,1405465408000,1200447856000,1519545856,5467074560,4322600192,1144474368,11679787008,11304715520,375071488,15340952320,15865923584,-524971264,15052565760,16030362368,-977796608,3.14,2.37,0.78,-1.09,-2.02,0,119,115,4,0,0,0,36.65,0.00,0.00,0.00,,0.00,,0.00,EastMoney,2026-07-01T17:53:41+08:00
BK1175,2026-07-01T00:00:00Z,371387,369009,377723,363495,374738,-5729,-1.53,73868847,177497221591,11.22,1.09,0.00,0,36606889,37261959,1890287632000,1764047216000,-11948668416,34989712384,44487264768,-9497552384,45307902720,47759018752,-2451116032,51667101952,47486722816,4180379136,40667516160,33102738688,7564777472,-6.73,-5.35,-1.38,2.36,4.26,0,43,15,28,0,0,0,109.31,0.00,0.00,0.00,,0.00,,0.00,EastMoney,2026-07-01T17:53:41+08:00
BK1176,2026-07-01T00:00:00Z,150786,154172,156116,150786,150636,3536,2.35,8013890,14843987160,2.86,1.19,0.00,0,4214577,3799313,450631360000,396249136000,38417728,1290641296,1412624496,-121983200,3422111264,3261710336,160400928,4995812352,4931812352,64000000,4869469440,4970710784,-101241344,0.26,-0.82,1.08,0.43,-0.68,0,41,36,5,0,0,0,-145.90,0.00,0.00,0.00,,0.00,,0.00,EastMoney,2026-07-01T17:53:41+08:00
BK1177,2026-07-01T00:00:00Z,265511,263497,270122,261220,265702,-2205,-0.83,67741296,104553176880,9.58,1.03,0.00,0,33601343,34139953,1693404592000,1443501392000,-6120960512,20152171008,25793722880,-5641551872,26665552896,27144961536,-479408640,30121840640,27900453632,2221387008,25237859328,21338285824,3899573504,-5.85,-5.40,-0.46,2.12,3.73,0,54,23,31,0,0,0,97.90,0.00,0.00,0.00,,0.00,,0.00,EastMoney,2026-07-01T17:53:41+08:00
BK1178,2026-07-01T00:00:00Z,268339,268691,273680,266615,267910,781,0.29,68542592,268594041138,6.21,1.11,0.00,0,33762429,34780162,5006489600000,4507845376000,-14592232448,56932226048,69070262272,-12138036224,73756721152,76210917376,-2454196224,88247820288,77526331392,10721488896,45291343104,41428746240,3862596864,-5.43,-4.52,-0.91,3.99,1.44,0,126,61,64,1,0,0,65.02,0.00,0.00,0.00,,0.00,,0.00,EastMoney,2026-07-01T17:53:41+08:00
BK1179,2026-07-01T00:00:00Z,125295,128772,129726,125007,125200,3572,2.85,6763041,5607198230,2.15,1.05,0.00,0,3744250,3018791,236852165000,212337288000,257094256,587580096,393933680,193646416,1181761440,1118313600,63447840,1676212160,1841666480,-165454320,2046757632,2126617344,-79859712,4.59,3.45,1.13,-2.95,-1.42,0,40,38,2,0,0,0,250.46,0.00,0.00,0.00,,0.00,,0.00,EastMoney,2026-07-01T17:53:41+08:00
BK1180,2026-07-01T00:00:00Z,236264,238031,241913,235364,234826,3205,1.36,18845325,93327806197,7.63,0.98,0.00,0,8924127,9921198,1630496016000,1553927856000,-1190252800,17083803392,17427937280,-344133888,24281735168,25127854080,-846118912,29914795776,30277016320,-362220544,20421426432,18800954112,1620472320,-1.28,-0.37,-0.91,-0.39,1.74,0,40,22,18,0,0,0,1046.85,0.00,0.00,0.00,,0.00,,0.00,EastMoney,2026-07-01T17:53:41+08:00
BK1181,2026-07-01T00:00:00Z,134133,136633,137819,134053,134219,2414,1.80,25061599,57097050991,2.09,1.07,0.00,0,13058142,12003457,2569640560000,1843110336000,1605658112,10047455744,8893063168,1154392576,15256697600,14805432064,451265536,18604362752,19187868416,-583505664,12338716672,13375924992,-1037208320,2.81,2.02,0.79,-1.02,-1.82,0,95,68,26,1,0,0,31.35,0.00,0.00,0.00,,0.00,,0.00,EastMoney,2026-07-01T17:53:41+08:00
BK1182,2026-07-01T00:00:00Z,111537,113740,115170,111154,111462,2278,2.04,11719193,19597239581,4.70,1.07,0.00,0,6006152,5713041,411644416000,368838064000,484931072,1829360576,1780571840,48788736,4936128256,4499985920,436142336,6478914560,6544998656,-66084096,5943112448,6350626048,-407513600,2.47,0.25,2.23,-0.34,-2.08,0,34,29,5,0,0,0,80.41,0.00,0.00,0.00,,0.00,,0.00,EastMoney,2026-07-01T17:53:41+08:00
BK1183,2026-07-01T00:00:00Z,95780,98509,99485,95455,95746,2763,2.89,24977908,23157246578,3.73,1.16,0.00,0,13578227,11399681,558210464000,506614976000,454367680,2088713440,1730763552,357949888,5516889856,5420472064,96417792,7393573632,7599061760,-205488128,7691865600,7918038784,-226173184,1.96,1.55,0.42,-0.89,-0.98,0,77,71,5,1,0,0,460.55,0.00,0.00,0.00,,0.00,,0.00,EastMoney,2026-07-01T17:53:41+08:00
BK1184,2026-07-01T00:00:00Z,187833,190746,191912,187753,187361,3385,1.81,68265452,220125995561,3.55,1.02,0.00,0,33610069,34655383,6364751872000,5312686848000,-151326208,33343235584,32556772352,786463232,56349790208,57287579648,-937789440,68712475904,68218454016,494021888,57915625728,58285912832,-370287104,-0.07,0.36,-0.43,0.22,-0.17,0,250,174,74,2,0,0,53.28,0.00,0.00,0.00,,0.00,,0.00,EastMoney,2026-07-01T17:53:41+08:00
BK1185,2026-07-01T00:00:00Z,92092,94484,94887,91883,92082,2402,2.61,10579670,11286055952,2.68,1.10,0.00,0,5596331,4983338,331051536000,308789568000,-29646912,1275502848,1165930352,109572496,2482533104,2621752512,-139219408,3515734080,3561413744,-45679664,3853795152,3778468576,75326576,-0.26,0.97,-1.23,-0.40,0.67,0,42,37,3,2,0,0,-17.23,0.00,0.00,0.00,,0.00,,0.00,EastMoney,2026-07-01T17:53:41+08:00
BK1186,2026-07-01T00:00:00Z,93091,95442,96179,92602,93027,2415,2.60,10664809,10301677943,2.61,1.02,0.00,0,5682500,4982310,312173712000,283175568000,-18556992,946626272,921976208,24650064,2402285968,2445493024,-43207056,3361437536,3438201984,-76764448,3440607248,3343345328,97261920,-0.18,0.24,-0.42,-0.75,0.94,0,41,36,5,0,0,0,-94.26,0.00,0.00,0.00,,0.00,,0.00,EastMoney,2026-07-01T17:53:41+08:00
BK1187,2026-07-01T00:00:00Z,111786,114539,115837,111617,111889,2650,2.37,21477994,23362249000,4.00,1.11,0.00,0,11196655,10281340,764374640000,465085952000,-203249536,2204632560,2340095600,-135463040,5344215296,5412001792,-67786496,8230434816,8034213376,196221440,7259015168,7250046720,8968448,-0.87,-0.58,-0.29,0.84,0.04,0,74,68,5,1,0,0,169.36,0.00,0.00,0.00,,0.00,,0.00,EastMoney,2026-07-01T17:53:41+08:00
BK1188,2026-07-01T00:00:00Z,121097,123607,124857,121060,120901,2706,2.24,77906922,191390200184,3.62,1.17,0.00,0,39729903,38177019,5018675200000,4363010048000,-5221401600,28250970880,32274745088,-4023774208,48394543872,49592171264,-1197627392,62208944896,59902228480,2306716416,49202315520,46231309824,2971005696,-2.73,-2.10,-0.63,1.21,1.55,0,255,212,42,1,0,0,95.69,0.00,0.00,0.00,,0.00,,0.00,EastMoney,2026-07-01T17:53:41+08:00
BK1189,2026-07-01T00:00:00Z,102840,103843,104934,102810,102218,1625,1.59,6116068,22501747476,3.45,1.11,0.00,0,2872506,3243563,613539904000,491565088000,-1690341120,2435659616,3342049632,-906390016,5138608896,5922560000,-783951104,7225038336,7082953216,142085120,7312811520,5764555776,1548255744,-7.51,-4.03,-3.48,0.63,6.88,0,20,14,6,0,0,0,70.00,0.00,0.00,0.00,,0.00,,0.00,EastMoney,2026-07-01T17:53:41+08:00
BK1190,2026-07-01T00:00:00Z,139413,145516,147331,139413,138647,6869,4.95,15967973,49664709547,7.23,1.36,0.00,0,8825199,7142773,752161072000,604704592000,4025509888,12422084096,9207199744,3214884352,14131842304,13321216768,810625536,12990974464,14923712512,-1932738048,9280497664,11372643840,-2092146176,8.11,6.47,1.63,-3.89,-4.21,0,16,15,1,0,0,0,45.58,0.00,0.00,0.00,,0.00,,0.00,EastMoney,2026-07-01T17:53:41+08:00
BK1192,2026-07-01T00:00:00Z,115885,117295,118006,115183,115649,1646,1.42,34893871,31919456973,1.62,1.01,0.00,0,18286366,16607505,1820984560000,1503932064000,1185339920,5214533888,3901209328,1313324560,7195451392,7323436032,-127984640,9345532160,10009876480,-664344320,9754841600,10271682816,-516841216,3.71,4.11,-0.40,-2.08,-1.62,0,55,44,8,3,0,0,16.35,0.00,0.00,0.00,,0.00,,0.00,EastMoney,2026-07-01T17:53:41+08:00
BK1193,2026-07-01T00:00:00Z,87857,90749,91382,87857,87950,2799,3.18,43393892,38570332559,2.15,1.19,0.00,0,23996492,19397400,1318539600000,1152607072000,1738470912,6826476800,4980682240,1845794560,9394061056,9501384704,-107323648,11287850240,12369251072,-1081400832,10415169024,11065753088,-650584064,4.51,4.79,-0.28,-2.80,-1.69,0,85,80,4,1,0,0,112.67,0.00,0.00,0.00,,0.00,,0.00,EastMoney,2026-07-01T17:53:41+08:00
BK1197,2026-07-01T00:00:00Z,98096,100709,101553,97501,98101,2608,2.66,84966147,95861635086,1.85,1.10,0.00,0,45433068,39533080,4914967040000,4229634048000,4151062016,13341053184,10979725056,2361328128,24737392128,22947658240,1789733888,29510521600,30412821248,-902299648,26670184192,29916420608,-3246236416,4.33,2.46,1.87,-0.94,-3.39,0,158,135,22,1,0,0,53.21,0.00,0.00,0.00,,0.00,,0.00,EastMoney,2026-07-01T17:53:41+08:00
BK1198,2026-07-01T00:00:00Z,110907,112657,113173,110717,110912,1745,1.57,36808223,120540003983,3.25,1.07,0.00,0,18427195,18381027,4201842608000,3563571296000,-2390105600,20220920832,21193321472,-972400640,30433716992,31851421952,-1417704960,35533433600,35831863040,-298429440,32587095808,29898560256,2688535552,-1.98,-0.81,-1.18,-0.25,2.23,0,90,65,25,0,0,0,16.44,0.00,0.00,0.00,,0.00,,0.00,EastMoney,2026-07-01T17:53:41+08:00
BK1199,2026-07-01T00:00:00Z,142592,147967,149109,142592,143601,4366,3.04,2480480,6022102638,6.91,1.19,0.00,0,1262115,1218365,92327162000,88773901000,117489920,955696720,829445488,126251232,1632374752,1641136064,-8761312,1791984384,1819837024,-27852640,1547029168,1634491008,-87461840,1.95,2.10,-0.15,-0.46,-1.45,0,8,7,1,0,0,0,129.27,0.00,0.00,0.00,,0.00,,0.00,EastMoney,2026-07-01T17:53:41+08:00
BK1200,2026-07-01T00:00:00Z,657575,660894,666714,649804,657001,3893,0.59,110630450,307274122735,3.65,1.10,0.00,0,53683041,56947408,8860340224000,7805963520000,-4899726080,41645154304,45092926208,-3447771904,78536425472,79988379648,-1451954176,96673554432,94589644800,2083909632,85411844096,82547724288,2864119808,-1.59,-1.12,-0.47,0.68,0.93,0,406,266,134,6,0,0,60.42,0.00,0.00,0.00,,0.00,,0.00,EastMoney,2026-07-01T17:53:41+08:00
BK1201,2026-07-01T00:00:00Z,1666404,1658792,1701990,1642206,1663653,-4861,-0.29,267871563,1280758761162,7.54,1.06,0.00,0,130386289,137485275,26884539648000,21331049728000,-54478659584,256000790528,301177221120,-45176430592,367454232576,376756461568,-9302228992,401985318912,375800315904,26185003008,231995564032,203757678592,28237885440,-4.25,-3.53,-0.73,2.04,2.20,0,511,212,290,9,0,0,127.25,0.00,0.00,0.00,,0.00,,0.00,EastMoney,2026-07-01T17:53:41+08:00
BK1202,2026-07-01T00:00:00Z,180215,184562,186228,179293,179832,4730,2.63,43711247,23095736017,2.12,1.12,0.00,0,23308492,20402755,907468576000,853927504000,58624576,3323414496,2999052192,324362304,5495315712,5761053440,-265737728,6687939072,7057012224,-369073152,7144843008,6834394368,310448640,0.25,1.40,-1.15,-1.60,1.34,0,105,93,10,2,0,0,-4.47,0.00,0.00,0.00,,0.00,,0.00,EastMoney,2026-07-01T17:53:41+08:00
BK1203,2026-07-01T00:00:00Z,235362,246579,248623,234862,235515,11064,4.70,85160614,118118145532,2.03,1.29,0.00,0,48632783,36527831,7155535616000,5681115904000,10944496640,28708335616,20375907840,8332427776,33683016192,31070947328,2612068864,31646283776,35663097344,-4016813568,23103212544,30030895872,-6927683328,9.27,7.05,2.21,-3.40,-5.87,0,80,78,2,0,0,0,10.64,0.00,0.00,0.00,,0.00,,0.00,EastMoney,2026-07-01T17:53:41+08:00
BK1204,2026-07-01T00:00:00Z,602737,610395,614570,602737,602025,8370,1.39,29497806,99057673331,3.02,1.06,0.00,0,14615113,14882693,3355157872000,2790230368000,31352064,12811673088,12983242240,-171569152,25043485440,24840564224,202921216,31788197120,31476154368,312042752,27885839360,28229605632,-343766272,0.03,-0.17,0.20,0.32,-0.35,0,142,111,31,0,0,0,89.97,0.00,0.00,0.00,,0.00,,0.00,EastMoney,2026-07-01T17:53:41+08:00
BK1205,2026-07-01T00:00:00Z,491019,497163,500420,490878,489750,7413,1.51,97794643,294457751365,3.08,0.99,0.00,0,48693174,49101469,7455188736000,6080586496000,-5420990720,43260914688,47839075584,-4578160896,75601088512,76443918336,-842829824,93455884288,90438029312,3017854976,74274619392,71993372672,2281246720,-1.84,-1.55,-0.29,1.02,0.77,0,618,448,162,8,0,0,60.27,0.00,0.00,0.00,,0.00,,0.00,EastMoney,2026-07-01T17:53:41+08:00
BK1206,2026-07-01T00:00:00Z,371914,381278,383575,371171,371203,10075,2.71,108423260,213432852561,3.69,1.09,0.00,0,55257928,53165333,5200079872000,4666282496000,726389504,32314390528,30209743104,2104647424,51467134976,52845392896,-1378257920,64701535488,66426225408,-1724689920,59755369216,58822691584,932677632,0.34,0.99,-0.65,-0.81,0.44,0,451,364,83,4,0,0,41.46,0.00,0.00,0.00,,0.00,,0.00,EastMoney,2026-07-01T17:53:41+08:00
BK1207,2026-07-01T00:00:00Z,773125,791483,800849,773125,772337,19146,2.48,74402819,180526038179,3.63,1.15,0.00,0,37425148,36977670,4645430784000,3853940992000,1573263872,25243888640,24849032192,394856448,45676011008,44497603584,1178407424,57395829760,58565201408,-1169371648,48322571264,48579911680,-257340416,0.87,0.22,0.65,-0.65,-0.14,0,363,304,56,3,0,0,162.38,0.00,0.00,0.00,,0.00,,0.00,EastMoney,2026-07-01T17:53:41+08:00
BK1208,2026-07-01T00:00:00Z,381346,385416,388489,377520,382175,3241,0.85,23204723,46720594314,2.98,0.99,0.00,0,11494851,11709872,1491988144000,1265436352000,-1088105984,6347624960,6983123968,-635499008,11496036864,11948643840,-452606976,14302765056,14242536448,60228608,13655496960,12625096960,1030400000,-2.33,-1.36,-0.97,0.13,2.21,0,78,53,25,0,0,0,126.04,0.00,0.00,0.00,,0.00,,0.00,EastMoney,2026-07-01T17:53:41+08:00
BK1209,2026-07-01T00:00:00Z,285214,291491,293524,284851,284701,6790,2.38,45032265,46292489707,1.59,1.03,0.00,0,23939983,21092282,1829548688000,1626203584000,1164999424,7428869376,5892313856,1536555520,10456219904,10827776000,-371556096,13171717120,14441040896,-1269323776,14424815360,14300643072,124172288,2.52,3.32,-0.80,-2.74,0.27,0,162,135,24,3,0,0,14.14,0.00,0.00,0.00,,0.00,,0.00,EastMoney,2026-07-01T17:53:41+08:00
BK1210,2026-07-01T00:00:00Z,222456,227901,229021,222452,221782,6119,2.76,40913566,27732783121,0.91,1.05,0.00,0,21785783,19127783,3030604272000,2628703440000,97788736,3661286400,3665214400,-3928000,6326270464,6224553728,101716736,8090850048,8421973760,-331123712,9200032512,8959814656,240217856,0.35,-0.01,0.37,-1.19,0.87,0,134,124,8,2,0,0,16.89,0.00,0.00,0.00,,0.00,,0.00,EastMoney,2026-07-01T17:53:41+08:00
BK1211,2026-07-01T00:00:00Z,387102,393599,395836,386781,386580,7019,1.82,43674271,80582146519,1.86,0.98,0.00,0,22284866,21389405,4416427520000,3335898992000,1112189952,8059900672,7790291456,269609216,18988283136,18145702400,842580736,25631231744,25733206016,-101974272,26590040576,27583697152,-993656576,1.38,0.33,1.05,-0.13,-1.23,0,326,259,62,5,0,0,28.40,0.00,0.00,0.00,,0.00,,0.00,EastMoney,2026-07-01T17:53:41+08:00
BK1212,2026-07-01T00:00:00Z,311027,318492,320611,310327,310791,7701,2.48,22477311,22322059499,2.48,1.01,0.00,0,11518131,10959180,1004036272000,859550848000,-221308576,1509752224,1730393152,-220640928,4617724672,4618392320,-667648,7027550976,7020859648,6691328,8639975936,8431752192,208223744,-0.99,-0.99,0.00,0.03,0.93,0,172,155,16,1,0,0,68.54,0.00,0.00,0.00,,0.00,,0.00,EastMoney,2026-07-01T17:53:41+08:00
BK1213,2026-07-01T00:00:00Z,202123,208207,209664,202123,201673,6534,3.24,27569132,18023276251,2.09,1.15,0.00,0,15379304,12189828,840683536000,785808288000,675153072,2131920416,1664069344,467851072,4002708832,3795406832,207302000,5436183552,5812857344,-376673792,6164011776,6462490880,-298479104,3.75,2.60,1.15,-2.09,-1.66,0,103,94,8,1,0,0,-68.05,0.00,0.00,0.00,,0.00,,0.00,EastMoney,2026-07-01T17:53:41+08:00
BK1214,2026-07-01T00:00:00Z,384248,395830,397007,383649,384174,11656,3.03,14451168,12658168383,3.02,1.32,0.00,0,8163120,6288048,489390576000,419237808000,390001056,1099806256,918914960,180891296,2977751520,2768641760,209109760,3901011488,4289193664,-388182176,4436639488,4425556224,11083264,3.08,1.43,1.65,-3.07,0.09,0,87,78,7,2,0,0,50.96,0.00,0.00,0.00,,0.00,,0.00,EastMoney,2026-07-01T17:53:41+08:00
BK1215,2026-07-01T00:00:00Z,823665,825241,833432,817854,820758,4483,0.55,39634670,256604958820,2.20,1.07,0.00,0,19321538,20313132,8323524096000,5783783424000,-20173766144,54117670912,66691509760,-12573838848,66461822976,74061750272,-7599927296,81178509312,74420154368,6758354944,51103320576,37767935488,13335385088,-7.86,-4.90,-2.96,2.63,5.20,0,131,82,47,2,0,0,36.56,0.00,0.00,0.00,,0.00,,0.00,EastMoney,2026-07-01T17:53:41+08:00
BK1216,2026-07-01T00:00:00Z,416544,436135,436301,412114,417427,18708,4.48,88566841,167730292922,2.86,1.26,0.00,0,48827832,39739009,6535502848000,5386155008000,3243451648,18719136768,16833706240,1885430528,41324363520,39966342400,1358021120,53975073792,56355521536,-2380447744,50879101696,51639502848,-760401152,1.93,1.12,0.81,-1.42,-0.45,0,508,484,22,2,0,0,45.33,0.00,0.00,0.00,,0.00,,0.00,EastMoney,2026-07-01T17:53:41+08:00
BK1217,2026-07-01T00:00:00Z,1100538,1135465,1140564,1100538,1104425,31040,2.81,4744242,6855607694,2.43,1.08,0.00,0,2390624,2353618,207470632000,195537183000,1023796800,1966592848,1048787184,917805664,1759100400,1653109264,105991136,1584619408,2110757984,-526138576,1492791168,1990449376,-497658208,14.93,13.39,1.55,-7.67,-7.26,0,19,17,2,0,0,0,-104.58,0.00,0.00,0.00,,0.00,,0.00,EastMoney,2026-07-01T17:53:41+08:00
BK1218,2026-07-01T00:00:00Z,166687,171383,173608,165999,166890,4493,2.69,3222434,2688720113,1.14,1.33,0.00,0,1629726,1592708,224162878000,208626239000,83993803,109038035,92280344,16757691,487515408,420279296,67236112,893974240,892555520,1418720,1167288480,1252701024,-85412544,3.12,0.62,2.50,0.05,-3.18,0,28,26,2,0,0,0,16.76,0.00,0.00,0.00,,0.00,,0.00,EastMoney,2026-07-01T17:53:41+08:00
BK1219,2026-07-01T00:00:00Z,110451,112180,113769,109465,110270,1910,1.73,3630208,1894316665,1.74,1.17,0.00,0,1969241,1660967,117984458000,111565151000,-72003730,125730112,168984050,-43253938,401268736,430018528,-28749792,614072752,592211760,21860992,689767904,632230608,57537296,-3.80,-2.28,-1.52,1.15,3.04,0,13,11,2,0,0,0,-49.84,0.00,0.00,0.00,,0.00,,0.00,EastMoney,2026-07-01T17:53:41+08:00
BK1220,2026-07-01T00:00:00Z,427556,439408,446423,425813,428440,10968,2.56,15040660,14642425121,4.19,1.11,0.00,0,7721316,7319344,284137968000,266426499000,52212240,1377530400,1355620304,21910096,3527159664,3496857520,30302144,4842506240,4860037632,-17531392,4665021696,4699702784,-34681088,0.36,0.15,0.21,-0.12,-0.24,0,30,29,1,0,0,0,103.67,0.00,0.00,0.00,,0.00,,0.00,EastMoney,2026-07-01T17:53:41+08:00
BK1221,2026-07-01T00:00:00Z,604593,615288,626851,601485,607485,7803,1.28,3458148,7338258757,4.55,1.16,0.00,0,1757196,1700952,181866644000,157480143000,230024464,694130976,665401472,28729504,1817397968,1616103008,201294960,2550741456,2575479664,-24738208,2175454240,2380740496,-205286256,3.13,0.39,2.74,-0.34,-2.80,0,15,13,2,0,0,0,-260.88,0.00,0.00,0.00,,0.00,,0.00,EastMoney,2026-07-01T17:53:41+08:00
BK1222,2026-07-01T00:00:00Z,305856,316536,319994,302998,305841,10695,3.50,7396195,5509927549,3.71,1.08,0.00,0,4070426,3325769,166114110000,157444989000,216330576,422936208,274685552,148250656,1369698912,1301618992,68079920,1842942576,1954409616,-111467040,1798770912,1903634448,-104863536,3.93,2.69,1.24,-2.02,-1.90,0,18,16,2,0,0,0,-49.10,0.00,0.00,0.00,,0.00,,0.00,EastMoney,2026-07-01T17:53:41+08:00
BK1223,2026-07-01T00:00:00Z,1823437,1801501,1855008,1784430,1822703,-21202,-1.16,8037378,36635953459,5.96,0.90,0.00,0,3634126,4403253,587893344000,532942848000,-850810624,5821622016,6251201024,-429579008,8901255424,9322487040,-421231616,10888310528,10638131456,250179072,10382638592,9782007296,600631296,-2.32,-1.17,-1.15,0.68,1.64,0,33,10,22,1,0,0,80.14,0.00,0.00,0.00,,0.00,,0.00,EastMoney,2026-07-01T17:53:41+08:00
BK1224,2026-07-01T00:00:00Z,241304,245918,247955,241066,241240,4678,1.94,4761170,4804411018,2.46,1.16,0.00,0,2445680,2315489,180919112000,172175771000,-37896608,315591456,359449232,-43857776,1037756256,1031795088,5961168,1495288992,1485655840,9633152,1770576528,1742029504,28547024,-0.79,-0.91,0.12,0.20,0.59,0,33,27,6,0,0,0,20.47,0.00,0.00,0.00,,0.00,,0.00,EastMoney,2026-07-01T17:53:41+08:00
BK1225,2026-07-01T00:00:00Z,227753,234364,235389,227369,226722,7642,3.37,8559513,7317045217,2.12,0.98,0.00,0,4586779,3972734,320768352000,289198496000,62473120,668053952,584896544,83157408,1610419968,1631104256,-20684288,2165631712,2198752368,-33120656,2764827664,2792239680,-27412016,0.85,1.14,-0.28,-0.45,-0.37,0,61,57,3,1,0,0,37.83,0.00,0.00,0.00,,0.00,,0.00,EastMoney,2026-07-01T17:53:41+08:00
BK1226,2026-07-01T00:00:00Z,69851,71633,72341,69663,69815,1818,2.60,16967527,4535187300,1.10,1.06,0.00,0,9757655,7209872,492393552000,448346816000,84974688,749508240,676100064,73408176,1149758624,1138192112,11566512,1266666032,1310791696,-44125664,1302769696,1343618720,-40849024,1.87,1.62,0.26,-0.97,-0.90,0,24,23,0,1,0,0,-390.24,0.00,0.00,0.00,,0.00,,0.00,EastMoney,2026-07-01T17:53:41+08:00
BK1227,2026-07-01T00:00:00Z,196548,201728,203218,196148,196134,5594,2.85,2755510,2281669587,1.17,1.09,0.00,0,1543974,1211536,176377554000,169996944000,19944362,176042762,151721424,24321338,524993824,529370800,-4376976,705442400,717465488,-12023088,844954912,852876176,-7921264,0.87,1.07,-0.19,-0.53,-0.35,0,13,12,1,0,0,0,20.95,0.00,0.00,0.00,,0.00,,0.00,EastMoney,2026-07-01T17:53:41+08:00
BK1228,2026-07-01T00:00:00Z,352937,361145,365357,352278,352693,8452,2.40,7661816,4747194654,3.80,1.42,0.00,0,3697965,3963851,160454758000,149230706000,366544128,798904640,604020800,194883840,1216679360,1045019072,171660288,1282799152,1443280496,-160481344,1391938848,1598001632,-206062784,7.72,4.11,3.62,-3.38,-4.34,0,9,7,2,0,0,0,35.94,0.00,0.00,0.00,,0.00,,0.00,EastMoney,2026-07-01T17:53:41+08:00
BK1229,2026-07-01T00:00:00Z,348582,355396,360648,348582,348939,6457,1.85,2900825,5959259486,3.21,1.03,0.00,0,1381541,1519284,143107735000,142141124000,-213001504,412183392,496172400,-83989008,1308784384,1437796880,-129012496,1889894496,1941477328,-51582832,2255102448,1990518096,264584352,-3.57,-1.41,-2.16,-0.87,4.44,0,12,10,2,0,0,0,161.10,0.00,0.00,0.00,,0.00,,0.00,EastMoney,2026-07-01T17:53:41+08:00
BK1230,2026-07-01T00:00:00Z,472875,484424,488421,472875,474978,9446,1.99,3183580,8556406498,2.41,1.18,0.00,0,1617317,1566263,498482928000,373651120000,728122288,1905546720,1420488704,485058016,2289947952,2046883680,243064272,2394856672,2645042640,-250185968,1872053040,2349989360,-477936320,8.51,5.67,2.84,-2.92,-5.59,0,10,10,0,0,0,0,29.99,0.00,0.00,0.00,,0.00,,0.00,EastMoney,2026-07-01T17:53:41+08:00
BK1231,2026-07-01T00:00:00Z,437304,440290,444235,434919,437502,2788,0.64,7496371,24404026558,2.14,0.99,0.00,0,3670531,3825841,1014450560000,914371328000,-1259268208,2443602704,3460021120,-1016418416,6023038976,6265888768,-242849792,8175872000,7575077888,600794112,7425983232,6770056192,655927040,-5.16,-4.16,-1.00,2.46,2.69,0,48,38,10,0,0,0,76.72,0.00,0.00,0.00,,0.00,,0.00,EastMoney,2026-07-01T17:53:41+08:00
BK1232,2026-07-01T00:00:00Z,552598,568056,575283,551995,552771,15285,2.77,3472564,14871655630,3.50,1.05,0.00,0,1838603,1633961,476805952000,358258896000,529546576,2197037344,1905333440,291703904,3990098160,3752255488,237842672,4859456768,4961373952,-101917184,3584525408,4012154816,-427629408,3.56,1.96,1.60,-0.69,-2.88,0,9,8,1,0,0,0,517.01,0.00,0.00,0.00,,0.00,,0.00,EastMoney,2026-07-01T17:53:41+08:00
BK1233,2026-07-01T00:00:00Z,747039,755892,761267,746803,744097,11795,1.59,12444466,45266325157,4.08,1.08,0.00,0,6107122,6337344,1222310704000,1001807904000,245953024,5853303040,5701226496,152076544,11431615744,11337739264,93876480,14468116992,14353182464,114934528,12748175104,13106887424,-358712320,0.54,0.34,0.21,0.25,-0.79,0,63,45,18,0,0,0,216.71,0.00,0.00,0.00,,0.00,,0.00,EastMoney,2026-07-01T17:53:41+08:00
BK1234,2026-07-01T00:00:00Z,377381,384337,387394,377381,378283,6054,1.60,4830516,8830236703,4.14,0.92,0.00,0,2349491,2481026,174433301000,165236718000,-207160048,992698720,1157510528,-164811808,2096001712,2138349952,-42348240,2677160464,2786594032,-109433568,2884880928,2567238416,317642512,-2.35,-1.87,-0.48,-1.24,3.60,0,26,19,6,1,0,0,90.09,0.00,0.00,0.00,,0.00,,0.00,EastMoney,2026-07-01T17:53:41+08:00
BK1235,2026-07-01T00:00:00Z,229625,235255,237042,229254,229237,6018,2.63,15986710,14914668192,1.96,1.03,0.00,0,8444841,7541869,743814720000,601734576000,68698864,1114695360,1169515040,-54819680,3360402544,3236884000,123518544,4735312384,4668669440,66642944,5486695424,5617349120,-130653696,0.46,-0.37,0.83,0.45,-0.88,0,109,97,11,1,0,0,33.13,0.00,0.00,0.00,,0.00,,0.00,EastMoney,2026-07-01T17:53:41+08:00
BK1236,2026-07-01T00:00:00Z,172020,174942,175428,171796,171425,3517,2.05,6852009,7578530017,1.31,1.06,0.00,0,3799999,3052010,433422336000,357605344000,369280976,982926352,743091984,239834368,2076351088,1946904480,129446608,2303253072,2408271344,-105018272,2090008192,2348624608,-258616416,4.87,3.16,1.71,-1.39,-3.41,0,32,27,5,0,0,0,20.05,0.00,0.00,0.00,,0.00,,0.00,EastMoney,2026-07-01T17:53:41+08:00
BK1237,2026-07-01T00:00:00Z,1244420,1258249,1271580,1244420,1242872,15377,1.24,15445975,92126006825,5.17,1.03,0.00,0,7438697,8007278,1676400624000,1482286560000,-4360251392,16047118848,19108893952,-3061775104,23959347456,25257823744,-1298476288,30326558464,28538272768,1788285696,19593633280,17132984832,2460648448,-4.73,-3.32,-1.41,1.94,2.67,0,94,61,32,1,0,0,118.03,0.00,0.00,0.00,,0.00,,0.00,EastMoney,2026-07-01T17:53:41+08:00
BK1238,2026-07-01T00:00:00Z,782895,803003,812088,782895,782367,20636,2.64,34923669,59331111336,4.11,1.19,0.00,0,17655848,17267821,1413779632000,1208650128000,1069522944,7081539584,6899169024,182370560,14537996288,13650843904,887152384,18684825344,19143927552,-459102208,17388391680,17901221888,-512830208,1.80,0.31,1.50,-0.77,-0.86,0,137,117,18,2,0,0,-237.25,0.00,0.00,0.00,,0.00,,0.00,EastMoney,2026-07-01T17:53:41+08:00
BK1239,2026-07-01T00:00:00Z,313182,320730,320881,310984,313166,7564,2.42,2927432,8258004259,1.14,1.08,0.00,0,1457859,1469573,1063430672000,923465952000,-11742688,1153145072,1038158304,114986768,2236355616,2363085072,-126729456,2630392064,2539969488,90422576,2127875584,2206555456,-78679872,-0.14,1.39,-1.53,1.09,-0.95,0,12,8,4,0,0,0,12.64,0.00,0.00,0.00,,0.00,,0.00,EastMoney,2026-07-01T17:53:41+08:00
BK1240,2026-07-01T00:00:00Z,538414,541288,545541,535665,538439,2849,0.53,1126600,1038803588,2.36,1.47,0.00,0,550476,576125,47193663000,43995557000,-40330918,35921910,47429820,-11507910,171389313,200212321,-28823008,326303728,337512432,-11208704,483221712,431682096,51539616,-3.88,-1.11,-2.77,-1.08,4.96,0,9,7,2,0,0,0,29.72,0.00,0.00,0.00,,0.00,,0.00,EastMoney,2026-07-01T17:53:41+08:00
BK1241,2026-07-01T00:00:00Z,424855,425604,431694,421728,424777,827,0.19,3780965,4076611490,2.70,1.15,0.00,0,1783453,1997512,164165835000,161105694000,119153664,505310224,374049328,131260896,901954736,914061968,-12107232,1214843504,1252597584,-37754080,1396225632,1477625216,-81399584,2.92,3.22,-0.30,-0.93,-2.00,0,10,6,4,0,0,0,33.86,0.00,0.00,0.00,,0.00,,0.00,EastMoney,2026-07-01T17:53:41+08:00
BK1242,2026-07-01T00:00:00Z,515915,525423,527921,513747,513118,12305,2.40,6701993,16055536109,3.94,1.09,0.00,0,3311364,3390628,410862784000,354428160000,447479088,1840068336,1696401360,143666976,4025117328,3721305216,303812112,5140678656,5164727296,-24048640,4634519808,4989302528,-354782720,2.79,0.89,1.89,-0.15,-2.21,0,36,28,8,0,0,0,43.78,0.00,0.00,0.00,,0.00,,0.00,EastMoney,2026-07-01T17:53:41+08:00
BK1243,2026-07-01T00:00:00Z,104202,107185,108172,103673,103951,3234,3.11,251298,145345655,1.74,0.95,0.00,0,135614,115684,9403742000,8573488000,-5010599,1373931,1422796,-48865,18643483,23605217,-4961734,48860996,54350991,-5489995,74783916,64283322,10500594,-3.45,-0.03,-3.41,-3.78,7.22,0,3,3,0,0,0,0,49.97,0.00,0.00,0.00,,0.00,,0.00,EastMoney,2026-07-01T17:53:41+08:00
BK1244,2026-07-01T00:00:00Z,201973,207656,208569,201340,201599,6057,3.00,1016460,2161579656,1.07,0.94,0.00,0,536087,480372,186627679000,180336288000,51526004,141861101,125596905,16264196,428970208,393708400,35261808,682598352,695556672,-12958320,857996960,879626624,-21629664,2.38,0.75,1.63,-0.60,-1.00,0,23,19,3,1,0,0,23.56,0.00,0.00,0.00,,0.00,,0.00,EastMoney,2026-07-01T17:53:41+08:00
BK1245,2026-07-01T00:00:00Z,292301,291549,293651,289256,292819,-1270,-0.43,2840891,2390700790,3.43,1.44,0.00,0,1449269,1391623,95714753000,68742296000,-132407983,203854424,262707399,-58852975,597717664,671272672,-73555008,728264320,725001472,3262848,759003072,635025392,123977680,-5.54,-2.46,-3.08,0.14,5.19,0,15,7,7,1,0,0,78.11,0.00,0.00,0.00,,0.00,,0.00,EastMoney,2026-07-01T17:53:41+08:00
BK1246,2026-07-01T00:00:00Z,164266,168325,169677,164223,164096,4229,2.58,4667058,2108919026,0.78,0.99,0.00,0,2789719,1877339,250565971000,239386672000,29399872,358082176,334615344,23466832,511035152,505102112,5933040,589102336,638307872,-49205536,618267088,598461424,19805664,1.39,1.11,0.28,-2.33,0.94,0,8,8,0,0,0,0,6.97,0.00,0.00,0.00,,0.00,,0.00,EastMoney,2026-07-01T17:53:41+08:00
BK1247,2026-07-01T00:00:00Z,200511,205635,207250,200222,200072,5563,2.78,17441262,8282415886,1.28,1.10,0.00,0,9400979,8040283,763831328000,640101744000,541211664,1148752448,736079856,412672592,1926217664,1797678592,128539072,2437293360,2738224832,-300931472,2609148096,2846636496,-237488400,6.53,4.98,1.55,-3.63,-2.87,0,45,41,3,1,0,0,10.09,0.00,0.00,0.00,,0.00,,0.00,EastMoney,2026-07-01T17:53:41+08:00
BK1248,2026-07-01T00:00:00Z,373665,380270,383971,371962,373947,6323,1.69,11234173,15506894090,2.06,1.00,0.00,0,5805392,5428782,460061792000,433013536000,-21734624,1896764384,1763473824,133290560,3537161984,3692187168,-155025184,4664421888,5034299392,-369877504,5125758976,4731458304,394300672,-0.14,0.86,-1.00,-2.39,2.54,0,40,28,11,1,0,0,30.92,0.00,0.00,0.00,,0.00,,0.00,EastMoney,2026-07-01T17:53:41+08:00
BK1249,2026-07-01T00:00:00Z,66339,68712,69451,65646,66566,2146,3.22,2802796,859256490,1.92,1.12,0.00,0,1645538,1157258,48881639000,48852341000,-12435021,53488675,79413425,-25924750,180165603,166675874,13489729,252975793,258186242,-5210449,365558512,347913056,17645456,-1.45,-3.02,1.57,-0.61,2.05,0,7,7,0,0,0,0,-13.98,0.00,0.00,0.00,,0.00,,0.00,EastMoney,2026-07-01T17:53:41+08:00
BK1250,2026-07-01T00:00:00Z,159576,164304,166301,158981,159809,4495,2.81,10378357,10093572480,1.07,0.98,0.00,0,5703428,4674930,1933798608000,1532459504000,345543648,754115552,633001232,121114320,2182957264,1958527936,224429328,3355047664,3224130480,130917184,3710756704,4187217536,-476460832,3.42,1.20,2.22,1.30,-4.72,0,27,25,2,0,0,0,16.84,0.00,0.00,0.00,,0.00,,0.00,EastMoney,2026-07-01T17:53:41+08:00
BK1251,2026-07-01T00:00:00Z,56523,57804,58263,55990,56589,1215,2.15,673716,905311150,1.63,0.97,0.00,0,365050,308665,68441563000,57295603000,4705332,21328361,15321508,6006853,118155209,119456730,-1301521,270051792,313558128,-43506336,480714768,441913760,38801008,0.52,0.66,-0.14,-4.81,4.29,0,13,12,1,0,0,0,26.08,0.00,0.00,0.00,,0.00,,0.00,EastMoney,2026-07-01T17:53:41+08:00
BK1252,2026-07-01T00:00:00Z,189655,196242,198311,189456,189872,6370,3.35,1260963,2223979547,2.08,1.17,0.00,0,644356,616607,116882461000,101924721000,43524973,77972554,105721405,-27748851,451869232,380595408,71273824,739617248,796468048,-56850800,918508368,900366912,18141456,1.96,-1.25,3.20,-2.56,0.82,0,15,15,0,0,0,0,31.26,0.00,0.00,0.00,,0.00,,0.00,EastMoney,2026-07-01T17:53:41+08:00
BK1253,2026-07-01T00:00:00Z,99915,102322,102567,98500,99869,2453,2.46,158392,744612829,0.95,0.92,0.00,0,79582,78810,65363690000,46100872000,26053419,28627632,40922374,-12294742,176842110,138493949,38348161,233739584,243105992,-9366408,218744369,232768141,-14023772,3.50,-1.65,5.15,-1.26,-1.88,0,4,4,0,0,0,0,46.50,0.00,0.00,0.00,,0.00,,0.00,EastMoney,2026-07-01T17:53:41+08:00
BK1254,2026-07-01T00:00:00Z,396924,423370,425128,394386,397764,25606,6.44,941653,986527643,1.87,1.38,0.00,0,519960,421692,55035459000,50030732000,45798700,87071391,41701795,45369596,198587474,198158370,429104,281752112,297740288,-15988176,363935392,338984608,24950784,4.64,4.60,0.04,-1.62,2.53,0,12,12,0,0,0,0,39.57,0.00,0.00,0.00,,0.00,,0.00,EastMoney,2026-07-01T17:53:41+08:00
BK1255,2026-07-01T00:00:00Z,412029,425384,430463,410887,408536,16848,4.12,1589488,1131636900,6.14,1.49,0.00,0,895238,694250,20328569000,20049887000,43490526,94622922,66393727,28229195,221290420,206029089,15261331,338504336,353646272,-15141936,457134288,485482864,-28348576,3.84,2.49,1.35,-1.34,-2.51,0,4,4,0,0,0,0,-47.33,0.00,0.00,0.00,,0.00,,0.00,EastMoney,2026-07-01T17:53:41+08:00
BK1256,2026-07-01T00:00:00Z,196895,205221,207170,196781,197159,8062,4.09,3388805,3904865134,2.52,1.44,0.00,0,1809626,1579179,261295113000,129265862000,73022116,341316608,242506012,98810596,839089728,864878208,-25788480,1184359504,1311274576,-126915072,1397349168,1322986544,74362624,1.87,2.53,-0.66,-3.25,1.90,0,27,24,3,0,0,0,42.36,0.00,0.00,0.00,,0.00,,0.00,EastMoney,2026-07-01T17:53:41+08:00
BK1257,2026-07-01T00:00:00Z,204404,208851,210296,202148,204619,4232,2.07,386742,163955716,1.97,1.19,0.00,0,184963,201779,9568192000,8459553000,-13916869,3554503,2233466,1321037,24931207,40169113,-15237906,56303252,48898599,7404653,71684979,61601143,10083836,-8.49,0.81,-9.29,4.52,6.15,0,3,2,0,1,0,0,48.59,0.00,0.00,0.00,,0.00,,0.00,EastMoney,2026-07-01T17:53:41+08:00
BK1258,2026-07-01T00:00:00Z,300140,315984,318556,300140,300594,15390,5.12,4621781,2851534286,3.15,1.63,0.00,0,2664825,1956956,168641262000,153304053000,157762760,311581120,209816088,101765032,638449216,582451488,55997728,833141904,953004144,-119862240,1037131904,1074372048,-37240144,5.53,3.57,1.96,-4.20,-1.31,0,17,16,1,0,0,0,114.30,0.00,0.00,0.00,,0.00,,0.00,EastMoney,2026-07-01T17:53:41+08:00
BK1259,2026-07-01T00:00:00Z,334438,351700,356417,331812,329604,22096,6.70,10447837,10797003846,2.91,1.65,0.00,0,5941674,4506164,486111216000,386429904000,1077139568,1901377616,1131007360,770370256,2719441504,2412672192,306769312,3163047808,3558976624,-395928816,2816293360,3497504112,-681210752,9.98,7.14,2.84,-3.67,-6.31,0,22,22,0,0,0,0,101.17,0.00,0.00,0.00,,0.00,,0.00,EastMoney,2026-07-01T17:53:41+08:00
BK1260,2026-07-01T00:00:00Z,83137,85681,86567,82839,83032,2649,3.19,1330260,425780999,2.95,1.56,0.00,0,794666,535595,15261566000,14991280000,-6000708,11882989,5985062,5897927,74728704,86627339,-11898635,120133812,148571223,-28437411,214652523,180214405,34438118,-1.41,1.39,-2.79,-6.68,8.09,0,7,6,1,0,0,0,-10.26,0.00,0.00,0.00,,0.00,,0.00,EastMoney,2026-07-01T17:53:41+08:00
BK1261,2026-07-01T00:00:00Z,208042,215562,217070,207651,208046,7516,3.61,5677711,3198503786,2.99,1.19,0.00,0,3100099,2577612,126295821000,120817190000,33849029,161740863,174564106,-12823243,641967472,595295200,46672272,981462880,1048030928,-66568048,1327694688,1275803408,51891280,1.06,-0.40,1.46,-2.08,1.62,0,21,20,1,0,0,0,46.93,0.00,0.00,0.00,,0.00,,0.00,EastMoney,2026-07-01T17:53:41+08:00
BK1262,2026-07-01T00:00:00Z,343169,345391,347700,339034,342831,2560,0.75,4010417,7738102305,0.85,0.92,0.00,0,2004071,2006346,1244456720000,718203824000,151907216,1098489888,946594480,151895408,1878036096,1878024288,11808,2399091856,2599933360,-200841504,2278224496,2229290224,48934272,1.96,1.96,0.00,-2.60,0.63,0,9,6,2,1,0,0,29.34,0.00,0.00,0.00,,0.00,,0.00,EastMoney,2026-07-01T17:53:41+08:00
BK1263,2026-07-01T00:00:00Z,326692,334062,335174,326290,327523,6539,2.00,1536776,3192975631,1.41,1.06,0.00,0,815884,720892,211824548000,182130329000,-63593163,223575431,199810642,23764789,657767776,745125728,-87357952,1068964384,1126967008,-58002624,1212613360,1089946272,122667088,-1.99,0.74,-2.74,-1.82,3.84,0,19,14,4,1,0,0,25.06,0.00,0.00,0.00,,0.00,,0.00,EastMoney,2026-07-01T17:53:41+08:00
BK1264,2026-07-01T00:00:00Z,235877,241591,242440,235877,235914,5677,2.41,3844644,4214180858,1.42,1.01,0.00,0,2076112,1768532,259673929000,251498086000,-37757744,345680080,399088240,-53408160,918079504,902429088,15650416,1299550224,1284236960,15313264,1611223600,1588779088,22444512,-0.90,-1.27,0.37,0.36,0.53,0,14,13,1,0,0,0,26.77,0.00,0.00,0.00,,0.00,,0.00,EastMoney,2026-07-01T17:53:41+08:00
BK1265,2026-07-01T00:00:00Z,362298,372187,374925,361659,362070,10117,2.79,8294741,9160731032,3.04,0.97,0.00,0,4257447,4037294,280543840000,231933893000,-154908592,648919376,895956400,-247037024,1942136128,1850007696,92128432,2899220752,2844927696,54293056,3459280656,3343759728,115520928,-1.69,-2.70,1.01,0.59,1.26,0,48,44,3,1,0,0,65.86,0.00,0.00,0.00,,0.00,,0.00,EastMoney,2026-07-01T17:53:41+08:00
BK1266,2026-07-01T00:00:00Z,300236,305779,308773,298996,299744,6035,2.01,2143147,2146514480,2.54,1.00,0.00,0,1097990,1045157,105675409000,95393763000,29014933,85050675,65457166,19593509,356193776,346772352,9421424,691260720,730050672,-38789952,986347152,976572128,9775024,1.35,0.91,0.44,-1.81,0.46,0,23,22,1,0,0,0,55.76,0.00,0.00,0.00,,0.00,,0.00,EastMoney,2026-07-01T17:53:41+08:00
BK1267,2026-07-01T00:00:00Z,234094,240214,241092,233354,234371,5843,2.49,5313149,3064519358,2.00,0.98,0.00,0,2755374,2557776,159374895000,151607672000,-14269272,210989009,184056281,26932728,631544976,672746976,-41202000,951050000,958444256,-7394256,1133542064,1140638704,-7096640,-0.47,0.88,-1.34,-0.24,-0.23,0,25,22,3,0,0,0,-45.30,0.00,0.00,0.00,,0.00,,0.00,EastMoney,2026-07-01T17:53:41+08:00
BK1268,2026-07-01T00:00:00Z,272323,279381,281489,272323,270161,9220,3.41,3189004,3440685800,1.87,1.09,0.00,0,1713338,1475665,118069105000,94989185000,49306352,431216416,393100912,38115504,777490624,766299776,11190848,975231680,1012084192,-36852512,1179623712,1192077552,-12453840,1.43,1.11,0.33,-1.07,-0.36,0,18,17,1,0,0,0,47.70,0.00,0.00,0.00,,0.00,,0.00,EastMoney,2026-07-01T17:53:41+08:00
BK1269,2026-07-01T00:00:00Z,588924,602892,609358,584421,589909,12983,2.20,692305,2607219111,1.80,1.20,0.00,0,371251,321054,122930992000,116038331000,-76794816,333042032,413290336,-80248304,595910192,592456704,3453488,903671056,795463632,108207424,751318304,782730896,-31412592,-2.95,-3.08,0.13,4.15,-1.20,0,2,2,0,0,0,0,39.69,0.00,0.00,0.00,,0.00,,0.00,EastMoney,2026-07-01T17:53:41+08:00
BK1270,2026-07-01T00:00:00Z,121010,123958,124792,120195,120946,3012,2.49,1109218,982979949,2.32,1.10,0.00,0,555040,554178,43159066000,41522807000,38983541,26366154,19906470,6459684,180620967,148097110,32523857,318353040,339295520,-20942480,439860304,457901360,-18041056,3.97,0.66,3.31,-2.13,-1.84,0,7,7,0,0,0,0,89.49,0.00,0.00,0.00,,0.00,,0.00,EastMoney,2026-07-01T17:53:41+08:00
BK1271,2026-07-01T00:00:00Z,193429,199124,199864,192947,193332,5792,3.00,983508,952886908,1.74,1.21,0.00,0,567995,415514,52300026000,50112761000,-20085660,20843343,41538151,-20694808,156070789,155461641,609148,307036176,349931792,-42895616,461553584,398572304,62981280,-2.11,-2.17,0.06,-4.50,6.61,0,10,10,0,0,0,0,32.25,0.00,0.00,0.00,,0.00,,0.00,EastMoney,2026-07-01T17:53:41+08:00
BK1272,2026-07-01T00:00:00Z,270288,276817,277906,269320,270529,6288,2.32,2791177,2135304769,1.94,1.06,0.00,0,1496749,1294428,122674706000,108052843000,-6976055,92260865,55350840,36910025,372630480,416516560,-43886080,685516176,790754976,-105238800,953992384,841777536,112214848,-0.33,1.73,-2.06,-4.93,5.26,0,26,24,1,1,0,0,62.30,0.00,0.00,0.00,,0.00,,0.00,EastMoney,2026-07-01T17:53:41+08:00
BK1273,2026-07-01T00:00:00Z,82045,83468,84517,81357,81863,1605,1.96,568462,410981428,5.14,1.04,0.00,0,295820,272642,8655996000,8217787000,3281908,11667589,20442783,-8775194,87230827,75173725,12057102,128442722,134767563,-6324841,178892613,175849679,3042934,0.80,-2.14,2.93,-1.54,0.74,0,2,2,0,0,0,0,-43.54,0.00,0.00,0.00,,0.00,,0.00,EastMoney,2026-07-01T17:53:41+08:00
BK1274,2026-07-01T00:00:00Z,315036,324037,326441,312848,314333,9704,3.09,11882935,10500003019,0.39,0.95,0.00,0,6210354,5672582,2709584688000,2383769808000,141371296,1087681680,751707680,335974000,2332771760,2527374464,-194602704,3428208880,3353888464,74320416,3550625552,3766317280,-215691728,1.35,3.20,-1.85,0.71,-2.05,0,30,29,1,0,0,0,13.00,0.00,0.00,0.00,,0.00,,0.00,EastMoney,2026-07-01T17:53:41+08:00
BK1275,2026-07-01T00:00:00Z,164750,167828,169481,163697,164642,3186,1.94,4074581,2387264571,1.01,0.98,0.00,0,2180346,1894235,205475507000,169558290000,8062897,107491977,126263160,-18771183,488106752,461272672,26834080,719715984,730919280,-11203296,993206224,985119072,8087152,0.34,-0.79,1.12,-0.47,0.34,0,14,11,3,0,0,0,19.27,0.00,0.00,0.00,,0.00,,0.00,EastMoney,2026-07-01T17:53:41+08:00
BK1276,2026-07-01T00:00:00Z,292166,298308,303085,292166,291591,6717,2.30,2205241,1955550817,1.34,0.67,0.00,0,1196272,1008968,1344063648000,138603414000,19448042,225895626,187638768,38256858,475949616,494758432,-18808816,594515424,612381616,-17866192,628847648,630429488,-1581840,0.99,1.96,-0.96,-0.91,-0.08,0,5,3,2,0,0,0,10.63,0.00,0.00,0.00,,0.00,,0.00,EastMoney,2026-07-01T17:53:41+08:00
BK1277,2026-07-01T00:00:00Z,389347,400492,403186,386996,389983,10509,2.69,2413240,13749170101,1.37,1.04,0.00,0,1333841,1079399,2278187968000,2273811248000,265784624,1911349344,1712973664,198375680,3857630608,3790221664,67408944,4839924736,5181430784,-341506048,2971151808,2895430368,75721440,1.93,1.44,0.49,-2.48,0.55,0,20,19,1,0,0,0,18.12,0.00,0.00,0.00,,0.00,,0.00,EastMoney,2026-07-01T17:53:41+08:00
BK1278,2026-07-01T00:00:00Z,444709,453096,455629,442324,443983,9113,2.05,3881332,5446857051,2.39,1.04,0.00,0,1817036,2064296,332232208000,319491328000,-403141408,429018192,661006784,-231988592,1053682944,1224835760,-171152816,1726624848,1651362944,75261904,2129984704,1782886496,347098208,-7.40,-4.26,-3.14,1.38,6.37,0,15,13,2,0,0,0,26.88,0.00,0.00,0.00,,0.00,,0.00,EastMoney,2026-07-01T17:53:41+08:00
BK1279,2026-07-01T00:00:00Z,181722,185695,187016,181247,181795,3900,2.15,1668917,2074663593,1.36,1.05,0.00,0,931289,737629,200638288000,156131264000,21221845,106579143,67765330,38813813,390599088,408191056,-17591968,706873664,754063808,-47190144,839977856,814009552,25968304,1.02,1.87,-0.85,-2.27,1.25,0,17,15,1,1,0,0,20.71,0.00,0.00,0.00,,0.00,,0.00,EastMoney,2026-07-01T17:53:41+08:00
BK1280,2026-07-01T00:00:00Z,381222,395316,397147,380809,382036,13280,3.48,3952374,3407385229,2.45,1.12,0.00,0,2184225,1768149,221486553000,197358411000,34210595,294442608,256509629,37932979,692691728,696414112,-3722384,967084928,1128691968,-161607040,1400469520,1264270960,136198560,1.00,1.11,-0.11,-4.74,4.00,0,27,26,1,0,0,0,32.19,0.00,0.00,0.00,,0.00,,0.00,EastMoney,2026-07-01T17:53:41+08:00
BK1281,2026-07-01T00:00:00Z,191480,197578,198641,191369,191982,5596,2.91,1525040,2054668350,1.67,1.01,0.00,0,840251,684789,151420190000,139104034000,6152297,66151626,64022177,2129449,362140816,358117968,4022848,628872432,677342656,-48470224,972491072,930173168,42317904,0.30,0.10,0.20,-2.36,2.06,0,23,22,1,0,0,0,21.73,0.00,0.00,0.00,,0.00,,0.00,EastMoney,2026-07-01T17:53:41+08:00
BK1282,2026-07-01T00:00:00Z,194316,199949,201958,193840,194795,5154,2.65,3885230,5639720638,1.79,1.20,0.00,0,2020654,1864576,414276272000,401740480000,205665104,482299712,405827200,76472512,1376577568,1247384976,129192592,1726662224,1798975936,-72313712,1973259008,2097044672,-123785664,3.65,1.36,2.29,-1.28,-2.19,0,27,24,3,0,0,0,20.64,0.00,0.00,0.00,,0.00,,0.00,EastMoney,2026-07-01T17:53:41+08:00
BK1283,2026-07-01T00:00:00Z,379672,383439,385152,378517,380020,3419,0.90,32259987,23587975452,0.24,0.80,0.00,0,16669040,15590946,14157932544000,9276386560000,687093856,4269815568,3810605232,459210336,6006463488,5778579968,227883520,6775777792,6829342976,-53565184,6193734656,6827262976,-633528320,2.91,1.95,0.97,-0.23,-2.69,0,42,34,7,1,0,0,6.46,0.00,0.00,0.00,,0.00,,0.00,EastMoney,2026-07-01T17:53:41+08:00
BK1287,2026-07-01T00:00:00Z,321065,325482,329129,318549,321900,3582,1.11,43546155,58811361554,2.75,0.85,0.00,0,21559772,21986383,2683706016000,2138946384000,449161472,8708951296,8662308096,46643200,14701803776,14299285504,402518272,17586923008,17304907776,282015232,17083645952,17814139392,-730493440,0.76,0.08,0.68,0.48,-1.24,0,59,36,22,1,0,0,14.27,0.00,0.00,0.00,,0.00,,0.00,EastMoney,2026-07-01T17:53:41+08:00
BK1288,2026-07-01T00:00:00Z,695803,708179,712091,694861,696459,11720,1.68,9088730,27535551033,6.18,1.04,0.00,0,4342231,4746499,543874896000,452584480000,757378080,3968210224,3534515216,433695008,7428588544,7104905472,323683072,8466164736,8963540480,-497375744,7055299584,7322569472,-267269888,2.75,1.58,1.18,-1.81,-0.97,0,36,24,12,0,0,0,100.43,0.00,0.00,0.00,,0.00,,0.00,EastMoney,2026-07-01T17:53:41+08:00
BK1289,2026-07-01T00:00:00Z,147066,151890,154137,146410,147171,4719,3.21,2191580,1952137138,1.45,1.31,0.00,0,1083306,1108274,112189412000,101785013000,30277807,85291036,86999565,-1708529,359432896,327446560,31986336,648893728,633262288,15631440,835863680,881772912,-45909232,1.55,-0.09,1.64,0.80,-2.35,0,18,16,2,0,0,0,29.78,0.00,0.00,0.00,,0.00,,0.00,EastMoney,2026-07-01T17:53:41+08:00
BK1290,2026-07-01T00:00:00Z,187581,191302,193334,186902,187983,3319,1.77,1030854,736582974,0.78,1.39,0.00,0,546420,484434,111973465000,106841226000,53716011,23746999,5280779,18466220,128082519,92832728,35249791,245080519,259293226,-14212707,331424800,370928112,-39503312,7.29,2.51,4.79,-1.93,-5.36,0,10,10,0,0,0,0,11.66,0.00,0.00,0.00,,0.00,,0.00,EastMoney,2026-07-01T17:53:41+08:00
BK1291,2026-07-01T00:00:00Z,110451,112180,113769,109465,110270,1910,1.73,3630208,1894316665,1.74,1.17,0.00,0,1969241,1660967,117984458000,111565151000,-72003730,125730112,168984050,-43253938,401268736,430018528,-28749792,614072752,592211760,21860992,689767904,632230608,57537296,-3.80,-2.28,-1.52,1.15,3.04,0,13,11,2,0,0,0,-49.84,0.00,0.00,0.00,,0.00,,0.00,EastMoney,2026-07-01T17:53:41+08:00
BK1292,2026-07-01T00:00:00Z,199681,204140,207367,198212,199232,4908,2.46,1731611,812682655,1.10,0.85,0.00,0,888120,843491,76876106000,76452905000,-12393426,83334027,110867691,-27533664,197804090,182663852,15140238,256332955,260918621,-4585666,266141952,249162859,16979093,-1.53,-3.39,1.86,-0.56,2.09,0,3,3,0,0,0,0,23.65,0.00,0.00,0.00,,0.00,,0.00,EastMoney,2026-07-01T17:53:41+08:00
BK1293,2026-07-01T00:00:00Z,409722,421326,428091,408179,410767,10559,2.57,13309049,13829742466,6.59,1.15,0.00,0,6833196,6475853,207261861000,189973594000,64605664,1294196368,1244752608,49443760,3329355584,3314193680,15161904,4586173440,4599118848,-12945408,4398879744,4450539776,-51660032,0.47,0.36,0.11,-0.09,-0.37,0,27,26,1,0,0,0,-406.52,0.00,0.00,0.00,,0.00,,0.00,EastMoney,2026-07-01T17:53:41+08:00
BK1294,2026-07-01T00:00:00Z,272703,277693,283621,271685,274267,3426,1.25,1900984,4067964802,4.60,1.47,0.00,0,979976,921008,102138941000,93836826000,90814576,490931008,512576128,-21645120,1033050192,920590496,112459696,1392750304,1348751120,43999184,1098494880,1233308624,-134813744,2.23,-0.53,2.76,1.08,-3.31,0,9,8,1,0,0,0,-90.34,0.00,0.00,0.00,,0.00,,0.00,EastMoney,2026-07-01T17:53:41+08:00
BK1295,2026-07-01T00:00:00Z,101119,103051,105608,100538,101834,1217,1.20,468435,1036061968,6.96,0.80,0.00,0,241410,227026,11151384000,9901908000,25756172,67236393,66290724,945669,248168035,223357532,24810503,380184992,385043008,-4858016,318564368,339462528,-20898160,2.49,0.09,2.39,-0.47,-2.02,0,2,2,0,0,0,0,-72.62,0.00,0.00,0.00,,0.00,,0.00,EastMoney,2026-07-01T17:53:41+08:00
BK1296,2026-07-01T00:00:00Z,69584,71104,72149,69109,69489,1615,2.32,191584,285698830,1.88,0.98,0.00,0,103489,88095,28004690000,15294848000,-17182246,4846371,8220869,-3374498,60747212,74554960,-13807748,87162213,100748017,-13585804,129956849,99188798,30768051,-6.01,-1.18,-4.83,-4.76,10.77,0,1,1,0,0,0,0,26.73,0.00,0.00,0.00,,0.00,,0.00,EastMoney,2026-07-01T17:53:41+08:00
BK1297,2026-07-01T00:00:00Z,335369,343644,350398,330303,336720,6924,2.06,370004,749315302,5.47,0.97,0.00,0,183664,186340,14256750000,13759348000,57776970,39219648,20130303,19089345,179567440,140879815,38687625,272352992,268326113,4026879,249031342,310835200,-61803858,7.71,2.55,5.16,0.54,-8.25,0,1,1,0,0,0,0,46.89,0.00,0.00,0.00,,0.00,,0.00,EastMoney,2026-07-01T17:53:41+08:00
BK1298,2026-07-01T00:00:00Z,243797,245747,251578,240302,244211,1536,0.63,527141,1199217853,4.80,1.03,0.00,0,248657,278483,26314876000,24687211000,72859011,91897561,58183439,33714122,295865088,256720199,39144889,418290960,472611424,-54320464,379406800,397945344,-18538544,6.08,2.81,3.26,-4.53,-1.55,0,2,1,1,0,0,0,-34.41,0.00,0.00,0.00,,0.00,,0.00,EastMoney,2026-07-01T17:53:41+08:00
BK1299,2026-07-01T00:00:00Z,311341,322197,325864,308575,311514,10683,3.43,6412512,4485483086,3.88,1.09,0.00,0,3579002,2833511,128795250000,120596690000,231630054,378846528,217864410,160982118,1126460016,1055812080,70647936,1464573360,1581154000,-116580640,1461226016,1576275440,-115049424,5.16,3.59,1.58,-2.60,-2.56,0,14,13,1,0,0,0,-47.83,0.00,0.00,0.00,,0.00,,0.00,EastMoney,2026-07-01T17:53:41+08:00
BK1300,2026-07-01T00:00:00Z,55363,57307,57879,54653,55244,2063,3.73,983683,1024444462,2.86,1.01,0.00,0,491425,492258,37318860000,36848299000,-15299465,44089679,56821142,-12731463,243238906,245806908,-2568002,378369216,373255616,5113600,337544896,327359024,10185872,-1.49,-1.24,-0.25,0.50,0.99,0,4,3,1,0,0,0,-54.04,0.00,0.00,0.00,,0.00,,0.00,EastMoney,2026-07-01T17:53:41+08:00
BK1301,2026-07-01T00:00:00Z,129505,130402,131447,127344,129207,1195,0.92,11166304,15268649449,3.41,1.06,0.00,0,5584500,5581803,422443408000,382853456000,-146989616,1383888304,1646138144,-262249840,3899058848,3783798624,115260224,5180071936,4787454720,392617216,4624834304,4870461952,-245627648,-0.96,-1.72,0.75,2.57,-1.61,0,24,19,5,0,0,0,24.36,0.00,0.00,0.00,,0.00,,0.00,EastMoney,2026-07-01T17:53:41+08:00
BK1302,2026-07-01T00:00:00Z,1327225,1346941,1360515,1301293,1320840,26101,1.98,15338518,51405897903,4.80,1.13,0.00,0,7670257,7668261,1046776016000,905462736000,1533086208,6492562688,5577233152,915329536,13594524672,12976768000,617756672,16770235136,17006556672,-236321536,13748583680,15031527936,-1282944256,2.98,1.78,1.20,-0.46,-2.50,0,44,30,12,2,0,0,54.66,0.00,0.00,0.00,,0.00,,0.00,EastMoney,2026-07-01T17:53:41+08:00
BK1303,2026-07-01T00:00:00Z,2005258,2014194,2041252,1988781,2005753,8441,0.42,9302154,56739313126,4.08,0.95,0.00,0,4484587,4817568,2592236256000,2358568800000,-2024937472,8271496192,10363877376,-2092381184,15990680576,15923236864,67443712,17279147776,16481341440,797806336,14584180992,13351461888,1232719104,-3.57,-3.69,0.12,1.41,2.17,0,32,16,16,0,0,0,28.10,0.00,0.00,0.00,,0.00,,0.00,EastMoney,2026-07-01T17:53:41+08:00
BK1304,2026-07-01T00:00:00Z,2595697,2558393,2595697,2534909,2580302,-21909,-0.85,2488589,7390787671,3.77,0.95,0.00,0,1144808,1343781,206634841000,182226593000,42383312,655152608,645813664,9338944,1873878928,1840834560,33044368,2499429376,2550200592,-50771216,2154327968,2161621264,-7293296,0.57,0.13,0.45,-0.69,-0.10,0,19,10,9,0,0,0,129.88,0.00,0.00,0.00,,0.00,,0.00,EastMoney,2026-07-01T17:53:41+08:00
BK1305,2026-07-01T00:00:00Z,27523,28916,29459,27332,27420,1496,5.46,52415,102238101,2.68,1.27,0.00,0,27921,24494,4743292000,3860921000,8938918,1928466,1010480,917986,24713907,16692975,8020932,31718000,38991215,-7273215,42963629,44629332,-1665703,8.74,0.90,7.85,-7.11,-1.63,0,1,1,0,0,0,0,-7.54,0.00,0.00,0.00,,0.00,,0.00,EastMoney,2026-07-01T17:53:41+08:00
BK1306,2026-07-01T00:00:00Z,244406,245434,248890,241379,244565,869,0.36,2198771,4327396418,4.68,0.90,0.00,0,1077668,1121103,85785721000,80352472000,-171874528,335487392,454282336,-118794944,918554544,971634128,-53079584,1361035952,1321374944,39661008,1611208688,1478258672,132950016,-3.97,-2.75,-1.23,0.92,3.07,0,10,7,2,1,0,0,-4230.61,0.00,0.00,0.00,,0.00,,0.00,EastMoney,2026-07-01T17:53:41+08:00
BK1307,2026-07-01T00:00:00Z,250495,254435,255781,249695,250072,4363,1.74,3467096,7119999202,3.02,0.93,0.00,0,1650187,1816909,267531715000,229363433000,49914944,405323888,447188480,-41864592,1627724320,1535944784,91779536,2355819504,2377836256,-22016752,2572101488,2607727280,-35625792,0.70,-0.59,1.29,-0.31,-0.50,0,27,24,2,1,0,0,58.11,0.00,0.00,0.00,,0.00,,0.00,EastMoney,2026-07-01T17:53:41+08:00
BK1308,2026-07-01T00:00:00Z,251079,252402,253955,247806,251244,1158,0.46,1505447,2514465577,2.18,0.96,0.00,0,702441,803005,88156760000,74661636000,-107166847,128677493,207023172,-78345679,465971984,494793152,-28821168,851838896,769843760,81995136,1031375776,1003719504,27656272,-4.26,-3.12,-1.15,3.26,1.10,0,14,10,4,0,0,0,39.05,0.00,0.00,0.00,,0.00,,0.00,EastMoney,2026-07-01T17:53:41+08:00
BK1309,2026-07-01T00:00:00Z,691257,701497,705553,686776,692401,9096,1.31,4882399,10936668150,2.35,1.14,0.00,0,2290070,2592329,504783664000,483860816000,-331306528,1228635136,1503925744,-275290608,2496415632,2552431552,-56015920,3478701072,3332345088,146355984,3596332256,3403853072,192479184,-3.03,-2.52,-0.51,1.34,1.76,0,29,18,10,1,0,0,32.77,0.00,0.00,0.00,,0.00,,0.00,EastMoney,2026-07-01T17:53:41+08:00
BK1310,2026-07-01T00:00:00Z,354618,352759,357117,349029,353616,-857,-0.24,4104132,5916750671,3.21,1.08,0.00,0,1929414,2174718,217685879000,181767922000,-25225168,347077152,376630576,-29553424,1209226624,1204898368,4328256,1954756576,1926425136,28331440,2226456960,2222011136,4445824,-0.43,-0.50,0.07,0.48,0.08,0,28,14,14,0,0,0,26.80,0.00,0.00,0.00,,0.00,,0.00,EastMoney,2026-07-01T17:53:41+08:00
BK1311,2026-07-01T00:00:00Z,414361,416436,421077,408330,414204,2232,0.54,8057540,16560862423,3.29,1.09,0.00,0,3702067,4355473,567368752000,513952992000,-676186592,1504670912,1808266080,-303595168,3547812320,3920403744,-372591424,5572559872,5272525568,300034304,5518217216,5128449536,389767680,-4.08,-1.83,-2.25,1.81,2.35,0,31,20,11,0,0,0,39.31,0.00,0.00,0.00,,0.00,,0.00,EastMoney,2026-07-01T17:53:41+08:00
BK1312,2026-07-01T00:00:00Z,364563,366504,369846,360521,364400,2104,0.58,10514077,16290498274,3.69,1.07,0.00,0,4967222,5546855,399783024000,368483632000,-206553296,1762157616,1976900528,-214742912,3740158192,3731968576,8189616,4983729920,4873131008,110598912,5528129536,5427910400,100219136,-1.27,-1.32,0.05,0.68,0.62,0,40,29,11,0,0,0,70.48,0.00,0.00,0.00,,0.00,,0.00,EastMoney,2026-07-01T17:53:41+08:00
BK1313,2026-07-01T00:00:00Z,204932,207003,208879,202271,204461,2542,1.24,4983081,9199259831,3.47,1.24,0.00,0,2665833,2317248,261428580000,184360893000,102283440,875560336,1042719952,-167159616,2381066240,2111623184,269443056,2947907040,2929897968,18009072,2859129680,2982535152,-123405472,1.11,-1.82,2.93,0.20,-1.34,0,26,23,3,0,0,0,98.50,0.00,0.00,0.00,,0.00,,0.00,EastMoney,2026-07-01T17:53:41+08:00
BK1314,2026-07-01T00:00:00Z,158323,160674,162231,155142,159220,1454,0.91,4799623,9711491860,5.22,1.44,0.00,0,2415128,2384495,176000197000,152964294000,-112459696,1631252352,1903882352,-272630000,2459207184,2299036880,160170304,2888588896,2753241808,135347088,2451846752,2474734160,-22887408,-1.16,-2.81,1.65,1.39,-0.24,0,5,3,1,1,0,0,45.88,0.00,0.00,0.00,,0.00,,0.00,EastMoney,2026-07-01T17:53:41+08:00
BK1315,2026-07-01T00:00:00Z,252790,256388,260822,247819,252414,3974,1.57,12897541,12536740038,3.35,1.09,0.00,0,6349694,6547847,373273840000,351047840000,104356560,1176689232,908813232,267876000,3006004368,3169523808,-163519440,3964045360,4166649856,-202604496,4183539088,4076012016,107527072,0.83,2.14,-1.30,-1.62,0.86,0,23,21,2,0,0,0,-14.62,0.00,0.00,0.00,,0.00,,0.00,EastMoney,2026-07-01T17:53:41+08:00
BK1316,2026-07-01T00:00:00Z,265322,268570,272450,260745,265295,3275,1.23,2431963,7890111009,2.62,1.02,0.00,0,1137672,1294291,191543337000,181728646000,-125735584,1180236064,1213373968,-33137904,1897100128,1989697808,-92597680,2410450752,2498199456,-87748704,2240655984,2023388704,217267280,-1.59,-0.42,-1.17,-1.11,2.75,0,17,11,6,0,0,0,5722.21,0.00,0.00,0.00,,0.00,,0.00,EastMoney,2026-07-01T17:53:41+08:00
BK1317,2026-07-01T00:00:00Z,832673,843301,861829,813719,832939,10362,1.24,2263188,17117293159,5.29,1.08,0.00,0,1116261,1146927,314792224000,247342173000,648724240,3374155856,2960407616,413748240,5268482304,5033506304,234976000,4793379840,5037247488,-243867648,3316333776,3715482672,-399148896,3.79,2.42,1.37,-1.42,-2.33,0,11,7,4,0,0,0,65.06,0.00,0.00,0.00,,0.00,,0.00,EastMoney,2026-07-01T17:53:41+08:00
BK1318,2026-07-01T00:00:00Z,1079484,1102474,1123198,1054813,1080410,22064,2.04,2903837,3736934560,2.40,1.29,0.00,0,1461456,1442381,156409655000,156409555000,185462512,520304416,375248208,145056208,912511760,872105456,40406304,1157184864,1181692784,-24507920,1112454960,1273409552,-160954592,4.96,3.88,1.08,-0.66,-4.31,0,2,2,0,0,0,0,-9.59,0.00,0.00,0.00,,0.00,,0.00,EastMoney,2026-07-01T17:53:41+08:00
BK1319,2026-07-01T00:00:00Z,208981,219863,221399,203973,209665,10198,4.86,7475264,7560212945,8.16,1.29,0.00,0,3839046,3636218,107648473000,106901587000,14911040,1154991616,1104026368,50965248,1977691248,2013745456,-36054208,2242546112,2221163456,21382656,2062235648,2098529344,-36293696,0.20,0.67,-0.48,0.28,-0.48,0,5,3,2,0,0,0,-8.47,0.00,0.00,0.00,,0.00,,0.00,EastMoney,2026-07-01T17:53:41+08:00
BK1320,2026-07-01T00:00:00Z,1855188,1774709,1855188,1717056,1871886,-97177,-5.19,2785796,30308388242,6.50,1.95,0.00,0,1343841,1441955,525834112000,434955104000,-2524562688,7079542272,7681783296,-602241024,7653659392,9575981056,-1922321664,8802363136,8014924032,787439104,6308585984,4571462144,1737123840,-8.33,-1.99,-6.34,2.60,5.73,0,9,1,8,0,0,0,31.49,0.00,0.00,0.00,,0.00,,0.00,EastMoney,2026-07-01T17:53:41+08:00
BK1321,2026-07-01T00:00:00Z,153020,150816,153020,148717,153471,-2655,-1.73,1086955,1077381435,3.56,1.10,0.00,0,486650,600305,28096429000,25846824000,-27303547,73893516,63929705,9963811,200991551,238258909,-37267358,388234384,352894576,35339808,396053728,404089984,-8036256,-2.53,0.92,-3.46,3.28,-0.75,0,4,2,2,0,0,0,55.91,0.00,0.00,0.00,,0.00,,0.00,EastMoney,2026-07-01T17:53:41+08:00
BK1322,2026-07-01T00:00:00Z,1034116,1011860,1036814,1003518,1034522,-22662,-2.19,5325002,26093616145,4.23,1.04,0.00,0,2364228,2960775,534944672000,427997680000,-1309346832,3060913264,4110301312,-1049388048,6599706112,6859664896,-259958784,9089483008,8659439104,430043904,7076079104,6196307456,879771648,-5.02,-4.02,-1.00,1.65,3.37,0,27,12,15,0,0,0,126.54,0.00,0.00,0.00,,0.00,,0.00,EastMoney,2026-07-01T17:53:41+08:00
BK1323,2026-07-01T00:00:00Z,127394,127662,129857,126893,127284,378,0.30,1767063,2737815985,1.19,1.00,0.00,0,856592,910471,208882866000,153846928000,52871680,384445920,366288608,18157312,690341808,655627440,34714368,850400480,823721184,26679296,791050000,870600992,-79550992,1.93,0.66,1.27,0.97,-2.91,0,2,2,0,0,0,0,37.59,0.00,0.00,0.00,,0.00,,0.00,EastMoney,2026-07-01T17:53:41+08:00
BK1325,2026-07-01T00:00:00Z,1950506,1998765,2095674,1947093,1955375,43390,2.22,12249397,110860223108,11.49,1.07,0.00,0,6121226,6128171,1683410128000,912043344000,-2529235712,23258957056,25538907904,-2279950848,33536131072,33785415936,-249284864,33869710080,33175874048,693836032,17834534912,15937924352,1896610560,-2.28,-2.06,-0.22,0.63,1.71,0,31,19,12,0,0,0,975.90,0.00,0.00,0.00,,0.00,,0.00,EastMoney,2026-07-01T17:53:41+08:00
BK1326,2026-07-01T00:00:00Z,7160385,7162679,7562647,6999896,7157733,4946,0.07,3927215,91032980658,5.92,1.11,0.00,0,2048430,1878784,2797066768000,2548739296000,-352692736,19319127296,21354362880,-2035235584,32406182144,30723639296,1682542848,32909077248,32658429696,250647552,5281379072,5179334144,102044928,-0.39,-2.24,1.85,0.28,0.11,0,23,10,11,2,0,0,178.00,0.00,0.00,0.00,,0.00,,0.00,EastMoney,2026-07-01T17:53:41+08:00
BK1327,2026-07-01T00:00:00Z,2266312,2211042,2304370,2183911,2261341,-50299,-2.22,6989137,55719785874,8.22,1.01,0.00,0,3293104,3696033,839037936000,808895680000,-2541338368,9639892736,12488856064,-2848963328,19266860032,18959235072,307624960,16399836160,15219527168,1180308992,9535887360,8174857472,1361029888,-4.56,-5.11,0.55,2.12,2.44,0,18,2,16,0,0,0,-143.87,0.00,0.00,0.00,,0.00,,0.00,EastMoney,2026-07-01T17:53:41+08:00
BK1328,2026-07-01T00:00:00Z,1198550,1170130,1222094,1152084,1193984,-23854,-2.00,13765157,71064437793,12.99,0.93,0.00,0,6531103,7234054,585795424000,563901888000,-2077110016,13194838784,14376310272,-1181471488,18519823360,19415461888,-895638528,20737871104,20880187392,-142316288,17497678592,15274115584,2223563008,-2.92,-1.66,-1.26,-0.20,3.13,0,13,4,9,0,0,0,124.79,0.00,0.00,0.00,,0.00,,0.00,EastMoney,2026-07-01T17:53:41+08:00
BK1329,2026-07-01T00:00:00Z,526772,512411,541532,505796,521989,-9578,-1.83,7611840,48752197555,6.11,1.14,0.00,0,3642732,3969108,2599748672000,812705408000,-2133597440,10818000896,11873201152,-1055200256,15174054400,16252451584,-1078397184,15981673984,14426466816,1555207168,6164583680,5586193152,578390528,-4.38,-2.16,-2.21,3.19,1.19,0,8,2,6,0,0,0,293.46,0.00,0.00,0.00,,0.00,,0.00,EastMoney,2026-07-01T17:53:41+08:00
BK1330,2026-07-01T00:00:00Z,843681,833255,869313,826300,840368,-7113,-0.85,5126796,35600847341,5.37,1.08,0.00,0,2533119,2593677,761129408000,679514272000,-253046784,4843170816,5259503616,-416332800,9492283648,9328997632,163286016,12515107328,12387430144,127677184,8263885056,8138515456,125369600,-0.71,-1.17,0.46,0.36,0.35,0,35,11,24,0,0,0,1103.36,0.00,0.00,0.00,,0.00,,0.00,EastMoney,2026-07-01T17:53:41+08:00
BK1331,2026-07-01T00:00:00Z,3440900,3403616,3562155,3364149,3434991,-31375,-0.91,14161871,263562387121,6.38,1.15,0.00,0,7061215,7100655,5837237760000,4806834688000,-16068874240,69115793408,84880105472,-15764312064,85103595520,85408157696,-304562176,88578457600,73811144704,14767312896,16769132544,15467570176,1301562368,-6.10,-5.98,-0.12,5.60,0.49,0,51,18,33,0,0,0,164.65,0.00,0.00,0.00,,0.00,,0.00,EastMoney,2026-07-01T17:53:41+08:00
BK1332,2026-07-01T00:00:00Z,478415,485986,500627,478014,478686,7300,1.53,17187438,97828827226,12.03,0.99,0.00,0,8381033,8806405,1084201984000,855246768000,-3350731776,19009639680,20867333888,-1857694208,27224799488,28717837056,-1493037568,30830907904,29440992512,1389915392,19197816576,17235170304,1962646272,-3.43,-1.90,-1.53,1.42,2.01,0,37,18,17,2,0,0,172.64,0.00,0.00,0.00,,0.00,,0.00,EastMoney,2026-07-01T17:53:41+08:00
BK1333,2026-07-01T00:00:00Z,879597,876369,883240,866701,883341,-6972,-0.79,19812563,29193049558,9.28,1.07,0.00,0,8930422,10882141,341085072000,299123360000,-1533548000,3243746592,4320018176,-1076271584,6850210304,7307486720,-457276416,9010120448,9106474496,-96354048,9504724736,7874822656,1629902080,-5.25,-3.69,-1.57,-0.33,5.58,0,30,10,19,1,0,0,-203.25,0.00,0.00,0.00,,0.00,,0.00,EastMoney,2026-07-01T17:53:41+08:00
BK1334,2026-07-01T00:00:00Z,2056987,2065704,2088674,2043417,2050278,15426,0.75,5738814,29180989174,5.59,0.88,0.00,0,2683847,3054966,511480320000,470242784000,36654848,4723528960,4553047808,170481152,7718768896,7852595200,-133826304,8722136320,8865163776,-143027456,6528424704,6599624192,-71199488,0.13,0.58,-0.46,-0.49,-0.24,0,26,11,14,1,0,0,304.57,0.00,0.00,0.00,,0.00,,0.00,EastMoney,2026-07-01T17:53:41+08:00
BK1335,2026-07-01T00:00:00Z,404181,406770,409787,400688,406340,430,0.11,97393801,103391252293,10.02,1.16,0.00,0,49242199,48151602,1288956752000,850617904000,-6178845952,21839779584,27118713344,-5278933760,25275868416,26175780608,-899912192,28121089536,25744522240,2376567296,25174480640,21371508736,3802971904,-5.98,-5.11,-0.87,2.30,3.68,0,42,23,18,1,0,0,184.95,0.00,0.00,0.00,,0.00,,0.00,EastMoney,2026-07-01T17:53:41+08:00
BK1336,2026-07-01T00:00:00Z,1823437,1801501,1855008,1784430,1822703,-21202,-1.16,8037378,36635953459,5.96,0.90,0.00,0,3634126,4403253,587893344000,532942848000,-850810624,5821622016,6251201024,-429579008,8901255424,9322487040,-421231616,10888310528,10638131456,250179072,10382638592,9782007296,600631296,-2.32,-1.17,-1.15,0.68,1.64,0,33,10,22,1,0,0,80.14,0.00,0.00,0.00,,0.00,,0.00,EastMoney,2026-07-01T17:53:41+08:00
BK1337,2026-07-01T00:00:00Z,264230,263625,265986,261984,262864,761,0.29,851467,3450620205,2.03,1.08,0.00,0,410213,441254,259721367000,187653723000,-33413353,228552903,287405568,-58852665,729157616,703718304,25439312,1190387152,1141664896,48722256,1257792688,1272836848,-15044160,-0.97,-1.71,0.74,1.41,-0.44,0,11,6,5,0,0,0,32.51,0.00,0.00,0.00,,0.00,,0.00,EastMoney,2026-07-01T17:53:41+08:00
BK1338,2026-07-01T00:00:00Z,1516769,1511083,1532986,1499893,1512064,-981,-0.06,27086497,122892837895,3.53,0.91,0.00,0,12800147,14286351,3761763568000,3502826352000,-6975743488,19288627968,24520164096,-5231536128,30951197440,32695404800,-1744207360,36384487424,34660743168,1723744256,34204205312,28941994240,5262211072,-5.68,-4.26,-1.42,1.40,4.28,0,87,46,40,1,0,0,46.22,0.00,0.00,0.00,,0.00,,0.00,EastMoney,2026-07-01T17:53:41+08:00
BK1339,2026-07-01T00:00:00Z,1837875,1826784,1872455,1785950,1788447,38337,2.14,8165839,50516872895,9.04,0.94,0.00,0,3917671,4248168,802577216000,757072464000,645011456,9206823936,9123966976,82856960,13842931968,13280777472,562154496,14538819840,14443036928,95782912,11269508096,11952760320,-683252224,1.28,0.16,1.11,0.19,-1.35,0,19,12,7,0,0,0,103.11,0.00,0.00,0.00,,0.00,,0.00,EastMoney,2026-07-01T17:53:41+08:00
BK1340,2026-07-01T00:00:00Z,1459828,1425422,1494730,1410004,1461933,-36511,-2.50,19766354,131075498999,7.06,1.04,0.00,0,9155700,10610654,3143434112000,2742688992000,-10281339648,22448684288,28364123904,-5915439616,32461114368,36827014400,-4365900032,41307328256,39200527360,2106800896,33128891136,24968444416,8160446720,-7.84,-4.51,-3.33,1.61,6.23,0,47,10,37,0,0,0,100.15,0.00,0.00,0.00,,0.00,,0.00,EastMoney,2026-07-01T17:53:41+08:00
BK1341,2026-07-01T00:00:00Z,120971,127312,128676,119436,120539,6773,5.62,1480543,363867337,2.57,1.05,0.00,0,868719,611823,17330014000,17254539000,18181937,47129325,22596248,24533077,79139778,85490918,-6351140,96955192,122963000,-26007808,133641353,125815482,7825871,5.00,6.74,-1.75,-7.15,2.15,0,3,3,0,0,0,0,-31.21,0.00,0.00,0.00,,0.00,,0.00,EastMoney,2026-07-01T17:53:41+08:00
BK1342,2026-07-01T00:00:00Z,109346,112160,113206,107730,108120,4040,3.74,382179,128423610,2.39,1.16,0.00,0,204111,178067,6271976000,5496453000,-726282,5146929,2392544,2754385,18056723,21537390,-3480667,35218787,47410175,-12191388,68602223,55684552,12917671,-0.57,2.14,-2.71,-9.49,10.06,0,2,2,0,0,0,0,-5.45,0.00,0.00,0.00,,0.00,,0.00,EastMoney,2026-07-01T17:53:41+08:00
BK1343,2026-07-01T00:00:00Z,165886,167313,169640,163168,163860,3453,2.11,1757623,693683250,2.91,1.55,0.00,0,929690,827933,30488138000,26439203000,-1084667,30831088,28791553,2039535,162433610,165557812,-3124202,200936554,221949410,-21012856,254242419,232144895,22097524,-0.16,0.29,-0.45,-3.03,3.19,0,9,7,2,0,0,0,-6.40,0.00,0.00,0.00,,0.00,,0.00,EastMoney,2026-07-01T17:53:41+08:00
BK1344,2026-07-01T00:00:00Z,214516,220636,222073,214093,214601,6035,2.81,1877369,3160868595,1.18,1.17,0.00,0,1061098,816270,131926852000,128011693000,260616736,694364192,391978368,302385824,741659840,783428928,-41769088,856765296,1043243248,-186477952,825710288,899849056,-74138768,8.25,9.57,-1.32,-5.90,-2.35,0,14,14,0,0,0,0,-6.69,0.00,0.00,0.00,,0.00,,0.00,EastMoney,2026-07-01T17:53:41+08:00
BK1345,2026-07-01T00:00:00Z,113016,114798,116104,112709,113104,1694,1.50,3215247,1353156442,0.94,0.91,0.00,0,1740652,1474595,175006115000,159515050000,36093503,114314852,90342645,23972207,282885488,270764192,12121296,404294688,430363168,-26068480,534037904,544062944,-10025040,2.67,1.77,0.90,-1.93,-0.74,0,12,10,2,0,0,0,-8.80,0.00,0.00,0.00,,0.00,,0.00,EastMoney,2026-07-01T17:53:41+08:00
BK1346,2026-07-01T00:00:00Z,173585,178020,179854,172734,173337,4683,2.70,34998287,17395736782,2.45,1.13,0.00,0,18504221,16494066,546445472000,517210576000,-254456624,2431628112,2462950832,-31322720,4211140144,4434274048,-223133904,5093768448,5191083264,-97314816,5328608768,4976837376,351771392,-1.46,-0.18,-1.28,-0.56,2.02,0,65,57,6,2,0,0,-3.48,0.00,0.00,0.00,,0.00,,0.00,EastMoney,2026-07-01T17:53:41+08:00
BK1347,2026-07-01T00:00:00Z,35126,36044,36702,34938,34996,1048,2.99,32886,100721510,0.28,1.56,0.00,0,19825,13062,35756880000,35756645000,2913028,0,1086300,-1086300,14544392,10545064,3999328,35702122,35028498,673624,49495797,53082450,-3586653,2.89,-1.08,3.97,0.67,-3.56,0,1,1,0,0,0,0,12.64,0.00,0.00,0.00,,0.00,,0.00,EastMoney,2026-07-01T17:53:41+08:00
BK1348,2026-07-01T00:00:00Z,257129,259479,265844,257129,261887,-2408,-0.92,560322,1223762391,3.26,1.99,0.00,0,284525,275797,20870174000,19194767000,-101429946,77794584,173097762,-95303178,270450704,276577472,-6126768,358685056,321797440,36887616,388370768,323544880,64825888,-8.29,-7.79,-0.50,3.01,5.30,0,4,3,1,0,0,0,22.06,0.00,0.00,0.00,,0.00,,0.00,EastMoney,2026-07-01T17:53:41+08:00
BK1349,2026-07-01T00:00:00Z,227914,236366,236671,227914,226880,9486,4.18,1911463,1419797050,2.79,1.09,0.00,0,973840,937623,43595772000,43117304000,70651936,143154207,85567695,57586512,339237920,326172496,13065424,426101408,463627376,-37525968,494691344,527817296,-33125952,4.98,4.06,0.92,-2.64,-2.33,0,9,9,0,0,0,0,17.08,0.00,0.00,0.00,,0.00,,0.00,EastMoney,2026-07-01T17:53:41+08:00
BK1350,2026-07-01T00:00:00Z,194642,195674,197653,193671,194155,1519,0.78,1821785,1812297833,2.50,1.09,0.00,0,938383,883402,65131510000,58542278000,-23704366,77250488,98183974,-20933486,371046304,373817184,-2770880,597796224,571091728,26704496,728925424,731925552,-3000128,-1.31,-1.16,-0.15,1.47,-0.17,0,15,11,4,0,0,0,32.88,0.00,0.00,0.00,,0.00,,0.00,EastMoney,2026-07-01T17:53:41+08:00
BK1351,2026-07-01T00:00:00Z,138508,143844,145084,138109,138543,5301,3.83,434713,247832233,1.87,1.12,0.00,0,229108,205605,15564775000,15564775000,13672734,17392181,1513500,15878681,42476928,44682875,-2205947,77004203,94110796,-17106593,109093183,105659324,3433859,5.52,6.41,-0.89,-6.90,1.39,0,4,3,1,0,0,0,29.35,0.00,0.00,0.00,,0.00,,0.00,EastMoney,2026-07-01T17:53:41+08:00
BK1352,2026-07-01T00:00:00Z,195239,199999,200851,194760,194005,5994,3.09,6187923,3830610066,1.89,1.01,0.00,0,3375399,2812524,217789578000,194223097000,8536921,121410539,144988274,-23577735,808846400,776731744,32114656,1190831952,1241659792,-50827840,1642061440,1599770528,42290912,0.22,-0.62,0.84,-1.33,1.10,0,39,37,2,0,0,0,31.69,0.00,0.00,0.00,,0.00,,0.00,EastMoney,2026-07-01T17:53:41+08:00
BK1353,2026-07-01T00:00:00Z,386891,405542,406945,385637,387238,18304,4.73,544184,589397108,2.16,0.93,0.00,0,289687,254497,31197015000,27720720000,-12869123,32175495,21144539,11030956,93811511,117711590,-23900079,232739994,195488594,37251400,220354695,242796535,-22441840,-2.18,1.87,-4.06,6.32,-3.81,0,7,7,0,0,0,0,20.64,0.00,0.00,0.00,,0.00,,0.00,EastMoney,2026-07-01T17:53:41+08:00
BK1354,2026-07-01T00:00:00Z,68438,70162,70517,68165,68175,1987,2.91,746615,1096951091,2.31,0.84,0.00,0,354792,391823,44064534000,40507732000,16758778,63997966,52523217,11474749,254500272,249216243,5284029,338444512,348336608,-9892096,423098800,429965488,-6866688,1.53,1.05,0.48,-0.90,-0.63,0,11,9,1,1,0,0,-310.81,0.00,0.00,0.00,,0.00,,0.00,EastMoney,2026-07-01T17:53:41+08:00
BK1355,2026-07-01T00:00:00Z,301669,316990,322260,301669,302238,14752,4.88,1080790,1800086950,5.63,0.96,0.00,0,566901,513889,27717218000,26746939000,50046544,450469952,366240512,84229440,453261776,487444672,-34182896,403615264,413267376,-9652112,479312720,519707136,-40394416,2.78,4.68,-1.90,-0.54,-2.24,0,4,4,0,0,0,0,117.50,0.00,0.00,0.00,,0.00,,0.00,EastMoney,2026-07-01T17:53:41+08:00
BK1356,2026-07-01T00:00:00Z,57190,59162,59879,57055,56693,2469,4.36,478720,162173206,3.07,1.49,0.00,0,266309,212411,5313272000,5291284000,14879212,11810544,4009288,7801256,45985719,38907763,7077956,54351603,61709250,-7357647,40808176,48329740,-7521564,9.17,4.81,4.36,-4.54,-4.64,0,2,2,0,0,0,0,-24.77,0.00,0.00,0.00,,0.00,,0.00,EastMoney,2026-07-01T17:53:41+08:00
BK1357,2026-07-01T00:00:00Z,185503,187944,188921,184165,184975,2969,1.61,1997665,1522660829,1.92,1.35,0.00,0,1085421,912244,99370740000,94466857000,-45996241,60276542,87296823,-27020281,233313911,252289871,-18975960,497948128,443655696,54292432,707321616,715617808,-8296192,-3.02,-1.77,-1.25,3.57,-0.54,0,16,11,4,1,0,0,18.11,0.00,0.00,0.00,,0.00,,0.00,EastMoney,2026-07-01T17:53:41+08:00
BK1358,2026-07-01T00:00:00Z,121649,130710,132168,121588,122057,8653,7.09,6140280,18631442901,0.81,1.62,0.00,0,3700681,2439599,2806070704000,1934517072000,1538911808,4064118608,2938880528,1125238080,5509230592,5095556864,413673728,5035702016,5792947712,-757245696,3899637408,4681303552,-781666144,8.26,6.04,2.22,-4.06,-4.20,0,5,5,0,0,0,0,6.83,0.00,0.00,0.00,,0.00,,0.00,EastMoney,2026-07-01T17:53:41+08:00
BK1359,2026-07-01T00:00:00Z,185250,194632,196451,183812,185157,9475,5.12,4819558,3100511255,1.31,1.42,0.00,0,2699663,2119895,240792091000,240750037000,223261760,422879936,280025216,142854720,782781808,702374768,80407040,942011808,1027369920,-85358112,925490720,1063394384,-137903664,7.20,4.61,2.59,-2.75,-4.45,0,9,9,0,0,0,0,18.96,0.00,0.00,0.00,,0.00,,0.00,EastMoney,2026-07-01T17:53:41+08:00
BK1360,2026-07-01T00:00:00Z,447277,457100,462859,441627,445317,11783,2.65,1056094,1336463850,3.92,1.16,0.00,0,550257,505837,35646999000,32308931000,14453120,100865063,111798647,-10933584,353424640,328037936,25386704,443515456,426550448,16965008,426369088,457787216,-31418128,1.08,-0.82,1.90,1.27,-2.35,0,3,2,1,0,0,0,30.80,0.00,0.00,0.00,,0.00,,0.00,EastMoney,2026-07-01T17:53:41+08:00
BK1361,2026-07-01T00:00:00Z,48235,50757,51428,47827,48200,2557,5.30,532964,776609150,1.61,1.23,0.00,0,281833,251131,49938794000,46025634000,47477296,38543424,13360779,25182645,121679030,99384379,22294651,256255418,246338494,9916924,351094960,408489184,-57394224,6.11,3.24,2.87,1.28,-7.39,0,4,4,0,0,0,0,23.74,0.00,0.00,0.00,,0.00,,0.00,EastMoney,2026-07-01T17:53:41+08:00
BK1363,2026-07-01T00:00:00Z,180231,185785,187472,178723,180102,5683,3.16,1740053,535702684,1.07,1.19,0.00,0,1025019,715034,66882456000,55856674000,19080716,65470729,55130125,10340604,126550344,117810232,8740112,152252171,175459635,-23207464,187564614,183437866,4126748,3.56,1.93,1.63,-4.33,0.77,0,3,3,0,0,0,0,14.05,0.00,0.00,0.00,,0.00,,0.00,EastMoney,2026-07-01T17:53:41+08:00
BK1364,2026-07-01T00:00:00Z,348427,357050,361174,347849,347959,9091,2.61,499755,527818193,1.43,1.19,0.00,0,260525,239229,38930941000,38880619000,25859874,23530999,17072203,6458796,124578205,105177127,19401078,170757934,174992729,-4234795,204033998,225659076,-21625078,4.90,1.22,3.68,-0.80,-4.10,0,4,3,1,0,0,0,54.78,0.00,0.00,0.00,,0.00,,0.00,EastMoney,2026-07-01T17:53:41+08:00
BK1365,2026-07-01T00:00:00Z,264048,270838,271993,261658,263742,7096,2.69,1623096,770234518,1.23,1.10,0.00,0,875899,747197,69651840000,66358185000,20166460,67298566,45237435,22061131,150016446,151911117,-1894671,259591897,265027070,-5435173,287717632,302448912,-14731280,2.62,2.86,-0.25,-0.71,-1.91,0,3,3,0,0,0,0,19.52,0.00,0.00,0.00,,0.00,,0.00,EastMoney,2026-07-01T17:53:41+08:00
BK1366,2026-07-01T00:00:00Z,13950204,14645379,14768015,13925989,13969294,676085,4.84,68748815,92439362978,2.57,1.28,0.00,0,39238905,29509910,3847621824000,3266418672000,9055285248,23925628160,16914402816,7011225344,26514755072,24470695168,2044059904,24386197248,27554411264,-3168214016,16821304320,22708375808,-5887071488,9.80,7.58,2.21,-3.43,-6.37,0,49,49,0,0,0,0,16.27,0.00,0.00,0.00,,0.00,,0.00,EastMoney,2026-07-01T17:53:41+08:00
BK1367,2026-07-01T00:00:00Z,76055,77828,78581,75855,76019,1809,2.38,15071666,3957288926,1.07,1.03,0.00,0,8640738,6430928,450162800000,406435392000,108523488,711667104,624668688,86998416,1020666160,999141088,21525072,1076993120,1126754000,-49760880,1087089264,1145851888,-58762624,2.74,2.20,0.54,-1.26,-1.48,0,18,17,0,1,0,0,14482.69,0.00,0.00,0.00,,0.00,,0.00,EastMoney,2026-07-01T17:53:41+08:00
BK1368,2026-07-01T00:00:00Z,57309,58023,58578,56923,57270,753,1.31,788019,326550952,1.33,1.19,0.00,0,411254,376764,24944826000,24684987000,-16026938,25318523,35825843,-10507320,74635331,80154949,-5519618,103302922,100539992,2762930,119573947,106309938,13264009,-4.91,-3.22,-1.69,0.85,4.06,0,3,3,0,0,0,0,14.54,0.00,0.00,0.00,,0.00,,0.00,EastMoney,2026-07-01T17:53:41+08:00
BK1369,2026-07-01T00:00:00Z,48065,50555,51308,47853,48033,2522,5.25,1107843,251347421,1.44,1.78,0.00,0,705662,402180,17285930000,17226443000,-7521869,12522602,15605535,-3082933,54457136,58896072,-4438936,86369984,83497704,2872280,96106483,91456893,4649590,-2.99,-1.23,-1.77,1.14,1.85,0,3,3,0,0,0,0,-5.75,0.00,0.00,0.00,,0.00,,0.00,EastMoney,2026-07-01T17:53:41+08:00
BK1370,2026-07-01T00:00:00Z,196548,201728,203218,196148,196134,5594,2.85,2755510,2281669587,1.17,1.09,0.00,0,1543974,1211536,176377554000,169996944000,19944362,176042762,151721424,24321338,524993824,529370800,-4376976,705442400,717465488,-12023088,844954912,852876176,-7921264,0.87,1.07,-0.19,-0.53,-0.35,0,13,12,1,0,0,0,20.95,0.00,0.00,0.00,,0.00,,0.00,EastMoney,2026-07-01T17:53:41+08:00
BK1371,2026-07-01T00:00:00Z,159382,162113,164050,157334,159091,3022,1.90,891727,1699620281,2.22,0.99,0.00,0,468330,423396,71171907000,62563083000,151126370,154773901,105572315,49201586,464581376,362656592,101924784,460600368,557468784,-96868416,600703248,654961200,-54257952,8.89,2.89,6.00,-5.70,-3.19,0,5,4,1,0,0,0,41.06,0.00,0.00,0.00,,0.00,,0.00,EastMoney,2026-07-01T17:53:41+08:00
BK1372,2026-07-01T00:00:00Z,605859,624597,632781,604951,606304,18293,3.02,6770090,3047574373,4.20,1.50,0.00,0,3229635,3540454,89282850000,86667623000,215417744,644130736,498448496,145682240,752097984,682362480,69735504,822198800,885811712,-63612912,791235616,943040432,-151804816,7.07,4.78,2.29,-2.09,-4.98,0,4,3,1,0,0,0,32.69,0.00,0.00,0.00,,0.00,,0.00,EastMoney,2026-07-01T17:53:41+08:00
BK1373,2026-07-01T00:00:00Z,306116,312492,314872,304918,305622,6870,2.25,4529956,2939105354,1.50,1.02,0.00,0,2351277,2178679,211260842000,199539605000,80669513,224355767,206113598,18242169,671441440,609014096,62427344,994345504,1001862112,-7516608,1014207440,1087360336,-73152896,2.74,0.62,2.12,-0.26,-2.49,0,16,15,1,0,0,0,23.07,0.00,0.00,0.00,,0.00,,0.00,EastMoney,2026-07-01T17:53:41+08:00
BK1374,2026-07-01T00:00:00Z,194370,197565,198673,193427,193516,4049,2.09,7541738,3921905641,1.26,0.99,0.00,0,3821942,3719796,734415152000,353305360000,47214880,388845856,311994048,76851808,838660208,868297136,-29636928,1242160848,1245260640,-3099792,1374802080,1418917184,-44115104,1.20,1.96,-0.76,-0.08,-1.12,0,16,14,0,2,0,0,32.75,0.00,0.00,0.00,,0.00,,0.00,EastMoney,2026-07-01T17:53:41+08:00
BK1375,2026-07-01T00:00:00Z,332292,335754,340130,329886,331646,4108,1.24,10682331,5891290102,4.02,1.07,0.00,0,5151208,5531122,135127899000,128006501000,-140051440,533592224,636652336,-103060112,1344980256,1381971584,-36991328,1965450288,1893823456,71626832,1940449472,1872024848,68424624,-2.38,-1.75,-0.63,1.22,1.16,0,13,11,2,0,0,0,-357.24,0.00,0.00,0.00,,0.00,,0.00,EastMoney,2026-07-01T17:53:41+08:00
BK1376,2026-07-01T00:00:00Z,60477,60174,60513,59950,60611,-437,-0.72,2450647,1666034250,0.39,0.93,0.00,0,1104281,1346366,481794320000,350126512000,-66390720,124376085,180035173,-55659088,350171856,360903488,-10731632,625157696,490265552,134892144,550406128,618907552,-68501424,-3.98,-3.34,-0.64,8.10,-4.11,0,3,1,2,0,0,0,22.93,0.00,0.00,0.00,,0.00,,0.00,EastMoney,2026-07-01T17:53:41+08:00
BK1377,2026-07-01T00:00:00Z,244760,251258,252712,243854,244089,7169,2.94,34176547,23561665486,2.15,0.97,0.00,0,17936023,16240524,1111535856000,934469120000,2126922688,3977074288,2172784304,1804289984,5432150784,5109518080,322632704,6958423296,7605380352,-646957056,6857197568,8337163008,-1479965440,9.03,7.66,1.37,-2.75,-6.28,0,34,31,2,1,0,0,14.14,0.00,0.00,0.00,,0.00,,0.00,EastMoney,2026-07-01T17:53:41+08:00
BK1378,2026-07-01T00:00:00Z,140946,143318,144900,140236,141580,1738,1.23,222582,82307300,0.77,0.80,0.00,0,118940,103643,10852658000,9624411000,894156,4562840,0,4562840,16200728,19869412,-3668684,27953720,31591035,-3637315,32581626,29838468,2743158,1.09,5.54,-4.46,-4.42,3.33,0,2,2,0,0,0,0,31.47,0.00,0.00,0.00,,0.00,,0.00,EastMoney,2026-07-01T17:53:41+08:00
BK1379,2026-07-01T00:00:00Z,301747,308164,310693,300821,301415,6749,2.24,5420488,5694226724,3.83,0.82,0.00,0,2760997,2659491,139080246000,133251345000,16550928,558257920,508341488,49916432,1243231504,1276597008,-33365504,1865479248,1850305760,15173488,1948261168,1979985568,-31724400,0.29,0.88,-0.59,0.27,-0.56,0,18,18,0,0,0,0,50.33,0.00,0.00,0.00,,0.00,,0.00,EastMoney,2026-07-01T17:53:41+08:00
BK1380,2026-07-01T00:00:00Z,361482,369453,370326,361449,358245,11208,3.13,2775425,4192301900,0.41,0.75,0.00,0,1450753,1324672,1099983584000,1091243312000,134779248,651817008,675638224,-23821216,1093659568,935059104,158600464,1245803200,1261415296,-15612096,1109032048,1228199184,-119167136,3.21,-0.57,3.78,-0.37,-2.84,0,10,9,1,0,0,0,18.00,0.00,0.00,0.00,,0.00,,0.00,EastMoney,2026-07-01T17:53:41+08:00
BK1381,2026-07-01T00:00:00Z,172646,178519,179705,172483,172822,5697,3.30,5404337,6906516991,1.99,1.16,0.00,0,2795532,2608805,266725253000,252878865000,-818448,706888256,664150960,42737296,1551407408,1594963152,-43555744,2144324096,2240380080,-96055984,2386492960,2274353200,112139760,-0.01,0.62,-0.63,-1.39,1.62,0,32,29,2,1,0,0,21.71,0.00,0.00,0.00,,0.00,,0.00,EastMoney,2026-07-01T17:53:41+08:00
BK1382,2026-07-01T00:00:00Z,348582,355396,360648,348582,348939,6457,1.85,2900825,5959259486,3.21,1.03,0.00,0,1381541,1519284,143107735000,142141124000,-213001504,412183392,496172400,-83989008,1308784384,1437796880,-129012496,1889894496,1941477328,-51582832,2255102448,1990518096,264584352,-3.57,-1.41,-2.16,-0.87,4.44,0,12,10,2,0,0,0,161.10,0.00,0.00,0.00,,0.00,,0.00,EastMoney,2026-07-01T17:53:41+08:00
BK1383,2026-07-01T00:00:00Z,472875,484424,488421,472875,474978,9446,1.99,3183580,8556406498,2.41,1.18,0.00,0,1617317,1566263,498482928000,373651120000,728122288,1905546720,1420488704,485058016,2289947952,2046883680,243064272,2394856672,2645042640,-250185968,1872053040,2349989360,-477936320,8.51,5.67,2.84,-2.92,-5.59,0,10,10,0,0,0,0,29.99,0.00,0.00,0.00,,0.00,,0.00,EastMoney,2026-07-01T17:53:41+08:00
BK1384,2026-07-01T00:00:00Z,437304,440290,444235,434919,437502,2788,0.64,7496371,24404026558,2.14,0.99,0.00,0,3670531,3825841,1014450560000,914371328000,-1259268208,2443602704,3460021120,-1016418416,6023038976,6265888768,-242849792,8175872000,7575077888,600794112,7425983232,6770056192,655927040,-5.16,-4.16,-1.00,2.46,2.69,0,48,38,10,0,0,0,76.72,0.00,0.00,0.00,,0.00,,0.00,EastMoney,2026-07-01T17:53:41+08:00
BK1385,2026-07-01T00:00:00Z,552598,568056,575283,551995,552771,15285,2.77,3472564,14871655630,3.50,1.05,0.00,0,1838603,1633961,476805952000,358258896000,529546576,2197037344,1905333440,291703904,3990098160,3752255488,237842672,4859456768,4961373952,-101917184,3584525408,4012154816,-427629408,3.56,1.96,1.60,-0.69,-2.88,0,9,8,1,0,0,0,517.01,0.00,0.00,0.00,,0.00,,0.00,EastMoney,2026-07-01T17:53:41+08:00
BK1386,2026-07-01T00:00:00Z,747039,755892,761267,746803,744097,11795,1.59,12444466,45266325157,4.08,1.08,0.00,0,6107122,6337344,1222310704000,1001807904000,245953024,5853303040,5701226496,152076544,11431615744,11337739264,93876480,14468116992,14353182464,114934528,12748175104,13106887424,-358712320,0.54,0.34,0.21,0.25,-0.79,0,63,45,18,0,0,0,216.71,0.00,0.00,0.00,,0.00,,0.00,EastMoney,2026-07-01T17:53:41+08:00
BK1387,2026-07-01T00:00:00Z,377381,384337,387394,377381,378283,6054,1.60,4830516,8830236703,4.14,0.92,0.00,0,2349491,2481026,174433301000,165236718000,-207160048,992698720,1157510528,-164811808,2096001712,2138349952,-42348240,2677160464,2786594032,-109433568,2884880928,2567238416,317642512,-2.35,-1.87,-0.48,-1.24,3.60,0,26,19,6,1,0,0,90.09,0.00,0.00,0.00,,0.00,,0.00,EastMoney,2026-07-01T17:53:41+08:00
BK1388,2026-07-01T00:00:00Z,290236,305105,307761,288529,288202,16903,5.86,921995,1041513921,4.90,0.99,0.00,0,475511,446484,72566611000,21591345000,47301383,104980578,68319160,36661418,245860618,235220653,10639965,304019728,329339120,-25319392,368769376,389577696,-20808320,4.54,3.52,1.02,-2.43,-2.00,0,8,8,0,0,0,0,146.95,0.00,0.00,0.00,,0.00,,0.00,EastMoney,2026-07-01T17:53:41+08:00
BK1389,2026-07-01T00:00:00Z,283643,289789,291683,282370,283318,6471,2.28,6265978,6733240645,2.28,1.06,0.00,0,3460949,2805029,321488320000,257016010000,61744784,618235696,679696704,-61461008,1549033136,1425827344,123205792,2178839424,2055677120,123162304,2291190032,2472582736,-181392704,0.92,-0.91,1.83,1.83,-2.69,0,34,31,3,0,0,0,23.27,0.00,0.00,0.00,,0.00,,0.00,EastMoney,2026-07-01T17:53:41+08:00
BK1390,2026-07-01T00:00:00Z,191443,196196,198274,191100,191591,4605,2.40,6327619,5508384131,1.48,1.06,0.00,0,3365081,2962538,280486800000,260449874000,-85943696,293370208,329548336,-36178128,1182939024,1232704592,-49765568,1749331328,1754957344,-5626016,2217266416,2125696688,91569728,-1.56,-0.66,-0.90,-0.10,1.66,0,52,47,4,1,0,0,25.03,0.00,0.00,0.00,,0.00,,0.00,EastMoney,2026-07-01T17:53:41+08:00
BK1391,2026-07-01T00:00:00Z,173717,176439,177349,172687,172260,4179,2.43,2471118,1631529493,2.56,0.91,0.00,0,1143301,1327818,69272991000,62677345000,45596428,98108894,91950834,6158060,382569776,343131408,39438368,503121920,528695920,-25574000,609469568,629491984,-20022416,2.79,0.38,2.42,-1.57,-1.23,0,15,11,4,0,0,0,-22.58,0.00,0.00,0.00,,0.00,,0.00,EastMoney,2026-07-01T17:53:41+08:00
BK1392,2026-07-01T00:00:00Z,1680622,1720735,1737464,1675252,1671321,49414,2.96,576338,2614625469,1.88,1.14,0.00,0,283190,293148,213175301000,197384842000,22587376,171602333,152303949,19298384,575520768,572231776,3288992,900893632,857123184,43770448,902586496,958768144,-56181648,0.86,0.74,0.13,1.67,-2.15,0,13,11,2,0,0,0,53.74,0.00,0.00,0.00,,0.00,,0.00,EastMoney,2026-07-01T17:53:41+08:00
BK1393,2026-07-01T00:00:00Z,413329,415334,417696,407162,411948,3386,0.82,6917277,7862251344,1.60,1.01,0.00,0,3373206,3544071,525388640000,463064112000,70442896,872516064,894317216,-21801152,1921055344,1828811296,92244048,2508073456,2481358080,26715376,2431001136,2523459104,-92457968,0.90,-0.28,1.17,0.34,-1.18,0,22,16,6,0,0,0,17.51,0.00,0.00,0.00,,0.00,,0.00,EastMoney,2026-07-01T17:53:41+08:00
BK1394,2026-07-01T00:00:00Z,172020,174942,175428,171796,171425,3517,2.05,6852009,7578530017,1.31,1.06,0.00,0,3799999,3052010,433422336000,357605344000,369280976,982926352,743091984,239834368,2076351088,1946904480,129446608,2303253072,2408271344,-105018272,2090008192,2348624608,-258616416,4.87,3.16,1.71,-1.39,-3.41,0,32,27,5,0,0,0,20.05,0.00,0.00,0.00,,0.00,,0.00,EastMoney,2026-07-01T17:53:41+08:00
BK1395,2026-07-01T00:00:00Z,195396,198751,200988,195389,194014,4737,2.44,2777862,4883383499,2.88,0.72,0.00,0,1346152,1431710,146221307000,118534517000,186163408,549303920,297028544,252275376,918385088,984497056,-66111968,1445767632,1516437072,-70669440,1744011344,1859465504,-115454160,3.81,5.17,-1.35,-1.45,-2.36,0,20,14,4,2,0,0,77.13,0.00,0.00,0.00,,0.00,,0.00,EastMoney,2026-07-01T17:53:41+08:00
BK1396,2026-07-01T00:00:00Z,580289,590161,594266,578950,578367,11794,2.04,14639448,36070502104,4.66,1.11,0.00,0,7577440,7062008,927810304000,631404896000,1263022624,4421663488,3805775840,615887648,8996755456,8349620480,647134976,12577277952,12777419264,-200141312,9261632256,10335746816,-1074114560,3.50,1.71,1.79,-0.55,-2.98,0,79,68,11,0,0,0,101.56,0.00,0.00,0.00,,0.00,,0.00,EastMoney,2026-07-01T17:53:41+08:00
BK1397,2026-07-01T00:00:00Z,1068053,1052674,1087200,1048018,1064689,-12015,-1.13,4595727,14288676262,9.40,0.84,0.00,0,2098760,2496967,180753182000,154043757000,-680453584,1893690080,2321130512,-427440432,3273631424,3526644576,-253013152,4395723264,4162730480,232992784,4013780464,3626038944,387741520,-4.76,-2.99,-1.77,1.63,2.71,0,14,5,9,0,0,0,-18979.96,0.00,0.00,0.00,,0.00,,0.00,EastMoney,2026-07-01T17:53:41+08:00
BK1398,2026-07-01T00:00:00Z,599840,609036,611349,599065,599464,9572,1.60,10481832,25371227176,5.16,0.96,0.00,0,5194404,5287428,473347472000,405460288000,-314832560,3355259584,3792873840,-437614256,6246588160,6123806464,122781696,7618346240,7348865280,269480960,6743941632,6651488512,92453120,-1.24,-1.72,0.48,1.06,0.36,0,56,42,14,0,0,0,93.04,0.00,0.00,0.00,,0.00,,0.00,EastMoney,2026-07-01T17:53:41+08:00
BK1400,2026-07-01T00:00:00Z,453089,454393,457238,451097,450738,3655,0.81,2942796,10492928053,4.51,1.01,0.00,0,1454431,1488365,210809331000,168004666000,-236404592,1235139936,1341563168,-106423232,2302749904,2432731264,-129981360,3363472912,3242414928,121057984,3390708592,3273929904,116778688,-2.25,-1.01,-1.24,1.15,1.11,0,20,16,4,0,0,0,68.28,0.00,0.00,0.00,,0.00,,0.00,EastMoney,2026-07-01T17:53:41+08:00
BK1401,2026-07-01T00:00:00Z,389850,387308,390437,384510,390299,-2991,-0.77,3105788,2938632518,4.66,0.88,0.00,0,1578536,1527252,90274274000,88110622000,-221439418,183379014,368182272,-184803258,612312592,648948752,-36636160,952314240,917119952,35194288,1138162848,951917728,186245120,-7.54,-6.29,-1.25,1.20,6.34,0,13,5,7,1,0,0,97.13,0.00,0.00,0.00,,0.00,,0.00,EastMoney,2026-07-01T17:53:41+08:00
BK1402,2026-07-01T00:00:00Z,231107,234554,236583,230979,230789,3765,1.63,1335623,1416122676,1.89,0.82,0.00,0,685516,650106,83205340000,75255420000,-40191223,66414878,78965941,-12551063,314513904,342154064,-27640160,489264880,459579584,29685296,524662448,513834000,10828448,-2.84,-0.89,-1.95,2.10,0.76,0,16,13,3,0,0,0,38.22,0.00,0.00,0.00,,0.00,,0.00,EastMoney,2026-07-01T17:53:41+08:00
BK1403,2026-07-01T00:00:00Z,211046,215349,217261,211046,210738,4611,2.19,9214353,13316550983,1.65,0.91,0.00,0,4496270,4718082,587958448000,493624816000,427832880,1814884448,1477857328,337027120,3168002768,3077197008,90805760,4000369136,4190600656,-190231520,4011968400,4244343920,-232375520,3.21,2.53,0.68,-1.43,-1.75,0,62,50,9,3,0,0,40.52,0.00,0.00,0.00,,0.00,,0.00,EastMoney,2026-07-01T17:53:41+08:00
BK1404,2026-07-01T00:00:00Z,148944,152828,153955,148318,147910,4918,3.32,907728,564410377,2.50,0.99,0.00,0,457213,450515,43016940000,27615979000,-11042829,19085896,8954404,10131492,101714804,122889125,-21174321,172791881,188206302,-15414421,257557790,227128363,30429427,-1.96,1.80,-3.75,-2.73,5.39,0,10,10,0,0,0,0,103.39,0.00,0.00,0.00,,0.00,,0.00,EastMoney,2026-07-01T17:53:41+08:00
BK1405,2026-07-01T00:00:00Z,588535,592811,598015,588520,587608,5203,0.89,11389029,46206098742,4.47,0.99,0.00,0,5586158,5802871,1053753456000,893258752000,-1385713664,6699858176,7873518848,-1173660672,11973334272,12185387264,-212052992,14443346944,13948256768,495090176,12253441280,11368625920,884815360,-3.00,-2.54,-0.46,1.07,1.91,0,91,59,32,0,0,0,97.78,0.00,0.00,0.00,,0.00,,0.00,EastMoney,2026-07-01T17:53:41+08:00
BK1406,2026-07-01T00:00:00Z,222386,228630,230447,222236,223517,5113,2.29,1190525,1584392840,3.86,0.82,0.00,0,554015,636510,53721240000,42719995000,-14643282,133012748,117523166,15489582,335657968,365790832,-30132864,540367280,499796864,40570416,543894096,566393968,-22499872,-0.92,0.98,-1.90,2.56,-1.42,0,12,9,3,0,0,0,49.44,0.00,0.00,0.00,,0.00,,0.00,EastMoney,2026-07-01T17:53:41+08:00
BK1407,2026-07-01T00:00:00Z,630610,635351,644249,629609,628282,7069,1.13,4769216,20596169692,3.62,0.94,0.00,0,2380410,2388806,545079552000,482436384000,-510780832,2684930656,3123865600,-438934944,5405019904,5476865792,-71845888,6746696960,6566032384,180664576,5290826496,4982457088,308369408,-2.48,-2.13,-0.35,0.88,1.50,0,32,22,10,0,0,0,61.57,0.00,0.00,0.00,,0.00,,0.00,EastMoney,2026-07-01T17:53:41+08:00
BK1408,2026-07-01T00:00:00Z,1050265,1095387,1102678,1050265,1049736,45651,4.35,4886854,20644307355,6.66,1.19,0.00,0,2258884,2627970,295018224000,262414683000,622110096,4792604416,3667649136,1124955280,5652709888,6155555072,-502845184,6638157824,6908803584,-270645760,2996203792,3346384336,-350180544,3.01,5.45,-2.44,-1.31,-1.70,0,21,19,2,0,0,0,-1796.21,0.00,0.00,0.00,,0.00,,0.00,EastMoney,2026-07-01T17:53:41+08:00
BK1409,2026-07-01T00:00:00Z,2493535,2387957,2521668,2366848,2504828,-116871,-4.67,3439585,36857947724,8.79,0.92,0.00,0,1603498,1836087,456722960000,440026000000,-4345385728,6702022912,10410480640,-3708457728,9502945280,10139873280,-636928000,11724088320,9955787776,1768300544,8339909376,5762824192,2577085184,-11.79,-10.06,-1.73,4.80,6.99,0,10,1,9,0,0,0,162.80,0.00,0.00,0.00,,0.00,,0.00,EastMoney,2026-07-01T17:53:41+08:00
BK1410,2026-07-01T00:00:00Z,802392,810751,816713,802392,801538,9213,1.15,2350321,14027582052,4.33,1.10,0.00,0,1195906,1154415,379579904000,297409504000,-126194784,1867560912,1906898624,-39337712,3398672464,3485529536,-86857072,5217615360,5107649024,109966336,2966693456,3041319488,-74626032,-0.90,-0.28,-0.62,0.78,-0.53,0,31,19,11,1,0,0,140.14,0.00,0.00,0.00,,0.00,,0.00,EastMoney,2026-07-01T17:53:41+08:00
BK1411,2026-07-01T00:00:00Z,236245,233968,237448,231747,236453,-2485,-1.05,1502703,9976247431,4.93,0.90,0.00,0,719011,783692,176682106000,163786272000,-644528064,1162170752,1569705104,-407534352,2617930384,2854924096,-236993712,3782731920,3424045632,358686288,1904651904,1698161056,206490848,-6.46,-4.09,-2.38,3.60,2.07,0,14,6,8,0,0,0,-551.51,0.00,0.00,0.00,,0.00,,0.00,EastMoney,2026-07-01T17:53:41+08:00
BK1412,2026-07-01T00:00:00Z,239328,255435,261223,233540,238825,16610,6.95,741616,733488845,1.50,1.26,0.00,0,413352,328264,50369820000,50262704000,50190277,51213083,25832170,25380913,156138824,131329460,24809364,240951591,227451084,13500507,281722368,345413152,-63690784,6.84,3.46,3.38,1.84,-8.68,0,1,1,0,0,0,0,24.91,0.00,0.00,0.00,,0.00,,0.00,EastMoney,2026-07-01T17:53:41+08:00
BK1413,2026-07-01T00:00:00Z,154834,156525,158619,152475,153337,3188,2.08,2105850,1491989105,2.27,1.21,0.00,0,996026,1109823,77665727000,64990267000,-8545599,53681531,57447818,-3766287,296952160,301731472,-4779312,529571712,509488496,20083216,585369008,596906608,-11537600,-0.57,-0.25,-0.32,1.35,-0.77,0,10,7,3,0,0,0,49.95,0.00,0.00,0.00,,0.00,,0.00,EastMoney,2026-07-01T17:53:41+08:00
BK1414,2026-07-01T00:00:00Z,57938,59159,59787,57345,57751,1408,2.44,883874,646197529,2.81,0.92,0.00,0,489623,394252,23472275000,20065356000,10213171,61945256,46885600,15059656,154724285,159570770,-4846485,200713826,217289903,-16576077,221473541,215110634,6362907,1.58,2.33,-0.75,-2.57,0.98,0,5,5,0,0,0,0,150964.88,0.00,0.00,0.00,,0.00,,0.00,EastMoney,2026-07-01T17:53:41+08:00
BK1415,2026-07-01T00:00:00Z,366519,370492,377279,364399,369756,736,0.20,4036774,6010779492,8.40,1.23,0.00,0,2008245,2028529,122585742000,102073054000,-70439520,801410160,776395424,25014736,1539551728,1635005984,-95454256,1881372912,1932123344,-50750432,1631600912,1524774192,106826720,-1.17,0.42,-1.59,-0.84,1.78,0,8,4,4,0,0,0,76.21,0.00,0.00,0.00,,0.00,,0.00,EastMoney,2026-07-01T17:53:41+08:00
BK1416,2026-07-01T00:00:00Z,133427,137721,139229,132711,134069,3652,2.72,1982537,827347461,3.98,0.97,0.00,0,977656,1004881,22115717000,22109365000,-38928226,52320016,57138282,-4818266,172166136,206276096,-34109960,277521024,271483728,6037296,315344304,282453376,32890928,-4.71,-0.58,-4.12,0.73,3.98,0,3,2,0,1,0,0,68.36,0.00,0.00,0.00,,0.00,,0.00,EastMoney,2026-07-01T17:53:41+08:00
BK1417,2026-07-01T00:00:00Z,90404,92679,93872,90213,90496,2183,2.41,1689017,959169386,2.25,1.20,0.00,0,839470,849546,45287973000,42946544000,-85115427,48845496,38612142,10233354,172361188,267709969,-95348781,320944528,308535056,12409472,411260896,338554960,72705936,-8.87,1.07,-9.94,1.29,7.58,0,5,5,0,0,0,0,-168.33,0.00,0.00,0.00,,0.00,,0.00,EastMoney,2026-07-01T17:53:41+08:00
BK1418,2026-07-01T00:00:00Z,209286,216206,220206,209045,209385,6821,3.26,8811765,7854269339,3.22,1.43,0.00,0,4752390,4059375,153488271000,149398160000,35704272,1114625664,1042730896,71894768,1928633680,1964824176,-36190496,2488935824,2409687136,79248688,2224583920,2339536896,-114952976,0.45,0.92,-0.46,1.01,-1.46,0,15,14,1,0,0,0,55.28,0.00,0.00,0.00,,0.00,,0.00,EastMoney,2026-07-01T17:53:41+08:00
BK1419,2026-07-01T00:00:00Z,156264,162390,164338,155354,156093,6297,4.03,3118786,3337109105,1.90,1.20,0.00,0,1659562,1459225,224188152000,222579606000,147090792,367699200,247207016,120492184,779800544,753201936,26598608,1016618144,1080676272,-64058128,1140250816,1223283488,-83032672,4.41,3.61,0.80,-1.92,-2.49,0,10,10,0,0,0,0,16.10,0.00,0.00,0.00,,0.00,,0.00,EastMoney,2026-07-01T17:53:41+08:00
BK1420,2026-07-01T00:00:00Z,308703,321849,321858,308140,307748,14101,4.58,3216801,7449068471,2.85,0.88,0.00,0,1696784,1520017,179702263000,172445100000,147951168,761259952,701974048,59285904,1837543696,1748878432,88665264,2313322208,2440367088,-127044880,2272724832,2304965552,-32240720,1.99,0.80,1.19,-1.71,-0.43,0,18,17,1,0,0,0,39.50,0.00,0.00,0.00,,0.00,,0.00,EastMoney,2026-07-01T17:53:41+08:00
BK1421,2026-07-01T00:00:00Z,179382,188201,190801,178932,178833,9368,5.24,3129495,2253902261,3.98,1.09,0.00,0,1487106,1642389,71649146000,64331710000,-18121019,267013996,166087239,100926757,402157536,521205312,-119047776,789516208,755279664,34236544,769999440,786114976,-16115536,-0.80,4.48,-5.28,1.52,-0.72,0,6,6,0,0,0,0,153.08,0.00,0.00,0.00,,0.00,,0.00,EastMoney,2026-07-01T17:53:41+08:00
BK1422,2026-07-01T00:00:00Z,353105,359839,360829,351719,351398,8441,2.40,2833597,11842441023,4.08,1.26,0.00,0,1340153,1493444,185816138000,144188663000,-190726416,2451390288,2386518928,64871360,2751611232,3007209008,-255597776,3244566896,3205354272,39212624,3087976592,2936462816,151513776,-1.61,0.55,-2.16,0.33,1.28,0,11,9,2,0,0,0,97.03,0.00,0.00,0.00,,0.00,,0.00,EastMoney,2026-07-01T17:53:41+08:00
BK1423,2026-07-01T00:00:00Z,145023,151110,152095,144182,145216,5894,4.06,3359487,3557657388,4.15,0.90,0.00,0,1743521,1615966,98245227000,87803720000,213738028,362500752,255750436,106750316,890100496,783112784,106987712,1118735760,1243119712,-124383952,1146634000,1235988064,-89354064,6.01,3.00,3.01,-3.50,-2.51,0,13,12,1,0,0,0,31.31,0.00,0.00,0.00,,0.00,,0.00,EastMoney,2026-07-01T17:53:41+08:00
BK1424,2026-07-01T00:00:00Z,1730520,1838365,1854627,1729354,1680778,157587,9.38,6783981,32161225054,7.40,1.17,0.00,0,3559468,3224513,457211408000,426637808000,1304746240,10978413824,9010894848,1967518976,7785785856,8448558592,-662772736,7318837504,8360506624,-1041669120,4910755072,5173832448,-263077376,4.06,6.12,-2.06,-3.24,-0.82,0,10,10,0,0,0,0,47.37,0.00,0.00,0.00,,0.00,,0.00,EastMoney,2026-07-01T17:53:41+08:00
BK1425,2026-07-01T00:00:00Z,333976,334102,337702,329429,333421,681,0.20,780779,1615960421,7.22,1.09,0.00,0,406057,374722,25303492000,24578569000,9167053,105828435,166565606,-60737171,382007568,312103344,69904224,535540768,498947408,36593360,560071040,605831456,-45760416,0.57,-3.76,4.33,2.26,-2.83,0,5,3,2,0,0,0,51.88,0.00,0.00,0.00,,0.00,,0.00,EastMoney,2026-07-01T17:53:41+08:00
BK1426,2026-07-01T00:00:00Z,362850,366470,371448,358739,362160,4310,1.19,1936782,5981823319,3.51,1.05,0.00,0,958598,978185,249453150000,244619732000,-56631936,585925296,662238304,-76313008,1549966928,1530285856,19681072,1971280064,2045158272,-73878208,1803314512,1671118912,132195600,-0.95,-1.28,0.33,-1.24,2.21,0,9,6,3,0,0,0,18.16,0.00,0.00,0.00,,0.00,,0.00,EastMoney,2026-07-01T17:53:41+08:00
BK1427,2026-07-01T00:00:00Z,403997,412038,414929,403310,402501,9537,2.37,2001387,3181215257,2.03,0.95,0.00,0,1022149,979238,121690162000,114976784000,-106040579,202737376,262068771,-59331395,722822816,769532000,-46709184,986756128,1039216688,-52460560,1236057280,1077556128,158501152,-3.33,-1.87,-1.47,-1.65,4.98,0,13,12,1,0,0,0,40.19,0.00,0.00,0.00,,0.00,,0.00,EastMoney,2026-07-01T17:53:41+08:00
BK1428,2026-07-01T00:00:00Z,455168,468556,469999,453261,454481,14075,3.10,13359693,27530146208,5.01,1.02,0.00,0,6827470,6532222,560499744000,454025552000,763316816,3141698128,2490481152,651216976,6512870912,6400771072,112099840,8533257472,8919818496,-386561024,8488416000,8842638848,-354222848,2.77,2.37,0.41,-1.40,-1.29,0,80,65,12,3,0,0,113.75,0.00,0.00,0.00,,0.00,,0.00,EastMoney,2026-07-01T17:53:41+08:00
BK1429,2026-07-01T00:00:00Z,194796,201225,202272,194096,194546,6679,3.43,2608715,3367453975,1.60,1.11,0.00,0,1404434,1204281,238367480000,227497537000,24567592,259516199,215490607,44025592,668752928,688210928,-19458000,988938432,1139260640,-150322208,1395091264,1265052256,130039008,0.73,1.31,-0.58,-4.46,3.86,0,24,24,0,0,0,0,18.44,0.00,0.00,0.00,,0.00,,0.00,EastMoney,2026-07-01T17:53:41+08:00
BK1430,2026-07-01T00:00:00Z,401480,408444,412246,400096,401488,6956,1.73,1953973,4084626795,5.39,0.99,0.00,0,914282,1039691,93452965000,75563187000,12359120,388300240,408878336,-20578096,1026922800,993985584,32937216,1228610624,1312177168,-83566544,1374150112,1302942688,71207424,0.30,-0.50,0.81,-2.05,1.74,0,17,11,6,0,0,0,126.18,0.00,0.00,0.00,,0.00,,0.00,EastMoney,2026-07-01T17:53:41+08:00
BK1431,2026-07-01T00:00:00Z,397051,408310,412111,395879,399761,8549,2.14,3275682,7572466589,6.22,1.20,0.00,0,1614979,1660704,138774378000,137304178000,-16776928,726229968,691646576,34583392,1951485952,2002846272,-51360320,2686505920,2616274016,70231904,2066728400,2120183392,-53454992,-0.22,0.46,-0.68,0.93,-0.71,0,10,7,3,0,0,0,-66.74,0.00,0.00,0.00,,0.00,,0.00,EastMoney,2026-07-01T17:53:41+08:00
BK1432,2026-07-01T00:00:00Z,161155,168413,170625,160979,161698,6715,4.15,2725018,2644484344,3.05,1.37,0.00,0,1535626,1189391,85721608000,84222214000,140994104,282669216,233249160,49420056,649872368,558298320,91574048,787320224,863106400,-75786176,897817760,963025696,-65207936,5.33,1.87,3.46,-2.87,-2.47,0,6,6,0,0,0,0,24.88,0.00,0.00,0.00,,0.00,,0.00,EastMoney,2026-07-01T17:53:41+08:00
BK1433,2026-07-01T00:00:00Z,289196,298061,300695,288696,289964,8097,2.79,2758898,1511013278,3.23,1.03,0.00,0,1514132,1244766,72612861000,57383718000,-6429844,75546915,66879927,8666988,315368496,330465328,-15096832,486612176,539922144,-53309968,606483920,545998032,60485888,-0.43,0.57,-1.00,-3.53,4.00,0,10,10,0,0,0,0,14.19,0.00,0.00,0.00,,0.00,,0.00,EastMoney,2026-07-01T17:53:41+08:00
BK1434,2026-07-01T00:00:00Z,218432,223564,224481,214326,219279,4285,1.95,1671403,5464460708,1.90,1.10,0.00,0,832671,838732,328594160000,321934032000,259406448,689794240,631050848,58743392,1465152256,1264489200,200663056,1735358720,1689903536,45455184,1526437648,1831299280,-304861632,4.75,1.08,3.67,0.83,-5.58,0,4,3,1,0,0,0,18.04,0.00,0.00,0.00,,0.00,,0.00,EastMoney,2026-07-01T17:53:41+08:00
BK1435,2026-07-01T00:00:00Z,325572,337053,341928,323644,327969,9084,2.77,6196092,9733902892,3.49,0.94,0.00,0,3301858,2894234,217351107000,208924934000,-144837792,1140112784,1252983920,-112871136,2601904464,2633871120,-31966656,3274158720,3182607616,91551104,2599551744,2546265040,53286704,-1.49,-1.16,-0.33,0.94,0.55,0,9,6,3,0,0,0,27.36,0.00,0.00,0.00,,0.00,,0.00,EastMoney,2026-07-01T17:53:41+08:00
BK1436,2026-07-01T00:00:00Z,260331,267151,269816,259542,260182,6969,2.68,4838690,5324966334,2.61,1.18,0.00,0,2501962,2336728,208598452000,191066844000,-1921664,407335792,396727760,10608032,1164547568,1177077264,-12529696,1670505184,1837783440,-167278256,2019658656,1844696752,174961904,-0.04,0.20,-0.24,-3.14,3.29,0,34,32,2,0,0,0,36.09,0.00,0.00,0.00,,0.00,,0.00,EastMoney,2026-07-01T17:53:41+08:00
BK1437,2026-07-01T00:00:00Z,751488,763411,768514,749101,751453,11958,1.59,2885865,6216789744,3.95,1.03,0.00,0,1389982,1495883,183835818000,153691355000,-63247712,551384960,574866560,-23481600,1541518464,1581284576,-39766112,1944891232,1942033328,2857904,2071395744,2005980752,65414992,-1.02,-0.38,-0.64,0.05,1.05,0,22,15,7,0,0,0,58.45,0.00,0.00,0.00,,0.00,,0.00,EastMoney,2026-07-01T17:53:41+08:00
BK1438,2026-07-01T00:00:00Z,900262,928003,934901,900226,890255,37748,4.24,3370916,9420398239,8.76,1.22,0.00,0,1615372,1755544,203080825000,177595199000,73698592,1322736544,1071982928,250753616,2217836976,2394892000,-177055024,3014745200,3126804128,-112058928,2682639280,2644278944,38360336,0.78,2.66,-1.88,-1.19,0.41,0,13,9,4,0,0,0,89.17,0.00,0.00,0.00,,0.00,,0.00,EastMoney,2026-07-01T17:53:41+08:00
BK1439,2026-07-01T00:00:00Z,452694,449881,455887,445019,451006,-1125,-0.25,7194478,16761938688,7.27,0.94,0.00,0,3336882,3857596,303386768000,216591598000,-1009432704,2262294160,3088407152,-826112992,3947614208,4130933920,-183319712,5026382848,4821183232,205199616,5115671040,4307720192,807950848,-6.02,-4.93,-1.09,1.22,4.82,0,21,11,10,0,0,0,237.32,0.00,0.00,0.00,,0.00,,0.00,EastMoney,2026-07-01T17:53:41+08:00
BK1440,2026-07-01T00:00:00Z,495519,503718,506142,492941,491096,12622,2.57,2781758,4763090402,3.09,1.09,0.00,0,1422834,1358924,129037798000,107200162000,180606352,429750992,338431216,91319776,1073961616,984675040,89286576,1486643984,1540378304,-53734320,1653659712,1782729792,-129070080,3.79,1.92,1.87,-1.13,-2.71,0,22,17,5,0,0,0,66.35,0.00,0.00,0.00,,0.00,,0.00,EastMoney,2026-07-01T17:53:41+08:00
BK1441,2026-07-01T00:00:00Z,420345,427404,429609,416985,420444,6960,1.66,1351050,1826765919,3.02,1.05,0.00,0,652699,698352,58687067000,44599225000,45738460,116353891,127198295,-10844404,430663600,374080736,56582864,577179616,604202960,-27023344,616265984,637111504,-20845520,2.50,-0.59,3.10,-1.48,-1.14,0,15,12,3,0,0,0,665.85,0.00,0.00,0.00,,0.00,,0.00,EastMoney,2026-07-01T17:53:41+08:00
BK1442,2026-07-01T00:00:00Z,181164,187597,189538,180876,181263,6334,3.49,1035290,1246819629,4.57,0.69,0.00,0,541280,494010,29438665000,27564668000,-14631481,104574971,104161442,413529,248147391,263192401,-15045010,336687312,419147008,-82459696,528644800,431553616,97091184,-1.17,0.03,-1.21,-6.61,7.79,0,6,6,0,0,0,0,96.14,0.00,0.00,0.00,,0.00,,0.00,EastMoney,2026-07-01T17:53:41+08:00
BK1443,2026-07-01T00:00:00Z,586510,637564,650737,586510,594752,42812,7.20,1500508,6083637914,14.37,2.20,0.00,0,782293,718215,63713491000,63324593000,-216744304,987110384,1043254672,-56144288,1510259840,1670859856,-160600016,1905820928,1902892832,2928096,1608966624,1395150416,213816208,-3.56,-0.92,-2.64,0.05,3.51,0,2,1,1,0,0,0,81.74,0.00,0.00,0.00,,0.00,,0.00,EastMoney,2026-07-01T17:53:41+08:00
BK1444,2026-07-01T00:00:00Z,782895,803003,812088,782895,782367,20636,2.64,34923669,59331111336,4.11,1.19,0.00,0,17655848,17267821,1413779632000,1208650128000,1069522944,7081539584,6899169024,182370560,14537996288,13650843904,887152384,18684825344,19143927552,-459102208,17388391680,17901221888,-512830208,1.80,0.31,1.50,-0.77,-0.86,0,137,117,18,2,0,0,-237.25,0.00,0.00,0.00,,0.00,,0.00,EastMoney,2026-07-01T17:53:41+08:00
BK1445,2026-07-01T00:00:00Z,529933,534656,540245,528277,528457,6199,1.17,4310561,10848488569,2.43,1.20,0.00,0,2131658,2178902,511108080000,477209600000,34615744,1584531504,1540270464,44261040,2588706816,2598352112,-9645296,3151821376,3292961744,-141140368,3350918704,3236147216,114771488,0.32,0.41,-0.09,-1.30,1.06,0,27,19,8,0,0,0,25.17,0.00,0.00,0.00,,0.00,,0.00,EastMoney,2026-07-01T17:53:41+08:00
BK1446,2026-07-01T00:00:00Z,803165,815636,827026,802622,802542,13094,1.63,12995301,47752616855,4.10,1.01,0.00,0,6133319,6861982,1098210416000,763497344000,-2919250176,7143287296,9051469568,-1908182272,11410496512,12421564416,-1011067904,15230165504,14523725824,706439680,12916529152,10712060672,2204468480,-6.11,-4.00,-2.12,1.48,4.62,0,64,46,17,1,0,0,116.14,0.00,0.00,0.00,,0.00,,0.00,EastMoney,2026-07-01T17:53:41+08:00
BK1447,2026-07-01T00:00:00Z,799981,826342,836350,799981,800162,26180,3.27,16943582,49854331072,3.53,1.17,0.00,0,8916471,8027111,1108268352000,929419568000,2932684544,8073807104,6259956224,1813850880,13979387136,12860553472,1118833664,15604750592,16582893568,-978142976,11326119680,13231604992,-1905485312,5.88,3.64,2.24,-1.96,-3.82,0,100,91,9,0,0,0,412.77,0.00,0.00,0.00,,0.00,,0.00,EastMoney,2026-07-01T17:53:41+08:00
BK1448,2026-07-01T00:00:00Z,581029,590583,599502,580399,578136,12447,2.15,5229706,12739490344,2.30,1.11,0.00,0,2587852,2641854,514064320000,475164352000,455690880,1360723136,1098166944,262556192,3159424336,2966289648,193134688,4724267008,5021692928,-297425920,3340611904,3498876976,-158265072,3.58,2.06,1.52,-2.33,-1.24,0,35,31,4,0,0,0,243.29,0.00,0.00,0.00,,0.00,,0.00,EastMoney,2026-07-01T17:53:41+08:00
BK1449,2026-07-01T00:00:00Z,183914,189840,189953,183552,184053,5787,3.14,1641432,1731728558,1.32,1.08,0.00,0,825504,815928,227124470000,160812760000,24587930,219312563,122933897,96378666,424265360,496056096,-71790736,527983232,524379168,3604064,533541024,561733008,-28191984,1.42,5.57,-4.15,0.21,-1.63,0,9,7,2,0,0,0,29.67,0.00,0.00,0.00,,0.00,,0.00,EastMoney,2026-07-01T17:53:41+08:00
BK1450,2026-07-01T00:00:00Z,1414196,1413929,1417132,1362122,1410706,3223,0.23,1285999,6526275700,0.97,1.08,0.00,0,632355,653645,836306208000,762653184000,-36330624,933832512,915224416,18608096,1812090256,1867028976,-54938720,2102408832,2015590320,86818512,1594334560,1644822448,-50487888,-0.56,0.29,-0.84,1.33,-0.77,0,3,1,2,0,0,0,10.94,0.00,0.00,0.00,,0.00,,0.00,EastMoney,2026-07-01T17:53:41+08:00
BK1451,2026-07-01T00:00:00Z,794702,802869,812232,792730,801840,1029,0.13,471517,550146175,1.62,0.86,0.00,0,235927,235590,32999062000,30360931000,-35722166,16680590,32748773,-16068183,82462969,102116952,-19653983,168781309,179991111,-11209802,275248016,228316047,46931969,-6.49,-2.92,-3.57,-2.04,8.53,0,6,4,2,0,0,0,32.90,0.00,0.00,0.00,,0.00,,0.00,EastMoney,2026-07-01T17:53:41+08:00
BK1452,2026-07-01T00:00:00Z,127661,127114,129804,125064,125445,1669,1.33,655083,488657413,3.53,2.93,0.00,0,314549,340535,14194600000,13634626000,-4608751,19241320,14681046,4560274,88926344,98095369,-9169025,157522426,157521313,1113,207973691,203366053,4607638,-0.94,0.93,-1.88,0.00,0.94,0,3,3,0,0,0,0,24.25,0.00,0.00,0.00,,0.00,,0.00,EastMoney,2026-07-01T17:53:41+08:00
BK1453,2026-07-01T00:00:00Z,457749,453824,464028,449052,457831,-4007,-0.88,2414308,2418841783,2.28,1.03,0.00,0,1123985,1290322,117465160000,117268349000,83051196,343949376,229852292,114097084,529705536,560751424,-31045888,725722128,748317296,-22595168,785979312,846435328,-60456016,3.43,4.72,-1.28,-0.93,-2.50,0,4,2,2,0,0,0,26.99,0.00,0.00,0.00,,0.00,,0.00,EastMoney,2026-07-01T17:53:41+08:00
BK1454,2026-07-01T00:00:00Z,279353,281770,286384,277082,279234,2536,0.91,1366657,1657769707,4.00,1.43,0.00,0,659468,707189,46700675000,43837345000,36102493,161360854,144197033,17163821,372249216,353310544,18938672,489121360,504280288,-15158928,610246320,631189888,-20943568,2.18,1.04,1.14,-0.91,-1.26,0,6,4,2,0,0,0,94.26,0.00,0.00,0.00,,0.00,,0.00,EastMoney,2026-07-01T17:53:41+08:00
BK1455,2026-07-01T00:00:00Z,515915,525423,527921,513747,513118,12305,2.40,6701993,16055536109,3.94,1.09,0.00,0,3311364,3390628,410862784000,354428160000,447479088,1840068336,1696401360,143666976,4025117328,3721305216,303812112,5140678656,5164727296,-24048640,4634519808,4989302528,-354782720,2.79,0.89,1.89,-0.15,-2.21,0,36,28,8,0,0,0,43.78,0.00,0.00,0.00,,0.00,,0.00,EastMoney,2026-07-01T17:53:41+08:00
BK1456,2026-07-01T00:00:00Z,104202,107185,108172,103673,103951,3234,3.11,251298,145345655,1.74,0.95,0.00,0,135614,115684,9403742000,8573488000,-5010599,1373931,1422796,-48865,18643483,23605217,-4961734,48860996,54350991,-5489995,74783916,64283322,10500594,-3.45,-0.03,-3.41,-3.78,7.22,0,3,3,0,0,0,0,49.97,0.00,0.00,0.00,,0.00,,0.00,EastMoney,2026-07-01T17:53:41+08:00
BK1457,2026-07-01T00:00:00Z,198191,203783,204855,197956,197995,5788,2.92,449625,601396611,0.83,0.85,0.00,0,248875,200750,71653357000,68704951000,-1362074,35757234,35355228,402006,90115538,91879618,-1764080,179213988,180553719,-1339731,285987328,282103280,3884048,-0.23,0.07,-0.29,-0.22,0.65,0,11,9,1,1,0,0,21.18,0.00,0.00,0.00,,0.00,,0.00,EastMoney,2026-07-01T17:53:41+08:00
BK1458,2026-07-01T00:00:00Z,72198,74955,75774,71262,72221,2734,3.79,99327,210417953,1.49,1.03,0.00,0,54619,44707,18558809000,17813151000,-2856989,2822801,7454243,-4631442,28062009,26287556,1774453,65099671,55699641,9400030,87787044,78574341,9212703,-1.36,-2.20,0.84,4.47,4.38,0,4,3,1,0,0,0,39.45,0.00,0.00,0.00,,0.00,,0.00,EastMoney,2026-07-01T17:53:41+08:00
BK1459,2026-07-01T00:00:00Z,191903,196320,197370,190504,191110,5210,2.73,467508,1349765091,1.36,1.02,0.00,0,232593,234915,96415512000,93818186000,55745055,103281065,82787434,20493631,310792656,275541232,35251424,438284688,459303312,-21018624,484222576,518949008,-34726432,4.13,1.52,2.61,-1.56,-2.57,0,8,7,1,0,0,0,23.70,0.00,0.00,0.00,,0.00,,0.00,EastMoney,2026-07-01T17:53:41+08:00
BK1460,2026-07-01T00:00:00Z,292301,291549,293651,289256,292819,-1270,-0.43,2840891,2390700790,3.43,1.44,0.00,0,1449269,1391623,95714753000,68742296000,-132407983,203854424,262707399,-58852975,597717664,671272672,-73555008,728264320,725001472,3262848,759003072,635025392,123977680,-5.54,-2.46,-3.08,0.14,5.19,0,15,7,7,1,0,0,78.11,0.00,0.00,0.00,,0.00,,0.00,EastMoney,2026-07-01T17:53:41+08:00
BK1461,2026-07-01T00:00:00Z,212327,210861,212796,207243,215570,-4709,-2.18,7304781,4884827295,6.84,1.11,0.00,0,3393090,3911691,69123520000,61009830000,-173000320,420650192,635438704,-214788512,1170354032,1128565840,41788192,1542400960,1540762544,1638416,1568600624,1397238720,171361904,-3.54,-4.40,0.86,0.03,3.51,0,9,1,8,0,0,0,-41.72,0.00,0.00,0.00,,0.00,,0.00,EastMoney,2026-07-01T17:53:41+08:00
BK1462,2026-07-01T00:00:00Z,2372465,2297873,2373738,2271280,2354228,-56355,-2.39,5785486,32387882365,6.01,0.85,0.00,0,2802302,2983185,900772176000,751182560000,-975988224,5301327104,5757473280,-456146176,8199511040,8719353088,-519842048,9715649280,9640878336,74770944,8602734080,7701516288,901217792,-3.01,-1.41,-1.61,0.23,2.78,0,8,2,6,0,0,0,116.34,0.00,0.00,0.00,,0.00,,0.00,EastMoney,2026-07-01T17:53:41+08:00
BK1463,2026-07-01T00:00:00Z,194312,196624,199643,192627,195198,1426,0.73,1244541,725033536,2.33,0.91,0.00,0,616311,628231,28798651000,28317211000,-26433206,17306369,35385199,-18078830,130801524,139155900,-8354376,227228552,221362365,5866187,335767888,315200864,20567024,-3.65,-2.49,-1.15,0.81,2.84,0,9,7,2,0,0,0,-27.14,0.00,0.00,0.00,,0.00,,0.00,EastMoney,2026-07-01T17:53:41+08:00
BK1464,2026-07-01T00:00:00Z,191325,195733,197476,190415,191667,4066,2.12,3220331,3076475400,1.04,1.12,0.00,0,1768725,1451606,237429437000,199313766000,2708337,267156095,253392894,13763201,714540432,725595296,-11054864,968925264,1029657792,-60732528,1092127888,1034103664,58024224,0.09,0.45,-0.36,-1.97,1.89,0,14,13,1,0,0,0,63.70,0.00,0.00,0.00,,0.00,,0.00,EastMoney,2026-07-01T17:53:41+08:00
BK1465,2026-07-01T00:00:00Z,802398,856589,879416,785742,803288,53301,6.64,1294532,1421793908,4.16,1.03,0.00,0,697593,596939,43676416000,35169494000,75664076,125153741,82558273,42595468,313918176,280849568,33068608,439366880,438506336,860544,528646304,605170944,-76524640,5.32,3.00,2.33,0.06,-5.38,0,3,3,0,0,0,0,-270.80,0.00,0.00,0.00,,0.00,,0.00,EastMoney,2026-07-01T17:53:41+08:00
BK1466,2026-07-01T00:00:00Z,179198,184624,184900,179198,179597,5027,2.80,837094,751715983,1.62,1.04,0.00,0,462898,374196,33815328000,30552019000,15351829,40478055,32840211,7637844,162045587,154331602,7713985,270944384,275651632,-4707248,266431295,277075872,-10644577,2.04,1.02,1.03,-0.63,-1.42,0,7,6,1,0,0,0,87.51,0.00,0.00,0.00,,0.00,,0.00,EastMoney,2026-07-01T17:53:41+08:00
BK1467,2026-07-01T00:00:00Z,204327,206472,207175,202103,204496,1976,0.97,1669996,1017045225,3.97,0.85,0.00,0,810348,859648,35105777000,30430584000,7448025,56980930,35206099,21774831,237828425,252155231,-14326806,331970544,335165536,-3194992,324400064,326130672,-1730608,0.73,2.14,-1.41,-0.31,-0.17,0,9,7,2,0,0,0,73.91,0.00,0.00,0.00,,0.00,,0.00,EastMoney,2026-07-01T17:53:41+08:00
BK1468,2026-07-01T00:00:00Z,467223,470601,475991,461698,466821,3780,0.81,1679222,2238574644,2.29,1.00,0.00,0,850241,828981,119388589000,105582644000,-13841655,109320858,140551441,-31230583,528951648,511562720,17388928,738533984,688705856,49828128,835736544,871723008,-35986464,-0.62,-1.40,0.78,2.23,-1.61,0,17,12,5,0,0,0,39.87,0.00,0.00,0.00,,0.00,,0.00,EastMoney,2026-07-01T17:53:41+08:00
BK1469,2026-07-01T00:00:00Z,86682,90421,91365,86138,87481,2940,3.36,168740,217245953,1.28,0.93,0.00,0,93344,75396,23878240000,23878240000,-14938,9251606,10278021,-1026415,38086008,37074531,1011477,67745369,71846030,-4100661,101052362,96936762,4115600,-0.01,-0.47,0.47,-1.89,1.89,0,2,2,0,0,0,0,-39.19,0.00,0.00,0.00,,0.00,,0.00,EastMoney,2026-07-01T17:53:41+08:00
BK1470,2026-07-01T00:00:00Z,164266,168325,169677,164223,164096,4229,2.58,4667058,2108919026,0.78,0.99,0.00,0,2789719,1877339,250565971000,239386672000,29399872,358082176,334615344,23466832,511035152,505102112,5933040,589102336,638307872,-49205536,618267088,598461424,19805664,1.39,1.11,0.28,-2.33,0.94,0,8,8,0,0,0,0,6.97,0.00,0.00,0.00,,0.00,,0.00,EastMoney,2026-07-01T17:53:41+08:00
BK1471,2026-07-01T00:00:00Z,76217,78043,78459,76035,76199,1844,2.42,6902025,17367846457,4.63,1.17,0.00,0,3408075,3493951,243685758000,216180661000,665145712,3810503760,2857085776,953417984,3861300480,4149572752,-288272272,4535302912,5068111616,-532808704,4878533632,4996503296,-117969664,3.83,5.49,-1.66,-3.07,-0.68,0,47,42,5,0,0,0,57.99,0.00,0.00,0.00,,0.00,,0.00,EastMoney,2026-07-01T17:53:41+08:00
BK1472,2026-07-01T00:00:00Z,189766,193681,194889,189040,189498,4183,2.21,12155883,5693700411,0.99,1.11,0.00,0,6474944,5680939,710079296000,591635168000,338947088,826013936,574149760,251864176,1306937648,1219854736,87082912,1688540656,1882445664,-193905008,1758165872,1900416160,-142250288,5.95,4.42,1.53,-3.41,-2.50,0,27,26,1,0,0,0,8.41,0.00,0.00,0.00,,0.00,,0.00,EastMoney,2026-07-01T17:53:41+08:00
BK1473,2026-07-01T00:00:00Z,326219,336960,341378,326183,325123,11837,3.64,5285379,2588715475,3.98,1.08,0.00,0,2926035,2359344,53752021000,48466580000,202264596,322738512,161930092,160808420,619280016,577823840,41456176,748752704,855779184,-107026480,850982224,946220336,-95238112,7.81,6.21,1.60,-4.13,-3.68,0,18,15,2,1,0,0,-6.17,0.00,0.00,0.00,,0.00,,0.00,EastMoney,2026-07-01T17:53:41+08:00
BK1474,2026-07-01T00:00:00Z,251692,254836,258900,249691,251966,2870,1.14,1792856,920907871,1.93,1.14,0.00,0,904787,888069,56311741000,46002141000,-37784484,18430257,38308414,-19878157,164499336,182405663,-17906327,303928224,294704320,9223904,424057136,394278960,29778176,-4.10,-2.16,-1.94,1.00,3.23,0,10,6,4,0,0,0,53.70,0.00,0.00,0.00,,0.00,,0.00,EastMoney,2026-07-01T17:53:41+08:00
BK1475,2026-07-01T00:00:00Z,251408,255049,257731,247402,253745,1304,0.51,1387523,1297755475,2.22,0.90,0.00,0,643625,743898,51327145000,49491269000,22357016,52445169,61031897,-8586728,319236768,288293024,30943744,456007136,472252864,-16245728,448565120,454676384,-6111264,1.72,-0.66,2.38,-1.25,-0.47,0,4,3,1,0,0,0,12.80,0.00,0.00,0.00,,0.00,,0.00,EastMoney,2026-07-01T17:53:41+08:00
BK1476,2026-07-01T00:00:00Z,242641,245352,246518,240620,242752,2600,1.07,2060638,1848991942,2.50,1.08,0.00,0,1110048,950590,70751624000,69437202000,37838236,281558816,243017284,38541532,454598016,455301312,-703296,550096752,586070416,-35973664,539603408,541467984,-1864576,2.05,2.08,-0.04,-1.95,-0.10,0,6,4,2,0,0,0,9.55,0.00,0.00,0.00,,0.00,,0.00,EastMoney,2026-07-01T17:53:41+08:00
BK1477,2026-07-01T00:00:00Z,382623,391363,396317,381268,382235,9128,2.39,5993157,11439238800,1.94,0.97,0.00,0,3146932,2846225,281671280000,268082916000,-44145376,1544330144,1421116224,123213920,2598827888,2766187184,-167359296,3354389856,3681271792,-326881936,3713533264,3341034864,372498400,-0.39,1.08,-1.46,-2.86,3.26,0,20,15,4,1,0,0,116.67,0.00,0.00,0.00,,0.00,,0.00,EastMoney,2026-07-01T17:53:41+08:00
BK1478,2026-07-01T00:00:00Z,86550,88048,88530,86335,85724,2324,2.71,4787747,3026414246,2.84,0.82,0.00,0,2535819,2251928,111403841000,97520978000,-49023048,214766639,201059015,13707624,620504592,683235264,-62730672,945596368,962097216,-16500848,1193107664,1127583760,65523904,-1.62,0.45,-2.07,-0.55,2.17,0,22,16,5,1,0,0,-84.41,0.00,0.00,0.00,,0.00,,0.00,EastMoney,2026-07-01T17:53:41+08:00
BK1479,2026-07-01T00:00:00Z,136146,140385,140493,135276,136578,3807,2.79,9752379,4352123751,1.08,0.93,0.00,0,5834660,3917719,461606000000,361659600000,109656688,678395136,608107216,70287920,1093141232,1053772464,39368768,1270084416,1322213280,-52128864,1259539024,1317066848,-57527824,2.52,1.62,0.90,-1.20,-1.32,0,9,9,0,0,0,0,32.40,0.00,0.00,0.00,,0.00,,0.00,EastMoney,2026-07-01T17:53:41+08:00
BK1480,2026-07-01T00:00:00Z,168242,171898,172807,167548,168260,3638,2.16,1555259,848660964,0.97,1.05,0.00,0,919018,636240,128299912000,110082929000,-29500617,59152790,56774205,2378585,163193140,195072342,-31879202,237137435,262540233,-25402798,381199520,326296096,54903424,-3.48,0.28,-3.76,-2.99,6.47,0,5,5,0,0,0,0,26.31,0.00,0.00,0.00,,0.00,,0.00,EastMoney,2026-07-01T17:53:41+08:00
BK1481,2026-07-01T00:00:00Z,142573,145100,145624,142021,142702,2398,1.68,4926386,2054410602,0.48,1.07,0.00,0,2730716,2195670,466408064000,427760032000,21665043,185217046,176738051,8478995,465976832,452790784,13186048,650145904,628805248,21340656,729287040,772292752,-43005712,1.05,0.41,0.64,1.04,-2.09,0,17,16,1,0,0,0,11.85,0.00,0.00,0.00,,0.00,,0.00,EastMoney,2026-07-01T17:53:41+08:00
BK1482,2026-07-01T00:00:00Z,141261,144868,146335,141261,141904,2964,2.09,10161350,8805164524,1.76,0.95,0.00,0,5050718,5110632,623413312000,524769840000,-387354720,1067883904,1424377984,-356494080,2102784240,2133644880,-30860640,2681225600,2633023472,48202128,2807258960,2464404560,342854400,-4.40,-4.05,-0.35,0.55,3.89,0,20,17,3,0,0,0,12.44,0.00,0.00,0.00,,0.00,,0.00,EastMoney,2026-07-01T17:53:41+08:00
BK1483,2026-07-01T00:00:00Z,247290,251377,252569,246554,247525,3852,1.56,2077290,1103342353,0.49,1.04,0.00,0,1108300,968989,348384064000,306150336000,2411507,34881750,28231304,6650446,161211483,165450422,-4238939,343438784,373794384,-30355600,551414080,523469984,27944096,0.22,0.60,-0.38,-2.75,2.53,0,21,19,2,0,0,0,13.83,0.00,0.00,0.00,,0.00,,0.00,EastMoney,2026-07-01T17:53:41+08:00
BK1484,2026-07-01T00:00:00Z,134135,137049,138242,133919,134362,2687,2.00,589095,355985397,1.37,0.96,0.00,0,313890,275206,26125282000,22863895000,-9372739,13163648,18072947,-4909299,50508161,54971601,-4463440,107538216,132681620,-25143404,179570931,145054789,34516142,-2.63,-1.38,-1.25,-7.06,9.70,0,8,7,0,1,0,0,101.63,0.00,0.00,0.00,,0.00,,0.00,EastMoney,2026-07-01T17:53:41+08:00
BK1485,2026-07-01T00:00:00Z,131557,133734,134634,131318,131752,1982,1.50,3163584,1434516543,0.39,0.83,0.00,0,1567857,1595727,364087216000,360031648000,-38498027,187224981,284916592,-97691611,353652128,294458544,59193584,440989856,419727296,21262560,437142896,419907424,17235472,-2.68,-6.81,4.13,1.48,1.20,0,7,6,1,0,0,0,16.71,0.00,0.00,0.00,,0.00,,0.00,EastMoney,2026-07-01T17:53:41+08:00
BK1486,2026-07-01T00:00:00Z,395107,412547,413947,395107,390987,21560,5.51,1153216,1170189707,2.48,1.48,0.00,0,595018,558197,35046304000,34762562000,94054760,110726541,67657887,43068654,260952815,209966709,50986106,353999552,388299872,-34300320,424429344,484183792,-59754448,8.04,3.68,4.36,-2.93,-5.11,0,6,6,0,0,0,0,49.51,0.00,0.00,0.00,,0.00,,0.00,EastMoney,2026-07-01T17:53:41+08:00
BK1487,2026-07-01T00:00:00Z,403584,413266,418008,403476,401525,11741,2.92,614039,352088020,1.47,1.35,0.00,0,336498,277541,24170103000,24079676000,-14669322,5478821,15178664,-9699843,62082931,67052410,-4969479,102611962,103329438,-717476,177264283,161877484,15386799,-4.17,-2.75,-1.41,-0.20,4.37,0,5,5,0,0,0,0,-200.94,0.00,0.00,0.00,,0.00,,0.00,EastMoney,2026-07-01T17:53:41+08:00
BK1488,2026-07-01T00:00:00Z,142060,147817,148745,142060,141905,5912,4.17,1428657,1210799866,1.14,1.48,0.00,0,801316,627341,156019523000,86486571000,-25034638,57653482,59593962,-1940480,227167978,250262136,-23094158,427601040,417161440,10439600,480450064,462673760,17776304,-2.07,-0.16,-1.91,0.86,1.47,0,13,13,0,0,0,0,13.59,0.00,0.00,0.00,,0.00,,0.00,EastMoney,2026-07-01T17:53:41+08:00
BK1489,2026-07-01T00:00:00Z,539940,537641,541410,525897,498691,38950,7.81,2009145,2960085869,1.61,2.00,0.00,0,896370,1112775,273332432000,255737013000,410620864,824516624,408904016,415612608,679971200,684962944,-4991744,672072016,859566128,-187494112,692854976,915981728,-223126752,13.87,14.04,-0.17,-6.33,-7.54,0,4,4,0,0,0,0,14.25,0.00,0.00,0.00,,0.00,,0.00,EastMoney,2026-07-01T17:53:41+08:00
BK1490,2026-07-01T00:00:00Z,254988,258978,260573,253747,254088,4890,1.92,2043358,1067102788,1.22,1.35,0.00,0,867695,1175663,100590240000,95299098000,25326090,63935358,44838177,19097181,218585938,212357029,6228909,316289792,342426016,-26136224,451536560,450726432,810128,2.37,1.79,0.58,-2.45,0.08,0,12,10,1,1,0,0,-12.53,0.00,0.00,0.00,,0.00,,0.00,EastMoney,2026-07-01T17:53:41+08:00
BK1491,2026-07-01T00:00:00Z,152796,160779,162327,152796,150452,10327,6.86,1439808,2018312733,5.91,1.93,0.00,0,763726,676083,23121820000,19020238000,-61516080,373056320,471823392,-98767072,487042448,449791456,37250992,487715456,538405280,-50689824,628084832,515878960,112205872,-3.05,-4.89,1.85,-2.51,5.56,0,7,7,0,0,0,0,61.81,0.00,0.00,0.00,,0.00,,0.00,EastMoney,2026-07-01T17:53:41+08:00
BK1492,2026-07-01T00:00:00Z,66339,68712,69451,65646,66566,2146,3.22,2802796,859256490,1.92,1.12,0.00,0,1645538,1157258,48881639000,48852341000,-12435021,53488675,79413425,-25924750,180165603,166675874,13489729,252975793,258186242,-5210449,365558512,347913056,17645456,-1.45,-3.02,1.57,-0.61,2.05,0,7,7,0,0,0,0,-13.98,0.00,0.00,0.00,,0.00,,0.00,EastMoney,2026-07-01T17:53:41+08:00
BK1493,2026-07-01T00:00:00Z,206104,211787,214598,205140,206417,5370,2.60,7184122,7863122627,0.99,0.98,0.00,0,3966434,3217688,1744016144000,1343129744000,261944512,648425664,570500064,77925600,1770677088,1586658176,184018912,2597067632,2497481440,99586192,2773134096,3134664816,-361530720,3.33,0.99,2.34,1.27,-4.60,0,17,15,2,0,0,0,15.71,0.00,0.00,0.00,,0.00,,0.00,EastMoney,2026-07-01T17:53:41+08:00
BK1494,2026-07-01T00:00:00Z,102601,105999,107121,102035,102740,3259,3.17,3194235,2230449853,1.29,1.00,0.00,0,1736994,1457241,189782462000,189329767000,83599135,105689888,62501169,43188719,412280176,371869760,40410416,757980032,726649040,31330992,937622608,1052552736,-114930128,3.75,1.94,1.81,1.40,-5.15,0,10,10,0,0,0,0,49.80,0.00,0.00,0.00,,0.00,,0.00,EastMoney,2026-07-01T17:53:41+08:00
BK1495,2026-07-01T00:00:00Z,107480,109840,110774,106403,107713,2127,1.97,530660,739108137,1.65,0.96,0.00,0,283002,247658,51175940000,46002774000,16458915,21328361,15321508,6006853,103808197,93356135,10452062,222638348,261810781,-39172433,378710432,355996912,22713520,2.23,0.81,1.41,-5.30,3.07,0,9,8,1,0,0,0,25.54,0.00,0.00,0.00,,0.00,,0.00,EastMoney,2026-07-01T17:53:41+08:00
BK1496,2026-07-01T00:00:00Z,49705,50910,51325,49256,49650,1260,2.54,143055,166203013,1.56,0.98,0.00,0,82049,61007,17265622000,11292828000,-11753583,0,0,0,14347012,26100595,-11753583,47413438,51747342,-4333904,102004325,85916837,16087488,-7.07,0.00,-7.07,-2.61,9.68,0,4,4,0,0,0,0,27.83,0.00,0.00,0.00,,0.00,,0.00,EastMoney,2026-07-01T17:53:41+08:00
BK1497,2026-07-01T00:00:00Z,222034,230781,232393,221519,221882,8899,4.01,521694,545657800,2.09,1.21,0.00,0,272126,249569,26429331000,24181589000,-12859938,14911612,22978147,-8066535,114055945,118849348,-4793403,166921282,163591258,3330024,240017297,225671766,14345531,-2.36,-1.48,-0.88,0.61,2.63,0,7,7,0,0,0,0,60.63,0.00,0.00,0.00,,0.00,,0.00,EastMoney,2026-07-01T17:53:41+08:00
BK1498,2026-07-01T00:00:00Z,134736,138863,140904,134634,135106,3757,2.78,739268,1678321746,2.07,1.15,0.00,0,372230,367038,90453130000,77743131000,56384902,63060942,82743258,-19682316,337813280,261746062,76067218,572695952,632876784,-60180832,678491072,674695136,3795936,3.36,-1.17,4.53,-3.59,0.23,0,8,8,0,0,0,0,27.38,0.00,0.00,0.00,,0.00,,0.00,EastMoney,2026-07-01T17:53:41+08:00
BK1499,2026-07-01T00:00:00Z,59531,60473,60662,58589,58966,1507,2.56,61051,19407022,0.66,0.71,0.00,0,30094,30957,5737851000,2970111000,-954613,0,1773371,-1773371,6245705,5426947,818758,8626399,7047457,1578942,4064313,4688642,-624329,-4.92,-9.14,4.22,8.14,-3.22,0,1,1,0,0,0,0,-9.27,0.00,0.00,0.00,,0.00,,0.00,EastMoney,2026-07-01T17:53:41+08:00
BK1500,2026-07-01T00:00:00Z,132744,136312,137030,130210,133087,3225,2.42,97341,725205806,1.31,1.14,0.00,0,49488,47854,59625839000,43130760000,27008032,28627632,39149002,-10521370,170596404,133067002,37529402,225113184,236058535,-10945351,214680055,228079499,-13399444,3.72,-1.45,5.18,-1.51,-1.85,0,3,3,0,0,0,0,29.45,0.00,0.00,0.00,,0.00,,0.00,EastMoney,2026-07-01T17:53:41+08:00
BK1501,2026-07-01T00:00:00Z,396924,423370,425128,394386,397764,25606,6.44,941653,986527643,1.87,1.38,0.00,0,519960,421692,55035459000,50030732000,45798700,87071391,41701795,45369596,198587474,198158370,429104,281752112,297740288,-15988176,363935392,338984608,24950784,4.64,4.60,0.04,-1.62,2.53,0,12,12,0,0,0,0,39.57,0.00,0.00,0.00,,0.00,,0.00,EastMoney,2026-07-01T17:53:41+08:00
BK1502,2026-07-01T00:00:00Z,412029,425384,430463,410887,408536,16848,4.12,1589488,1131636900,6.14,1.49,0.00,0,895238,694250,20328569000,20049887000,43490526,94622922,66393727,28229195,221290420,206029089,15261331,338504336,353646272,-15141936,457134288,485482864,-28348576,3.84,2.49,1.35,-1.34,-2.51,0,4,4,0,0,0,0,-47.33,0.00,0.00,0.00,,0.00,,0.00,EastMoney,2026-07-01T17:53:41+08:00
BK1503,2026-07-01T00:00:00Z,266945,288338,293354,264665,268884,19454,7.24,1023003,1532029777,3.63,1.58,0.00,0,545226,477777,42267539000,38001952000,70367670,175616791,115456833,60159958,347797952,337590240,10207712,480376512,518733776,-38357264,462049216,487834576,-25785360,4.59,3.93,0.67,-2.50,-1.68,0,6,5,1,0,0,0,58.46,0.00,0.00,0.00,,0.00,,0.00,EastMoney,2026-07-01T17:53:41+08:00
BK1504,2026-07-01T00:00:00Z,121348,124282,125144,121348,121439,2843,2.34,563889,639469977,1.94,1.29,0.00,0,321521,242367,152481634000,28131436000,-28741065,22623886,30003919,-7380033,114531180,135892212,-21361032,189489276,229808349,-40319073,306935216,237875082,69060134,-4.49,-1.15,-3.34,-6.31,10.80,0,9,8,1,0,0,0,38.10,0.00,0.00,0.00,,0.00,,0.00,EastMoney,2026-07-01T17:53:41+08:00
BK1505,2026-07-01T00:00:00Z,211812,219666,222211,211748,211570,8096,3.83,1801913,1733365378,2.33,1.42,0.00,0,942879,859035,66545940000,63132473000,31395500,143075928,97045260,46030668,376760592,391395760,-14635168,514493712,562732448,-48238736,628364736,597276880,31087856,1.81,2.66,-0.84,-2.78,1.79,0,12,11,1,0,0,0,46.09,0.00,0.00,0.00,,0.00,,0.00,EastMoney,2026-07-01T17:53:41+08:00
BK1506,2026-07-01T00:00:00Z,204404,208851,210296,202148,204619,4232,2.07,386742,163955716,1.97,1.19,0.00,0,184963,201779,9568192000,8459553000,-13916869,3554503,2233466,1321037,24931207,40169113,-15237906,56303252,48898599,7404653,71684979,61601143,10083836,-8.49,0.81,-9.29,4.52,6.15,0,3,2,0,1,0,0,48.59,0.00,0.00,0.00,,0.00,,0.00,EastMoney,2026-07-01T17:53:41+08:00
BK1507,2026-07-01T00:00:00Z,143136,147445,148986,142596,143139,4306,3.01,173495,447006469,2.29,1.07,0.00,0,89527,83968,29935912000,19454127000,2717857,22536966,18018662,4518304,87934620,89735067,-1800447,147801890,149944371,-2142481,178856638,178771639,84999,0.61,1.01,-0.40,-0.48,0.02,0,4,4,0,0,0,0,27.33,0.00,0.00,0.00,,0.00,,0.00,EastMoney,2026-07-01T17:53:41+08:00
BK1508,2026-07-01T00:00:00Z,162469,173384,175257,162452,162705,10679,6.56,3837399,1449849271,3.58,1.80,0.00,0,2251089,1586310,49422413000,44705911000,166142307,184674456,76909493,107764963,362194832,303817488,58377344,386440224,472876688,-86436464,504750464,584456304,-79705840,11.46,7.43,4.03,-5.96,-5.50,0,9,9,0,0,0,0,-14.60,0.00,0.00,0.00,,0.00,,0.00,EastMoney,2026-07-01T17:53:41+08:00
BK1509,2026-07-01T00:00:00Z,564717,589061,591825,564239,566498,22563,3.98,610886,954678545,1.92,1.15,0.00,0,324209,286678,89282935000,89144014000,-11097405,104369705,114887933,-10518228,188319754,188898931,-579177,298899792,330183072,-31283280,353524816,311144112,42380704,-1.16,-1.10,-0.06,-3.28,4.44,0,4,3,1,0,0,0,23.71,0.00,0.00,0.00,,0.00,,0.00,EastMoney,2026-07-01T17:53:41+08:00
BK1510,2026-07-01T00:00:00Z,70098,73866,74606,70056,69977,3889,5.56,568067,159706860,1.81,1.46,0.00,0,344483,223584,7883021000,7524759000,6820863,5224529,2053729,3170800,36417461,32767398,3650063,52360813,66716444,-14355631,64175405,56640637,7534768,4.27,1.99,2.29,-8.99,4.72,0,3,3,0,0,0,0,-295.63,0.00,0.00,0.00,,0.00,,0.00,EastMoney,2026-07-01T17:53:41+08:00
BK1511,2026-07-01T00:00:00Z,289226,300198,305485,285123,279103,21095,7.56,1899549,2013132301,4.19,2.52,0.00,0,980481,919068,63455186000,52395382000,54037691,260002407,214520636,45481771,389066176,380510256,8555920,606315680,633061296,-26745616,668446656,695738720,-27292064,2.68,2.26,0.43,-1.33,-1.36,0,8,8,0,0,0,0,30.36,0.00,0.00,0.00,,0.00,,0.00,EastMoney,2026-07-01T17:53:41+08:00
BK1512,2026-07-01T00:00:00Z,354847,376604,381720,352443,353968,22636,6.39,7980221,8624164685,2.83,1.54,0.00,0,4616710,3363512,414773008000,326509760000,1016281008,1636150672,914432992,721717680,2293957872,1999394544,294563328,2504371328,2859198896,-354827568,2083671312,2745124736,-661453424,11.78,8.37,3.42,-4.11,-7.67,0,11,11,0,0,0,0,151.30,0.00,0.00,0.00,,0.00,,0.00,EastMoney,2026-07-01T17:53:41+08:00
BK1513,2026-07-01T00:00:00Z,96277,97955,98590,95168,96182,1773,1.84,127721,94942349,1.71,1.27,0.00,0,74843,52878,5026209000,4817092000,64537,0,0,0,9395420,9330883,64537,25756519,32267800,-6511281,58667326,52220582,6446744,0.07,0.00,0.07,-6.86,6.79,0,3,2,1,0,0,0,43.73,0.00,0.00,0.00,,0.00,,0.00,EastMoney,2026-07-01T17:53:41+08:00
BK1514,2026-07-01T00:00:00Z,53251,55407,56270,53153,53173,2234,4.20,1202539,330838650,3.20,1.60,0.00,0,719822,482717,10235357000,10174187000,-6065245,11882989,5985062,5897927,65333284,77296456,-11963172,94377293,116303423,-21926130,155985197,127993822,27991375,-1.83,1.78,-3.62,-6.63,8.46,0,4,4,0,0,0,0,-6.39,0.00,0.00,0.00,,0.00,,0.00,EastMoney,2026-07-01T17:53:41+08:00
BK1515,2026-07-01T00:00:00Z,80383,82091,82834,79723,80420,1671,2.08,379120,384912912,1.20,0.59,0.00,0,205473,173647,30177069000,30177069000,-22784767,12429161,26069184,-13640023,80953257,90098001,-9144744,112144018,128933745,-16789727,175197563,135623069,39574494,-5.92,-3.54,-2.38,-4.36,10.28,0,2,2,0,0,0,0,17.51,0.00,0.00,0.00,,0.00,,0.00,EastMoney,2026-07-01T17:53:41+08:00
BK1516,2026-07-01T00:00:00Z,77484,80292,81072,77154,77308,2984,3.86,2610862,1107354889,3.35,1.06,0.00,0,1442473,1168389,36762924000,36762924000,16555859,68046520,74317275,-6270755,239129798,216303184,22826614,349556224,361346144,-11789920,435068416,439834352,-4765936,1.50,-0.57,2.06,-1.06,-0.43,0,5,5,0,0,0,0,-192.10,0.00,0.00,0.00,,0.00,,0.00,EastMoney,2026-07-01T17:53:41+08:00
BK1517,2026-07-01T00:00:00Z,127185,132996,134425,126789,126397,6599,5.22,623825,537366456,4.89,1.70,0.00,0,325876,297949,12705559000,11459979000,36027898,27880997,16352872,11528125,90286690,65786917,24499773,151238128,167459328,-16221200,262464688,282271392,-19806704,6.70,2.15,4.56,-3.02,-3.69,0,4,4,0,0,0,0,14.24,0.00,0.00,0.00,,0.00,,0.00,EastMoney,2026-07-01T17:53:41+08:00
BK1518,2026-07-01T00:00:00Z,324119,335542,339176,323507,325286,10256,3.15,2063904,1168869528,3.07,1.58,0.00,0,1126277,937627,46650268000,42417217000,4050047,53384185,57824774,-4440589,231597731,223107095,8490636,368524512,390291712,-21767200,454964016,418074592,36889424,0.35,-0.38,0.73,-1.86,3.16,0,10,9,1,0,0,0,174.45,0.00,0.00,0.00,,0.00,,0.00,EastMoney,2026-07-01T17:53:41+08:00
BK1519,2026-07-01T00:00:00Z,442264,443945,448915,435719,442410,1535,0.35,1508875,5926149368,1.42,0.95,0.00,0,740869,768006,872923584000,403508656000,212578176,959416336,780115872,179300464,1499284896,1466007184,33277712,1829475024,2032490240,-203015216,1576300896,1585863856,-9562960,3.59,3.03,0.56,-3.43,-0.16,0,3,1,1,1,0,0,30.07,0.00,0.00,0.00,,0.00,,0.00,EastMoney,2026-07-01T17:53:41+08:00
BK1520,2026-07-01T00:00:00Z,236333,238178,239592,233713,235945,2233,0.95,2501542,1811952937,0.68,0.90,0.00,0,1263202,1238340,371533136000,314695168000,-60670980,139073550,166478610,-27405060,378751200,412017120,-33265920,569616848,567443104,2173744,701923600,643426368,58497232,-3.35,-1.51,-1.84,0.12,3.23,0,6,5,1,0,0,0,27.76,0.00,0.00,0.00,,0.00,,0.00,EastMoney,2026-07-01T17:53:41+08:00
BK1521,2026-07-01T00:00:00Z,308226,316697,317542,307905,308869,7828,2.53,969805,1890172171,1.23,1.19,0.00,0,521879,447927,146040880000,128494576000,-53108895,105088574,104262765,825809,373914768,427849472,-53934704,617581904,703083936,-85502032,772815312,633133088,139682224,-2.81,0.04,-2.85,-4.52,7.39,0,9,6,3,0,0,0,28.05,0.00,0.00,0.00,,0.00,,0.00,EastMoney,2026-07-01T17:53:41+08:00
BK1522,2026-07-01T00:00:00Z,172894,176027,177481,172553,173405,2622,1.51,566971,1302803459,1.88,0.89,0.00,0,294005,272966,65783667000,53635753000,-10484269,118486856,95547877,22938979,283853008,317276256,-33423248,451382496,423883088,27499408,439798048,456813200,-17015152,-0.80,1.76,-2.57,2.11,-1.31,0,10,8,1,1,0,0,20.27,0.00,0.00,0.00,,0.00,,0.00,EastMoney,2026-07-01T17:53:41+08:00
BK1523,2026-07-01T00:00:00Z,123558,126991,128365,122739,123344,3647,2.96,605530,190652402,1.25,1.23,0.00,0,373655,231875,17372950000,16522389000,480533,3705689,5176495,-1470806,35437311,33485972,1951339,59342609,64441913,-5099304,85207612,76071889,9135723,0.25,-0.77,1.02,-2.67,4.79,0,6,6,0,0,0,0,82.46,0.00,0.00,0.00,,0.00,,0.00,EastMoney,2026-07-01T17:53:41+08:00
BK1524,2026-07-01T00:00:00Z,104507,110389,111181,104334,105168,5221,4.96,992831,762466298,2.95,1.18,0.00,0,480503,512328,23275985000,23120414000,65635996,106182232,60788817,45393415,177221618,156979037,20242581,208488316,257500974,-49012658,263101684,279725024,-16623340,8.61,5.95,2.65,-6.43,-2.18,0,4,3,1,0,0,0,-72.97,0.00,0.00,0.00,,0.00,,0.00,EastMoney,2026-07-01T17:53:41+08:00
BK1525,2026-07-01T00:00:00Z,488513,500622,501677,487260,489145,11477,2.35,4420335,9490940826,1.90,0.99,0.00,0,2291577,2128758,482707968000,409121600000,264559440,960350928,949353952,10996976,2335875936,2082313472,253562464,3039832048,2944008608,95823440,2973778752,3333459568,-359680816,2.79,0.12,2.67,1.01,-3.79,0,42,37,4,1,0,0,18.78,0.00,0.00,0.00,,0.00,,0.00,EastMoney,2026-07-01T17:53:41+08:00
BK1526,2026-07-01T00:00:00Z,409436,416421,418978,409035,408601,7820,1.91,14802909,28961495530,2.42,0.97,0.00,0,7351763,7451146,1119870288000,920983104000,515319840,3036943280,2825823888,211119392,6777223424,6473022976,304200448,9167155200,9168223744,-1068544,9451103488,9957570304,-506466816,1.78,0.73,1.05,0.00,-1.75,0,113,90,21,2,0,0,31.74,0.00,0.00,0.00,,0.00,,0.00,EastMoney,2026-07-01T17:53:41+08:00
BK1527,2026-07-01T00:00:00Z,264038,268201,270229,262675,263907,4294,1.63,3454271,3391641594,1.98,0.98,0.00,0,1716453,1737818,226091294000,184136818000,-50439395,191195747,161787702,29408045,706179520,786026960,-79847440,1159402656,1139926048,19476608,1281505760,1250542976,30962784,-1.49,0.87,-2.35,0.57,0.91,0,21,17,4,0,0,0,15.96,0.00,0.00,0.00,,0.00,,0.00,EastMoney,2026-07-01T17:53:41+08:00
BK1528,2026-07-01T00:00:00Z,470824,476493,479391,469605,469556,6937,1.48,4665785,11010547301,2.68,0.99,0.00,0,2419875,2245910,347890560000,284144256000,170726496,933320704,916828768,16491936,2616178272,2461943712,154234560,3626474240,3535137920,91336320,3634627648,3897096688,-262469040,1.55,0.15,1.40,0.83,-2.38,0,56,42,14,0,0,0,50.04,0.00,0.00,0.00,,0.00,,0.00,EastMoney,2026-07-01T17:53:41+08:00
BK1529,2026-07-01T00:00:00Z,382638,385216,389755,382240,381192,4024,1.06,5340773,11629143771,2.42,0.91,0.00,0,2754973,2585800,483263376000,346038176000,95350768,1160456608,1325038448,-164581840,2886283648,2626351040,259932608,3602930048,3612829328,-9899280,3798653984,3881215264,-82561280,0.82,-1.42,2.24,-0.09,-0.71,0,42,31,11,0,0,0,37.32,0.00,0.00,0.00,,0.00,,0.00,EastMoney,2026-07-01T17:53:41+08:00
BK1530,2026-07-01T00:00:00Z,178315,180727,181358,178190,178269,2458,1.38,2756968,2899145753,1.25,0.94,0.00,0,1441735,1315233,178038515000,169878538000,-53386256,284643936,348312864,-63668928,657841632,647558960,10282672,885358176,865773840,19584336,1041795136,1007993216,33801920,-1.84,-2.20,0.35,0.68,1.17,0,9,8,1,0,0,0,48.24,0.00,0.00,0.00,,0.00,,0.00,EastMoney,2026-07-01T17:53:41+08:00
BK1531,2026-07-01T00:00:00Z,298559,311544,313092,298559,298828,12716,4.26,1087676,1315035105,2.12,1.26,0.00,0,634377,453299,81635413000,81619547000,15628513,61036143,50775374,10260769,260237876,254870132,5367744,414192048,418463136,-4271088,569428464,580785888,-11357424,1.19,0.78,0.41,-0.32,-0.86,0,5,5,0,0,0,0,13.58,0.00,0.00,0.00,,0.00,,0.00,EastMoney,2026-07-01T17:53:41+08:00
BK1532,2026-07-01T00:00:00Z,292934,300279,303104,292032,293238,7041,2.40,1622227,1811316988,2.16,1.00,0.00,0,840808,781418,56770236000,52096635000,4796861,123886345,172083228,-48196883,397456016,344462272,52993744,576155232,553595840,22559392,684901168,712257424,-27356256,0.26,-2.66,2.93,1.25,-1.51,0,7,6,1,0,0,0,40.80,0.00,0.00,0.00,,0.00,,0.00,EastMoney,2026-07-01T17:53:41+08:00
BK1533,2026-07-01T00:00:00Z,432203,438231,439908,429941,432081,6150,1.42,1200956,1950948451,2.83,0.96,0.00,0,584232,616725,51770630000,46504038000,-27068540,121841329,158532893,-36691564,410885296,401262272,9623024,601734240,610657040,-8922800,750519600,708825168,41694432,-1.39,-1.88,0.49,-0.46,2.14,0,9,8,1,0,0,0,35.05,0.00,0.00,0.00,,0.00,,0.00,EastMoney,2026-07-01T17:53:41+08:00
BK1534,2026-07-01T00:00:00Z,359195,366907,370818,357861,358475,8432,2.35,555987,527677504,3.79,1.03,0.00,0,300474,255513,18549973000,12969031000,5740500,10102196,11319055,-1216859,99614835,92657476,6957359,184596475,185552456,-955981,221178018,224927367,-3749349,1.09,-0.23,1.32,-0.18,-0.71,0,5,5,0,0,0,0,360.21,0.00,0.00,0.00,,0.00,,0.00,EastMoney,2026-07-01T17:53:41+08:00
BK1535,2026-07-01T00:00:00Z,188710,195053,196734,188391,188998,6055,3.20,4368792,4254219634,3.64,0.97,0.00,0,2257700,2111092,135762470000,105651280000,-167022128,322589856,516939664,-194349808,915433792,888106112,27327680,1358284416,1312905696,45378720,1581994944,1453258144,128736800,-3.93,-4.57,0.64,1.07,3.03,0,21,19,1,1,0,0,90.07,0.00,0.00,0.00,,0.00,,0.00,EastMoney,2026-07-01T17:53:41+08:00
BK1536,2026-07-01T00:00:00Z,127584,131751,132874,127584,126388,5363,4.24,546779,616568453,2.67,0.83,0.00,0,274234,272546,17690527000,14712906000,28644709,70499649,37081550,33418099,118746191,123519581,-4773390,178450372,182216678,-3766306,220686926,244491635,-23804709,4.65,5.42,-0.77,-0.61,-3.86,0,6,6,0,0,0,0,-105.72,0.00,0.00,0.00,,0.00,,0.00,EastMoney,2026-07-01T17:53:41+08:00
BK1537,2026-07-01T00:00:00Z,235833,240636,242399,234356,236014,4622,1.96,1926996,2022150050,2.37,1.14,0.00,0,1006443,920553,103281540000,91918797000,-80342677,143964136,182747117,-38782981,462273264,503832960,-41559696,701049296,651276192,49773104,670851824,639317168,31534656,-3.97,-1.92,-2.06,2.46,1.56,0,17,14,3,0,0,0,57.28,0.00,0.00,0.00,,0.00,,0.00,EastMoney,2026-07-01T17:53:41+08:00
BK1538,2026-07-01T00:00:00Z,134436,137981,138928,133900,133997,3984,2.97,1018879,1517675369,2.22,1.06,0.00,0,498257,520622,74079626000,50795088000,89150929,197545400,131121703,66423697,379693376,356966144,22727232,444590208,461847408,-17257200,476187904,548081616,-71893712,5.87,4.38,1.50,-1.14,-4.74,0,12,11,1,0,0,0,56.14,0.00,0.00,0.00,,0.00,,0.00,EastMoney,2026-07-01T17:53:41+08:00
BK1539,2026-07-01T00:00:00Z,675086,685980,692486,670727,672483,13497,2.01,1650899,2113041504,3.45,1.09,0.00,0,804097,846802,74392603000,66823082000,-122785617,115966517,178874310,-62907793,429714192,489592016,-59877824,663769936,642227168,21542768,848973056,741233888,107739168,-5.81,-2.98,-2.83,1.02,5.10,0,16,13,3,0,0,0,33.48,0.00,0.00,0.00,,0.00,,0.00,EastMoney,2026-07-01T17:53:41+08:00
BK1540,2026-07-01T00:00:00Z,606537,622590,625156,604599,606594,15996,2.64,1686702,1969180768,2.17,1.05,0.00,0,859367,827335,171968294000,141034917000,39385893,100091184,81621547,18469637,366091648,345175392,20916256,578558800,627579264,-49020464,897301920,887667360,9634560,2.00,0.94,1.06,-2.49,0.49,0,24,22,2,0,0,0,27.76,0.00,0.00,0.00,,0.00,,0.00,EastMoney,2026-07-01T17:53:41+08:00
BK1541,2026-07-01T00:00:00Z,60947,62551,62904,60692,60892,1659,2.72,442798,328246935,1.48,1.09,0.00,0,239156,203641,34720059000,30043626000,-6554179,7225924,10558629,-3332705,50077421,53298895,-3221474,98051307,104507064,-6455757,167491461,154481525,13009936,-2.00,-1.02,-0.98,-1.97,3.96,0,7,7,0,0,0,0,73.37,0.00,0.00,0.00,,0.00,,0.00,EastMoney,2026-07-01T17:53:41+08:00
BK1542,2026-07-01T00:00:00Z,249064,258394,261276,248438,248752,9642,3.88,571731,594588711,2.40,1.33,0.00,0,316598,255134,36273921000,34961802000,11392149,24281691,14328125,9953566,99328012,97889429,1438583,198776989,206572646,-7795657,266036777,269633264,-3596487,1.92,1.67,0.24,-1.31,-0.60,0,5,5,0,0,0,0,20.36,0.00,0.00,0.00,,0.00,,0.00,EastMoney,2026-07-01T17:53:41+08:00
BK1543,2026-07-01T00:00:00Z,239269,242425,245388,237835,238852,3573,1.50,1571416,1551925769,2.59,0.92,0.00,0,781392,790023,69401488000,60431960000,17622779,60768984,51129041,9639943,256865756,248882920,7982836,492483728,523478032,-30994304,720310384,706938848,13371536,1.14,0.62,0.51,-2.00,0.86,0,18,17,1,0,0,0,612.61,0.00,0.00,0.00,,0.00,,0.00,EastMoney,2026-07-01T17:53:41+08:00
BK1544,2026-07-01T00:00:00Z,176775,181192,182208,176137,177236,3956,2.23,2753648,1104231328,1.50,0.98,0.00,0,1456794,1296854,83468829000,78576789000,-48012843,70079442,64883163,5196279,200505823,253714945,-53209122,367248432,376888304,-9639872,451352448,393699744,57652704,-4.35,0.47,-4.82,-0.87,5.22,0,12,11,1,0,0,0,-14.84,0.00,0.00,0.00,,0.00,,0.00,EastMoney,2026-07-01T17:53:41+08:00
BK1545,2026-07-01T00:00:00Z,239804,246328,247335,238252,239774,6554,2.73,2559502,1960288029,3.13,0.99,0.00,0,1298580,1260922,75906066000,73030882000,33743586,140909567,119173117,21736450,431039152,419032016,12007136,583801568,581555952,2245616,682189600,746938960,-64749360,1.72,1.11,0.61,0.11,-3.30,0,13,11,2,0,0,0,36.03,0.00,0.00,0.00,,0.00,,0.00,EastMoney,2026-07-01T17:53:41+08:00
BK1546,2026-07-01T00:00:00Z,226320,232763,234661,225480,222251,10512,4.73,967800,1508886424,2.84,1.05,0.00,0,471152,496647,42312855000,36144442000,44117051,287646288,257754085,29892203,353922480,339697632,14224848,356917680,425799584,-68881904,462684864,437920000,24764864,2.92,1.98,0.94,-4.57,1.64,0,8,8,0,0,0,0,536.34,0.00,0.00,0.00,,0.00,,0.00,EastMoney,2026-07-01T17:53:41+08:00
BK1547,2026-07-01T00:00:00Z,253678,259533,261228,252928,254096,5437,2.14,1652236,1578146384,5.11,1.06,0.00,0,899978,752258,49849742000,33017946000,8533563,118687407,101492740,17194667,330844672,339505776,-8661104,490640528,464355024,26285504,614044096,648863168,-34819072,0.54,1.09,-0.55,1.67,-2.21,0,7,6,1,0,0,0,45.53,0.00,0.00,0.00,,0.00,,0.00,EastMoney,2026-07-01T17:53:41+08:00
BK1548,2026-07-01T00:00:00Z,93268,95658,96960,93268,92987,2671,2.87,568968,353652990,0.55,1.28,0.00,0,342208,226760,25906508000,25826795000,-3344262,24882721,33854083,-8971362,92723466,87096366,5627100,127673475,121929580,5743895,102894753,105294386,-2399633,-0.95,-2.54,1.59,1.62,-0.68,0,3,3,0,0,0,0,19.90,0.00,0.00,0.00,,0.00,,0.00,EastMoney,2026-07-01T17:53:41+08:00
BK1549,2026-07-01T00:00:00Z,588924,602892,609358,584421,589909,12983,2.20,692305,2607219111,1.80,1.20,0.00,0,371251,321054,122930992000,116038331000,-76794816,333042032,413290336,-80248304,595910192,592456704,3453488,903671056,795463632,108207424,751318304,782730896,-31412592,-2.95,-3.08,0.13,4.15,-1.20,0,2,2,0,0,0,0,39.69,0.00,0.00,0.00,,0.00,,0.00,EastMoney,2026-07-01T17:53:41+08:00
BK1550,2026-07-01T00:00:00Z,932881,955573,964688,931187,931930,23643,2.54,3169487,2132980629,1.67,0.97,0.00,0,1502765,1666722,143290663000,142574277000,52941822,133261766,112225592,21036174,480036688,448131040,31905648,710472928,713744912,-3271984,776855552,826525376,-49669824,2.48,0.99,1.50,-0.15,-2.33,0,16,12,3,1,0,0,20.31,0.00,0.00,0.00,,0.00,,0.00,EastMoney,2026-07-01T17:53:41+08:00
BK1551,2026-07-01T00:00:00Z,169232,176198,177314,169205,169457,6741,3.98,7600113,2654993722,2.32,1.20,0.00,0,4605934,2994178,115318642000,110914653000,170446422,317735408,187039690,130695718,596282848,556532144,39750704,739201120,910052528,-170851408,966627648,966222656,404992,6.42,4.92,1.50,-6.44,0.02,0,21,20,1,0,0,0,-43.24,0.00,0.00,0.00,,0.00,,0.00,EastMoney,2026-07-01T17:53:41+08:00
BK1552,2026-07-01T00:00:00Z,149312,156072,157475,149207,149722,6350,4.24,5896898,2350164350,4.05,1.45,0.00,0,3394831,2502067,64851641000,61962040000,348514685,494863312,204405923,290457389,501731792,443674496,58057296,628233008,765303616,-137070608,695241456,906685504,-211444048,14.83,12.36,2.47,-5.83,-9.00,0,7,7,0,0,0,0,-27.21,0.00,0.00,0.00,,0.00,,0.00,EastMoney,2026-07-01T17:53:41+08:00
BK1553,2026-07-01T00:00:00Z,132430,136381,137373,132192,132532,3849,2.90,2489295,1576664698,2.26,1.08,0.00,0,1376077,1113218,64549705000,59135441000,-3609709,90153943,87237908,2916035,333625536,340151280,-6525744,514396064,546715840,-32319776,619037424,583107920,35929504,-0.23,0.18,-0.41,-2.05,2.28,0,16,15,1,0,0,0,22.93,0.00,0.00,0.00,,0.00,,0.00,EastMoney,2026-07-01T17:53:41+08:00
BK1554,2026-07-01T00:00:00Z,159865,163503,164484,159471,158600,4903,3.09,3422813,2277587987,1.19,0.99,0.00,0,1860068,1562745,168513715000,158671546000,95364780,305281392,246862516,58418876,537010208,500064304,36945904,646624608,730197152,-83572544,735447440,747239680,-11792240,4.19,2.56,1.62,-3.67,-0.52,0,16,14,2,0,0,0,-7.26,0.00,0.00,0.00,,0.00,,0.00,EastMoney,2026-07-01T17:53:41+08:00
BK1555,2026-07-01T00:00:00Z,121010,123958,124792,120195,120946,3012,2.49,1109218,982979949,2.32,1.10,0.00,0,555040,554178,43159066000,41522807000,38983541,26366154,19906470,6459684,180620967,148097110,32523857,318353040,339295520,-20942480,439860304,457901360,-18041056,3.97,0.66,3.31,-2.13,-1.84,0,7,7,0,0,0,0,89.49,0.00,0.00,0.00,,0.00,,0.00,EastMoney,2026-07-01T17:53:41+08:00
BK1556,2026-07-01T00:00:00Z,69631,72829,73624,69289,69707,3122,4.48,835824,216656710,3.03,1.07,0.00,0,494419,341405,8631879000,7767695000,12692505,1343277,3771537,-2428260,53997364,38876599,15120765,75449936,82873317,-7423381,82079049,87348173,-5269124,5.86,-1.12,6.98,-3.43,-2.43,0,2,2,0,0,0,0,-230.40,0.00,0.00,0.00,,0.00,,0.00,EastMoney,2026-07-01T17:53:41+08:00
BK1557,2026-07-01T00:00:00Z,397556,418410,418684,396191,398320,20090,5.04,5328949,2141985651,5.85,1.79,0.00,0,3201223,2127726,48851060000,46194813000,276331545,304153344,124865095,179288249,560340144,463296848,97043296,644961760,744259616,-99297856,583392432,760426128,-177033696,12.90,8.37,4.53,-4.64,-8.26,0,11,9,1,1,0,0,-111.65,0.00,0.00,0.00,,0.00,,0.00,EastMoney,2026-07-01T17:53:41+08:00
BK1558,2026-07-01T00:00:00Z,165288,171491,173864,163749,165157,6334,3.84,415431,201940337,2.59,1.59,0.00,0,235517,179914,8873859000,8873848000,17086287,12754065,2331171,10422894,42807517,36144124,6663393,57964148,61169921,-3205773,86237504,100118018,-13880514,8.46,5.16,3.30,-1.59,-6.87,0,2,2,0,0,0,0,180.16,0.00,0.00,0.00,,0.00,,0.00,EastMoney,2026-07-01T17:53:41+08:00
BK1559,2026-07-01T00:00:00Z,123699,127813,128474,123699,124075,3738,3.01,295360,156538136,1.56,0.97,0.00,0,177441,117919,10567290000,10108950000,-2759779,1802011,2258463,-456452,19447660,21750987,-2303327,43168626,51127076,-7958450,90537593,79819364,10718229,-1.76,-0.29,-1.47,-5.08,6.85,0,4,4,0,0,0,0,-84.42,0.00,0.00,0.00,,0.00,,0.00,EastMoney,2026-07-01T17:53:41+08:00
BK1560,2026-07-01T00:00:00Z,204960,210476,211318,203727,204376,6100,2.98,688149,796348772,1.83,1.35,0.00,0,390554,297595,41732736000,40003811000,-17325880,19041332,39279688,-20238356,136623129,133710653,2912476,263867544,298804720,-34937176,371016000,318752944,52263056,-2.18,-2.54,0.37,-4.39,6.56,0,6,6,0,0,0,0,23.89,0.00,0.00,0.00,,0.00,,0.00,EastMoney,2026-07-01T17:53:41+08:00
BK1561,2026-07-01T00:00:00Z,148554,152582,153472,147819,148654,3928,2.64,1043354,509941127,2.01,0.98,0.00,0,564761,478593,33795652000,27107022000,-2598904,39071762,19336492,19735270,79300605,101634779,-22334174,153217374,179120911,-25903537,232872455,204370015,28502440,-0.51,3.87,-4.38,-5.08,5.59,0,8,7,0,1,0,0,154.98,0.00,0.00,0.00,,0.00,,0.00,EastMoney,2026-07-01T17:53:41+08:00
BK1562,2026-07-01T00:00:00Z,248466,253120,255076,245844,248692,4428,1.78,621339,496803729,1.33,1.04,0.00,0,331738,289601,31150400000,30796327000,-11886622,15007025,13014922,1992103,88839611,102718336,-13878725,164648497,183052046,-18403549,220939922,190649752,30290170,-2.39,0.40,-2.79,-3.70,6.10,0,5,5,0,0,0,0,72.53,0.00,0.00,0.00,,0.00,,0.00,EastMoney,2026-07-01T17:53:41+08:00
BK1563,2026-07-01T00:00:00Z,274957,281734,282290,274290,275232,6502,2.36,1126483,1128559911,2.52,1.17,0.00,0,600250,526233,57728653000,50149493000,7509473,38182078,22999426,15182652,204490269,212163448,-7673179,367650304,428582016,-60931712,500180016,446757776,53422240,0.67,1.35,-0.68,-5.40,4.73,0,13,12,1,0,0,0,43.68,0.00,0.00,0.00,,0.00,,0.00,EastMoney,2026-07-01T17:53:41+08:00
BK1564,2026-07-01T00:00:00Z,82045,83468,84517,81357,81863,1605,1.96,568462,410981428,5.14,1.04,0.00,0,295820,272642,8655996000,8217787000,3281908,11667589,20442783,-8775194,87230827,75173725,12057102,128442722,134767563,-6324841,178892613,175849679,3042934,0.80,-2.14,2.93,-1.54,0.74,0,2,2,0,0,0,0,-43.54,0.00,0.00,0.00,,0.00,,0.00,EastMoney,2026-07-01T17:53:41+08:00
BK1565,2026-07-01T00:00:00Z,101289,106891,107671,101133,101748,5143,5.05,232044,281053291,2.28,1.50,0.00,0,113525,118519,14704265000,11524285000,33974575,47649675,24840784,22808891,67753295,56587611,11165684,74537297,98550678,-24013381,88135736,98096931,-9961195,12.09,8.12,3.97,-8.54,-3.54,0,3,3,0,0,0,0,30.92,0.00,0.00,0.00,,0.00,,0.00,EastMoney,2026-07-01T17:53:41+08:00
BK1566,2026-07-01T00:00:00Z,828964,851279,854553,826659,827672,23607,2.85,2990209,5928777541,3.45,1.18,0.00,0,1594286,1395924,189748087000,147080032000,80332288,598208512,635494784,-37286272,1578830416,1461211856,117618560,1801783760,1908726608,-106942848,1815616944,1779039728,36577216,1.35,-0.63,1.98,-1.80,0.62,0,24,20,4,0,0,0,46.81,0.00,0.00,0.00,,0.00,,0.00,EastMoney,2026-07-01T17:53:41+08:00
BK1567,2026-07-01T00:00:00Z,107831,108968,109717,107203,107150,1818,1.70,78431,218680980,1.42,0.89,0.00,0,41413,37018,15119258000,11984731000,4394912,6934445,3406631,3527814,36770153,35903055,867098,73648766,68744714,4904052,95015767,101379315,-6363548,2.01,1.61,0.40,2.24,-2.91,0,4,3,1,0,0,0,62.83,0.00,0.00,0.00,,0.00,,0.00,EastMoney,2026-07-01T17:53:41+08:00
BK1568,2026-07-01T00:00:00Z,166121,169584,171514,165298,166028,3556,2.14,227132,169900766,0.75,1.13,0.00,0,122173,104958,19831443000,19429009000,-11031255,3991134,6873180,-2882046,21320527,29469736,-8149209,51670746,49414479,2256267,91723357,82948368,8774989,-6.49,-1.70,-4.80,1.33,5.16,0,3,3,0,0,0,0,10.62,0.00,0.00,0.00,,0.00,,0.00,EastMoney,2026-07-01T17:53:41+08:00
BK1569,2026-07-01T00:00:00Z,307517,319453,322647,305242,307660,11793,3.83,8583583,7072256448,0.29,0.95,0.00,0,4528299,4055283,2563864464000,2243509936000,110062640,823213984,552242608,270971376,1600585392,1761494128,-160908736,2296397424,2289186720,7210704,2282619488,2399892848,-117273360,1.56,3.83,-2.28,0.10,-1.66,0,10,10,0,0,0,0,12.39,0.00,0.00,0.00,,0.00,,0.00,EastMoney,2026-07-01T17:53:41+08:00
BK1570,2026-07-01T00:00:00Z,266861,272383,274402,263384,265115,7268,2.74,2631221,2561435601,2.11,0.98,0.00,0,1347873,1283348,114680538000,110439729000,-14051702,156996498,136271464,20725034,545409792,580186528,-34776736,877655312,797123888,80531424,957759680,1024239408,-66479728,-0.55,0.81,-1.36,3.14,-2.60,0,14,14,0,0,0,0,166.21,0.00,0.00,0.00,,0.00,,0.00,EastMoney,2026-07-01T17:53:41+08:00
BK1571,2026-07-01T00:00:00Z,308884,318159,320570,308752,309940,8219,2.65,668131,866310969,2.81,0.93,0.00,0,334181,333950,31039691000,29820147000,45360356,107471199,63193604,44277595,186776580,185693819,1082761,254156145,267577863,-13421718,310246384,342185024,-31938640,5.24,5.11,0.12,-1.55,-3.69,0,6,5,1,0,0,0,37.25,0.00,0.00,0.00,,0.00,,0.00,EastMoney,2026-07-01T17:53:41+08:00
BK1572,2026-07-01T00:00:00Z,155957,157582,159770,154756,156128,1454,0.93,1475707,926466408,1.19,0.86,0.00,0,747417,728290,62673841000,59818363000,-22982084,29311401,50055463,-20744062,181078989,183317011,-2238022,289979344,291346160,-1366816,411311072,386962176,24348896,-2.48,-2.24,-0.24,-0.15,2.63,0,6,4,2,0,0,0,31.19,0.00,0.00,0.00,,0.00,,0.00,EastMoney,2026-07-01T17:53:41+08:00
BK1573,2026-07-01T00:00:00Z,143832,147407,148460,142943,143549,3858,2.69,2598874,1460798163,0.93,1.06,0.00,0,1432929,1165945,142801665000,109739926000,31044975,78180576,76207697,1972879,307027760,277955664,29072096,429736640,439573120,-9836480,581895168,598156896,-16261728,2.13,0.14,1.99,-0.67,-1.11,0,8,7,1,0,0,0,16.50,0.00,0.00,0.00,,0.00,,0.00,EastMoney,2026-07-01T17:53:41+08:00
BK1574,2026-07-01T00:00:00Z,292166,298308,303085,292166,291591,6717,2.30,2205241,1955550817,1.34,0.67,0.00,0,1196272,1008968,1344063648000,138603414000,19448042,225895626,187638768,38256858,475949616,494758432,-18808816,594515424,612381616,-17866192,628847648,630429488,-1581840,0.99,1.96,-0.96,-0.91,-0.08,0,5,3,2,0,0,0,10.63,0.00,0.00,0.00,,0.00,,0.00,EastMoney,2026-07-01T17:53:41+08:00
BK1575,2026-07-01T00:00:00Z,389347,400492,403186,386996,389983,10509,2.69,2413240,13749170101,1.37,1.04,0.00,0,1333841,1079399,2278187968000,2273811248000,265784624,1911349344,1712973664,198375680,3857630608,3790221664,67408944,4839924736,5181430784,-341506048,2971151808,2895430368,75721440,1.93,1.44,0.49,-2.48,0.55,0,20,19,1,0,0,0,18.12,0.00,0.00,0.00,,0.00,,0.00,EastMoney,2026-07-01T17:53:41+08:00
BK1576,2026-07-01T00:00:00Z,444709,453096,455629,442324,443983,9113,2.05,3881332,5446857051,2.39,1.04,0.00,0,1817036,2064296,332232208000,319491328000,-403141408,429018192,661006784,-231988592,1053682944,1224835760,-171152816,1726624848,1651362944,75261904,2129984704,1782886496,347098208,-7.40,-4.26,-3.14,1.38,6.37,0,15,13,2,0,0,0,26.88,0.00,0.00,0.00,,0.00,,0.00,EastMoney,2026-07-01T17:53:41+08:00
BK1577,2026-07-01T00:00:00Z,217769,221044,222366,215352,217514,3530,1.62,789650,1187885158,1.19,1.03,0.00,0,454989,334662,145192721000,107292947000,5572853,68688826,46482474,22206352,232807230,249440729,-16633499,410837088,433151280,-22314192,461347456,444606112,16741344,0.47,1.87,-1.40,-1.88,1.41,0,7,6,1,0,0,0,16.71,0.00,0.00,0.00,,0.00,,0.00,EastMoney,2026-07-01T17:53:41+08:00
BK1578,2026-07-01T00:00:00Z,136633,140275,141437,136450,136839,3436,2.51,879267,886778435,1.54,1.07,0.00,0,476300,402967,55445567000,48838317000,15648985,37890317,21282856,16607461,157791854,158750330,-958476,296036576,320912528,-24875952,378630416,369403440,9226976,1.76,1.87,-0.11,-2.81,1.04,0,10,9,0,1,0,0,55.44,0.00,0.00,0.00,,0.00,,0.00,EastMoney,2026-07-01T17:53:41+08:00
BK1579,2026-07-01T00:00:00Z,328061,339682,340449,327384,329070,10612,3.22,789949,499228018,1.70,0.77,0.00,0,467824,322125,50878760000,35507112000,21471754,21980348,10410826,11569522,108174356,98272124,9902232,147196291,188893217,-41696926,207948164,186682285,21265879,4.30,2.32,1.98,-8.35,4.26,0,9,9,0,0,0,0,737.05,0.00,0.00,0.00,,0.00,,0.00,EastMoney,2026-07-01T17:53:41+08:00
BK1580,2026-07-01T00:00:00Z,218265,230003,231772,218265,218993,11010,5.03,2508472,1727320446,2.90,1.26,0.00,0,1360825,1147646,110275945000,109034537000,67514205,216663610,166482285,50181325,394673632,377340752,17332880,476924928,562156576,-85231648,620608256,602890816,17717440,3.91,2.91,1.00,-4.93,1.03,0,7,7,0,0,0,0,26.82,0.00,0.00,0.00,,0.00,,0.00,EastMoney,2026-07-01T17:53:41+08:00
BK1581,2026-07-01T00:00:00Z,570840,586576,591491,567895,571187,15389,2.69,653954,1180836764,2.28,1.25,0.00,0,355576,298378,60331846000,52816761000,-54775364,55798646,79616518,-23817872,189843738,220801230,-30957492,342963728,377642176,-34678448,571913104,474697856,97215248,-4.64,-2.02,-2.62,-2.94,8.23,0,11,10,1,0,0,0,22.35,0.00,0.00,0.00,,0.00,,0.00,EastMoney,2026-07-01T17:53:41+08:00
BK1582,2026-07-01T00:00:00Z,65806,67748,68085,65763,66027,1721,2.61,504217,528423946,1.32,0.95,0.00,0,270439,233778,37504233000,36032554000,-7499008,14667354,14932459,-265105,67619023,74852926,-7233903,164582717,167822228,-3239511,271897712,261159189,10738523,-1.42,-0.05,-1.37,-0.61,2.03,0,9,8,1,0,0,0,28.38,0.00,0.00,0.00,,0.00,,0.00,EastMoney,2026-07-01T17:53:41+08:00
BK1583,2026-07-01T00:00:00Z,170021,175682,176498,169607,170181,5501,3.23,852363,1318280875,2.23,1.12,0.00,0,481364,370998,92544518000,82266130000,8928097,49570106,44116105,5454001,253941423,250467327,3474096,397199344,440545840,-43346496,605271872,570853472,34418400,0.68,0.41,0.26,-3.29,2.61,0,11,11,0,0,0,0,16.83,0.00,0.00,0.00,,0.00,,0.00,EastMoney,2026-07-01T17:53:41+08:00
BK1584,2026-07-01T00:00:00Z,193843,200344,202322,192925,195121,5223,2.68,168461,207963528,1.10,0.76,0.00,0,88448,80013,21371437000,20805348000,4723212,1914166,4973613,-3059447,40580370,32797711,7782659,67090372,68974582,-1884210,95321499,98160502,-2839003,2.27,-1.47,3.74,-0.91,-1.37,0,3,3,0,0,0,0,145.00,0.00,0.00,0.00,,0.00,,0.00,EastMoney,2026-07-01T17:53:41+08:00
BK1585,2026-07-01T00:00:00Z,186373,191647,193463,185454,186912,4735,2.53,2858348,3028902907,1.88,1.19,0.00,0,1466040,1392308,228018478000,223613178000,-1875720,252180670,221182918,30997752,627198064,660071536,-32873472,942413024,950541024,-8128000,1150324512,1130755088,19569424,-0.06,1.02,-1.09,-0.27,0.65,0,19,17,2,0,0,0,18.27,0.00,0.00,0.00,,0.00,,0.00,EastMoney,2026-07-01T17:53:41+08:00
BK1586,2026-07-01T00:00:00Z,171173,176417,178440,170924,171422,4995,2.91,1026882,2610817731,1.59,1.24,0.00,0,554614,472268,186257786000,178127297000,207540816,230119039,184644287,45474752,749379504,587313440,162066064,784249200,848434912,-64185712,822934496,966289584,-143355088,7.95,1.74,6.21,-2.46,-5.49,0,8,7,1,0,0,0,24.56,0.00,0.00,0.00,,0.00,,0.00,EastMoney,2026-07-01T17:53:41+08:00
BK1587,2026-07-01T00:00:00Z,89259,90599,91092,89035,89419,1180,1.32,2785426,2089231182,0.25,0.94,0.00,0,1630183,1155243,2484854064000,613629936000,21210526,279552464,229818434,49734030,441616144,470139648,-28523504,721391376,765705056,-44313680,617396656,594293504,23103152,1.02,2.38,-1.37,-2.12,1.11,0,3,3,0,0,0,0,14.11,0.00,0.00,0.00,,0.00,,0.00,EastMoney,2026-07-01T17:53:41+08:00
BK1588,2026-07-01T00:00:00Z,272110,279669,283222,271497,270665,9004,3.33,3535776,6171714905,4.41,1.06,0.00,0,1725671,1810105,101553284000,89250065000,322056384,1029966112,625000288,404965824,1410737072,1493646512,-82909440,1767190144,1985794992,-218604848,1866296208,1969862032,-103565824,5.22,6.56,-1.34,-3.54,-1.68,0,20,17,2,1,0,0,-58.58,0.00,0.00,0.00,,0.00,,0.00,EastMoney,2026-07-01T17:53:41+08:00
BK1589,2026-07-01T00:00:00Z,495403,507230,516103,489717,495156,12074,2.44,7403252,17557118516,5.15,1.36,0.00,0,3856300,3546952,298022992000,283986544000,1834278928,3576053456,2042474432,1533579024,4852524288,4551824384,300699904,5048558336,6072801024,-1024242688,3901944480,4711980800,-810036320,10.45,8.73,1.71,-5.83,-4.61,0,17,12,5,0,0,0,76.55,0.00,0.00,0.00,,0.00,,0.00,EastMoney,2026-07-01T17:53:41+08:00
BK1590,2026-07-01T00:00:00Z,545164,544895,550873,539381,538193,6702,1.25,1214872,3004870135,3.00,1.05,0.00,0,584190,630682,90574916000,72373563000,-124866907,226917269,360058496,-133141227,744137328,735863008,8274320,933188784,935867696,-2678912,1028079296,897811648,130267648,-4.16,-4.43,0.28,-0.09,4.34,0,14,11,3,0,0,0,102.12,0.00,0.00,0.00,,0.00,,0.00,EastMoney,2026-07-01T17:53:41+08:00
BK1591,2026-07-01T00:00:00Z,1669233,1643738,1692806,1628204,1662606,-18868,-1.13,10810902,147854501116,4.74,1.02,0.00,0,5181842,5629060,3788048272000,3524877104000,-11981621760,35429633024,43964525312,-8534892288,41305448192,44752177664,-3446729472,47155896576,41619110912,5536785664,21788881408,15452945920,6335935488,-8.10,-5.77,-2.33,3.74,4.29,0,37,17,20,0,0,0,107.24,0.00,0.00,0.00,,0.00,,0.00,EastMoney,2026-07-01T17:53:41+08:00
BK1592,2026-07-01T00:00:00Z,3242543,3103303,3242543,3066623,3261698,-158395,-4.86,9967990,64350061479,9.17,1.04,0.00,0,4394078,5573912,1098925152000,841640992000,-9724044032,11475994624,17087152640,-5611158016,14121637120,18234523136,-4112886016,20437988608,18036926976,2401061632,17411297536,10081242112,7330055424,-15.11,-8.72,-6.39,3.73,11.39,0,13,3,10,0,0,0,146.67,0.00,0.00,0.00,,0.00,,0.00,EastMoney,2026-07-01T17:53:41+08:00
BK1593,2026-07-01T00:00:00Z,406007,411958,414121,405731,404457,7501,1.85,3916452,15577461483,3.67,1.03,0.00,0,1949273,1967178,461545504000,358025296000,-520779360,2099554080,2382480448,-282926368,3585722816,3823575808,-237852992,5114294528,5003946752,110347776,4489425152,4059799520,429625632,-3.34,-1.82,-1.53,0.71,2.76,0,27,19,7,1,0,0,81.00,0.00,0.00,0.00,,0.00,,0.00,EastMoney,2026-07-01T17:53:41+08:00
BK1594,2026-07-01T00:00:00Z,349616,371416,371655,345094,351135,20281,5.78,29312933,53483400382,3.66,1.35,0.00,0,15980126,13332807,2036936896000,1436408656000,1406711552,6450967552,5480925952,970041600,13839460864,13402790912,436669952,17319932416,18061484544,-741552128,15100802048,15734486016,-633683968,2.63,1.81,0.82,-1.39,-1.18,0,114,110,3,1,0,0,53.25,0.00,0.00,0.00,,0.00,,0.00,EastMoney,2026-07-01T17:53:41+08:00
BK1595,2026-07-01T00:00:00Z,347296,365338,365497,342850,347719,17619,5.07,7564992,11585203651,3.49,1.12,0.00,0,4125707,3439285,330575040000,290479056000,310276944,872889840,869059008,3830832,2743290000,2436843888,306446112,3706820000,3692305888,14514112,3911901008,4206383296,-294482288,2.68,0.03,2.65,0.13,-2.54,0,46,44,2,0,0,0,63.94,0.00,0.00,0.00,,0.00,,0.00,EastMoney,2026-07-01T17:53:41+08:00
BK1596,2026-07-01T00:00:00Z,725689,763117,764456,711169,726281,36836,5.07,5358974,15922951559,3.47,1.36,0.00,0,2861919,2497055,635910592000,547456416000,759319600,1712766528,1418352128,294414400,4329083648,3864178448,464905200,5525373440,5818056448,-292683008,4012613312,4492995840,-480382528,4.77,1.85,2.92,-1.84,-3.02,0,38,37,1,0,0,0,80.69,0.00,0.00,0.00,,0.00,,0.00,EastMoney,2026-07-01T17:53:41+08:00
BK1597,2026-07-01T00:00:00Z,376574,392588,393908,373189,376049,16539,4.40,1300596,922910077,1.18,1.18,0.00,0,734920,565677,77620880000,77403274000,-11801197,43474558,59575797,-16101239,210438904,206138862,4300042,274332624,322588608,-48255984,386649184,326592000,60057184,-1.28,-1.74,0.47,-5.23,6.51,0,6,6,0,0,0,0,27.78,0.00,0.00,0.00,,0.00,,0.00,EastMoney,2026-07-01T17:53:41+08:00
BK1598,2026-07-01T00:00:00Z,373207,384995,387739,368684,374078,10917,2.92,2626875,4401479626,2.47,1.36,0.00,0,1396230,1230645,201942726000,175718209000,69182064,326034064,313946976,12087088,1154500768,1097405792,57094976,1450239616,1468014976,-17775360,1393631824,1444293296,-50661472,1.57,0.27,1.30,-0.40,-1.15,0,14,13,1,0,0,0,-14.97,0.00,0.00,0.00,,0.00,,0.00,EastMoney,2026-07-01T17:53:41+08:00
BK1599,2026-07-01T00:00:00Z,379814,396297,397452,375184,380627,15670,4.12,533330,542890952,2.94,0.95,0.00,0,308052,225277,19723464000,19159952000,-17940137,5161718,12502650,-7340932,75338332,85937537,-10599205,160680260,182133810,-21453550,278257904,237837532,40420372,-3.30,-1.35,-1.95,-3.95,7.45,0,5,5,0,0,0,0,-54.71,0.00,0.00,0.00,,0.00,,0.00,EastMoney,2026-07-01T17:53:41+08:00
BK1600,2026-07-01T00:00:00Z,686501,719750,720261,663517,693661,26089,3.76,6502412,32358057906,5.88,1.24,0.00,0,3368112,3134300,775419232000,608406512000,-582187776,4883624960,5282416384,-398791424,8357971712,8541368064,-183396352,10243899648,10016067840,227831808,8444957696,8090601728,354355968,-1.80,-1.23,-0.57,0.70,1.10,0,29,27,2,0,0,0,29.64,0.00,0.00,0.00,,0.00,,0.00,EastMoney,2026-07-01T17:53:41+08:00
BK1601,2026-07-01T00:00:00Z,566120,588738,593177,562132,564550,24188,4.28,5876551,4871411200,2.46,1.21,0.00,0,3221414,2655137,186352319000,168153629000,393700288,639972848,342538080,297434768,1129221216,1032955696,96265520,1459074432,1723937808,-264863376,1594753056,1723589952,-128836896,8.08,6.11,1.98,-5.44,-2.64,0,15,15,0,0,0,0,43.58,0.00,0.00,0.00,,0.00,,0.00,EastMoney,2026-07-01T17:53:41+08:00
BK1602,2026-07-01T00:00:00Z,484865,512666,515155,478219,482104,30562,6.34,1010844,1922731851,4.89,1.45,0.00,0,600643,410202,45449362000,42219560000,55288041,165487317,107671196,57816121,465820736,468348816,-2528080,613503152,711396768,-97893616,654860080,612254496,42605584,2.88,3.01,-0.13,-5.09,2.22,0,5,5,0,0,0,0,-61.20,0.00,0.00,0.00,,0.00,,0.00,EastMoney,2026-07-01T17:53:41+08:00
BK1603,2026-07-01T00:00:00Z,303878,315754,316017,302317,304293,11461,3.77,3353109,4692684611,2.26,1.24,0.00,0,1825831,1527279,235033164000,221374390000,41222064,312572384,284114704,28457680,937348784,924584400,12764384,1531373760,1701346816,-169973056,1842254560,1710481600,131772960,0.88,0.61,0.27,-3.62,2.81,0,40,35,4,1,0,0,78.01,0.00,0.00,0.00,,0.00,,0.00,EastMoney,2026-07-01T17:53:41+08:00
BK1604,2026-07-01T00:00:00Z,410504,424137,424956,407459,410670,13467,3.28,4170181,9753253484,2.67,1.18,0.00,0,2188040,1982141,423118736000,356818336000,-33593296,838913568,831850880,7062688,2156889472,2197545456,-40655984,3002532304,3206616464,-204084160,3447782016,3198252784,249529232,-0.34,0.07,-0.42,-2.09,2.56,0,55,50,5,0,0,0,44.38,0.00,0.00,0.00,,0.00,,0.00,EastMoney,2026-07-01T17:53:41+08:00
BK1605,2026-07-01T00:00:00Z,548879,573745,575035,546452,549721,24024,4.37,3669382,11925472458,2.92,1.24,0.00,0,2030763,1638619,560510112000,503328288000,470576432,1308437664,944752464,363685200,2775801168,2668909936,106891232,3953936736,4289752512,-335815776,3724171504,3829936208,-105764704,3.95,3.05,0.90,-2.82,-0.89,0,43,40,3,0,0,0,38.27,0.00,0.00,0.00,,0.00,,0.00,EastMoney,2026-07-01T17:53:41+08:00
BK1606,2026-07-01T00:00:00Z,303320,317280,318072,301033,303192,14088,4.65,832109,1190251562,1.90,1.22,0.00,0,482261,349848,71860360000,65362644000,-11408164,34028802,44696997,-10668195,196738248,197478217,-739969,364240800,419013536,-54772736,586034800,519853920,66180880,-0.96,-0.90,-0.06,-4.60,5.56,0,8,8,0,0,0,0,17.01,0.00,0.00,0.00,,0.00,,0.00,EastMoney,2026-07-01T17:53:41+08:00
BK1607,2026-07-01T00:00:00Z,178247,184122,184319,177297,178422,5700,3.19,3389710,2269976557,1.46,1.01,0.00,0,2016700,1373009,209263216000,178223580000,-58304879,68313006,82064093,-13751087,399554176,444107968,-44553792,703915632,778042992,-74127360,1068944384,936512160,132432224,-2.57,-0.61,-1.96,-3.27,5.83,0,24,24,0,0,0,0,14.93,0.00,0.00,0.00,,0.00,,0.00,EastMoney,2026-07-01T17:53:41+08:00
BK1608,2026-07-01T00:00:00Z,118573,123495,123572,117638,118698,4797,4.04,13064841,11887617039,2.13,1.26,0.00,0,7687115,5377727,725786752000,695642624000,452410416,1056492016,759239008,297253008,2552905696,2397748288,155157408,3665219024,3964762368,-299543344,4431488512,4575432192,-143943680,3.81,2.50,1.31,-2.52,-1.21,0,66,65,1,0,0,0,25.18,0.00,0.00,0.00,,0.00,,0.00,EastMoney,2026-07-01T17:53:41+08:00
BK1609,2026-07-01T00:00:00Z,144156,145811,146518,143710,144155,1656,1.15,7361781,6280509459,0.58,0.93,0.00,0,4014494,3347287,1183028896000,1147671760000,358226128,682077904,674694576,7383328,1769684336,1418841536,350842800,1962351552,2012896624,-50545072,1802737056,2110418128,-307681072,5.70,0.12,5.59,-0.80,-4.90,0,17,15,2,0,0,0,5.61,0.00,0.00,0.00,,0.00,,0.00,EastMoney,2026-07-01T17:53:41+08:00
BK1610,2026-07-01T00:00:00Z,212527,214564,215566,211516,212639,1925,0.91,10204272,8333622359,0.40,0.79,0.00,0,5662923,4541349,2618991936000,2268275408000,532126560,2093348048,1553224240,540123808,2185121296,2193118544,-7997248,2068787984,2345835904,-277047920,1863004016,2118082656,-255078640,6.39,6.48,-0.10,-3.32,-3.06,0,9,8,1,0,0,0,5.24,0.00,0.00,0.00,,0.00,,0.00,EastMoney,2026-07-01T17:53:41+08:00
BK1611,2026-07-01T00:00:00Z,289663,289830,292195,288304,290878,-1048,-0.36,11959238,7679497112,0.13,0.73,0.00,0,5511854,6447385,10118772736000,5642994688000,-200528624,1443700432,1500035040,-56334608,1762935488,1907129504,-144194016,2290337936,2082499568,207838368,2040747824,2048057584,-7309760,-2.61,-0.73,-1.88,2.71,-0.10,0,6,1,4,1,0,0,7.04,0.00,0.00,0.00,,0.00,,0.00,EastMoney,2026-07-01T17:53:41+08:00
BK1612,2026-07-01T00:00:00Z,41568,42115,42277,41443,41604,511,1.23,2734695,1294346521,0.65,0.92,0.00,0,1479770,1254926,237138879000,217444558000,-2730430,50689186,82651356,-31962170,288722256,259490516,29231740,454300368,388110976,66189392,487245680,550704624,-63458944,-0.21,-2.47,2.26,5.11,-4.90,0,10,10,0,0,0,0,5.41,0.00,0.00,0.00,,0.00,,0.00,EastMoney,2026-07-01T17:53:41+08:00
BK1613,2026-07-01T00:00:00Z,256661,259537,262261,254592,257224,2313,0.90,14689796,15386081768,2.37,0.92,0.00,0,7449481,7240315,778995744000,552408224000,-131095792,1603729680,1787446192,-183716512,3633239856,3580619136,52620720,4723353344,4593063936,130289408,5233057536,5232251136,806400,-0.85,-1.19,0.34,0.85,0.01,0,30,18,11,1,0,0,11.26,0.00,0.00,0.00,,0.00,,0.00,EastMoney,2026-07-01T17:53:41+08:00
BK1614,2026-07-01T00:00:00Z,273798,283166,287388,272155,274607,8559,3.12,11645820,16275957503,6.10,0.79,0.00,0,5777781,5868039,271951088000,258902615000,887679728,2908605712,2219064752,689540960,4101345360,3903206592,198138768,4654340864,4891654912,-237314048,4407934720,5057617664,-649682944,5.45,4.24,1.22,-1.46,-3.99,0,12,11,1,0,0,0,32.61,0.00,0.00,0.00,,0.00,,0.00,EastMoney,2026-07-01T17:53:41+08:00
BK1615,2026-07-01T00:00:00Z,354503,355862,359682,351209,355595,267,0.08,17210538,27149322282,2.23,0.83,0.00,0,8332509,8878029,1632759168000,1327635552000,-307422832,4196615824,4655797248,-459181424,6967218432,6815459840,151758592,8209228800,7820189184,389039616,7442653696,7524270848,-81617152,-1.13,-1.69,0.56,1.43,-0.30,0,17,7,10,0,0,0,14.77,0.00,0.00,0.00,,0.00,,0.00,EastMoney,2026-07-01T17:53:41+08:00
BK1616,2026-07-01T00:00:00Z,414071,422316,428667,406033,407886,14430,3.54,1915134,3913622470,4.02,1.03,0.00,0,929132,986002,99122605000,94471867000,157906176,616819104,536879968,79939136,927951776,849984736,77967040,1135867344,1189241424,-53374080,1116105152,1220637232,-104532080,4.03,2.04,1.99,-1.36,-2.67,0,3,3,0,0,0,0,26.51,0.00,0.00,0.00,,0.00,,0.00,EastMoney,2026-07-01T17:53:41+08:00
BK1617,2026-07-01T00:00:00Z,492613,494250,504092,487218,498155,-3905,-0.78,3819576,7885533680,2.14,0.86,0.00,0,1819974,1999602,403466560000,364663440000,-114838416,710662656,706402688,4259968,1716097632,1835196016,-119098384,2424812560,2344464272,80348288,2922282688,2887792560,34490128,-1.46,0.05,-1.51,1.02,0.44,0,10,3,7,0,0,0,17.36,0.00,0.00,0.00,,0.00,,0.00,EastMoney,2026-07-01T17:53:41+08:00
BK1618,2026-07-01T00:00:00Z,649330,663394,668137,648753,648035,15359,2.37,5008531,14319753089,7.40,1.36,0.00,0,2467050,2541481,236400251000,183561367000,588503888,2382353328,1960478960,421874368,3911943696,3745314176,166629520,4456596992,4801295360,-344698368,3390166128,3633971600,-243805472,4.11,2.95,1.16,-2.41,-1.70,0,15,11,4,0,0,0,72.14,0.00,0.00,0.00,,0.00,,0.00,EastMoney,2026-07-01T17:53:41+08:00
BK1619,2026-07-01T00:00:00Z,453802,460612,463278,453000,455187,5425,1.19,4080199,13215797944,5.15,0.81,0.00,0,1875181,2205018,307474656000,269023120000,168874144,1585856896,1574036256,11820640,3516644720,3359591216,157053504,4009567792,4162245120,-152677328,3665133536,3688597760,-23464224,1.28,0.09,1.19,-1.16,-0.18,0,21,13,8,0,0,0,143.76,0.00,0.00,0.00,,0.00,,0.00,EastMoney,2026-07-01T17:53:41+08:00
BK1620,2026-07-01T00:00:00Z,118084,118286,119926,115217,118408,-122,-0.10,161390,739370841,2.96,0.83,0.00,0,75319,86071,31894897000,24619458000,1542524,48535021,53279824,-4744803,163700666,157413339,6287327,256524631,241006369,15518262,261690565,278751344,-17060779,0.21,-0.64,0.85,2.10,-2.31,0,2,1,1,0,0,0,17.77,0.00,0.00,0.00,,0.00,,0.00,EastMoney,2026-07-01T17:53:41+08:00
BK1621,2026-07-01T00:00:00Z,1943309,1988728,2001732,1882184,1915888,72840,3.80,4104665,20317185300,6.85,0.97,0.00,0,2073385,2031280,416085664000,333142816000,1197361216,3119743504,2390927312,728816192,5397427712,4928882688,468545024,6355926016,6648863488,-292937472,5034644480,5939068416,-904423936,5.89,3.59,2.31,-1.44,-4.45,0,8,8,0,0,0,0,52.48,0.00,0.00,0.00,,0.00,,0.00,EastMoney,2026-07-01T17:53:41+08:00
BK1622,2026-07-01T00:00:00Z,575903,573752,585107,557017,576859,-3107,-0.54,624975,2987921478,3.31,0.94,0.00,0,296297,328678,90889320000,90605145000,147225456,408208016,390863632,17344384,849258464,719377392,129881072,997575408,1012495984,-14920576,708469456,840774336,-132304880,4.93,0.58,4.35,-0.50,-4.43,0,1,0,1,0,0,0,12.36,0.00,0.00,0.00,,0.00,,0.00,EastMoney,2026-07-01T17:53:41+08:00
BK1623,2026-07-01T00:00:00Z,175839,181932,187501,175271,176672,5260,2.98,1615540,4591394742,4.80,0.92,0.00,0,813006,802534,144845872000,95574790000,20117264,511040272,546857040,-35816768,1258956448,1203022416,55934032,1528038464,1559562128,-31523664,1234955568,1223549152,11406416,0.44,-0.78,1.22,-0.69,0.25,0,2,2,0,0,0,0,33.87,0.00,0.00,0.00,,0.00,,0.00,EastMoney,2026-07-01T17:53:41+08:00
BK1624,2026-07-01T00:00:00Z,602847,608016,618760,601991,603737,4279,0.71,6467935,29580580964,8.03,0.89,0.00,0,3089730,3378205,501891104000,331003712000,-1452096768,4959738368,5501458944,-541720576,7366670592,8277046784,-910376192,8967855616,8870487040,97368576,7795181824,6437784320,1357397504,-4.91,-1.83,-3.08,0.33,4.59,0,15,10,5,0,0,0,69.79,0.00,0.00,0.00,,0.00,,0.00,EastMoney,2026-07-01T17:53:41+08:00
BK1625,2026-07-01T00:00:00Z,1242394,1200350,1261740,1187873,1222439,-22089,-1.81,2803742,19546150775,6.27,0.85,0.00,0,1306927,1496815,407844320000,322886544000,-861746000,2859112944,3512489536,-653376592,4925721600,5134091008,-208369408,6431784448,5919613184,512171264,5027797248,4678222592,349574656,-4.41,-3.34,-1.07,2.62,1.79,0,4,1,3,0,0,0,68.00,0.00,0.00,0.00,,0.00,,0.00,EastMoney,2026-07-01T17:53:41+08:00
BK1626,2026-07-01T00:00:00Z,1114355,1087770,1127126,1082593,1121507,-33737,-3.01,2350869,10287441341,3.47,0.71,0.00,0,1032846,1318023,311805472000,311805472000,-814244256,1094721056,1738298448,-643577392,2460972096,2631638960,-170666864,3370854624,3203821168,167033456,3211521600,2564310800,647210800,-7.91,-6.26,-1.66,1.62,6.29,0,4,0,4,0,0,0,73.78,0.00,0.00,0.00,,0.00,,0.00,EastMoney,2026-07-01T17:53:41+08:00
BK1627,2026-07-01T00:00:00Z,1100538,1135465,1140564,1100538,1104425,31040,2.81,4744242,6855607694,2.43,1.08,0.00,0,2390624,2353618,207470632000,195537183000,1023796800,1966592848,1048787184,917805664,1759100400,1653109264,105991136,1584619408,2110757984,-526138576,1492791168,1990449376,-497658208,14.93,13.39,1.55,-7.67,-7.26,0,19,17,2,0,0,0,-104.58,0.00,0.00,0.00,,0.00,,0.00,EastMoney,2026-07-01T17:53:41+08:00
BK1628,2026-07-01T00:00:00Z,85309,87664,87764,84857,85270,2394,2.81,4140724,8802620592,2.61,1.29,0.00,0,2273898,1866826,150063912000,134657084000,222393856,1253759168,1114957776,138801392,2344241584,2260649120,83592464,2729680880,2871805792,-142124912,2290741072,2361197792,-70456720,2.53,1.58,0.95,-1.61,-0.80,0,11,10,1,0,0,0,175.02,0.00,0.00,0.00,,0.00,,0.00,EastMoney,2026-07-01T17:53:41+08:00
BK1629,2026-07-01T00:00:00Z,71043,72860,73681,70836,70986,1874,2.64,72659582,128490533715,3.90,1.16,0.00,0,38106769,34552813,3469884112000,3078920416000,5130735872,20171890688,16978532608,3193358080,33552553728,31615175936,1937377792,39690162944,41929124864,-2238961920,33279347200,36127598592,-2848251392,3.99,2.49,1.51,-1.74,-2.22,0,207,178,28,1,0,0,56.29,0.00,0.00,0.00,,0.00,,0.00,EastMoney,2026-07-01T17:53:41+08:00
BK1630,2026-07-01T00:00:00Z,378804,382015,384490,378784,369807,12208,3.30,60658173,165488600006,6.85,1.22,0.00,0,29650359,31007814,2169644672000,1999080256000,-2773853952,30248548608,31406135296,-1157586688,41037385728,42653652992,-1616267264,48244189184,47976349184,267840000,41460716032,38954702080,2506013952,-1.68,-0.70,-0.98,0.16,1.51,0,122,84,36,2,0,0,2770.00,0.00,0.00,0.00,,0.00,,0.00,EastMoney,2026-07-01T17:53:41+08:00
BK1631,2026-07-01T00:00:00Z,72937,73577,73871,72933,73368,209,0.28,62327298,93179984144,11.18,2.25,0.00,0,31324849,31002449,867058656000,806821952000,-9855307008,19310595072,28272492800,-8961897728,22305475328,23198884608,-893409280,25840900608,22371042048,3469858560,23118024704,16732576000,6385448704,-10.58,-9.62,-0.96,3.72,6.85,0,36,18,17,1,0,0,112.19,0.00,0.00,0.00,,0.00,,0.00,EastMoney,2026-07-01T17:53:41+08:00
BK1632,2026-07-01T00:00:00Z,78441,78758,80304,78038,78854,-96,-0.12,55135421,148736626172,18.51,0.65,0.00,0,26533322,28602099,1159873088000,775607296000,-6065668352,23494036992,25853811712,-2359774720,34664284160,38370177792,-3705893632,44121532928,44342302464,-220769536,42740433408,36453995520,6286437888,-4.08,-1.59,-2.49,-0.15,4.23,0,61,27,32,2,0,0,284.56,0.00,0.00,0.00,,0.00,,0.00,EastMoney,2026-07-01T17:53:41+08:00
BK1633,2026-07-01T00:00:00Z,99335,100028,100668,99218,99018,1010,1.02,506979902,1406711198809,6.36,0.95,0.00,0,248814956,258164947,23279439872000,21023210752000,-46118551552,242052161536,272913858560,-30861697024,358002720768,373259575296,-15256854528,428742533120,417698639872,11043893248,351934062592,316939292672,34994769920,-3.28,-2.19,-1.08,0.79,2.49,0,923,534,382,7,0,0,83.42,0.00,0.00,0.00,,0.00,,0.00,EastMoney,2026-07-01T17:53:41+08:00
BK1635,2026-07-01T00:00:00Z,84272,86309,86771,84179,84309,2000,2.37,88393323,43146745832,0.58,0.97,0.00,0,48534287,39859035,13917542656000,9020794880000,984158464,5758125824,5354631680,403494144,10758167296,10177502976,580664320,13057573376,13370360832,-312787456,12857716992,13528342784,-670625792,2.28,0.94,1.35,-0.72,-1.55,0,191,171,17,3,0,0,8.26,0.00,0.00,0.00,,0.00,,0.00,EastMoney,2026-07-01T17:53:41+08:00
BK1636,2026-07-01T00:00:00Z,93815,95461,95897,93495,93871,1590,1.69,32372276,26857936518,0.25,0.86,0.00,0,16835955,15536322,13555121408000,8594540032000,677951360,4523056128,4056752512,466303616,6889914880,6678267136,211647744,7845252096,8143787520,-298535424,7265571072,7644987136,-379416064,2.52,1.74,0.79,-1.11,-1.41,0,47,40,6,1,0,0,7.09,0.00,0.00,0.00,,0.00,,0.00,EastMoney,2026-07-01T17:53:41+08:00
BK1637,2026-07-01T00:00:00Z,297737,295540,303034,292061,294395,1145,0.39,217901237,800167575841,10.24,1.15,0.00,0,108050035,109851202,14732460288000,13755330048000,-45180928000,179656155136,212702412800,-33046257664,215762702336,227897372672,-12134670336,233874690048,219006418944,14868271104,154935332864,124622671872,30312660992,-5.65,-4.13,-1.52,1.86,3.79,0,100,51,48,1,0,0,58.14,0.00,0.00,0.00,,0.00,,0.00,EastMoney,2026-07-01T17:53:41+08:00
BK1638,2026-07-01T00:00:00Z,202632,205475,206008,202336,199858,5617,2.81,175234987,417464008416,8.02,1.17,0.00,0,86705997,88528990,5482551552000,4827537152000,-11541065728,75357257728,81458880512,-6101622784,104202076160,109641519104,-5439442944,123911778304,121739202560,2172575744,103035396096,93655347200,9380048896,-2.76,-1.46,-1.30,0.52,2.25,0,275,188,85,2,0,0,365.11,0.00,0.00,0.00,,0.00,,0.00,EastMoney,2026-07-01T17:53:41+08:00
BK1639,2026-07-01T00:00:00Z,93751,94970,95621,93283,93847,1123,1.20,185287316,422640746920,1.91,1.12,0.00,0,97154371,88132946,23793997824000,18733227008000,-10004324352,88307011584,94490087424,-6183075840,112224096256,116045344768,-3821248512,120894877696,118738563072,2156314624,95287312384,87439302656,7848009728,-2.37,-1.46,-0.90,0.51,1.86,0,100,65,34,1,0,0,15.68,0.00,0.00,0.00,,0.00,,0.00,EastMoney,2026-07-01T17:53:41+08:00
BK1640,2026-07-01T00:00:00Z,86653,88284,88537,86380,86724,1560,1.80,37076535,39818759070,0.70,0.98,0.00,0,20194143,16882392,8937925120000,5345398016000,1065553664,5475493888,4750940416,724553472,9708237824,9367237632,341000192,12345278208,12642277632,-296999424,11804007936,12574956544,-770948608,2.68,1.82,0.86,-0.75,-1.94,0,100,86,14,0,0,0,9.09,0.00,0.00,0.00,,0.00,,0.00,EastMoney,2026-07-01T17:53:41+08:00
BK1641,2026-07-01T00:00:00Z,89241,90978,91377,88984,89278,1700,1.90,47400429,45965141160,0.30,0.87,0.00,0,24894076,22506353,17742755328000,12221435392000,375396864,6333564928,5994609152,338955776,11016620288,10980179200,36441088,14034354944,14173283584,-138928640,14077741568,14314209536,-236467968,0.82,0.74,0.08,-0.30,-0.51,0,100,87,11,2,0,0,7.86,0.00,0.00,0.00,,0.00,,0.00,EastMoney,2026-07-01T17:53:41+08:00
BK1642,2026-07-01T00:00:00Z,84663,85864,86521,84530,84282,1582,1.88,28775592,43766164845,3.08,1.03,0.00,0,14393522,14382070,1194393680000,1098442912000,-1575442176,5310324736,6220340224,-910015488,10576210944,11241637632,-665426688,13483182592,13086855680,396326912,13537231616,12355983104,1181248512,-3.60,-2.08,-1.52,0.91,2.70,0,100,75,25,0,0,0,362.44,0.00,0.00,0.00,,0.00,,0.00,EastMoney,2026-07-01T17:53:41+08:00
BK1643,2026-07-01T00:00:00Z,92040,93452,93941,91982,91910,1542,1.68,370605614,784753918665,3.06,1.09,0.00,0,187833446,182772167,17623027968000,15484025600000,1016221696,111586672640,110291816448,1294856192,199475904512,199754539008,-278634496,249367298048,250136645632,-769347584,211843997696,212109742080,-265744384,0.13,0.17,-0.04,-0.10,-0.03,0,1000,741,253,6,0,0,69.91,0.00,0.00,0.00,,0.00,,0.00,EastMoney,2026-07-01T17:53:41+08:00
BK1644,2026-07-01T00:00:00Z,77830,80097,81039,77518,77757,2340,3.01,2546331,2821393330,2.78,1.19,0.00,0,1320034,1226297,116344805000,101954808000,22284677,40465629,32712776,7752853,306098416,291566592,14531824,826741120,869279648,-42538528,1612642816,1592388944,20253872,0.79,0.27,0.52,-1.51,0.72,0,57,56,1,0,0,0,32.82,0.00,0.00,0.00,,0.00,,0.00,EastMoney,2026-07-01T17:53:41+08:00
BK1645,2026-07-01T00:00:00Z,614798,544806,615933,536104,559939,-15133,-2.70,725082,1111592948,21.28,0.14,0.00,0,308955,416127,4906137000,4906137000,-57877132,140082218,149516214,-9433996,176047365,224490501,-48443136,326785824,306968576,19817248,407755312,369695408,38059904,-5.21,-0.85,-4.36,1.78,3.42,0,1,0,1,0,0,0,40.77,0.00,0.00,0.00,,0.00,,0.00,EastMoney,2026-07-01T17:53:41+08:00
BK1646,2026-07-01T00:00:00Z,122256,122195,124693,121299,121852,343,0.28,122156183,415927145181,6.77,1.03,0.00,0,60341358,61814825,7146999552000,6140042496000,-17970466816,83237462016,99101736960,-15864274944,110119538688,112225730560,-2106191872,129175916544,118807937024,10367979520,86139199488,78610808832,7528390656,-4.32,-3.81,-0.51,2.49,1.81,0,189,92,96,1,0,0,64.04,0.00,0.00,0.00,,0.00,,0.00,EastMoney,2026-07-01T17:53:41+08:00
BK1647,2026-07-01T00:00:00Z,85227,85728,86447,84696,85172,556,0.65,72061373,176242976016,3.89,1.08,0.00,0,34516896,37544476,3524214416000,3174614224000,-11538283520,24936866048,31765864704,-6828998656,40117441280,44826726144,-4709284864,54108228096,52137694464,1970533632,54250070528,44676009472,9574061056,-6.55,-3.87,-2.67,1.12,5.43,0,229,144,83,2,0,0,46.17,0.00,0.00,0.00,,0.00,,0.00,EastMoney,2026-07-01T17:53:41+08:00
BK1648,2026-07-01T00:00:00Z,100509,101555,102332,100293,100177,1378,1.38,217787298,594096238564,3.36,0.98,0.00,0,106516803,111270496,16205489152000,14073810432000,-6850736128,93065895936,99966992384,-6901096448,153012072448,152961712128,50360320,183157100544,181659316224,1497784320,154373500928,149041446912,5332054016,-1.15,-1.16,0.01,0.25,0.90,0,582,396,178,8,0,0,39.87,0.00,0.00,0.00,,0.00,,0.00,EastMoney,2026-07-01T17:53:41+08:00
BK1649,2026-07-01T00:00:00Z,78603,80473,81044,78541,78342,2131,2.72,47623146,50504493583,0.96,0.99,0.00,0,24970852,22652294,5407733760000,3691537520000,579834624,7239725568,6100226304,1139499264,11747257856,12306922496,-559664640,15176270848,15779903232,-603632384,15358397440,15297927424,60470016,1.15,2.26,-1.11,-1.20,0.12,0,156,131,22,3,0,0,13.76,0.00,0.00,0.00,,0.00,,0.00,EastMoney,2026-07-01T17:53:41+08:00
BK1650,2026-07-01T00:00:00Z,121220,120603,122869,119732,120749,-146,-0.12,162426203,817632696784,4.20,0.99,0.00,0,77181437,85244765,18031076352000,14766384128000,-50592059392,147150708736,180969914368,-33819205632,211152576512,227925430272,-16772853760,253646454784,238472491008,15173963776,192353976320,156921860096,35432116224,-6.19,-4.14,-2.05,1.86,4.33,0,383,197,185,1,0,0,58.24,0.00,0.00,0.00,,0.00,,0.00,EastMoney,2026-07-01T17:53:41+08:00
BK1651,2026-07-01T00:00:00Z,117775,117231,119051,116251,117588,-357,-0.30,95248677,102558841385,10.42,1.16,0.00,0,47481469,47767207,1206795920000,1100620224000,-6918028800,21259763712,27455319296,-6195555584,25394741248,26117214464,-722473216,28227938304,25442817280,2785121024,24831471360,20698563328,4132908032,-6.75,-6.04,-0.70,2.72,4.03,0,48,21,26,1,0,0,82.72,0.00,0.00,0.00,,0.00,,0.00,EastMoney,2026-07-01T17:53:41+08:00
BK1652,2026-07-01T00:00:00Z,80165,82927,83182,79786,80236,2691,3.35,14312010,18677528566,2.58,1.15,0.00,0,7656381,6655629,715892512000,626060224000,438119808,1393793040,1171272432,222520608,4299328768,4083729568,215599200,5896095744,6334102272,-438006528,6739127040,6730334208,8792832,2.35,1.19,1.15,-2.35,0.05,0,82,80,2,0,0,0,65.11,0.00,0.00,0.00,,0.00,,0.00,EastMoney,2026-07-01T17:53:41+08:00
BK1653,2026-07-01T00:00:00Z,79970,82206,82735,79791,79969,2237,2.80,14713446,27689539443,1.90,1.20,0.00,0,7661117,7052330,3251022160000,3166717984000,-53935488,3021676656,2947082736,74593920,6688385280,6816914688,-128529408,9146351104,9693438464,-547087360,8467991040,7857402624,610588416,-0.19,0.27,-0.46,-1.98,2.21,0,90,85,5,0,0,0,19.22,0.00,0.00,0.00,,0.00,,0.00,EastMoney,2026-07-01T17:53:41+08:00
BK1654,2026-07-01T00:00:00Z,78562,80376,81126,78085,78560,1816,2.31,33188985,37718627223,3.38,1.05,0.00,0,17270543,15918441,1009675616000,932029504000,532966816,3612659376,3260552720,352106656,9249361664,9068501504,180860160,12469787392,12544049408,-74262016,11877628160,12336332800,-458704640,1.41,0.93,0.48,-0.20,-1.22,0,92,83,8,1,0,0,60.55,0.00,0.00,0.00,,0.00,,0.00,EastMoney,2026-07-01T17:53:41+08:00
BK1655,2026-07-01T00:00:00Z,77130,79686,80196,77029,77176,2510,3.25,16351984,15541062114,1.49,1.19,0.00,0,9283420,7068564,2802896800000,912669248000,117464704,1345997632,1276061936,69935696,3363107856,3315578848,47529008,5004369152,5217605888,-213236736,5644701440,5548929536,95771904,0.76,0.45,0.31,-1.37,0.62,0,62,60,1,1,0,0,17.15,0.00,0.00,0.00,,0.00,,0.00,EastMoney,2026-07-01T17:53:41+08:00
BK1656,2026-07-01T00:00:00Z,80928,84582,84634,80051,81025,3557,4.39,9030538,9193107992,2.22,1.26,0.00,0,5184126,3846412,554627104000,508086656000,321508448,705608064,459028736,246579328,2055094416,1980165296,74929120,2813886864,3126702576,-312815712,3499786352,3508479088,-8692736,3.50,2.68,0.82,-3.40,-0.09,0,40,40,0,0,0,0,22.23,0.00,0.00,0.00,,0.00,,0.00,EastMoney,2026-07-01T17:53:41+08:00
BK1657,2026-07-01T00:00:00Z,84848,88738,88776,83925,85007,3731,4.39,33815004,50590749351,3.31,1.33,0.00,0,18525742,15289262,1605329072000,1424979520000,1205110800,4564040704,3705964528,858076176,11919051520,11572016896,347034624,16476459520,17302081280,-825621760,16820710144,17197536000,-376825856,2.38,1.70,0.69,-1.63,-0.74,0,169,160,8,1,0,0,108.66,0.00,0.00,0.00,,0.00,,0.00,EastMoney,2026-07-01T17:53:41+08:00
BK1658,2026-07-01T00:00:00Z,84500,87677,88013,83549,84989,2688,3.16,19115960,46179525060,2.69,1.22,0.00,0,10354941,8761019,1444182400000,1238267296000,-181632000,6037276928,6172916224,-135639296,11584634624,11630627328,-45992704,14704660480,14849623296,-144962816,13205892864,12868753920,337138944,-0.39,-0.29,-0.10,-0.31,0.73,0,79,73,6,0,0,0,31.74,0.00,0.00,0.00,,0.00,,0.00,EastMoney,2026-07-01T17:53:41+08:00
BK1659,2026-07-01T00:00:00Z,82540,85987,86130,82030,82512,3475,4.21,9173862,15928804074,2.54,1.24,0.00,0,5156412,4017450,718768912000,672435552000,295255904,1286143776,1122141392,164002384,3574600592,3443347072,131253520,5204524288,5549443840,-344919552,5645620736,5592189696,53431040,1.85,1.03,0.82,-2.17,0.34,0,62,57,4,1,0,0,48.29,0.00,0.00,0.00,,0.00,,0.00,EastMoney,2026-07-01T17:53:41+08:00
BK1660,2026-07-01T00:00:00Z,148667,144802,149807,143304,148942,-4140,-2.78,92358208,281191471294,6.65,1.04,0.00,0,45446431,46911777,4705429504000,4245310768000,-26828378368,54165782272,73072820224,-18907037952,73165266944,81086607360,-7921340416,82110341120,74523250688,7587090432,66729442560,47597061376,19132381184,-9.54,-6.72,-2.82,2.70,6.80,0,69,15,53,1,0,0,80.97,0.00,0.00,0.00,,0.00,,0.00,EastMoney,2026-07-01T17:53:41+08:00
BK1661,2026-07-01T00:00:00Z,92308,93492,94080,91912,92333,1159,1.26,118841010,369131805169,1.14,1.05,0.00,0,60845263,57995746,29985454080000,21867404800000,-7880957952,84830961664,92677959680,-7846998016,102952120320,102986080256,-33959936,105017126912,101692891136,3324235776,70933811200,66377087232,4556723968,-2.13,-2.13,-0.01,0.90,1.23,0,96,73,23,0,0,0,16.11,0.00,0.00,0.00,,0.00,,0.00,EastMoney,2026-07-01T17:53:41+08:00
BK1662,2026-07-01T00:00:00Z,102729,103124,103859,102273,103061,63,0.06,67360766,350456265209,0.40,1.00,0.00,0,35045810,32314956,40095118336000,27365698816000,-6944661504,90141831168,96300957696,-6159126528,109406015488,110191550464,-785534976,99905527808,95171555328,4733972480,46668742912,44458055936,2210686976,-1.98,-1.76,-0.22,1.35,0.63,0,50,29,20,1,0,0,12.06,0.00,0.00,0.00,,0.00,,0.00,EastMoney,2026-07-01T17:53:41+08:00
BK1663,2026-07-01T00:00:00Z,101556,102140,102943,101393,101569,571,0.56,345552927,1242502184842,1.05,1.04,0.00,0,178549747,167003179,73513275392000,55561396992000,-42651844608,275427135488,309532196864,-34105061376,354928734208,363475517440,-8546783232,379087343616,355684315136,23403028480,215675875328,196427067392,19248807936,-3.43,-2.74,-0.69,1.88,1.55,0,300,188,108,4,0,0,15.41,0.00,0.00,0.00,,0.00,,0.00,EastMoney,2026-07-01T17:53:41+08:00
BK1664,2026-07-01T00:00:00Z,103095,104470,105139,102993,102986,1484,1.44,278975448,817737041296,2.50,1.07,0.00,0,143768300,135207149,21642195712000,18917731328000,-18535669760,133482590208,148775530496,-15292940288,217881477120,221124206592,-3242729472,259109306368,253922029568,5187276800,194687705088,181445283840,13242421248,-2.27,-1.87,-0.40,0.63,1.62,0,500,340,156,4,0,0,43.55,0.00,0.00,0.00,,0.00,,0.00,EastMoney,2026-07-01T17:53:41+08:00
BK1665,2026-07-01T00:00:00Z,125539,124286,126616,123014,125622,-1336,-1.06,45124023,567086522388,2.33,1.03,0.00,0,22794825,22329199,17658996736000,14447169024000,-31186755584,137876938752,163439763456,-25562824704,174494564352,180118495232,-5623930880,178946330624,160848527360,18097803264,67718474240,54629523968,13088950272,-5.50,-4.51,-0.99,3.19,2.31,0,75,33,41,1,0,0,85.24,0.00,0.00,0.00,,0.00,,0.00,EastMoney,2026-07-01T17:53:41+08:00
BK1666,2026-07-01T00:00:00Z,88054,89246,89844,87611,88135,1111,1.26,103581289,143299505713,0.48,0.85,0.00,0,54126149,49455140,29231195136000,19771772928000,3089944320,22213467904,19907814656,2305653248,36469778688,35685487616,784291072,43807548160,44801327360,-993779200,39191606784,41287771904,-2096165120,2.16,1.61,0.55,-0.69,-1.46,0,113,84,27,2,0,0,9.31,0.00,0.00,0.00,,0.00,,0.00,EastMoney,2026-07-01T17:53:41+08:00
BK1667,2026-07-01T00:00:00Z,110940,111585,112402,110797,110700,885,0.80,130723644,391483053310,4.36,1.07,0.00,0,64258895,66464749,7508312832000,6262487552000,-2164016128,59478579200,61419727872,-1941148672,103942696960,104165564416,-222867456,127973916672,125876080640,2097836032,93872730112,93825425408,47304704,-0.55,-0.50,-0.06,0.54,0.01,0,358,227,130,1,0,0,87.98,0.00,0.00,0.00,,0.00,,0.00,EastMoney,2026-07-01T17:53:41+08:00
BK1668,2026-07-01T00:00:00Z,88224,90112,90510,87998,88261,1851,2.10,93552841,92923181078,1.88,1.08,0.00,0,48807683,44745159,4109266368000,3832735616000,1374313216,8556055296,7823801344,732253952,21453407744,20811348480,642059264,29739514624,30701699840,-962185216,31942287616,32354415360,-412127744,1.48,0.79,0.69,-1.04,-0.44,0,288,253,32,3,0,0,41.26,0.00,0.00,0.00,,0.00,,0.00,EastMoney,2026-07-01T17:53:41+08:00
BK1669,2026-07-01T00:00:00Z,119841,120697,122040,119640,119716,981,0.82,94599746,425491962076,3.78,1.15,0.00,0,49077435,45522311,9093699840000,7403268352000,-15532449792,73086345216,86478999552,-13392654336,118505574400,120645369856,-2139795456,138094342144,133138710528,4955631616,89261133824,78790553600,10470580224,-3.65,-3.15,-0.50,1.16,2.46,0,170,103,66,1,0,0,92.18,0.00,0.00,0.00,,0.00,,0.00,EastMoney,2026-07-01T17:53:41+08:00
BK1670,2026-07-01T00:00:00Z,90498,92451,93051,90051,90467,1984,2.19,70899154,96432306581,1.62,1.06,0.00,0,37300910,33598244,4702084096000,4291405664000,2206870272,12295879424,10728410624,1567468800,24038991360,23399589888,639401472,30456944896,30643257856,-186312960,27891044608,29911336192,-2020291584,2.29,1.63,0.66,-0.19,-2.10,0,141,115,24,2,0,0,22.29,0.00,0.00,0.00,,0.00,,0.00,EastMoney,2026-07-01T17:53:41+08:00
BK1671,2026-07-01T00:00:00Z,60594,63087,63417,60535,60643,2444,4.03,15561552,10099051568,2.43,1.07,0.00,0,8656156,6905396,525555536000,454092368000,321277712,728401680,659130384,69271296,2343726448,2091720032,252006416,3085777888,3228701312,-142923424,3384181056,3415461872,-31280816,3.18,0.69,2.50,-1.42,-0.31,0,108,96,5,7,0,0,-4.07,0.00,0.00,0.00,,0.00,,0.00,EastMoney,2026-07-01T17:53:41+08:00
BK1672,2026-07-01T00:00:00Z,86785,89515,90081,86641,86761,2754,3.17,159447816,97457875704,1.76,1.22,0.00,0,86558349,72889467,6471588864000,5518657792000,1655621376,7586649856,6579638016,1007011840,21359852800,20711243264,648609536,30518087680,32124131840,-1606044160,36247405312,36222391296,25014016,1.70,1.03,0.67,-1.65,0.03,0,809,734,61,14,0,0,43.70,0.00,0.00,0.00,,0.00,,0.00,EastMoney,2026-07-01T17:53:41+08:00
BK1673,2026-07-01T00:00:00Z,86856,89243,89824,86644,86766,2477,2.85,247970756,204270068403,1.41,1.18,0.00,0,133154767,114815989,14449277184000,12088357632000,5146184448,22221803520,18197535232,4024268288,47630923008,46509006848,1121916160,63958094336,66906748928,-2948654592,67325226240,69472423936,-2147197696,2.52,1.97,0.55,-1.44,-1.05,0,857,778,73,6,0,0,20.90,0.00,0.00,0.00,,0.00,,0.00,EastMoney,2026-07-01T17:53:41+08:00
BK1674,2026-07-01T00:00:00Z,157394,157711,161134,156072,156961,750,0.48,154120934,583580262537,10.64,1.35,0.00,0,76597292,77523643,9846445824000,8871764224000,-28688723968,122567278592,147564642304,-24997363712,171945152512,175636512768,-3691360256,177878433792,165676863488,12201570304,98834878464,82275807232,16559071232,-4.92,-4.28,-0.63,2.09,2.84,0,179,78,100,1,0,0,166.74,0.00,0.00,0.00,,0.00,,0.00,EastMoney,2026-07-01T17:53:41+08:00
BK1675,2026-07-01T00:00:00Z,199018,198621,204976,196078,198977,-356,-0.18,38404656,410992393914,8.78,0.82,0.00,0,18392106,20012550,7831860736000,6949617920000,-18184527872,91005800448,108605485056,-17599684608,129205243904,129790087168,-584843264,128055939072,119432818688,8623120384,54812896000,45182043136,9630852864,-4.42,-4.28,-0.14,2.10,2.34,0,99,40,58,1,0,0,191.73,0.00,0.00,0.00,,0.00,,0.00,EastMoney,2026-07-01T17:53:41+08:00
BK1676,2026-07-01T00:00:00Z,162187,162540,166463,160768,161825,715,0.44,149588790,583167770850,10.78,1.39,0.00,0,74360768,75228022,9782456064000,8732696832000,-28476145664,123333099520,148796686336,-25463586816,173261840384,176274399232,-3012558848,177594798080,165502169088,12092628992,96912515072,80459558912,16452956160,-4.88,-4.37,-0.52,2.07,2.82,0,165,72,92,1,0,0,167.80,0.00,0.00,0.00,,0.00,,0.00,EastMoney,2026-07-01T17:53:41+08:00
BK1677,2026-07-01T00:00:00Z,95857,97355,97936,95768,95758,1597,1.67,212728407,763801296884,3.35,1.12,0.00,0,108333768,104394639,20603330048000,18250067712000,-22691381248,146418225152,163353878528,-16935653376,205374824448,211130552320,-5755727872,242878267392,231331852288,11546415104,156497891328,145328525312,11169366016,-2.97,-2.22,-0.75,1.51,1.46,0,626,453,170,3,0,0,35.24,0.00,0.00,0.00,,0.00,,0.00,EastMoney,2026-07-01T17:53:41+08:00
BK1678,2026-07-01T00:00:00Z,89698,91583,92121,89521,89599,1984,2.21,91190335,153062626694,2.75,1.07,0.00,0,47075164,44115171,3882361104000,3483385104000,-3027324416,20116671232,22240188928,-2123517696,37495699712,38399506432,-903806720,47182491904,46456038656,726453248,43950278912,41795751168,2154527744,-1.98,-1.39,-0.59,0.47,1.41,0,372,290,80,2,0,0,102.95,0.00,0.00,0.00,,0.00,,0.00,EastMoney,2026-07-01T17:53:41+08:00
BK1679,2026-07-01T00:00:00Z,94202,95958,96632,94125,94072,1886,2.00,108812023,267176022006,3.24,1.02,0.00,0,55613460,53198563,6371915520000,5539240448000,-1281554688,41355586816,45290526208,-3934939392,79841153024,77187768320,2653384704,76892053504,77070090240,-178036736,64133095424,62603010816,1530084608,-0.48,-1.47,0.99,-0.07,0.57,0,366,274,84,8,0,0,68.49,0.00,0.00,0.00,,0.00,,0.00,EastMoney,2026-07-01T17:53:41+08:00
BK1680,2026-07-01T00:00:00Z,107313,107919,108688,107027,107079,840,0.78,46028580,220320034797,3.94,1.01,0.00,0,22442196,23586384,5301652480000,4353897472000,-7961012480,39898087424,45142512128,-5244424704,58069250048,60785837824,-2716587776,65946857984,63935244288,2011613696,52257187328,46265648640,5991538688,-3.61,-2.38,-1.23,0.91,2.72,0,110,67,43,0,0,0,41.72,0.00,0.00,0.00,,0.00,,0.00,EastMoney,2026-07-01T17:53:41+08:00
BK1681,2026-07-01T00:00:00Z,103518,107740,108681,103391,102349,5391,5.27,2594539,9666070909,3.69,1.03,0.00,0,1183310,1411228,213347287000,151767938000,934076512,2765509312,1607503088,1158006224,2399520000,2623449712,-223929712,2462597712,2961759488,-499161776,1873681808,2308596528,-434914720,9.66,11.98,-2.32,-5.16,-4.50,0,12,11,1,0,0,0,51.68,0.00,0.00,0.00,,0.00,,0.00,EastMoney,2026-07-01T17:53:41+08:00
BK1682,2026-07-01T00:00:00Z,129369,129008,129911,127250,128195,813,0.63,2766073,27052961606,5.85,1.06,0.00,0,1372992,1393081,699232928000,314618016000,-1847387648,6200846080,7716012288,-1515166208,6800694528,7132915968,-332221440,10807067904,8899099136,1907968768,2573964992,2713142416,-139177424,-6.83,-5.60,-1.23,7.05,-0.51,0,11,6,5,0,0,0,92.30,0.00,0.00,0.00,,0.00,,0.00,EastMoney,2026-07-01T17:53:41+08:00
BK1710,2026-07-01T00:00:00Z,101044,100555,101451,100000,100998,-443,-0.44,57276117,298343123659,2.06,1.11,0.00,0,28334056,28942061,11616424960000,9520359424000,-8575766528,52763036928,59761560832,-6998523904,82293043200,83870285824,-1577242624,93751259136,90288627712,3462631424,65669767680,60556629504,5113138176,-2.87,-2.35,-0.53,1.16,1.71,0,100,52,48,0,0,0,36.54,0.00,0.00,0.00,,0.00,,0.00,EastMoney,2026-07-01T17:53:41+08:00
BK1711,2026-07-01T00:00:00Z,94060,95810,96256,93711,93793,2017,2.15,37146512,74331841930,1.84,1.18,0.00,0,19942085,17204427,6452300288000,5831367680000,1547181312,9802627072,8596349952,1206277120,18924980736,18584076544,340904192,23750633472,24501737216,-751103744,20776427776,21569841920,-793414144,2.08,1.62,0.46,-1.01,-1.07,0,100,82,18,0,0,0,18.75,0.00,0.00,0.00,,0.00,,0.00,EastMoney,2026-07-01T17:53:41+08:00
BK1712,2026-07-01T00:00:00Z,101262,105689,105736,99698,101534,4155,4.09,28990623,97623177947,2.39,1.29,0.00,0,16096612,12894011,4309100288000,3424353744000,2003913984,13916891136,13037089536,879801600,26045378304,24921265920,1124112384,31748964608,32328159744,-579195136,24781600768,26206319616,-1424718848,2.05,0.90,1.15,-0.59,-1.46,0,100,92,8,0,0,0,36.76,0.00,0.00,0.00,,0.00,,0.00,EastMoney,2026-07-01T17:53:41+08:00
BK1713,2026-07-01T00:00:00Z,123777,120967,125988,119234,123432,-2465,-2.00,151142870,926658615146,4.54,1.10,0.00,0,75020667,76122203,25800709888000,19837433088000,-58464890880,218602524672,266231525376,-47629000704,274344079360,285179969536,-10835890176,286433480704,259249197056,27184283648,133023911936,101743312896,31280599040,-6.31,-5.14,-1.17,2.93,3.38,0,100,33,67,0,0,0,58.94,0.00,0.00,0.00,,0.00,,0.00,EastMoney,2026-07-01T17:53:41+08:00
BK1714,2026-07-01T00:00:00Z,99822,103154,103810,99605,99878,3276,3.28,115570498,144336948501,0.67,1.10,0.00,0,63918835,51651662,21330808320000,14965683200000,11531950080,34030215424,25156950528,8873264896,40459606272,37800921088,2658685184,39000018432,43061935360,-4061916928,29480088832,36950121984,-7470033152,7.99,6.15,1.84,-2.81,-5.18,0,100,91,8,1,0,0,7.76,0.00,0.00,0.00,,0.00,,0.00,EastMoney,2026-07-01T17:53:41+08:00
BK1715,2026-07-01T00:00:00Z,112249,112723,115114,111490,112051,672,0.60,194671312,730051059514,9.72,1.25,0.00,0,96317156,98354157,11977477632000,9744555264000,-28006739968,150379470848,170640097280,-20260626432,202664898560,210411012096,-7746113536,220903116800,208863088640,12040028160,140324040704,124418478080,15905562624,-3.84,-2.78,-1.06,1.65,2.18,0,231,121,109,1,0,0,99.02,0.00,0.00,0.00,,0.00,,0.00,EastMoney,2026-07-01T17:53:41+08:00
BK1716,2026-07-01T00:00:00Z,78940,81502,81769,78569,79597,1905,2.39,9303910,22613639920,8.24,1.25,0.00,0,4587375,4716535,469864304000,349490176000,330581344,2741934480,2603920944,138013536,6271619072,6079051264,192567808,7315276544,7550036480,-234759936,5906972416,5998718464,-91746048,1.46,0.61,0.85,-1.04,-0.41,0,24,15,9,0,0,0,65.57,0.00,0.00,0.00,,0.00,,0.00,EastMoney,2026-07-01T17:53:41+08:00
BK1717,2026-07-01T00:00:00Z,134908,133589,136819,131693,133716,-127,-0.09,153158969,403448956518,13.01,1.15,0.00,0,75767601,77391368,3826728992000,3649689056000,-33827893248,85128458240,108024918016,-22896459776,98629087232,109560520704,-10931433472,118634737664,107840086016,10794651648,91753861120,68720623616,23033237504,-8.38,-5.68,-2.71,2.68,5.71,0,52,24,28,0,0,0,140.43,0.00,0.00,0.00,,0.00,,0.00,EastMoney,2026-07-01T17:53:41+08:00
