symbol,trade_date,open,close,high,low,pre_close,change,change_percent,volume,amount,turnover_rate,volume_ratio,bid_ratio,bid_diff,buy_volume,sell_volume,total_market_cap,circ_market_cap,main_net_inflow,xlarge_inflow,xlarge_outflow,xlarge_net_inflow,large_inflow,large_outflow,large_net_inflow,mid_inflow,mid_outflow,mid_net_inflow,small_inflow,small_outflow,small_net_inflow,main_net_flow_ratio,xlarge_net_flow_ratio,large_net_flow_ratio,mid_net_flow_ratio,small_net_flow_ratio,total_stocks,trading_stocks,up_stocks,down_stocks,flat_stocks,limit_up_stocks,limit_down_stocks,pe,pb,median_pe,median_pb,leader_up_symbol,leader_up_change,leader_down_symbol,leader_down_change,data_source,created_at
BK0420,2026-09-01T00:00:00Z,402298,406047,407012,402024,402953,3094,0.77,6486200,2731163703,0.61,1.03,0.00,0,3252037,3234163,557932096000,457301600000,87096816,409611488,341432016,68179472,632860016,613942672,18917344,810004784,790098160,19906624,815783136,922786560,-107003424,3.19,2.50,0.69,0.73,-3.92,0,14,10,0,4,0,0,113.61,0.00,0.00,0.00,,0.00,,0.00,EastMoney,2026-09-01T19:17:05+08:00
BK0421,2026-09-01T00:00:00Z,855704,865693,869000,854456,856111,9582,1.12,10072711,5289196894,0.78,1.32,0.00,0,5991504,4081207,785401056000,731947264000,-16987376,564703760,556633648,8070112,1109297568,1134355056,-25057488,1643128352,1581673184,61455168,1903581600,1948049376,-44467776,-0.32,0.15,-0.47,1.16,-0.84,0,36,31,3,2,0,0,16.69,0.00,0.00,0.00,,0.00,,0.00,EastMoney,2026-09-01T19:17:05+08:00
BK0422,2026-09-01T00:00:00Z,709545,718181,719570,708971,710261,7920,1.12,6358707,5580509746,1.19,1.10,0.00,0,3252638,3106069,637771456000,537698416000,132359408,343075568,286791072,56284496,1107663264,1031588352,76074912,1696874304,1738623488,-41749184,2355782272,2442105392,-86323120,2.37,1.01,1.36,-0.75,-1.55,0,47,38,9,0,0,0,27.20,0.00,0.00,0.00,,0.00,,0.00,EastMoney,2026-09-01T19:17:05+08:00
BK0424,2026-09-01T00:00:00Z,2601824,2635121,2644642,2599414,2602502,32619,1.25,3249443,2407449061,0.89,1.02,0.00,0,1721398,1528045,281367008000,236697276000,-45195445,89736329,102240878,-12504549,421810320,454501216,-32690896,798558128,788911520,9646608,1058564944,1023016096,35548848,-1.88,-0.52,-1.36,0.40,1.48,0,23,21,2,0,0,0,-199.84,0.00,0.00,0.00,,0.00,,0.00,EastMoney,2026-09-01T19:17:05+08:00
BK0425,2026-09-01T00:00:00Z,2545634,2564926,2572333,2544347,2549178,15748,0.62,20215488,13800748401,0.87,0.97,0.00,0,10555258,9660230,1319938992000,1171420016000,-417956256,1275915600,1331610576,-55694976,2822741008,3185002288,-362261280,4015051488,4242807616,-227756128,5407006976,4731634688,675372288,-3.03,-0.40,-2.62,-1.65,4.89,0,68,49,18,1,0,0,11.51,0.00,0.00,0.00,,0.00,,0.00,EastMoney,2026-09-01T19:17:05+08:00
BK0427,2026-09-01T00:00:00Z,940452,950749,953264,940133,940719,10030,1.07,48363833,36187002199,1.06,1.03,0.00,0,25456504,22907329,4206294448000,3486134224000,1403148688,5004207616,3361807728,1642399888,7530634496,7769885696,-239251200,10931002112,11506009600,-575007488,12055936000,12878638848,-822702848,3.88,4.54,-0.66,-1.59,-2.27,0,143,118,18,7,0,0,21.55,0.00,0.00,0.00,,0.00,,0.00,EastMoney,2026-09-01T19:17:05+08:00
BK0428,2026-09-01T00:00:00Z,1907981,1931247,1935209,1906977,1910063,21184,1.11,43140633,31319658781,1.00,1.00,0.00,0,22881409,20259224,3935127168000,3226629280000,1460048752,4725232640,3075238800,1649993840,6614299392,6804244480,-189945088,9370113792,9988900864,-618787072,10113157376,10954419200,-841261824,4.66,5.27,-0.61,-1.98,-2.69,0,112,93,12,7,0,0,21.54,0.00,0.00,0.00,,0.00,,0.00,EastMoney,2026-09-01T19:17:05+08:00
BK0429,2026-09-01T00:00:00Z,1052184,1058826,1060096,1050425,1051710,7116,0.68,5793399,6301589902,1.03,1.22,0.00,0,3039079,2754321,638784528000,536572800000,403409712,879921440,516159120,363762320,1284813840,1245166448,39647392,1898771696,1961351648,-62579952,2136042496,2468260832,-332218336,6.40,5.77,0.63,-0.99,-5.27,0,51,35,15,1,0,0,19.10,0.00,0.00,0.00,,0.00,,0.00,EastMoney,2026-09-01T19:17:05+08:00
BK0433,2026-09-01T00:00:00Z,1492113,1554744,1563163,1492113,1494364,60380,4.04,47052005,38703315718,4.79,1.25,0.00,0,24763330,22288675,1304682608000,990451968000,2876480848,6220582400,3500938928,2719643472,8534778112,8377940736,156837376,11156308480,11924044800,-767736320,10993727488,12904560128,-1910832640,7.43,7.03,0.41,-1.98,-4.94,0,114,103,10,1,0,0,-134.86,0.00,0.00,0.00,,0.00,,0.00,EastMoney,2026-09-01T19:17:05+08:00
BK0436,2026-09-01T00:00:00Z,1377913,1391217,1394208,1376417,1378386,12831,0.93,17856907,14117325236,2.48,1.08,0.00,0,8998624,8858283,629856032000,583122976000,144712080,939961744,744269456,195692288,2693767776,2744747984,-50980208,4234160080,4456825856,-222665776,5859279104,5767969536,91309568,1.03,1.39,-0.36,-1.58,0.65,0,112,76,34,2,0,0,28.59,0.00,0.00,0.00,,0.00,,0.00,EastMoney,2026-09-01T19:17:05+08:00
BK0437,2026-09-01T00:00:00Z,1489365,1489600,1545598,1485293,1504703,-15103,-1.00,26509773,22823975434,2.37,1.40,0.00,0,12737864,13771909,2443299248000,1948276544000,-801963200,2198283072,2427777792,-229494720,4963729408,5536197888,-572468480,6882638592,7159795200,-277156608,8397039360,7317919488,1079119872,-3.51,-1.01,-2.51,-1.21,4.73,0,34,8,24,2,0,0,19.34,0.00,0.00,0.00,,0.00,,0.00,EastMoney,2026-09-01T19:17:05+08:00
BK0438,2026-09-01T00:00:00Z,2634866,2688759,2702711,2633230,2633145,55614,2.11,20099370,34438105201,2.14,1.20,0.00,0,10445605,9653765,3815098976000,3705447696000,1079591680,3364546736,2821586352,542960384,8088765696,7552134400,536631296,11750874368,11783382272,-32507904,10504453632,11483844096,-979390464,3.13,1.58,1.56,-0.09,-2.84,0,130,115,11,4,0,0,21.91,0.00,0.00,0.00,,0.00,,0.00,EastMoney,2026-09-01T19:17:05+08:00
BK0440,2026-09-01T00:00:00Z,4906003,4937719,4943677,4906003,4901436,36283,0.74,7668870,8167280621,2.67,1.15,0.00,0,3261877,4406993,473182016000,390543472000,-65079984,527578320,510414912,17163408,1402688096,1484931488,-82243392,2489736448,2515991008,-26254560,3399370928,3294512048,104858880,-0.80,0.21,-1.01,-0.32,1.28,0,77,47,30,0,0,0,51.00,0.00,0.00,0.00,,0.00,,0.00,EastMoney,2026-09-01T19:17:05+08:00
BK0447,2026-09-01T00:00:00Z,2886911,2926476,2936726,2885881,2883112,43364,1.50,50856881,73150173993,4.90,1.59,0.00,0,26418814,24438067,1849150160000,1602261536000,209437184,8518688256,7893563136,625125120,16693582592,17109270528,-415687936,22622802944,23673188352,-1050385408,23897652480,23046329600,851322880,0.29,0.85,-0.57,-1.44,1.16,0,146,106,39,1,0,0,96.33,0.00,0.00,0.00,,0.00,,0.00,EastMoney,2026-09-01T19:17:05+08:00
BK0448,2026-09-01T00:00:00Z,2431124,2410697,2432058,2386780,2432160,-21463,-0.88,21310733,140671395572,4.39,0.84,0.00,0,10063163,11247571,4264760304000,3702394480000,-1712340480,24855564288,24768099840,87464448,34538644480,36338449408,-1799804928,45581500672,48075945984,-2494445312,33088118528,28978526464,4109592064,-1.22,0.06,-1.28,-1.77,2.92,0,91,37,52,2,0,0,68.08,0.00,0.00,0.00,,0.00,,0.00,EastMoney,2026-09-01T19:17:05+08:00
BK0450,2026-09-01T00:00:00Z,1237122,1251255,1260771,1236094,1238117,13138,1.06,14783985,10830573216,0.92,1.08,0.00,0,8015391,6768595,1264632928000,1099992832000,-201147072,907671248,1031987472,-124316224,2292139568,2368970416,-76830848,3235568976,3130241520,105327456,4184436560,4072747648,111688912,-1.86,-1.15,-0.71,0.97,1.03,0,37,28,8,1,0,0,13.04,0.00,0.00,0.00,,0.00,,0.00,EastMoney,2026-09-01T19:17:05+08:00
BK0451,2026-09-01T00:00:00Z,1379099,1393167,1403761,1379099,1393848,-681,-0.05,43434986,18702713145,2.24,1.15,0.00,0,20494796,22940190,870609440000,823528032000,-299038608,1611416160,1857441952,-246025792,4112863344,4165876160,-53012816,5638028800,5461488640,176540160,6579783680,6457285120,122498560,-1.60,-1.32,-0.28,0.94,0.65,0,90,51,33,6,0,0,-4.55,0.00,0.00,0.00,,0.00,,0.00,EastMoney,2026-09-01T19:17:05+08:00
BK0454,2026-09-01T00:00:00Z,2204848,2188288,2204848,2167869,2205000,-16712,-0.76,11141278,22150691079,3.70,1.02,0.00,0,5354183,5787096,679015504000,546511888000,-570211072,1716182448,2143964592,-427782144,4575609344,4718038272,-142428928,7103572480,6899474944,204097536,8266116096,7890977024,375139072,-2.57,-1.93,-0.64,0.92,1.69,0,77,31,44,2,0,0,71.66,0.00,0.00,0.00,,0.00,,0.00,EastMoney,2026-09-01T19:17:05+08:00
BK0456,2026-09-01T00:00:00Z,2367868,2377847,2385704,2364632,2366429,11418,0.48,17367641,21833765034,2.16,1.25,0.00,0,8380975,8986666,2004339504000,1769379808000,-274900976,1795932496,1829314368,-33381872,4535298560,4776817664,-241519104,6992085248,6953270528,38814720,7822431744,7594887680,227544064,-1.26,-0.15,-1.11,0.18,1.04,0,108,67,37,4,0,0,18.65,0.00,0.00,0.00,,0.00,,0.00,EastMoney,2026-09-01T19:17:05+08:00
BK0457,2026-09-01T00:00:00Z,3626697,3635530,3647688,3611150,3626989,8541,0.24,22240998,33279015130,2.36,0.92,0.00,0,10608484,11632514,1617328720000,1479979552000,-1018910368,2350817088,2832809952,-481992864,6315040000,6851957504,-536917504,10670744320,10724104960,-53360640,13161015296,12042732800,1118282496,-3.06,-1.45,-1.61,-0.16,3.36,0,143,78,62,3,0,0,34.63,0.00,0.00,0.00,,0.00,,0.00,EastMoney,2026-09-01T19:17:05+08:00
BK0458,2026-09-01T00:00:00Z,2197762,2173966,2197762,2156673,2196310,-22344,-1.02,2962160,13617741478,2.00,0.78,0.00,0,1380838,1581322,714738752000,407234048000,-204315280,1790329616,1972085072,-181755456,3939647184,3962207008,-22559824,4149289040,4181692736,-32403696,3440676000,3194581488,246094512,-1.50,-1.33,-0.17,-0.24,1.81,0,65,22,41,2,0,0,150.71,0.00,0.00,0.00,,0.00,,0.00,EastMoney,2026-09-01T19:17:05+08:00
BK0459,2026-09-01T00:00:00Z,5859594,5661567,5859594,5619366,5850061,-188494,-3.22,17942319,101305813323,4.84,1.01,0.00,0,7949448,9992871,3181133952000,2736610128000,-6997475840,12573949696,16406669312,-3832719616,22329015040,25493771264,-3164756224,32346111744,30755773440,1590338304,32198427392,26797515264,5400912128,-6.91,-3.78,-3.12,1.57,5.33,0,67,8,59,0,0,0,66.06,0.00,0.00,0.00,,0.00,,0.00,EastMoney,2026-09-01T19:17:05+08:00
BK0464,2026-09-01T00:00:00Z,688272,687620,694817,686192,686931,689,0.10,19134961,18473778893,0.52,1.05,0.00,0,9423055,9711905,5359732224000,3367961440000,-438977456,1564569104,1954771680,-390202576,4230882608,4279657488,-48774880,5586816256,5698307840,-111491584,6713444096,6180253440,533190656,-2.38,-2.11,-0.26,-0.60,2.89,0,49,26,17,6,0,0,13.65,0.00,0.00,0.00,,0.00,,0.00,EastMoney,2026-09-01T19:17:05+08:00
BK0465,2026-09-01T00:00:00Z,3607508,3657776,3668831,3602993,3615761,42015,1.16,32954886,37279659360,3.23,0.90,0.00,0,17553269,15401617,2331931168000,1698425328000,179792576,2821966000,2899249392,-77283392,8256354560,7999278592,257075968,12415496960,12288117760,127379200,12862662400,13121086208,-258423808,0.48,-0.21,0.69,0.34,-0.69,0,160,116,41,3,0,0,51.09,0.00,0.00,0.00,,0.00,,0.00,EastMoney,2026-09-01T19:17:05+08:00
BK0470,2026-09-01T00:00:00Z,992129,1004484,1005452,991455,992509,11975,1.21,12954989,7385015528,4.01,1.41,0.00,0,6569854,6385135,257048756000,226460677000,304027344,953290144,581607392,371682752,1421156960,1488812368,-67655408,2149645216,2395841088,-246195872,2696007024,2743844096,-47837072,4.12,5.03,-0.92,-3.33,-0.65,0,41,30,10,1,0,0,231.67,0.00,0.00,0.00,,0.00,,0.00,EastMoney,2026-09-01T19:17:05+08:00
BK0471,2026-09-01T00:00:00Z,1740819,1747849,1754179,1738387,1738308,9541,0.55,5398710,4453214788,1.99,1.11,0.00,0,2728166,2670544,280469536000,244877808000,-31640096,292159264,311042848,-18883584,863110848,875867360,-12756512,1401365120,1398611712,2753408,1802197104,1767150816,35046288,-0.71,-0.42,-0.29,0.06,0.79,0,27,15,10,2,0,0,38.33,0.00,0.00,0.00,,0.00,,0.00,EastMoney,2026-09-01T19:17:05+08:00
BK0473,2026-09-01T00:00:00Z,14331440,14568445,14602670,14294257,14401852,166593,1.16,31167957,33374577821,1.17,1.07,0.00,0,17091253,14076705,3634342768000,3074280528000,1222006528,5789327104,4612182016,1177145088,8380475648,8335614208,44861440,9684637952,10197958912,-513320960,8950949632,9659635712,-708686080,3.66,3.53,0.13,-1.54,-2.12,0,49,42,4,3,0,0,12.93,0.00,0.00,0.00,,0.00,,0.00,EastMoney,2026-09-01T19:17:05+08:00
BK0474,2026-09-01T00:00:00Z,136602,141309,142139,136158,136975,4334,3.16,5159272,14900811692,0.68,1.99,0.00,0,3004928,2154344,3000410944000,2059058144000,1221138688,3142307776,2475239632,667068144,4810254848,4256184304,554070544,3778650176,4432691200,-654041024,2994775520,3561873120,-567097600,8.20,4.48,3.72,-4.39,-3.81,0,5,5,0,0,0,0,5.32,0.00,0.00,0.00,,0.00,,0.00,EastMoney,2026-09-01T19:17:05+08:00
BK0475,2026-09-01T00:00:00Z,429033,439169,439399,428727,429941,9228,2.15,58243261,43088487035,0.44,1.43,0.00,0,35789740,22453521,16311689728000,10659731200000,540546560,8996529920,8054117888,942412032,10603991296,11005856768,-401865472,12306182144,12232939520,73242624,10632527872,11246317312,-613789440,1.25,2.19,-0.93,0.17,-1.42,0,42,41,1,0,0,0,7.39,0.00,0.00,0.00,,0.00,,0.00,EastMoney,2026-09-01T19:17:05+08:00
BK0476,2026-09-01T00:00:00Z,1587415,1591867,1599333,1583832,1587756,4111,0.26,4387216,5033829998,2.06,1.18,0.00,0,2110608,2276608,237749856000,212409671000,-20485153,267428079,291561056,-24132977,1173414976,1169767152,3647824,1609443600,1575073680,34369920,1870017920,1874312016,-4294096,-0.41,-0.48,0.07,0.68,-0.09,0,38,23,14,1,0,0,95.78,0.00,0.00,0.00,,0.00,,0.00,EastMoney,2026-09-01T19:17:05+08:00
BK0477,2026-09-01T00:00:00Z,3910129,3999258,4022675,3907220,3913007,86251,2.20,3704536,14632170973,1.22,1.39,0.00,0,2051004,1653532,2650722880000,2600442656000,832279184,1916393200,1542003904,374389296,4033934848,3576044960,457889888,5300007936,5515005952,-214998016,3167828848,3785110096,-617281248,5.69,2.56,3.13,-1.47,-4.22,0,38,34,2,2,0,0,20.43,0.00,0.00,0.00,,0.00,,0.00,EastMoney,2026-09-01T19:17:05+08:00
BK0478,2026-09-01T00:00:00Z,2867394,2831658,2874241,2827172,2861308,-29650,-1.04,52464229,110521791276,2.31,0.77,0.00,0,24528799,27935430,5765738752000,4634265344000,-5369080320,11600192512,14402249216,-2802056704,24508887552,27075911168,-2567023616,34228667648,33284302848,944364800,38146426624,33724364288,4422062336,-4.86,-2.54,-2.32,0.85,4.00,0,145,46,94,5,0,0,18.78,0.00,0.00,0.00,,0.00,,0.00,EastMoney,2026-09-01T19:17:05+08:00
BK0479,2026-09-01T00:00:00Z,809223,815380,819380,808813,808805,6575,0.81,18664117,9140525793,0.94,1.03,0.00,0,10306620,8357497,878692720000,787873888000,900384256,1138393248,728616624,409776624,2110555360,1619947728,490607632,2559895792,2360177520,199718272,3132417072,4232519600,-1100102528,9.85,4.48,5.37,2.18,-12.04,0,46,37,7,2,0,0,86.99,0.00,0.00,0.00,,0.00,,0.00,EastMoney,2026-09-01T19:17:05+08:00
BK0480,2026-09-01T00:00:00Z,5166901,5191752,5220560,5146221,5174272,17480,0.34,6624191,15779674049,1.62,1.13,0.00,0,3270172,3354020,1303060512000,1028194000000,164440304,1276950208,1168408864,108541344,3653484944,3597585984,55898960,5136535296,5152300288,-15764992,5447239936,5580182272,-132942336,1.04,0.69,0.35,-0.10,-0.84,0,57,28,28,1,0,0,95.14,0.00,0.00,0.00,,0.00,,0.00,EastMoney,2026-09-01T19:17:05+08:00
BK0481,2026-09-01T00:00:00Z,4372851,4401222,4415988,4372195,4369791,31431,0.72,31126493,47237349872,2.15,1.14,0.00,0,16139791,14986702,2592293600000,2103869184000,946246656,4050626240,3733598144,317028096,10335351808,9706133248,629218560,14852739840,14856118016,-3378176,16953141248,17801269760,-848128512,2.00,0.67,1.33,-0.01,-1.80,0,280,173,97,10,0,0,27.25,0.00,0.00,0.00,,0.00,,0.00,EastMoney,2026-09-01T19:17:05+08:00
BK0482,2026-09-01T00:00:00Z,1670765,1723746,1726796,1670765,1666123,57623,3.46,24768533,12534104662,2.88,1.49,0.00,0,14337957,10430576,458382176000,434497536000,1375923344,1883137120,743287872,1139849248,2769356592,2533282496,236074096,3736648960,4008079792,-271430832,3916706032,5021198592,-1104492560,10.98,9.09,1.88,-2.17,-8.81,0,60,55,3,2,0,0,-18.72,0.00,0.00,0.00,,0.00,,0.00,EastMoney,2026-09-01T19:17:05+08:00
BK0484,2026-09-01T00:00:00Z,999852,1008634,1014907,998668,999660,8974,0.90,1986608,1318404453,1.08,1.00,0.00,0,1029245,957364,144197104000,143511408000,-38112842,52289727,52726649,-436922,216985280,254661200,-37675920,407837216,421521552,-13684336,618494160,566696992,51797168,-2.89,-0.03,-2.86,-1.04,3.93,0,14,10,2,2,0,0,18.82,0.00,0.00,0.00,,0.00,,0.00,EastMoney,2026-09-01T19:17:05+08:00
BK0485,2026-09-01T00:00:00Z,1465782,1491289,1498682,1465782,1463103,28186,1.93,7229371,7416580194,3.19,1.24,0.00,0,3816312,3413059,313337680000,287732576000,309950784,723102224,476514848,246587376,1699776672,1636413264,63363408,2386633568,2468463872,-81830304,2461613200,2689733680,-228120480,4.18,3.32,0.85,-1.10,-3.08,0,39,35,3,1,0,0,41.02,0.00,0.00,0.00,,0.00,,0.00,EastMoney,2026-09-01T19:17:05+08:00
BK0486,2026-09-01T00:00:00Z,980282,1002327,1006534,980282,976168,26159,2.68,71064722,76269408587,4.87,2.09,0.00,0,35228982,35835740,1472919264000,1351875200000,-465714432,10655736320,9773402112,882334208,17017847040,18365895680,-1348048640,22922093568,23656739328,-734645760,23058772224,21814464512,1244307712,-0.61,1.16,-1.77,-0.96,1.63,0,128,109,18,1,0,0,50.65,0.00,0.00,0.00,,0.00,,0.00,EastMoney,2026-09-01T19:17:05+08:00
BK0490,2026-09-01T00:00:00Z,7777045,7801666,7836750,7729598,7779799,21867,0.28,67789391,131564285246,2.20,1.07,0.00,0,33512044,34277347,5858759168000,5126817280000,-552793600,11565153024,11747211776,-182058752,28753373696,29124108544,-370734848,41953600256,41609558016,344042240,46225840384,45920587008,305253376,-0.42,-0.14,-0.28,0.26,0.23,0,428,239,182,7,0,0,75.02,0.00,0.00,0.00,,0.00,,0.00,EastMoney,2026-09-01T19:17:05+08:00
BK0492,2026-09-01T00:00:00Z,1143926,1153315,1164948,1143807,1148839,4476,0.39,42586881,42364353274,2.37,1.32,0.00,0,21052726,21534154,3114180128000,2680955712000,-1157601488,4213154096,4974184960,-761030864,9455401472,9851972096,-396570624,13166098944,13295644416,-129545472,14825951488,13523352832,1302598656,-2.73,-1.80,-0.94,-0.31,3.07,0,78,44,29,5,0,0,18.74,0.00,0.00,0.00,,0.00,,0.00,EastMoney,2026-09-01T19:17:05+08:00
BK0493,2026-09-01T00:00:00Z,1762325,1768712,1773712,1760866,1762350,6362,0.36,61831765,70904610102,1.42,0.96,0.00,0,30839455,30992311,6775420928000,4128198080000,-704082944,7288537344,6967928320,320609024,14546114048,15570806016,-1024691968,22692470528,22875374336,-182903808,25053024256,24138250496,914773760,-0.99,0.45,-1.45,-0.26,1.29,0,215,135,66,14,0,0,25.88,0.00,0.00,0.00,,0.00,,0.00,EastMoney,2026-09-01T19:17:05+08:00
BK0494,2026-09-01T00:00:00Z,1503911,1508977,1513920,1500514,1504029,4948,0.33,85787674,122882781975,2.09,1.09,0.00,0,42223585,43564089,5435561984000,4779040768000,622562048,17808011520,16045461760,1762549760,27938504192,29078491904,-1139987712,39444248320,41151396096,-1707147776,35629591040,34496931072,1132659968,0.51,1.43,-0.93,-1.39,0.92,0,422,254,157,11,0,0,35.57,0.00,0.00,0.00,,0.00,,0.00,EastMoney,2026-09-01T19:17:05+08:00
BK0498,2026-09-01T00:00:00Z,1167799,1191601,1193547,1167438,1173021,18580,1.58,30807461,22509566606,1.82,1.02,0.00,0,14759522,16047939,1289747024000,1054329968000,187770096,3244056784,3171725024,72331760,4437435648,4321997312,115438336,6771001600,6780529152,-9527552,7459932928,7638175488,-178242560,0.83,0.32,0.51,-0.04,-0.79,0,72,61,8,3,0,0,63.51,0.00,0.00,0.00,,0.00,,0.00,EastMoney,2026-09-01T19:17:05+08:00
BK0499,2026-09-01T00:00:00Z,935989,938753,941821,935311,937367,1386,0.15,114948339,247632713561,0.50,1.11,0.00,0,62779599,52168740,46598957056000,29796639744000,-3786927104,41112829952,42757425152,-1644595200,62307652864,64449984768,-2142331904,79413805056,79996645376,-582840320,61185873664,56816104448,4369769216,-1.53,-0.66,-0.87,-0.24,1.76,0,203,123,71,9,0,0,12.40,0.00,0.00,0.00,,0.00,,0.00,EastMoney,2026-09-01T19:17:05+08:00
BK0500,2026-09-01T00:00:00Z,1221440,1223292,1229126,1220758,1222164,1128,0.09,214869581,535708359911,0.64,1.10,0.00,0,112807928,102061653,69116604416000,52695122176000,-16823914496,88921182208,98102198272,-9181016064,139801583616,147444482048,-7642898432,167011074048,164742905856,2268168192,131024723968,116468973568,14555750400,-3.14,-1.71,-1.43,0.42,2.72,0,300,171,119,10,0,0,13.79,0.00,0.00,0.00,,0.00,,0.00,EastMoney,2026-09-01T19:17:05+08:00
BK0501,2026-09-01T00:00:00Z,2239520,2236285,2248443,2221082,2246367,-10082,-0.45,6633416,42980004920,5.37,0.87,0.00,0,2910011,3723405,7561007104000,680884352000,-3703168256,6833310720,9580981760,-2747671040,10975427072,11930924288,-955497216,14266600192,12721915392,1544684800,7741223680,5998230272,1742993408,-8.62,-6.39,-2.22,3.59,4.06,0,151,76,73,2,0,0,60.79,0.00,0.00,0.00,,0.00,,0.00,EastMoney,2026-09-01T19:17:05+08:00
BK0505,2026-09-01T00:00:00Z,889402,896462,899915,888482,890561,5901,0.66,51936736,68173204589,0.47,1.08,0.00,0,27574274,24362462,16720870144000,10587409152000,-1251794688,9585667584,10652160000,-1066492416,16083774464,16269076736,-185302272,20409768192,19884591360,525176832,20926739456,20188947456,737792000,-1.84,-1.56,-0.27,0.77,1.08,0,102,78,20,4,0,0,11.78,0.00,0.00,0.00,,0.00,,0.00,EastMoney,2026-09-01T19:17:05+08:00
BK0506,2026-09-01T00:00:00Z,1766651,1785435,1789271,1766109,1766366,19069,1.08,102546751,145860879547,2.60,1.27,0.00,0,51757788,50788963,5667139840000,5282178048000,-3024145408,17433263872,18040962816,-607698944,31625221376,34041667840,-2416446464,44306877184,45070965760,-764088576,49829990400,46038749440,3791240960,-2.07,-0.42,-1.66,-0.52,2.60,0,300,208,78,14,0,0,32.45,0.00,0.00,0.00,,0.00,,0.00,EastMoney,2026-09-01T19:17:05+08:00
BK0509,2026-09-01T00:00:00Z,1307786,1326421,1332587,1307786,1307487,18934,1.45,34375942,41281882270,3.85,1.71,0.00,0,17043890,17332052,1079829136000,1014757728000,-742048768,4738343936,4792560384,-54216448,9337300736,10025133056,-687832320,13116161280,13353882368,-237721088,13222723072,12242953472,979769600,-1.80,-0.13,-1.67,-0.58,2.37,0,66,50,15,1,0,0,44.24,0.00,0.00,0.00,,0.00,,0.00,EastMoney,2026-09-01T19:17:05+08:00
BK0511,2026-09-01T00:00:00Z,643948,649094,649460,643948,644236,4858,0.75,27290936,11660365419,1.54,0.95,0.00,0,13149040,14141895,731083856000,683355360000,-221042752,659741120,746471088,-86729968,3373181088,3507493872,-134312784,4301529344,4296832768,4696576,2884355312,2671928176,212427136,-1.90,-0.74,-1.15,0.04,1.82,0,203,120,62,21,0,0,-5.75,0.00,0.00,0.00,,0.00,,0.00,EastMoney,2026-09-01T19:17:05+08:00
BK0512,2026-09-01T00:00:00Z,2939639,2954082,2976114,2938454,2939164,14918,0.51,40108265,47049053692,3.22,1.33,0.00,0,19545572,20562693,1980440736000,1807507696000,-879225856,4846314752,5296832768,-450518016,10333224960,10761932800,-428707840,14871852288,14978588928,-106736640,16142180608,15156218112,985962496,-1.87,-0.96,-0.91,-0.23,2.10,0,94,55,32,7,0,0,23.33,0.00,0.00,0.00,,0.00,,0.00,EastMoney,2026-09-01T19:17:05+08:00
BK0514,2026-09-01T00:00:00Z,1431632,1457369,1460312,1431632,1435112,22257,1.55,55745988,58410693605,1.78,1.27,0.00,0,29758097,25987891,3756211408000,3070699312000,1125440256,8000641024,7700786176,299854848,14117120256,13291534848,825585408,17581598208,18042159616,-460561408,17534253568,18199132416,-664878848,1.93,0.51,1.41,-0.79,-1.14,0,127,106,18,3,0,0,11.88,0.00,0.00,0.00,,0.00,,0.00,EastMoney,2026-09-01T19:17:05+08:00
BK0519,2026-09-01T00:00:00Z,3835191,3808943,3875939,3805364,3835187,-26244,-0.68,43197019,79109968649,1.87,0.95,0.00,0,20451045,22745974,5405519104000,4581014528000,-2988849664,9503194880,11024655616,-1521460736,18606325760,20073714688,-1467388928,24015649280,23606768384,408880896,25621524992,23041555968,2579969024,-3.78,-1.92,-1.85,0.52,3.26,0,80,27,49,4,0,0,17.97,0.00,0.00,0.00,,0.00,,0.00,EastMoney,2026-09-01T19:17:05+08:00
BK0520,2026-09-01T00:00:00Z,1345018,1355965,1359853,1344475,1346323,9642,0.72,1647255,4417878347,2.36,1.07,0.00,0,841633,805622,237802303000,175009106000,57402380,222879869,226114385,-3234516,912261184,851624288,60636896,1365892400,1435105936,-69213536,1838944848,1827133712,11811136,1.30,-0.07,1.37,-1.57,0.27,0,18,11,7,0,0,0,24.10,0.00,0.00,0.00,,0.00,,0.00,EastMoney,2026-09-01T19:17:05+08:00
BK0523,2026-09-01T00:00:00Z,4031110,3990432,4031110,3974763,4028379,-37947,-0.94,91685831,202522509430,2.85,0.97,0.00,0,42578160,49107672,7103159296000,6374419456000,-9742880768,20345677824,25908599040,-5562921216,43575893248,47755852800,-4179959552,64808061952,62456370688,2351691264,69594578944,62324114432,7270464512,-4.81,-2.75,-2.06,1.16,3.59,0,394,149,234,11,0,0,41.08,0.00,0.00,0.00,,0.00,,0.00,EastMoney,2026-09-01T19:17:05+08:00
BK0524,2026-09-01T00:00:00Z,3099739,3140558,3150176,3095504,3108282,32276,1.04,21781577,25646391820,1.19,1.06,0.00,0,11322240,10459337,3025959904000,2448749216000,693787456,4162407824,3569503312,592904512,6532437504,6431554560,100882944,7544777472,7745981696,-201204224,6981502976,7474085888,-492582912,2.71,2.31,0.39,-0.78,-1.92,0,46,37,8,1,0,0,8.17,0.00,0.00,0.00,,0.00,,0.00,EastMoney,2026-09-01T19:17:05+08:00
BK0525,2026-09-01T00:00:00Z,1210196,1227328,1229407,1210196,1212312,15016,1.24,111538304,115260955961,1.25,1.22,0.00,0,58130094,53408210,12005403904000,9846504960000,1623602432,15941914880,14747809792,1194105088,26526885120,26097387776,429497344,34067377152,35720214528,-1652837376,36557523456,36530160896,27362560,1.41,1.04,0.37,-1.43,0.02,0,230,174,47,9,0,0,10.98,0.00,0.00,0.00,,0.00,,0.00,EastMoney,2026-09-01T19:17:05+08:00
BK0528,2026-09-01T00:00:00Z,1268551,1268077,1273016,1263564,1268579,-502,-0.04,58526276,103168294972,1.53,1.08,0.00,0,29568909,28957366,6141645312000,5527107840000,-2289880832,8985643776,10172119040,-1186475264,22617931520,23721337088,-1103405568,34883562240,33951235584,932326656,35149893376,33792338944,1357554432,-2.22,-1.15,-1.07,0.90,1.32,0,316,175,132,9,0,0,31.90,0.00,0.00,0.00,,0.00,,0.00,EastMoney,2026-09-01T19:17:05+08:00
BK0534,2026-09-01T00:00:00Z,2119517,2138463,2141946,2117841,2121426,17037,0.80,24825953,30220552524,1.60,1.15,0.00,0,12520626,12305327,1942284432000,1760999424000,-43251520,3064468000,3253598816,-189130816,6999344640,6853465344,145879296,9464630784,9451042560,13588224,10112562176,10082898688,29663488,-0.14,-0.63,0.48,0.04,0.10,0,85,61,22,2,0,0,21.56,0.00,0.00,0.00,,0.00,,0.00,EastMoney,2026-09-01T19:17:05+08:00
BK0535,2026-09-01T00:00:00Z,2408736,2404348,2415071,2389953,2405761,-1413,-0.06,161588022,272915270589,4.56,1.20,0.00,0,79001723,82586299,9523345920000,6502574848000,-6099820544,24933617408,27280070656,-2346453248,57306624512,61059991808,-3753367296,86844411904,85168218112,1676193792,98470551552,94046924800,4423626752,-2.24,-0.86,-1.38,0.61,1.62,0,811,395,400,16,0,0,35.52,0.00,0.00,0.00,,0.00,,0.00,EastMoney,2026-09-01T19:17:05+08:00
BK0536,2026-09-01T00:00:00Z,1653014,1628218,1653497,1626510,1651956,-23738,-1.44,84269319,468862632327,13.17,3.28,0.00,0,40376405,43892913,18868712192000,17486835456000,-14876003072,67741660416,76499345408,-8757684992,121059696640,127178014720,-6118318080,156574740480,154860736512,1714003968,116201168896,102975148032,13226020864,-3.17,-1.87,-1.30,0.37,2.82,0,341,105,234,2,0,0,39.41,0.00,0.00,0.00,,0.00,,0.00,EastMoney,2026-09-01T19:17:05+08:00
BK0538,2026-09-01T00:00:00Z,3209597,3216519,3229870,3195108,3203128,13391,0.42,27042099,46827608566,3.13,1.13,0.00,0,12787884,14254215,1738563936000,1576702944000,-1342279408,3894158864,4546513664,-652354800,9732015872,10421940480,-689924608,15022693376,14808397568,214295808,16956121600,15776529152,1179592448,-2.87,-1.39,-1.47,0.46,2.52,0,185,115,69,1,0,0,32.12,0.00,0.00,0.00,,0.00,,0.00,EastMoney,2026-09-01T19:17:05+08:00
BK0539,2026-09-01T00:00:00Z,1220617,1235102,1240274,1219965,1223098,12004,0.98,5144596,3827938191,2.48,0.95,0.00,0,2638044,2506551,210308669000,199180596000,-15336944,272272752,282826256,-10553504,867808992,872592432,-4783440,1201192560,1184474752,16717808,1423933616,1425314512,-1380896,-0.40,-0.28,-0.12,0.44,-0.04,0,22,17,4,1,0,0,-151.49,0.00,0.00,0.00,,0.00,,0.00,EastMoney,2026-09-01T19:17:05+08:00
BK0545,2026-09-01T00:00:00Z,5099001,5061088,5099001,5028439,5099030,-37942,-0.74,35311924,64505073276,4.02,1.13,0.00,0,17483643,17828281,2386481168000,1675071840000,-810117632,5874710016,6009324800,-134614784,14399067904,15074570752,-675502848,20237705216,19845011712,392693504,21851133440,21503315712,347817728,-1.26,-0.21,-1.05,0.61,0.54,0,258,98,153,7,0,0,86.76,0.00,0.00,0.00,,0.00,,0.00,EastMoney,2026-09-01T19:17:05+08:00
BK0546,2026-09-01T00:00:00Z,6641333,6478192,6643671,6466926,6574019,-95827,-1.46,7692230,25717408594,3.78,1.33,0.00,0,3469213,4223018,590322480000,484659024000,-1593592640,3723108032,4762388736,-1039280704,5697442048,6251753984,-554311936,7955353344,7498712320,456641024,7693384448,6556433152,1136951296,-6.20,-4.04,-2.16,1.78,4.42,0,17,9,8,0,0,0,98.25,0.00,0.00,0.00,,0.00,,0.00,EastMoney,2026-09-01T19:17:05+08:00
BK0547,2026-09-01T00:00:00Z,2076275,2083010,2105629,2076275,2073601,9409,0.45,42264293,63841190127,2.40,0.79,0.00,0,20566344,21697949,3336468928000,2854319856000,-1886045184,7596435968,8703587840,-1107151872,14885611008,15664504320,-778893312,19195072768,19062443264,132629504,20755183360,19006928640,1748254720,-2.95,-1.73,-1.22,0.21,2.74,0,74,41,28,5,0,0,18.61,0.00,0.00,0.00,,0.00,,0.00,EastMoney,2026-09-01T19:17:05+08:00
BK0548,2026-09-01T00:00:00Z,2636568,2662457,2668103,2633685,2638760,23697,0.90,16468374,17990172201,2.31,0.96,0.00,0,8685229,7783145,1058725600000,936915072000,230486416,1184448336,1137070096,47378240,3979373744,3796265568,183108176,6077297408,6051231488,26065920,6410575104,6662159872,-251584768,1.28,0.26,1.02,0.14,-1.40,0,72,58,14,0,0,0,79.44,0.00,0.00,0.00,,0.00,,0.00,EastMoney,2026-09-01T19:17:05+08:00
BK0549,2026-09-01T00:00:00Z,4030092,4031635,4044521,4007678,4032923,-1288,-0.03,87595908,167270133685,2.01,1.08,0.00,0,43386250,44209658,11068227840000,9198035456000,-1005647872,18902896896,20137342464,-1234445568,39068544000,38839746304,228797696,51883216640,52396313856,-513097216,54194908672,52665077248,1529831424,-0.60,-0.74,0.14,-0.31,0.91,0,347,187,152,8,0,0,23.07,0.00,0.00,0.00,,0.00,,0.00,EastMoney,2026-09-01T19:17:05+08:00
BK0552,2026-09-01T00:00:00Z,1732228,1739934,1744916,1731194,1731876,8058,0.47,335493270,423378403528,1.17,1.11,0.00,0,171326738,164166532,38925128192000,28925455616000,-1457124096,53781144832,52481820672,1299324160,96406843392,99163291648,-2756448256,135044829184,136328548352,-1283719168,129587843072,126726832128,2861010944,-0.34,0.31,-0.65,-0.30,0.68,0,1085,655,404,26,0,0,12.89,0.00,0.00,0.00,,0.00,,0.00,EastMoney,2026-09-01T19:17:05+08:00
BK0554,2026-09-01T00:00:00Z,1661346,1667910,1674088,1653401,1660199,7711,0.46,90314681,206334321171,2.41,1.05,0.00,0,43858383,46456297,10537926912000,7742019328000,-8025759488,24413076992,29371065856,-4957988864,44930049280,47997819904,-3067770624,64741837568,63766845952,974991616,68221316096,61120368640,7100947456,-3.89,-2.40,-1.49,0.47,3.44,0,383,231,146,6,0,0,31.16,0.00,0.00,0.00,,0.00,,0.00,EastMoney,2026-09-01T19:17:05+08:00
BK0556,2026-09-01T00:00:00Z,1209095,1233182,1236095,1208256,1209561,23621,1.95,25602724,37277384414,2.58,1.22,0.00,0,13697171,11905554,3150509344000,1018045008000,-52067104,4080849712,3985040976,95808736,8151897088,8299772928,-147875840,11656288000,11942348032,-286060032,12766611712,12428484864,338126848,-0.14,0.26,-0.40,-0.77,0.91,0,68,55,13,0,0,0,21.36,0.00,0.00,0.00,,0.00,,0.00,EastMoney,2026-09-01T19:17:05+08:00
BK0566,2026-09-01T00:00:00Z,1053244,1065791,1069034,1053244,1057075,8716,0.82,7164671,3755198095,2.09,1.11,0.00,0,3713078,3451593,210680076000,195535465000,49176080,376692672,321033888,55658784,777613520,784096224,-6482704,1122413936,1190593920,-68179984,1400744848,1381740928,19003920,1.31,1.48,-0.17,-1.82,0.51,0,21,17,3,1,0,0,-80.64,0.00,0.00,0.00,,0.00,,0.00,EastMoney,2026-09-01T19:17:05+08:00
BK0567,2026-09-01T00:00:00Z,370690,371757,373260,369686,370779,978,0.26,50959198,126169025744,2.68,1.28,0.00,0,25519095,25440103,5372039680000,4818445568000,-3619466752,14410507776,16756978944,-2346471168,29218046976,30491042560,-1272995584,42550060032,42115606784,434453248,37486566656,34301553152,3185013504,-2.87,-1.86,-1.01,0.34,2.52,0,212,118,88,6,0,0,36.55,0.00,0.00,0.00,,0.00,,0.00,EastMoney,2026-09-01T19:17:05+08:00
BK0568,2026-09-01T00:00:00Z,143963,143511,144354,143373,143879,-368,-0.26,221774531,574363987807,1.92,1.10,0.00,0,108688760,113085770,30039251200000,25654167040000,-19462119424,77419765760,85915779072,-8496013312,134287069184,145253175296,-10966106112,184798367744,183403732992,1394634752,168179896320,150112411648,18067484672,-3.39,-1.48,-1.91,0.24,3.15,0,500,265,228,7,0,0,30.92,0.00,0.00,0.00,,0.00,,0.00,EastMoney,2026-09-01T19:17:05+08:00
BK0574,2026-09-01T00:00:00Z,422064,419344,422251,417533,422073,-2729,-0.65,100886206,210630793533,2.31,0.98,0.00,0,47901228,52984979,11092710656000,9456201984000,-9250528768,19973048576,24913946624,-4940898048,45454498048,49764128768,-4309630720,68114127872,65881252096,2232875776,72859713536,65841209856,7018503680,-4.39,-2.35,-2.05,1.06,3.33,0,436,174,250,12,0,0,29.13,0.00,0.00,0.00,,0.00,,0.00,EastMoney,2026-09-01T19:17:05+08:00
BK0577,2026-09-01T00:00:00Z,276024,276574,277399,275024,276202,372,0.13,65125255,71274481592,1.42,1.13,0.00,0,33669517,31455738,4870054656000,4082897120000,-1841548288,7406253312,8182970880,-776717568,14705448960,15770279680,-1064830720,21612418560,21858425088,-246006528,25921168640,23855743232,2065425408,-2.58,-1.09,-1.49,-0.35,2.90,0,207,124,74,9,0,0,29.19,0.00,0.00,0.00,,0.00,,0.00,EastMoney,2026-09-01T19:17:05+08:00
BK0578,2026-09-01T00:00:00Z,353435,349298,353880,348306,353695,-4397,-1.24,13686267,23215057278,1.63,0.89,0.00,0,6636791,7049475,1187508880000,1065807168000,-1499744912,2076695824,2711975072,-635279248,4742705408,5607171072,-864465664,7507385600,7116959744,390425856,8510880256,7391938560,1118941696,-6.46,-2.74,-3.72,1.68,4.82,0,46,11,33,2,0,0,26.40,0.00,0.00,0.00,,0.00,,0.00,EastMoney,2026-09-01T19:17:05+08:00
BK0579,2026-09-01T00:00:00Z,330756,334291,335132,330260,330608,3683,1.11,43259927,104007925876,1.93,1.24,0.00,0,21740808,21519119,7199803648000,4727293440000,-1988912128,13319888640,14326210048,-1006321408,23893558272,24876148992,-982590720,32921383680,32916755456,4628224,31950212864,29946489344,2003723520,-1.91,-0.97,-0.94,0.00,1.93,0,147,106,39,2,0,0,27.66,0.00,0.00,0.00,,0.00,,0.00,EastMoney,2026-09-01T19:17:05+08:00
BK0580,2026-09-01T00:00:00Z,490742,486907,490742,482672,490883,-3976,-0.81,28408470,56274504305,2.80,0.98,0.00,0,12610801,15797668,2156886512000,1885872672000,-4072011520,6382689792,8818135552,-2435445760,12337355776,13973921536,-1636565760,19085978880,17600016896,1485961984,17510204160,14942125312,2568078848,-7.24,-4.33,-2.91,2.64,4.56,0,92,37,52,3,0,0,74.99,0.00,0.00,0.00,,0.00,,0.00,EastMoney,2026-09-01T19:17:05+08:00
BK0581,2026-09-01T00:00:00Z,206596,206942,207594,205509,206553,389,0.19,38263492,59592386157,2.49,0.99,0.00,0,18739145,19524347,2627765088000,2281518608000,-3207781232,4276385168,6328056320,-2051671152,11750778624,12906888704,-1156110080,19239858176,18751896576,487961600,23156960256,20407661312,2749298944,-5.38,-3.44,-1.94,0.82,4.61,0,201,116,79,6,0,0,41.22,0.00,0.00,0.00,,0.00,,0.00,EastMoney,2026-09-01T19:17:05+08:00
BK0588,2026-09-01T00:00:00Z,399502,399198,400581,397038,399639,-441,-0.11,107588272,161631824831,1.69,0.99,0.00,0,52778045,54810227,9547245312000,7643285248000,-6130131712,14549071872,16876935936,-2327864064,33529724160,37331991808,-3802267648,52356153600,50549560320,1806593280,57649549056,53389829376,4259719680,-3.79,-1.44,-2.35,1.12,2.64,0,446,235,192,19,0,0,42.31,0.00,0.00,0.00,,0.00,,0.00,EastMoney,2026-09-01T19:17:05+08:00
BK0590,2026-09-01T00:00:00Z,344880,348070,349020,344733,344773,3297,0.96,179442968,237019848386,2.24,1.15,0.00,0,91538038,87904930,12618433536000,11576083712000,-1596051456,26697312512,27672522752,-975210240,56918400000,57539241216,-620841216,73599234048,74799591424,-1200357376,74592411648,71643111424,2949300224,-0.67,-0.41,-0.26,-0.51,1.24,0,608,408,179,21,0,0,31.38,0.00,0.00,0.00,,0.00,,0.00,EastMoney,2026-09-01T19:17:05+08:00
BK0592,2026-09-01T00:00:00Z,267179,268999,269590,266887,266951,2048,0.77,27320129,29802144232,0.98,1.10,0.00,0,14612141,12707988,3106758384000,2641889392000,-333707456,3184049312,3361517152,-177467840,6292915456,6449155072,-156239616,8954638592,8968962560,-14323968,10760455936,10384331776,376124160,-1.12,-0.60,-0.52,-0.05,1.26,0,127,82,41,4,0,0,17.12,0.00,0.00,0.00,,0.00,,0.00,EastMoney,2026-09-01T19:17:05+08:00
BK0594,2026-09-01T00:00:00Z,284546,287517,288089,284457,285044,2473,0.87,141363660,178873326094,1.95,1.16,0.00,0,71542528,69821132,9658646784000,8306574336000,-5076148480,20582197248,21443596288,-861399040,38549011968,42763761408,-4214749440,55716656128,55736944640,-20288512,61154386432,56057949184,5096437248,-2.84,-0.48,-2.36,-0.01,2.85,0,408,294,99,15,0,0,19.74,0.00,0.00,0.00,,0.00,,0.00,EastMoney,2026-09-01T19:17:05+08:00
BK0595,2026-09-01T00:00:00Z,257279,257729,258624,256795,257277,452,0.18,72054340,121130938257,1.34,1.02,0.00,0,36004859,36049481,8753090560000,5852546560000,-3879137792,14892217344,16183101952,-1290884608,25903902976,28492156160,-2588253184,37171339776,37076775680,94564096,40636350464,36811041536,3825308928,-3.20,-1.07,-2.14,0.08,3.16,0,251,151,89,11,0,0,19.65,0.00,0.00,0.00,,0.00,,0.00,EastMoney,2026-09-01T19:17:05+08:00
BK0596,2026-09-01T00:00:00Z,311837,312914,314062,311106,312019,895,0.29,994663889,1786346464057,1.54,1.12,0.00,0,506607020,488056869,123094126592000,93376466944000,-31309455360,209844076544,226485985280,-16641908736,415691968512,430359515136,-14667546624,573665206272,566560677888,7104528384,547393617920,522117586944,25276030976,-1.75,-0.93,-0.82,0.40,1.41,0,3860,2249,1536,75,0,0,20.48,0.00,0.00,0.00,,0.00,,0.00,EastMoney,2026-09-01T19:17:05+08:00
BK0597,2026-09-01T00:00:00Z,196909,198350,198758,196662,196920,1430,0.73,37211678,32794009723,1.67,1.20,0.00,0,19532848,17678829,2179847168000,2009289696000,494784848,3657950528,3085068528,572882000,7014770432,7092867584,-78097152,9794424832,10416667392,-622242560,11651361280,11509626368,141734912,1.51,1.75,-0.24,-1.90,0.43,0,113,85,25,3,0,0,20.82,0.00,0.00,0.00,,0.00,,0.00,EastMoney,2026-09-01T19:17:05+08:00
BK0600,2026-09-01T00:00:00Z,294744,297670,298177,294744,294723,2947,1.00,43712519,46222202241,3.11,1.33,0.00,0,22419845,21292674,1530203696000,1428999424000,-205996032,5006074368,4825356800,180717568,9853737728,10240451328,-386713600,14072987392,14249888000,-176900608,16429906176,16047009536,382896640,-0.45,0.39,-0.84,-0.38,0.83,0,104,76,27,1,0,0,40.71,0.00,0.00,0.00,,0.00,,0.00,EastMoney,2026-09-01T19:17:05+08:00
BK0601,2026-09-01T00:00:00Z,223786,224471,225554,223254,224040,431,0.19,24128567,46257094257,1.73,0.92,0.00,0,11751844,12376723,2205165184000,1762074288000,-1942032896,5110542592,6335880192,-1225337600,10099430656,10816125952,-716695296,14725073920,14711129856,13944064,15508754944,13571356416,1937398528,-4.20,-2.65,-1.55,0.03,4.19,0,76,47,26,3,0,0,33.92,0.00,0.00,0.00,,0.00,,0.00,EastMoney,2026-09-01T19:17:05+08:00
BK0603,2026-09-01T00:00:00Z,264347,264418,266223,263765,264180,238,0.09,14375243,9773234858,0.44,0.96,0.00,0,7448747,6926496,3221192800000,2765027856000,-249535968,981808256,1100942640,-119134384,2096143376,2226544960,-130401584,2907880640,2941422928,-33542288,3622483088,3337111968,285371120,-2.55,-1.22,-1.33,-0.34,2.92,0,32,19,11,2,0,0,14.70,0.00,0.00,0.00,,0.00,,0.00,EastMoney,2026-09-01T19:17:05+08:00
BK0604,2026-09-01T00:00:00Z,263536,268064,268261,263154,264199,3865,1.46,47288243,36254011225,0.74,1.40,0.00,0,26103700,21184543,6684905472000,5583960576000,182481664,5131185152,4765984256,365200896,7982505216,8165224448,-182719232,10938953728,10858943744,80009984,11605748480,11868240128,-262491648,0.50,1.01,-0.50,0.22,-0.72,0,75,66,9,0,0,0,10.49,0.00,0.00,0.00,,0.00,,0.00,EastMoney,2026-09-01T19:17:05+08:00
BK0606,2026-09-01T00:00:00Z,209978,210913,212114,209914,209949,964,0.46,9751816,11934418020,1.38,1.00,0.00,0,4702464,5049352,2298350720000,613913504000,-399345104,745180160,885785600,-140605440,2417124288,2675863952,-258739664,3591935536,3764889888,-172954352,4766811648,4172474096,594337552,-3.35,-1.18,-2.17,-1.45,4.98,0,53,30,20,3,0,0,14.15,0.00,0.00,0.00,,0.00,,0.00,EastMoney,2026-09-01T19:17:05+08:00
BK0610,2026-09-01T00:00:00Z,241865,243345,244022,241682,242063,1282,0.53,30570265,75472836459,0.43,1.16,0.00,0,17183288,13386977,17406881536000,11818132480000,-127975936,12348838912,13073961472,-725122560,19836494080,19239347456,597146624,22763821568,23437633280,-673811712,19111149312,18309361664,801787648,-0.17,-0.96,0.79,-0.89,1.06,0,50,31,17,2,0,0,10.30,0.00,0.00,0.00,,0.00,,0.00,EastMoney,2026-09-01T19:17:05+08:00
BK0611,2026-09-01T00:00:00Z,211459,212608,213227,211275,211919,689,0.33,49469069,139948408152,0.31,1.07,0.00,0,27313010,22156059,29089491712000,23298217728000,-1063705600,26209868288,27749397760,-1539529472,42539788288,42063964416,475823872,41598459904,41340800512,257659392,27504918016,26698871808,806046208,-0.76,-1.10,0.34,0.18,0.58,0,50,29,16,5,0,0,11.03,0.00,0.00,0.00,,0.00,,0.00,EastMoney,2026-09-01T19:17:05+08:00
BK0612,2026-09-01T00:00:00Z,174345,174798,175548,174277,174629,169,0.10,138400980,287148950118,0.50,1.14,0.00,0,76667561,61733419,51033505536000,37334633472000,-5757431552,47128712192,51579081472,-4450369280,78134968320,79442030592,-1307062272,88245960704,86447124480,1798836224,69039738880,65081140992,3958597888,-2.01,-1.55,-0.46,0.63,1.38,0,180,105,66,9,0,0,11.75,0.00,0.00,0.00,,0.00,,0.00,EastMoney,2026-09-01T19:17:05+08:00
BK0614,2026-09-01T00:00:00Z,746817,756393,757274,746412,748202,8191,1.09,8794108,10909590898,2.86,1.15,0.00,0,4694115,4099992,418668416000,351426880000,170071040,721403904,579099360,142304544,2313235680,2285469184,27766496,3462299680,3543309760,-81010080,4193979488,4273401408,-79421920,1.56,1.30,0.25,-0.74,-0.73,0,50,35,14,1,0,0,86.42,0.00,0.00,0.00,,0.00,,0.00,EastMoney,2026-09-01T19:17:05+08:00
BK0615,2026-09-01T00:00:00Z,220403,225131,225426,220163,221002,4129,1.87,45965657,37489169821,3.38,1.07,0.00,0,24224022,21741635,1780207664000,1666243216000,1641131088,4015598608,2600762048,1414836560,7987964416,7761669888,226294528,11611704320,11996820992,-385116672,12731121920,13890957056,-1159835136,4.38,3.77,0.60,-1.03,-3.09,0,146,120,23,3,0,0,34.58,0.00,0.00,0.00,,0.00,,0.00,EastMoney,2026-09-01T19:17:05+08:00
BK0617,2026-09-01T00:00:00Z,283937,283541,284775,281785,283934,-393,-0.14,25381549,38903294716,3.34,1.07,0.00,0,12183602,13197947,1073707040000,961754144000,-970092672,3781705856,4469463552,-687757696,8507215616,8789550592,-282334976,12175230720,11857460992,317769728,13455350272,12811400704,643949568,-2.49,-1.77,-0.73,0.82,1.66,0,71,37,33,1,0,0,281.87,0.00,0.00,0.00,,0.00,,0.00,EastMoney,2026-09-01T19:17:05+08:00
BK0619,2026-09-01T00:00:00Z,876742,864323,876742,860115,878339,-14016,-1.60,14799350,52343669630,2.94,0.97,0.00,0,6450700,8348650,1462514480000,1276112144000,-2341701120,5495741184,6994111232,-1498370048,11428153344,12271484416,-843331072,17430339584,17227093504,203246080,16979059968,14827481856,2151578112,-4.47,-2.86,-1.61,0.39,4.11,0,81,28,52,1,0,0,74.53,0.00,0.00,0.00,,0.00,,0.00,EastMoney,2026-09-01T19:17:05+08:00
BK0622,2026-09-01T00:00:00Z,616152,607001,616703,601861,617919,-10918,-1.77,1814452,3706826360,2.60,0.95,0.00,0,740054,1074398,119302828000,117179372000,-242127744,273873264,356967760,-83094496,708452976,867486224,-159033248,1201137888,1122708448,78429440,1474267216,1310568912,163698304,-6.53,-2.24,-4.29,2.12,4.42,0,9,4,5,0,0,0,48.44,0.00,0.00,0.00,,0.00,,0.00,EastMoney,2026-09-01T19:17:05+08:00
BK0623,2026-09-01T00:00:00Z,330590,332713,333995,330273,330935,1778,0.54,33456780,44401164123,1.75,1.03,0.00,0,16859832,16596948,2296841056000,1995237184000,-2290527536,4053556688,5441780736,-1388224048,9210281472,10112584960,-902303488,13560462592,13229436416,331026176,16700404736,14703770368,1996634368,-5.16,-3.13,-2.03,0.75,4.50,0,113,72,38,3,0,0,21.69,0.00,0.00,0.00,,0.00,,0.00,EastMoney,2026-09-01T19:17:05+08:00
BK0625,2026-09-01T00:00:00Z,532611,536096,538627,531910,533879,2217,0.42,9646297,9127391271,1.09,1.04,0.00,0,4454522,5191776,881714128000,752086176000,146844432,858322032,771697600,86624432,2131244720,2071024720,60220000,2837611520,2841158736,-3547216,3159310096,3299871808,-140561712,1.61,0.95,0.66,-0.04,-1.54,0,36,18,14,4,0,0,-33.49,0.00,0.00,0.00,,0.00,,0.00,EastMoney,2026-09-01T19:17:05+08:00
BK0628,2026-09-01T00:00:00Z,548662,553750,555132,548147,548848,4902,0.89,51276937,74086388685,2.75,1.08,0.00,0,25031428,26245510,2606244336000,2398717840000,-2200150784,7935759872,9465062912,-1529303040,15907951616,16578799360,-670847744,23312510464,22676766720,635743744,25179551232,23538454016,1641097216,-2.97,-2.06,-0.91,0.86,2.22,0,218,157,58,3,0,0,102.82,0.00,0.00,0.00,,0.00,,0.00,EastMoney,2026-09-01T19:17:05+08:00
BK0629,2026-09-01T00:00:00Z,619500,622658,625586,616238,619380,3278,0.53,13765471,19850595411,1.35,1.15,0.00,0,7078503,6686968,1199678896000,1014385600000,-541932880,1155497040,1439183824,-283686784,3895513056,4153759152,-258246096,6380056320,6310327040,69729280,8023593728,7547496704,476097024,-2.73,-1.43,-1.30,0.35,2.40,0,77,46,28,3,0,0,98.61,0.00,0.00,0.00,,0.00,,0.00,EastMoney,2026-09-01T19:17:05+08:00
BK0632,2026-09-01T00:00:00Z,175756,181270,181933,175756,176253,5017,2.85,25317453,15117131973,3.34,1.09,0.00,0,13310168,12007284,416231264000,371123536000,1135788000,2382135328,1250850624,1131284704,3425176912,3420673616,4503296,4378383104,4837218560,-458835456,4500372992,5177325568,-676952576,7.51,7.48,0.03,-3.04,-4.48,0,45,41,4,0,0,0,-61.49,0.00,0.00,0.00,,0.00,,0.00,EastMoney,2026-09-01T19:17:05+08:00
BK0634,2026-09-01T00:00:00Z,505092,511080,512286,504848,505386,5694,1.13,89237618,156282849987,2.69,1.20,0.00,0,44425244,44812374,5968583936000,5628119040000,-4572015872,17386455040,19920799488,-2534344448,35077509376,37115180800,-2037671424,49309466880,48922854912,386611968,51716269056,47472919296,4243349760,-2.93,-1.62,-1.30,0.25,2.72,0,294,209,79,6,0,0,48.12,0.00,0.00,0.00,,0.00,,0.00,EastMoney,2026-09-01T19:17:05+08:00
BK0636,2026-09-01T00:00:00Z,89230,89071,89441,88943,89295,-224,-0.25,1028259,183294765,0.40,1.43,0.00,0,396190,632069,681802496000,110190156000,-5244094,8595639,8926800,-331161,25131616,30044549,-4912933,69307723,66973990,2333733,76450789,73540427,2910362,-2.86,-0.18,-2.68,1.27,1.59,0,79,31,34,14,0,0,24.90,0.00,0.00,0.00,,0.00,,0.00,EastMoney,2026-09-01T19:17:05+08:00
BK0637,2026-09-01T00:00:00Z,509260,519486,520125,508938,510536,8950,1.75,125597480,131008708540,0.76,1.28,0.00,0,70779269,54818211,21810264064000,15218608384000,3159254016,20661773056,18040622080,2621150976,32554891776,32016788736,538103040,39348109824,40310056704,-961946880,36326595840,38509198080,-2182602240,2.41,2.00,0.41,-0.73,-1.67,0,191,162,23,6,0,0,8.56,0.00,0.00,0.00,,0.00,,0.00,EastMoney,2026-09-01T19:17:05+08:00
BK0638,2026-09-01T00:00:00Z,249258,245979,249484,245713,248866,-2887,-1.16,34137826,214868434518,2.81,1.12,0.00,0,15959604,18178222,10076179712000,8493669888000,-7777940480,35521530368,37838029312,-2316498944,53181419008,58642860544,-5461441536,70447325184,71584690176,-1137364992,52080421376,43165115136,8915306240,-3.62,-1.08,-2.54,-0.53,4.15,0,100,40,60,0,0,0,38.93,0.00,0.00,0.00,,0.00,,0.00,EastMoney,2026-09-01T19:17:05+08:00
BK0641,2026-09-01T00:00:00Z,425635,421903,425635,418915,425759,-3856,-0.91,39870652,105244009568,2.80,0.96,0.00,0,17935484,21935168,4196150736000,3655721312000,-7767791360,11822360832,16830954752,-5008593920,23276517632,26035715072,-2759197440,34464734720,32640448512,1824286208,33399444736,27428370432,5971074304,-7.38,-4.76,-2.62,1.73,5.67,0,132,47,84,1,0,0,42.34,0.00,0.00,0.00,,0.00,,0.00,EastMoney,2026-09-01T19:17:05+08:00
BK0643,2026-09-01T00:00:00Z,331760,335398,336238,331491,332253,3145,0.95,5950245,9675266217,0.83,1.36,0.00,0,3264547,2685698,938011712000,765407008000,-153777056,821937808,1025578096,-203640288,2154708672,2104845440,49863232,3202619312,3242064592,-39445280,3357649744,3164427392,193222352,-1.59,-2.10,0.52,-0.41,2.00,0,35,28,7,0,0,0,24.82,0.00,0.00,0.00,,0.00,,0.00,EastMoney,2026-09-01T19:17:05+08:00
BK0644,2026-09-01T00:00:00Z,673533,668486,673533,665570,673092,-4606,-0.68,42667082,117632692632,2.13,0.97,0.00,0,20095095,22571987,6406020864000,5736412672000,-9115173376,11705435136,16760861440,-5055426304,25381944832,29441691904,-4059747072,37368287232,34970172160,2398115072,41084177664,34348760320,6735417344,-7.75,-4.30,-3.45,2.04,5.73,0,216,83,126,7,0,0,28.16,0.00,0.00,0.00,,0.00,,0.00,EastMoney,2026-09-01T19:17:05+08:00
BK0653,2026-09-01T00:00:00Z,268854,272813,273206,268854,269450,3363,1.25,44169924,42357218753,2.34,1.13,0.00,0,22506231,21663693,2978066016000,2271732768000,1676760064,5474981376,4368161792,1106819584,10268789248,9698848768,569940480,12457650944,13347740928,-890089984,13189840640,13976510720,-786670080,3.96,2.61,1.35,-2.10,-1.86,0,130,100,28,2,0,0,15.72,0.00,0.00,0.00,,0.00,,0.00,EastMoney,2026-09-01T19:17:05+08:00
BK0655,2026-09-01T00:00:00Z,446670,452659,453632,446473,446689,5970,1.34,44635088,93531562397,2.33,1.22,0.00,0,22848964,21786124,4991409664000,2665058896000,-1913669376,11310984704,12250174720,-939190016,20763379712,21737859072,-974479360,28888787968,29363005184,-474217216,30890521344,28496804096,2393717248,-2.05,-1.00,-1.04,-0.51,2.56,0,136,103,31,2,0,0,27.52,0.00,0.00,0.00,,0.00,,0.00,EastMoney,2026-09-01T19:17:05+08:00
BK0656,2026-09-01T00:00:00Z,130306,131191,131799,129757,130438,753,0.58,5988203,5583505900,2.10,1.49,0.00,0,3254758,2733445,302399536000,285251504000,-113195712,560128400,585538064,-25409664,1247865200,1335651248,-87786048,1737653728,1727027776,10625952,1950633728,1848063968,102569760,-2.03,-0.46,-1.57,0.19,1.84,0,13,8,5,0,0,0,25.71,0.00,0.00,0.00,,0.00,,0.00,EastMoney,2026-09-01T19:17:05+08:00
BK0662,2026-09-01T00:00:00Z,201817,205108,205647,201813,201263,3845,1.91,51019349,66857823537,4.69,1.78,0.00,0,25618020,25401329,1377293600000,1237338352000,-137458688,9611415552,8935719424,675696128,15425580544,16238735360,-813154816,20028635136,21114334976,-1085699840,19850384128,18619464960,1230919168,-0.21,1.01,-1.22,-1.62,1.84,0,112,87,22,3,0,0,81.20,0.00,0.00,0.00,,0.00,,0.00,EastMoney,2026-09-01T19:17:05+08:00
BK0664,2026-09-01T00:00:00Z,167195,169523,169673,167148,167189,2334,1.40,29539519,26721466501,2.70,1.17,0.00,0,14681577,14857942,1264984320000,1153126256000,579195712,2440838896,1796603824,644235072,5405851392,5470890752,-65039360,8253977344,8294379776,-40402432,10112190720,10640966400,-528775680,2.17,2.41,-0.24,-0.15,-1.98,0,157,118,33,6,0,0,20.28,0.00,0.00,0.00,,0.00,,0.00,EastMoney,2026-09-01T19:17:05+08:00
BK0665,2026-09-01T00:00:00Z,223113,226625,227000,223080,223017,3608,1.62,98759860,100609967788,2.75,1.25,0.00,0,51211023,47548836,5654371328000,5036131584000,1754146816,11273460992,9343515392,1929945600,22078609664,22254408448,-175798784,31173849088,32405704704,-1231855616,33514166016,33970280192,-456114176,1.74,1.92,-0.17,-1.22,-0.45,0,345,264,73,8,0,0,39.21,0.00,0.00,0.00,,0.00,,0.00,EastMoney,2026-09-01T19:17:05+08:00
BK0666,2026-09-01T00:00:00Z,544322,531506,544322,528414,543365,-11859,-2.18,33827143,102140486867,2.16,0.88,0.00,0,14715341,19111801,5195131904000,4818248704000,-6115460096,11307784704,15409062656,-4101277952,22571232000,24585414144,-2014182144,32100690944,30433474048,1667216896,34413631232,30008899584,4404731648,-5.99,-4.02,-1.97,1.63,4.31,0,126,30,95,1,0,0,45.03,0.00,0.00,0.00,,0.00,,0.00,EastMoney,2026-09-01T19:17:05+08:00
BK0667,2026-09-01T00:00:00Z,325916,328419,329568,325398,325914,2505,0.77,25580106,54412426186,2.92,1.33,0.00,0,12761633,12818473,2246917088000,2066660448000,-2101751040,5680055296,7344090368,-1664035072,11946676736,12384392704,-437715968,16931121920,16739205632,191916288,18628605696,16700804352,1927801344,-3.86,-3.06,-0.80,0.35,3.54,0,141,96,45,0,0,0,52.39,0.00,0.00,0.00,,0.00,,0.00,EastMoney,2026-09-01T19:17:05+08:00
BK0668,2026-09-01T00:00:00Z,424633,426780,427631,423465,424744,2036,0.48,46001338,87479633847,2.12,0.95,0.00,0,23920940,22080398,4867264000000,4265395392000,-1421688064,7242092288,7797555968,-555463680,18942052608,19808276992,-866224384,29090950656,28698619904,392330752,30446752512,29357745152,1089007360,-1.63,-0.63,-0.99,0.45,1.24,0,335,220,110,5,0,0,34.69,0.00,0.00,0.00,,0.00,,0.00,EastMoney,2026-09-01T19:17:05+08:00
BK0669,2026-09-01T00:00:00Z,146529,150878,151313,146450,146832,4046,2.76,14258633,10335993037,3.23,1.26,0.00,0,7455672,6802961,350315360000,309943184000,770024448,1331572480,734551120,597021360,2405063712,2232060624,173003088,3088208688,3394299008,-306090320,3315859152,3779793296,-463934144,7.45,5.78,1.67,-2.96,-4.49,0,46,40,4,2,0,0,29.09,0.00,0.00,0.00,,0.00,,0.00,EastMoney,2026-09-01T19:17:05+08:00
BK0671,2026-09-01T00:00:00Z,260154,265724,266508,260049,260208,5516,2.12,5276997,4043275433,2.30,1.25,0.00,0,2788656,2488341,157845402000,151484879000,17546791,401446288,265314745,136131543,731710400,850295152,-118584752,1186599040,1357739072,-171140032,1656272832,1502679552,153593280,0.43,3.37,-2.93,-4.23,3.80,0,19,17,2,0,0,0,96.97,0.00,0.00,0.00,,0.00,,0.00,EastMoney,2026-09-01T19:17:05+08:00
BK0672,2026-09-01T00:00:00Z,247588,252637,252983,247512,248085,4552,1.83,10525431,8400752079,1.14,1.31,0.00,0,5849090,4676342,807976608000,725343904000,307830912,747437552,553246832,194190720,1774230544,1660590352,113640192,2643227648,2705747040,-62519392,3064269088,3309580608,-245311520,3.66,2.31,1.35,-0.74,-2.92,0,39,37,2,0,0,0,19.07,0.00,0.00,0.00,,0.00,,0.00,EastMoney,2026-09-01T19:17:05+08:00
BK0674,2026-09-01T00:00:00Z,403304,396174,403339,393171,403942,-7768,-1.92,8215303,21692500926,2.80,0.85,0.00,0,3649909,4565393,758020960000,717363280000,-2198856976,2171224192,3426433424,-1255209232,4665752064,5609399808,-943647744,7079674112,6607101952,472572160,7445667584,5708647424,1737020160,-10.14,-5.79,-4.35,2.18,8.01,0,18,4,14,0,0,0,1352.07,0.00,0.00,0.00,,0.00,,0.00,EastMoney,2026-09-01T19:17:05+08:00
BK0675,2026-09-01T00:00:00Z,260289,264028,264618,260146,260453,3575,1.37,17404252,21039592748,1.95,0.91,0.00,0,9387688,8016564,1222180704000,1088100224000,924206224,1458529328,1129878352,328650976,4792088064,4196532816,595555248,7027969792,6978041088,49928704,7340498176,8300700416,-960202240,4.39,1.56,2.83,0.24,-4.56,0,109,89,18,2,0,0,168.65,0.00,0.00,0.00,,0.00,,0.00,EastMoney,2026-09-01T19:17:05+08:00
BK0676,2026-09-01T00:00:00Z,239953,244085,244339,239614,239912,4173,1.74,7905247,7827800283,1.90,0.90,0.00,0,4352431,3552816,666399616000,593757680000,342484496,475280032,341616768,133663264,1842452480,1633631248,208821232,2708780064,2648595776,60184288,2682569056,3085237824,-402668768,4.38,1.71,2.67,0.77,-5.14,0,43,41,2,0,0,0,60.47,0.00,0.00,0.00,,0.00,,0.00,EastMoney,2026-09-01T19:17:05+08:00
BK0677,2026-09-01T00:00:00Z,315883,319051,319858,315790,316099,2952,0.93,24180757,18596670648,2.26,1.25,0.00,0,12077281,12103476,1488518064000,950836000000,-70694560,1609615296,1566817216,42798080,3796163088,3909655728,-113492640,5613447936,5611463424,1984512,6783707392,6730752000,52955392,-0.38,0.23,-0.61,0.01,0.28,0,85,61,21,3,0,0,37.35,0.00,0.00,0.00,,0.00,,0.00,EastMoney,2026-09-01T19:17:05+08:00
BK0679,2026-09-01T00:00:00Z,647163,640848,648101,637226,648957,-8109,-1.25,14458216,24098161654,2.26,1.56,0.00,0,6548125,7910091,670194720000,620777552000,-2243076688,1963879088,3270153984,-1306274896,4562713088,5499514880,-936801792,7289606912,7217336832,72270080,9777127424,7599915520,2177211904,-9.31,-5.42,-3.89,0.30,9.03,0,26,9,15,2,0,0,37.76,0.00,0.00,0.00,,0.00,,0.00,EastMoney,2026-09-01T19:17:05+08:00
BK0680,2026-09-01T00:00:00Z,302012,301889,302762,300087,302164,-275,-0.09,30795477,65825010246,2.07,1.06,0.00,0,14053209,16742268,4039768288000,3551336512000,-1542389504,6790274560,7650239232,-859964672,14331132928,15013557760,-682424832,21248664832,20810665984,437998848,21952161280,20836177664,1115983616,-2.34,-1.31,-1.04,0.67,1.70,0,168,86,79,3,0,0,71.05,0.00,0.00,0.00,,0.00,,0.00,EastMoney,2026-09-01T19:17:05+08:00
BK0682,2026-09-01T00:00:00Z,418635,416621,419035,414575,418923,-2302,-0.55,30713128,56729679216,1.74,1.06,0.00,0,14727704,15985424,2996246432000,2552824336000,-2080412928,5256542208,6502365440,-1245823232,12396356096,13230945792,-834589696,18090201088,17761134336,329066752,20122433024,18358784512,1763648512,-3.67,-2.20,-1.47,0.58,3.11,0,142,69,67,6,0,0,43.46,0.00,0.00,0.00,,0.00,,0.00,EastMoney,2026-09-01T19:17:05+08:00
BK0683,2026-09-01T00:00:00Z,486192,491463,492639,486153,486590,4873,1.00,477166092,548587356871,1.29,1.12,0.00,0,243402816,233763276,50316334080000,37617026048000,-5879162624,63238395392,63735639296,-497243904,121542422528,126924341248,-5381918720,172793573376,172259368960,534204416,179793874944,174347833344,5446041600,-1.07,-0.09,-0.98,0.10,0.99,0,1443,1073,324,46,0,0,17.52,0.00,0.00,0.00,,0.00,,0.00,EastMoney,2026-09-01T19:17:05+08:00
BK0684,2026-09-01T00:00:00Z,170764,172868,173375,170764,171379,1489,0.87,24858669,16710365154,2.11,1.12,0.00,0,12085632,12773036,710205232000,612194064000,344899152,1752770560,1570349424,182421136,3635864384,3473386368,162478016,4783248640,4997863424,-214614784,5741699584,5828036352,-86336768,2.06,1.09,0.97,-1.28,-0.52,0,60,45,13,2,0,0,-23.43,0.00,0.00,0.00,,0.00,,0.00,EastMoney,2026-09-01T19:17:05+08:00
BK0685,2026-09-01T00:00:00Z,304938,303925,304938,302384,305242,-1317,-0.43,1444516,1965644602,1.48,1.09,0.00,0,717764,726753,124688101000,117867693000,-41176464,137761892,146353636,-8591744,327942832,360527552,-32584720,576262608,583859760,-7597152,882736336,833962736,48773600,-2.09,-0.44,-1.66,-0.39,2.48,0,16,7,8,1,0,0,31.23,0.00,0.00,0.00,,0.00,,0.00,EastMoney,2026-09-01T19:17:05+08:00
BK0689,2026-09-01T00:00:00Z,253246,256042,256868,253227,253261,2781,1.10,65817617,128197081171,2.45,1.29,0.00,0,34025277,31792339,8684935168000,4753418752000,-3232699904,17451624448,20075793920,-2624169472,35241443840,35849974272,-608530432,38549388544,37425979904,1123408640,34601018368,32453227776,2147790592,-2.52,-2.05,-0.47,0.88,1.68,0,185,131,53,1,0,0,48.49,0.00,0.00,0.00,,0.00,,0.00,EastMoney,2026-09-01T19:17:05+08:00
BK0690,2026-09-01T00:00:00Z,601112,590681,601592,590295,602152,-11471,-1.91,14710159,34632598043,2.29,0.98,0.00,0,7146403,7563756,1210891920000,977969648000,-2210870976,3268780608,4350274048,-1081493440,7454280448,8583657984,-1129377536,11887772416,11801732096,86040320,11365133056,9263356928,2101776128,-6.38,-3.12,-3.26,0.25,6.07,0,42,13,29,0,0,0,37.69,0.00,0.00,0.00,,0.00,,0.00,EastMoney,2026-09-01T19:17:05+08:00
BK0692,2026-09-01T00:00:00Z,152886,155681,156173,152886,152881,2800,1.83,22873546,16967464464,3.02,1.24,0.00,0,11482271,11391274,549535360000,494183600000,-106952320,1545100624,1435545360,109555264,3696169488,3912677072,-216507584,5371800064,5486367232,-114567168,5877554688,5656035072,221519616,-0.63,0.65,-1.28,-0.68,1.31,0,63,54,7,2,0,0,-17.81,0.00,0.00,0.00,,0.00,,0.00,EastMoney,2026-09-01T19:17:05+08:00
BK0693,2026-09-01T00:00:00Z,183987,186503,186780,183863,184153,2350,1.28,16977241,13267159243,5.45,1.48,0.00,0,9157549,7819692,438423152000,348141472000,569078128,1331263648,842653200,488610448,2764276192,2683808512,80467680,4282818992,4262789344,20029648,4662655488,5254374656,-591719168,4.29,3.68,0.61,0.15,-4.46,0,46,32,14,0,0,0,7573.81,0.00,0.00,0.00,,0.00,,0.00,EastMoney,2026-09-01T19:17:05+08:00
BK0695,2026-09-01T00:00:00Z,445561,440034,446491,439502,444937,-4903,-1.10,54547006,98734814541,1.82,0.83,0.00,0,26250660,28296346,5425017600000,4401507840000,-4086882048,10380849920,12484266496,-2103416576,21565184256,23548649728,-1983465472,30576581120,29425739776,1150841344,34389968384,31451218432,2938749952,-4.14,-2.13,-2.01,1.17,2.98,0,121,39,77,5,0,0,20.27,0.00,0.00,0.00,,0.00,,0.00,EastMoney,2026-09-01T19:17:05+08:00
BK0696,2026-09-01T00:00:00Z,328189,333216,333933,327915,328100,5116,1.56,51610826,84830515818,3.42,1.27,0.00,0,26726339,24884488,2893013184000,2574553952000,744326400,9587181056,9201560832,385620224,19787377152,19428670976,358706176,27280826880,27504259072,-223432192,26155413504,26446454016,-291040512,0.88,0.45,0.42,-0.26,-0.34,0,234,171,59,4,0,0,143.34,0.00,0.00,0.00,,0.00,,0.00,EastMoney,2026-09-01T19:17:05+08:00
BK0697,2026-09-01T00:00:00Z,318119,323125,323763,317746,318353,4772,1.50,21657052,29028775307,1.65,1.26,0.00,0,11467466,10189586,2315597168000,1848599728000,776425120,4275316704,4165889088,109427616,7687387648,7020390144,666997504,8668534272,9079421184,-410886912,7896945152,8262483200,-365538048,2.67,0.38,2.30,-1.42,-1.26,0,55,49,5,1,0,0,10.32,0.00,0.00,0.00,,0.00,,0.00,EastMoney,2026-09-01T19:17:05+08:00
BK0698,2026-09-01T00:00:00Z,144683,146406,146745,144525,144931,1475,1.02,6416099,6965985941,1.62,0.82,0.00,0,3457194,2958905,530188224000,453702272000,169229040,421417520,312629056,108788464,1544625568,1484184992,60440576,2392131088,2436783840,-44652752,2494730544,2619306848,-124576304,2.43,1.56,0.87,-0.64,-1.79,0,46,39,6,1,0,0,-115.28,0.00,0.00,0.00,,0.00,,0.00,EastMoney,2026-09-01T19:17:05+08:00
BK0699,2026-09-01T00:00:00Z,276467,278266,280250,275318,276997,1269,0.46,3727674,7768529573,3.59,1.30,0.00,0,1796456,1931218,211393923000,199440593000,-432839472,636701120,836086192,-199385072,1636794896,1870249296,-233454400,2594068896,2405172960,188895936,2722840960,2478897424,243943536,-5.57,-2.57,-3.01,2.43,3.14,0,11,8,3,0,0,0,314.45,0.00,0.00,0.00,,0.00,,0.00,EastMoney,2026-09-01T19:17:05+08:00
BK0700,2026-09-01T00:00:00Z,312477,312126,313352,310277,312301,-175,-0.06,50709009,106089831194,2.23,0.94,0.00,0,24383428,26325580,4861981952000,4007232448000,-3371045632,10109385728,11694191104,-1584805376,21988161024,23774401280,-1786240256,33707056896,32917359616,789697280,38322442240,35685438720,2637003520,-3.18,-1.49,-1.68,0.74,2.49,0,261,138,117,6,0,0,36.13,0.00,0.00,0.00,,0.00,,0.00,EastMoney,2026-09-01T19:17:05+08:00
BK0701,2026-09-01T00:00:00Z,256838,256295,257810,256051,257186,-891,-0.35,189657726,368593730470,1.71,1.11,0.00,0,95754737,93902989,18678087680000,15821665792000,-8374085376,38685423360,42771017216,-4085593856,85022621696,89311113216,-4288491520,124007694336,122520530944,1487163392,115254706176,108367781888,6886924288,-2.27,-1.11,-1.16,0.40,1.87,0,500,257,228,15,0,0,33.70,0.00,0.00,0.00,,0.00,,0.00,EastMoney,2026-09-01T19:17:05+08:00
BK0703,2026-09-01T00:00:00Z,558082,550695,558231,548786,556635,-5940,-1.07,18446506,38993663807,4.51,1.23,0.00,0,8883435,9563071,972945712000,894477296000,-2431830624,3758090400,5417783808,-1659693408,7984510464,8756647680,-772137216,12499442176,12030450944,468991232,13970249472,12007410432,1962839040,-6.24,-4.26,-1.98,1.20,5.03,0,40,14,26,0,0,0,55.87,0.00,0.00,0.00,,0.00,,0.00,EastMoney,2026-09-01T19:17:05+08:00
BK0704,2026-09-01T00:00:00Z,257866,257652,258889,255661,257920,-268,-0.10,40659912,81217859847,2.59,1.12,0.00,0,19881872,20778040,3739498064000,3292457232000,-1813661696,6783997696,7925588224,-1141590528,17375931136,18048002304,-672071168,26411713280,26010253056,401460224,29145295872,27715667968,1429627904,-2.23,-1.41,-0.83,0.49,1.76,0,228,115,111,2,0,0,55.76,0.00,0.00,0.00,,0.00,,0.00,EastMoney,2026-09-01T19:17:05+08:00
BK0705,2026-09-01T00:00:00Z,293681,293831,295403,293452,294175,-344,-0.12,110629225,194342272245,1.45,1.11,0.00,0,56942216,53687010,12460615168000,10671885824000,-2440465408,18542088192,20149491200,-1607403008,45980526080,46813588480,-833062400,66715197952,65499617536,1215580416,60292342784,59067457792,1224884992,-1.26,-0.83,-0.43,0.63,0.63,0,380,210,156,14,0,0,29.47,0.00,0.00,0.00,,0.00,,0.00,EastMoney,2026-09-01T19:17:05+08:00
BK0706,2026-09-01T00:00:00Z,536951,538300,540310,534547,536891,1409,0.26,12766903,21199705992,3.05,1.11,0.00,0,6568797,6198107,870745472000,784101728000,-270295120,1967203392,2176522128,-209318736,4701577728,4762554112,-60976384,6953184256,6867918592,85265664,7177090816,6992061184,185029632,-1.27,-0.99,-0.29,0.40,0.87,0,54,27,26,1,0,0,61.98,0.00,0.00,0.00,,0.00,,0.00,EastMoney,2026-09-01T19:17:05+08:00
BK0707,2026-09-01T00:00:00Z,254047,254232,255320,253669,254258,-26,-0.01,503128694,843701656816,1.10,1.12,0.00,0,260667730,242460964,76212486144000,59579233792000,-12037410816,100818808832,108460007424,-7641198592,202357026816,206753239040,-4396212224,273490554880,269797613568,3692941312,253154729984,244810264576,8344465408,-1.43,-0.91,-0.52,0.44,0.99,0,1643,932,672,39,0,0,15.73,0.00,0.00,0.00,,0.00,,0.00,EastMoney,2026-09-01T19:17:05+08:00
BK0708,2026-09-01T00:00:00Z,139631,141742,141863,139596,139528,2214,1.59,17832011,16334605622,2.37,1.33,0.00,0,9344808,8487203,839779104000,661743760000,-45442336,1433188960,1339915664,93273296,3376361008,3515076640,-138715632,4897682688,5027298304,-129615616,6150869760,5974441984,176427776,-0.28,0.57,-0.85,-0.79,1.08,0,77,64,11,2,0,0,30.57,0.00,0.00,0.00,,0.00,,0.00,EastMoney,2026-09-01T19:17:05+08:00
BK0710,2026-09-01T00:00:00Z,333762,333622,335475,331335,333776,-154,-0.05,18558717,62358991890,1.07,0.94,0.00,0,9114181,9444536,2801250624000,2524650832000,-1270286848,8394642944,8898756608,-504113664,14230691328,14996864512,-766173184,19947447296,19863454720,83992576,18620859136,17483696896,1137162240,-2.04,-0.81,-1.23,0.13,1.82,0,80,38,40,2,0,0,41.58,0.00,0.00,0.00,,0.00,,0.00,EastMoney,2026-09-01T19:17:05+08:00
BK0711,2026-09-01T00:00:00Z,110849,112668,112978,110545,111358,1310,1.18,33017193,39337975399,1.16,1.07,0.00,0,18159145,14858048,3964137312000,3332332384000,1279769856,6811712768,5550467072,1261245696,10113959936,10095435776,18524160,11616383232,12143014656,-526631424,10163911936,10917050624,-753138688,3.25,3.21,0.05,-1.34,-1.91,0,55,47,5,3,0,0,13.57,0.00,0.00,0.00,,0.00,,0.00,EastMoney,2026-09-01T19:17:05+08:00
BK0712,2026-09-01T00:00:00Z,156862,158125,158554,156783,156811,1314,0.84,164387994,193749955659,1.03,1.07,0.00,0,85520225,78867768,16840776704000,14262335744000,-2578584320,24043237632,24529270784,-486033152,43003791360,45096342528,-2092551168,58478827520,59027241472,-548413952,64182887424,61073699840,3109187584,-1.33,-0.25,-1.08,-0.28,1.60,0,524,352,150,22,0,0,15.24,0.00,0.00,0.00,,0.00,,0.00,EastMoney,2026-09-01T19:17:05+08:00
BK0714,2026-09-01T00:00:00Z,209712,206925,209712,205397,209606,-2681,-1.28,98861087,350612433984,2.63,1.03,0.00,0,46584187,52276901,14563649536000,11275573504000,-14842699008,46682617600,54492111872,-7809494272,80295964672,87329169408,-7033204736,112948707328,111929511936,1019195392,104515305472,90637922304,13877383168,-4.23,-2.23,-2.01,0.29,3.96,0,327,111,210,6,0,0,39.67,0.00,0.00,0.00,,0.00,,0.00,EastMoney,2026-09-01T19:17:05+08:00
BK0715,2026-09-01T00:00:00Z,95438,95675,96305,95095,95775,-100,-0.10,7915062,17389946829,1.24,1.10,0.00,0,3875727,4039335,1079493168000,1048873440000,69974016,1918564544,2049092688,-130528144,4356033536,4155531376,200502160,5257600256,5349489920,-91889664,5602023424,5580107776,21915648,0.40,-0.75,1.15,-0.53,0.13,0,32,18,14,0,0,0,42.14,0.00,0.00,0.00,,0.00,,0.00,EastMoney,2026-09-01T19:17:05+08:00
BK0718,2026-09-01T00:00:00Z,139439,140750,141198,139277,139743,1007,0.72,34148164,44796994383,0.21,0.67,0.00,0,19112397,15035766,21358843136000,14438282752000,2156200192,8532631552,7022566400,1510065152,12112954880,11466819840,646135040,12804333568,13364572160,-560238592,10652401408,12248363008,-1595961600,4.81,3.37,1.44,-1.25,-3.56,0,34,26,8,0,0,0,8.45,0.00,0.00,0.00,,0.00,,0.00,EastMoney,2026-09-01T19:17:05+08:00
BK0721,2026-09-01T00:00:00Z,77739,78316,78470,77645,77797,519,0.67,46888707,28932447304,1.42,1.11,0.00,0,23867817,23020890,2177565040000,1945190464000,-228687904,2682517488,2772575248,-90057760,6512915456,6651545600,-138630144,8897668608,9286727680,-389059072,10228209408,9610462464,617746944,-0.79,-0.31,-0.48,-1.34,2.14,0,148,108,31,9,0,0,36.23,0.00,0.00,0.00,,0.00,,0.00,EastMoney,2026-09-01T19:17:05+08:00
BK0722,2026-09-01T00:00:00Z,125856,126240,126857,125125,125728,512,0.41,83008079,119976700966,3.32,1.35,0.00,0,40375590,42632489,4048830752000,3722891696000,-3076742400,14123916544,16109281280,-1985364736,27198514944,28289892608,-1091377664,38818479872,38490850304,327629568,37087760384,34315030016,2772730368,-2.56,-1.65,-0.91,0.27,2.31,0,220,122,93,5,0,0,51.82,0.00,0.00,0.00,,0.00,,0.00,EastMoney,2026-09-01T19:17:05+08:00
BK0724,2026-09-01T00:00:00Z,97977,99250,99678,97977,98036,1214,1.24,18883064,9813189126,3.84,1.76,0.00,0,10389905,8493158,255334240000,238859864000,473827408,1089838016,718280464,371557552,2242209392,2139939536,102269856,2982133088,3127901040,-145767952,3318137328,3646196768,-328059440,4.83,3.79,1.04,-1.49,-3.34,0,36,29,7,0,0,0,25846.19,0.00,0.00,0.00,,0.00,,0.00,EastMoney,2026-09-01T19:17:05+08:00
BK0725,2026-09-01T00:00:00Z,91685,91492,92231,91112,92008,-516,-0.56,8388598,5898530916,5.09,1.16,0.00,0,3970169,4418429,113712930000,103337032000,-343071120,355293952,575232032,-219938080,1037837856,1160970896,-123133040,1850211440,1894389840,-44178400,2445368320,2058118816,387249504,-5.82,-3.73,-2.09,-0.75,6.57,0,21,8,12,1,0,0,-107.68,0.00,0.00,0.00,,0.00,,0.00,EastMoney,2026-09-01T19:17:05+08:00
BK0726,2026-09-01T00:00:00Z,81472,82566,82767,81382,81806,760,0.93,4596314,6627484652,3.11,0.98,0.00,0,2238416,2357898,218042811000,192388319000,-352585840,269746000,413417184,-143671184,1138041808,1346956464,-208914656,2019291184,2077509440,-58218256,2968449776,2530857248,437592528,-5.32,-2.17,-3.15,-0.88,6.60,0,46,35,10,1,0,0,64.99,0.00,0.00,0.00,,0.00,,0.00,EastMoney,2026-09-01T19:17:05+08:00
BK0727,2026-09-01T00:00:00Z,140302,141156,141734,139395,140661,495,0.35,10952860,23679653469,2.82,0.82,0.00,0,5219658,5733202,1164760752000,948314976000,590102016,1916941952,1537979264,378962688,5034907392,4823768064,211139328,7987871488,8030646528,-42775040,8213209600,8752728576,-539518976,2.49,1.60,0.89,-0.18,-2.28,0,54,29,24,1,0,0,39.00,0.00,0.00,0.00,,0.00,,0.00,EastMoney,2026-09-01T19:17:05+08:00
BK0728,2026-09-01T00:00:00Z,55650,55951,56078,55570,55691,260,0.47,16547200,15772575108,1.71,1.08,0.00,0,8221944,8325255,850685616000,763311312000,112297152,986021952,1074674848,-88652896,3311099424,3110149376,200950048,5012612608,4869690112,142922496,6168001280,6402913024,-234911744,0.71,-0.56,1.27,0.91,-1.49,0,134,88,43,3,0,0,34.84,0.00,0.00,0.00,,0.00,,0.00,EastMoney,2026-09-01T19:17:05+08:00
BK0729,2026-09-01T00:00:00Z,119029,119761,120263,118851,119502,259,0.22,5231189,8072108637,1.04,1.21,0.00,0,2789149,2442040,747191504000,550498048000,59643264,1097930560,1214210768,-116280208,2190748688,2014825216,175923472,2325513120,2404174576,-78661456,2348506768,2329488576,19018192,0.74,-1.44,2.18,-0.97,0.24,0,15,11,4,0,0,0,25.86,0.00,0.00,0.00,,0.00,,0.00,EastMoney,2026-09-01T19:17:05+08:00
BK0730,2026-09-01T00:00:00Z,121778,125288,125649,121673,122325,2963,2.42,7811138,8127046353,2.76,1.31,0.00,0,3973183,3837956,317905168000,292271072000,189764608,454749152,379700128,75049024,1761835696,1647120112,114715584,2681628096,2734164432,-52536336,2985465040,3085350992,-99885952,2.33,0.92,1.41,-0.65,-1.23,0,49,46,3,0,0,0,47.60,0.00,0.00,0.00,,0.00,,0.00,EastMoney,2026-09-01T19:17:05+08:00
BK0731,2026-09-01T00:00:00Z,173068,178118,179457,172940,174066,4052,2.33,25901933,24919169685,4.09,1.42,0.00,0,13262624,12639308,953843232000,895335920000,502997776,2311232336,2234441792,76790544,6023391744,5597184512,426207232,7947123968,8075603200,-128479232,8004055808,8333576960,-329521152,2.02,0.31,1.71,-0.52,-1.32,0,63,57,5,1,0,0,21.28,0.00,0.00,0.00,,0.00,,0.00,EastMoney,2026-09-01T19:17:05+08:00
BK0732,2026-09-01T00:00:00Z,281415,277687,283024,277328,280749,-3062,-1.09,7871719,21224030597,3.48,0.60,0.00,0,3794283,4077436,724090672000,657242336000,-1686664016,2153466352,2812350272,-658883920,4843738368,5871518464,-1027780096,6321182208,6391469568,-70287360,7414529280,5657577984,1756951296,-7.95,-3.10,-4.84,-0.33,8.28,0,13,4,9,0,0,0,25.05,0.00,0.00,0.00,,0.00,,0.00,EastMoney,2026-09-01T19:17:05+08:00
BK0733,2026-09-01T00:00:00Z,125027,126046,126354,125027,124962,1084,0.87,4573776,3272021258,2.13,1.14,0.00,0,2208309,2365467,146851141000,135581539000,-42609861,164075812,195782137,-31706325,612461168,623364704,-10903536,968523488,949329088,19194400,1457292928,1424992784,32300144,-1.30,-0.97,-0.33,0.59,0.99,0,28,20,8,0,0,0,63.93,0.00,0.00,0.00,,0.00,,0.00,EastMoney,2026-09-01T19:17:05+08:00
BK0734,2026-09-01T00:00:00Z,38495,39278,39673,38458,38613,665,1.72,6002299,4547350979,5.01,0.99,0.00,0,2993982,3008317,111705297000,104924708000,195276176,482508800,330332864,152175936,938708080,895607840,43100240,1339095184,1439425552,-100330368,1611348000,1706293792,-94945792,4.29,3.35,0.95,-2.21,-2.09,0,18,11,6,1,0,0,25.62,0.00,0.00,0.00,,0.00,,0.00,EastMoney,2026-09-01T19:17:05+08:00
BK0735,2026-09-01T00:00:00Z,162494,163540,164140,161691,162531,1009,0.62,11788881,30637862425,2.42,1.08,0.00,0,6054071,5734810,1477608928000,1199915504000,-1157955952,3247962464,4195430096,-947467632,6474159872,6684648192,-210488320,10252308224,9676745216,575563008,9818546432,9237031168,581515264,-3.78,-3.09,-0.69,1.88,1.90,0,89,58,31,0,0,0,40.81,0.00,0.00,0.00,,0.00,,0.00,EastMoney,2026-09-01T19:17:05+08:00
BK0736,2026-09-01T00:00:00Z,106991,107917,108503,106639,106956,961,0.90,9461318,11072627645,0.72,1.18,0.00,0,4862111,4599207,3228458128000,1043373008000,-354043040,691595472,915059536,-223464064,2348146640,2478725616,-130578976,3492241488,3618234544,-125993056,4352071168,3866204176,485866992,-3.20,-2.02,-1.18,-1.14,4.39,0,39,22,16,1,0,0,18.90,0.00,0.00,0.00,,0.00,,0.00,EastMoney,2026-09-01T19:17:05+08:00
BK0737,2026-09-01T00:00:00Z,108270,110155,110453,108270,108282,1873,1.73,25019423,49088964152,3.54,1.22,0.00,0,12931634,12087788,1616524528000,1404755088000,259758848,4426314752,4375467264,50847488,11707753728,11498842368,208911360,16382720256,16589215488,-206495232,15431653632,15306775040,124878592,0.53,0.10,0.43,-0.42,0.25,0,134,108,25,1,0,0,328.42,0.00,0.00,0.00,,0.00,,0.00,EastMoney,2026-09-01T19:17:05+08:00
BK0738,2026-09-01T00:00:00Z,58754,60665,60843,58724,58854,1811,3.08,11172458,8361483491,1.47,1.16,0.00,0,6296318,4876140,530739232000,507782928000,338831728,1100973472,910557152,190416320,1889205840,1740790432,148415408,2491268368,2562415792,-71147424,2766786768,3034471056,-267684288,4.05,2.28,1.77,-0.85,-3.20,0,26,24,2,0,0,0,15.56,0.00,0.00,0.00,,0.00,,0.00,EastMoney,2026-09-01T19:17:05+08:00
BK0739,2026-09-01T00:00:00Z,214771,217838,218244,214761,215044,2794,1.30,8089744,8611365850,1.74,1.25,0.00,0,4312755,3776989,752889872000,675093984000,371847904,1170678960,753322768,417356192,1914442512,1959950800,-45508288,2602643264,2861593264,-258950000,2720759152,2802014448,-81255296,4.32,4.85,-0.53,-3.01,-0.94,0,35,27,7,1,0,0,22.53,0.00,0.00,0.00,,0.00,,0.00,EastMoney,2026-09-01T19:17:05+08:00
BK0740,2026-09-01T00:00:00Z,61905,62854,63071,61865,62072,782,1.26,5229501,3362704884,3.72,1.12,0.00,0,2717435,2512067,85395084000,80611674000,-49864169,153162753,177773658,-24610905,794822032,820075296,-25253264,1074697904,1111810416,-37112512,1260516048,1173539376,86976672,-1.48,-0.73,-0.75,-1.10,2.59,0,16,11,3,2,0,0,-175.55,0.00,0.00,0.00,,0.00,,0.00,EastMoney,2026-09-01T19:17:05+08:00
BK0742,2026-09-01T00:00:00Z,195834,195823,196570,194347,195723,100,0.05,194899306,507083394007,3.63,1.09,0.00,0,96038707,98860599,18843592704000,15059058432000,-7947027712,56614253312,59825625088,-3211371776,115837444096,120573100032,-4735655936,164931448832,164677050368,254398464,160716681216,153024053248,7692627968,-1.57,-0.63,-0.93,0.05,1.52,0,1358,720,622,16,0,0,56.36,0.00,0.00,0.00,,0.00,,0.00,EastMoney,2026-09-01T19:17:05+08:00
BK0743,2026-09-01T00:00:00Z,133125,132758,133619,132719,133174,-416,-0.31,63648526,235980747643,1.33,1.00,0.00,0,29981159,33667367,17383885312000,14843453696000,-10637777152,39870647552,44982674944,-5112027392,59674254336,65200004096,-5525749760,75603845120,74839695360,764149760,57086522624,47212895488,9873627136,-4.51,-2.17,-2.34,0.32,4.18,0,100,51,48,1,0,0,26.33,0.00,0.00,0.00,,0.00,,0.00,EastMoney,2026-09-01T19:17:05+08:00
BK0800,2026-09-01T00:00:00Z,179392,181002,181597,179286,179203,1799,1.00,208511964,354124630267,2.82,1.35,0.00,0,104078264,104433700,14759630080000,13075862016000,-4701967872,45318729728,47448098304,-2129368576,84724670464,87297269760,-2572599296,108572372992,108332056576,240316416,107052298240,102343704576,4708593664,-1.33,-0.60,-0.73,0.07,1.33,0,733,494,227,12,0,0,46.88,0.00,0.00,0.00,,0.00,,0.00,EastMoney,2026-09-01T19:17:05+08:00
BK0801,2026-09-01T00:00:00Z,140869,140623,141359,139238,140915,-292,-0.21,9629089,19029595076,2.20,1.10,0.00,0,4410383,5218706,807859472000,754030064000,-738918336,1735991408,2270039760,-534048352,4204102048,4408972032,-204869984,6537491712,6280397056,257094656,6260962816,5771242496,489720320,-3.88,-2.81,-1.08,1.35,2.57,0,45,24,21,0,0,0,51.26,0.00,0.00,0.00,,0.00,,0.00,EastMoney,2026-09-01T19:17:05+08:00
BK0802,2026-09-01T00:00:00Z,211084,211697,212711,210095,210959,738,0.35,61043217,160059478597,2.14,1.16,0.00,0,31514302,29528915,7503028736000,6180256768000,-105172992,22844515328,22405643264,438872064,38753685248,39297730304,-544045056,53956038144,55559683072,-1603644928,41626280704,39870873344,1755407360,-0.07,0.27,-0.34,-1.00,1.10,0,298,185,110,3,0,0,40.46,0.00,0.00,0.00,,0.00,,0.00,EastMoney,2026-09-01T19:17:05+08:00
BK0803,2026-09-01T00:00:00Z,74834,75744,75893,74765,74767,977,1.31,8300770,6295703281,2.78,1.12,0.00,0,4168053,4132717,186053035000,170663039000,263608752,543830720,384047376,159783344,1376318064,1272492656,103825408,2004838992,2057004176,-52165184,2210038384,2412036368,-201997984,4.19,2.54,1.65,-0.83,-3.21,0,41,32,8,1,0,0,-79.32,0.00,0.00,0.00,,0.00,,0.00,EastMoney,2026-09-01T19:17:05+08:00
BK0804,2026-09-01T00:00:00Z,123967,124226,124704,123638,123943,283,0.23,555652775,968330201313,2.68,1.12,0.00,0,277985738,277667037,42257262080000,35282976000000,-17656455168,109966585856,116037754880,-6071169024,216549015552,228134301696,-11585286144,309053972480,308940582912,113389568,315381874688,297838813184,17543061504,-1.82,-0.63,-1.20,0.01,1.81,0,1879,1059,785,35,0,0,37.42,0.00,0.00,0.00,,0.00,,0.00,EastMoney,2026-09-01T19:17:05+08:00
BK0805,2026-09-01T00:00:00Z,134443,134480,135522,133435,135577,-1097,-0.81,4644000,3553773712,2.15,1.60,0.00,0,2800917,1843084,191729077000,181881625000,-249848272,322922224,399972624,-77050400,777871408,950669280,-172797872,1060612544,1014737200,45875344,1338033392,1134060480,203972912,-7.03,-2.17,-4.86,1.29,5.74,0,12,5,6,1,0,0,46.94,0.00,0.00,0.00,,0.00,,0.00,EastMoney,2026-09-01T19:17:05+08:00
BK0806,2026-09-01T00:00:00Z,103989,105825,106039,103906,104101,1724,1.66,9074183,10556414985,2.69,0.88,0.00,0,4337153,4737030,533144016000,453172128000,624134720,989814384,577899072,411915312,2368054304,2155834896,212219408,3497544576,3657563472,-160018896,3538138032,4002253840,-464115808,5.91,3.90,2.01,-1.52,-4.40,0,44,35,8,1,0,0,-219.12,0.00,0.00,0.00,,0.00,,0.00,EastMoney,2026-09-01T19:17:05+08:00
BK0807,2026-09-01T00:00:00Z,84510,85156,85353,84433,84626,530,0.63,4288806,3295310952,2.12,1.31,0.00,0,2143037,2145769,220684012000,198109735000,-133317427,147945203,257283782,-109338579,635890944,659869792,-23978848,1107585376,966822656,140762720,1353892208,1361337488,-7445280,-4.05,-3.32,-0.73,4.27,-0.23,0,19,14,5,0,0,0,37.07,0.00,0.00,0.00,,0.00,,0.00,EastMoney,2026-09-01T19:17:05+08:00
BK0808,2026-09-01T00:00:00Z,189768,190621,191431,188800,189938,683,0.36,35023884,63006782019,2.05,1.14,0.00,0,17245723,17778161,3182374768000,3013132992000,625811712,5853631232,5172766720,680864512,13695906048,13750958848,-55052800,19998518272,20214843904,-216325632,22468139008,22846662144,-378523136,0.99,1.08,-0.09,-0.34,-0.60,0,177,99,76,2,0,0,50.84,0.00,0.00,0.00,,0.00,,0.00,EastMoney,2026-09-01T19:17:05+08:00
BK0809,2026-09-01T00:00:00Z,116187,118057,118368,116187,116173,1884,1.62,75596522,93727430563,4.29,1.70,0.00,0,38982508,36614014,2337189776000,2118983712000,98855680,10538056192,10016195584,521860608,21591516160,22014521088,-423004928,29361239040,29856370432,-495131392,29672161024,29180215296,491945728,0.11,0.56,-0.45,-0.53,0.52,0,167,131,34,2,0,0,85.77,0.00,0.00,0.00,,0.00,,0.00,EastMoney,2026-09-01T19:17:05+08:00
BK0811,2026-09-01T00:00:00Z,209419,210887,212207,209297,209786,1101,0.52,8270707,22960320533,0.87,1.12,0.00,0,4424108,3846599,7311840768000,4406747392000,665074064,2791718512,2489802208,301916304,6237307904,5874150144,363157760,7785587456,8099326464,-313739008,5682816256,6034151424,-351335168,2.90,1.31,1.58,-1.37,-1.53,0,32,22,8,2,0,0,22.93,0.00,0.00,0.00,,0.00,,0.00,EastMoney,2026-09-01T19:17:05+08:00
BK0812,2026-09-01T00:00:00Z,170196,170884,171428,169871,170143,741,0.44,24614928,92292417860,1.92,0.93,0.00,0,11781934,12832994,8237813248000,3883207216000,-2956820224,17326954752,19380777216,-2053822464,22997345024,23900342784,-902997760,29086124544,29246867712,-160743168,20887620352,17711197696,3176422656,-3.20,-2.23,-0.98,-0.17,3.44,0,190,112,72,6,0,0,32.28,0.00,0.00,0.00,,0.00,,0.00,EastMoney,2026-09-01T19:17:05+08:00
BK0813,2026-09-01T00:00:00Z,95542,96582,96744,95506,95716,866,0.90,43102519,28745056685,1.55,1.23,0.00,0,22488056,20614463,2138012928000,1834223184000,222033344,2442298384,2284430928,157867456,6205579776,6141413888,64165888,8973301760,9110321408,-137019648,10571128576,10647586560,-76457984,0.77,0.55,0.22,-0.48,-0.27,0,148,108,34,6,0,0,892.82,0.00,0.00,0.00,,0.00,,0.00,EastMoney,2026-09-01T19:17:05+08:00
BK0814,2026-09-01T00:00:00Z,176435,176020,177019,175030,176564,-544,-0.31,19986238,32197970520,1.66,1.07,0.00,0,9484821,10501417,1976394608000,1696208064000,-281943360,2794566144,3049742400,-255176256,7180616704,7207383808,-26767104,10321074176,9954113536,366960640,11382021632,11466045696,-84024064,-0.88,-0.79,-0.08,1.14,-0.26,0,101,42,56,3,0,0,61.05,0.00,0.00,0.00,,0.00,,0.00,EastMoney,2026-09-01T19:17:05+08:00
BK0815,2026-09-01T00:00:00Z,19073,18984,19106,18865,18766,218,1.16,65838596,103298717811,13.13,1.22,0.00,0,31259634,34578962,1095298864000,948672944000,-2778024960,16167070208,17796381952,-1629311744,22173380864,23322094080,-1148713216,30123695104,29849373184,274321920,30295103488,27746328320,2548775168,-2.69,-1.58,-1.11,0.27,2.47,0,82,39,43,0,0,0,85.90,0.00,0.00,0.00,,0.00,,0.00,EastMoney,2026-09-01T19:17:05+08:00
BK0816,2026-09-01T00:00:00Z,3537223,3609254,3646046,3526218,3418841,190413,5.57,13555665,16480247618,18.31,1.00,0.00,0,6475071,7080594,91518616000,87624767000,-778884400,2237188896,2663740480,-426551584,3425860288,3778193104,-352332816,5017542912,4853198848,164344064,5250094848,4635554304,614540544,-4.73,-2.59,-2.14,1.00,3.73,0,9,8,1,0,0,0,246.96,0.00,0.00,0.00,,0.00,,0.00,EastMoney,2026-09-01T19:17:05+08:00
BK0817,2026-09-01T00:00:00Z,1508,1540,1554,1508,1535,5,0.33,25068576,16422630634,5.48,1.26,0.00,0,11984729,13083847,228782277000,218098664000,-120952304,1328561104,1463149968,-134588864,3378547008,3364910448,13636560,5216603904,5024464384,192139520,5747786752,5818973952,-71187200,-0.74,-0.82,0.08,1.17,-0.43,0,36,16,16,4,0,0,-5.87,0.00,0.00,0.00,,0.00,,0.00,EastMoney,2026-09-01T19:17:05+08:00
BK0818,2026-09-01T00:00:00Z,150768,151222,152165,150656,151087,135,0.09,2650094,1399849171,0.88,1.05,0.00,0,1259749,1390346,219984862000,155438423000,-4017554,86896286,68748029,18148257,249057357,271223168,-22165811,432576592,451839840,-19263248,613140976,589860176,23280800,-0.29,1.30,-1.58,-1.38,1.66,0,9,5,3,1,0,0,25.43,0.00,0.00,0.00,,0.00,,0.00,EastMoney,2026-09-01T19:17:05+08:00
BK0821,2026-09-01T00:00:00Z,148299,147486,148444,147433,148452,-966,-0.65,347403620,907592667039,0.90,1.10,0.00,0,179778839,167624781,86373019648000,64378753792000,-28826976256,133956956160,151629955072,-17672998912,230485495808,241639473152,-11153977344,294804983808,288971935744,5833048064,233875349504,210881421312,22993928192,-3.18,-1.95,-1.23,0.64,2.53,0,565,261,288,16,0,0,16.05,0.00,0.00,0.00,,0.00,,0.00,EastMoney,2026-09-01T19:17:05+08:00
BK0822,2026-09-01T00:00:00Z,66038,66927,67375,66001,66702,225,0.34,21477877,9122840369,3.73,1.57,0.00,0,10545723,10932154,324723040000,308612992000,-393567648,1191940832,1386365616,-194424784,1968789376,2167932240,-199142864,2614216800,2496570192,117646608,2842731616,2566810560,275921056,-4.31,-2.13,-2.18,1.29,3.02,0,23,12,10,1,0,0,-2.83,0.00,0.00,0.00,,0.00,,0.00,EastMoney,2026-09-01T19:17:05+08:00
BK0823,2026-09-01T00:00:00Z,167169,167641,168300,167035,167257,384,0.23,44519191,89283720424,1.66,1.21,0.00,0,22166986,22352205,5168101888000,4400767488000,-1522022912,7830385920,9032505600,-1202119680,19846543872,20166447104,-319903232,28934270976,28540856064,393414912,31354174720,30225566720,1128608000,-1.70,-1.35,-0.36,0.44,1.26,0,190,117,70,3,0,0,19.87,0.00,0.00,0.00,,0.00,,0.00,EastMoney,2026-09-01T19:17:05+08:00
BK0825,2026-09-01T00:00:00Z,98309,100537,100781,98309,98256,2281,2.32,58347681,47901224059,2.74,1.14,0.00,0,30198353,28149327,2231426944000,2086394128000,1411134464,5957172224,4850382848,1106789376,10499795456,10195450368,304345088,14472356096,14775663872,-303307776,15850429440,16948845824,-1098416384,2.95,2.31,0.64,-0.63,-2.29,0,153,130,20,3,0,0,42.72,0.00,0.00,0.00,,0.00,,0.00,EastMoney,2026-09-01T19:17:05+08:00
BK0830,2026-09-01T00:00:00Z,107855,109901,110081,107820,107718,2183,2.03,103557234,137791473246,1.57,1.38,0.00,0,54168328,49388907,9568791296000,8096733440000,2218818560,20832451328,18372630272,2459821056,33217936128,33458938624,-241002496,41894273024,43608885760,-1714612736,39120656640,39617865728,-497209088,1.61,1.79,-0.17,-1.24,-0.36,0,229,190,39,0,0,0,12.99,0.00,0.00,0.00,,0.00,,0.00,EastMoney,2026-09-01T19:17:05+08:00
BK0832,2026-09-01T00:00:00Z,255117,255592,256595,253781,255082,510,0.20,52146268,94186375073,2.02,1.14,0.00,0,25337477,26808790,6281481472000,5402349056000,-1963368960,10778681344,11858381312,-1079699968,20891568640,21775237632,-883668992,31163927296,31349576704,-185649408,29697288960,27507547392,2189741568,-2.08,-1.15,-0.94,-0.20,2.32,0,208,115,84,9,0,0,31.33,0.00,0.00,0.00,,0.00,,0.00,EastMoney,2026-09-01T19:17:05+08:00
BK0833,2026-09-01T00:00:00Z,249297,247171,249297,245523,249506,-2335,-0.94,74704757,145148244840,3.11,1.14,0.00,0,36037325,38667431,8747512576000,4349925888000,-8379970048,18079374336,23966919168,-5887544832,32881334528,35373759744,-2492425216,45777787648,43408092672,2369694976,45817875456,39828330240,5989545216,-5.77,-4.06,-1.72,1.63,4.13,0,234,84,150,0,0,0,44.35,0.00,0.00,0.00,,0.00,,0.00,EastMoney,2026-09-01T19:17:05+08:00
BK0834,2026-09-01T00:00:00Z,157555,161659,161918,157555,157626,4033,2.56,60545894,49788686959,3.54,1.29,0.00,0,32382715,28163179,3223110896000,2913155312000,2693601536,7502796544,4834843136,2667953408,11576813568,11551165440,25648128,15414158336,16441894912,-1027736576,13988196352,15589163520,-1600967168,5.41,5.36,0.05,-2.06,-3.22,0,149,128,19,2,0,0,36.46,0.00,0.00,0.00,,0.00,,0.00,EastMoney,2026-09-01T19:17:05+08:00
BK0835,2026-09-01T00:00:00Z,208941,209895,210501,208495,208723,1172,0.56,43396061,78492664482,2.34,1.23,0.00,0,21022315,22373745,4932262656000,4210738704000,-2038708736,9900203008,10864229888,-964026880,18024583680,19099265536,-1074681856,24189784832,24822892544,-633107712,24508693504,21836877056,2671816448,-2.60,-1.23,-1.37,-0.81,3.40,0,104,61,38,5,0,0,17.26,0.00,0.00,0.00,,0.00,,0.00,EastMoney,2026-09-01T19:17:05+08:00
BK0837,2026-09-01T00:00:00Z,96541,98224,98365,96476,96509,1715,1.78,33634681,33926421657,2.05,1.01,0.00,0,17270275,16364405,4666570752000,2034006208000,909658112,4379835648,4358055424,21780224,8432631040,7544753152,887877888,10016898560,10613821184,-596922624,10505618688,10788774912,-283156224,2.68,0.06,2.62,-1.76,-0.83,0,100,86,13,1,0,0,14.34,0.00,0.00,0.00,,0.00,,0.00,EastMoney,2026-09-01T19:17:05+08:00
BK0838,2026-09-01T00:00:00Z,118147,119729,120065,118056,118212,1517,1.28,18571783,16531769276,2.20,1.06,0.00,0,9942846,8628937,700517520000,686563504000,298134256,1551557424,1445073952,106483472,3606400576,3414749792,191650784,5263854080,5263448576,405504,5760983808,6059523328,-298539520,1.80,0.64,1.16,0.00,-1.81,0,56,51,4,1,0,0,27.90,0.00,0.00,0.00,,0.00,,0.00,EastMoney,2026-09-01T19:17:05+08:00
BK0839,2026-09-01T00:00:00Z,205849,208773,209813,205849,204096,4677,2.29,17664431,23059399924,6.55,2.14,0.00,0,8483063,9181369,349153696000,307787808000,93725168,4438214400,3764475920,673738480,4970211072,5550224384,-580013312,6157833216,6449492480,-291659264,6046435840,5804554240,241881600,0.41,2.92,-2.52,-1.26,1.05,0,43,32,11,0,0,0,-3368.79,0.00,0.00,0.00,,0.00,,0.00,EastMoney,2026-09-01T19:17:05+08:00
BK0840,2026-09-01T00:00:00Z,430617,421037,430617,418578,430698,-9661,-2.24,37900223,84000014684,2.84,0.97,0.00,0,16768507,21131717,2692472512000,2170716864000,-5672562688,9736233984,12537222400,-2800988416,18172937216,21044511488,-2871574272,26138019584,25343840768,794178816,28607409408,23721128704,4886280704,-6.75,-3.33,-3.42,0.95,5.82,0,97,19,76,2,0,0,68.15,0.00,0.00,0.00,,0.00,,0.00,EastMoney,2026-09-01T19:17:05+08:00
BK0841,2026-09-01T00:00:00Z,133523,135367,135637,133290,133495,1872,1.40,8639835,14256285775,2.22,1.05,0.00,0,4510180,4129655,802391840000,755406160000,376869840,1344078832,988207808,355871024,3171425504,3150426688,20998816,4582970368,4675784192,-92813824,4949771776,5228887552,-279115776,2.64,2.50,0.15,-0.65,-1.96,0,69,51,17,1,0,0,46.02,0.00,0.00,0.00,,0.00,,0.00,EastMoney,2026-09-01T19:17:05+08:00
BK0843,2026-09-01T00:00:00Z,174688,175608,176370,174652,174585,1023,0.59,38944361,36151522982,0.89,1.14,0.00,0,19656000,19288361,6093711872000,3977711264000,-306345872,3686045312,3323680016,362365296,7385715200,8054426368,-668711168,11028946944,11280347904,-251400960,13314213632,12762300416,551913216,-0.85,1.00,-1.85,-0.70,1.53,0,129,90,34,5,0,0,14.87,0.00,0.00,0.00,,0.00,,0.00,EastMoney,2026-09-01T19:17:05+08:00
BK0845,2026-09-01T00:00:00Z,165764,168369,168857,165718,165501,2868,1.73,73334010,111586945149,4.18,1.57,0.00,0,38263215,35070795,3239740064000,2819833440000,-79877376,15301747968,14773897984,527849984,25875929856,26483657216,-607727360,36168509696,36426259968,-257750272,31873905920,31503890688,370015232,-0.07,0.47,-0.54,-0.23,0.33,0,148,117,29,2,0,0,126.04,0.00,0.00,0.00,,0.00,,0.00,EastMoney,2026-09-01T19:17:05+08:00
BK0847,2026-09-01T00:00:00Z,94005,96051,96295,94005,93375,2676,2.87,37411435,30744402738,5.13,2.05,0.00,0,18543850,18867585,542959216000,489582128000,-508081152,5320375296,4934634752,385740544,6583651584,7477473280,-893821696,8348249600,8633512192,-285262592,8743820544,7906529280,837291264,-1.65,1.25,-2.91,-0.93,2.72,0,64,53,8,3,0,0,-568.71,0.00,0.00,0.00,,0.00,,0.00,EastMoney,2026-09-01T19:17:05+08:00
BK0852,2026-09-01T00:00:00Z,204000,206570,206901,203904,203987,2583,1.27,31543564,37524286095,2.13,1.14,0.00,0,16097128,15446435,1760937856000,1591424752000,791749984,4744794880,3728890272,1015904608,7610334720,7834489344,-224154624,11421006592,11537680640,-116674048,13031384832,13698320384,-666935552,2.11,2.71,-0.60,-0.31,-1.78,0,117,88,28,1,0,0,29.93,0.00,0.00,0.00,,0.00,,0.00,EastMoney,2026-09-01T19:17:05+08:00
BK0853,2026-09-01T00:00:00Z,135043,136984,137211,134880,135008,1976,1.46,28915670,22394685589,2.66,1.20,0.00,0,13312276,15603395,2938244080000,816321280000,-493558416,2984755552,3544693232,-559937680,5009984256,4943604992,66379264,6924487424,6674362624,250124800,6953368320,6686900224,266468096,-2.20,-2.50,0.30,1.12,1.19,0,35,27,8,0,0,0,15.01,0.00,0.00,0.00,,0.00,,0.00,EastMoney,2026-09-01T19:17:05+08:00
BK0854,2026-09-01T00:00:00Z,434902,434312,436512,430813,434476,-164,-0.04,233864480,488147873045,2.93,1.17,0.00,0,114457917,119406563,18169009664000,15913276672000,-14967335680,56625270016,63043119104,-6417849088,108326305792,116875792384,-8549486592,155556966400,153622155264,1934811136,157671964672,144597827584,13074137088,-3.07,-1.31,-1.75,0.40,2.68,0,758,402,347,9,0,0,51.26,0.00,0.00,0.00,,0.00,,0.00,EastMoney,2026-09-01T19:17:05+08:00
BK0855,2026-09-01T00:00:00Z,365891,362258,367544,359039,366549,-4291,-1.17,3516148,5204848999,4.66,1.00,0.00,0,1760447,1755701,113089897000,103052760000,-141011552,593823936,680018368,-86194432,1213249328,1268066448,-54817120,1578066160,1578269328,-203168,1716478912,1575264192,141214720,-2.71,-1.66,-1.05,0.00,2.71,0,7,2,5,0,0,0,-710.09,0.00,0.00,0.00,,0.00,,0.00,EastMoney,2026-09-01T19:17:05+08:00
BK0856,2026-09-01T00:00:00Z,188472,190167,190478,188448,188200,1967,1.05,8057746,6639935400,2.20,1.06,0.00,0,4243158,3814588,383683056000,355721120000,-80603872,493814192,448539072,45275120,1411453264,1537332256,-125878992,1995259616,2080243216,-84983600,2617573888,2451986448,165587440,-1.21,0.68,-1.90,-1.28,2.49,0,35,27,7,1,0,0,39.84,0.00,0.00,0.00,,0.00,,0.00,EastMoney,2026-09-01T19:17:05+08:00
BK0859,2026-09-01T00:00:00Z,220846,221401,222628,219583,221031,370,0.17,44452924,72107540678,2.70,1.25,0.00,0,21302340,23150583,3044861968000,2623512064000,-3889490944,9040213248,11332041728,-2291828480,15766486272,17364148736,-1597662464,22822896640,22054545920,768350720,22713755648,19548667648,3165088000,-5.39,-3.18,-2.22,1.07,4.39,0,99,60,37,2,0,0,53.56,0.00,0.00,0.00,,0.00,,0.00,EastMoney,2026-09-01T19:17:05+08:00
BK0860,2026-09-01T00:00:00Z,210297,211374,212284,209231,210452,922,0.44,28639581,71599365061,1.69,1.26,0.00,0,14723652,13915929,3389778800000,3095473712000,-1711446272,10030936064,11326903040,-1295966976,20675437824,21090917120,-415479296,19860241920,19853652736,6589184,19792778496,18073154048,1719624448,-2.39,-1.81,-0.58,0.01,2.40,0,125,77,44,4,0,0,54.31,0.00,0.00,0.00,,0.00,,0.00,EastMoney,2026-09-01T19:17:05+08:00
BK0861,2026-09-01T00:00:00Z,156718,158018,158401,156227,156644,1374,0.88,19171798,20852135510,2.10,1.24,0.00,0,9935488,9236310,1108350640000,952465216000,-335721216,1511602400,1649886688,-138284288,4379021312,4576458240,-197436928,7003418112,6722800640,280617472,7554490880,7469127936,85362944,-1.61,-0.66,-0.95,1.35,0.41,0,92,60,30,2,0,0,32.36,0.00,0.00,0.00,,0.00,,0.00,EastMoney,2026-09-01T19:17:05+08:00
BK0864,2026-09-01T00:00:00Z,147459,147388,148052,146754,147512,-124,-0.08,77022366,102468504576,1.46,1.09,0.00,0,38501844,38520522,5725499904000,4854570752000,-3496956416,9817084416,11896428544,-2079344128,22112421888,23530034176,-1417612288,32547933696,31347932672,1200001024,36204369408,33863637248,2340732160,-3.41,-2.03,-1.38,1.17,2.28,0,276,152,111,13,0,0,29.38,0.00,0.00,0.00,,0.00,,0.00,EastMoney,2026-09-01T19:17:05+08:00
BK0865,2026-09-01T00:00:00Z,278500,274993,278634,273276,278718,-3725,-1.34,11153069,30287363496,2.63,0.96,0.00,0,5075688,6077381,1380698912000,1298303952000,-1729045600,2500193616,3650959280,-1150765664,6495364096,7073644032,-578279936,9633486080,9332057344,301428736,11145960192,9717549056,1428411136,-5.71,-3.80,-1.91,1.00,4.72,0,53,18,35,0,0,0,39.62,0.00,0.00,0.00,,0.00,,0.00,EastMoney,2026-09-01T19:17:05+08:00
BK0866,2026-09-01T00:00:00Z,130058,131473,132156,130058,130241,1232,0.95,7095768,6712586817,4.70,1.13,0.00,0,3417684,3678084,195188596000,185216987000,-133294928,575035136,568381792,6653344,1467293840,1607242112,-139948272,2113642944,2124555152,-10912208,2443968992,2299761856,144207136,-1.99,0.10,-2.08,-0.16,2.15,0,18,13,5,0,0,0,22.71,0.00,0.00,0.00,,0.00,,0.00,EastMoney,2026-09-01T19:17:05+08:00
BK0867,2026-09-01T00:00:00Z,178523,179557,180161,178426,178689,868,0.49,590274209,936533296148,1.29,1.15,0.00,0,303830006,286444203,73446637568000,61041467648000,-24781078528,122495528960,133458616320,-10963087360,218927140864,232745132032,-13817991168,295753715712,293559046144,2194669568,283193806848,260607397888,22586408960,-2.65,-1.17,-1.48,0.23,2.41,0,1281,837,406,38,0,0,16.17,0.00,0.00,0.00,,0.00,,0.00,EastMoney,2026-09-01T19:17:05+08:00
BK0868,2026-09-01T00:00:00Z,99027,99749,100158,98907,99149,600,0.61,5291671,10386388948,0.85,1.16,0.00,0,2808748,2482923,1504875312000,1364030752000,633577232,1865950896,1349057920,516892976,2802955056,2686270800,116684256,2886905744,3203944832,-317039088,2676839616,2993377760,-316538144,6.10,4.98,1.12,-3.05,-3.05,0,11,7,4,0,0,0,11.55,0.00,0.00,0.00,,0.00,,0.00,EastMoney,2026-09-01T19:17:05+08:00
BK0870,2026-09-01T00:00:00Z,162650,163968,164354,162332,162922,1046,0.64,8285053,13600742314,1.76,0.70,0.00,0,4224336,4060718,1585308288000,1062379888000,187953184,1179922272,1046405232,133517040,3169515232,3115079088,54436144,4911516416,4745024000,166492416,4128190992,4482636544,-354445552,1.38,0.98,0.40,1.22,-2.61,0,49,34,15,0,0,0,42.83,0.00,0.00,0.00,,0.00,,0.00,EastMoney,2026-09-01T19:17:05+08:00
BK0872,2026-09-01T00:00:00Z,201578,201768,202480,200339,201438,330,0.16,1377210,3771476988,1.18,0.76,0.00,0,660612,716598,298783040000,272897120000,110858720,345567312,371279680,-25712368,884462400,747891312,136571088,1266091680,1184327984,81763696,1204642528,1397264944,-192622416,2.94,-0.68,3.62,2.17,-5.11,0,11,7,4,0,0,0,17.40,0.00,0.00,0.00,,0.00,,0.00,EastMoney,2026-09-01T19:17:05+08:00
BK0873,2026-09-01T00:00:00Z,157571,158622,159088,157494,157684,938,0.59,16036196,12639338091,1.61,1.10,0.00,0,8160741,7875455,813808176000,746764368000,-198189312,633079728,846813136,-213733408,2607826032,2592281936,15544096,4073852704,3919861696,153991008,5091348224,5034420224,56928000,-1.57,-1.69,0.12,1.22,0.45,0,96,66,28,2,0,0,31.15,0.00,0.00,0.00,,0.00,,0.00,EastMoney,2026-09-01T19:17:05+08:00
BK0875,2026-09-01T00:00:00Z,175182,177559,177818,175145,174709,2850,1.63,9802886,14222576812,2.76,1.14,0.00,0,5062773,4740113,368734864000,353622352000,502313504,1751872112,1155964096,595908016,3105092592,3198687104,-93594512,4442298112,4534522880,-92224768,4604305920,5010279936,-405974016,3.53,4.19,-0.66,-0.65,-2.85,0,43,35,8,0,0,0,-2188.85,0.00,0.00,0.00,,0.00,,0.00,EastMoney,2026-09-01T19:17:05+08:00
BK0877,2026-09-01T00:00:00Z,413028,399964,413028,397852,412845,-12881,-3.12,55307561,207459781772,3.96,1.04,0.00,0,24391977,30915584,6058819840000,5070447360000,-12512691456,24084359424,31838669312,-7754309888,45416775680,50175157248,-4758381568,66198503424,62450049024,3748454400,67410055424,58776719360,8633336064,-6.03,-3.74,-2.29,1.81,4.16,0,191,21,167,3,0,0,65.96,0.00,0.00,0.00,,0.00,,0.00,EastMoney,2026-09-01T19:17:05+08:00
BK0879,2026-09-01T00:00:00Z,170882,172122,172714,170821,171072,1050,0.61,522331574,701215762362,1.19,1.14,0.00,0,270202542,252129032,65637335808000,54367880704000,-15279706112,89731235840,96793165824,-7061929984,160618078208,168835854336,-8217776128,215982645248,215183990784,798654464,222634618880,208153567232,14481051648,-2.18,-1.01,-1.17,0.11,2.07,0,1049,707,307,35,0,0,14.49,0.00,0.00,0.00,,0.00,,0.00,EastMoney,2026-09-01T19:17:05+08:00
BK0880,2026-09-01T00:00:00Z,172295,173313,174180,171600,172405,908,0.53,13009887,11627714300,2.71,0.92,0.00,0,5590256,7419631,468830608000,439635648000,-789154512,1484665168,2178204128,-693538960,2409364128,2504979680,-95615552,3594777168,3273813840,320963328,3953106688,3484915520,468191168,-6.79,-5.96,-0.82,2.76,4.03,0,19,13,6,0,0,0,45.92,0.00,0.00,0.00,,0.00,,0.00,EastMoney,2026-09-01T19:17:05+08:00
BK0881,2026-09-01T00:00:00Z,169383,169284,169814,166453,169465,-181,-0.11,7434958,12265909385,3.40,1.06,0.00,0,3559582,3875376,431739616000,411415872000,-1011590896,1304622816,1723551552,-418928736,2501569360,3094231520,-592662160,4026010544,3781362592,244647952,4271072464,3504129504,766942960,-8.25,-3.42,-4.83,1.99,6.25,0,15,8,7,0,0,0,176.73,0.00,0.00,0.00,,0.00,,0.00,EastMoney,2026-09-01T19:17:05+08:00
BK0882,2026-09-01T00:00:00Z,121984,124130,125017,121938,122112,2018,1.65,14187068,10859905085,2.62,1.26,0.00,0,7769981,6417087,779142752000,641103808000,90329168,1080549648,1008432816,72116832,2383801008,2365588672,18212336,3446599824,3400835088,45764736,3764568560,3892168336,-127599776,0.83,0.66,0.17,0.42,-1.17,0,39,33,6,0,0,0,-50.81,0.00,0.00,0.00,,0.00,,0.00,EastMoney,2026-09-01T19:17:05+08:00
BK0883,2026-09-01T00:00:00Z,172575,177003,177460,172493,172524,4479,2.60,28288449,37343618663,3.35,1.11,0.00,0,15179492,13108957,955808736000,916846816000,1410660944,4179333616,3405322912,774010704,8597602816,7960952576,636650240,11903240704,12381575168,-478334464,11851532544,12769154304,-917621760,3.78,2.07,1.70,-1.28,-2.46,0,83,75,7,1,0,0,-64.20,0.00,0.00,0.00,,0.00,,0.00,EastMoney,2026-09-01T19:17:05+08:00
BK0884,2026-09-01T00:00:00Z,516542,499236,516604,498459,516425,-17189,-3.33,6215608,44988078290,3.97,0.92,0.00,0,2838445,3377163,1504305936000,1276966816000,-1174528256,5381139456,6132355328,-751215872,11018080512,11441392896,-423312384,18071832832,17497124864,574707968,9682184448,9092349952,589834496,-2.61,-1.67,-0.94,1.28,1.31,0,42,4,37,1,0,0,86.51,0.00,0.00,0.00,,0.00,,0.00,EastMoney,2026-09-01T19:17:05+08:00
BK0885,2026-09-01T00:00:00Z,113016,114237,114371,112809,113102,1135,1.00,5033677,9151166443,3.50,1.20,0.00,0,2585275,2448402,340861472000,298588784000,-459495344,760099216,1004283152,-244183936,1915957296,2131268704,-215311408,3194783408,3113315616,81467792,3106769520,2728741952,378027568,-5.02,-2.67,-2.35,0.89,4.13,0,19,14,5,0,0,0,224.14,0.00,0.00,0.00,,0.00,,0.00,EastMoney,2026-09-01T19:17:05+08:00
BK0886,2026-09-01T00:00:00Z,138428,140736,141159,138317,138137,2599,1.88,17541972,24740691759,3.39,1.34,0.00,0,9142990,8398982,646587664000,584619648000,680840352,2408868944,1756054192,652814752,5163221760,5135196160,28025600,7779499264,8024856064,-245356800,8757015040,9023077888,-266062848,2.75,2.64,0.11,-0.99,-1.08,0,88,73,15,0,0,0,-76.80,0.00,0.00,0.00,,0.00,,0.00,EastMoney,2026-09-01T19:17:05+08:00
BK0887,2026-09-01T00:00:00Z,74349,75689,76068,74274,74528,1161,1.56,4339832,4278090067,1.62,1.33,0.00,0,2355179,1984653,334336960000,311454624000,46204816,293303968,288000880,5303088,849097920,808196192,40901728,1416085536,1367243168,48842368,1654480336,1749527536,-95047200,1.08,0.12,0.96,1.14,-2.22,0,20,18,2,0,0,0,-70.82,0.00,0.00,0.00,,0.00,,0.00,EastMoney,2026-09-01T19:17:05+08:00
BK0888,2026-09-01T00:00:00Z,243840,255956,257083,243840,244346,11610,4.75,38073319,31371999083,5.37,1.32,0.00,0,19864249,18209070,763021472000,684784864000,2451908272,4725873664,2663763792,2062109872,7254365952,6864567552,389798400,9060850688,9653981696,-593131008,8646933248,10183800832,-1536867584,7.82,6.57,1.24,-1.89,-4.90,0,87,75,7,5,0,0,29.67,0.00,0.00,0.00,,0.00,,0.00,EastMoney,2026-09-01T19:17:05+08:00
BK0889,2026-09-01T00:00:00Z,179635,182043,182322,179336,179572,2471,1.38,23586890,22004297608,2.26,0.89,0.00,0,11022196,12564694,1122172576000,991568656000,56738816,2818098480,2901620784,-83522304,4969163520,4828902400,140261120,7428112896,7171860992,256251904,6348401920,6647459840,-299057920,0.26,-0.38,0.64,1.16,-1.36,0,79,64,13,2,0,0,41.30,0.00,0.00,0.00,,0.00,,0.00,EastMoney,2026-09-01T19:17:05+08:00
BK0890,2026-09-01T00:00:00Z,503892,486087,503892,483947,504359,-18272,-3.62,9512154,41850277980,4.61,0.95,0.00,0,3927152,5585003,959679392000,860052592000,-3134210032,4057580816,5619352064,-1561771248,8829873920,10402312704,-1572438784,13836457472,13367798272,468659200,14404727808,11762231552,2642496256,-7.49,-3.73,-3.76,1.12,6.31,0,35,1,33,1,0,0,63.23,0.00,0.00,0.00,,0.00,,0.00,EastMoney,2026-09-01T19:17:05+08:00
BK0891,2026-09-01T00:00:00Z,487360,481425,487360,478849,487544,-6119,-1.26,104623074,371624564287,3.12,1.08,0.00,0,48583030,56040044,20438485248000,13340775936000,-19031503872,45452259840,57558758912,-12106499072,92800831488,99725836288,-6925004800,122201362432,116860215296,5341147136,104365064192,90710949888,13654114304,-5.12,-3.26,-1.86,1.44,3.67,0,426,136,284,6,0,0,55.84,0.00,0.00,0.00,,0.00,,0.00,EastMoney,2026-09-01T19:17:05+08:00
BK0892,2026-09-01T00:00:00Z,104904,108082,108625,104864,104915,3167,3.02,10172155,9818639306,3.32,1.17,0.00,0,5549547,4622608,429787664000,406051360000,650508208,1309028336,744636688,564391648,2056048720,1969932160,86116560,2970263888,3047067616,-76803728,3143502016,3695426032,-551924016,6.63,5.75,0.88,-0.78,-5.62,0,32,30,1,1,0,0,54.41,0.00,0.00,0.00,,0.00,,0.00,EastMoney,2026-09-01T19:17:05+08:00
BK0893,2026-09-01T00:00:00Z,259580,257088,259580,255767,258938,-1850,-0.71,19845732,64757060165,2.81,0.99,0.00,0,9232359,10613373,3067518880000,2697055888000,-3058754816,7484552960,9485538816,-2000985856,14234599168,15292368128,-1057768960,20664757760,20327079424,337678336,21111871488,18396334336,2715537152,-4.72,-3.09,-1.63,0.52,4.19,0,82,29,53,0,0,0,37.63,0.00,0.00,0.00,,0.00,,0.00,EastMoney,2026-09-01T19:17:05+08:00
BK0894,2026-09-01T00:00:00Z,192825,195628,196182,192598,191984,3644,1.90,8088437,6349268132,5.50,1.29,0.00,0,3781573,4306864,241754532000,207726297000,-94418192,728927344,783685216,-54757872,1310069248,1349729568,-39660320,1948277824,1913043312,35234512,2195591776,2136408096,59183680,-1.49,-0.86,-0.62,0.55,0.93,0,21,16,5,0,0,0,37.77,0.00,0.00,0.00,,0.00,,0.00,EastMoney,2026-09-01T19:17:05+08:00
BK0895,2026-09-01T00:00:00Z,191710,194146,194787,191167,191852,2294,1.20,11608972,9625012134,3.49,0.85,0.00,0,6069905,5539067,476856992000,453793456000,-146319376,776279728,931389104,-155109376,2080700960,2071910960,8790000,3182554448,2971706528,210847920,3326820096,3368991264,-42171168,-1.52,-1.61,0.09,2.19,-0.44,0,34,27,7,0,0,0,20.53,0.00,0.00,0.00,,0.00,,0.00,EastMoney,2026-09-01T19:17:05+08:00
BK0896,2026-09-01T00:00:00Z,186828,191063,191912,186756,187064,3999,2.14,9029918,16402521418,1.53,1.37,0.00,0,4871569,4158349,2668854704000,2651628496000,907743264,2061418368,1689264560,372153808,4473979136,3938389680,535589456,5777138944,6061134080,-283995136,3837283296,4461031680,-623748384,5.53,2.27,3.27,-1.73,-3.80,0,45,40,4,1,0,0,31.88,0.00,0.00,0.00,,0.00,,0.00,EastMoney,2026-09-01T19:17:05+08:00
BK0897,2026-09-01T00:00:00Z,141894,143030,143604,141436,142327,703,0.49,12231457,25742237519,2.40,1.31,0.00,0,5793887,6437570,616146128000,579708544000,-448981376,3762307088,3934862736,-172555648,6098052352,6374478080,-276425728,7554040832,7786046464,-232005632,7793315840,7112328960,680986880,-1.74,-0.67,-1.07,-0.90,2.65,0,13,7,5,1,0,0,164.90,0.00,0.00,0.00,,0.00,,0.00,EastMoney,2026-09-01T19:17:05+08:00
BK0898,2026-09-01T00:00:00Z,223422,225196,225809,222819,223718,1478,0.66,3568956,5532524781,1.93,1.02,0.00,0,1744448,1824508,318468816000,306564432000,-12197216,412627376,472471200,-59843824,1266580928,1218934320,47646608,1834588208,1819903904,14684304,1939064256,1941551344,-2487088,-0.22,-1.08,0.86,0.27,-0.04,0,28,17,9,2,0,0,25.08,0.00,0.00,0.00,,0.00,,0.00,EastMoney,2026-09-01T19:17:05+08:00
BK0899,2026-09-01T00:00:00Z,216663,217947,218687,214868,217237,710,0.33,6952170,22599702196,3.23,0.85,0.00,0,3461046,3491124,1097408400000,881298048000,340018208,1472825552,1385549744,87275808,5007089152,4754346752,252742400,7687675136,7634149376,53525760,7903735552,8294502144,-390766592,1.50,0.39,1.12,0.24,-1.73,0,49,29,20,0,0,0,35.07,0.00,0.00,0.00,,0.00,,0.00,EastMoney,2026-09-01T19:17:05+08:00
BK0900,2026-09-01T00:00:00Z,243988,243148,244378,241817,243983,-835,-0.34,147523894,292894162910,2.36,1.10,0.00,0,71318272,76205622,15386821632000,13005388544000,-13271836416,28915232512,36977965824,-8062733312,63537489152,68746592256,-5209103104,92768370688,88546492416,4221878272,101785538560,92749082624,9036455936,-4.53,-2.75,-1.78,1.44,3.09,0,708,325,367,16,0,0,29.62,0.00,0.00,0.00,,0.00,,0.00,EastMoney,2026-09-01T19:17:05+08:00
BK0901,2026-09-01T00:00:00Z,164112,163489,164992,162302,164320,-831,-0.51,3492062,8358428610,2.22,0.94,0.00,0,1752956,1739105,685138128000,645281792000,-2275824,1140117408,1219632432,-79515024,2053066896,1975827696,77239200,2541902352,2482220256,59682096,2514887056,2572293344,-57406288,-0.03,-0.95,0.92,0.71,-0.69,0,9,3,6,0,0,0,32.88,0.00,0.00,0.00,,0.00,,0.00,EastMoney,2026-09-01T19:17:05+08:00
BK0902,2026-09-01T00:00:00Z,255026,252052,255026,250650,255196,-3144,-1.23,29485197,51902191868,2.51,1.01,0.00,0,12711823,16773374,1958566208000,1544358464000,-3052076800,7160845056,8980451840,-1819606784,11522602752,12755072768,-1232470016,15507635968,14700439040,807196928,16694059520,14473432832,2220626688,-5.88,-3.51,-2.37,1.56,4.28,0,68,23,41,4,0,0,81.50,0.00,0.00,0.00,,0.00,,0.00,EastMoney,2026-09-01T19:17:05+08:00
BK0905,2026-09-01T00:00:00Z,220038,219192,220516,217697,220017,-825,-0.37,18396108,58263368237,2.68,0.92,0.00,0,8579016,9817092,2483729584000,1994388640000,-4072631808,5202982144,7608352256,-2405370112,12014428160,13681689856,-1667261696,19388868864,18176206848,1212662016,20588483072,17700324864,2888158208,-6.99,-4.13,-2.86,2.08,4.96,0,134,59,74,1,0,0,49.32,0.00,0.00,0.00,,0.00,,0.00,EastMoney,2026-09-01T19:17:05+08:00
BK0906,2026-09-01T00:00:00Z,163252,165776,166288,163051,163612,2164,1.32,30235002,32579823524,2.83,0.99,0.00,0,16224038,14010964,1451307504000,1314348336000,711887248,2808883248,2240847776,568035472,6831240704,6687388928,143851776,10395215616,10509156864,-113941248,11804795904,12402741760,-597945856,2.19,1.74,0.44,-0.35,-1.84,0,129,104,22,3,0,0,56.56,0.00,0.00,0.00,,0.00,,0.00,EastMoney,2026-09-01T19:17:05+08:00
BK0907,2026-09-01T00:00:00Z,150332,162770,162818,150332,151000,11770,7.79,13030364,9936094567,6.87,1.38,0.00,0,6938888,6091476,166241496000,141523265000,1233304624,1979839088,902244976,1077594112,2291366368,2135655856,155710512,2581924720,2922219968,-340295248,2302965344,3075667520,-772702176,12.41,10.85,1.57,-3.42,-7.78,0,20,20,0,0,0,0,-54.85,0.00,0.00,0.00,,0.00,,0.00,EastMoney,2026-09-01T19:17:05+08:00
BK0908,2026-09-01T00:00:00Z,293239,291183,293462,289681,293669,-2486,-0.85,13967484,16402996350,2.37,0.95,0.00,0,7052698,6914786,668645648000,623105056000,-384976944,1690641200,1882705152,-192063952,3616267584,3809180576,-192912992,5729101824,5773502720,-44400896,5112632832,4675397632,437235200,-2.35,-1.17,-1.18,-0.27,2.67,0,40,18,20,2,0,0,-19.06,0.00,0.00,0.00,,0.00,,0.00,EastMoney,2026-09-01T19:17:05+08:00
BK0909,2026-09-01T00:00:00Z,203748,204227,205170,203537,203823,404,0.20,15439005,15139002761,2.00,1.06,0.00,0,7472357,7966647,842529664000,774571952000,-340652912,1065068000,1314744720,-249676720,3123627808,3214604000,-90976192,4894543616,4838564608,55979008,5794067456,5495546880,298520576,-2.25,-1.65,-0.60,0.37,1.97,0,67,33,29,5,0,0,34.73,0.00,0.00,0.00,,0.00,,0.00,EastMoney,2026-09-01T19:17:05+08:00
BK0910,2026-09-01T00:00:00Z,344289,345684,347128,343276,344575,1109,0.32,21091547,41057944123,2.06,1.06,0.00,0,10607800,10483747,1677434576000,1410322672000,-12040128,3140405408,3282491232,-142085824,8588713728,8458668032,130045696,13874434304,13508316928,366117376,14414476288,14606592768,-192116480,-0.03,-0.35,0.32,0.89,-0.47,0,206,111,90,5,0,0,51.78,0.00,0.00,0.00,,0.00,,0.00,EastMoney,2026-09-01T19:17:05+08:00
BK0914,2026-09-01T00:00:00Z,125130,126428,126638,124982,125220,1208,0.96,5568970,4072924892,1.85,1.13,0.00,0,2913512,2655458,209090255000,187950856000,54153244,259142650,264150798,-5008148,883931120,824769728,59161392,1335391728,1310027136,25364592,1522062304,1597886384,-75824080,1.33,-0.12,1.45,0.62,-1.86,0,32,26,6,0,0,0,41.57,0.00,0.00,0.00,,0.00,,0.00,EastMoney,2026-09-01T19:17:05+08:00
BK0915,2026-09-01T00:00:00Z,164065,162588,164159,161424,164148,-1560,-0.95,9337752,31400613107,1.96,1.08,0.00,0,4416874,4920878,837131792000,775941632000,-1064128352,3596867184,4219407824,-622540640,6705668864,7147256576,-441587712,9590177024,9852198144,-262021120,10849337856,9529840896,1319496960,-3.39,-1.98,-1.41,-0.83,4.20,0,32,11,21,0,0,0,56.57,0.00,0.00,0.00,,0.00,,0.00,EastMoney,2026-09-01T19:17:05+08:00
BK0916,2026-09-01T00:00:00Z,192105,188418,192105,187559,192045,-3627,-1.89,12409267,34592380613,3.35,0.96,0.00,0,5153240,7256027,1449304528000,1373735184000,-2750898112,2688517280,3881974880,-1193457600,7167420416,8724860928,-1557440512,12772874496,11725455104,1047419392,11416273408,9712794624,1703478784,-7.95,-3.45,-4.50,3.03,4.92,0,48,9,38,1,0,0,-815.39,0.00,0.00,0.00,,0.00,,0.00,EastMoney,2026-09-01T19:17:05+08:00
BK0917,2026-09-01T00:00:00Z,290510,284452,290510,283098,290402,-5950,-2.05,105983974,419244903353,2.90,0.99,0.00,0,48931057,57052917,22370135296000,14111756032000,-19404588032,49251191808,62084333568,-12833141760,103489814528,110061260800,-6571446272,142274293760,136519757824,5754535936,115706130432,102254108672,13452021760,-4.63,-3.06,-1.57,1.37,3.21,0,526,111,408,7,0,0,74.86,0.00,0.00,0.00,,0.00,,0.00,EastMoney,2026-09-01T19:17:05+08:00
BK0918,2026-09-01T00:00:00Z,268924,268745,269970,267264,269114,-369,-0.14,23741940,48490476229,1.73,0.83,0.00,0,11368995,12372944,1870375504000,1705618688000,-2406923008,5151729152,6492085760,-1340356608,9919321088,10985887488,-1066566400,15045399552,15046700544,-1300992,17487211520,15087059200,2400152320,-4.96,-2.76,-2.20,0.00,4.95,0,91,45,44,2,0,0,30.65,0.00,0.00,0.00,,0.00,,0.00,EastMoney,2026-09-01T19:17:05+08:00
BK0920,2026-09-01T00:00:00Z,144718,145817,146269,144496,144722,1095,0.76,43339120,95194453087,1.87,1.12,0.00,0,21783861,21555258,5947938304000,5023196928000,-1810267136,10414961664,12116493824,-1701532160,21331165440,21439900416,-108734976,29630095616,29556012288,74083328,31889172224,30109746944,1779425280,-1.90,-1.79,-0.11,0.08,1.87,0,220,152,62,6,0,0,37.48,0.00,0.00,0.00,,0.00,,0.00,EastMoney,2026-09-01T19:17:05+08:00
BK0921,2026-09-01T00:00:00Z,191148,190148,191457,188527,191423,-1275,-0.67,27808623,61385053140,1.52,1.21,0.00,0,13457173,14351450,2741067168000,2403479936000,-3675119104,5937604864,7863355904,-1925751040,13389006592,15138374656,-1749368064,19547731200,18453729280,1094001920,21102396160,18483043840,2619352320,-5.99,-3.14,-2.85,1.78,4.27,0,102,39,60,3,0,0,67.19,0.00,0.00,0.00,,0.00,,0.00,EastMoney,2026-09-01T19:17:05+08:00
BK0922,2026-09-01T00:00:00Z,208413,208133,209198,206563,208373,-240,-0.12,87820691,211081128144,2.02,1.12,0.00,0,43338373,44482318,11434718208000,8143736320000,-7803793152,25409284096,29384644096,-3975360000,50891987968,54720421120,-3828433152,64544981504,63651995648,892985856,65702115328,58864888064,6837227264,-3.70,-1.88,-1.81,0.42,3.24,0,309,154,146,9,0,0,31.94,0.00,0.00,0.00,,0.00,,0.00,EastMoney,2026-09-01T19:17:05+08:00
BK0923,2026-09-01T00:00:00Z,147143,149324,149838,147132,146970,2354,1.60,62294711,106442184709,6.41,1.80,0.00,0,32004817,30289895,6219465472000,2319714048000,-3193358848,15747447552,18410870784,-2663423232,25695096064,26225031680,-529935616,34055947776,33257232896,798714880,28537093376,26129509632,2407583744,-3.00,-2.50,-0.50,0.75,2.26,0,98,72,26,0,0,0,62.80,0.00,0.00,0.00,,0.00,,0.00,EastMoney,2026-09-01T19:17:05+08:00
BK0924,2026-09-01T00:00:00Z,186458,191376,191437,186372,186568,4808,2.58,7780976,6859730544,1.93,1.41,0.00,0,4075489,3705487,418722800000,381293920000,563580944,871761472,477096992,394664480,1531169856,1362253392,168916464,2154212576,2280424640,-126212064,2218647680,2656016560,-437368880,8.22,5.75,2.46,-1.84,-6.38,0,30,28,2,0,0,0,35.67,0.00,0.00,0.00,,0.00,,0.00,EastMoney,2026-09-01T19:17:05+08:00
BK0925,2026-09-01T00:00:00Z,221598,224839,225729,221200,222863,1976,0.89,11853100,11212932102,4.16,1.02,0.00,0,6103570,5749530,326585424000,297723488000,113460944,1169293728,984274016,185019712,2347647936,2419206704,-71558768,3407608368,3672753680,-265145312,4029185840,3877501472,151684368,1.01,1.65,-0.64,-2.36,1.35,0,25,14,10,1,0,0,43.07,0.00,0.00,0.00,,0.00,,0.00,EastMoney,2026-09-01T19:17:05+08:00
BK0926,2026-09-01T00:00:00Z,238271,237352,238840,236504,238063,-711,-0.30,6685667,22604896597,2.67,0.97,0.00,0,3297256,3388410,657475872000,615100528000,-320790064,2328153648,2454292576,-126138928,5131903488,5326554624,-194651136,7577195264,7209416704,367778560,7255774208,7302762496,-46988288,-1.42,-0.56,-0.86,1.63,-0.21,0,28,15,12,1,0,0,95.80,0.00,0.00,0.00,,0.00,,0.00,EastMoney,2026-09-01T19:17:05+08:00
BK0927,2026-09-01T00:00:00Z,112780,115449,115668,112718,112789,2660,2.36,8792120,6544489968,1.21,1.38,0.00,0,4891557,3900563,617087392000,576435136000,155419200,691168528,646246384,44922144,1599482672,1488985616,110497056,1998063312,2001148416,-3085104,2143861680,2296195776,-152334096,2.37,0.69,1.69,-0.05,-2.33,0,18,16,1,1,0,0,27.44,0.00,0.00,0.00,,0.00,,0.00,EastMoney,2026-09-01T19:17:05+08:00
BK0932,2026-09-01T00:00:00Z,198520,197604,198587,195909,199121,-1517,-0.76,7269474,12566392717,3.50,1.13,0.00,0,3333629,3935845,331233472000,308044816000,-575886080,795185328,1024441936,-229256608,2299034096,2645663568,-346629472,4154908048,4078436112,76471936,5088300544,4583777280,504523264,-4.58,-1.82,-2.76,0.61,4.01,0,35,13,21,1,0,0,108.76,0.00,0.00,0.00,,0.00,,0.00,EastMoney,2026-09-01T19:17:05+08:00
BK0933,2026-09-01T00:00:00Z,116298,121416,121521,116291,116140,5276,4.54,3502027,3064718433,1.99,1.72,0.00,0,1948342,1553684,147007854000,143397018000,352660836,429170112,168887404,260282708,678012176,585634048,92378128,1042509152,1024677760,17831392,883118576,1253610800,-370492224,11.51,8.49,3.01,0.58,-12.09,0,12,12,0,0,0,0,295.83,0.00,0.00,0.00,,0.00,,0.00,EastMoney,2026-09-01T19:17:05+08:00
BK0935,2026-09-01T00:00:00Z,274374,265841,274383,264950,274434,-8593,-3.13,13566964,85175036326,2.61,0.90,0.00,0,6291197,7275767,4621836032000,3492294288000,-5317745664,8049967360,11422403328,-3372435968,21230402048,23175711744,-1945309696,33735676672,31338606336,2397070336,20825943296,17930546688,2895396608,-6.24,-3.96,-2.28,2.81,3.40,0,67,8,58,1,0,0,107.86,0.00,0.00,0.00,,0.00,,0.00,EastMoney,2026-09-01T19:17:05+08:00
BK0936,2026-09-01T00:00:00Z,108236,110325,110518,108189,108386,1939,1.79,3354783,2547119988,2.93,0.81,0.00,0,1759126,1595657,146067107000,127978293000,32400344,131903638,95814750,36088888,498827472,502516016,-3688544,891164352,836590528,54573824,963789808,1033320560,-69530752,1.27,1.42,-0.14,2.14,-2.73,0,15,13,2,0,0,0,75.23,0.00,0.00,0.00,,0.00,,0.00,EastMoney,2026-09-01T19:17:05+08:00
BK0937,2026-09-01T00:00:00Z,73090,74788,74982,73019,73198,1590,2.17,36008470,40419239908,1.15,1.30,0.00,0,20092339,15916131,5670620672000,4698092800000,1018991104,6778623744,5149543936,1629079808,10115459584,10725548288,-610088704,11576328192,12356082688,-779754496,11317169920,11556406528,-239236608,2.52,4.03,-1.51,-1.93,-0.59,0,61,52,7,2,0,0,8.24,0.00,0.00,0.00,,0.00,,0.00,EastMoney,2026-09-01T19:17:05+08:00
BK0938,2026-09-01T00:00:00Z,110986,113066,113640,110986,111095,1971,1.77,5707398,5325998868,4.62,1.19,0.00,0,3065890,2641508,168441666000,164179067000,-48018720,400759968,381322528,19437440,1011087328,1078543488,-67456160,1708509792,1632356032,76153760,2109930800,2138065840,-28135040,-0.90,0.36,-1.27,1.43,-0.53,0,16,10,6,0,0,0,26.75,0.00,0.00,0.00,,0.00,,0.00,EastMoney,2026-09-01T19:17:05+08:00
BK0939,2026-09-01T00:00:00Z,105749,107103,107225,105554,105643,1460,1.38,10257181,11903548974,2.80,0.85,0.00,0,4910055,5347126,505792512000,455335248000,505001648,1307288192,758751488,548536704,2546599296,2590134352,-43535056,3657520480,3807540544,-150020064,4204032624,4559014144,-354981520,4.24,4.61,-0.37,-1.26,-2.98,0,54,40,13,1,0,0,54.38,0.00,0.00,0.00,,0.00,,0.00,EastMoney,2026-09-01T19:17:05+08:00
BK0940,2026-09-01T00:00:00Z,72857,74435,74563,72857,72782,1653,2.27,70217624,58083216473,4.72,1.61,0.00,0,36627885,33589738,1247673936000,1111195712000,899781888,7831948544,5997545728,1834402816,12528883200,13463504128,-934620928,17598935040,18367672320,-768737280,18578028544,18699663104,-121634560,1.55,3.16,-1.61,-1.32,-0.21,0,133,113,20,0,0,0,76.59,0.00,0.00,0.00,,0.00,,0.00,EastMoney,2026-09-01T19:17:05+08:00
BK0943,2026-09-01T00:00:00Z,125987,126914,127493,125848,126224,690,0.55,3453250,3030663005,1.12,0.82,0.00,0,1655690,1797560,230815140000,190573280000,-20141142,236298474,283531120,-47232646,640721904,613630400,27091504,956337680,891279648,65058032,1132580832,1169781872,-37201040,-0.66,-1.56,0.89,2.15,-1.23,0,18,12,6,0,0,0,-35.61,0.00,0.00,0.00,,0.00,,0.00,EastMoney,2026-09-01T19:17:05+08:00
BK0944,2026-09-01T00:00:00Z,84149,85747,85860,84117,84386,1361,1.61,2313149,2032167442,1.50,0.76,0.00,0,1238798,1074351,185264738000,166109165000,159627719,144915887,73927256,70988631,505684064,417044976,88639088,639759200,714630272,-74871072,712294384,797051008,-84756624,7.86,3.49,4.36,-3.68,-4.17,0,13,12,1,0,0,0,31.09,0.00,0.00,0.00,,0.00,,0.00,EastMoney,2026-09-01T19:17:05+08:00
BK0945,2026-09-01T00:00:00Z,107916,108735,108878,107757,108052,683,0.63,31411161,18906249562,1.52,1.15,0.00,0,15361735,16049426,1213323792000,1052313696000,-254648384,1707393312,1696466448,10926864,3833055712,4098630960,-265575248,5806337280,5863206912,-56869632,6905821696,6576418048,329403648,-1.35,0.06,-1.40,-0.30,1.74,0,90,57,28,5,0,0,-34.37,0.00,0.00,0.00,,0.00,,0.00,EastMoney,2026-09-01T19:17:05+08:00
BK0946,2026-09-01T00:00:00Z,155686,151808,155686,151584,155364,-3556,-2.29,1606774,5999132395,1.74,0.94,0.00,0,750161,856613,331549584000,226515788000,-275788176,504912880,699004448,-194091568,1309546848,1391243456,-81696608,1859658720,1865347680,-5688960,2205986000,1924508848,281477152,-4.60,-3.24,-1.36,-0.09,4.69,0,12,1,10,1,0,0,80.94,0.00,0.00,0.00,,0.00,,0.00,EastMoney,2026-09-01T19:17:05+08:00
BK0947,2026-09-01T00:00:00Z,92899,92967,93617,92694,92825,142,0.15,17432168,13083378231,2.56,1.01,0.00,0,7556518,9875651,563527568000,515295648000,-240852320,2607818704,3055101616,-447282912,3097756768,2891326176,206430592,3593166560,3515193056,77973504,3526936016,3364057184,162878832,-1.84,-3.42,1.58,0.60,1.24,0,9,5,4,0,0,0,45.33,0.00,0.00,0.00,,0.00,,0.00,EastMoney,2026-09-01T19:17:05+08:00
BK0948,2026-09-01T00:00:00Z,141348,139771,141348,138869,141267,-1496,-1.06,23174761,23762256437,2.57,0.94,0.00,0,9501831,13672930,956729296000,814832000000,-1473963824,3026598096,4027505152,-1000907056,5069951232,5543008000,-473056768,7206453504,6825351680,381101824,7926273792,6857665280,1068608512,-6.20,-4.21,-1.99,1.60,4.50,0,39,16,21,2,0,0,125.15,0.00,0.00,0.00,,0.00,,0.00,EastMoney,2026-09-01T19:17:05+08:00
BK0949,2026-09-01T00:00:00Z,317497,307136,318006,305581,316971,-9835,-3.10,5542935,16577166323,4.19,1.06,0.00,0,2404994,3137941,328083408000,300113104000,-389943392,1556624928,1988323056,-431698128,3915735744,3873981008,41754736,5469145088,5205494272,263650816,5351755264,5225462528,126292736,-2.35,-2.60,0.25,1.59,0.76,0,17,2,15,0,0,0,47.96,0.00,0.00,0.00,,0.00,,0.00,EastMoney,2026-09-01T19:17:05+08:00
BK0950,2026-09-01T00:00:00Z,168346,172988,175574,168117,168513,4475,2.66,6316744,5274286425,3.13,1.38,0.00,0,3506693,2810051,182803094000,177131366000,193962224,510675856,371834768,138841088,1283156976,1228035840,55121136,1716901248,1819862400,-102961152,1702662960,1793664032,-91001072,3.68,2.63,1.05,-1.95,-1.73,0,13,12,1,0,0,0,31.08,0.00,0.00,0.00,,0.00,,0.00,EastMoney,2026-09-01T19:17:05+08:00
BK0951,2026-09-01T00:00:00Z,328600,322482,328600,322167,328589,-6107,-1.86,2408442,8014719577,2.15,0.83,0.00,0,1020760,1387682,994006832000,467563504000,-365014544,814863392,1079672864,-264809472,1880606752,1980811824,-100205072,2598293984,2474546256,123747728,2587280352,2346013536,241266816,-4.55,-3.30,-1.25,1.54,3.01,0,13,3,10,0,0,0,27.69,0.00,0.00,0.00,,0.00,,0.00,EastMoney,2026-09-01T19:17:05+08:00
BK0952,2026-09-01T00:00:00Z,243687,238151,243687,236941,243490,-5339,-2.19,34272190,98950905628,4.34,1.21,0.00,0,16206466,18065724,3207303248000,2837568128000,-3939551488,9887681280,11682201344,-1794520064,21408122368,23553153792,-2145031424,33821715200,32359533056,1462182144,31849884928,29381225984,2468658944,-3.98,-1.81,-2.17,1.48,2.49,0,118,25,92,1,0,0,661.30,0.00,0.00,0.00,,0.00,,0.00,EastMoney,2026-09-01T19:17:05+08:00
BK0953,2026-09-01T00:00:00Z,148346,150981,151257,148337,148242,2739,1.85,40247699,56015295005,4.00,1.46,0.00,0,20780118,19467580,2437816480000,2060953360000,1191580672,6377579520,5357628928,1019950592,12930808576,12759178496,171630080,17567858176,18069432576,-501574400,17791847936,18421119744,-629271808,2.13,1.82,0.31,-0.90,-1.12,0,131,103,28,0,0,0,33.40,0.00,0.00,0.00,,0.00,,0.00,EastMoney,2026-09-01T19:17:05+08:00
BK0954,2026-09-01T00:00:00Z,140188,143309,144585,140152,137654,5655,4.11,6009762,12173212224,8.39,2.63,0.00,0,2734024,3275738,129561426000,99931040000,223343744,3280554368,2680932752,599621616,2554637856,2930915728,-376277872,2948382976,3285094720,-336711744,2663535904,2550167904,113368000,1.83,4.93,-3.09,-2.77,0.93,0,13,11,2,0,0,0,259.10,0.00,0.00,0.00,,0.00,,0.00,EastMoney,2026-09-01T19:17:05+08:00
BK0955,2026-09-01T00:00:00Z,140201,141297,141987,140140,140024,1273,0.91,8367429,9308539699,2.10,1.24,0.00,0,4232173,4135256,287247088000,263610728000,-218198720,670784096,716421152,-45637056,1977093712,2149655376,-172561664,2885686768,2978582336,-92895568,3596742544,3285648256,311094288,-2.34,-0.49,-1.85,-1.00,3.34,0,37,26,10,1,0,0,66.48,0.00,0.00,0.00,,0.00,,0.00,EastMoney,2026-09-01T19:17:05+08:00
BK0957,2026-09-01T00:00:00Z,159375,162455,163661,159375,159003,3452,2.17,6470478,8149914886,3.94,1.50,0.00,0,3380263,3090214,190691104000,164307620000,291775488,671042736,487275664,183767072,1690839184,1582830768,108008416,2623626416,2661806320,-38179904,2973504912,3224938480,-251433568,3.58,2.25,1.33,-0.47,-3.09,0,28,22,5,1,0,0,111.97,0.00,0.00,0.00,,0.00,,0.00,EastMoney,2026-09-01T19:17:05+08:00
BK0958,2026-09-01T00:00:00Z,208648,210203,210771,208599,208601,1602,0.77,15086032,16647565446,1.40,1.06,0.00,0,7827000,7259032,1059139264000,935171280000,635586128,2155723616,1307687984,848035632,3417566800,3630016304,-212449504,4957075968,5409952000,-452876032,5855815424,6022291968,-166476544,3.82,5.09,-1.28,-2.72,-1.00,0,75,51,22,2,0,0,28.03,0.00,0.00,0.00,,0.00,,0.00,EastMoney,2026-09-01T19:17:05+08:00
BK0959,2026-09-01T00:00:00Z,154335,156471,157172,154216,153182,3289,2.15,6581527,10779280169,3.52,1.68,0.00,0,3291982,3289545,177839084000,162439797000,-129140016,1949057984,1949555376,-497392,2439269056,2567911680,-128642624,3014146256,3194141216,-179994960,3018568864,2709433888,309134976,-1.20,0.00,-1.19,-1.67,2.87,0,19,16,3,0,0,0,51.92,0.00,0.00,0.00,,0.00,,0.00,EastMoney,2026-09-01T19:17:05+08:00
BK0960,2026-09-01T00:00:00Z,331223,327674,331303,325974,330817,-3143,-0.95,9100435,27075425195,2.21,1.00,0.00,0,4295123,4805312,2138273968000,1509484816000,-756611664,2995587552,3314607664,-319020112,5998738176,6436329728,-437591552,8438527232,8530909696,-92382464,9269740544,8420746496,848994048,-2.79,-1.18,-1.62,-0.34,3.14,0,41,15,26,0,0,0,32.51,0.00,0.00,0.00,,0.00,,0.00,EastMoney,2026-09-01T19:17:05+08:00
BK0961,2026-09-01T00:00:00Z,184021,182732,184091,181284,183868,-1136,-0.62,7014243,12340349729,2.78,0.99,0.00,0,3207634,3806609,476652320000,421636544000,-59445600,955291792,1108979824,-153688032,2606472704,2512230272,94242432,4062733344,3620156912,442576432,4386730752,4814308608,-427577856,-0.48,-1.25,0.76,3.59,-3.46,0,38,17,21,0,0,0,44.85,0.00,0.00,0.00,,0.00,,0.00,EastMoney,2026-09-01T19:17:05+08:00
BK0963,2026-09-01T00:00:00Z,238902,237397,238931,235580,239034,-1637,-0.68,56445518,142263413893,2.14,1.04,0.00,0,26540774,29904744,6023288320000,5249979136000,-6174298880,12277833472,15809613056,-3531779584,30446285568,33088804864,-2642519296,47277477888,45896531712,1380946176,49237690880,44359438080,4878252800,-4.34,-2.48,-1.86,0.97,3.43,0,319,117,198,4,0,0,64.30,0.00,0.00,0.00,,0.00,,0.00,EastMoney,2026-09-01T19:17:05+08:00
BK0964,2026-09-01T00:00:00Z,215145,213248,215145,210661,214858,-1610,-0.75,14596401,51103863708,2.14,0.98,0.00,0,6863193,7733208,3518026944000,1345129328000,-1094553600,6295803136,7090485760,-794682624,11560182272,11860053248,-299870976,15733177600,15581959936,151217664,16632348928,15688894720,943454208,-2.14,-1.56,-0.59,0.30,1.85,0,45,17,27,1,0,0,22.27,0.00,0.00,0.00,,0.00,,0.00,EastMoney,2026-09-01T19:17:05+08:00
BK0965,2026-09-01T00:00:00Z,85132,87317,87911,85132,84951,2366,2.79,18283199,10200468390,3.70,1.59,0.00,0,10576831,7706368,500591824000,346437280000,843504816,1323211728,702427088,620784640,2243022736,2020302560,222720176,3001289168,3199154704,-197865536,3454335120,4099974384,-645639264,8.27,6.09,2.18,-1.94,-6.33,0,38,31,6,1,0,0,102.64,0.00,0.00,0.00,,0.00,,0.00,EastMoney,2026-09-01T19:17:05+08:00
BK0966,2026-09-01T00:00:00Z,182070,183482,184042,182022,182158,1324,0.73,40848116,41824909440,1.19,1.06,0.00,0,20586349,20261766,2743815488000,2392129008000,-149443184,4684311040,4220037232,464273808,9084887296,9698604288,-613716992,12870837248,13148593152,-277755904,14411873536,13970718976,441154560,-0.36,1.11,-1.47,-0.66,1.05,0,143,101,38,4,0,0,31.23,0.00,0.00,0.00,,0.00,,0.00,EastMoney,2026-09-01T19:17:05+08:00
BK0967,2026-09-01T00:00:00Z,90667,94296,94735,90667,90979,3317,3.65,9738922,5931887886,5.36,1.31,0.00,0,5412471,4326450,325371264000,269335680000,931726576,1343643072,431852208,911790864,1323469360,1303533648,19935712,1537796672,1938377984,-400581312,1617896816,2149042096,-531145280,15.71,15.37,0.34,-6.75,-8.95,0,17,16,1,0,0,0,-69.72,0.00,0.00,0.00,,0.00,,0.00,EastMoney,2026-09-01T19:17:05+08:00
BK0968,2026-09-01T00:00:00Z,250548,247474,250548,246242,250481,-3007,-1.20,48000103,130979836851,2.22,0.94,0.00,0,21609353,26390750,6280559616000,5476023296000,-6618036480,12449795072,16635151104,-4185356032,28621959424,31054639872,-2432680448,42499475968,40818934784,1680541184,44761272064,39812637184,4948634880,-5.05,-3.20,-1.86,1.28,3.78,0,223,76,146,1,0,0,29.71,0.00,0.00,0.00,,0.00,,0.00,EastMoney,2026-09-01T19:17:05+08:00
BK0969,2026-09-01T00:00:00Z,162276,159750,162276,159025,162125,-2375,-1.46,13410407,58417572453,2.21,0.94,0.00,0,6200744,7209663,2120610448000,1996516928000,-3608924160,5848526336,8427518464,-2578992128,13434071808,14464003840,-1029932032,20576427008,19373466880,1202960128,17624602624,15216346880,2408255744,-6.18,-4.41,-1.76,2.06,4.12,0,74,23,51,0,0,0,102.32,0.00,0.00,0.00,,0.00,,0.00,EastMoney,2026-09-01T19:17:05+08:00
BK0970,2026-09-01T00:00:00Z,170979,172110,172832,170860,171028,1082,0.63,10617567,23370081726,2.29,1.11,0.00,0,5321348,5296219,1147821760000,1043164336000,-1078702032,1907234048,2662246096,-755012048,5073499648,5397189632,-323689984,7403870976,7325608448,78262528,8541349376,7524222464,1017126912,-4.62,-3.23,-1.39,0.33,4.35,0,51,35,16,0,0,0,45.03,0.00,0.00,0.00,,0.00,,0.00,EastMoney,2026-09-01T19:17:05+08:00
BK0972,2026-09-01T00:00:00Z,151407,155159,156083,151376,151292,3867,2.56,32089634,31839378447,9.91,2.13,0.00,0,16889498,15200136,312067504000,283167024000,21328896,4195793168,3971936784,223856384,7446991104,7649518592,-202527488,9831983872,10055425792,-223441920,9681017088,9476741888,204275200,0.07,0.70,-0.64,-0.70,0.64,0,34,28,5,1,0,0,-208.14,0.00,0.00,0.00,,0.00,,0.00,EastMoney,2026-09-01T19:17:05+08:00
BK0974,2026-09-01T00:00:00Z,113525,115692,115779,113400,113506,2186,1.93,8586173,10069823888,2.36,1.03,0.00,0,4433832,4152340,587962000000,511567312000,361097360,772999872,466277040,306722832,2048548368,1994173840,54374528,3196967328,3238126480,-41159152,3762406000,4064134432,-301728432,3.59,3.05,0.54,-0.41,-3.00,0,64,54,9,1,0,0,56.85,0.00,0.00,0.00,,0.00,,0.00,EastMoney,2026-09-01T19:17:05+08:00
BK0975,2026-09-01T00:00:00Z,214435,214365,215432,213499,214667,-302,-0.14,8180979,12917435147,1.16,1.25,0.00,0,4487848,3693131,789504128000,678319376000,-636062576,1192187408,1456619552,-264432144,2659999552,3031629984,-371630432,3980060208,4122038816,-141978608,4931087872,4153046592,778041280,-4.92,-2.05,-2.88,-1.10,6.02,0,30,15,14,1,0,0,15.33,0.00,0.00,0.00,,0.00,,0.00,EastMoney,2026-09-01T19:17:05+08:00
BK0976,2026-09-01T00:00:00Z,250179,242846,250646,242021,249609,-6763,-2.71,8144141,37476515388,5.35,1.06,0.00,0,3532151,4611991,829019952000,748056320000,-1923098272,3641587808,4730202112,-1088614304,8268953344,9103437312,-834483968,12386889472,11859975168,526914304,12499999232,11102874112,1397125120,-5.13,-2.90,-2.23,1.41,3.73,0,30,7,23,0,0,0,58.90,0.00,0.00,0.00,,0.00,,0.00,EastMoney,2026-09-01T19:17:05+08:00
BK0977,2026-09-01T00:00:00Z,221546,216720,221546,215266,221035,-4315,-1.95,11433085,37332766971,2.76,0.96,0.00,0,5249188,6183896,1461980832000,1213644896000,-1952716416,3430563712,4544536064,-1113972352,8047400448,8886144512,-838744064,12885587200,11973924864,911662336,12268315136,11213391104,1054924032,-5.23,-2.98,-2.25,2.44,2.83,0,47,10,37,0,0,0,80.44,0.00,0.00,0.00,,0.00,,0.00,EastMoney,2026-09-01T19:17:05+08:00
BK0979,2026-09-01T00:00:00Z,93012,93732,94234,92826,93245,487,0.52,3599016,1250571277,0.54,0.92,0.00,0,1815888,1783128,253224004000,242626989000,33635693,186884479,133127154,53757325,311614256,331735888,-20121632,323457888,368307456,-44849568,414835616,403621760,11213856,2.69,4.30,-1.61,-3.59,0.90,0,7,6,0,1,0,0,25.62,0.00,0.00,0.00,,0.00,,0.00,EastMoney,2026-09-01T19:17:05+08:00
BK0980,2026-09-01T00:00:00Z,108509,110667,110801,108465,108773,1894,1.74,22886155,16253500504,1.71,1.08,0.00,0,12246329,10639826,980635424000,915783296000,-148773920,1375646016,1470238304,-94592288,3497312704,3551494336,-54181632,5040719616,5087362304,-46642688,5984271616,5780299520,203972096,-0.92,-0.58,-0.33,-0.29,1.25,0,58,50,7,1,0,0,21.33,0.00,0.00,0.00,,0.00,,0.00,EastMoney,2026-09-01T19:17:05+08:00
BK0981,2026-09-01T00:00:00Z,287726,281555,287726,279867,287712,-6157,-2.14,11476498,27580146215,3.43,1.34,0.00,0,5434281,6042217,789749024000,611610464000,-1114674896,2563498192,3376739744,-813241552,6334145536,6635578880,-301433344,9943315712,9499568896,443746816,8214909952,7540482048,674427904,-4.04,-2.95,-1.09,1.61,2.45,0,32,7,25,0,0,0,67.01,0.00,0.00,0.00,,0.00,,0.00,EastMoney,2026-09-01T19:17:05+08:00
BK0982,2026-09-01T00:00:00Z,126972,129423,129750,126875,126883,2540,2.00,3610361,3134254881,2.83,1.10,0.00,0,1867400,1742961,132856084000,110937165000,-116062316,151946042,182864710,-30918668,600561808,685705456,-85143648,988488064,1065051392,-76563328,1334336768,1141711136,192625632,-3.70,-0.99,-2.72,-2.44,6.15,0,17,16,1,0,0,0,-47.72,0.00,0.00,0.00,,0.00,,0.00,EastMoney,2026-09-01T19:17:05+08:00
BK0983,2026-09-01T00:00:00Z,170929,171671,172522,170304,171019,652,0.38,5168371,5357494385,0.92,1.03,0.00,0,2581797,2586574,431873520000,352754992000,-103412475,265029269,326345456,-61316187,1096742032,1138838320,-42096288,1790307760,1734809296,55498464,2131908624,2078902784,53005840,-1.93,-1.14,-0.79,1.04,0.99,0,32,18,13,1,0,0,37.58,0.00,0.00,0.00,,0.00,,0.00,EastMoney,2026-09-01T19:17:05+08:00
BK0984,2026-09-01T00:00:00Z,215764,216164,217068,214924,215510,654,0.30,19522785,29804886754,1.70,1.11,0.00,0,10031933,9490852,1772393904000,1600768432000,230095408,2220299616,2297183024,-76883408,6329512960,6022534144,306978816,9566544896,9418338304,148206592,11084980992,11456936704,-371955712,0.77,-0.26,1.03,0.50,-1.25,0,126,74,48,4,0,0,51.98,0.00,0.00,0.00,,0.00,,0.00,EastMoney,2026-09-01T19:17:05+08:00
BK0985,2026-09-01T00:00:00Z,156957,158192,158584,156814,157144,1048,0.67,7476231,11635799258,1.47,0.91,0.00,0,3620326,3855905,755718816000,731023152000,693914432,1599065280,922283408,676781872,2325005664,2307873104,17132560,3402793024,3721758688,-318965664,4134257216,4497920512,-363663296,5.96,5.82,0.15,-2.74,-3.13,0,43,22,20,1,0,0,37.99,0.00,0.00,0.00,,0.00,,0.00,EastMoney,2026-09-01T19:17:05+08:00
BK0986,2026-09-01T00:00:00Z,120367,120829,121083,119461,120426,403,0.33,5345338,12269323869,2.03,0.75,0.00,0,2760582,2584756,877777952000,727253776000,318182176,981565200,832373120,149192080,2861487664,2692497568,168990096,4287951936,4264130640,23821296,3856830368,4197640064,-340809696,2.59,1.22,1.38,0.19,-2.78,0,31,20,11,0,0,0,47.44,0.00,0.00,0.00,,0.00,,0.00,EastMoney,2026-09-01T19:17:05+08:00
BK0988,2026-09-01T00:00:00Z,169357,169040,170129,168226,169464,-424,-0.25,15337738,34165960285,1.58,0.92,0.00,0,7018921,8318817,2955703968000,2654969760000,-2131453296,2955830256,4065643616,-1109813360,7715973120,8737613056,-1021639936,10746912512,10619883264,127029248,12058508288,10073291520,1985216768,-6.24,-3.25,-2.99,0.37,5.81,0,73,29,42,2,0,0,23.98,0.00,0.00,0.00,,0.00,,0.00,EastMoney,2026-09-01T19:17:05+08:00
BK0989,2026-09-01T00:00:00Z,225302,225114,226091,223814,225328,-214,-0.09,107036186,179874529353,1.72,1.03,0.00,0,52645737,54390449,11518310656000,9798224896000,-5280575232,17063975936,19643582464,-2579606528,38605221376,41306190080,-2700968704,56418284288,55852641792,565642496,64024746496,59187585024,4837161472,-2.94,-1.43,-1.50,0.31,2.69,0,474,225,230,19,0,0,31.33,0.00,0.00,0.00,,0.00,,0.00,EastMoney,2026-09-01T19:17:05+08:00
BK0990,2026-09-01T00:00:00Z,112399,113042,113386,112275,112349,693,0.62,7633804,6687640843,1.51,1.07,0.00,0,3914805,3718999,567263264000,493700288000,-75331312,405048144,387752192,17295952,1292230000,1384857264,-92627264,2005200960,2074296800,-69095840,2887595520,2740941936,146653584,-1.13,0.26,-1.39,-1.03,2.19,0,40,28,12,0,0,0,18.86,0.00,0.00,0.00,,0.00,,0.00,EastMoney,2026-09-01T19:17:05+08:00
BK0991,2026-09-01T00:00:00Z,162628,164420,164663,162479,162808,1612,0.99,11409232,12329377046,1.33,1.18,0.00,0,6187068,5222164,1084532016000,935608496000,372374800,1441123600,991422640,449700960,2627507472,2704833632,-77326160,3793872352,4153030336,-359157984,4156219232,4136872480,19346752,3.02,3.65,-0.63,-2.91,0.16,0,57,44,12,1,0,0,17.10,0.00,0.00,0.00,,0.00,,0.00,EastMoney,2026-09-01T19:17:05+08:00
BK0992,2026-09-01T00:00:00Z,73548,74483,74698,73519,73911,572,0.77,14789906,7230920855,1.72,1.20,0.00,0,7461902,7328004,611356704000,567892608000,-83810432,790216160,788645376,1570784,1693951456,1779332672,-85381216,2210994752,2139424944,71569808,2303630048,2291389440,12240608,-1.16,0.02,-1.18,0.99,0.17,0,24,19,5,0,0,0,-9.37,0.00,0.00,0.00,,0.00,,0.00,EastMoney,2026-09-01T19:17:05+08:00
BK0993,2026-09-01T00:00:00Z,85788,87158,87220,85698,85791,1367,1.59,7162057,9309684928,2.28,1.11,0.00,0,3761313,3400744,409356064000,362967072000,217237520,455410928,348148112,107262816,1834992656,1725017952,109974704,2987971792,2971303136,16668656,3770955984,3984426208,-213470224,2.33,1.15,1.18,0.18,-2.29,0,72,62,8,2,0,0,256.87,0.00,0.00,0.00,,0.00,,0.00,EastMoney,2026-09-01T19:17:05+08:00
BK0994,2026-09-01T00:00:00Z,211782,211105,212046,209381,211842,-737,-0.35,2810255,5247172029,1.86,1.02,0.00,0,1329321,1480934,383911936000,291488800000,-229295680,291292224,379551408,-88259184,973669344,1114705840,-141036496,1741947520,1658630528,83316992,2165044736,2019066048,145978688,-4.37,-1.68,-2.69,1.59,2.78,0,24,11,13,0,0,0,293.98,0.00,0.00,0.00,,0.00,,0.00,EastMoney,2026-09-01T19:17:05+08:00
BK0995,2026-09-01T00:00:00Z,145821,147037,147479,145236,145768,1269,0.87,13878016,19299713655,3.93,1.47,0.00,0,7200948,6677068,597224112000,527889216000,590691824,1672482384,1262976640,409505744,4276593968,4095407888,181186080,6434656256,6545099008,-110442752,6575368448,7046711040,-471342592,3.06,2.12,0.94,-0.57,-2.44,0,50,33,16,1,0,0,116.27,0.00,0.00,0.00,,0.00,,0.00,EastMoney,2026-09-01T19:17:05+08:00
BK0996,2026-09-01T00:00:00Z,99498,101899,102218,99414,99201,2698,2.72,5226998,4041658765,3.44,1.09,0.00,0,2516985,2710013,124717412000,109356916000,512426208,683223456,276046448,407177008,968380624,863131424,105249200,1145001312,1288088944,-143087632,1179419360,1548757952,-369338592,12.68,10.07,2.60,-3.54,-9.14,0,18,15,2,1,0,0,60.94,0.00,0.00,0.00,,0.00,,0.00,EastMoney,2026-09-01T19:17:05+08:00
BK0998,2026-09-01T00:00:00Z,199295,198083,199295,196273,199171,-1088,-0.55,10253657,27662920210,2.39,1.09,0.00,0,4953258,5300399,1111155648000,942873984000,-924379536,1992766432,2321514352,-328747920,5709819904,6305451520,-595631616,9137853952,8888297216,249556736,10288652544,9582995712,705656832,-3.34,-1.19,-2.15,0.90,2.55,0,98,50,46,2,0,0,87.80,0.00,0.00,0.00,,0.00,,0.00,EastMoney,2026-09-01T19:17:05+08:00
BK0999,2026-09-01T00:00:00Z,71498,71872,72169,71411,71651,221,0.31,16388705,84279602294,0.90,0.95,0.00,0,8577501,7811203,13318102784000,11087059712000,-874172672,12321091072,12888515328,-567424256,23388468736,23695217152,-306748416,28399867392,28246124288,153743104,18747423232,18026993408,720429824,-1.04,-0.67,-0.36,0.18,0.85,0,42,24,16,2,0,0,19.93,0.00,0.00,0.00,,0.00,,0.00,EastMoney,2026-09-01T19:17:05+08:00
BK1000,2026-09-01T00:00:00Z,64006,63751,64159,63599,64163,-412,-0.64,5507904,45502209329,1.14,0.84,0.00,0,2737524,2770379,5129775616000,4288171888000,-3046058240,5570101248,6851092992,-1280991744,12019545344,13784611840,-1765066496,17003525376,15491911424,1511613952,10154128896,8619684608,1534444288,-6.69,-2.82,-3.88,3.32,3.37,0,24,8,15,1,0,0,27.98,0.00,0.00,0.00,,0.00,,0.00,EastMoney,2026-09-01T19:17:05+08:00
BK1001,2026-09-01T00:00:00Z,125818,128500,128632,125756,125664,2836,2.26,45509702,32646625896,2.51,1.30,0.00,0,25096337,20413365,1313480592000,1220294032000,1369388864,3532910656,2260402688,1272507968,6815479296,6718598400,96880896,10060189696,10368633600,-308443904,11560739072,12621683968,-1060944896,4.19,3.90,0.30,-0.94,-3.25,0,161,136,22,3,0,0,127.72,0.00,0.00,0.00,,0.00,,0.00,EastMoney,2026-09-01T19:17:05+08:00
BK1002,2026-09-01T00:00:00Z,268471,265824,268471,263667,267425,-1601,-0.60,7821675,36280539055,2.61,0.99,0.00,0,3545773,4275902,995850400000,873062144000,-422661632,4393889536,4774805760,-380916224,8682893824,8724639232,-41745408,11886225408,11943996416,-57771008,10750968320,10270535424,480432896,-1.16,-1.05,-0.12,-0.16,1.32,0,42,19,23,0,0,0,65.45,0.00,0.00,0.00,,0.00,,0.00,EastMoney,2026-09-01T19:17:05+08:00
BK1003,2026-09-01T00:00:00Z,179389,180821,181481,179163,179737,1084,0.60,13272711,18830016590,1.09,0.98,0.00,0,6841943,6430767,1707412016000,1597891808000,841792480,3226855792,2247475232,979380560,4014871216,4152459296,-137588080,5396788992,6030447872,-633658880,5838774784,6045486336,-206711552,4.47,5.20,-0.73,-3.37,-1.10,0,41,27,13,1,0,0,20.19,0.00,0.00,0.00,,0.00,,0.00,EastMoney,2026-09-01T19:17:05+08:00
BK1004,2026-09-01T00:00:00Z,221727,218779,221727,217650,221840,-3061,-1.38,13503378,41826289826,1.94,0.99,0.00,0,6412372,7091006,1887908272000,1547511488000,-1619298352,3679249360,4472211200,-792961840,8993003520,9819340032,-826336512,13867504896,13418314496,449190400,14308520960,13148676352,1159844608,-3.87,-1.90,-1.98,1.07,2.77,0,89,25,61,3,0,0,33.56,0.00,0.00,0.00,,0.00,,0.00,EastMoney,2026-09-01T19:17:05+08:00
BK1005,2026-09-01T00:00:00Z,167540,167005,167794,165494,167495,-490,-0.29,80714828,334488437655,2.90,0.99,0.00,0,38193667,42521161,13142633216000,10550225152000,-3122174208,31109899008,33988754432,-2878855424,75237335040,75480653824,-243318784,117321990144,114565980160,2756009984,101464821760,100794957824,669863936,-0.93,-0.86,-0.07,0.82,0.20,0,1253,582,655,16,0,0,83.36,0.00,0.00,0.00,,0.00,,0.00,EastMoney,2026-09-01T19:17:05+08:00
BK1006,2026-09-01T00:00:00Z,125066,123689,125090,122842,125299,-1610,-1.28,5694861,7605405976,3.17,1.12,0.00,0,2637428,3057434,200156694000,180455448000,-264659072,548842848,798662240,-249819392,1644033552,1658873232,-14839680,2486420960,2333864432,152556528,2750661872,2638559328,112102544,-3.48,-3.28,-0.20,2.01,1.47,0,21,9,12,0,0,0,366.10,0.00,0.00,0.00,,0.00,,0.00,EastMoney,2026-09-01T19:17:05+08:00
BK1007,2026-09-01T00:00:00Z,119001,119169,119643,117935,118755,414,0.35,3665694,4134187981,2.37,0.97,0.00,0,1680798,1984896,185698648000,164699144000,-58893178,259807782,357346848,-97539066,927338928,888693040,38645888,1258666560,1215959376,42707184,1630370384,1614184400,16185984,-1.42,-2.36,0.93,1.03,0.39,0,20,11,7,2,0,0,-223.39,0.00,0.00,0.00,,0.00,,0.00,EastMoney,2026-09-01T19:17:05+08:00
BK1008,2026-09-01T00:00:00Z,154042,155635,156290,153860,154212,1423,0.92,5933869,17912290673,2.49,1.17,0.00,0,3053747,2880123,487527760000,476878336000,-555464432,2763835152,3143668304,-379833152,3919963472,4095594752,-175631280,5455134720,5453777664,1357056,5348690432,4794582784,554107648,-3.10,-2.12,-0.98,0.01,3.09,0,20,14,5,1,0,0,-689.12,0.00,0.00,0.00,,0.00,,0.00,EastMoney,2026-09-01T19:17:05+08:00
BK1009,2026-09-01T00:00:00Z,214814,217276,218049,214703,214295,2981,1.39,66610366,97826183586,4.25,1.60,0.00,0,33194310,33416055,4346673664000,2085386480000,-2253223424,12690873856,13736933376,-1046059520,22490616576,23697780480,-1207163904,30231077888,30542034432,-310956544,29957189632,27394155776,2563033856,-2.30,-1.07,-1.23,-0.32,2.62,0,142,100,37,5,0,0,31.94,0.00,0.00,0.00,,0.00,,0.00,EastMoney,2026-09-01T19:17:05+08:00
BK1010,2026-09-01T00:00:00Z,101319,102419,103134,101303,101597,822,0.81,20719976,30099625378,2.53,1.21,0.00,0,10618176,10101800,1310479216000,1155600240000,-466698784,3398689936,3686926000,-288236064,7017316608,7195779328,-178462720,9807389440,9399607808,407781632,9356304128,9286396672,69907456,-1.55,-0.96,-0.59,1.35,0.23,0,49,35,12,2,0,0,18.64,0.00,0.00,0.00,,0.00,,0.00,EastMoney,2026-09-01T19:17:05+08:00
BK1011,2026-09-01T00:00:00Z,69988,70225,70568,69884,70035,190,0.27,8327710,11989583160,2.37,1.12,0.00,0,3960552,4367159,643502720000,632348128000,-104269888,1373734064,1337811680,35922384,2709530208,2849722480,-140192272,3719813536,3719664800,148736,3958966976,3828379616,130587360,-0.87,0.30,-1.17,0.00,1.09,0,23,11,10,2,0,0,18.36,0.00,0.00,0.00,,0.00,,0.00,EastMoney,2026-09-01T19:17:05+08:00
BK1012,2026-09-01T00:00:00Z,134444,132261,134665,132180,134907,-2646,-1.96,4223000,13812774641,2.53,1.03,0.00,0,1811672,2411329,479791280000,459225104000,-1085988096,1159533024,1822988000,-663454976,2951998720,3374531840,-422533120,4421770752,4347437056,74333696,4998597120,3986942736,1011654384,-7.86,-4.80,-3.06,0.54,7.32,0,15,3,12,0,0,0,36.05,0.00,0.00,0.00,,0.00,,0.00,EastMoney,2026-09-01T19:17:05+08:00
BK1013,2026-09-01T00:00:00Z,115196,117160,117824,115073,115284,1876,1.63,3273654,9262252308,4.23,1.38,0.00,0,1719546,1554108,227083691000,206571475000,307518160,698254560,588584192,109670368,2215862064,2018014272,197847792,3123261792,3162357536,-39095744,2943798624,3197516272,-253717648,3.32,1.18,2.14,-0.42,-2.74,0,19,15,3,1,0,0,5570.68,0.00,0.00,0.00,,0.00,,0.00,EastMoney,2026-09-01T19:17:05+08:00
BK1014,2026-09-01T00:00:00Z,170124,170724,171660,170015,170487,237,0.14,2561780,2655158108,1.44,1.10,0.00,0,1321601,1240178,183073318000,159237025000,2858549,156203666,148926541,7277125,504678560,509097136,-4418576,818913104,842362240,-23449136,1131084064,1110493472,20590592,0.11,0.27,-0.17,-0.88,0.78,0,23,13,10,0,0,0,39.99,0.00,0.00,0.00,,0.00,,0.00,EastMoney,2026-09-01T19:17:05+08:00
BK1015,2026-09-01T00:00:00Z,84565,82654,84836,82504,84470,-1816,-2.15,2586553,10884686279,3.07,0.78,0.00,0,1089747,1496807,425980096000,353692592000,-731813664,983817392,1443772192,-459954800,2317717664,2589576528,-271858864,3618942048,3386715120,232226928,3794346416,3294759712,499586704,-6.72,-4.23,-2.50,2.13,4.59,0,11,0,11,0,0,0,17.32,0.00,0.00,0.00,,0.00,,0.00,EastMoney,2026-09-01T19:17:05+08:00
BK1016,2026-09-01T00:00:00Z,94694,95895,95988,94457,94508,1387,1.47,1102437,684371624,1.53,1.10,0.00,0,576138,526299,34946101000,33845609000,6253818,38922927,39855512,-932585,141681777,134495374,7186403,200259399,193357492,6901907,287782576,295899744,-8117168,0.91,-0.14,1.05,1.01,-1.19,0,9,7,0,2,0,0,86.51,0.00,0.00,0.00,,0.00,,0.00,EastMoney,2026-09-01T19:17:05+08:00
BK1017,2026-09-01T00:00:00Z,167947,168097,169532,167783,167737,360,0.21,12416000,10208529951,0.38,1.04,0.00,0,6562496,5853504,3269346128000,2819519424000,-446670896,1014892144,1331114528,-316222384,2282438896,2412887408,-130448512,3064158576,2998947392,65211184,3581752528,3213523088,368229440,-4.38,-3.10,-1.28,0.64,3.61,0,26,15,8,3,0,0,13.13,0.00,0.00,0.00,,0.00,,0.00,EastMoney,2026-09-01T19:17:05+08:00
BK1018,2026-09-01T00:00:00Z,145183,147486,147845,144938,145495,1991,1.37,1589275,2419828871,2.04,0.96,0.00,0,779806,809469,122782931000,106199879000,-25003187,74845670,111394137,-36548467,411020192,399474912,11545280,783548992,787912368,-4363376,1026346400,967821712,58524688,-1.03,-1.51,0.48,-0.18,2.42,0,23,16,7,0,0,0,96.25,0.00,0.00,0.00,,0.00,,0.00,EastMoney,2026-09-01T19:17:05+08:00
BK1019,2026-09-01T00:00:00Z,108643,110023,110573,108643,108809,1214,1.12,21317838,24074593541,2.73,1.22,0.00,0,10962041,10355797,855870512000,809069968000,-411484592,2152647840,2199448912,-46801072,5169913600,5534597120,-364683520,7657075456,7781660928,-124585472,8586530816,8030061568,556469248,-1.71,-0.19,-1.51,-0.52,2.31,0,65,42,18,5,0,0,27.61,0.00,0.00,0.00,,0.00,,0.00,EastMoney,2026-09-01T19:17:05+08:00
BK1020,2026-09-01T00:00:00Z,203898,201714,203989,199073,204521,-2807,-1.37,981922,5833957795,3.01,0.88,0.00,0,446709,535213,131885799000,122576012000,-362478704,683363424,812527120,-129163696,1322585584,1555900592,-233315008,1856753920,1716431712,140322208,1690335744,1499443744,190892000,-6.21,-2.21,-4.00,2.41,3.27,0,14,4,9,1,0,0,-464.86,0.00,0.00,0.00,,0.00,,0.00,EastMoney,2026-09-01T19:17:05+08:00
BK1022,2026-09-01T00:00:00Z,130659,132510,132841,130610,130408,2102,1.61,23561683,21207705882,3.73,1.48,0.00,0,12668592,10893091,642992272000,604866816000,20409248,2016718208,1813070560,203647648,4753414912,4936653312,-183238400,6697072384,6754179072,-57106688,7251211776,7218206976,33004800,0.10,0.96,-0.86,-0.27,0.16,0,70,54,14,2,0,0,24.99,0.00,0.00,0.00,,0.00,,0.00,EastMoney,2026-09-01T19:17:05+08:00
BK1023,2026-09-01T00:00:00Z,285206,281384,285206,280222,284623,-3239,-1.14,4694258,9625478669,3.27,0.95,0.00,0,2262419,2431840,279835664000,261451680000,-161906912,716654800,740220336,-23565536,2098127424,2236468800,-138341376,3092363520,3031142496,61221024,3434056736,3341669872,92386864,-1.68,-0.24,-1.44,0.64,0.96,0,19,7,12,0,0,0,-99.21,0.00,0.00,0.00,,0.00,,0.00,EastMoney,2026-09-01T19:17:05+08:00
BK1024,2026-09-01T00:00:00Z,126975,128248,128641,126927,127118,1130,0.89,63644333,52999080534,1.19,1.04,0.00,0,32738615,30905718,6446405376000,4080794608000,361945344,6488871168,5376020992,1112850176,11132203008,11883107840,-750904832,16216565248,16780884224,-564318976,18148507904,17931549952,216957952,0.68,2.10,-1.42,-1.06,0.41,0,177,134,37,6,0,0,18.40,0.00,0.00,0.00,,0.00,,0.00,EastMoney,2026-09-01T19:17:05+08:00
BK1025,2026-09-01T00:00:00Z,107847,111230,111536,107847,107929,3301,3.06,27461261,14960556400,3.89,1.34,0.00,0,15294767,12166494,611335136000,446930384000,1200981296,2177513712,1153801472,1023712240,3204285024,3027015968,177269056,4296990208,4561729792,-264739584,4833659136,5726052352,-892393216,8.03,6.84,1.18,-1.77,-5.96,0,65,57,8,0,0,0,292.83,0.00,0.00,0.00,,0.00,,0.00,EastMoney,2026-09-01T19:17:05+08:00
BK1026,2026-09-01T00:00:00Z,98976,100933,101546,98976,99093,1840,1.86,7980645,9966482414,2.46,1.06,0.00,0,3855606,4125039,643415264000,479753952000,196800336,1129988976,839052816,290936160,2170917856,2265053680,-94135824,3086325648,3094287072,-7961424,3345553824,3512612304,-167058480,1.97,2.92,-0.94,-0.08,-1.68,0,33,28,4,1,0,0,29.70,0.00,0.00,0.00,,0.00,,0.00,EastMoney,2026-09-01T19:17:05+08:00
BK1027,2026-09-01T00:00:00Z,401726,392819,401955,392326,402070,-9251,-2.30,5662188,24049442943,2.37,0.74,0.00,0,2258457,3403731,1123092928000,859955696000,-2353236240,1776163408,2984124768,-1207961360,4870337792,6015612672,-1145274880,7848770304,7170326528,678443776,9164939520,7487437824,1677501696,-9.78,-5.02,-4.76,2.82,6.98,0,27,3,23,1,0,0,42.39,0.00,0.00,0.00,,0.00,,0.00,EastMoney,2026-09-01T19:17:05+08:00
BK1028,2026-09-01T00:00:00Z,195200,196462,198044,195157,194688,1774,0.91,5223201,4867343417,1.95,1.28,0.00,0,2575095,2648106,271167280000,259504950000,-56899856,278975040,286568944,-7593904,916335104,965641056,-49305952,1560888544,1517108800,43779744,1942778560,1924219552,18559008,-1.17,-0.16,-1.01,0.90,0.38,0,31,25,6,0,0,0,21.77,0.00,0.00,0.00,,0.00,,0.00,EastMoney,2026-09-01T19:17:05+08:00
BK1029,2026-09-01T00:00:00Z,138178,140368,140717,138178,138276,2092,1.51,8032225,8761535392,0.94,1.06,0.00,0,4202582,3829643,1626140672000,1048854768000,129043328,915806688,857284400,58522288,2161485824,2090964784,70521040,2706818960,2712390176,-5571216,2854637072,2978109200,-123472128,1.47,0.67,0.80,-0.06,-1.41,0,26,26,0,0,0,0,34.37,0.00,0.00,0.00,,0.00,,0.00,EastMoney,2026-09-01T19:17:05+08:00
BK1030,2026-09-01T00:00:00Z,235888,235086,236142,233141,235660,-574,-0.24,2112296,3793971364,1.84,0.77,0.00,0,922151,1190145,236039535000,201993976000,-112846322,168794750,274835808,-106041058,667320896,674126160,-6805264,1211064240,1201809680,9254560,1669146320,1564299040,104847280,-2.97,-2.79,-0.18,0.24,2.76,0,27,13,12,2,0,0,60.63,0.00,0.00,0.00,,0.00,,0.00,EastMoney,2026-09-01T19:17:05+08:00
BK1031,2026-09-01T00:00:00Z,114310,113844,114403,113096,114455,-611,-0.53,13322548,25131594887,1.72,0.89,0.00,0,6636518,6686030,1304118048000,1162899488000,-1258495200,1778486016,2417822432,-639336416,5063355904,5682514688,-619158784,8307415552,7655025920,652389632,9497170688,8841995264,655175424,-5.01,-2.54,-2.46,2.60,2.61,0,69,27,37,5,0,0,-35.65,0.00,0.00,0.00,,0.00,,0.00,EastMoney,2026-09-01T19:17:05+08:00
BK1032,2026-09-01T00:00:00Z,124667,124255,125145,123940,124716,-461,-0.37,4296542,6285223649,1.82,1.03,0.00,0,1947996,2348546,354314656000,272060640000,-279240288,342386032,488351728,-145965696,1175821984,1309096576,-133274592,1986675664,1963142144,23533520,2673604272,2420655984,252948288,-4.44,-2.32,-2.12,0.37,4.02,0,31,13,17,1,0,0,74.17,0.00,0.00,0.00,,0.00,,0.00,EastMoney,2026-09-01T19:17:05+08:00
BK1033,2026-09-01T00:00:00Z,133628,132791,133691,131877,133628,-837,-0.63,16820213,49554808363,2.59,0.98,0.00,0,7759333,9060880,3339274000000,3017351952000,-3066968320,4307401472,6289335296,-1981933824,10903991552,11989026048,-1085034496,16034136064,15017963264,1016172800,17180165632,15096929280,2083236352,-6.19,-4.00,-2.19,2.05,4.20,0,107,39,67,1,0,0,25.77,0.00,0.00,0.00,,0.00,,0.00,EastMoney,2026-09-01T19:17:05+08:00
BK1034,2026-09-01T00:00:00Z,303973,299379,303973,297307,303210,-3831,-1.26,5056192,15406583909,1.57,1.00,0.00,0,2403961,2652231,654843568000,528459424000,107113376,1615801760,1668985056,-53183296,3384789104,3224492432,160296672,4789588992,4728218880,61370112,5324279808,5487645184,-163365376,0.70,-0.35,1.04,0.40,-1.06,0,35,12,22,1,0,0,60.78,0.00,0.00,0.00,,0.00,,0.00,EastMoney,2026-09-01T19:17:05+08:00
BK1035,2026-09-01T00:00:00Z,87078,88180,88376,87022,87121,1059,1.22,1833406,3597532875,1.54,1.00,0.00,0,946360,887047,262130373000,216757247000,38081338,174139110,175499628,-1360518,760911568,721469712,39441856,1174527360,1113240304,61287056,1313690400,1403577104,-89886704,1.06,-0.04,1.10,1.70,-2.50,0,33,25,5,3,0,0,31.45,0.00,0.00,0.00,,0.00,,0.00,EastMoney,2026-09-01T19:17:05+08:00
BK1036,2026-09-01T00:00:00Z,283636,275975,283638,275209,283609,-7634,-2.69,26847458,221764059163,3.06,0.88,0.00,0,11976367,14871090,14759211008000,8157815808000,-12103143936,29848431104,38761278464,-8912847360,61199535616,64389832192,-3190296576,78075588608,73858056192,4217532416,48894077184,41095714048,7798363136,-5.46,-4.02,-1.44,1.90,3.52,0,186,19,165,2,0,0,80.82,0.00,0.00,0.00,,0.00,,0.00,EastMoney,2026-09-01T19:17:05+08:00
BK1037,2026-09-01T00:00:00Z,213395,212621,213470,210038,213592,-971,-0.45,18730039,54549838842,2.27,0.99,0.00,0,8701830,10028208,3466999360000,3146225792000,-2869898752,5164919552,7134692352,-1969772800,11787820032,12687945984,-900125952,17159965952,16574804480,585161472,19292992512,16995500544,2297491968,-5.26,-3.61,-1.65,1.07,4.21,0,99,44,55,0,0,0,34.92,0.00,0.00,0.00,,0.00,,0.00,EastMoney,2026-09-01T19:17:05+08:00
BK1038,2026-09-01T00:00:00Z,212774,211313,212780,209627,212649,-1336,-0.63,32311858,37512037207,2.49,0.98,0.00,0,14391217,17920641,1540136000000,1198426304000,-985336576,4377202176,5273091584,-895889408,8293168384,8382615552,-89447168,11708383232,11166721792,541661440,12274713344,11888803584,385909760,-2.63,-2.39,-0.24,1.44,1.03,0,99,38,56,5,0,0,141.37,0.00,0.00,0.00,,0.00,,0.00,EastMoney,2026-09-01T19:17:05+08:00
BK1039,2026-09-01T00:00:00Z,338554,325170,338554,322686,338364,-13194,-3.90,6930456,29490019953,4.58,0.90,0.00,0,2910694,4019762,711752368000,590953264000,-1285524240,2544011392,3319429520,-775418128,6547628288,7057734400,-510106112,9926262272,9671439360,254822912,9957300224,8951555328,1005744896,-4.36,-2.63,-1.73,0.86,3.41,0,37,2,34,1,0,0,104.92,0.00,0.00,0.00,,0.00,,0.00,EastMoney,2026-09-01T19:17:05+08:00
BK1040,2026-09-01T00:00:00Z,135314,137780,138075,135052,135531,2249,1.66,15037071,13858781003,2.45,1.07,0.00,0,8049032,6988038,766988800000,737268144000,438632432,1199871648,751697840,448173808,2856019536,2865560912,-9541376,4323959808,4418750208,-94790400,5117193216,5443458560,-326265344,3.17,3.23,-0.07,-0.68,-2.35,0,66,54,10,2,0,0,28.64,0.00,0.00,0.00,,0.00,,0.00,EastMoney,2026-09-01T19:17:05+08:00
BK1041,2026-09-01T00:00:00Z,92483,93365,93552,92381,92427,938,1.01,7817677,19491536006,1.80,0.96,0.00,0,3942214,3875463,1298108336000,1160780064000,218670896,1404441120,1334118144,70322976,4160644464,4012296544,148347920,6644964096,6477019648,167944448,6967284736,7318257664,-350972928,1.12,0.36,0.76,0.86,-1.80,0,140,103,34,3,0,0,45.15,0.00,0.00,0.00,,0.00,,0.00,EastMoney,2026-09-01T19:17:05+08:00
BK1042,2026-09-01T00:00:00Z,111858,114171,114194,111719,111972,2199,1.96,6198615,4722642282,2.25,1.19,0.00,0,3554122,2644493,309481504000,269117136000,285489997,365850704,172718659,193132045,848563712,756205760,92357952,1444251568,1523534640,-79283072,1922440544,2128647472,-206206928,6.05,4.09,1.96,-1.68,-4.37,0,32,29,3,0,0,0,18.40,0.00,0.00,0.00,,0.00,,0.00,EastMoney,2026-09-01T19:17:05+08:00
BK1043,2026-09-01T00:00:00Z,145695,146060,146564,145234,145797,263,0.18,2307037,3553763592,1.74,1.01,0.00,0,1143334,1163703,205611542000,168114946000,36610614,180111290,184744212,-4632922,790923888,749680352,41243536,1146761904,1130077792,16684112,1331166144,1366868000,-35701856,1.03,-0.13,1.16,0.47,-1.00,0,33,19,12,2,0,0,30.42,0.00,0.00,0.00,,0.00,,0.00,EastMoney,2026-09-01T19:17:05+08:00
BK1044,2026-09-01T00:00:00Z,100009,100650,100864,99812,100007,643,0.64,6322378,13082037631,1.76,0.69,0.00,0,3225164,3097214,863896896000,744600432000,306574032,723950144,709161488,14788656,2999024464,2707239088,291785376,4854250752,4422791168,431459584,4200356960,4932961280,-732604320,2.34,0.11,2.23,3.30,-5.60,0,58,43,15,0,0,0,650.11,0.00,0.00,0.00,,0.00,,0.00,EastMoney,2026-09-01T19:17:05+08:00
BK1045,2026-09-01T00:00:00Z,110557,112659,113194,110555,111603,1056,0.95,13060990,5004365264,8.29,2.71,0.00,0,6462679,6598310,65189597000,60240305000,-294237888,727907344,879246016,-151338672,980979872,1123879088,-142899216,1406580304,1352410704,54169600,1526743632,1286675360,240068272,-5.88,-3.02,-2.86,1.08,4.80,0,15,10,5,0,0,0,-11.40,0.00,0.00,0.00,,0.00,,0.00,EastMoney,2026-09-01T19:17:05+08:00
BK1046,2026-09-01T00:00:00Z,133251,134981,135756,133236,132262,2719,2.06,10829654,10427718132,3.28,1.70,0.00,0,5434630,5395024,421433568000,383914720000,-118512800,1092811424,1076096624,16714800,2387848592,2523076192,-135227600,3410421712,3318243168,92178544,3356062016,3329727760,26334256,-1.14,0.16,-1.30,0.88,0.25,0,24,18,6,0,0,0,22.56,0.00,0.00,0.00,,0.00,,0.00,EastMoney,2026-09-01T19:17:05+08:00
BK1047,2026-09-01T00:00:00Z,94860,96141,96320,94821,94782,1359,1.43,18536419,28929688963,2.19,1.17,0.00,0,9449583,9086836,1259021168000,1012461936000,-256148960,2718707712,2947689440,-228981728,6817849856,6845017088,-27167232,10050813440,9864336384,186477056,8784319232,8697959680,86359552,-0.89,-0.79,-0.09,0.64,0.30,0,82,62,18,2,0,0,104.81,0.00,0.00,0.00,,0.00,,0.00,EastMoney,2026-09-01T19:17:05+08:00
BK1048,2026-09-01T00:00:00Z,103658,102123,103692,101611,103764,-1641,-1.58,19358949,31170139498,2.92,1.36,0.00,0,10055340,9303609,2040960576000,1457577904000,-1829853680,2998208080,3648541760,-650333680,6284298496,7463818496,-1179520000,9749165568,9609347072,139818496,11574840832,9912155904,1662684928,-5.87,-2.09,-3.78,0.45,5.33,0,43,10,33,0,0,0,43.40,0.00,0.00,0.00,,0.00,,0.00,EastMoney,2026-09-01T19:17:05+08:00
BK1049,2026-09-01T00:00:00Z,177719,178611,180023,176427,177340,1271,0.72,4010174,16556173480,3.06,1.28,0.00,0,1925611,2084563,379600864000,365516960000,-780528096,2927668672,3282057376,-354388704,3907355392,4333494784,-426139392,4990827008,5003719680,-12892672,4277329456,3483908736,793420720,-4.71,-2.14,-2.57,-0.08,4.79,0,14,10,4,0,0,0,77.37,0.00,0.00,0.00,,0.00,,0.00,EastMoney,2026-09-01T19:17:05+08:00
BK1050,2026-09-01T00:00:00Z,15451914,15403101,15487282,15308580,15177483,225618,1.49,78019487,108523571269,14.05,1.32,0.00,0,36643377,41376110,1125800368000,978474208000,-2954262528,17397271808,19030030592,-1632758784,23114753280,24436257024,-1321503744,31303475200,31000233472,303241728,31501599232,28805506560,2696092672,-2.72,-1.50,-1.22,0.28,2.48,0,89,44,45,0,0,0,90.57,0.00,0.00,0.00,,0.00,,0.00,EastMoney,2026-09-01T19:17:05+08:00
BK1051,2026-09-01T00:00:00Z,7809196,7958092,7996592,7785455,7532392,425700,5.65,28151425,26840625969,23.24,1.70,0.00,0,13169434,14981991,143553492000,137447465000,-1046058464,4159167520,4850901504,-691733984,5639885568,5994210048,-354324480,7845040640,7435427840,409612800,7759099392,7122653440,636445952,-3.90,-2.58,-1.32,1.53,2.37,0,18,15,3,0,0,0,3959.08,0.00,0.00,0.00,,0.00,,0.00,EastMoney,2026-09-01T19:17:05+08:00
BK1052,2026-09-01T00:00:00Z,90081,89894,90404,89481,90115,-221,-0.25,10647043,26998659081,1.92,0.93,0.00,0,4829201,5817842,2684203104000,2381678768000,-1683240352,2817340144,3666747792,-849407648,6244775680,7078608384,-833832704,8525041920,8119429888,405612032,8903630080,7609612544,1294017536,-6.23,-3.15,-3.09,1.50,4.79,0,47,20,25,2,0,0,24.24,0.00,0.00,0.00,,0.00,,0.00,EastMoney,2026-09-01T19:17:05+08:00
BK1053,2026-09-01T00:00:00Z,110038,111947,112027,110016,110307,1640,1.49,141288295,32375510822,1.70,1.18,0.00,0,77207685,64080610,2104355120000,1825456576000,984904208,5013114880,3982658544,1030456336,8058734592,8104286720,-45552128,8767923968,9508011264,-740087296,9525346304,9761288960,-235942656,3.04,3.18,-0.14,-2.29,-0.73,0,201,162,20,19,0,0,-15.47,0.00,0.00,0.00,,0.00,,0.00,EastMoney,2026-09-01T19:17:05+08:00
BK1054,2026-09-01T00:00:00Z,90346,91812,91996,90254,90104,1708,1.90,3322169,3016975709,2.30,1.22,0.00,0,1685729,1636439,126136509000,117850025000,15176489,117445421,159816404,-42370983,634611104,577063632,57547472,993187696,978658160,14529536,1230125152,1259831200,-29706048,0.50,-1.40,1.91,0.48,-0.98,0,18,16,2,0,0,0,-32.53,0.00,0.00,0.00,,0.00,,0.00,EastMoney,2026-09-01T19:17:05+08:00
BK1055,2026-09-01T00:00:00Z,126571,128632,129165,126569,126262,2370,1.88,56035855,66655383155,6.06,1.82,0.00,0,28531083,27504772,3285731584000,1111886928000,-268623616,9301401088,8650367744,651033344,15224566528,16144223488,-919656960,20359140096,21197073152,-837933056,19946131968,18839575552,1106556416,-0.40,0.98,-1.38,-1.26,1.66,0,86,68,17,1,0,0,23.64,0.00,0.00,0.00,,0.00,,0.00,EastMoney,2026-09-01T19:17:05+08:00
BK1056,2026-09-01T00:00:00Z,98582,100033,100474,98446,98901,1132,1.14,11871097,11911778245,3.30,0.98,0.00,0,6482728,5388368,506123664000,454339792000,41445968,667842336,661583488,6258848,2283129696,2247942576,35187120,3894415248,3882976160,11439088,4760975616,4813860864,-52885248,0.35,0.05,0.30,0.10,-0.44,0,58,47,11,0,0,0,77.17,0.00,0.00,0.00,,0.00,,0.00,EastMoney,2026-09-01T19:17:05+08:00
BK1057,2026-09-01T00:00:00Z,105977,105466,105984,104723,106140,-674,-0.64,17326949,10265156154,2.31,0.94,0.00,0,7316068,10010882,587213216000,409054896000,-671597744,1706574832,2461038256,-754463424,2283658400,2200792720,82865680,3039557712,2649210592,390347120,2995084752,2713834128,281250624,-6.54,-7.35,0.81,3.80,2.74,0,15,6,9,0,0,0,35.87,0.00,0.00,0.00,,0.00,,0.00,EastMoney,2026-09-01T19:17:05+08:00
BK1058,2026-09-01T00:00:00Z,115140,116428,116639,115140,115002,1426,1.24,7949675,6440077133,1.52,1.20,0.00,0,4185587,3764087,391694768000,368128320000,115756720,357569392,387929136,-30359744,1513626592,1367510128,146116464,2055561152,2096401056,-40839904,2384711584,2459252672,-74541088,1.80,-0.47,2.27,-0.63,-1.16,0,54,43,11,0,0,0,27.44,0.00,0.00,0.00,,0.00,,0.00,EastMoney,2026-09-01T19:17:05+08:00
BK1059,2026-09-01T00:00:00Z,94447,91453,94447,91182,94433,-2980,-3.16,20798220,427470325728,2.71,0.94,0.00,0,9714185,11084035,23493676544000,18043010560000,-13072803840,67655645184,75458379776,-7802734592,116521791488,121791860736,-5270069248,151730409472,148747370496,2983038976,84287385600,74407133184,9880252416,-3.06,-1.83,-1.23,0.70,2.31,0,224,34,190,0,0,0,51.22,0.00,0.00,0.00,,0.00,,0.00,EastMoney,2026-09-01T19:17:05+08:00
BK1061,2026-09-01T00:00:00Z,124347,126457,126682,124288,124311,2146,1.73,61202139,81047475201,3.87,1.51,0.00,0,31538844,29663294,2000887600000,1859965696000,-794881536,9009583360,9520306688,-510723328,17859958784,18144116992,-284158208,25028275456,25530923008,-502647552,26920111872,25436702976,1483408896,-0.98,-0.63,-0.35,-0.62,1.83,0,193,151,37,5,0,0,-146.78,0.00,0.00,0.00,,0.00,,0.00,EastMoney,2026-09-01T19:17:05+08:00
BK1063,2026-09-01T00:00:00Z,98414,98691,98728,97489,98380,311,0.32,3266398,7913834179,2.27,0.71,0.00,0,1612598,1653800,403915168000,337896432000,223847344,434435664,407075536,27360128,1680809040,1484321824,196487216,2647635136,2518621344,129013792,2953200512,3291554720,-338354208,2.83,0.35,2.48,1.63,-4.28,0,34,18,16,0,0,0,65.50,0.00,0.00,0.00,,0.00,,0.00,EastMoney,2026-09-01T19:17:05+08:00
BK1064,2026-09-01T00:00:00Z,186038,186618,187479,185017,186053,565,0.30,34190103,66701236733,2.49,1.18,0.00,0,16807020,17383082,1908793072000,1674621568000,-3532046336,7330635008,9605829888,-2275194880,14301561088,15558412544,-1256851456,20927442432,20749824256,177618176,22600145152,19267300096,3332845056,-5.30,-3.41,-1.88,0.27,5.00,0,72,41,29,2,0,0,52.38,0.00,0.00,0.00,,0.00,,0.00,EastMoney,2026-09-01T19:17:05+08:00
BK1066,2026-09-01T00:00:00Z,156175,157489,157668,155944,156153,1336,0.86,5727722,6756665856,1.07,1.21,0.00,0,3080124,2647598,362116784000,322989984000,-135246336,615278496,737463648,-122185152,1595268528,1608329712,-13061184,2150130400,2184195456,-34065056,2250925056,2081613664,169311392,-2.00,-1.81,-0.19,-0.50,2.51,0,22,16,6,0,0,0,24.01,0.00,0.00,0.00,,0.00,,0.00,EastMoney,2026-09-01T19:17:05+08:00
BK1068,2026-09-01T00:00:00Z,122835,123380,123684,122482,122776,604,0.49,2801473,5373409985,0.93,1.01,0.00,0,1410713,1390760,1165575152000,1024600496000,-89777872,401148400,419224448,-18076048,1283414640,1355116464,-71701824,1762581104,1751021984,11559120,1752429536,1674210784,78218752,-1.67,-0.34,-1.33,0.22,1.46,0,21,15,6,0,0,0,12.80,0.00,0.00,0.00,,0.00,,0.00,EastMoney,2026-09-01T19:17:05+08:00
BK1069,2026-09-01T00:00:00Z,179972,180329,180979,178923,180054,275,0.15,15281955,11054524985,3.09,2.82,0.00,0,6732913,8549042,373842720000,348771696000,-527006064,1454562128,1967221680,-512659552,2350010912,2364357424,-14346512,3343235040,3009086256,334148784,3675134768,3476821680,198313088,-4.77,-4.64,-0.13,3.02,1.79,0,28,17,11,0,0,0,61.82,0.00,0.00,0.00,,0.00,,0.00,EastMoney,2026-09-01T19:17:05+08:00
BK1070,2026-09-01T00:00:00Z,101530,102386,102578,101346,101456,930,0.92,8424398,5426815408,2.56,1.21,0.00,0,4695070,3729328,231457381000,218107309000,216983696,452967072,330104976,122862096,1351304752,1257183152,94121600,1626711136,1761223040,-134511904,1875350320,1960368528,-85018208,4.00,2.26,1.73,-2.48,-1.57,0,35,22,12,1,0,0,488.77,0.00,0.00,0.00,,0.00,,0.00,EastMoney,2026-09-01T19:17:05+08:00
BK1071,2026-09-01T00:00:00Z,152567,156685,156926,152539,152750,3935,2.58,46607494,49879064756,0.45,1.27,0.00,0,27238607,19368887,14050469120000,8836585472000,2055048704,8679577088,7266686464,1412890624,12314518784,11672360704,642158080,14716067072,15310650368,-594583296,13288381184,14734142208,-1445761024,4.12,2.83,1.29,-1.19,-2.90,0,66,61,5,0,0,0,7.97,0.00,0.00,0.00,,0.00,,0.00,EastMoney,2026-09-01T19:17:05+08:00
BK1072,2026-09-01T00:00:00Z,156742,158363,158643,156549,156757,1606,1.02,12335053,13905335781,1.89,1.25,0.00,0,6516771,5818282,664771984000,558577904000,-172163008,922859840,882070976,40788864,2682176048,2895127920,-212951872,4368131072,4478692608,-110561536,5674184192,5362994688,311189504,-1.24,0.29,-1.53,-0.80,2.24,0,84,61,22,1,0,0,36.32,0.00,0.00,0.00,,0.00,,0.00,EastMoney,2026-09-01T19:17:05+08:00
BK1073,2026-09-01T00:00:00Z,113794,115360,115770,113642,113660,1700,1.50,5823593,3421310696,3.05,1.20,0.00,0,3152611,2670982,226880006000,188852570000,82839238,220870253,163045575,57824678,666644192,641629632,25014560,1105905280,1039571296,66333984,1360011456,1509184672,-149173216,2.42,1.69,0.73,1.94,-4.36,0,19,16,3,0,0,0,20.25,0.00,0.00,0.00,,0.00,,0.00,EastMoney,2026-09-01T19:17:05+08:00
BK1074,2026-09-01T00:00:00Z,92515,95835,95867,92147,91540,4295,4.69,1595814,1521821621,5.37,3.17,0.00,0,652203,943611,28744140000,27000240000,-70782352,315838032,360006528,-44168496,305654144,332268000,-26613856,397075216,403986576,-6911360,449354016,371660304,77693712,-4.65,-2.90,-1.75,-0.45,5.11,0,6,6,0,0,0,0,132.56,0.00,0.00,0.00,,0.00,,0.00,EastMoney,2026-09-01T19:17:05+08:00
BK1075,2026-09-01T00:00:00Z,109750,111955,112507,109738,109826,2129,1.94,8236880,11355589712,4.47,1.05,0.00,0,4240731,3996149,288718816000,256693161000,477387696,1131245488,668948272,462297216,2368310160,2353219680,15090480,3566882768,3831923872,-265041104,4100549376,4312896000,-212346624,4.20,4.07,0.13,-2.33,-1.87,0,38,32,6,0,0,0,-123.76,0.00,0.00,0.00,,0.00,,0.00,EastMoney,2026-09-01T19:17:05+08:00
BK1076,2026-09-01T00:00:00Z,113935,114526,115010,113787,113963,563,0.49,13742655,10680143911,3.37,1.18,0.00,0,7061451,6681204,319726352000,282391632000,-21785936,662479024,588391712,74087312,2143987952,2239861200,-95873248,3424129856,3306699712,117430144,4157823296,4269272576,-111449280,-0.20,0.69,-0.90,1.10,-1.04,0,54,33,18,3,0,0,-178.88,0.00,0.00,0.00,,0.00,,0.00,EastMoney,2026-09-01T19:17:05+08:00
BK1077,2026-09-01T00:00:00Z,125784,127608,127943,125681,125730,1878,1.49,14905092,6492609125,1.94,1.13,0.00,0,8251133,6653959,419110224000,369447568000,630694560,1058420160,416782688,641637472,1295661232,1306604144,-10942912,1697946160,2012304384,-314358224,2265878672,2562058608,-296179936,9.71,9.88,-0.17,-4.84,-4.56,0,45,36,9,0,0,0,34.68,0.00,0.00,0.00,,0.00,,0.00,EastMoney,2026-09-01T19:17:05+08:00
BK1078,2026-09-01T00:00:00Z,138092,139755,140314,137925,138508,1247,0.90,21222856,20895601873,5.67,0.89,0.00,0,11029663,10193193,614420736000,543616208000,84003136,1671069280,1538858416,132210864,4256736400,4304944128,-48207728,6708251136,6683091456,25159680,7601872896,7711035648,-109162752,0.40,0.63,-0.23,0.12,-0.52,0,57,36,20,1,0,0,226.49,0.00,0.00,0.00,,0.00,,0.00,EastMoney,2026-09-01T19:17:05+08:00
BK1079,2026-09-01T00:00:00Z,142391,143722,144241,142245,142546,1176,0.82,4352321,5494889976,1.85,1.42,0.00,0,2216950,2135371,468108912000,388097632000,-121932224,269196784,323342288,-54145504,1149547200,1217333920,-67786720,1669886480,1673495632,-3609152,2150284752,2024999232,125285520,-2.22,-0.99,-1.23,-0.07,2.28,0,34,23,11,0,0,0,13.23,0.00,0.00,0.00,,0.00,,0.00,EastMoney,2026-09-01T19:17:05+08:00
BK1080,2026-09-01T00:00:00Z,110276,111150,111354,110087,110228,922,0.84,18539159,16256185003,2.60,1.16,0.00,0,9479569,9059590,522702864000,458710224000,-164224848,974568720,1005881856,-31313136,3222378848,3355290560,-132911712,5119601920,5298726144,-179124224,6591043840,6239246848,351796992,-1.01,-0.19,-0.82,-1.10,2.16,0,104,71,30,3,0,0,-33.77,0.00,0.00,0.00,,0.00,,0.00,EastMoney,2026-09-01T19:17:05+08:00
BK1082,2026-09-01T00:00:00Z,188940,189559,190847,187740,189712,-153,-0.08,1102143,1671439797,3.45,1.00,0.00,0,519972,582171,52962541000,44512819000,991329,113372484,124845299,-11472815,372096176,359632032,12464144,536756688,498701760,38054928,622551648,661597888,-39046240,0.06,-0.69,0.75,2.28,-2.34,0,9,5,4,0,0,0,64.11,0.00,0.00,0.00,,0.00,,0.00,EastMoney,2026-09-01T19:17:05+08:00
BK1086,2026-09-01T00:00:00Z,80198,86028,86250,80198,80497,5531,6.87,30775836,20096136937,5.89,1.32,0.00,0,16347802,14428034,438955408000,269599296000,2595184624,4611036160,2096776976,2514259184,4404522240,4323596800,80925440,5086169856,5914610688,-828440832,4637331968,6273345024,-1636013056,12.91,12.51,0.40,-4.12,-8.14,0,36,33,3,0,0,0,70.80,0.00,0.00,0.00,,0.00,,0.00,EastMoney,2026-09-01T19:17:05+08:00
BK1087,2026-09-01T00:00:00Z,146841,147913,148738,146828,147196,717,0.49,17626145,13181338907,1.09,1.10,0.00,0,9326900,8299244,1195044032000,994817760000,-403435376,1263986832,1517936512,-253949680,2810681616,2960167312,-149485696,4038455472,4029600672,8854800,4862641408,4468060672,394580736,-3.06,-1.93,-1.13,0.07,2.99,0,49,37,11,1,0,0,18.96,0.00,0.00,0.00,,0.00,,0.00,EastMoney,2026-09-01T19:17:05+08:00
BK1088,2026-09-01T00:00:00Z,498730,492685,498730,488547,497655,-4970,-1.00,11131940,71027414710,2.59,1.02,0.00,0,5425211,5706729,1992572448000,1892992368000,813905408,14581400064,13199373824,1382026240,17664141824,18232262656,-568120832,23302235392,24759853568,-1457618176,14450915584,13807202816,643712768,1.15,1.95,-0.80,-2.05,0.91,0,25,6,18,1,0,0,43.76,0.00,0.00,0.00,,0.00,,0.00,EastMoney,2026-09-01T19:17:05+08:00
BK1089,2026-09-01T00:00:00Z,198713,198694,199451,197402,198399,295,0.15,15924152,24630646528,2.96,1.18,0.00,0,8103157,7820995,1006561248000,842286752000,-291265728,2137790752,2439655136,-301864384,5413942016,5403343360,10598656,7801459712,7727759104,73700608,8712833792,8484233984,228599808,-1.18,-1.23,0.04,0.30,0.93,0,98,55,41,2,0,0,36.32,0.00,0.00,0.00,,0.00,,0.00,EastMoney,2026-09-01T19:17:05+08:00
BK1090,2026-09-01T00:00:00Z,201190,200722,201706,199579,201248,-526,-0.26,121134416,277431073247,1.95,1.04,0.00,0,58895222,62239194,14138152960000,11900205824000,-9849128704,27556894720,33305951488,-5749056768,60954945024,65055016960,-4100071936,90710609920,88179695616,2530914304,92879605760,85505724416,7373881344,-3.55,-2.07,-1.48,0.91,2.66,0,754,357,379,18,0,0,35.88,0.00,0.00,0.00,,0.00,,0.00,EastMoney,2026-09-01T19:17:05+08:00
BK1092,2026-09-01T00:00:00Z,189633,187716,189892,186568,189438,-1722,-0.91,1504099,10607383511,1.65,0.95,0.00,0,691740,812360,1777685792000,1633413200000,-460786192,1444480880,1541935200,-97454320,2852213472,3215545344,-363331872,3190829840,3134325712,56504128,2884626656,2480344576,404282080,-4.34,-0.92,-3.43,0.53,3.81,0,8,2,6,0,0,0,20.41,0.00,0.00,0.00,,0.00,,0.00,EastMoney,2026-09-01T19:17:05+08:00
BK1093,2026-09-01T00:00:00Z,133022,132682,133702,132175,133073,-391,-0.29,3146565,6262781932,1.87,0.93,0.00,0,1491122,1655443,320579488000,295856816000,-117122544,460904000,519470288,-58566288,1313882176,1372438432,-58556256,2122367296,2032646864,89720432,2266108992,2238706864,27402128,-1.87,-0.94,-0.93,1.43,0.44,0,28,14,13,1,0,0,54.79,0.00,0.00,0.00,,0.00,,0.00,EastMoney,2026-09-01T19:17:05+08:00
BK1094,2026-09-01T00:00:00Z,100636,100192,100721,99612,100477,-285,-0.28,22292105,20348130960,2.45,0.94,0.00,0,10369269,11922836,838064528000,781063104000,-671700912,2347137760,2850217408,-503079648,4253706288,4422327552,-168621264,6701350912,6451093760,250257152,6737182208,6306449408,430732800,-3.30,-2.47,-0.83,1.23,2.12,0,49,22,24,3,0,0,-33.28,0.00,0.00,0.00,,0.00,,0.00,EastMoney,2026-09-01T19:17:05+08:00
BK1095,2026-09-01T00:00:00Z,133029,133576,134356,133029,132925,651,0.49,13705428,8702488149,1.55,1.05,0.00,0,7177431,6527997,533271456000,488429712000,327032608,1300332640,1188988640,111344000,2121795312,1906106704,215688608,2452518816,2557175104,-104656288,2614916240,2837292576,-222376336,3.76,1.28,2.48,-1.20,-2.56,0,20,15,3,2,0,0,32.66,0.00,0.00,0.00,,0.00,,0.00,EastMoney,2026-09-01T19:17:05+08:00
BK1097,2026-09-01T00:00:00Z,90417,89628,90417,89265,90449,-821,-0.91,12039035,19901601886,2.23,0.92,0.00,0,6109500,5929535,670803760000,628089840000,-48378992,2139693520,2185831744,-46138224,4496901120,4499141888,-2240768,6014734848,6209361664,-194626816,6831437824,6588431872,243005952,-0.24,-0.23,-0.01,-0.98,1.22,0,40,19,19,2,0,0,-21.86,0.00,0.00,0.00,,0.00,,0.00,EastMoney,2026-09-01T19:17:05+08:00
BK1098,2026-09-01T00:00:00Z,109053,109883,110231,108997,109080,803,0.74,5338999,4283869513,1.70,1.06,0.00,0,2732665,2606334,259362456000,231385780000,2747440,269957024,295088720,-25131696,909418144,881539008,27879136,1399509280,1399888432,-379152,1620343856,1622712144,-2368288,0.06,-0.59,0.65,-0.01,-0.06,0,32,26,6,0,0,0,25.47,0.00,0.00,0.00,,0.00,,0.00,EastMoney,2026-09-01T19:17:05+08:00
BK1099,2026-09-01T00:00:00Z,101446,102986,103592,101446,101556,1430,1.41,1099078,1608569967,2.98,1.45,0.00,0,573725,525353,62467573000,55169081000,27907855,83240582,61790359,21450223,350120976,343663344,6457632,554198544,522070640,32127904,587889792,647925536,-60035744,1.73,1.33,0.40,2.00,-3.73,0,9,8,1,0,0,0,26.52,0.00,0.00,0.00,,0.00,,0.00,EastMoney,2026-09-01T19:17:05+08:00
BK1100,2026-09-01T00:00:00Z,174242,173473,174457,172673,174183,-710,-0.41,13512708,21387964413,2.28,1.07,0.00,0,6804785,6707923,1095259712000,937866832000,-1148259056,1624842544,2297769424,-672926880,4231682736,4707014912,-475332176,7269296640,6951917824,317378816,7736392192,6902291456,834100736,-5.37,-3.15,-2.22,1.48,3.90,0,89,35,51,3,0,0,70.64,0.00,0.00,0.00,,0.00,,0.00,EastMoney,2026-09-01T19:17:05+08:00
BK1101,2026-09-01T00:00:00Z,345689,336785,345747,335347,345983,-9198,-2.66,22197959,78429828362,3.27,0.90,0.00,0,9333946,12864012,3932807712000,3183653360000,-4908539392,10470814208,13506498816,-3035684608,23114818048,24987672832,-1872854784,24918049024,22917316096,2000732928,17854082560,15058280960,2795801600,-6.26,-3.87,-2.39,2.55,3.56,0,75,9,66,0,0,0,75.28,0.00,0.00,0.00,,0.00,,0.00,EastMoney,2026-09-01T19:17:05+08:00
BK1102,2026-09-01T00:00:00Z,169418,168859,169632,168300,169030,-171,-0.10,6088061,14216538752,1.47,1.12,0.00,0,2526953,3561108,1566128224000,1357780160000,-608327536,1248223024,1468574912,-220351888,3092980000,3480955648,-387975648,4544013824,4446019328,97994496,4880180992,4384064768,496116224,-4.28,-1.55,-2.73,0.69,3.49,0,37,20,16,1,0,0,15.36,0.00,0.00,0.00,,0.00,,0.00,EastMoney,2026-09-01T19:17:05+08:00
BK1103,2026-09-01T00:00:00Z,107419,109242,109661,107352,107713,1529,1.42,1806365,3251583963,1.73,1.24,0.00,0,906185,900180,112036226000,109664565000,-139141652,229455701,257346217,-27890516,638070384,749321520,-111251136,1012365776,1048628288,-36262512,1261130896,1067510896,193620000,-4.28,-0.86,-3.42,-1.12,5.95,0,11,10,1,0,0,0,27.39,0.00,0.00,0.00,,0.00,,0.00,EastMoney,2026-09-01T19:17:05+08:00
BK1104,2026-09-01T00:00:00Z,179286,181597,182056,179166,179111,2486,1.39,58405097,120427777334,3.74,1.36,0.00,0,30218094,28187003,4000800672000,3600147488000,-158144256,13150786560,13795296000,-644509440,27653570560,27167205376,486365184,41271121664,41238858752,32262912,35643196416,35298624768,344571648,-0.13,-0.54,0.40,0.03,0.29,0,245,178,63,4,0,0,93.84,0.00,0.00,0.00,,0.00,,0.00,EastMoney,2026-09-01T19:17:05+08:00
BK1106,2026-09-01T00:00:00Z,144124,145426,145819,143954,144379,1047,0.73,42771136,59021704382,2.75,0.86,0.00,0,22517393,20253743,3871579056000,3025847568000,642552560,4450777088,4255848976,194928112,13296285440,12848660992,447624448,20133596416,19714425856,419170560,19757563648,20809461248,-1051897600,1.09,0.33,0.76,0.71,-1.78,0,200,136,62,2,0,0,51.48,0.00,0.00,0.00,,0.00,,0.00,EastMoney,2026-09-01T19:17:05+08:00
BK1107,2026-09-01T00:00:00Z,144524,145897,146416,144280,145117,780,0.54,7711399,10777641545,0.64,0.99,0.00,0,4142599,3568800,1937015488000,1603039360000,556934288,2255804096,1593337200,662466896,2709425344,2814957952,-105532608,2879985440,3383745744,-503760304,2802115328,2855289312,-53173984,5.17,6.15,-0.98,-4.67,-0.49,0,14,11,1,2,0,0,10.63,0.00,0.00,0.00,,0.00,,0.00,EastMoney,2026-09-01T19:17:05+08:00
BK1108,2026-09-01T00:00:00Z,132742,132013,132819,131533,132922,-909,-0.68,4434737,22765065903,1.03,0.88,0.00,0,2161414,2273322,2432757760000,1556281584000,-676229008,2474111696,3094462560,-620350864,6196049152,6251927296,-55878144,8910756096,8034063872,876692224,4904145408,5104609024,-200463616,-2.97,-2.73,-0.25,3.85,-0.88,0,45,16,28,1,0,0,102.14,0.00,0.00,0.00,,0.00,,0.00,EastMoney,2026-09-01T19:17:05+08:00
BK1109,2026-09-01T00:00:00Z,107553,111034,111320,107521,107917,3117,2.89,10303647,8048234851,4.50,1.60,0.00,0,5451430,4852217,230262651000,213299460000,241552928,1166154000,778612272,387541728,1743824080,1889812880,-145988800,2361492528,2554530672,-193038144,2623073456,2671588240,-48514784,3.00,4.82,-1.81,-2.40,-0.60,0,21,18,3,0,0,0,49.13,0.00,0.00,0.00,,0.00,,0.00,EastMoney,2026-09-01T19:17:05+08:00
BK1110,2026-09-01T00:00:00Z,169219,173435,174249,169101,168788,4647,2.75,32513528,41900232509,7.32,1.89,0.00,0,16755283,15758246,479158592000,449593104000,6484480,5293218816,5069889024,223329792,10115603456,10332448768,-216845312,13013424640,13657832960,-644408320,12555500288,11917576448,637923840,0.02,0.53,-0.52,-1.54,1.52,0,49,42,7,0,0,0,-170.64,0.00,0.00,0.00,,0.00,,0.00,EastMoney,2026-09-01T19:17:05+08:00
BK1111,2026-09-01T00:00:00Z,199298,202564,203626,199287,198601,3963,2.00,82973753,103967075015,6.50,1.95,0.00,0,41986775,40986978,2117112944000,1878092320000,-201718016,15351469568,14164712192,1186757376,24210486272,25598961664,-1388475392,31521550336,32338571520,-817021184,29585121280,28529996032,1055125248,-0.19,1.14,-1.34,-0.79,1.01,0,124,95,29,0,0,0,59.51,0.00,0.00,0.00,,0.00,,0.00,EastMoney,2026-09-01T19:17:05+08:00
BK1112,2026-09-01T00:00:00Z,145082,147277,147533,145038,145319,1958,1.35,194810154,118585597578,0.77,1.27,0.00,0,108783480,86026674,24889829632000,18030977024000,1561420032,18443594496,16795281408,1648313088,28168297728,28255190784,-86893056,34489114880,35115815168,-626700288,35389076736,36316859904,-927783168,1.32,1.39,-0.07,-0.53,-0.78,0,402,350,33,19,0,0,9.35,0.00,0.00,0.00,,0.00,,0.00,EastMoney,2026-09-01T19:17:05+08:00
BK1113,2026-09-01T00:00:00Z,194664,187094,194715,186651,194561,-7467,-3.84,9523512,20895873928,4.52,1.05,0.00,0,4323944,5199568,473080288000,413742720000,-1430448176,1754515712,2787348048,-1032832336,4170565152,4568180992,-397615840,6543598336,6135802880,407795456,8030190848,7007538176,1022652672,-6.85,-4.94,-1.90,1.95,4.89,0,30,4,26,0,0,0,153.96,0.00,0.00,0.00,,0.00,,0.00,EastMoney,2026-09-01T19:17:05+08:00
BK1115,2026-09-01T00:00:00Z,147085,149036,149408,147036,146919,2117,1.44,42707275,43816395118,3.14,1.42,0.00,0,22513155,20194121,1658855120000,1389494336000,754707536,4434033664,3640082352,793951312,9501222144,9540465920,-39243776,13931810816,14036367616,-104556800,14960338944,15546660608,-586321664,1.72,1.81,-0.09,-0.24,-1.34,0,170,126,43,1,0,0,35.14,0.00,0.00,0.00,,0.00,,0.00,EastMoney,2026-09-01T19:17:05+08:00
BK1116,2026-09-01T00:00:00Z,153285,151879,153285,151200,152634,-755,-0.49,1925958,2654727269,1.94,0.94,0.00,0,902653,1023305,124422676000,99680286000,-138181771,107812736,150273467,-42460731,467394592,563115632,-95721040,852175504,795949408,56226096,1183748880,1101793200,81955680,-5.21,-1.60,-3.61,2.12,3.09,0,16,9,7,0,0,0,46.06,0.00,0.00,0.00,,0.00,,0.00,EastMoney,2026-09-01T19:17:05+08:00
BK1118,2026-09-01T00:00:00Z,138461,140656,141250,138421,137945,2711,1.97,16580951,21737640395,6.83,2.05,0.00,0,8687817,7893134,292955616000,274033568000,22507376,2770018352,2736602048,33416304,4985463552,4996372480,-10908928,6663744000,6850667008,-186923008,6744569856,6580154112,164415744,0.10,0.15,-0.05,-0.86,0.76,0,39,32,6,1,0,0,-41.43,0.00,0.00,0.00,,0.00,,0.00,EastMoney,2026-09-01T19:17:05+08:00
BK1119,2026-09-01T00:00:00Z,148163,146559,148277,145875,148134,-1575,-1.06,823155,3931412922,1.14,0.93,0.00,0,409290,413866,352122928000,306649248000,-10118880,380922544,398481888,-17559344,881279072,873838608,7440464,1257858272,1366744256,-108885984,1361219328,1242214464,119004864,-0.26,-0.45,0.19,-2.77,3.03,0,10,1,8,1,0,0,46.72,0.00,0.00,0.00,,0.00,,0.00,EastMoney,2026-09-01T19:17:05+08:00
BK1121,2026-09-01T00:00:00Z,224898,218792,225656,218143,225376,-6584,-2.92,1087805,2074004204,1.13,0.95,0.00,0,491748,596058,101445765000,87611549000,-137950426,137503725,170212183,-32708458,397454368,502696336,-105241968,706464240,677887472,28576768,794394960,685021296,109373664,-6.65,-1.58,-5.07,1.38,5.27,0,4,0,4,0,0,0,66.03,0.00,0.00,0.00,,0.00,,0.00,EastMoney,2026-09-01T19:17:05+08:00
BK1124,2026-09-01T00:00:00Z,220206,220408,222067,218144,220372,36,0.02,12298756,47690822032,3.26,0.97,0.00,0,5916889,6381867,1256147808000,1127170384000,-2466655488,5181193472,6594848000,-1413654528,10450365184,11503366144,-1053000960,14889781760,14532604160,357177600,15825657856,13672596480,2153061376,-5.17,-2.96,-2.21,0.75,4.51,0,55,26,27,2,0,0,38.59,0.00,0.00,0.00,,0.00,,0.00,EastMoney,2026-09-01T19:17:05+08:00
BK1125,2026-09-01T00:00:00Z,164615,165157,166039,163676,164611,546,0.33,4936864,9778836179,2.89,1.18,0.00,0,2637837,2299026,342298192000,283933936000,-230984176,913239088,1097176192,-183937104,2124293136,2171340208,-47047072,2941782592,3018317760,-76535168,3603150512,3295631152,307519360,-2.36,-1.88,-0.48,-0.78,3.14,0,26,17,9,0,0,0,3062.95,0.00,0.00,0.00,,0.00,,0.00,EastMoney,2026-09-01T19:17:05+08:00
BK1126,2026-09-01T00:00:00Z,195744,198589,199919,195546,195615,2974,1.52,39377329,60945673557,6.07,1.84,0.00,0,20030321,19347008,1151395584000,1004071088000,-1042273280,7224121600,7650153472,-426031872,14770776320,15387017728,-616241408,19488935424,19760414976,-271479552,18185196800,16871443712,1313753088,-1.71,-0.70,-1.01,-0.45,2.16,0,62,47,15,0,0,0,147.93,0.00,0.00,0.00,,0.00,,0.00,EastMoney,2026-09-01T19:17:05+08:00
BK1127,2026-09-01T00:00:00Z,190445,188810,190795,187420,190284,-1474,-0.77,10971092,50572453781,2.49,1.18,0.00,0,5107880,5863212,2867198016000,2256378864000,-1861630208,8784431616,10142368512,-1357936896,17433773824,17937467136,-503693312,13715243776,13268297984,446945792,9493660928,8073527040,1420133888,-3.68,-2.69,-1.00,0.88,2.81,0,39,12,27,0,0,0,120.80,0.00,0.00,0.00,,0.00,,0.00,EastMoney,2026-09-01T19:17:05+08:00
BK1128,2026-09-01T00:00:00Z,905831,879881,905831,873964,905908,-26027,-2.87,30290587,204230818660,3.27,0.90,0.00,0,13599522,16691065,7369876992000,6663318272000,-7559430144,33242827776,37026354944,-3783527168,52205542144,55981445120,-3775902976,63422353664,64844678912,-1422325248,51920081920,43046319872,8873762048,-3.70,-1.85,-1.85,-0.70,4.34,0,82,7,75,0,0,0,50.78,0.00,0.00,0.00,,0.00,,0.00,EastMoney,2026-09-01T19:17:05+08:00
BK1129,2026-09-01T00:00:00Z,97236,98915,99218,97236,97239,1676,1.72,5905120,5234897350,4.87,1.19,0.00,0,3112822,2792298,99908178000,93520081000,-66202336,309327152,281369104,27958048,1153858688,1248019072,-94160384,1743966864,1711775408,32191456,1931277168,1897266272,34010896,-1.26,0.53,-1.80,0.61,0.65,0,18,15,3,0,0,0,-20.65,0.00,0.00,0.00,,0.00,,0.00,EastMoney,2026-09-01T19:17:05+08:00
BK1130,2026-09-01T00:00:00Z,137747,140229,140730,137587,137724,2505,1.82,5833669,7634751272,3.60,1.46,0.00,0,2999535,2834134,279703472000,253461540000,517504128,1042258064,540190304,502067760,1536744576,1521308208,15436368,2244182816,2460927104,-216744288,2677238096,2968232528,-290994432,6.78,6.58,0.20,-2.84,-3.81,0,28,21,7,0,0,0,-251.16,0.00,0.00,0.00,,0.00,,0.00,EastMoney,2026-09-01T19:17:05+08:00
BK1131,2026-09-01T00:00:00Z,206752,205000,207209,204518,206749,-1749,-0.85,780052,1425088839,1.62,0.84,0.00,0,333821,446231,89126057000,85683657000,-110519246,84450217,147990025,-63539808,249655138,296634576,-46979438,450724656,427117056,23607600,617902208,530990544,86911664,-7.76,-4.46,-3.30,1.66,6.10,0,7,1,6,0,0,0,40.49,0.00,0.00,0.00,,0.00,,0.00,EastMoney,2026-09-01T19:17:05+08:00
BK1132,2026-09-01T00:00:00Z,102854,104705,104962,102840,103042,1663,1.61,1992258,3573982552,3.06,1.22,0.00,0,1047433,944825,141052913000,137660507000,-59860332,243426628,252926720,-9500092,806821760,857182000,-50360240,1228767088,1220687936,8079152,1242362464,1190581264,51781200,-1.67,-0.27,-1.41,0.23,1.45,0,10,10,0,0,0,0,60.18,0.00,0.00,0.00,,0.00,,0.00,EastMoney,2026-09-01T19:17:05+08:00
BK1133,2026-09-01T00:00:00Z,133598,135283,136055,133261,133170,2113,1.59,5063368,8803078467,3.54,1.29,0.00,0,2614129,2449239,248686295000,218647642000,-136643936,673576320,709771488,-36195168,1911747536,2012196304,-100448768,2808609296,2896552752,-87943456,3247883280,3018257328,229625952,-1.55,-0.41,-1.14,-1.00,2.61,0,23,19,4,0,0,0,75.31,0.00,0.00,0.00,,0.00,,0.00,EastMoney,2026-09-01T19:17:05+08:00
BK1134,2026-09-01T00:00:00Z,192854,193030,194063,191378,192770,260,0.13,74567341,215190408636,2.07,1.16,0.00,0,36403555,38163786,11960608000000,8786390272000,-4522308096,34355367424,36369007616,-2013640192,56741871104,59250539008,-2508667904,66036085248,67807167232,-1771081984,54098004736,47791983616,6306021120,-2.10,-0.94,-1.17,-0.82,2.93,0,237,125,109,3,0,0,37.96,0.00,0.00,0.00,,0.00,,0.00,EastMoney,2026-09-01T19:17:05+08:00
BK1135,2026-09-01T00:00:00Z,113921,115272,115597,113816,113769,1503,1.32,49898046,66970473685,3.26,1.54,0.00,0,25418050,24479996,2014594768000,1750917424000,-1018441984,7012749568,7426156032,-413406464,15083865856,15688901376,-605035520,21594355968,21178407936,415948032,21753451776,21110815232,642636544,-1.52,-0.62,-0.90,0.62,0.96,0,168,128,36,4,0,0,60.92,0.00,0.00,0.00,,0.00,,0.00,EastMoney,2026-09-01T19:17:05+08:00
BK1136,2026-09-01T00:00:00Z,392807,383194,392807,379822,392687,-9493,-2.42,34382056,194680708483,4.51,1.00,0.00,0,15661816,18720239,6221528832000,5342642944000,-4553316352,31596793344,33197149440,-1600356096,49626465024,52579425280,-2952960256,61894588928,63188536832,-1293947904,48171668480,42470349568,5701318912,-2.34,-0.82,-1.52,-0.66,2.93,0,104,16,87,1,0,0,63.99,0.00,0.00,0.00,,0.00,,0.00,EastMoney,2026-09-01T19:17:05+08:00
BK1137,2026-09-01T00:00:00Z,300157,290981,300157,290296,300003,-9022,-3.01,31402947,193822235540,3.43,0.84,0.00,0,13498512,17904435,12164583424000,6396687616000,-11962369536,25836213248,34215346944,-8379133696,46691983104,50275218944,-3583235840,69572161536,64562539776,5009621760,48421366016,41516400640,6904965376,-6.17,-4.32,-1.85,2.58,3.56,0,137,14,120,3,0,0,61.35,0.00,0.00,0.00,,0.00,,0.00,EastMoney,2026-09-01T19:17:05+08:00
BK1138,2026-09-01T00:00:00Z,215687,212459,215687,211077,215388,-2929,-1.36,60828451,171613190537,3.62,1.11,0.00,0,29103574,31724878,7110310400000,6473709568000,-6039598592,19441313280,23728756736,-4287443456,38607466752,40359621888,-1752155136,54136905216,52894655488,1242249728,55852239872,51047220736,4805019136,-3.52,-2.50,-1.02,0.72,2.80,0,169,55,113,1,0,0,31.44,0.00,0.00,0.00,,0.00,,0.00,EastMoney,2026-09-01T19:17:05+08:00
BK1139,2026-09-01T00:00:00Z,119323,120079,120416,119229,119414,665,0.56,69580590,65362995505,0.35,1.15,0.00,0,39227106,30353484,26850888960000,16490929152000,-1628785664,9853216512,10403965952,-550749440,15126404096,16204440320,-1078036224,19518411776,18891055360,627356416,19965598720,18964169472,1001429248,-2.49,-0.84,-1.65,0.96,1.53,0,81,58,21,2,0,0,10.52,0.00,0.00,0.00,,0.00,,0.00,EastMoney,2026-09-01T19:17:05+08:00
BK1141,2026-09-01T00:00:00Z,191793,189441,191893,187822,191913,-2472,-1.29,23216300,33208096569,3.22,1.08,0.00,0,10208449,13007851,1552791584000,1383165520000,-2080175872,3770646528,5186528256,-1415881728,7089778944,7754073088,-664294144,10647902720,10187387904,460514816,11147482624,9527821568,1619661056,-6.26,-4.26,-2.00,1.39,4.88,0,34,8,26,0,0,0,35.95,0.00,0.00,0.00,,0.00,,0.00,EastMoney,2026-09-01T19:17:05+08:00
BK1142,2026-09-01T00:00:00Z,123483,123669,124440,122331,123503,166,0.13,14379992,10319632498,2.73,0.95,0.00,0,6338362,8041630,370633488000,343942624000,-469574720,1447574448,1963525088,-515950640,2190506400,2144130480,46375920,3161961744,2815408800,346552944,3337903072,3214881296,123021776,-4.55,-5.00,0.45,3.36,1.19,0,24,14,9,1,0,0,50.67,0.00,0.00,0.00,,0.00,,0.00,EastMoney,2026-09-01T19:17:05+08:00
BK1143,2026-09-01T00:00:00Z,151176,151546,152677,150340,150524,1022,0.68,3743444,7848205070,3.15,1.42,0.00,0,1874582,1868862,166365179000,141197650000,-366253664,636584432,784980400,-148395968,1570486784,1788344480,-217857696,2610392528,2530533120,79859408,2865791136,2569631472,296159664,-4.67,-1.89,-2.78,1.02,3.77,0,24,17,7,0,0,0,-648.36,0.00,0.00,0.00,,0.00,,0.00,EastMoney,2026-09-01T19:17:05+08:00
BK1144,2026-09-01T00:00:00Z,150442,149545,150659,148831,150406,-861,-0.57,9168189,24119266553,2.61,0.97,0.00,0,4186874,4981315,789124608000,704024032000,-550676576,2571601376,2590661440,-19060064,4952588800,5484205312,-531616512,7630957824,7651055872,-20098048,8600066304,8029292032,570774272,-2.28,-0.08,-2.20,-0.08,2.37,0,60,26,31,3,0,0,48.30,0.00,0.00,0.00,,0.00,,0.00,EastMoney,2026-09-01T19:17:05+08:00
BK1145,2026-09-01T00:00:00Z,202221,199629,202366,199085,202206,-2577,-1.27,3112293,10372528237,1.62,0.89,0.00,0,1303374,1808919,645483584000,589372320000,-433970848,801452432,1057958304,-256505872,2147588832,2325053808,-177464976,3826377952,3606747808,219630144,3436287488,3221946784,214340704,-4.18,-2.47,-1.71,2.12,2.07,0,36,7,28,1,0,0,47.35,0.00,0.00,0.00,,0.00,,0.00,EastMoney,2026-09-01T19:17:05+08:00
BK1146,2026-09-01T00:00:00Z,124235,125317,125731,123671,124583,734,0.59,7702793,14916685056,2.43,0.90,0.00,0,4014853,3687940,927988304000,834772496000,200787664,1049682288,1188948976,-139266688,3455767376,3115713024,340054352,5071715584,4828888064,242827520,5020588032,5459909376,-439321344,1.35,-0.93,2.28,1.63,-2.95,0,43,27,16,0,0,0,111.72,0.00,0.00,0.00,,0.00,,0.00,EastMoney,2026-09-01T19:17:05+08:00
BK1147,2026-09-01T00:00:00Z,98273,100658,100778,98172,98184,2474,2.52,2561451,2748995727,2.14,1.04,0.00,0,1405419,1156032,147573280000,117856012000,175014946,182222921,78776695,103446226,509984384,438415664,71568720,894555728,939084176,-44528448,1105876288,1236362784,-130486496,6.37,3.76,2.60,-1.62,-4.75,0,14,14,0,0,0,0,24.50,0.00,0.00,0.00,,0.00,,0.00,EastMoney,2026-09-01T19:17:05+08:00
BK1148,2026-09-01T00:00:00Z,127041,125437,127041,124650,127045,-1608,-1.27,6726479,12807128772,1.78,0.90,0.00,0,3504312,3222166,587899808000,565134464000,-2739696,1483257104,1592365856,-109108752,3016048864,2909679808,106369056,5085156864,4992272128,92884736,3009402816,3080685216,-71282400,-0.02,-0.85,0.83,0.73,-0.56,0,27,11,13,3,0,0,-22.03,0.00,0.00,0.00,,0.00,,0.00,EastMoney,2026-09-01T19:17:05+08:00
BK1150,2026-09-01T00:00:00Z,149370,148659,149540,147781,149114,-455,-0.31,16124993,38977145740,1.66,1.04,0.00,0,7556136,8568857,2949341168000,2726559312000,-418722000,4094502672,4154509280,-60006608,8208143360,8566858752,-358715392,12220611840,12155223040,65388800,13823639040,13462224384,361414656,-1.07,-0.15,-0.92,0.17,0.93,0,106,47,52,7,0,0,37.14,0.00,0.00,0.00,,0.00,,0.00,EastMoney,2026-09-01T19:17:05+08:00
BK1151,2026-09-01T00:00:00Z,122041,124139,124729,121961,121005,3134,2.59,38796417,47750267080,6.39,1.82,0.00,0,18553686,20242731,623151776000,564281216000,-350850560,7980607232,7284643584,695963648,10954706432,12001520640,-1046814208,13974382592,14550505728,-576123136,13191411456,12264437504,926973952,-0.73,1.46,-2.19,-1.21,1.94,0,43,32,10,1,0,0,273.06,0.00,0.00,0.00,,0.00,,0.00,EastMoney,2026-09-01T19:17:05+08:00
BK1152,2026-09-01T00:00:00Z,269167,256897,269225,256513,268545,-11648,-4.34,4639470,47627172314,3.77,0.89,0.00,0,2052473,2586996,2150558064000,1961855968000,-2447959552,6151618048,7455144704,-1303526656,12733206784,13877639680,-1144432896,20073290752,18661563648,1411727104,7999871488,6990361600,1009509888,-5.14,-2.74,-2.40,2.96,2.12,0,28,0,28,0,0,0,93.92,0.00,0.00,0.00,,0.00,,0.00,EastMoney,2026-09-01T19:17:05+08:00
BK1153,2026-09-01T00:00:00Z,124110,125491,126100,123720,123465,2026,1.64,30657252,50280931949,5.35,1.84,0.00,0,15226233,15431020,1155052992000,964480192000,60780288,7080014080,6506588672,573425408,11463137792,11975782912,-512645120,15159947520,15778154496,-618206976,14953056768,14366893056,586163712,0.12,1.14,-1.02,-1.23,1.17,0,73,48,25,0,0,0,55.60,0.00,0.00,0.00,,0.00,,0.00,EastMoney,2026-09-01T19:17:05+08:00
BK1155,2026-09-01T00:00:00Z,160930,160960,161704,160057,160775,185,0.12,16981487,54233137292,1.98,0.96,0.00,0,8133611,8847876,4443772672000,3534291088000,-1702258176,6516656640,7480476416,-963819776,12873782528,13612220928,-738438400,16785990912,16496021760,289969152,17086637056,15664128256,1422508800,-3.14,-1.78,-1.36,0.53,2.62,0,108,62,43,3,0,0,26.54,0.00,0.00,0.00,,0.00,,0.00,EastMoney,2026-09-01T19:17:05+08:00
BK1156,2026-09-01T00:00:00Z,182412,180086,182463,179065,182322,-2236,-1.23,9713935,30725518200,3.54,1.21,0.00,0,4332648,5381287,858569152000,697270336000,-2324533184,3907289408,5487022592,-1579733184,6684487424,7429287424,-744800000,9460682240,8844924672,615757568,9794848000,8071421440,1723426560,-7.57,-5.14,-2.42,2.00,5.61,0,47,13,32,2,0,0,38.24,0.00,0.00,0.00,,0.00,,0.00,EastMoney,2026-09-01T19:17:05+08:00
BK1157,2026-09-01T00:00:00Z,199021,199047,200003,197467,198737,310,0.16,11696314,22325642947,1.89,0.98,0.00,0,5551204,6145111,1061691456000,921068304000,-588506224,1672439984,1925690144,-253250160,4595820544,4931076608,-335256064,7145281024,6897824256,247456768,8495539712,8120367872,375171840,-2.64,-1.13,-1.50,1.11,1.68,0,85,43,41,1,0,0,172.10,0.00,0.00,0.00,,0.00,,0.00,EastMoney,2026-09-01T19:17:05+08:00
BK1158,2026-09-01T00:00:00Z,373769,377860,378207,373555,373746,4114,1.10,27361616,23623683587,3.27,1.26,0.00,0,14207140,13154475,889140176000,782504512000,150962016,819944256,647658576,172285680,3338855984,3360179648,-21323664,7125641472,7191184640,-65543168,11861740544,11947159296,-85418752,0.64,0.73,-0.09,-0.28,-0.36,0,400,322,70,8,0,0,-51.68,0.00,0.00,0.00,,0.00,,0.00,EastMoney,2026-09-01T19:17:05+08:00
BK1160,2026-09-01T00:00:00Z,231645,227090,231645,225276,231562,-4472,-1.93,38398364,71211552786,3.48,1.09,0.00,0,16776673,21621691,1964867168000,1758203040000,-3277397248,7555519744,9653384960,-2097865216,15888447488,17067979520,-1179532032,22612647680,21219073792,1393573888,23818818816,21934995456,1883823360,-4.60,-2.95,-1.66,1.96,2.65,0,89,23,64,2,0,0,75.48,0.00,0.00,0.00,,0.00,,0.00,EastMoney,2026-09-01T19:17:05+08:00
BK1161,2026-09-01T00:00:00Z,227259,224089,227259,222814,227158,-3069,-1.35,20811347,86209583019,3.49,1.16,0.00,0,9968289,10843058,3444482816000,2994662512000,-4898964224,10848590080,14658542848,-3809952768,19839818496,20928829952,-1089011456,28008622336,26381886976,1626735360,25392276992,22228041728,3164235264,-5.68,-4.42,-1.26,1.89,3.67,0,65,25,39,1,0,0,42.05,0.00,0.00,0.00,,0.00,,0.00,EastMoney,2026-09-01T19:17:05+08:00
BK1162,2026-09-01T00:00:00Z,196993,194775,196993,193573,197049,-2274,-1.15,6344547,23605887244,2.47,1.07,0.00,0,2916264,3428283,1091337840000,965711536000,-858515872,2716913184,3407545024,-690631840,5726474496,5894358528,-167884032,7991756800,7634973184,356783616,6752675840,6250943488,501732352,-3.64,-2.93,-0.71,1.51,2.13,0,30,11,19,0,0,0,32.08,0.00,0.00,0.00,,0.00,,0.00,EastMoney,2026-09-01T19:17:05+08:00
BK1163,2026-09-01T00:00:00Z,238345,236533,238345,235101,238477,-1944,-0.82,30897024,57111336454,1.49,0.87,0.00,0,14586012,16311012,2329959376000,2115963456000,-3403918848,5433811712,7288362496,-1854550784,11861045248,13410413312,-1549368064,18512038144,18656012288,-143974144,20266937600,16702761472,3564176128,-5.96,-3.25,-2.71,-0.25,6.24,0,90,41,47,2,0,0,36.25,0.00,0.00,0.00,,0.00,,0.00,EastMoney,2026-09-01T19:17:05+08:00
BK1164,2026-09-01T00:00:00Z,268753,265439,268753,262443,268673,-3234,-1.20,10728282,46043343153,2.20,0.95,0.00,0,4845795,5882487,2415552352000,1981157888000,-3017172224,4792953088,7066340608,-2273387520,10670326784,11414111488,-743784704,16771513344,15682030080,1089483264,12900156416,10948417792,1951738624,-6.55,-4.94,-1.62,2.37,4.24,0,49,15,34,0,0,0,31.57,0.00,0.00,0.00,,0.00,,0.00,EastMoney,2026-09-01T19:17:05+08:00
BK1166,2026-09-01T00:00:00Z,159033,159788,160556,158538,159058,730,0.46,55597787,84920933184,2.15,1.19,0.00,0,28036982,27560804,4170533056000,3643781136000,-1061470720,6567591424,7207898368,-640306944,17978210816,18399374592,-421163776,27022199808,26622230528,399969280,31172140544,30419549184,752591360,-1.25,-0.75,-0.50,0.47,0.89,0,305,177,122,6,0,0,79.33,0.00,0.00,0.00,,0.00,,0.00,EastMoney,2026-09-01T19:17:05+08:00
BK1168,2026-09-01T00:00:00Z,268858,263731,268972,261579,269005,-5274,-1.96,10136133,36444572087,3.10,0.79,0.00,0,4350514,5785619,1301846608000,1208950080000,-2164814384,3449040336,5004384768,-1555344432,7857949696,8467419648,-609469952,11790313472,11170889216,619424256,12289859072,10851522560,1438336512,-5.94,-4.27,-1.67,1.70,3.95,0,40,9,31,0,0,0,43.30,0.00,0.00,0.00,,0.00,,0.00,EastMoney,2026-09-01T19:17:05+08:00
BK1169,2026-09-01T00:00:00Z,107592,108872,110363,107257,107335,1537,1.43,7989008,20814070923,5.23,1.63,0.00,0,4015759,3973249,449992368000,422424144000,-453634640,2596352832,3039907472,-443554640,5296117504,5306197504,-10080000,6915379200,6874493184,40886016,5519799040,5107050496,412748544,-2.18,-2.13,-0.05,0.20,1.98,0,17,11,6,0,0,0,27.50,0.00,0.00,0.00,,0.00,,0.00,EastMoney,2026-09-01T19:17:05+08:00
BK1170,2026-09-01T00:00:00Z,133641,134488,134735,133190,133691,797,0.60,13490248,29347641173,2.41,1.01,0.00,0,6896697,6593551,1112942032000,975698816000,195433024,2986214784,3207012672,-220797888,6627587072,6211356160,416230912,9235603456,9151983872,83619584,10026010368,10303616768,-277606400,0.67,-0.75,1.42,0.28,-0.95,0,76,51,25,0,0,0,66.49,0.00,0.00,0.00,,0.00,,0.00,EastMoney,2026-09-01T19:17:05+08:00
BK1171,2026-09-01T00:00:00Z,167441,166111,167441,164906,167374,-1263,-0.75,8778596,15550175279,2.35,1.05,0.00,0,3979429,4799167,549481952000,483967120000,-861656224,1319481760,1958099184,-638617424,3058563968,3281602768,-223038800,4952880896,4585383936,367496960,5870327296,5358910976,511416320,-5.54,-4.11,-1.43,2.36,3.29,0,44,20,24,0,0,0,51.66,0.00,0.00,0.00,,0.00,,0.00,EastMoney,2026-09-01T19:17:05+08:00
BK1172,2026-09-01T00:00:00Z,105386,106420,107609,105078,104002,2418,2.32,34378781,38469300520,7.97,2.39,0.00,0,17404639,16974142,464357008000,421737968000,387962624,6821961984,5654828544,1167133440,8515507456,9294678272,-779170816,10970998016,11689475328,-718477312,10736599296,10406084608,330514688,1.01,3.03,-2.03,-1.87,0.86,0,37,29,7,1,0,0,128.76,0.00,0.00,0.00,,0.00,,0.00,EastMoney,2026-09-01T19:17:05+08:00
BK1173,2026-09-01T00:00:00Z,195283,192868,195951,192514,194974,-2106,-1.08,13919049,39453819719,1.74,0.87,0.00,0,6712667,7206382,3918876976000,3487166336000,-1804880640,4979795712,5964399872,-984604160,9787718400,10607994880,-820276480,12045687040,11659682048,386004992,11895290112,10476414720,1418875392,-4.57,-2.50,-2.08,0.98,3.60,0,39,14,25,0,0,0,18.38,0.00,0.00,0.00,,0.00,,0.00,EastMoney,2026-09-01T19:17:05+08:00
BK1174,2026-09-01T00:00:00Z,128124,129424,129516,128067,128127,1297,1.01,22906621,32644995758,3.01,1.01,0.00,0,11763710,11142911,1462470160000,1229722416000,68373136,2399461920,2468462736,-69000816,6981387520,6844013568,137373952,10710270976,10410852608,299418368,11824334336,12163194880,-338860544,0.21,-0.21,0.42,0.92,-1.04,0,124,87,35,2,0,0,53.12,0.00,0.00,0.00,,0.00,,0.00,EastMoney,2026-09-01T19:17:05+08:00
BK1175,2026-09-01T00:00:00Z,269006,260981,269006,259686,268386,-7405,-2.76,28532741,63655957754,3.04,0.98,0.00,0,12084113,16448629,1895055776000,1747062336000,-3277329408,7357379584,9490402304,-2133022720,13640461312,14784768000,-1144306688,19959325440,18772329728,1186995712,21244001792,19246053376,1997948416,-5.15,-3.35,-1.80,1.86,3.14,0,60,8,50,2,0,0,52.75,0.00,0.00,0.00,,0.00,,0.00,EastMoney,2026-09-01T19:17:05+08:00
BK1176,2026-09-01T00:00:00Z,161025,163694,164428,160779,161024,2670,1.66,9996251,16548522992,3.55,1.21,0.00,0,5163064,4833187,436140240000,395598448000,17398800,1115166448,1121582064,-6415616,3626990640,3603176224,23814416,5497646592,5616354048,-118707456,5981502464,5867328512,114173952,0.11,-0.04,0.14,-0.72,0.69,0,41,35,6,0,0,0,-127.12,0.00,0.00,0.00,,0.00,,0.00,EastMoney,2026-09-01T19:17:05+08:00
BK1177,2026-09-01T00:00:00Z,232349,228327,232349,226929,232018,-3691,-1.59,22500315,44966515909,2.99,0.91,0.00,0,9674945,12825370,5150421760000,1350079520000,-3753412352,6864479744,10188963072,-3324483328,10622244352,11051173376,-428929024,13548105472,12131952384,1416153088,13118106624,10780847104,2337259520,-8.35,-7.39,-0.95,3.15,5.20,0,55,16,39,0,0,0,50.54,0.00,0.00,0.00,,0.00,,0.00,EastMoney,2026-09-01T19:17:05+08:00
BK1178,2026-09-01T00:00:00Z,231544,228892,231544,227133,231608,-2716,-1.17,30416248,102712597903,2.56,1.03,0.00,0,13759206,16657042,3948668656000,3522951136000,-6465951488,11868897280,16426893312,-4557996032,23093907968,25001863424,-1907955456,33406861056,31710502656,1696358400,32162692352,27387549952,4775142400,-6.30,-4.44,-1.86,1.65,4.65,0,137,49,88,0,0,0,39.31,0.00,0.00,0.00,,0.00,,0.00,EastMoney,2026-09-01T19:17:05+08:00
BK1179,2026-09-01T00:00:00Z,134882,136693,136899,134730,135313,1380,1.02,7098405,5269925788,2.25,1.11,0.00,0,3464961,3633445,241007828000,219428837000,58868608,290232624,284806048,5426576,1201724768,1148282736,53442032,1675775056,1634631024,41144032,1954066016,2036566528,-82500512,1.12,0.10,1.01,0.78,-1.57,0,40,32,6,2,0,0,-687.76,0.00,0.00,0.00,,0.00,,0.00,EastMoney,2026-09-01T19:17:05+08:00
BK1180,2026-09-01T00:00:00Z,205568,203268,205568,201677,205648,-2380,-1.16,12236235,39910301986,4.67,1.06,0.00,0,5419596,6816639,1384479312000,1313921312000,-2912954784,3581141856,5153133568,-1571991712,8712520960,10053484032,-1340963072,15102104320,13999913472,1102190848,11751240192,9948574464,1802665728,-7.30,-3.94,-3.36,2.76,4.52,0,46,9,35,2,0,0,147.18,0.00,0.00,0.00,,0.00,,0.00,EastMoney,2026-09-01T19:17:05+08:00
BK1181,2026-09-01T00:00:00Z,132742,132248,132940,131660,132671,-423,-0.32,38123048,75843122492,2.23,1.16,0.00,0,18897956,19225092,3619769680000,2692683312000,-1831945472,7472075264,8742802688,-1270727424,17504583168,18065801216,-561218048,25503876864,25325716480,178160384,23861678592,22198446848,1663231744,-2.42,-1.68,-0.74,0.23,2.19,0,161,88,72,1,0,0,29.21,0.00,0.00,0.00,,0.00,,0.00,EastMoney,2026-09-01T19:17:05+08:00
BK1182,2026-09-01T00:00:00Z,112868,115477,115683,112868,113067,2410,2.13,16239311,22122292693,6.46,1.51,0.00,0,7919430,8319880,656811136000,361106672000,-54849792,2257680896,2167643904,90036992,5259650816,5404537600,-144886784,7278052864,7198101504,79951360,6722529280,6623400960,99128320,-0.25,0.41,-0.65,0.36,0.45,0,35,22,12,1,0,0,123.12,0.00,0.00,0.00,,0.00,,0.00,EastMoney,2026-09-01T19:17:05+08:00
BK1183,2026-09-01T00:00:00Z,102179,104258,104547,102168,101859,2399,2.36,38475762,32939232212,5.41,1.91,0.00,0,19999850,18475912,592643968000,538968656000,-40239424,4133094528,3874662592,258431936,7242482688,7541154048,-298671360,9926150912,10197738752,-271587840,10604858880,10253429504,351429376,-0.12,0.78,-0.91,-0.82,1.07,0,79,65,13,1,0,0,-3162.27,0.00,0.00,0.00,,0.00,,0.00,EastMoney,2026-09-01T19:17:05+08:00
BK1184,2026-09-01T00:00:00Z,169207,167838,169231,166844,169109,-1271,-0.75,49406036,133080495138,2.30,1.08,0.00,0,22985380,26420656,6833468928000,5354007552000,-5488456960,14601973760,17896015872,-3294042112,29164874752,31359289600,-2194414848,43244141312,41547636992,1696504320,43493085696,39687886592,3805199104,-4.12,-2.48,-1.65,1.27,2.86,0,292,102,188,2,0,0,46.44,0.00,0.00,0.00,,0.00,,0.00,EastMoney,2026-09-01T19:17:05+08:00
BK1185,2026-09-01T00:00:00Z,96905,97997,98333,96879,97063,934,0.96,10549901,9518373645,2.67,1.23,0.00,0,5276872,5273029,307623856000,286171104000,-498982160,576939792,784367584,-207427792,2078244704,2369799072,-291554368,2976109680,2987817744,-11708064,3684228992,3173538768,510690224,-5.24,-2.18,-3.06,-0.12,5.37,0,42,35,7,0,0,0,-13.45,0.00,0.00,0.00,,0.00,,0.00,EastMoney,2026-09-01T19:17:05+08:00
BK1186,2026-09-01T00:00:00Z,100745,102857,103073,100745,100883,1974,1.96,13873177,11183873513,3.38,1.45,0.00,0,7313368,6559809,310549808000,279188848000,443506544,956220128,596457040,359763088,2282945776,2199202320,83743456,3556369872,3655979344,-99609472,4154224176,4488711168,-334486992,3.97,3.22,0.75,-0.89,-2.99,0,41,33,8,0,0,0,-65.09,0.00,0.00,0.00,,0.00,,0.00,EastMoney,2026-09-01T19:17:05+08:00
BK1187,2026-09-01T00:00:00Z,118752,121417,122089,118752,118650,2767,2.33,41862894,44273039780,7.13,1.98,0.00,0,21943459,19919435,836779616000,609576400000,398739200,5031351552,4620647168,410704384,10036696320,10048661504,-11965184,14041433856,14547886336,-506452480,14352671488,14235548160,117123328,0.90,0.93,-0.03,-1.14,0.26,0,76,62,12,2,0,0,108.21,0.00,0.00,0.00,,0.00,,0.00,EastMoney,2026-09-01T19:17:05+08:00
BK1188,2026-09-01T00:00:00Z,125355,126627,127050,125334,125337,1290,1.03,77671393,136718798438,3.66,1.43,0.00,0,39734962,37936431,4780228608000,3888143312000,-2155287552,15266440704,16592772352,-1326331648,31812950528,32641906432,-828955904,44537594624,43986678272,550916352,41819332096,40160081408,1659250688,-1.58,-0.97,-0.61,0.40,1.21,0,261,185,73,3,0,0,73.39,0.00,0.00,0.00,,0.00,,0.00,EastMoney,2026-09-01T19:17:05+08:00
BK1189,2026-09-01T00:00:00Z,105355,105566,106335,104781,105546,20,0.02,6343449,18155443560,3.56,1.23,0.00,0,3154653,3188796,615091920000,500721760000,-777375952,1583086352,2035541312,-452454960,4014063456,4338984448,-324920992,6077983232,5932614144,145369088,6157458176,5525451264,632006912,-4.28,-2.49,-1.79,0.80,3.48,0,20,10,10,0,0,0,61.91,0.00,0.00,0.00,,0.00,,0.00,EastMoney,2026-09-01T19:17:05+08:00
BK1190,2026-09-01T00:00:00Z,135503,136457,137304,135053,135796,661,0.49,7155870,21584440010,3.23,1.01,0.00,0,3546381,3609488,660664816000,530766736000,-864095056,2657518192,3176525760,-519007568,5255996416,5601083904,-345087488,7003174656,6805927680,197246976,6272367360,5596964096,675403264,-4.00,-2.40,-1.60,0.91,3.13,0,16,11,5,0,0,0,35.19,0.00,0.00,0.00,,0.00,,0.00,EastMoney,2026-09-01T19:17:05+08:00
BK1192,2026-09-01T00:00:00Z,119400,120569,120771,119296,119448,1121,0.94,25270044,23281556334,1.17,1.13,0.00,0,13540398,11729647,1784098128000,1477762448000,-425054288,2839360336,2900026528,-60666192,4945376000,5309764096,-364388096,6964591360,7287764992,-323173632,8084429568,7321924096,762505472,-1.83,-0.26,-1.57,-1.39,3.28,0,55,43,9,3,0,0,16.33,0.00,0.00,0.00,,0.00,,0.00,EastMoney,2026-09-01T19:17:05+08:00
BK1193,2026-09-01T00:00:00Z,94560,96572,96672,94503,94658,1914,2.02,38527907,25590781439,1.74,1.00,0.00,0,20353402,18174505,1313102144000,1160087120000,539344064,3536663712,2518391520,1018272192,5521867776,6000795904,-478928128,7473526784,8071695616,-598168832,8592697600,8525296384,67401216,2.11,3.98,-1.87,-2.34,0.26,0,87,74,11,2,0,0,38.61,0.00,0.00,0.00,,0.00,,0.00,EastMoney,2026-09-01T19:17:05+08:00
BK1197,2026-09-01T00:00:00Z,104637,104949,106022,104605,104856,93,0.09,69914993,60979438749,1.52,1.09,0.00,0,36019894,33895099,5213934080000,4426769408000,-1597610240,6211227648,6681310720,-470083072,13164814592,14292341760,-1127527168,18765284352,18926519808,-161235456,21821092608,20054119680,1766972928,-2.62,-0.77,-1.85,-0.26,2.90,0,158,93,58,7,0,0,58.70,0.00,0.00,0.00,,0.00,,0.00,EastMoney,2026-09-01T19:17:05+08:00
BK1198,2026-09-01T00:00:00Z,107180,107019,107680,106843,107267,-248,-0.23,22024829,76418643592,1.94,1.04,0.00,0,10638520,11386309,3952268672000,3325257072000,-1967063808,11439689472,12357313792,-917624320,18634746112,19684185600,-1049439488,23191254272,23363118848,-171864576,21773556992,19634628352,2138928640,-2.57,-1.20,-1.37,-0.22,2.80,0,90,47,43,0,0,0,10.55,0.00,0.00,0.00,,0.00,,0.00,EastMoney,2026-09-01T19:17:05+08:00
BK1199,2026-09-01T00:00:00Z,120331,119619,120807,118796,120047,-428,-0.36,1384394,2468214469,3.85,0.91,0.00,0,575223,809171,63296272000,60823112000,-54596008,218117452,211599940,6517512,570192160,631305680,-61113520,720555520,730382976,-9827456,914444368,838564288,75880080,-2.21,0.26,-2.48,-0.40,3.07,0,8,2,6,0,0,0,56.33,0.00,0.00,0.00,,0.00,,0.00,EastMoney,2026-09-01T19:17:05+08:00
BK1200,2026-09-01T00:00:00Z,599908,597983,600675,594259,599900,-1917,-0.32,63848790,133451197305,2.10,0.94,0.00,0,30278443,33570347,7505918464000,6662745088000,-5629346816,10563687168,13972140288,-3408453120,27510319360,29731213056,-2220893696,42999624960,41290264832,1709360128,49505382144,45454257408,4051124736,-4.22,-2.55,-1.66,1.28,3.04,0,412,182,217,13,0,0,47.03,0.00,0.00,0.00,,0.00,,0.00,EastMoney,2026-09-01T19:17:05+08:00
BK1201,2026-09-01T00:00:00Z,1344516,1317886,1344516,1309463,1344250,-26364,-1.96,108027429,460906479331,2.96,0.95,0.00,0,48327063,59700366,24083817216000,16214106880000,-24848086784,55723550976,72518443008,-16794892032,113445818368,121499013120,-8053194752,154557284352,147007471616,7549812736,128735653888,111600824320,17134829568,-5.39,-3.64,-1.75,1.64,3.72,0,521,118,395,8,0,0,67.27,0.00,0.00,0.00,,0.00,,0.00,EastMoney,2026-09-01T19:17:05+08:00
BK1202,2026-09-01T00:00:00Z,196709,198963,200387,196709,198778,185,0.09,56495976,23707078409,2.70,1.33,0.00,0,26957476,29538500,935799040000,883768336000,-593276400,2339323504,2736687968,-397364464,5093843200,5289755136,-195911936,7044609024,6813899520,230709504,8106527232,7743960576,362566656,-2.50,-1.68,-0.83,0.97,1.53,0,105,61,38,6,0,0,-4.75,0.00,0.00,0.00,,0.00,,0.00,EastMoney,2026-09-01T19:17:05+08:00
BK1203,2026-09-01T00:00:00Z,247720,253384,254047,247391,248643,4741,1.91,47499687,56636873004,1.13,1.15,0.00,0,26392498,21107189,7165492992000,5641121536000,2781977088,10032608512,7997978880,2034629632,15079936256,14332588800,747347456,15954556672,17193065728,-1238509056,14712512000,16255979776,-1543467776,4.91,3.59,1.32,-2.19,-2.73,0,80,71,6,3,0,0,8.15,0.00,0.00,0.00,,0.00,,0.00,EastMoney,2026-09-01T19:17:05+08:00
BK1204,2026-09-01T00:00:00Z,550805,553930,556934,548008,551590,2340,0.42,17593187,45574715732,1.82,1.14,0.00,0,8704553,8888634,3017231760000,2487786736000,848356272,4414450176,3943093840,471356336,10505822208,10128822272,376999936,14705729024,14570161408,135567616,15274868480,16226955264,-952086784,1.86,1.03,0.83,0.30,-2.09,0,141,74,66,1,0,0,73.85,0.00,0.00,0.00,,0.00,,0.00,EastMoney,2026-09-01T19:17:05+08:00
BK1205,2026-09-01T00:00:00Z,474832,473527,475690,470407,474933,-1406,-0.30,76805579,158119849218,2.41,1.09,0.00,0,38481181,38324399,6793034496000,5304228352000,-937122304,15365419520,15533463296,-168043776,35211580416,35980658944,-769078528,52013412352,51473740288,539672064,51089707776,50594123520,495584256,-0.59,-0.11,-0.49,0.34,0.31,0,625,291,319,15,0,0,51.53,0.00,0.00,0.00,,0.00,,0.00,EastMoney,2026-09-01T19:17:05+08:00
BK1206,2026-09-01T00:00:00Z,372773,375063,376171,372581,372892,2171,0.58,93373055,130679064327,3.15,1.19,0.00,0,46321413,47051642,4762431488000,4301274368000,-2240099328,11124589824,12359333120,-1234743296,28097647104,29103003136,-1005356032,41772133120,41468092672,304040448,46331703296,44265561088,2066142208,-1.71,-0.94,-0.77,0.23,1.58,0,454,280,162,12,0,0,32.24,0.00,0.00,0.00,,0.00,,0.00,EastMoney,2026-09-01T19:17:05+08:00
BK1207,2026-09-01T00:00:00Z,798083,809028,811151,797731,797619,11409,1.43,70007111,130231860693,3.41,1.27,0.00,0,36085429,33921682,4459164672000,3789069664000,-461206528,12701493248,13226754048,-525260800,29397901312,29333847040,64054272,42411053824,42476835584,-65781760,42355531776,41567188736,788343040,-0.35,-0.40,0.05,-0.05,0.61,0,361,269,89,3,0,0,132.05,0.00,0.00,0.00,,0.00,,0.00,EastMoney,2026-09-01T19:17:05+08:00
BK1208,2026-09-01T00:00:00Z,370719,370619,372518,369328,369960,659,0.18,15328889,33158687653,1.97,1.21,0.00,0,7301219,8027670,1109439344000,933765984000,-1659273168,4080272432,5156190720,-1075918288,7292667392,7876022272,-583354880,10363355136,9862697472,500657664,10621967360,9453761280,1168206080,-5.00,-3.24,-1.76,1.51,3.52,0,78,53,24,1,0,0,156.64,0.00,0.00,0.00,,0.00,,0.00,EastMoney,2026-09-01T19:17:05+08:00
BK1209,2026-09-01T00:00:00Z,299793,302018,302541,299445,300296,1722,0.57,37019863,26646066590,1.31,1.04,0.00,0,19031788,17988075,1767266016000,1564289776000,-594704688,1950169600,2174371120,-224201520,5291719680,5662222848,-370503168,8132926208,8347250176,-214323968,10543995136,9692093184,851901952,-2.23,-0.84,-1.39,-0.80,3.20,0,158,111,42,5,0,0,15.51,0.00,0.00,0.00,,0.00,,0.00,EastMoney,2026-09-01T19:17:05+08:00
BK1210,2026-09-01T00:00:00Z,246116,248954,249718,245940,246331,2623,1.06,37701603,24431443561,0.84,1.13,0.00,0,20511570,17190034,3245737536000,2826940128000,1321712,2225062048,2216844208,8217840,5141960448,5148856576,-6896128,7385576448,7240636416,144940032,9259583488,9385689088,-126105600,0.01,0.03,-0.03,0.59,-0.52,0,134,107,20,7,0,0,18.83,0.00,0.00,0.00,,0.00,,0.00,EastMoney,2026-09-01T19:17:05+08:00
BK1211,2026-09-01T00:00:00Z,392583,395329,396469,392462,392327,3002,0.77,39677064,58374665974,1.67,1.12,0.00,0,20577886,19099178,4440852736000,3336533552000,1107983104,5069540864,4725527808,344013056,12932890368,12168920320,763970048,18374318080,18305859328,68458752,20776452096,21852367616,-1075915520,1.90,0.59,1.31,0.12,-1.84,0,332,218,101,13,0,0,29.94,0.00,0.00,0.00,,0.00,,0.00,EastMoney,2026-09-01T19:17:05+08:00
BK1212,2026-09-01T00:00:00Z,332852,335826,336319,332852,332595,3231,0.97,27535979,22669988570,3.06,1.30,0.00,0,13283324,14252654,1005411552000,859358640000,181851152,1940179408,1630912816,309266592,4196367472,4323782912,-127415440,6784015104,7077125888,-293110784,8928072960,8792775424,135297536,0.80,1.36,-0.56,-1.29,0.60,0,171,118,52,1,0,0,69.09,0.00,0.00,0.00,,0.00,,0.00,EastMoney,2026-09-01T19:17:05+08:00
BK1213,2026-09-01T00:00:00Z,220711,226549,226944,220693,220228,6321,2.87,32687071,21288650568,2.52,1.46,0.00,0,18597979,14089092,891325472000,835875312000,1725323616,2609488592,1295858032,1313630560,4804568064,4392875008,411693056,6466134528,6875372800,-409238272,7008350720,8314639360,-1306288640,8.10,6.17,1.93,-1.92,-6.14,0,101,89,8,4,0,0,-87.44,0.00,0.00,0.00,,0.00,,0.00,EastMoney,2026-09-01T19:17:05+08:00
BK1214,2026-09-01T00:00:00Z,424398,429626,430410,424274,424405,5221,1.23,15306570,13624025215,3.08,1.16,0.00,0,7957990,7348580,503312160000,442504032000,179005584,903124064,724037808,179086256,2984247968,2984328640,-80672,4383711488,4458349056,-74637568,5017993984,5104769280,-86775296,1.31,1.31,0.00,-0.55,-0.64,0,89,67,17,5,0,0,54.02,0.00,0.00,0.00,,0.00,,0.00,EastMoney,2026-09-01T19:17:05+08:00
BK1215,2026-09-01T00:00:00Z,784480,781833,787541,774040,784642,-2809,-0.36,30772051,151744023217,1.71,0.92,0.00,0,14925273,15846778,7493218560000,4745767424000,-2066383616,25547159808,25683159552,-135999744,36886791168,38817175040,-1930383872,49073742080,51694180352,-2620438272,37440189696,32844730624,4595459072,-1.36,-0.09,-1.27,-1.73,3.03,0,130,59,68,3,0,0,32.10,0.00,0.00,0.00,,0.00,,0.00,EastMoney,2026-09-01T19:17:05+08:00
BK1216,2026-09-01T00:00:00Z,463036,468599,469683,462579,463539,5060,1.09,79283487,112114309754,2.57,0.92,0.00,0,41543459,37740028,6735167488000,5558505984000,2019261952,8433021696,7404924672,1028097024,24155514112,23164349184,991164928,37670794752,37160859904,509934848,39283147520,41697139712,-2413992192,1.80,0.92,0.88,0.45,-2.15,0,510,374,127,9,0,0,45.15,0.00,0.00,0.00,,0.00,,0.00,EastMoney,2026-09-01T19:17:05+08:00
BK1217,2026-09-01T00:00:00Z,1220617,1235102,1240274,1219965,1223098,12004,0.98,5144596,3827938191,2.48,0.95,0.00,0,2638044,2506551,210308669000,199180596000,-15336944,272272752,282826256,-10553504,867808992,872592432,-4783440,1201192560,1184474752,16717808,1423933616,1425314512,-1380896,-0.40,-0.28,-0.12,0.44,-0.04,0,22,17,4,1,0,0,-151.49,0.00,0.00,0.00,,0.00,,0.00,EastMoney,2026-09-01T19:17:05+08:00
BK1218,2026-09-01T00:00:00Z,187173,191627,192481,187173,186580,5047,2.71,5633021,5605853533,1.99,2.11,0.00,0,2666016,2967005,240716309000,224913160000,134949664,674742624,540445056,134297568,1068061344,1067409248,652096,1646973440,1722318144,-75344704,2064185520,2123790464,-59604944,2.41,2.40,0.01,-1.34,-1.06,0,28,26,2,0,0,0,19.74,0.00,0.00,0.00,,0.00,,0.00,EastMoney,2026-09-01T19:17:05+08:00
BK1219,2026-09-01T00:00:00Z,124504,127921,129463,124504,125944,1977,1.57,8048466,4351703495,3.85,2.49,0.00,0,4131947,3916519,129267994000,122223991000,-205017968,417156416,472108352,-54951936,893779648,1043845680,-150066032,1119018816,1096420176,22598640,1410245456,1183878512,226366944,-4.71,-1.26,-3.45,0.52,5.20,0,13,11,1,1,0,0,-57.97,0.00,0.00,0.00,,0.00,,0.00,EastMoney,2026-09-01T19:17:05+08:00
BK1220,2026-09-01T00:00:00Z,474671,489332,492351,474671,475636,13696,2.88,24207469,24618866773,6.74,2.05,0.00,0,12304451,11903018,303627184000,280810608000,39315280,2583838016,2509408496,74429520,5685032192,5720146432,-35114240,7966165504,8198271232,-232105728,7951068928,7758278400,192790528,0.16,0.30,-0.14,-0.94,0.78,0,30,26,4,0,0,0,114.80,0.00,0.00,0.00,,0.00,,0.00,EastMoney,2026-09-01T19:17:05+08:00
BK1221,2026-09-01T00:00:00Z,670033,678433,684489,666002,655727,22706,3.46,8227586,21304687328,10.72,2.60,0.00,0,3722719,4504867,205640425000,176627207000,72204336,4802634240,4025294288,777339952,4818213632,5523349248,-705135616,5728211968,6250157056,-521945088,4966568192,4516827648,449740544,0.34,3.65,-3.31,-2.45,2.11,0,15,13,2,0,0,0,183.18,0.00,0.00,0.00,,0.00,,0.00,EastMoney,2026-09-01T19:17:05+08:00
BK1222,2026-09-01T00:00:00Z,349145,357584,358600,349118,346199,11385,3.29,14118527,9960579324,7.03,2.08,0.00,0,6969220,7149307,172233778000,163385516000,-388652752,1084553600,1150049232,-65495632,2164911536,2488068656,-323157120,3051302080,3071329488,-20027408,3310642000,2901961840,408680160,-3.90,-0.66,-3.24,-0.20,4.10,0,18,15,3,0,0,0,-51.61,0.00,0.00,0.00,,0.00,,0.00,EastMoney,2026-09-01T19:17:05+08:00
BK1223,2026-09-01T00:00:00Z,1521825,1496920,1521825,1484542,1522393,-25473,-1.67,5265300,16284710839,3.89,0.90,0.00,0,2397507,2867793,424584448000,384075584000,-606704304,1215037120,1623281808,-408244688,3288651888,3487111504,-198459616,5340972544,4980674304,360298240,6118141696,5871735296,246406400,-3.73,-2.51,-1.22,2.21,1.51,0,33,7,26,0,0,0,41.85,0.00,0.00,0.00,,0.00,,0.00,EastMoney,2026-09-01T19:17:05+08:00
BK1224,2026-09-01T00:00:00Z,264803,266266,266967,264539,264992,1274,0.48,3960031,2981244783,2.05,1.08,0.00,0,1974153,1985878,192432379000,183981814000,-54788489,105116283,100074740,5041543,481846736,541676768,-59830032,907891376,940803760,-32912384,1414876128,1323229440,91646688,-1.84,0.17,-2.01,-1.10,3.07,0,33,22,10,1,0,0,21.37,0.00,0.00,0.00,,0.00,,0.00,EastMoney,2026-09-01T19:17:05+08:00
BK1225,2026-09-01T00:00:00Z,245836,248029,248663,245400,245685,2344,0.95,7894577,6588729473,1.94,1.17,0.00,0,4030489,3864089,325718352000,294216448000,4224384,352336656,313861840,38474816,1273212944,1307463376,-34250432,1987173520,2076596416,-89422896,2833054992,2738446352,94608640,0.06,0.58,-0.52,-1.36,1.44,0,61,43,18,0,0,0,37.60,0.00,0.00,0.00,,0.00,,0.00,EastMoney,2026-09-01T19:17:05+08:00
BK1226,2026-09-01T00:00:00Z,75574,76482,76790,75517,75623,859,1.14,13222528,3751249857,0.86,0.99,0.00,0,7569164,5653364,515782416000,470496128000,101558016,660156976,498189952,161967024,835695984,896104992,-60409008,959808176,1108994688,-149186512,1244889776,1197261264,47628512,2.71,4.32,-1.61,-3.98,1.27,0,24,23,0,1,0,0,-190.04,0.00,0.00,0.00,,0.00,,0.00,EastMoney,2026-09-01T19:17:05+08:00
BK1227,2026-09-01T00:00:00Z,204784,206606,207112,204744,204458,2148,1.05,2432180,1826915440,1.04,0.95,0.00,0,1253861,1178320,172782911000,169300629000,97816909,131815007,96010002,35805005,416344368,354332464,62011904,591120048,604693728,-13573680,658945184,743188416,-84243232,5.35,1.96,3.39,-0.74,-4.61,0,12,8,4,0,0,0,22.69,0.00,0.00,0.00,,0.00,,0.00,EastMoney,2026-09-01T19:17:05+08:00
BK1228,2026-09-01T00:00:00Z,385919,383671,389589,383240,385071,-1400,-0.36,3009409,3562360495,1.49,1.34,0.00,0,1483595,1525814,190127393000,148077123000,701009349,346421280,134416667,212004613,858515008,369510272,489004736,1008967552,646489104,362478448,1228582112,2292069920,-1063487808,19.68,5.95,13.73,10.18,-29.85,0,10,6,3,1,0,0,32.71,0.00,0.00,0.00,,0.00,,0.00,EastMoney,2026-09-01T19:17:05+08:00
BK1229,2026-09-01T00:00:00Z,357566,368687,371556,356704,358288,10399,2.90,3057053,5528744497,3.39,1.63,0.00,0,1480700,1576353,136927562000,132736494000,618053409,729382752,260272767,469109985,1225325984,1076382560,148943424,1845679232,1922558048,-76878816,1659955344,2201129936,-541174592,11.18,8.48,2.69,-1.39,-9.79,0,12,11,1,0,0,0,276.33,0.00,0.00,0.00,,0.00,,0.00,EastMoney,2026-09-01T19:17:05+08:00
BK1230,2026-09-01T00:00:00Z,498076,500114,502113,495745,500100,14,0.00,2158341,5832752893,1.64,1.18,0.00,0,1092813,1065528,537861568000,374543712000,19696352,885825328,955137744,-69312416,1618723568,1529714800,89008768,1659633072,1719692784,-60059712,1583040528,1542677168,40363360,0.34,-1.19,1.53,-1.03,0.69,0,10,8,2,0,0,0,24.95,0.00,0.00,0.00,,0.00,,0.00,EastMoney,2026-09-01T19:17:05+08:00
BK1231,2026-09-01T00:00:00Z,417106,419430,422100,415829,417319,2111,0.51,5517193,15624279004,1.55,1.12,0.00,0,2806288,2710905,1137492192000,924977456000,454332432,1598389680,1330080096,268309584,3754920464,3568897616,186022848,5024788480,4980948992,43839488,4993604864,5471396096,-477791232,2.91,1.72,1.19,0.28,-3.06,0,49,26,23,0,0,0,74.69,0.00,0.00,0.00,,0.00,,0.00,EastMoney,2026-09-01T19:17:05+08:00
BK1232,2026-09-01T00:00:00Z,463206,464835,467859,461154,464575,260,0.06,1167304,2997905377,1.17,1.01,0.00,0,502071,665233,340078544000,266739144000,-274261033,138556827,252425348,-113868521,518404896,678797408,-160392512,997797792,968826848,28970944,1299743600,1054453520,245290080,-9.15,-3.80,-5.35,0.97,8.18,0,9,3,6,0,0,0,377.33,0.00,0.00,0.00,,0.00,,0.00,EastMoney,2026-09-01T19:17:05+08:00
BK1233,2026-09-01T00:00:00Z,637291,638140,641761,631086,638175,-35,-0.01,5693296,15591033959,1.96,1.00,0.00,0,2822680,2870616,864871904000,788789920000,30535088,1062295680,1145177888,-82882208,3388447216,3275029920,113417296,5177830400,4978134528,199695872,5738524416,5957298688,-218774272,0.20,-0.53,0.73,1.28,-1.40,0,61,26,34,1,0,0,323.60,0.00,0.00,0.00,,0.00,,0.00,EastMoney,2026-09-01T19:17:05+08:00
BK1234,2026-09-01T00:00:00Z,356951,357950,359164,354327,357478,472,0.13,3303423,3702117513,2.82,1.13,0.00,0,1508621,1794802,150045034000,141927114000,-52735972,155199822,245604818,-90404996,729612448,691943424,37669024,1240031216,1117541680,122489536,1513401888,1580245040,-66843152,-1.42,-2.44,1.02,3.31,-1.81,0,26,14,12,0,0,0,96.87,0.00,0.00,0.00,,0.00,,0.00,EastMoney,2026-09-01T19:17:05+08:00
BK1235,2026-09-01T00:00:00Z,243601,245072,245620,243401,243740,1332,0.55,13243776,12070457594,1.56,1.06,0.00,0,6713323,6530453,700640576000,621384208000,165033136,830822128,829070016,1752112,2581486976,2418205952,163281024,3772581360,3752148464,20432896,4654599168,4822668032,-168068864,1.37,0.01,1.35,0.17,-1.39,0,108,74,31,3,0,0,30.64,0.00,0.00,0.00,,0.00,,0.00,EastMoney,2026-09-01T19:17:05+08:00
BK1236,2026-09-01T00:00:00Z,178075,179793,179969,177759,177946,1847,1.04,4717835,3872721768,0.92,1.14,0.00,0,2680643,2037192,427404608000,362229536000,46584272,447008864,406671120,40337744,872733856,866487328,6246528,1171491072,1156342848,15148224,1316914960,1370783888,-53868928,1.20,1.04,0.16,0.39,-1.39,0,31,22,9,0,0,0,19.98,0.00,0.00,0.00,,0.00,,0.00,EastMoney,2026-09-01T19:17:05+08:00
BK1237,2026-09-01T00:00:00Z,1109742,1092877,1109742,1087448,1109027,-16150,-1.46,7594530,40072744199,2.53,0.89,0.00,0,3396340,4198190,1548824288000,1181510432000,-533396224,4732616192,5081653248,-349037056,9436622592,9620981760,-184359168,14127138560,14102475520,24663040,10786424064,10311416576,475007488,-1.33,-0.87,-0.46,0.06,1.19,0,95,33,60,2,0,0,91.55,0.00,0.00,0.00,,0.00,,0.00,EastMoney,2026-09-01T19:17:05+08:00
BK1238,2026-09-01T00:00:00Z,795891,807683,810479,795584,794480,13203,1.66,33198807,50505034114,3.86,1.41,0.00,0,17099724,16099083,1365031328000,1184399088000,436989952,5027215872,4655856896,371358976,11215987712,11150356736,65630976,15776025088,16210875136,-434850048,17105331712,17023382528,81949184,0.87,0.74,0.13,-0.86,0.16,0,138,103,33,2,0,0,-185.35,0.00,0.00,0.00,,0.00,,0.00,EastMoney,2026-09-01T19:17:05+08:00
BK1239,2026-09-01T00:00:00Z,324920,327589,328347,323699,324885,2704,0.83,3159200,5015473625,1.20,1.15,0.00,0,1227156,1932044,1158221296000,1007786320000,27309904,582618208,476745728,105872480,1221453264,1300015840,-78562576,1541729392,1576544608,-34815216,1466438864,1458933536,7505328,0.54,2.11,-1.57,-0.69,0.15,0,13,8,3,2,0,0,14.14,0.00,0.00,0.00,,0.00,,0.00,EastMoney,2026-09-01T19:17:05+08:00
BK1240,2026-09-01T00:00:00Z,582254,594678,597478,582254,585112,9566,1.63,1306080,1709371202,2.74,1.19,0.00,0,647179,658901,50850213000,47437467000,-57898314,88781237,101205455,-12424218,332869792,378343888,-45474096,604529008,612428496,-7899488,639526224,573728416,65797808,-3.39,-0.73,-2.66,-0.46,3.85,0,9,7,1,1,0,0,45.15,0.00,0.00,0.00,,0.00,,0.00,EastMoney,2026-09-01T19:17:05+08:00
BK1241,2026-09-01T00:00:00Z,421485,424323,427995,419151,420085,4238,1.01,2891999,3138551335,2.17,1.56,0.00,0,1484110,1407889,147070928000,144506805000,-2297692,284620336,230097692,54522644,641255952,698076288,-56820336,1055916688,983847408,72069280,1096438080,1166209680,-69771600,-0.07,1.74,-1.81,2.30,-2.22,0,9,6,3,0,0,0,23.38,0.00,0.00,0.00,,0.00,,0.00,EastMoney,2026-09-01T19:17:05+08:00
BK1242,2026-09-01T00:00:00Z,520935,520507,522164,516751,520701,-194,-0.04,7107040,7272667678,4.27,1.38,0.00,0,3573510,3533530,349256352000,300737920000,-360989168,488313696,746475536,-258161840,1403806176,1506633504,-102827328,2291239152,2223517536,67721616,2848426928,2563292224,285134704,-4.96,-3.55,-1.41,0.93,3.92,0,35,20,15,0,0,0,39.72,0.00,0.00,0.00,,0.00,,0.00,EastMoney,2026-09-01T19:17:05+08:00
BK1243,2026-09-01T00:00:00Z,117973,118565,120069,117601,117885,680,0.58,319484,221338475,2.21,0.70,0.00,0,175117,144368,10356877000,9311359000,3259757,3330237,2376971,953266,35070940,32764449,2306491,62998213,80653136,-17654923,117767965,103372798,14395167,1.47,0.43,1.04,-7.98,6.50,0,3,2,1,0,0,0,64.58,0.00,0.00,0.00,,0.00,,0.00,EastMoney,2026-09-01T19:17:05+08:00
BK1244,2026-09-01T00:00:00Z,215321,216545,217458,214722,215086,1459,0.68,1041050,2952742034,1.10,1.16,0.00,0,534635,506415,200876809000,192061007000,97761816,253444321,200485017,52959304,623562000,578759488,44802512,1006445040,1007321904,-876864,975273488,1073732192,-98458704,3.31,1.79,1.52,-0.03,-3.33,0,24,17,7,0,0,0,24.60,0.00,0.00,0.00,,0.00,,0.00,EastMoney,2026-09-01T19:17:05+08:00
BK1245,2026-09-01T00:00:00Z,292964,292455,294439,291301,292298,157,0.05,1542789,1523620680,1.86,0.91,0.00,0,739269,803520,87707023000,67538930000,17952684,94824476,71927968,22896508,277280496,282224320,-4943824,429227840,468957568,-39729728,678560288,655618832,22941456,1.18,1.50,-0.32,-2.61,1.51,0,15,7,7,1,0,0,83.79,0.00,0.00,0.00,,0.00,,0.00,EastMoney,2026-09-01T19:17:05+08:00
BK1246,2026-09-01T00:00:00Z,189599,191488,191880,188994,190079,1409,0.74,5438866,2360113667,0.91,0.98,0.00,0,2767123,2671743,252920671000,241212377000,155009629,340111200,239239875,100871325,665324352,611186048,54138304,725537488,732283968,-6746480,589573072,737836208,-148263136,6.57,4.27,2.29,-0.29,-6.28,0,8,7,1,0,0,0,9.03,0.00,0.00,0.00,,0.00,,0.00,EastMoney,2026-09-01T19:17:05+08:00
BK1247,2026-09-01T00:00:00Z,216821,219483,219709,216539,216769,2714,1.25,11872888,5293622397,0.86,1.09,0.00,0,6698461,5174427,784116192000,654530256000,-6637920,534165808,484555968,49609840,1178970128,1235217888,-56247760,1555501328,1657540064,-102038736,1887797024,1774820672,112976352,-0.13,0.94,-1.06,-1.93,2.13,0,44,38,5,1,0,0,11.15,0.00,0.00,0.00,,0.00,,0.00,EastMoney,2026-09-01T19:17:05+08:00
BK1248,2026-09-01T00:00:00Z,362839,362654,363916,360805,362781,-127,-0.04,6723196,6466314956,1.23,0.94,0.00,0,3357619,3365578,398473408000,372821792000,-47419392,450852640,461926064,-11073424,1271545472,1307891440,-36345968,1982384832,1985526880,-3142048,2652806912,2590460272,62346640,-0.73,-0.17,-0.56,-0.05,0.96,0,39,23,14,2,0,0,29.87,0.00,0.00,0.00,,0.00,,0.00,EastMoney,2026-09-01T19:17:05+08:00
BK1249,2026-09-01T00:00:00Z,82770,85196,87160,82729,83437,1759,2.11,6129835,2366036004,4.19,1.21,0.00,0,3108388,3021447,59044494000,59011273000,92672357,268300792,146121955,122178837,490640928,520147408,-29506480,655709040,772098816,-116389776,913571504,889854080,23717424,3.92,5.16,-1.25,-4.92,1.00,0,7,5,1,1,0,0,-15.13,0.00,0.00,0.00,,0.00,,0.00,EastMoney,2026-09-01T19:17:05+08:00
BK1250,2026-09-01T00:00:00Z,207934,206390,215009,205794,210196,-3806,-1.81,20379938,20457939429,2.10,1.47,0.00,0,9629476,10750463,2384254752000,1889265264000,-894635488,1929982272,2281655840,-351673568,4473088512,5016050432,-542961920,6226929408,6387696384,-160766976,7483467776,6428065536,1055402240,-4.37,-1.72,-2.65,-0.79,5.16,0,27,3,23,1,0,0,18.31,0.00,0.00,0.00,,0.00,,0.00,EastMoney,2026-09-01T19:17:05+08:00
BK1251,2026-09-01T00:00:00Z,62477,63129,63244,62394,62543,586,0.94,533871,760410205,1.29,0.95,0.00,0,278909,254962,73012656000,60806445000,-13523630,12783321,21931940,-9148619,110435374,114810385,-4375011,252017025,227634419,24382606,375574000,386432976,-10858976,-1.78,-1.20,-0.58,3.21,-1.43,0,13,9,3,1,0,0,27.18,0.00,0.00,0.00,,0.00,,0.00,EastMoney,2026-09-01T19:17:05+08:00
BK1252,2026-09-01T00:00:00Z,187446,190217,190797,187446,187354,2863,1.53,1215223,2448210810,1.99,1.03,0.00,0,624537,590686,123698055000,108253963000,44681614,146725709,141058559,5667150,564561184,525546720,39014464,786979696,757901424,29078272,825256416,903467168,-78210752,1.83,0.23,1.59,1.19,-3.19,0,16,13,2,1,0,0,28.30,0.00,0.00,0.00,,0.00,,0.00,EastMoney,2026-09-01T19:17:05+08:00
BK1253,2026-09-01T00:00:00Z,101591,102752,102917,101252,101854,898,0.88,84313,388911859,0.50,0.86,0.00,0,42915,41398,65419660000,47696837000,6923358,14630080,12509129,2120951,85915013,81112606,4802407,135530638,127704463,7826175,112859995,113676951,-816956,1.78,0.55,1.23,2.01,-0.21,0,4,3,0,1,0,0,51.25,0.00,0.00,0.00,,0.00,,0.00,EastMoney,2026-09-01T19:17:05+08:00
BK1254,2026-09-01T00:00:00Z,438471,453587,455002,438009,438930,14657,3.34,949591,955538893,1.89,1.89,0.00,0,539461,410131,59071337000,53366797000,71977568,51669196,35424324,16244872,195090568,139357872,55732696,323950384,299495904,24454480,346691840,417107424,-70415584,7.53,1.70,5.83,2.56,-7.37,0,12,12,0,0,0,0,44.18,0.00,0.00,0.00,,0.00,,0.00,EastMoney,2026-09-01T19:17:05+08:00
BK1255,2026-09-01T00:00:00Z,495306,502585,509984,495306,480603,21982,4.57,3193001,2280022218,12.34,1.33,0.00,0,1622097,1570904,21635439000,21329228000,173528366,272724304,151876386,120847918,458897120,406216672,52680448,672961904,734704592,-61742688,798749456,910535120,-111785664,7.61,5.30,2.31,-2.71,-4.90,0,4,4,0,0,0,0,-53.94,0.00,0.00,0.00,,0.00,,0.00,EastMoney,2026-09-01T19:17:05+08:00
BK1256,2026-09-01T00:00:00Z,238069,246392,248359,238069,238803,7589,3.18,7065614,7479668876,4.68,0.90,0.00,0,3469686,3595927,305821728000,155952645000,534576832,1284119904,731877488,552242416,1644018560,1661684144,-17665584,2173625776,2278603248,-104977472,2047289216,2441918784,-394629568,7.15,7.38,-0.24,-1.40,-5.28,0,28,21,6,1,0,0,50.27,0.00,0.00,0.00,,0.00,,0.00,EastMoney,2026-09-01T19:17:05+08:00
BK1257,2026-09-01T00:00:00Z,228511,243424,250812,228321,229342,14082,6.14,947257,467315943,4.85,1.89,0.00,0,568318,378939,10852539000,9596850000,12405935,17625311,38560799,-20935488,119512720,86171297,33341423,143438322,136545018,6893304,133271959,131359373,1912586,2.65,-4.48,7.13,1.48,0.41,0,3,3,0,0,0,0,53.78,0.00,0.00,0.00,,0.00,,0.00,EastMoney,2026-09-01T19:17:05+08:00
BK1258,2026-09-01T00:00:00Z,338327,348967,351509,338327,339015,9952,2.94,5598906,3331982645,3.13,1.62,0.00,0,3209171,2389735,198676096000,184130076000,170195712,328596032,209331776,119264256,722928656,671997200,50931456,993602992,1058327440,-64724448,1231605600,1334571920,-102966320,5.11,3.58,1.53,-1.94,-3.09,0,17,17,0,0,0,0,-37.20,0.00,0.00,0.00,,0.00,,0.00,EastMoney,2026-09-01T19:17:05+08:00
BK1259,2026-09-01T00:00:00Z,397929,406868,409748,397893,399702,7166,1.79,7781342,7376704475,2.42,1.28,0.00,0,4272963,3508379,520743072000,385754192000,11844000,816838240,746776832,70061408,1617415408,1675632816,-58217408,2385818064,2344889600,40928464,2418686976,2471459440,-52772464,0.16,0.95,-0.79,0.55,-0.72,0,22,19,3,0,0,0,-43.34,0.00,0.00,0.00,,0.00,,0.00,EastMoney,2026-09-01T19:17:05+08:00
BK1260,2026-09-01T00:00:00Z,100340,103553,104155,100340,100802,2751,2.73,2707584,1224468136,6.01,1.69,0.00,0,1540566,1167018,19161148000,18896894000,83947182,53594333,42580566,11013767,291828640,218895225,72933415,384420064,382206928,2213136,470515696,556676000,-86160304,6.86,0.90,5.96,0.18,-7.04,0,7,6,1,0,0,0,-21.23,0.00,0.00,0.00,,0.00,,0.00,EastMoney,2026-09-01T19:17:05+08:00
BK1261,2026-09-01T00:00:00Z,279011,304071,307388,279011,279282,24789,8.88,18808710,15587614529,9.91,1.23,0.00,0,9541068,9267642,168721237000,161425283000,1818005024,3395414960,1544510752,1850904208,3485086448,3517985632,-32899184,4078490960,4689272064,-610781104,3546916768,4640932096,-1094015328,11.66,11.87,-0.21,-3.92,-7.02,0,21,21,0,0,0,0,123.73,0.00,0.00,0.00,,0.00,,0.00,EastMoney,2026-09-01T19:17:05+08:00
BK1262,2026-09-01T00:00:00Z,350430,354555,355921,350371,350570,3985,1.14,2907522,5104667433,0.61,1.02,0.00,0,1535237,1372285,1311027360000,742820656000,-15773552,597102816,554081296,43021520,1304631536,1363426608,-58795072,1587841920,1629595360,-41753440,1533539888,1476012864,57527024,-0.31,0.84,-1.15,-0.82,1.13,0,9,9,0,0,0,0,39.15,0.00,0.00,0.00,,0.00,,0.00,EastMoney,2026-09-01T19:17:05+08:00
BK1263,2026-09-01T00:00:00Z,381294,381801,382788,380163,380909,892,0.23,901909,2133930353,0.82,0.95,0.00,0,454543,447367,242269473000,202750777000,33393963,87725059,123150632,-35425573,405651456,336831920,68819536,744186368,680650096,63536272,854685264,950867648,-96182384,1.56,-1.66,3.23,2.98,-4.51,0,20,15,4,1,0,0,27.62,0.00,0.00,0.00,,0.00,,0.00,EastMoney,2026-09-01T19:17:05+08:00
BK1264,2026-09-01T00:00:00Z,249882,254482,254958,249882,250135,4347,1.74,3638703,3214346689,1.34,1.10,0.00,0,1872178,1766525,260316253000,253247319000,137862368,295163840,274842304,20321536,745573840,628033008,117540832,989290704,946138416,43152288,1147302976,1328317648,-181014672,4.29,0.63,3.66,1.34,-5.63,0,14,14,0,0,0,0,24.61,0.00,0.00,0.00,,0.00,,0.00,EastMoney,2026-09-01T19:17:05+08:00
BK1265,2026-09-01T00:00:00Z,370134,373291,373815,369778,369519,3772,1.02,6192751,6289463292,2.29,1.19,0.00,0,2988335,3204416,251660776000,210965715000,-170604592,406601312,545228624,-138627312,1198439024,1230416304,-31977280,1892915872,1862971904,29943968,2548354928,2383410048,164944880,-2.71,-2.20,-0.51,0.48,2.62,0,47,33,14,0,0,0,53.68,0.00,0.00,0.00,,0.00,,0.00,EastMoney,2026-09-01T19:17:05+08:00
BK1266,2026-09-01T00:00:00Z,329820,334094,335973,329659,328766,5328,1.62,2462761,2763533781,3.20,1.73,0.00,0,1275303,1187458,111310427000,98794462000,6229070,152768726,139255528,13513198,499129600,506413728,-7284128,891131136,892780288,-1649152,1160743552,1165323488,-4579936,0.23,0.49,-0.26,-0.06,-0.17,0,21,19,2,0,0,0,63.47,0.00,0.00,0.00,,0.00,,0.00,EastMoney,2026-09-01T19:17:05+08:00
BK1267,2026-09-01T00:00:00Z,249852,253289,253795,249780,250673,2616,1.04,11211597,5449710874,4.22,1.43,0.00,0,5757810,5453787,169258331000,159054983000,411306640,853231040,436013760,417217280,1096110736,1102021376,-5910640,1510231552,1805382736,-295151184,1819603456,1949529936,-129926480,7.55,7.66,-0.11,-5.42,-2.38,0,26,19,6,1,0,0,-144.81,0.00,0.00,0.00,,0.00,,0.00,EastMoney,2026-09-01T19:17:05+08:00
BK1268,2026-09-01T00:00:00Z,277797,284589,286671,277792,277538,7051,2.54,3729370,4423016827,2.22,1.39,0.00,0,1991769,1737601,121692419000,99282270000,253497136,396024688,271433568,124591120,1009489632,880583616,128906016,1348888352,1429991184,-81102832,1571222400,1733820000,-162597600,5.73,2.82,2.91,-1.83,-3.68,0,18,15,3,0,0,0,41.26,0.00,0.00,0.00,,0.00,,0.00,EastMoney,2026-09-01T19:17:05+08:00
BK1269,2026-09-01T00:00:00Z,592918,614754,624445,591908,591514,23240,3.93,867955,1701090327,2.26,2.15,0.00,0,501678,366277,120325176000,113619244000,148753563,220933941,162868458,58065483,511263136,420575056,90688080,544037712,574436480,-30398768,402702512,521057296,-118354784,8.74,3.41,5.33,-1.79,-6.96,0,2,2,0,0,0,0,35.68,0.00,0.00,0.00,,0.00,,0.00,EastMoney,2026-09-01T19:17:05+08:00
BK1270,2026-09-01T00:00:00Z,132261,134742,134797,132167,131697,3045,2.31,1334603,1312034298,2.79,1.73,0.00,0,737329,597274,46728602000,44964852000,-14737740,57103113,65541477,-8438364,297473312,303772688,-6299376,428722400,441343664,-12621264,499225600,471866608,27358992,-1.12,-0.64,-0.48,-0.96,2.09,0,7,7,0,0,0,0,152.38,0.00,0.00,0.00,,0.00,,0.00,EastMoney,2026-09-01T19:17:05+08:00
BK1271,2026-09-01T00:00:00Z,225981,230595,232237,225667,225500,5095,2.26,2356400,1942803751,4.17,1.54,0.00,0,1211752,1144648,57810744000,55442934000,166891185,257959342,109827485,148131857,387494880,368735552,18759328,592710848,610100800,-17389952,681157568,830658816,-149501248,8.59,7.62,0.97,-0.90,-7.70,0,10,8,1,1,0,0,34.70,0.00,0.00,0.00,,0.00,,0.00,EastMoney,2026-09-01T19:17:05+08:00
BK1272,2026-09-01T00:00:00Z,304787,310311,311840,304787,304197,6114,2.01,4944479,4402447802,3.38,1.12,0.00,0,2627745,2316734,138041725000,122368180000,36628891,288836000,225137541,63698459,940847248,967916816,-27069568,1472912832,1503230400,-30317568,1577066672,1583378000,-6311328,0.83,1.45,-0.61,-0.69,-0.14,0,27,26,1,0,0,0,77.26,0.00,0.00,0.00,,0.00,,0.00,EastMoney,2026-09-01T19:17:05+08:00
BK1273,2026-09-01T00:00:00Z,84913,87016,87201,84737,85164,1852,2.17,469153,362305185,2.20,1.46,0.00,0,257725,211428,16453063000,15966300000,-11260950,23054676,26554910,-3500234,70159910,77920626,-7760716,96628051,103129542,-6501491,168087459,150325019,17762440,-3.11,-0.97,-2.14,-1.79,4.90,0,3,3,0,0,0,0,-40.23,0.00,0.00,0.00,,0.00,,0.00,EastMoney,2026-09-01T19:17:05+08:00
BK1274,2026-09-01T00:00:00Z,362453,362087,366357,361272,361860,227,0.06,12093875,12411289356,0.39,1.10,0.00,0,6135824,5958050,3413742544000,3003167328000,-161733840,1150996880,1400803600,-249806720,2919473856,2831400976,88072880,3798704768,3813706320,-15001552,4381085440,4204349984,176735456,-1.30,-2.01,0.71,-0.12,1.42,0,30,15,11,4,0,0,14.12,0.00,0.00,0.00,,0.00,,0.00,EastMoney,2026-09-01T19:17:05+08:00
BK1275,2026-09-01T00:00:00Z,197977,197802,200173,197377,197442,360,0.18,4902959,3955348898,1.21,1.01,0.00,0,2398863,2504096,240811175000,198592503000,-214541313,221924431,312736672,-90812241,827773712,951502784,-123729072,1116240704,1220229728,-103989024,1603761408,1302509296,301252112,-5.42,-2.30,-3.13,-2.63,7.62,0,14,8,4,2,0,0,22.63,0.00,0.00,0.00,,0.00,,0.00,EastMoney,2026-09-01T19:17:05+08:00
BK1276,2026-09-01T00:00:00Z,356671,356406,361468,355762,356063,343,0.10,2138127,2107140638,1.30,0.90,0.00,0,888368,1249759,1705178464000,166201602000,-62702291,191647804,241231407,-49583603,483635040,496753728,-13118688,671870816,664371856,7498960,728597408,673394080,55203328,-2.98,-2.35,-0.62,0.36,2.62,0,5,3,2,0,0,0,12.16,0.00,0.00,0.00,,0.00,,0.00,EastMoney,2026-09-01T19:17:05+08:00
BK1277,2026-09-01T00:00:00Z,422729,435620,440443,422540,423495,12125,2.86,2303470,12678673394,1.31,1.57,0.00,0,1328075,975396,2441257504000,2434924128000,811506928,1850033584,1490378784,359654800,3679828048,3227975920,451852128,4619999232,4873761792,-253762560,2348234768,2905979040,-557744272,6.40,2.84,3.56,-2.00,-4.40,0,20,20,0,0,0,0,20.35,0.00,0.00,0.00,,0.00,,0.00,EastMoney,2026-09-01T19:17:05+08:00
BK1278,2026-09-01T00:00:00Z,477496,485024,485882,477295,477229,7795,1.63,3833818,4986957662,2.35,1.14,0.00,0,1899463,1934355,340699552000,328226144000,-24448816,432022256,356516288,75505968,995033856,1094988640,-99954784,1597523888,1559734336,37789552,1844869584,1841331936,3537648,-0.49,1.51,-2.00,0.76,0.07,0,15,13,2,0,0,0,27.08,0.00,0.00,0.00,,0.00,,0.00,EastMoney,2026-09-01T19:17:05+08:00
BK1279,2026-09-01T00:00:00Z,199441,202285,202533,199148,199350,2935,1.47,1401066,1953497578,1.10,1.17,0.00,0,722930,678136,209465386000,165518529000,20772258,66359615,51625117,14734498,354106800,348069040,6037760,680008880,641244176,38764704,819594080,879131056,-59536976,1.06,0.75,0.31,1.98,-3.05,0,18,14,2,2,0,0,21.41,0.00,0.00,0.00,,0.00,,0.00,EastMoney,2026-09-01T19:17:05+08:00
BK1280,2026-09-01T00:00:00Z,431119,439420,440747,430548,430860,8560,1.99,4179691,3744123549,2.54,0.90,0.00,0,2088780,2090911,227093795000,205997703000,22256805,156185021,196447384,-40262363,742055184,679536016,62519168,1280591840,1213176928,67414912,1435167504,1495804896,-60637392,0.59,-1.08,1.67,1.80,-1.62,0,27,23,4,0,0,0,34.86,0.00,0.00,0.00,,0.00,,0.00,EastMoney,2026-09-01T19:17:05+08:00
BK1281,2026-09-01T00:00:00Z,208387,211288,212729,208387,208301,2987,1.43,3378606,3546406628,3.69,1.57,0.00,0,1772085,1606520,156515557000,143668373000,-70487521,169575407,288747040,-119171633,715313264,666629152,48684112,1172275008,1068671408,103603600,1406930208,1440046288,-33116080,-1.99,-3.36,1.37,2.92,-0.93,0,23,21,1,1,0,0,22.61,0.00,0.00,0.00,,0.00,,0.00,EastMoney,2026-09-01T19:17:05+08:00
BK1282,2026-09-01T00:00:00Z,230194,236299,238618,229756,229525,6774,2.95,5002720,7528446387,2.30,1.27,0.00,0,2634273,2368447,440067184000,427112816000,319992032,690370864,437871728,252499136,1602428416,1534935520,67492896,2400475632,2426793648,-26318016,2649657392,2921550944,-271893552,4.25,3.35,0.90,-0.35,-3.61,0,27,24,2,1,0,0,23.93,0.00,0.00,0.00,,0.00,,0.00,EastMoney,2026-09-01T19:17:05+08:00
BK1283,2026-09-01T00:00:00Z,429033,439169,439399,428727,429941,9228,2.15,58243261,43088487035,0.44,1.43,0.00,0,35789740,22453521,16311689728000,10659731200000,540546560,8996529920,8054117888,942412032,10603991296,11005856768,-401865472,12306182144,12232939520,73242624,10632527872,11246317312,-613789440,1.25,2.19,-0.93,0.17,-1.42,0,42,41,1,0,0,0,7.39,0.00,0.00,0.00,,0.00,,0.00,EastMoney,2026-09-01T19:17:05+08:00
BK1287,2026-09-01T00:00:00Z,344981,344036,347828,343333,343040,996,0.29,32891594,45250999208,2.09,0.82,0.00,0,15851811,17039783,3088759248000,2427747856000,-264204288,6209919232,6494674944,-284755712,10891759104,10871207680,20551424,13481843456,13368902656,112940800,13881001728,13724323072,156678656,-0.58,-0.63,0.05,0.25,0.35,0,58,32,22,4,0,0,13.98,0.00,0.00,0.00,,0.00,,0.00,EastMoney,2026-09-01T19:17:05+08:00
BK1288,2026-09-01T00:00:00Z,581812,571436,581812,569208,582504,-11068,-1.90,3452175,9112632247,2.34,0.94,0.00,0,1534501,1917674,403815760000,335626800000,-333162480,476826096,667327216,-190501120,1585334640,1727996000,-142661360,2957929520,2966888928,-8959408,3891609792,3560265600,331344192,-3.66,-2.09,-1.57,-0.10,3.64,0,36,7,29,0,0,0,65.93,0.00,0.00,0.00,,0.00,,0.00,EastMoney,2026-09-01T19:17:05+08:00
BK1289,2026-09-01T00:00:00Z,167090,171281,172057,167090,166672,4609,2.77,3562098,3858836061,2.36,2.25,0.00,0,1619037,1943061,123285334000,112758939000,99378656,549903936,436112256,113791680,725215376,739628400,-14413024,1122255584,1144754640,-22499056,1349103968,1425983552,-76879584,2.58,2.95,-0.37,-0.58,-1.99,0,18,17,1,0,0,0,35.28,0.00,0.00,0.00,,0.00,,0.00,EastMoney,2026-09-01T19:17:05+08:00
BK1290,2026-09-01T00:00:00Z,205702,210123,211362,205702,204802,5321,2.60,2070923,1747017472,1.58,1.90,0.00,0,1046979,1023944,117430975000,112154221000,35571015,124838681,104332802,20505879,342845968,327780832,15065136,524717856,577563520,-52845664,715081552,697806912,17274640,2.04,1.17,0.86,-3.02,0.99,0,10,9,1,0,0,0,13.49,0.00,0.00,0.00,,0.00,,0.00,EastMoney,2026-09-01T19:17:05+08:00
BK1291,2026-09-01T00:00:00Z,124504,127921,129463,124504,125944,1977,1.57,8048466,4351703495,3.85,2.49,0.00,0,4131947,3916519,129267994000,122223991000,-205017968,417156416,472108352,-54951936,893779648,1043845680,-150066032,1119018816,1096420176,22598640,1410245456,1183878512,226366944,-4.71,-1.26,-3.45,0.52,5.20,0,13,11,1,1,0,0,-57.97,0.00,0.00,0.00,,0.00,,0.00,EastMoney,2026-09-01T19:17:05+08:00
BK1292,2026-09-01T00:00:00Z,227494,232432,233375,227494,228449,3983,1.74,1602668,793150918,1.02,1.24,0.00,0,748956,853713,79627905000,79106644000,26178845,115939523,112556041,3383482,186118305,163322942,22795363,227946469,247947370,-20000901,253527950,259705894,-6177944,3.30,0.43,2.87,-2.52,-0.78,0,3,2,1,0,0,0,26.10,0.00,0.00,0.00,,0.00,,0.00,EastMoney,2026-09-01T19:17:05+08:00
BK1293,2026-09-01T00:00:00Z,453238,467698,470738,453238,454051,13647,3.01,22604801,23825715855,11.19,2.15,0.00,0,11555495,11049306,223999285000,201703957000,13136272,2467898480,2396852448,71046032,5498913792,5556823552,-57909760,7738219008,7950323968,-212104960,7697541120,7498572544,198968576,0.06,0.30,-0.24,-0.89,0.84,0,27,24,3,0,0,0,-551.02,0.00,0.00,0.00,,0.00,,0.00,EastMoney,2026-09-01T19:17:05+08:00
BK1294,2026-09-01T00:00:00Z,302556,309536,312574,302556,303756,5780,1.90,2475615,8507436718,5.88,1.98,0.00,0,1306144,1169471,113060994000,104492672000,-187139264,1217257440,1160712640,56544800,2176031952,2419716016,-243684064,2610384064,2797704400,-187320336,2298754672,1924295072,374459600,-2.20,0.66,-2.86,-2.20,4.40,0,9,8,1,0,0,0,115.62,0.00,0.00,0.00,,0.00,,0.00,EastMoney,2026-09-01T19:17:05+08:00
BK1295,2026-09-01T00:00:00Z,95274,93974,95510,91019,94650,-676,-0.71,1141238,1476609407,16.94,1.80,0.00,0,533347,607891,10579541000,9776869000,-27667717,98449756,87988609,10461147,272659632,310788496,-38128864,518115472,494624608,23490864,559442288,555265456,4176832,-1.87,0.71,-2.58,1.59,0.28,0,2,1,1,0,0,0,-98.88,0.00,0.00,0.00,,0.00,,0.00,EastMoney,2026-09-01T19:17:05+08:00
BK1296,2026-09-01T00:00:00Z,98522,98522,98522,95380,82086,16436,20.02,1373763,2793793895,13.45,6.48,0.00,0,308598,1065165,38125290000,20822245000,365824688,1653914144,969167728,684746416,328639152,647560880,-318921728,237822028,514243872,-276421844,142514544,231917400,-89402856,13.09,24.51,-11.42,-9.89,-3.20,0,1,1,0,0,0,0,57.29,0.00,0.00,0.00,,0.00,,0.00,EastMoney,2026-09-01T19:17:05+08:00
BK1297,2026-09-01T00:00:00Z,290113,297543,304635,290113,290450,7093,2.44,533248,944326498,7.89,2.03,0.00,0,261510,271738,12344174000,11913499000,52401639,43247389,28780741,14466648,211166487,173231496,37934991,341748288,335116720,6631568,332285824,391319040,-59033216,5.55,1.53,4.02,0.70,-6.25,0,1,1,0,0,0,0,87.94,0.00,0.00,0.00,,0.00,,0.00,EastMoney,2026-09-01T19:17:05+08:00
BK1298,2026-09-01T00:00:00Z,299507,297726,305792,291126,278535,19191,6.89,2703722,7582520807,24.58,3.37,0.00,0,1313120,1390602,31530424000,29621921000,-131215040,1789765568,1778644576,11120992,1829716448,1972052480,-142336032,2020142048,2108467360,-88325312,1633570912,1414030560,219540352,-1.73,0.15,-1.88,-1.16,2.90,0,2,2,0,0,0,0,-56.91,0.00,0.00,0.00,,0.00,,0.00,EastMoney,2026-09-01T19:17:05+08:00
BK1299,2026-09-01T00:00:00Z,362752,371666,372296,362715,357894,13772,3.85,13028551,8861748601,7.83,2.15,0.00,0,6426369,6602182,135752993000,127231648000,-405189808,975142128,1060451600,-85309472,1933686064,2253566400,-319880336,2687812720,2680657088,7155632,2938195456,2540161280,398034176,-4.57,-0.96,-3.61,0.08,4.49,0,14,11,3,0,0,0,-48.47,0.00,0.00,0.00,,0.00,,0.00,EastMoney,2026-09-01T19:17:05+08:00
BK1300,2026-09-01T00:00:00Z,58381,59707,60142,58381,58923,784,1.33,1089976,1098830722,3.15,1.49,0.00,0,542851,547125,36480784000,36153868000,16537049,109411468,89597633,19813835,231225475,234502261,-3276786,363489360,390672384,-27183024,372446528,361800560,10645968,1.50,1.80,-0.30,-2.47,0.97,0,4,4,0,0,0,0,-68.00,0.00,0.00,0.00,,0.00,,0.00,EastMoney,2026-09-01T19:17:05+08:00
BK1301,2026-09-01T00:00:00Z,133251,134981,135756,133236,132262,2719,2.06,10829654,10427718132,3.28,1.70,0.00,0,5434630,5395024,421433568000,383914720000,-118512800,1092811424,1076096624,16714800,2387848592,2523076192,-135227600,3410421712,3318243168,92178544,3356062016,3329727760,26334256,-1.14,0.16,-1.30,0.88,0.25,0,24,18,6,0,0,0,22.56,0.00,0.00,0.00,,0.00,,0.00,EastMoney,2026-09-01T19:17:05+08:00
BK1302,2026-09-01T00:00:00Z,1093011,1078890,1094558,1076584,1092244,-13354,-1.22,6280578,15543373738,1.99,0.83,0.00,0,2670335,3610243,798779600000,697424576000,-1435702848,956680656,1812537280,-855856624,2911290624,3491136848,-579846224,5122136064,4677123328,445012736,6207773952,5230645504,977128448,-9.24,-5.51,-3.73,2.86,6.29,0,44,11,33,0,0,0,28.45,0.00,0.00,0.00,,0.00,,0.00,EastMoney,2026-09-01T19:17:05+08:00
BK1303,2026-09-01T00:00:00Z,1766341,1757934,1768469,1741339,1766934,-9000,-0.51,7575651,27966025334,3.29,1.12,0.00,0,3619556,3956095,2300211568000,2103926208000,-1544268880,3005963776,4094162256,-1088198480,6725966592,7182036992,-456070400,8888652800,8393040640,495612160,8743844608,7668407808,1075436800,-5.52,-3.89,-1.63,1.77,3.85,0,33,13,20,0,0,0,22.65,0.00,0.00,0.00,,0.00,,0.00,EastMoney,2026-09-01T19:17:05+08:00
BK1304,2026-09-01T00:00:00Z,2182157,2179674,2187868,2150416,2183018,-3344,-0.15,1120364,3328889101,2.11,0.88,0.00,0,492379,627985,159687836000,140052976000,-105242712,177100211,223416763,-46316552,664812512,723738672,-58926160,1122968592,1033146720,89821872,1236373184,1202523328,33849856,-3.16,-1.39,-1.77,2.70,1.02,0,19,8,10,1,0,0,84.23,0.00,0.00,0.00,,0.00,,0.00,EastMoney,2026-09-01T19:17:05+08:00
BK1305,2026-09-01T00:00:00Z,25631,25968,26291,25631,25778,190,0.74,28021,49689056,1.43,1.08,0.00,0,13441,14579,4259823000,3467389000,-189123,0,3478349,-3478349,7095149,3805923,3289226,16938658,16859966,78692,24835075,24724643,110432,-0.38,-7.00,6.62,0.16,0.22,0,1,1,0,0,0,0,-6.96,0.00,0.00,0.00,,0.00,,0.00,EastMoney,2026-09-01T19:17:05+08:00
BK1306,2026-09-01T00:00:00Z,225398,226965,227761,224857,225550,1415,0.63,1815599,2666831134,3.85,1.20,0.00,0,963622,851977,76335180000,72480802000,18435771,167656946,155740615,11916331,594826880,588307440,6519440,883440080,897792576,-14352496,967338864,970627840,-3288976,0.69,0.45,0.24,-0.54,-0.12,0,10,6,4,0,0,0,-56.46,0.00,0.00,0.00,,0.00,,0.00,EastMoney,2026-09-01T19:17:05+08:00
BK1307,2026-09-01T00:00:00Z,235888,235086,236142,233141,235660,-574,-0.24,2112296,3793971364,1.84,0.77,0.00,0,922151,1190145,236039535000,201993976000,-112846322,168794750,274835808,-106041058,667320896,674126160,-6805264,1211064240,1201809680,9254560,1669146320,1564299040,104847280,-2.97,-2.79,-0.18,0.24,2.76,0,27,13,12,2,0,0,60.63,0.00,0.00,0.00,,0.00,,0.00,EastMoney,2026-09-01T19:17:05+08:00
BK1308,2026-09-01T00:00:00Z,256693,259032,260279,255957,256797,2235,0.87,1503635,1988790703,2.17,1.18,0.00,0,809920,693715,87719557000,75332110000,46382603,102764271,74388692,28375579,365080688,347073664,18007024,655819120,661203056,-5383936,827401392,859764960,-32363568,2.33,1.43,0.91,-0.27,-1.63,0,14,11,3,0,0,0,40.16,0.00,0.00,0.00,,0.00,,0.00,EastMoney,2026-09-01T19:17:05+08:00
BK1309,2026-09-01T00:00:00Z,651438,651788,653759,645355,651588,200,0.03,3095316,5013416586,1.47,1.16,0.00,0,1542668,1552648,459119168000,442327856000,-68787664,272283024,335597792,-63314768,1030514256,1035987152,-5472896,1578047264,1623599872,-45552608,2031899568,1897748528,134151040,-1.37,-1.26,-0.11,-0.91,2.68,0,30,12,17,1,0,0,29.44,0.00,0.00,0.00,,0.00,,0.00,EastMoney,2026-09-01T19:17:05+08:00
BK1310,2026-09-01T00:00:00Z,349009,348803,349821,346556,348621,182,0.05,2501399,3364646829,1.94,0.89,0.00,0,1157059,1344340,209944277000,179597901000,-31700730,105844355,104788813,1055542,601679616,634435888,-32756272,1134165856,1068207104,65958752,1429103376,1462149184,-33045808,-0.94,0.03,-0.97,1.96,-0.98,0,28,14,13,1,0,0,24.79,0.00,0.00,0.00,,0.00,,0.00,EastMoney,2026-09-01T19:17:05+08:00
BK1311,2026-09-01T00:00:00Z,393944,394910,396739,392498,393830,1080,0.27,4537382,8916744012,1.85,0.88,0.00,0,2196573,2340809,507410192000,462170112000,-220552032,746441088,927969168,-181528080,1832204544,1871228496,-39023952,2918859984,2952447664,-33587680,3242552016,2978607504,263944512,-2.47,-2.04,-0.44,-0.38,2.96,0,31,19,12,0,0,0,35.19,0.00,0.00,0.00,,0.00,,0.00,EastMoney,2026-09-01T19:17:05+08:00
BK1312,2026-09-01T00:00:00Z,370260,371604,373046,369739,370622,982,0.26,10603266,13995416999,3.70,0.87,0.00,0,4902264,5701002,353135520000,320551568000,-744252560,1123484352,1390065488,-266581136,2485560800,2963232224,-477671424,4383852032,4418647296,-34795264,5630058752,4844462592,785596160,-5.32,-1.90,-3.41,-0.25,5.61,0,40,22,17,1,0,0,58.49,0.00,0.00,0.00,,0.00,,0.00,EastMoney,2026-09-01T19:17:05+08:00
BK1313,2026-09-01T00:00:00Z,190001,189410,190655,188802,190035,-625,-0.33,2621126,4048758249,1.82,1.03,0.00,0,1224251,1396875,215470686000,150073066000,-79710296,135724748,156308468,-20583720,696981008,756107584,-59126576,1287703232,1297677584,-9974352,1853263760,1766337584,86926176,-1.97,-0.51,-1.46,-0.25,2.15,0,26,12,13,1,0,0,105.43,0.00,0.00,0.00,,0.00,,0.00,EastMoney,2026-09-01T19:17:05+08:00
BK1314,2026-09-01T00:00:00Z,135644,135059,136629,134856,135847,-788,-0.58,1675417,2236465399,1.82,1.03,0.00,0,723745,951672,138843976000,121987573000,-199529974,206661290,332043264,-125381974,478840992,552988992,-74148000,698972432,665464560,33507872,820340496,654318400,166022096,-8.92,-5.61,-3.32,1.50,7.42,0,5,1,4,0,0,0,50.79,0.00,0.00,0.00,,0.00,,0.00,EastMoney,2026-09-01T19:17:05+08:00
BK1315,2026-09-01T00:00:00Z,222945,223812,224513,221893,222807,1005,0.45,6921246,4445627083,1.86,0.92,0.00,0,3530327,3390919,289565776000,272695328000,-170399508,169030332,263489264,-94458932,896716800,972657376,-75940576,1487827360,1402742304,85085056,1809936800,1704185104,105751696,-3.83,-2.12,-1.71,1.91,2.38,0,22,11,10,1,0,0,-11.07,0.00,0.00,0.00,,0.00,,0.00,EastMoney,2026-09-01T19:17:05+08:00
BK1316,2026-09-01T00:00:00Z,232044,230909,232082,229630,232377,-1468,-0.63,1681388,4393179684,1.66,1.16,0.00,0,774514,906874,174613092000,156936615000,261950911,280174208,239983681,40190527,852271792,630511408,221760384,1442596560,1107407600,335188960,1720249344,2307349344,-587100000,5.96,0.91,5.05,7.63,-13.36,0,19,7,9,3,0,0,-374.13,0.00,0.00,0.00,,0.00,,0.00,EastMoney,2026-09-01T19:17:05+08:00
BK1317,2026-09-01T00:00:00Z,678383,669061,678383,664563,679700,-10639,-1.57,886826,4466031893,2.07,0.91,0.00,0,409414,477412,217431683000,172547689000,-418771255,194206601,396543744,-202337143,736768176,953202288,-216434112,1460503200,1560887600,-100384400,1981377152,1443628672,537748480,-9.38,-4.53,-4.85,-2.25,12.04,0,11,3,8,0,0,0,65.27,0.00,0.00,0.00,,0.00,,0.00,EastMoney,2026-09-01T19:17:05+08:00
BK1318,2026-09-01T00:00:00Z,1014010,1025789,1031819,1007980,1015711,10078,0.99,1112747,1328611865,0.92,1.01,0.00,0,624856,487891,144680827000,144680736000,146843359,239326892,118347533,120979359,318634576,292770576,25864000,371972464,440754336,-68781872,369589680,447651168,-78061488,11.05,9.11,1.95,-5.18,-5.88,0,2,1,0,1,0,0,-8.39,0.00,0.00,0.00,,0.00,,0.00,EastMoney,2026-09-01T19:17:05+08:00
BK1319,2026-09-01T00:00:00Z,196918,197624,198779,196197,197809,-185,-0.09,1441087,1266110520,1.57,0.61,0.00,0,715366,725722,92980393000,92150207000,46062554,162761310,105843284,56918026,288858864,299714336,-10855472,353922960,405137248,-51214288,428844944,423693216,5151728,3.64,4.50,-0.86,-4.05,0.41,0,5,3,2,0,0,0,-7.67,0.00,0.00,0.00,,0.00,,0.00,EastMoney,2026-09-01T19:17:05+08:00
BK1320,2026-09-01T00:00:00Z,1377448,1354595,1379262,1347858,1381186,-26591,-1.93,1279254,9232033840,2.72,0.85,0.00,0,582041,697213,384846272000,323888912000,-1124181216,732986672,1293614928,-560628256,1970105616,2533658576,-563552960,3190593008,2738096768,452496240,3187172848,2515487872,671684976,-12.18,-6.07,-6.10,4.90,7.28,0,10,2,8,0,0,0,23.56,0.00,0.00,0.00,,0.00,,0.00,EastMoney,2026-09-01T19:17:05+08:00
BK1321,2026-09-01T00:00:00Z,146697,147625,148170,145828,146805,820,0.56,620219,749933321,2.03,1.39,0.00,0,293850,326368,26695954000,24808886000,43021364,49964037,14682208,35281829,149292501,141552966,7739535,236298888,271427008,-35128120,300786144,308679376,-7893232,5.74,4.70,1.03,-4.68,-1.05,0,4,2,1,1,0,0,140.56,0.00,0.00,0.00,,0.00,,0.00,EastMoney,2026-09-01T19:17:05+08:00
BK1322,2026-09-01T00:00:00Z,910091,892798,910145,886652,906798,-14000,-1.54,3660536,13461245551,2.59,0.96,0.00,0,1767000,1893535,437223040000,362412480000,181665824,1404410272,1379355680,25054592,2976968528,2820357296,156611232,4195861392,4140395856,55465536,4626739712,4858752512,-232012800,1.35,0.19,1.16,0.41,-1.72,0,29,9,20,0,0,0,95.18,0.00,0.00,0.00,,0.00,,0.00,EastMoney,2026-09-01T19:17:05+08:00
BK1323,2026-09-01T00:00:00Z,118094,117944,118385,117586,118940,-996,-0.84,775437,1195405037,0.52,0.96,0.00,0,343110,432328,190924559000,141238067000,-117573792,161427449,274947168,-113519719,258528084,262582157,-4054073,357428816,316396016,41032800,396754160,320213168,76540992,-9.84,-9.50,-0.34,3.43,6.40,0,2,1,1,0,0,0,31.87,0.00,0.00,0.00,,0.00,,0.00,EastMoney,2026-09-01T19:17:05+08:00
BK1325,2026-09-01T00:00:00Z,1339348,1282538,1339656,1279232,1338576,-56038,-4.19,3846723,24844828582,3.58,0.76,0.00,0,1745288,2101435,1005960736000,580293152000,-1642613152,1963871712,2689986944,-726115232,5250135808,6166633728,-916497920,9432801024,9174272512,258528512,7719177472,6402156288,1317021184,-6.61,-2.92,-3.69,1.04,5.30,0,31,1,29,1,0,0,405.68,0.00,0.00,0.00,,0.00,,0.00,EastMoney,2026-09-01T19:17:05+08:00
BK1326,2026-09-01T00:00:00Z,5154264,4966405,5159804,4958165,5146972,-180567,-3.51,2224462,39191691927,2.60,1.02,0.00,0,1058279,1166183,2127558864000,1956884176000,-507144192,5409980928,5588579328,-178598400,10857489408,11186035200,-328545792,17267570176,16389838592,877731584,5230830848,5601418752,-370587904,-1.29,-0.46,-0.84,2.24,-0.95,0,25,2,23,0,0,0,111.52,0.00,0.00,0.00,,0.00,,0.00,EastMoney,2026-09-01T19:17:05+08:00
BK1327,2026-09-01T00:00:00Z,1611028,1560614,1611227,1555054,1607613,-46999,-2.92,3197785,20421124275,3.74,0.81,0.00,0,1311328,1886457,588240352000,568109408000,-769780096,2794726272,3216559616,-421833344,7059148800,7407095552,-347946752,5971823872,6187718656,-215894784,4310056192,3324381632,985674560,-3.77,-2.07,-1.70,-1.06,4.83,0,18,0,18,0,0,0,-95.98,0.00,0.00,0.00,,0.00,,0.00,EastMoney,2026-09-01T19:17:05+08:00
BK1328,2026-09-01T00:00:00Z,869466,849034,869466,843341,866915,-17881,-2.06,4393105,16583873623,4.13,0.87,0.00,0,1829193,2563912,420687568000,405066736000,-1856418672,1262258128,2374793824,-1112535696,3167373280,3911256256,-743882976,5350238208,4945943040,404295168,6528948992,5074533888,1454415104,-11.19,-6.71,-4.49,2.44,8.77,0,13,2,11,0,0,0,64.85,0.00,0.00,0.00,,0.00,,0.00,EastMoney,2026-09-01T19:17:05+08:00
BK1329,2026-09-01T00:00:00Z,389086,378306,389086,377699,389385,-11079,-2.85,2241522,12060426263,1.80,0.83,0.00,0,1066659,1174863,2081810736000,608825440000,-173638976,1553027280,1790056496,-237029216,3206598896,3143208656,63390240,4511804160,4504788480,7015680,2625983008,2459359680,166623328,-1.44,-1.97,0.53,0.06,1.38,0,9,0,8,1,0,0,140.51,0.00,0.00,0.00,,0.00,,0.00,EastMoney,2026-09-01T19:17:05+08:00
BK1330,2026-09-01T00:00:00Z,685909,670703,687432,668409,686556,-15853,-2.31,2471326,14166627729,2.57,0.97,0.00,0,1113948,1357378,638289408000,543604032000,361742192,1055932512,1106774208,-50841696,3303670352,2891086464,412583888,5094566400,5102469120,-7902720,4517275136,4871114496,-353839360,2.55,-0.36,2.91,-0.06,-2.50,0,36,5,31,0,0,0,369.85,0.00,0.00,0.00,,0.00,,0.00,EastMoney,2026-09-01T19:17:05+08:00
BK1331,2026-09-01T00:00:00Z,2581226,2538375,2588213,2524718,2584655,-46280,-1.79,8472535,94495486761,3.12,0.95,0.00,0,3851674,4620861,7896663296000,3495032784000,-7515291136,15808634368,21994528000,-6185893632,28355119104,29684516608,-1329397504,30446785536,27553026560,2893758976,17961805312,13362749184,4599056128,-7.95,-6.55,-1.41,3.06,4.87,0,54,9,45,0,0,0,54.89,0.00,0.00,0.00,,0.00,,0.00,EastMoney,2026-09-01T19:17:05+08:00
BK1332,2026-09-01T00:00:00Z,338554,325170,338554,322686,338364,-13194,-3.90,6930456,29490019953,4.58,0.90,0.00,0,2910694,4019762,711752368000,590953264000,-1285524240,2544011392,3319429520,-775418128,6547628288,7057734400,-510106112,9926262272,9671439360,254822912,9957300224,8951555328,1005744896,-4.36,-2.63,-1.73,0.86,3.41,0,37,2,34,1,0,0,104.92,0.00,0.00,0.00,,0.00,,0.00,EastMoney,2026-09-01T19:17:05+08:00
BK1333,2026-09-01T00:00:00Z,743606,744228,747047,735875,743165,1063,0.14,5443207,5868010022,2.57,0.92,0.00,0,2503420,2939787,253389423000,218098157000,-195167744,277984016,450851872,-172867856,1242894960,1265194848,-22299888,1894995776,1755188928,139806848,2357572688,2302211792,55360896,-3.33,-2.95,-0.38,2.38,0.94,0,30,16,12,2,0,0,-141.72,0.00,0.00,0.00,,0.00,,0.00,EastMoney,2026-09-01T19:17:05+08:00
BK1334,2026-09-01T00:00:00Z,1631205,1595712,1633257,1587386,1630582,-34870,-2.14,3952140,14851729727,3.86,1.13,0.00,0,2007403,1944737,420485264000,364447488000,48909120,1860576736,1883308112,-22731376,3528071488,3456430992,71640496,4727044864,4686756096,40288768,4328295936,4483156224,-154860288,0.33,-0.15,0.48,0.27,-1.04,0,27,5,22,0,0,0,244.14,0.00,0.00,0.00,,0.00,,0.00,EastMoney,2026-09-01T19:17:05+08:00
BK1335,2026-09-01T00:00:00Z,339841,338889,340890,335987,339595,-706,-0.21,22916511,16792297456,2.33,0.97,0.00,0,9880394,13036117,866261312000,615880656000,-839078048,2238641472,2938931680,-700290208,3522201840,3660989680,-138787840,5086342656,4724776960,361565696,5588844544,5103435520,485409024,-5.00,-4.17,-0.83,2.15,2.89,0,42,17,22,3,0,0,79.04,0.00,0.00,0.00,,0.00,,0.00,EastMoney,2026-09-01T19:17:05+08:00
BK1336,2026-09-01T00:00:00Z,1521825,1496920,1521825,1484542,1522393,-25473,-1.67,5265300,16284710839,3.88,0.90,0.00,0,2397507,2867793,424584448000,384075584000,-606704304,1215037120,1623281808,-408244688,3288651888,3487111504,-198459616,5340972544,4980674304,360298240,6118141696,5871735296,246406400,-3.73,-2.51,-1.22,2.21,1.51,0,33,7,26,0,0,0,41.85,0.00,0.00,0.00,,0.00,,0.00,EastMoney,2026-09-01T19:17:05+08:00
BK1337,2026-09-01T00:00:00Z,271096,273830,275350,270486,271227,2603,0.96,1217558,3799377765,2.90,1.37,0.00,0,620030,597528,277118912000,196700909000,61076629,248904483,217016798,31887685,876623984,847435040,29188944,1268303504,1229859728,38443776,1330355280,1437414416,-107059136,1.61,0.84,0.77,1.01,-2.82,0,11,8,3,0,0,0,28.77,0.00,0.00,0.00,,0.00,,0.00,EastMoney,2026-09-01T19:17:05+08:00
BK1338,2026-09-01T00:00:00Z,1392439,1384998,1392439,1366380,1393798,-8800,-0.63,17512480,50750461077,2.24,0.97,0.00,0,8081800,9430680,3189880448000,2949524880000,-2930975744,4916014848,6917675520,-2001660672,10911195904,11840510976,-929315072,15891662592,15344944896,546717696,17962637056,15558085888,2404551168,-5.78,-3.94,-1.83,1.08,4.74,0,88,36,52,0,0,0,35.58,0.00,0.00,0.00,,0.00,,0.00,EastMoney,2026-09-01T19:17:05+08:00
BK1339,2026-09-01T00:00:00Z,1301419,1253484,1303975,1247773,1288239,-34755,-2.70,5588986,24616657946,6.19,1.07,0.00,0,2367501,3221485,517402960000,481127120000,-961398352,2751083248,3046096960,-295013712,5298828288,5965212928,-666384640,7979394048,7774400768,204993280,7990996992,7243521792,747475200,-3.91,-1.20,-2.71,0.83,3.04,0,19,4,15,0,0,0,60.01,0.00,0.00,0.00,,0.00,,0.00,EastMoney,2026-09-01T19:17:05+08:00
BK1340,2026-09-01T00:00:00Z,1234915,1194683,1234915,1184224,1237111,-42428,-3.43,12353334,76689155376,4.40,0.98,0.00,0,5581947,6771387,2663730992000,2255483008000,-6036077568,9822866432,13360572416,-3537705984,17030186752,19528558336,-2498371584,24366717696,22981372928,1385344768,24207430400,19553993472,4653436928,-7.87,-4.61,-3.26,1.81,6.07,0,48,4,44,0,0,0,67.37,0.00,0.00,0.00,,0.00,,0.00,EastMoney,2026-09-01T19:17:05+08:00
BK1341,2026-09-01T00:00:00Z,144472,148126,149494,143097,143285,4841,3.38,10394078,3157101984,18.02,3.37,0.00,0,5145601,5248477,19685519000,19610222000,-169246992,634793280,693408160,-58614880,612660832,723292944,-110632112,798145376,792805696,5339680,861719664,697812352,163907312,-5.36,-1.86,-3.50,0.17,5.19,0,3,2,1,0,0,0,-36.42,0.00,0.00,0.00,,0.00,,0.00,EastMoney,2026-09-01T19:17:05+08:00
BK1342,2026-09-01T00:00:00Z,139339,143146,144669,138197,140862,2284,1.62,243291,91138811,2.85,1.19,0.00,0,141040,102251,4158839000,3209012000,-3061668,3535648,4687281,-1151633,10363380,12273415,-1910035,25504150,30740039,-5235889,49100174,40802616,8297558,-3.36,-1.26,-2.10,-5.74,9.10,0,1,1,0,0,0,0,60.93,0.00,0.00,0.00,,0.00,,0.00,EastMoney,2026-09-01T19:17:05+08:00
BK1343,2026-09-01T00:00:00Z,176919,179838,180643,176607,179440,398,0.22,2423620,1756124469,2.65,1.58,0.00,0,1176038,1247582,41345237000,37421070000,-121929218,89578418,181150580,-91572162,357955664,388312720,-30357056,582930784,528864960,54065824,615923792,548060384,67863408,-6.94,-5.21,-1.73,3.08,3.86,0,11,7,4,0,0,0,-7.88,0.00,0.00,0.00,,0.00,,0.00,EastMoney,2026-09-01T19:17:05+08:00
BK1344,2026-09-01T00:00:00Z,229624,232003,232880,229293,230439,1564,0.68,1609132,1085628546,1.02,0.89,0.00,0,832315,776817,126693686000,121780261000,19896363,88104751,83198893,4905858,251979035,236988530,14990505,346457680,333516240,12941440,360444432,393282240,-32837808,1.83,0.45,1.38,1.19,-3.02,0,14,9,3,2,0,0,-7.10,0.00,0.00,0.00,,0.00,,0.00,EastMoney,2026-09-01T19:17:05+08:00
BK1345,2026-09-01T00:00:00Z,122808,123789,124467,122776,123576,213,0.17,4928773,2344283690,1.39,1.17,0.00,0,2284652,2644121,194149531000,182399696000,-62523613,221580167,235298068,-13717901,509620496,558426208,-48805712,717426880,677080704,40346176,805087824,782910400,22177424,-2.67,-0.59,-2.08,1.72,0.95,0,12,7,5,0,0,0,-9.43,0.00,0.00,0.00,,0.00,,0.00,EastMoney,2026-09-01T19:17:05+08:00
BK1346,2026-09-01T00:00:00Z,189543,191548,193488,189543,192028,-480,-0.25,36897082,15272800908,2.59,1.16,0.00,0,17377829,19519252,549766224000,519348080000,-256411344,1301731248,1538944992,-237213744,3351263824,3370461424,-19197600,4574144256,4450891776,123252480,5414251520,5281092608,133158912,-1.68,-1.55,-0.13,0.81,0.87,0,64,35,25,4,0,0,-3.60,0.00,0.00,0.00,,0.00,,0.00,EastMoney,2026-09-01T19:17:05+08:00
BK1347,2026-09-01T00:00:00Z,39243,39443,40349,39137,39231,212,0.54,25600,86553801,0.22,1.13,0.00,0,11583,14016,39129510000,39129510000,753375,0,1010190,-1010190,11063901,9300336,1763565,31594602,40881370,-9286768,43322292,34788899,8533393,0.87,-1.17,2.04,-10.73,9.86,0,1,1,0,0,0,0,15.72,0.00,0.00,0.00,,0.00,,0.00,EastMoney,2026-09-01T19:17:05+08:00
BK1348,2026-09-01T00:00:00Z,311470,316404,317176,309970,314428,1976,0.63,451655,595757355,2.61,1.14,0.00,0,211817,239839,25483851000,23331582000,-6178478,16914984,12793630,4121354,98520673,108820505,-10299832,178439073,156082731,22356342,276344912,288576976,-12232064,-1.04,0.69,-1.73,3.75,-2.05,0,4,2,2,0,0,0,24.73,0.00,0.00,0.00,,0.00,,0.00,EastMoney,2026-09-01T19:17:05+08:00
BK1349,2026-09-01T00:00:00Z,262646,265056,265811,262442,262592,2464,0.94,1275116,851308519,1.86,0.99,0.00,0,624941,650175,47370401000,46817096000,-19313981,45091341,36721705,8369636,150509045,178192662,-27683617,240249492,268443136,-28193644,401425200,353917584,47507616,-2.27,0.98,-3.25,-3.31,5.58,0,9,7,2,0,0,0,16.98,0.00,0.00,0.00,,0.00,,0.00,EastMoney,2026-09-01T19:17:05+08:00
BK1350,2026-09-01T00:00:00Z,198406,198855,199964,198045,198177,678,0.34,1855331,1174390077,2.55,1.13,0.00,0,955885,899446,63777540000,58032550000,-26835293,35393473,48436537,-13043064,183002653,196794882,-13792229,368563440,379820560,-11257120,559986448,521894048,38092400,-2.29,-1.11,-1.17,-0.96,3.24,0,15,10,4,1,0,0,31.13,0.00,0.00,0.00,,0.00,,0.00,EastMoney,2026-09-01T19:17:05+08:00
BK1351,2026-09-01T00:00:00Z,158646,158558,160215,157697,158861,-303,-0.19,352328,273235030,1.51,1.03,0.00,0,169928,182401,16671075000,16671075000,-3214111,7716485,1112678,6603807,38750467,48568385,-9817918,89044760,95575970,-6531210,133797260,124051938,9745322,-1.18,2.42,-3.59,-2.39,3.57,0,4,2,2,0,0,0,25.76,0.00,0.00,0.00,,0.00,,0.00,EastMoney,2026-09-01T19:17:05+08:00
BK1352,2026-09-01T00:00:00Z,214411,216893,217352,213869,214127,2766,1.29,5285615,3932422672,1.60,1.28,0.00,0,2768973,2516642,234672016000,211679083000,31134877,213247681,150470452,62777229,707514064,739156416,-31642352,1180750608,1262793808,-82043200,1758960240,1708051904,50908336,0.79,1.60,-0.80,-2.09,1.29,0,39,31,8,0,0,0,34.46,0.00,0.00,0.00,,0.00,,0.00,EastMoney,2026-09-01T19:17:05+08:00
BK1353,2026-09-01T00:00:00Z,418069,424956,425744,418069,418066,6890,1.65,401591,365205673,1.60,1.10,0.00,0,221641,179950,31894156000,28276016000,13171096,11129365,2249861,8879504,59986172,55694580,4291592,104145580,108088059,-3942479,174881514,174699996,181518,3.61,2.43,1.18,-1.08,0.05,0,7,6,1,0,0,0,20.27,0.00,0.00,0.00,,0.00,,0.00,EastMoney,2026-09-01T19:17:05+08:00
BK1354,2026-09-01T00:00:00Z,70789,70496,71157,70365,70902,-406,-0.57,1125755,1579648818,3.48,0.94,0.00,0,498596,627158,42100642000,38162737000,-28823157,99665750,116038747,-16372997,339158800,351608960,-12450160,501731632,495474736,6256896,597179696,574613424,22566272,-1.82,-1.04,-0.79,0.40,1.43,0,11,4,7,0,0,0,7331.68,0.00,0.00,0.00,,0.00,,0.00,EastMoney,2026-09-01T19:17:05+08:00
BK1355,2026-09-01T00:00:00Z,302907,304605,307153,301138,302655,1950,0.64,1081617,711452309,5.63,1.04,0.00,0,541279,540339,17051538000,16098611000,-11258414,28293866,45102787,-16808921,166553913,161003406,5550507,200545700,210239803,-9694103,302033552,281081024,20952528,-1.58,-2.36,0.78,-1.36,2.95,0,4,2,2,0,0,0,62.05,0.00,0.00,0.00,,0.00,,0.00,EastMoney,2026-09-01T19:17:05+08:00
BK1356,2026-09-01T00:00:00Z,53382,54164,54258,53382,53516,648,1.21,166145,42548571,1.07,0.77,0.00,0,96911,69234,4809712000,4789787000,3474190,3940000,0,3940000,12840575,13306385,-465810,16040880,16376787,-335907,9052638,12190920,-3138282,8.17,9.26,-1.09,-0.79,-7.38,0,2,1,1,0,0,0,-21.74,0.00,0.00,0.00,,0.00,,0.00,EastMoney,2026-09-01T19:17:05+08:00
BK1357,2026-09-01T00:00:00Z,190917,194944,197206,190708,191516,3428,1.79,5836154,4504802408,5.60,0.99,0.00,0,2897071,2939083,106895585000,100134921000,191802000,478568800,330332864,148235936,925867520,882301456,43566064,1323054304,1423048768,-99994464,1602295360,1694102880,-91807520,4.26,3.29,0.97,-2.22,-2.04,0,16,10,5,1,0,0,23.33,0.00,0.00,0.00,,0.00,,0.00,EastMoney,2026-09-01T19:17:05+08:00
BK1358,2026-09-01T00:00:00Z,136602,141309,142139,136158,136975,4334,3.16,5159272,14900811692,0.68,1.99,0.00,0,3004928,2154344,3000410944000,2059058144000,1221138688,3142307776,2475239632,667068144,4810254848,4256184304,554070544,3778650176,4432691200,-654041024,2994775520,3561873120,-567097600,8.20,4.48,3.72,-4.39,-3.81,0,5,5,0,0,0,0,5.32,0.00,0.00,0.00,,0.00,,0.00,EastMoney,2026-09-01T19:17:05+08:00
BK1359,2026-09-01T00:00:00Z,202967,211040,211319,202544,203169,7871,3.87,4312087,2989128825,1.17,1.04,0.00,0,2417911,1894176,253362385000,253314617000,61191056,484501840,518601344,-34099504,679411136,584120576,95290560,828826064,850691280,-21865216,954720096,994045936,-39325840,2.05,-1.14,3.19,-0.73,-1.32,0,9,9,0,0,0,0,16.56,0.00,0.00,0.00,,0.00,,0.00,EastMoney,2026-09-01T19:17:05+08:00
BK1360,2026-09-01T00:00:00Z,508221,531549,534643,506906,506726,24823,4.90,1566636,2174841953,5.81,1.06,0.00,0,859552,707084,39779882000,35916704000,268341619,398076656,193190189,204886467,581462416,518007264,63455152,637449056,732857200,-95408144,532787488,705720944,-172933456,12.34,9.42,2.92,-4.39,-7.95,0,3,2,1,0,0,0,30.03,0.00,0.00,0.00,,0.00,,0.00,EastMoney,2026-09-01T19:17:05+08:00
BK1361,2026-09-01T00:00:00Z,51371,53154,53812,51248,51553,1601,3.11,839432,1083262665,2.35,1.04,0.00,0,440361,399071,51562960000,47312735000,51028960,36141282,33416283,2724999,238483706,190179745,48303961,397773776,349343328,48430448,394246208,493705616,-99459408,4.71,0.25,4.46,4.47,-9.18,0,4,4,0,0,0,0,23.71,0.00,0.00,0.00,,0.00,,0.00,EastMoney,2026-09-01T19:17:05+08:00
BK1363,2026-09-01T00:00:00Z,192203,196157,196879,192203,192925,3232,1.68,1916043,595796596,1.18,1.24,0.00,0,1154243,761800,70434608000,59321320000,8523311,66393148,61256051,5137097,131533562,128147348,3386214,180971085,184312677,-3341592,212392130,217573849,-5181719,1.43,0.86,0.57,-0.56,-0.87,0,3,3,0,0,0,0,13.63,0.00,0.00,0.00,,0.00,,0.00,EastMoney,2026-09-01T19:17:05+08:00
BK1364,2026-09-01T00:00:00Z,360398,366655,367565,360398,361470,5185,1.43,743138,611188585,2.13,1.25,0.00,0,377134,366004,38864270000,38809467000,-21242289,20081150,18974647,1106503,96188298,118537090,-22348792,181975425,177766773,4208652,298380896,281347264,17033632,-3.48,0.18,-3.66,0.69,2.79,0,4,3,1,0,0,0,25.77,0.00,0.00,0.00,,0.00,,0.00,EastMoney,2026-09-01T19:17:05+08:00
BK1365,2026-09-01T00:00:00Z,290359,298067,299123,289496,290996,7071,2.43,1795120,907264863,1.36,1.73,0.00,0,1047117,748003,76735131000,73108082000,-29010933,95779394,85118633,10660761,162126718,201798412,-39671694,264272939,267444529,-3171590,374259952,342077440,32182512,-3.20,1.18,-4.37,-0.35,3.55,0,3,3,0,0,0,0,8.89,0.00,0.00,0.00,,0.00,,0.00,EastMoney,2026-09-01T19:17:05+08:00
BK1366,2026-09-01T00:00:00Z,14331440,14568445,14602670,14294257,14401852,166593,1.16,31167957,33374577821,1.17,1.07,0.00,0,17091253,14076705,3634342768000,3074280528000,1222006528,5789327104,4612182016,1177145088,8380475648,8335614208,44861440,9684637952,10197958912,-513320960,8950949632,9659635712,-708686080,3.66,3.53,0.13,-1.54,-2.12,0,49,42,4,3,0,0,12.93,0.00,0.00,0.00,,0.00,,0.00,EastMoney,2026-09-01T19:17:05+08:00
BK1367,2026-09-01T00:00:00Z,82607,83579,83932,82550,82741,838,1.01,11902704,3309761837,0.85,1.00,0.00,0,6818137,5084566,472016704000,427053664000,116370272,635848320,447679792,188168528,754926192,826724448,-71798256,825779504,977576528,-151797024,1048252144,1012825376,35426768,3.52,5.69,-2.17,-4.59,1.07,0,18,17,0,1,0,0,-481.35,0.00,0.00,0.00,,0.00,,0.00,EastMoney,2026-09-01T19:17:05+08:00
BK1368,2026-09-01T00:00:00Z,59232,59720,60071,58928,58935,785,1.33,720641,295071310,1.21,1.05,0.00,0,395976,324664,25451566000,25192167000,-13297449,24308653,45328373,-21019720,59888678,52166407,7722271,88184937,80254283,7930654,118452224,113085429,5366795,-4.51,-7.12,2.62,2.69,1.82,0,3,3,0,0,0,0,16.51,0.00,0.00,0.00,,0.00,,0.00,EastMoney,2026-09-01T19:17:05+08:00
BK1369,2026-09-01T00:00:00Z,53012,53931,54210,52896,53045,886,1.67,599184,146416710,0.78,0.86,0.00,0,355051,244133,18314155000,18250296000,-1514807,0,5181789,-5181789,20881112,17214130,3666982,45843741,51163880,-5320139,78185403,71350457,6834946,-1.03,-3.54,2.50,-3.63,4.67,0,3,3,0,0,0,0,-5.59,0.00,0.00,0.00,,0.00,,0.00,EastMoney,2026-09-01T19:17:05+08:00
BK1370,2026-09-01T00:00:00Z,204784,206606,207112,204744,204458,2148,1.05,2432180,1826915440,1.04,0.95,0.00,0,1253861,1178320,172782911000,169300629000,97816909,131815007,96010002,35805005,416344368,354332464,62011904,591120048,604693728,-13573680,658945184,743188416,-84243232,5.35,1.96,3.39,-0.74,-4.61,0,12,8,4,0,0,0,22.69,0.00,0.00,0.00,,0.00,,0.00,EastMoney,2026-09-01T19:17:05+08:00
BK1371,2026-09-01T00:00:00Z,182487,182137,183872,181688,181466,671,0.37,1350564,2783994537,3.28,1.61,0.00,0,677827,672737,101939021000,64246693000,742071706,274281920,43901347,230380573,694494896,182803763,511691133,779670160,414224960,365445200,928570272,2036087184,-1107516912,26.65,8.28,18.38,13.13,-39.78,0,6,5,1,0,0,0,46.42,0.00,0.00,0.00,,0.00,,0.00,EastMoney,2026-09-01T19:17:05+08:00
BK1372,2026-09-01T00:00:00Z,622929,616235,631626,616042,624224,-7989,-1.28,1658845,778365958,1.03,1.18,0.00,0,805767,853077,88188371000,83830429000,-41062372,72139350,90515320,-18375970,164020100,186706502,-22686402,229297399,232264137,-2966738,300011840,255982729,44029111,-5.28,-2.36,-2.91,-0.38,5.66,0,4,1,2,1,0,0,26.51,0.00,0.00,0.00,,0.00,,0.00,EastMoney,2026-09-01T19:17:05+08:00
BK1373,2026-09-01T00:00:00Z,323831,328672,330011,323581,324093,4579,1.41,3514546,2346414860,1.23,1.05,0.00,0,1960823,1553723,206199236000,201256747000,-16215581,166428752,162628893,3799859,449990256,470005696,-20015440,752087056,785342608,-33255552,946170624,896699488,49471136,-0.69,0.16,-0.85,-1.42,2.11,0,15,13,2,0,0,0,23.65,0.00,0.00,0.00,,0.00,,0.00,EastMoney,2026-09-01T19:17:05+08:00
BK1374,2026-09-01T00:00:00Z,198139,200200,200624,197813,198599,1601,0.81,6039542,4649953903,0.89,1.02,0.00,0,2999122,3040420,723687456000,380087808000,-18365952,475533504,438284608,37248896,952433456,1008048304,-55614848,1497626192,1438027872,59598320,1635505104,1676737472,-41232368,-0.39,0.80,-1.20,1.28,-0.89,0,16,10,2,4,0,0,36.78,0.00,0.00,0.00,,0.00,,0.00,EastMoney,2026-09-01T19:17:05+08:00
BK1375,2026-09-01T00:00:00Z,320233,324872,326156,319946,320420,4452,1.39,5313289,2566934151,2.00,1.06,0.00,0,2889211,2424079,123438089000,116313946000,70266658,220418024,167712454,52705570,529794800,512233712,17561088,828140496,842647024,-14506528,951753440,1007513552,-55760112,2.74,2.05,0.68,-0.57,-2.17,0,13,11,2,0,0,0,-118.07,0.00,0.00,0.00,,0.00,,0.00,EastMoney,2026-09-01T19:17:05+08:00
BK1376,2026-09-01T00:00:00Z,61550,61772,62167,61501,61633,139,0.23,2288490,1287763361,0.36,0.90,0.00,0,1160066,1128424,496387968000,365076208000,-256008750,143654731,227197817,-83543086,241231776,413697440,-172465664,422205728,326035328,96170400,466674720,306836368,159838352,-19.88,-6.49,-13.39,7.47,12.41,0,3,2,1,0,0,0,24.47,0.00,0.00,0.00,,0.00,,0.00,EastMoney,2026-09-01T19:17:05+08:00
BK1377,2026-09-01T00:00:00Z,235067,237214,237943,234894,235210,2004,0.85,18239144,10149424769,1.14,0.98,0.00,0,9942364,8296780,1007009328000,857326080000,268698144,1430908224,1094568656,336339568,2085837120,2153478544,-67641424,3102322784,3174110304,-71787520,3358198432,3555109072,-196910640,2.65,3.31,-0.67,-0.71,-1.94,0,34,28,3,3,0,0,14.42,0.00,0.00,0.00,,0.00,,0.00,EastMoney,2026-09-01T19:17:05+08:00
BK1378,2026-09-01T00:00:00Z,147157,149815,149966,147157,147459,2356,1.60,183832,73644036,0.64,0.84,0.00,0,102407,81425,11184713000,9836902000,7120084,1386000,0,1386000,14629568,8895484,5734084,21249769,33450149,-12200380,35447716,30367421,5080295,9.67,1.88,7.79,-16.57,6.90,0,2,2,0,0,0,0,33.49,0.00,0.00,0.00,,0.00,,0.00,EastMoney,2026-09-01T19:17:05+08:00
BK1379,2026-09-01T00:00:00Z,321249,326345,327390,320957,321562,4783,1.49,4464064,4886065398,3.15,0.98,0.00,0,2009412,2454652,132950389000,125975333000,751794400,1160635952,309249984,851385968,923090352,1022681920,-99591568,1322514032,1671691744,-349177712,1424163792,1826780480,-402616688,15.39,17.42,-2.04,-7.15,-8.24,0,18,16,2,0,0,0,50.16,0.00,0.00,0.00,,0.00,,0.00,EastMoney,2026-09-01T19:17:05+08:00
BK1380,2026-09-01T00:00:00Z,388124,393200,393434,388113,388798,4402,1.13,3097725,5359458300,0.46,1.07,0.00,0,1818005,1279721,1234269984000,1170756256000,652759760,1126267424,675596384,450671040,1417292144,1215203424,202088720,1423967632,1717595712,-293628080,1295243632,1654375296,-359131664,12.18,8.41,3.77,-5.48,-6.70,0,11,11,0,0,0,0,19.83,0.00,0.00,0.00,,0.00,,0.00,EastMoney,2026-09-01T19:17:05+08:00
BK1381,2026-09-01T00:00:00Z,195200,196462,198044,195157,194688,1774,0.91,5223201,4867343417,1.95,1.28,0.00,0,2575095,2648106,271167280000,259504950000,-56899856,278975040,286568944,-7593904,916335104,965641056,-49305952,1560888544,1517108800,43779744,1942778560,1924219552,18559008,-1.17,-0.16,-1.01,0.90,0.38,0,31,25,6,0,0,0,21.77,0.00,0.00,0.00,,0.00,,0.00,EastMoney,2026-09-01T19:17:05+08:00
BK1382,2026-09-01T00:00:00Z,357566,368687,371556,356704,358288,10399,2.90,3057053,5528744497,3.39,1.63,0.00,0,1480700,1576353,136927562000,132736494000,618053409,729382752,260272767,469109985,1225325984,1076382560,148943424,1845679232,1922558048,-76878816,1659955344,2201129936,-541174592,11.18,8.48,2.69,-1.39,-9.79,0,12,11,1,0,0,0,276.33,0.00,0.00,0.00,,0.00,,0.00,EastMoney,2026-09-01T19:17:05+08:00
BK1383,2026-09-01T00:00:00Z,498076,500114,502113,495745,500100,14,0.00,2158341,5832752893,1.64,1.18,0.00,0,1092813,1065528,537861568000,374543712000,19696352,885825328,955137744,-69312416,1618723568,1529714800,89008768,1659633072,1719692784,-60059712,1583040528,1542677168,40363360,0.34,-1.19,1.53,-1.03,0.69,0,10,8,2,0,0,0,24.95,0.00,0.00,0.00,,0.00,,0.00,EastMoney,2026-09-01T19:17:05+08:00
BK1384,2026-09-01T00:00:00Z,417106,419430,422100,415829,417319,2111,0.51,5517193,15624279004,1.55,1.12,0.00,0,2806288,2710905,1137492192000,924977456000,454332432,1598389680,1330080096,268309584,3754920464,3568897616,186022848,5024788480,4980948992,43839488,4993604864,5471396096,-477791232,2.91,1.72,1.19,0.28,-3.06,0,49,26,23,0,0,0,74.69,0.00,0.00,0.00,,0.00,,0.00,EastMoney,2026-09-01T19:17:05+08:00
BK1385,2026-09-01T00:00:00Z,463206,464835,467859,461154,464575,260,0.06,1167304,2997905377,1.17,1.01,0.00,0,502071,665233,340078544000,266739144000,-274261033,138556827,252425348,-113868521,518404896,678797408,-160392512,997797792,968826848,28970944,1299743600,1054453520,245290080,-9.15,-3.80,-5.35,0.97,8.18,0,9,3,6,0,0,0,377.33,0.00,0.00,0.00,,0.00,,0.00,EastMoney,2026-09-01T19:17:05+08:00
BK1386,2026-09-01T00:00:00Z,637291,638140,641761,631086,638175,-35,-0.01,5693296,15591033959,1.96,1.00,0.00,0,2822680,2870616,864871904000,788789920000,30535088,1062295680,1145177888,-82882208,3388447216,3275029920,113417296,5177830400,4978134528,199695872,5738524416,5957298688,-218774272,0.20,-0.53,0.73,1.28,-1.40,0,61,26,34,1,0,0,323.60,0.00,0.00,0.00,,0.00,,0.00,EastMoney,2026-09-01T19:17:05+08:00
BK1387,2026-09-01T00:00:00Z,356951,357950,359164,354327,357478,472,0.13,3303423,3702117513,2.82,1.13,0.00,0,1508621,1794802,150045034000,141927114000,-52735972,155199822,245604818,-90404996,729612448,691943424,37669024,1240031216,1117541680,122489536,1513401888,1580245040,-66843152,-1.42,-2.44,1.02,3.31,-1.81,0,26,14,12,0,0,0,96.87,0.00,0.00,0.00,,0.00,,0.00,EastMoney,2026-09-01T19:17:05+08:00
BK1388,2026-09-01T00:00:00Z,315945,322495,323325,315945,318738,3757,1.18,371505,432272667,2.56,1.26,0.00,0,175616,195889,18038112000,16338632000,-732799,7205152,26983819,-19778667,87484649,68438781,19045868,147594078,134235903,13358175,170958615,175222467,-4263852,-0.17,-4.58,4.41,3.09,-0.99,0,7,4,3,0,0,0,-47.90,0.00,0.00,0.00,,0.00,,0.00,EastMoney,2026-09-01T19:17:05+08:00
BK1389,2026-09-01T00:00:00Z,302828,303346,304073,301700,302978,368,0.12,5111871,5540673425,1.63,1.08,0.00,0,2420053,2691817,325357456000,275115200000,19619456,366392896,429340288,-62947392,1177686864,1095120016,82566848,1759976192,1661101216,98874976,2130053728,2239512320,-109458592,0.35,-1.14,1.49,1.78,-1.98,0,35,21,13,1,0,0,22.65,0.00,0.00,0.00,,0.00,,0.00,EastMoney,2026-09-01T19:17:05+08:00
BK1390,2026-09-01T00:00:00Z,203124,204441,204968,202852,203110,1331,0.66,5362839,4385277568,1.26,1.07,0.00,0,2854543,2508296,285132064000,265189266000,14690251,195791870,210544403,-14752533,882370464,852927680,29442784,1416523712,1408141856,8381856,1814132064,1837204160,-23072096,0.33,-0.34,0.67,0.19,-0.53,0,51,39,10,2,0,0,24.43,0.00,0.00,0.00,,0.00,,0.00,EastMoney,2026-09-01T19:17:05+08:00
BK1391,2026-09-01T00:00:00Z,178462,179859,180883,178211,178303,1556,0.87,2397561,1712233934,2.49,1.01,0.00,0,1263111,1134450,72112934000,64741113000,131456215,261432205,162201510,99230695,433944992,401719472,32225520,448487376,548669488,-100182112,539454880,570728992,-31274112,7.68,5.80,1.88,-5.85,-1.83,0,15,10,5,0,0,0,-25.84,0.00,0.00,0.00,,0.00,,0.00,EastMoney,2026-09-01T19:17:05+08:00
BK1392,2026-09-01T00:00:00Z,1550172,1575718,1579232,1548777,1548652,27066,1.75,355956,1104018910,1.16,1.11,0.00,0,176397,179559,195920269000,181652134000,19693088,22711058,35885929,-13174871,185152442,152284483,32867959,382126800,343313504,38813296,445355968,482500848,-37144880,1.78,-1.19,2.98,3.52,-3.36,0,13,8,5,0,0,0,49.24,0.00,0.00,0.00,,0.00,,0.00,EastMoney,2026-09-01T19:17:05+08:00
BK1393,2026-09-01T00:00:00Z,425552,431073,431921,425552,426662,4411,1.03,7733788,7507346939,1.78,1.26,0.00,0,4136358,3597429,556969600000,493441856000,352154800,1147967904,717436848,430531056,1729290064,1807666320,-78376256,2220516464,2518279760,-297763296,2275403200,2319513600,-44110400,4.69,5.73,-1.04,-3.97,-0.59,0,22,19,2,1,0,0,18.92,0.00,0.00,0.00,,0.00,,0.00,EastMoney,2026-09-01T19:17:05+08:00
BK1394,2026-09-01T00:00:00Z,178075,179793,179969,177759,177946,1847,1.04,4717835,3872721768,0.92,1.14,0.00,0,2680643,2037192,427404608000,362229536000,46584272,447008864,406671120,40337744,872733856,866487328,6246528,1171491072,1156342848,15148224,1316914960,1370783888,-53868928,1.20,1.04,0.16,0.39,-1.39,0,31,22,9,0,0,0,19.98,0.00,0.00,0.00,,0.00,,0.00,EastMoney,2026-09-01T19:17:05+08:00
BK1395,2026-09-01T00:00:00Z,188934,186889,188950,185906,189455,-2566,-1.35,2155179,3655210550,2.23,1.03,0.00,0,978458,1176721,136136304000,110749162000,-73139225,115090015,204597864,-89507849,680026320,663657696,16368624,1198455664,1160171520,38284144,1575376080,1535220960,40155120,-2.00,-2.45,0.45,1.05,1.10,0,20,5,13,2,0,0,65.12,0.00,0.00,0.00,,0.00,,0.00,EastMoney,2026-09-01T19:17:05+08:00
BK1396,2026-09-01T00:00:00Z,548744,546828,549534,542786,549151,-2323,-0.42,18257587,21508277709,5.79,1.41,0.00,0,9530037,8727550,778642400000,520173424000,262963760,1750711600,1364294912,386416688,4339548160,4463001088,-123452928,6784785920,6666488320,118297600,7782382848,8190983936,-408601088,1.22,1.80,-0.57,0.55,-1.90,0,82,32,47,3,0,0,79.96,0.00,0.00,0.00,,0.00,,0.00,EastMoney,2026-09-01T19:17:05+08:00
BK1397,2026-09-01T00:00:00Z,901328,888050,901328,881885,899980,-11930,-1.33,2904470,6127278021,5.81,0.97,0.00,0,1391476,1512994,136534242000,118278345000,-67547776,477548608,474501584,3047024,1393561888,1464156688,-70594800,1984172768,1882495152,101677616,2038022848,2077557264,-39534416,-1.10,0.05,-1.15,1.66,-0.65,0,14,4,10,0,0,0,5049.16,0.00,0.00,0.00,,0.00,,0.00,EastMoney,2026-09-01T19:17:05+08:00
BK1398,2026-09-01T00:00:00Z,597720,593882,597720,590349,597234,-3352,-0.56,6606482,12789468321,3.23,0.98,0.00,0,3069324,3537158,437718608000,373630032000,-471814240,1242331680,1372253792,-129922112,2595889776,2937781904,-341892128,3915813312,3750511840,165301472,4515091968,4264784016,250307952,-3.69,-1.02,-2.67,1.29,1.96,0,57,25,32,0,0,0,54.11,0.00,0.00,0.00,,0.00,,0.00,EastMoney,2026-09-01T19:17:05+08:00
BK1400,2026-09-01T00:00:00Z,451632,448427,451632,446027,451606,-3179,-0.70,2426046,6807097193,3.71,0.91,0.00,0,1133509,1292537,182710880000,145006824000,-256265024,498698592,621591664,-122893072,1450394592,1583766544,-133371952,2205188544,2203651936,1536608,2499583712,2240187936,259395776,-3.76,-1.81,-1.96,0.02,3.81,0,20,10,10,0,0,0,66.05,0.00,0.00,0.00,,0.00,,0.00,EastMoney,2026-09-01T19:17:05+08:00
BK1401,2026-09-01T00:00:00Z,357462,358075,358630,354464,359311,-1236,-0.34,1422115,2018460409,2.13,0.89,0.00,0,673013,749102,80514534000,76137993000,40595480,191576089,182098449,9477640,359901984,328784144,31117840,613003216,616290864,-3287648,768394800,820920544,-52525744,2.01,0.47,1.54,-0.16,-2.60,0,14,8,5,1,0,0,65.77,0.00,0.00,0.00,,0.00,,0.00,EastMoney,2026-09-01T19:17:05+08:00
BK1402,2026-09-01T00:00:00Z,234626,236880,237650,234578,234996,1884,0.80,1126966,1252572851,1.59,1.17,0.00,0,578927,548039,79716723000,72319156000,31265281,63732267,54509628,9222639,244166027,222123385,22042642,394521856,385813264,8708592,521697488,556889472,-35191984,2.50,0.74,1.76,0.70,-2.81,0,16,9,7,0,0,0,43.05,0.00,0.00,0.00,,0.00,,0.00,EastMoney,2026-09-01T19:17:05+08:00
BK1403,2026-09-01T00:00:00Z,213401,214011,215064,213042,213544,467,0.22,8234108,9757475516,1.47,1.03,0.00,0,4252335,3981773,538002224000,453010048000,-159155264,579991456,584201088,-4209632,1875093088,2030038720,-154945632,2971781472,3098950032,-127168560,4134759728,3829060272,305699456,-1.63,-0.04,-1.59,-1.30,3.13,0,63,33,28,2,0,0,42.03,0.00,0.00,0.00,,0.00,,0.00,EastMoney,2026-09-01T19:17:05+08:00
BK1404,2026-09-01T00:00:00Z,174199,186487,187790,174199,176343,10144,5.75,1375385,1520315447,3.79,1.44,0.00,0,756480,618905,48722611000,31495091000,44423946,74154669,64115123,10039546,322427840,288043440,34384400,485643936,466713632,18930304,486503680,480285200,6218480,2.92,0.66,2.26,1.25,0.41,0,10,9,1,0,0,0,277.92,0.00,0.00,0.00,,0.00,,0.00,EastMoney,2026-09-01T19:17:05+08:00
BK1405,2026-09-01T00:00:00Z,567581,565250,568069,561413,567067,-1817,-0.32,7857526,25294458932,3.06,1.03,0.00,0,3804436,4053090,879975600000,737096944000,63605744,2200207696,2352220256,-152012560,5569707776,5354089472,215618304,9012541440,8554537472,458003968,7965557760,8409766400,-444208640,0.25,-0.60,0.85,1.81,-1.76,0,91,44,45,2,0,0,77.67,0.00,0.00,0.00,,0.00,,0.00,EastMoney,2026-09-01T19:17:05+08:00
BK1406,2026-09-01T00:00:00Z,234419,237416,237768,233499,234263,3153,1.35,1075447,1214660966,3.45,1.37,0.00,0,542609,532838,50502880000,40263438000,-32775489,30743225,45346678,-14603453,217416974,235589010,-18172036,396942384,386011824,10930560,537562928,509670960,27891968,-2.70,-1.20,-1.50,0.90,2.30,0,12,8,4,0,0,0,10.08,0.00,0.00,0.00,,0.00,,0.00,EastMoney,2026-09-01T19:17:05+08:00
BK1407,2026-09-01T00:00:00Z,580967,575139,580967,571553,580469,-5330,-0.92,2642761,8668970092,1.98,0.83,0.00,0,1204141,1438620,466710640000,413930496000,-39888688,781656688,713350464,68306224,1782522928,1890717840,-108194912,2731367616,2783557536,-52189920,3165396752,3076040448,89356304,-0.46,0.79,-1.25,-0.60,1.03,0,32,14,16,2,0,0,51.94,0.00,0.00,0.00,,0.00,,0.00,EastMoney,2026-09-01T19:17:05+08:00
BK1408,2026-09-01T00:00:00Z,955593,948515,955593,942237,956564,-8049,-0.84,1735703,8999286314,2.35,0.87,0.00,0,785739,949964,460510720000,220765652000,-256878864,1259976432,1339622784,-79646352,2329139200,2506371712,-177232512,3435521808,3434495296,1026512,1789461120,1531600192,257860928,-2.85,-0.89,-1.97,0.01,2.87,0,22,9,13,0,0,0,737.83,0.00,0.00,0.00,,0.00,,0.00,EastMoney,2026-09-01T19:17:05+08:00
BK1409,2026-09-01T00:00:00Z,1925033,1865297,1930862,1858086,1926218,-60921,-3.16,1962550,14870405375,4.80,1.11,0.00,0,883562,1078988,311129056000,298378592000,-280218336,1848790960,2098123232,-249332272,3514810016,3545696080,-30886064,5046303744,4887717888,158585856,4145748464,4024115872,121632592,-1.88,-1.68,-0.21,1.07,0.82,0,11,2,9,0,0,0,74.45,0.00,0.00,0.00,,0.00,,0.00,EastMoney,2026-09-01T19:17:05+08:00
BK1410,2026-09-01T00:00:00Z,709582,694961,709582,691617,708097,-13136,-1.86,1253516,7534082416,2.42,0.77,0.00,0,522897,730618,310473872000,248435698000,43589360,842191984,930556864,-88364880,1810150400,1678196160,131954240,2913945488,2996704624,-82759136,1685817632,1679660160,6157472,0.58,-1.17,1.75,-1.10,0.08,0,30,8,22,0,0,0,99.24,0.00,0.00,0.00,,0.00,,0.00,EastMoney,2026-09-01T19:17:05+08:00
BK1411,2026-09-01T00:00:00Z,203898,201714,203989,199073,204521,-2807,-1.37,981922,5833957795,3.01,0.88,0.00,0,446709,535213,131885799000,122576012000,-362478704,683363424,812527120,-129163696,1322585584,1555900592,-233315008,1856753920,1716431712,140322208,1690335744,1499443744,190892000,-6.21,-2.21,-4.00,2.41,3.27,0,14,4,9,1,0,0,-464.86,0.00,0.00,0.00,,0.00,,0.00,EastMoney,2026-09-01T19:17:05+08:00
BK1412,2026-09-01T00:00:00Z,298972,301992,310800,298972,298972,3020,1.01,606968,735767469,1.23,1.47,0.00,0,313062,293906,59550526000,59423886000,-8523726,61250606,69610515,-8359909,153116613,153280430,-163817,262241032,259971034,2269998,250262813,244009085,6253728,-1.16,-1.14,-0.02,0.31,0.85,0,1,1,0,0,0,0,20.84,0.00,0.00,0.00,,0.00,,0.00,EastMoney,2026-09-01T19:17:05+08:00
BK1413,2026-09-01T00:00:00Z,170662,171021,172131,169967,170689,332,0.19,1510100,1306670806,1.62,0.91,0.00,0,767006,743094,79977138000,65946886000,-18341254,40713934,70419421,-29705487,214521339,203157106,11364233,400555392,419925056,-19369664,625295696,587584768,37710928,-1.40,-2.27,0.87,-1.48,2.89,0,10,5,3,2,0,0,37.17,0.00,0.00,0.00,,0.00,,0.00,EastMoney,2026-09-01T19:17:05+08:00
BK1414,2026-09-01T00:00:00Z,59912,60770,60868,59794,59809,961,1.61,469001,351476792,1.49,0.95,0.00,0,248499,220502,23883676000,20393764000,-23887374,5627887,9218393,-3590506,60002217,80299085,-20296868,115443706,111091219,4352487,167223731,147688843,19534888,-6.80,-1.02,-5.77,1.24,5.56,0,5,4,1,0,0,0,186.37,0.00,0.00,0.00,,0.00,,0.00,EastMoney,2026-09-01T19:17:05+08:00
BK1415,2026-09-01T00:00:00Z,310133,306467,310384,305494,308855,-2388,-0.77,786000,1047121252,1.64,1.02,0.00,0,358546,427454,93148670000,75209799000,-3912505,60602874,60404917,197957,182172004,186282466,-4110462,343647968,298608960,45039008,417322800,452289696,-34966896,-0.37,0.02,-0.39,4.30,-3.34,0,8,2,6,0,0,0,55.52,0.00,0.00,0.00,,0.00,,0.00,EastMoney,2026-09-01T19:17:05+08:00
BK1416,2026-09-01T00:00:00Z,150629,155719,157376,150562,150686,5033,3.34,2026641,1012178467,4.07,1.30,0.00,0,1041054,985587,23909516000,23903470000,23024761,123963964,101389597,22574367,253298666,252848272,450394,279477024,309015440,-29538416,342092064,335578416,6513648,2.27,2.23,0.04,-2.92,0.64,0,3,3,0,0,0,0,47.54,0.00,0.00,0.00,,0.00,,0.00,EastMoney,2026-09-01T19:17:05+08:00
BK1417,2026-09-01T00:00:00Z,102178,102868,104133,102117,102314,554,0.54,1694020,1080979794,2.26,1.18,0.00,0,891900,802120,49888623000,47339862000,11939002,93035519,107113725,-14078206,255949763,229932555,26017208,346061360,348797904,-2736544,376754272,385956736,-9202464,1.10,-1.30,2.41,-0.25,-0.85,0,5,4,1,0,0,0,-222.98,0.00,0.00,0.00,,0.00,,0.00,EastMoney,2026-09-01T19:17:05+08:00
BK1418,2026-09-01T00:00:00Z,221288,221934,224274,221187,220045,1889,0.86,4912749,3232942430,1.79,1.08,0.00,0,2235035,2677714,155859617000,149648809000,-94114496,278667984,271345728,7322256,647598800,749035552,-101436752,942596384,1012881424,-70285040,1316624848,1152225312,164399536,-2.91,0.23,-3.14,-2.17,5.09,0,15,9,4,2,0,0,44.39,0.00,0.00,0.00,,0.00,,0.00,EastMoney,2026-09-01T19:17:05+08:00
BK1419,2026-09-01T00:00:00Z,207211,212042,213964,207211,206929,5113,2.47,5750392,7453053990,3.41,1.29,0.00,0,2928359,2822033,265396172000,263473551000,-202216960,687407376,745128960,-57721584,1650260528,1794755904,-144495376,2434469680,2361691968,72777712,2529604240,2400165008,129439232,-2.71,-0.77,-1.94,0.98,1.74,0,10,8,1,1,0,0,15.29,0.00,0.00,0.00,,0.00,,0.00,EastMoney,2026-09-01T19:17:05+08:00
BK1420,2026-09-01T00:00:00Z,331400,338892,341145,331389,332569,6323,1.90,3917552,5767161555,3.46,1.10,0.00,0,1881308,2036244,184206851000,176985219000,74350848,517375280,441349568,76025712,1254163984,1255838848,-1674864,1878009520,1942705456,-64695936,1940157984,1929413952,10744032,1.29,1.32,-0.03,-1.12,0.19,0,18,11,6,1,0,0,23.91,0.00,0.00,0.00,,0.00,,0.00,EastMoney,2026-09-01T19:17:05+08:00
BK1421,2026-09-01T00:00:00Z,184064,188436,188607,184064,187730,706,0.38,2942359,1219290782,3.75,2.43,0.00,0,2026047,916312,67919186000,60824545000,61591473,146198578,53695451,92503127,239784410,270696064,-30911654,349702992,411658976,-61955984,464824720,464460224,364496,5.05,7.59,-2.54,-5.08,0.03,0,6,4,2,0,0,0,71.38,0.00,0.00,0.00,,0.00,,0.00,EastMoney,2026-09-01T19:17:05+08:00
BK1422,2026-09-01T00:00:00Z,312880,311806,314783,306865,313066,-1260,-0.40,2100766,5321164988,2.88,0.95,0.00,0,999391,1101375,132600056000,110797986000,-263034416,429963104,580815472,-150852368,1122156112,1234338160,-112182048,1706235408,1703925232,2310176,1958564672,1697840416,260724256,-4.94,-2.83,-2.11,0.04,4.90,0,11,6,4,1,0,0,78.07,0.00,0.00,0.00,,0.00,,0.00,EastMoney,2026-09-01T19:17:05+08:00
BK1423,2026-09-01T00:00:00Z,163706,165593,167147,163706,160953,4640,2.88,4893150,5034416905,6.04,1.50,0.00,0,2280713,2612438,102841195000,92391005000,74182592,629096176,533708224,95387952,1107702608,1128907968,-21205360,1569481840,1556501232,12980608,1593964992,1681128192,-87163200,1.47,1.89,-0.42,0.26,-1.73,0,13,12,1,0,0,0,29.26,0.00,0.00,0.00,,0.00,,0.00,EastMoney,2026-09-01T19:17:05+08:00
BK1424,2026-09-01T00:00:00Z,1407321,1382774,1411403,1382187,1412762,-29988,-2.12,3204040,11665649904,3.49,1.02,0.00,0,1359988,1844052,311024304000,291177744000,-1119537808,984815040,1632689456,-647874416,2432432224,2904095616,-471663392,3777834448,3683796016,94038432,4211917680,3186418304,1025499376,-9.60,-5.55,-4.04,0.81,8.79,0,10,4,6,0,0,0,29.94,0.00,0.00,0.00,,0.00,,0.00,EastMoney,2026-09-01T19:17:05+08:00
BK1425,2026-09-01T00:00:00Z,277983,276613,278803,274221,277363,-750,-0.27,518208,886144395,4.79,1.17,0.00,0,236944,281264,19460334000,18745764000,10431690,34065498,28409690,5655808,155497187,150721305,4775882,305387968,284219776,21168192,375859488,407459360,-31599872,1.18,0.64,0.54,2.39,-3.57,0,5,2,3,0,0,0,37.06,0.00,0.00,0.00,,0.00,,0.00,EastMoney,2026-09-01T19:17:05+08:00
BK1426,2026-09-01T00:00:00Z,349378,352663,354085,348481,348266,4397,1.26,3174987,6146690250,5.71,1.38,0.00,0,1640988,1533999,280315952000,271434128000,143695120,878195360,733261792,144933568,1496924640,1498163088,-1238448,1952095568,1953156336,-1060768,1690981152,1814003040,-123021888,2.34,2.36,-0.02,-0.02,-2.00,0,10,8,2,0,0,0,16.28,0.00,0.00,0.00,,0.00,,0.00,EastMoney,2026-09-01T19:17:05+08:00
BK1427,2026-09-01T00:00:00Z,452992,459085,459914,452066,452165,6920,1.53,1579814,2800758068,1.60,1.21,0.00,0,816880,762933,132091665000,126143115000,66684343,198803486,212740631,-13937145,723365776,642744288,80621488,869093840,892814624,-23720784,953693696,996657232,-42963536,2.38,-0.50,2.88,-0.85,-1.53,0,13,11,2,0,0,0,36.79,0.00,0.00,0.00,,0.00,,0.00,EastMoney,2026-09-01T19:17:05+08:00
BK1428,2026-09-01T00:00:00Z,430334,429317,431546,425913,429813,-496,-0.12,7957139,12050477387,2.98,0.93,0.00,0,3661137,4296002,468564240000,379165744000,-249463216,577123184,714259040,-137135856,2313318992,2425646352,-112327360,3886779808,3874588304,12191504,4827500544,4578913536,248587008,-2.07,-1.14,-0.93,0.10,2.06,0,81,41,39,1,0,0,80.50,0.00,0.00,0.00,,0.00,,0.00,EastMoney,2026-09-01T19:17:05+08:00
BK1429,2026-09-01T00:00:00Z,205742,209143,209801,205521,206031,3112,1.51,2569072,3085989864,1.53,1.14,0.00,0,1317891,1251181,233644036000,223894805000,-32832842,167378855,207024593,-39645738,554658448,547845552,6812896,1066034032,1036203520,29830512,1231454480,1207542528,23911952,-1.06,-1.28,0.22,0.97,0.77,0,25,22,3,0,0,0,17.64,0.00,0.00,0.00,,0.00,,0.00,EastMoney,2026-09-01T19:17:05+08:00
BK1430,2026-09-01T00:00:00Z,379153,378443,380104,375290,378545,-102,-0.03,1487753,3146422093,4.05,1.14,0.00,0,747950,739803,89293320000,73552936000,-130145699,259571949,326587440,-67015491,585361488,648491696,-63130208,950066800,931267264,18799536,1270777568,1159660144,111117424,-4.14,-2.13,-2.01,0.60,3.53,0,18,12,6,0,0,0,114.49,0.00,0.00,0.00,,0.00,,0.00,EastMoney,2026-09-01T19:17:05+08:00
BK1431,2026-09-01T00:00:00Z,330856,330347,332413,324503,329863,484,0.15,1657936,2011059695,2.98,1.24,0.00,0,725393,932543,101328893000,100197696000,-105293452,165109315,157832783,7276532,362754496,475324480,-112569984,645919040,595850496,50068544,799971888,744746976,55224912,-5.24,0.36,-5.60,2.49,2.75,0,10,3,7,0,0,0,-99.02,0.00,0.00,0.00,,0.00,,0.00,EastMoney,2026-09-01T19:17:05+08:00
BK1432,2026-09-01T00:00:00Z,219060,226836,231530,218872,221378,5458,2.47,10469581,6192895956,10.92,2.02,0.00,0,5256752,5212829,101667815000,99269181000,-195294272,581805216,790546160,-208740944,1366606784,1353160112,13446672,2052295904,1866998032,185297872,2042685536,2032689136,9996400,-3.15,-3.37,0.22,2.99,0.16,0,6,6,0,0,0,0,25.99,0.00,0.00,0.00,,0.00,,0.00,EastMoney,2026-09-01T19:17:05+08:00
BK1433,2026-09-01T00:00:00Z,341091,354734,358172,340639,343396,11338,3.30,3245688,2562400983,3.80,1.01,0.00,0,1615818,1629871,84854497000,66059858000,228923754,294515392,124056134,170459258,594341040,535876544,58464496,741476768,875907232,-134430464,798493728,875156784,-76663056,8.93,6.65,2.28,-5.25,-2.99,0,10,9,0,1,0,0,17.92,0.00,0.00,0.00,,0.00,,0.00,EastMoney,2026-09-01T19:17:05+08:00
BK1434,2026-09-01T00:00:00Z,240632,240952,247704,240132,239691,1261,0.53,1275082,4296480404,1.45,1.10,0.00,0,592770,682312,338631504000,331080656000,215835584,514619104,502989440,11629664,1206140720,1001934800,204205920,1295107344,1351509040,-56401696,1224390528,1383824416,-159433888,5.02,0.27,4.75,-1.31,-3.71,0,4,3,1,0,0,0,15.68,0.00,0.00,0.00,,0.00,,0.00,EastMoney,2026-09-01T19:17:05+08:00
BK1435,2026-09-01T00:00:00Z,319136,323805,328615,318890,320458,3347,1.04,5317280,5592531003,2.99,1.14,0.00,0,2870096,2447184,205638978000,195995299000,86631024,563583472,535275696,28307776,1464777920,1406454672,58323248,1784990624,1827239008,-42248384,1696227152,1740609808,-44382656,1.55,0.51,1.04,-0.76,-0.79,0,9,7,2,0,0,0,24.45,0.00,0.00,0.00,,0.00,,0.00,EastMoney,2026-09-01T19:17:05+08:00
BK1436,2026-09-01T00:00:00Z,295032,304489,306443,294839,296864,7625,2.57,5594302,6274861337,3.00,1.37,0.00,0,2927189,2667113,223050432000,202930916000,166901680,356709136,281574352,75134784,1391525296,1299758400,91766896,2073253312,2153949984,-80696672,2242258800,2301296816,-59038016,2.66,1.20,1.46,-1.29,-0.94,0,34,32,2,0,0,0,36.18,0.00,0.00,0.00,,0.00,,0.00,EastMoney,2026-09-01T19:17:05+08:00
BK1437,2026-09-01T00:00:00Z,721936,716169,721936,710094,723208,-7039,-0.97,2142185,4830235363,2.93,1.18,0.00,0,979150,1163035,165205236000,136138593000,-176025344,360943552,572376304,-211432752,1032096928,996689520,35407408,1560570976,1432611472,127959504,1723359472,1668059744,55299728,-3.64,-4.38,0.73,2.65,1.14,0,22,8,14,0,0,0,49.19,0.00,0.00,0.00,,0.00,,0.00,EastMoney,2026-09-01T19:17:05+08:00
BK1438,2026-09-01T00:00:00Z,860614,858070,862285,847375,860332,-2262,-0.26,1767558,3507121324,4.62,1.32,0.00,0,880152,887406,165070781000,142645298000,-97152701,232135455,247190700,-15055245,640593280,722690736,-82097456,1193933968,1056927440,137006528,1402675120,1442528944,-39853824,-2.77,-0.43,-2.34,3.91,-1.14,0,13,5,7,1,0,0,81.08,0.00,0.00,0.00,,0.00,,0.00,EastMoney,2026-09-01T19:17:05+08:00
BK1439,2026-09-01T00:00:00Z,371251,364594,371251,361290,370583,-5989,-1.62,3878044,8192018376,3.83,1.01,0.00,0,1723586,2154458,225493512000,162860728000,-236356528,731774704,934534624,-202759920,1782481568,1816078176,-33596608,2574538496,2607950576,-33412080,2959239888,2700764416,258475472,-2.89,-2.48,-0.41,-0.41,3.16,0,21,5,15,1,0,0,119.99,0.00,0.00,0.00,,0.00,,0.00,EastMoney,2026-09-01T19:17:05+08:00
BK1440,2026-09-01T00:00:00Z,525802,526122,526700,520637,526020,102,0.02,3353491,5621316013,3.77,0.85,0.00,0,1771295,1582196,123245968000,104867269000,-60676656,391328720,389862960,1465760,1120437456,1182579872,-62142416,1774528992,1801985488,-27456496,2180841600,2079623904,101217696,-1.08,0.03,-1.11,-0.49,1.80,0,21,13,8,0,0,0,55.98,0.00,0.00,0.00,,0.00,,0.00,EastMoney,2026-09-01T19:17:05+08:00
BK1441,2026-09-01T00:00:00Z,421163,428753,429834,419694,421869,6884,1.63,914427,1221937462,2.04,0.96,0.00,0,460943,453484,55299329000,41082562000,55561459,54068705,65083080,-11014375,238062507,171486673,66575834,395494416,357269712,38224704,424253584,488881616,-64628032,4.55,-0.90,5.45,3.13,-5.29,0,15,11,4,0,0,0,317.33,0.00,0.00,0.00,,0.00,,0.00,EastMoney,2026-09-01T19:17:05+08:00
BK1442,2026-09-01T00:00:00Z,178961,182601,183213,178710,179634,2967,1.65,477001,479933424,2.10,0.97,0.00,0,228143,248857,25705311000,23584666000,-7252800,12850780,11944145,906635,68331091,76490526,-8159435,158347843,166527543,-8179700,234820226,219387727,15432499,-1.51,0.19,-1.70,-1.70,3.22,0,6,4,2,0,0,0,69.32,0.00,0.00,0.00,,0.00,,0.00,EastMoney,2026-09-01T19:17:05+08:00
BK1443,2026-09-01T00:00:00Z,426958,421094,427735,418479,427328,-6234,-1.46,197848,717957984,1.90,0.95,0.00,0,90720,107128,41778290000,41532650000,-73311841,7926184,34366912,-26440728,104626598,151497711,-46871113,229706742,264115114,-34408372,367272592,259552374,107720218,-10.21,-3.68,-6.53,-4.79,15.00,0,2,1,1,0,0,0,57.18,0.00,0.00,0.00,,0.00,,0.00,EastMoney,2026-09-01T19:17:05+08:00
BK1444,2026-09-01T00:00:00Z,795891,807683,810479,795584,794480,13203,1.66,33198807,50505034114,3.86,1.41,0.00,0,17099724,16099083,1365031328000,1184399088000,436989952,5027215872,4655856896,371358976,11215987712,11150356736,65630976,15776025088,16210875136,-434850048,17105331712,17023382528,81949184,0.87,0.74,0.13,-0.86,0.16,0,138,103,33,2,0,0,-185.35,0.00,0.00,0.00,,0.00,,0.00,EastMoney,2026-09-01T19:17:05+08:00
BK1445,2026-09-01T00:00:00Z,527247,530829,533197,526183,528376,2453,0.46,2728567,5225817474,1.54,1.09,0.00,0,1325410,1403157,512632048000,479899248000,54724016,451436112,351401424,100034688,1077752736,1123063408,-45310672,1599389440,1674232272,-74842832,1963221920,1938129520,25092400,1.05,1.91,-0.87,-1.43,0.48,0,26,18,8,0,0,0,23.75,0.00,0.00,0.00,,0.00,,0.00,EastMoney,2026-09-01T19:17:05+08:00
BK1446,2026-09-01T00:00:00Z,816707,821838,824972,811538,816245,5593,0.69,9060314,25412044951,2.91,1.08,0.00,0,4728661,4331653,964976864000,720016240000,-1212679904,2796526368,3844028672,-1047502304,5396407040,5561584640,-165177600,8652918784,8002512896,650405888,7855324672,7298901760,556422912,-4.77,-4.12,-0.65,2.56,2.19,0,63,40,23,0,0,0,65.97,0.00,0.00,0.00,,0.00,,0.00,EastMoney,2026-09-01T19:17:05+08:00
BK1447,2026-09-01T00:00:00Z,839885,855220,857874,839885,840136,15084,1.80,16683426,31622518582,3.47,1.18,0.00,0,8705902,7977524,1060871136000,894224560000,425287504,2897125392,2760577984,136547408,7583873792,7295133696,288740096,10383881216,10389573888,-5692672,9933889536,10175341824,-241452288,1.34,0.43,0.91,-0.02,-0.76,0,100,80,19,1,0,0,541.51,0.00,0.00,0.00,,0.00,,0.00,EastMoney,2026-09-01T19:17:05+08:00
BK1448,2026-09-01T00:00:00Z,637484,646996,648253,633873,637206,9790,1.54,8335997,17466445570,3.69,1.31,0.00,0,4225732,4110265,555653392000,510530528000,-165528304,1529189408,1614889168,-85699760,4123880080,4203708624,-79828544,5998839040,6199641600,-200802560,5497764096,5131433216,366330880,-0.95,-0.49,-0.46,-1.15,2.10,0,34,28,6,0,0,0,187.53,0.00,0.00,0.00,,0.00,,0.00,EastMoney,2026-09-01T19:17:05+08:00
BK1449,2026-09-01T00:00:00Z,185781,187691,188008,185029,185763,1928,1.04,2364904,1408502432,1.90,1.27,0.00,0,848487,1516417,235428039000,165794935000,70805035,244984077,163884242,81099835,315497600,325792400,-10294800,354758688,391132720,-36374032,438500896,472931904,-34431008,5.03,5.76,-0.73,-2.58,-2.44,0,9,6,1,2,0,0,34.76,0.00,0.00,0.00,,0.00,,0.00,EastMoney,2026-09-01T19:17:05+08:00
BK1450,2026-09-01T00:00:00Z,1542073,1547577,1559127,1535598,1541876,5701,0.37,794296,3606971193,0.57,0.88,0.00,0,378670,415627,922793264000,841991376000,-43495136,337634128,312861488,24772640,905955680,974223456,-68267776,1186970688,1185411888,1558800,1027937968,986001632,41936336,-1.21,0.69,-1.89,0.04,1.16,0,4,2,2,0,0,0,12.28,0.00,0.00,0.00,,0.00,,0.00,EastMoney,2026-09-01T19:17:05+08:00
BK1451,2026-09-01T00:00:00Z,857769,883862,889194,857769,861588,22274,2.59,761876,1289204129,2.62,1.34,0.00,0,400519,361357,35494296000,32715290000,-54442653,66491491,85443711,-18952220,267638479,303128912,-35490433,454094880,461648624,-7553744,472377152,410380736,61996416,-4.22,-1.47,-2.75,-0.59,4.81,0,6,6,0,0,0,0,45.13,0.00,0.00,0.00,,0.00,,0.00,EastMoney,2026-09-01T19:17:05+08:00
BK1452,2026-09-01T00:00:00Z,137734,138168,139211,136969,138535,-367,-0.26,544204,420167073,2.93,1.02,0.00,0,246660,297544,15355916000,14722177000,-3455660,22289746,15761744,6528002,65231312,75214974,-9983662,150434129,150779871,-345742,167149083,163347681,3801402,-0.82,1.55,-2.38,-0.08,0.90,0,3,1,1,1,0,0,45.18,0.00,0.00,0.00,,0.00,,0.00,EastMoney,2026-09-01T19:17:05+08:00
BK1453,2026-09-01T00:00:00Z,446821,446642,448348,441870,446669,-27,-0.01,2112302,1941666951,1.99,1.56,0.00,0,1131676,980626,109486489000,109294819000,72204399,244617943,181812232,62805711,404619424,395220736,9398688,632048992,578234016,53814976,630874000,756893376,-126019376,3.72,3.23,0.48,2.77,-6.49,0,4,3,1,0,0,0,19.18,0.00,0.00,0.00,,0.00,,0.00,EastMoney,2026-09-01T19:17:05+08:00
BK1454,2026-09-01T00:00:00Z,280061,283537,287279,278389,278466,5071,1.82,779697,1196884384,2.85,1.58,0.00,0,352434,427263,37584438000,35211986000,-74502097,40002386,48285460,-8283074,236636529,302855552,-66219023,423867696,405613392,18254304,465564080,409316304,56247776,-6.22,-0.69,-5.53,1.53,4.70,0,5,3,2,0,0,0,64.29,0.00,0.00,0.00,,0.00,,0.00,EastMoney,2026-09-01T19:17:05+08:00
BK1455,2026-09-01T00:00:00Z,520935,520507,522164,516751,520701,-194,-0.04,7107040,7272667678,4.27,1.38,0.00,0,3573510,3533530,349256352000,300737920000,-360989168,488313696,746475536,-258161840,1403806176,1506633504,-102827328,2291239152,2223517536,67721616,2848426928,2563292224,285134704,-4.96,-3.55,-1.41,0.93,3.92,0,35,20,15,0,0,0,39.72,0.00,0.00,0.00,,0.00,,0.00,EastMoney,2026-09-01T19:17:05+08:00
BK1456,2026-09-01T00:00:00Z,117973,118565,120069,117601,117885,680,0.58,319484,221338475,2.21,0.70,0.00,0,175117,144368,10356877000,9311359000,3259757,3330237,2376971,953266,35070940,32764449,2306491,62998213,80653136,-17654923,117767965,103372798,14395167,1.47,0.43,1.04,-7.98,6.50,0,3,2,1,0,0,0,64.58,0.00,0.00,0.00,,0.00,,0.00,EastMoney,2026-09-01T19:17:05+08:00
BK1457,2026-09-01T00:00:00Z,203302,203274,204023,202101,202444,830,0.41,441929,469755957,0.82,1.26,0.00,0,228616,213314,70970140000,68210091000,-10134599,2260972,9345425,-7084453,80330808,83380954,-3050146,147785904,141462603,6323301,228107923,219664357,8443566,-2.16,-1.51,-0.65,1.35,1.80,0,11,8,3,0,0,0,25.12,0.00,0.00,0.00,,0.00,,0.00,EastMoney,2026-09-01T19:17:05+08:00
BK1458,2026-09-01T00:00:00Z,86251,86936,87300,85672,86277,659,0.76,123109,314668154,1.86,1.40,0.00,0,62810,60299,20043678000,19233383000,-1586074,20505297,29855702,-9350405,58800430,51036099,7764331,78595670,80648197,-2052527,132076953,120427739,11649214,-0.50,-2.97,2.47,-0.65,3.70,0,4,3,1,0,0,0,41.90,0.00,0.00,0.00,,0.00,,0.00,EastMoney,2026-09-01T19:17:05+08:00
BK1459,2026-09-01T00:00:00Z,203128,205533,207312,202577,203564,1969,0.97,476012,2168317922,1.38,1.05,0.00,0,243210,232802,109862989000,104617532000,109482482,230678051,161283889,69394162,484430768,444342448,40088320,780063472,785211104,-5147632,615088608,733640080,-118551472,5.05,3.20,1.85,-0.24,-5.47,0,9,6,3,0,0,0,22.60,0.00,0.00,0.00,,0.00,,0.00,EastMoney,2026-09-01T19:17:05+08:00
BK1460,2026-09-01T00:00:00Z,292964,292455,294439,291301,292298,157,0.05,1542789,1523620680,1.86,0.91,0.00,0,739269,803520,87707023000,67538930000,17952684,94824476,71927968,22896508,277280496,282224320,-4943824,429227840,468957568,-39729728,678560288,655618832,22941456,1.18,1.50,-0.32,-2.61,1.51,0,15,7,7,1,0,0,83.79,0.00,0.00,0.00,,0.00,,0.00,EastMoney,2026-09-01T19:17:05+08:00
BK1461,2026-09-01T00:00:00Z,183534,184259,185315,183483,183519,740,0.40,1414329,614795841,1.32,0.96,0.00,0,659825,754504,51967029000,45437711000,-27322574,25739055,50537517,-24798462,123335790,125859902,-2524112,184604953,178103346,6501607,271179104,250358144,20820960,-4.44,-4.03,-0.41,1.06,3.39,0,9,7,2,0,0,0,-17.77,0.00,0.00,0.00,,0.00,,0.00,EastMoney,2026-09-01T19:17:05+08:00
BK1462,2026-09-01T00:00:00Z,1618438,1527861,1619636,1525887,1584108,-56247,-3.55,6277901,25102612752,6.53,1.46,0.00,0,2809388,3468513,538355440000,439221328000,-1566269808,3697368976,4711851264,-1014482288,5574106368,6125893888,-551787520,7770748416,7320609024,450139392,7422205440,6306074880,1116130560,-6.24,-4.04,-2.20,1.79,4.45,0,8,2,6,0,0,0,60.26,0.00,0.00,0.00,,0.00,,0.00,EastMoney,2026-09-01T19:17:05+08:00
BK1463,2026-09-01T00:00:00Z,206267,209692,210613,206041,206390,3302,1.60,890123,508873836,1.67,1.20,0.00,0,480476,409647,30032786000,29591822000,11061341,20710763,9532162,11178601,81391632,81508892,-117260,153500061,166907009,-13406948,246368490,244022884,2345606,2.17,2.20,-0.02,-2.63,0.46,0,9,9,0,0,0,0,-22.50,0.00,0.00,0.00,,0.00,,0.00,EastMoney,2026-09-01T19:17:05+08:00
BK1464,2026-09-01T00:00:00Z,205397,207523,208551,205229,205406,2117,1.03,2359320,1898575225,0.76,0.96,0.00,0,1240922,1118398,251334228000,207105453000,-56256783,69025565,92708716,-23683151,340418688,372992320,-32573632,645058064,622004512,23053552,812196448,778993216,33203232,-2.96,-1.25,-1.72,1.21,1.75,0,14,12,2,0,0,0,-3428.63,0.00,0.00,0.00,,0.00,,0.00,EastMoney,2026-09-01T19:17:05+08:00
BK1465,2026-09-01T00:00:00Z,687892,685960,698451,680315,690818,-4858,-0.70,1105129,1115375411,3.50,1.29,0.00,0,501532,603596,37075746000,30335866000,-23726316,58110088,99503284,-41393196,347406432,329739552,17666880,328137424,311703152,16434272,357303328,350011280,7292048,-2.13,-3.71,1.58,1.47,0.65,0,3,1,2,0,0,0,-106.83,0.00,0.00,0.00,,0.00,,0.00,EastMoney,2026-09-01T19:17:05+08:00
BK1466,2026-09-01T00:00:00Z,191460,192813,194149,191460,190800,2013,1.06,1002521,936128370,1.90,1.51,0.00,0,518344,484177,34947073000,32862295000,15995865,57460227,62040934,-4580707,209466531,188889959,20576572,317717280,319712928,-1995648,333485792,347486000,-14000208,1.71,-0.49,2.20,-0.21,-1.50,0,7,5,2,0,0,0,47.99,0.00,0.00,0.00,,0.00,,0.00,EastMoney,2026-09-01T19:17:05+08:00
BK1467,2026-09-01T00:00:00Z,198999,201850,202634,198713,199047,2803,1.41,515051,362392074,1.22,1.03,0.00,0,265781,249270,33504410000,29143044000,-813589,14929189,11740653,3188536,77732610,81734735,-4002125,112095611,116618582,-4522971,131170370,116243124,14927246,-0.22,0.88,-1.10,-1.25,4.12,0,9,8,1,0,0,0,70.57,0.00,0.00,0.00,,0.00,,0.00,EastMoney,2026-09-01T19:17:05+08:00
BK1468,2026-09-01T00:00:00Z,470011,469835,473187,468068,469999,-164,-0.03,1512475,2164228248,2.06,1.02,0.00,0,716424,796051,108125968000,95971806000,-3088809,115622994,102140395,13482599,444974640,461546048,-16571408,710543152,696402336,14140816,854279072,865331088,-11052016,-0.14,0.62,-0.77,0.65,-0.51,0,17,9,7,1,0,0,45.07,0.00,0.00,0.00,,0.00,,0.00,EastMoney,2026-09-01T19:17:05+08:00
BK1469,2026-09-01T00:00:00Z,103963,100962,104409,100489,104906,-3944,-3.76,252041,455705893,1.92,1.21,0.00,0,108527,143514,24096658000,24096658000,-8852302,21305580,16135787,5169793,93834765,107856860,-14022095,140950146,130636668,10313478,193779355,195240532,-1461177,-1.94,1.13,-3.08,2.26,-0.32,0,2,0,2,0,0,0,-31.19,0.00,0.00,0.00,,0.00,,0.00,EastMoney,2026-09-01T19:17:05+08:00
BK1470,2026-09-01T00:00:00Z,189599,191488,191880,188994,190079,1409,0.74,5438866,2360113667,0.91,0.98,0.00,0,2767123,2671743,252920671000,241212377000,155009629,340111200,239239875,100871325,665324352,611186048,54138304,725537488,732283968,-6746480,589573072,737836208,-148263136,6.57,4.27,2.29,-0.29,-6.28,0,8,7,1,0,0,0,9.03,0.00,0.00,0.00,,0.00,,0.00,EastMoney,2026-09-01T19:17:05+08:00
BK1471,2026-09-01T00:00:00Z,81472,82566,82767,81382,81806,760,0.93,4596314,6627484652,3.11,0.98,0.00,0,2238416,2357898,218042811000,192388319000,-352585840,269746000,413417184,-143671184,1138041808,1346956464,-208914656,2019291184,2077509440,-58218256,2968449776,2530857248,437592528,-5.32,-2.17,-3.15,-0.88,6.60,0,46,35,10,1,0,0,64.99,0.00,0.00,0.00,,0.00,,0.00,EastMoney,2026-09-01T19:17:05+08:00
BK1472,2026-09-01T00:00:00Z,203532,205846,206452,203487,203641,2205,1.08,8058106,4073970927,0.65,1.07,0.00,0,4493646,3564461,737005344000,612310448000,-38505200,502865120,458272208,44592912,855416016,938514128,-83098112,1169927392,1244227984,-74300592,1433320192,1316214688,117105504,-0.95,1.09,-2.04,-1.82,2.87,0,28,25,2,1,0,0,9.22,0.00,0.00,0.00,,0.00,,0.00,EastMoney,2026-09-01T19:17:05+08:00
BK1473,2026-09-01T00:00:00Z,355845,360780,361321,354716,355282,5498,1.55,3814782,1219651470,2.92,1.14,0.00,0,2204815,1609966,47110845000,42219807000,31867300,31300686,26283754,5016932,323554128,296703760,26850368,385573936,413312080,-27738144,454476848,458605984,-4129136,2.61,0.41,2.20,-2.27,-0.34,0,16,13,3,0,0,0,-4.87,0.00,0.00,0.00,,0.00,,0.00,EastMoney,2026-09-01T19:17:05+08:00
BK1474,2026-09-01T00:00:00Z,281186,284030,285197,280205,281308,2722,0.97,1633182,1015406366,1.75,1.04,0.00,0,861164,772018,60855274000,49619392000,-26495553,71386684,105540753,-34154069,184546380,176887864,7658516,290187824,293537200,-3349376,447605520,410023344,37582176,-2.61,-3.36,0.75,-0.33,3.70,0,10,7,2,1,0,0,76.22,0.00,0.00,0.00,,0.00,,0.00,EastMoney,2026-09-01T19:17:05+08:00
BK1475,2026-09-01T00:00:00Z,249670,252060,252285,248812,249792,2268,0.91,847824,677963891,1.34,0.77,0.00,0,435946,411879,50761717000,49788090000,-20867479,35180530,23965206,11215324,127788458,159871261,-32082803,214036330,224854773,-10818443,290087136,258401206,31685930,-3.08,1.65,-4.73,-1.60,4.67,0,4,4,0,0,0,0,13.21,0.00,0.00,0.00,,0.00,,0.00,EastMoney,2026-09-01T19:17:05+08:00
BK1476,2026-09-01T00:00:00Z,245824,246147,247086,244866,246301,-154,-0.06,1216810,1012088234,1.47,1.07,0.00,0,638110,578701,69466053000,68100515000,-58169370,107968936,138995153,-31026217,230275401,257418554,-27143153,327147040,309215760,17931280,335261360,295023280,40238080,-5.75,-3.07,-2.68,1.77,3.98,0,6,4,2,0,0,0,9.65,0.00,0.00,0.00,,0.00,,0.00,EastMoney,2026-09-01T19:17:05+08:00
BK1477,2026-09-01T00:00:00Z,337449,334484,338407,333092,337021,-2537,-0.75,3025379,3760856462,0.98,0.89,0.00,0,1422399,1602980,217390363000,205313786000,58113014,236316493,193424951,42891542,728935232,713713760,15221472,1151013632,1157919152,-6905520,1579852896,1627012432,-47159536,1.55,1.14,0.40,-0.18,-1.25,0,19,8,10,1,0,0,144.84,0.00,0.00,0.00,,0.00,,0.00,EastMoney,2026-09-01T19:17:05+08:00
BK1478,2026-09-01T00:00:00Z,91685,91492,92231,91112,92008,-516,-0.56,8388598,5898530916,5.09,1.16,0.00,0,3970169,4418429,113712930000,103337032000,-343071120,355293952,575232032,-219938080,1037837856,1160970896,-123133040,1850211440,1894389840,-44178400,2445368320,2058118816,387249504,-5.82,-3.73,-2.09,-0.75,6.57,0,21,8,12,1,0,0,-107.68,0.00,0.00,0.00,,0.00,,0.00,EastMoney,2026-09-01T19:17:05+08:00
BK1479,2026-09-01T00:00:00Z,129210,130212,130593,129210,129493,719,0.56,4876042,1973520240,0.54,0.97,0.00,0,2274485,2601557,427589008000,335068240000,98834976,346668800,275165984,71502816,473499872,446167712,27332160,587809008,564072400,23736608,509797520,632369104,-122571584,5.01,3.62,1.38,1.20,-6.21,0,9,5,0,4,0,0,-2514.31,0.00,0.00,0.00,,0.00,,0.00,EastMoney,2026-09-01T19:17:05+08:00
BK1480,2026-09-01T00:00:00Z,177197,179348,179790,176779,177308,2040,1.15,1610158,757643463,0.98,1.28,0.00,0,977552,632606,130343091000,122233370000,-11738168,62942674,66266027,-3323353,159360140,167774955,-8414815,222195771,226025759,-3829988,305985616,290417472,15568144,-1.55,-0.44,-1.11,-0.51,2.05,0,5,5,0,0,0,0,25.65,0.00,0.00,0.00,,0.00,,0.00,EastMoney,2026-09-01T19:17:05+08:00
BK1481,2026-09-01T00:00:00Z,162606,165485,166222,162564,162455,3030,1.87,7265715,3404207991,0.71,1.51,0.00,0,4236617,3029098,527339488000,484333696000,16864896,373130800,341344752,31786048,724867520,739788672,-14921152,978581312,1039632288,-61050976,1288280464,1244094384,44186080,0.50,0.93,-0.44,-1.79,1.30,0,17,17,0,0,0,0,13.27,0.00,0.00,0.00,,0.00,,0.00,EastMoney,2026-09-01T19:17:05+08:00
BK1482,2026-09-01T00:00:00Z,164584,165583,167693,164367,164959,624,0.38,7518270,7426365225,1.30,0.85,0.00,0,3778773,3739497,737293440000,615659136000,-218012000,534540448,690642736,-156102288,1567272032,1629181744,-61909712,2256987680,2090609232,166378448,2896156112,2828653248,67502864,-2.94,-2.10,-0.83,2.24,0.91,0,20,11,8,1,0,0,12.89,0.00,0.00,0.00,,0.00,,0.00,EastMoney,2026-09-01T19:17:05+08:00
BK1483,2026-09-01T00:00:00Z,269806,272531,273498,269163,269821,2710,1.00,3222515,1878691966,0.75,1.00,0.00,0,1736111,1486403,362787440000,318109840000,-40449620,95908009,102806557,-6898548,335338544,368889616,-33551072,573767744,540198560,33569184,851154672,844274240,6880432,-2.15,-0.37,-1.79,1.79,0.37,0,21,19,1,1,0,0,14.70,0.00,0.00,0.00,,0.00,,0.00,EastMoney,2026-09-01T19:17:05+08:00
BK1484,2026-09-01T00:00:00Z,156722,159447,160940,156635,157123,2324,1.48,1778655,1042096643,4.13,1.73,0.00,0,1019941,758714,31292576000,26987235000,85336809,120190325,65530835,54659490,237414833,206737514,30677319,335725888,341905088,-6179200,330749184,409906800,-79157616,8.19,5.25,2.94,-0.59,-7.60,0,8,6,1,1,0,0,97.91,0.00,0.00,0.00,,0.00,,0.00,EastMoney,2026-09-01T19:17:05+08:00
BK1485,2026-09-01T00:00:00Z,148658,150127,150487,148400,148563,1564,1.05,5071541,2368408285,0.62,1.50,0.00,0,3235452,1836089,391321040000,386850192000,-61874576,348605424,388296256,-39690832,536544192,558727936,-22183744,733634720,699569536,34065184,721677744,693868352,27809392,-2.61,-1.68,-0.94,1.44,1.17,0,7,6,1,0,0,0,17.73,0.00,0.00,0.00,,0.00,,0.00,EastMoney,2026-09-01T19:17:05+08:00
BK1486,2026-09-01T00:00:00Z,402087,407885,409295,401646,402287,5598,1.39,598213,448319539,1.28,1.15,0.00,0,298756,299457,34373293000,34095309000,14780761,18379861,15293501,3086360,74144880,62450479,11694401,151238637,153379459,-2140822,199332328,211972268,-12639940,3.30,0.69,2.61,-0.48,-2.82,0,6,5,1,0,0,0,75.26,0.00,0.00,0.00,,0.00,,0.00,EastMoney,2026-09-01T19:17:05+08:00
BK1487,2026-09-01T00:00:00Z,419758,427213,431208,419745,421792,5421,1.29,497667,269884695,1.24,0.81,0.00,0,244219,253448,22662039000,22632340000,-10228854,6496532,8886343,-2389811,48220211,56059254,-7839043,69832222,80364756,-10532534,141779716,121018328,20761388,-3.79,-0.89,-2.90,-3.90,7.69,0,4,4,0,0,0,0,-91.01,0.00,0.00,0.00,,0.00,,0.00,EastMoney,2026-09-01T19:17:05+08:00
BK1488,2026-09-01T00:00:00Z,169341,170313,170514,168946,169263,1050,0.62,1037987,924723923,0.82,0.89,0.00,0,519786,518202,179327273000,105563547000,2966270,36101996,30698317,5403679,116438978,118876387,-2437409,279988608,292874608,-12886000,469725024,455518192,14206832,0.32,0.58,-0.26,-1.39,1.54,0,14,11,3,0,0,0,16.04,0.00,0.00,0.00,,0.00,,0.00,EastMoney,2026-09-01T19:17:05+08:00
BK1489,2026-09-01T00:00:00Z,514401,519280,524432,513052,515069,4211,0.82,1186833,1853827178,0.95,1.36,0.00,0,656245,530589,268490448000,252163196000,11888300,144164855,126519467,17645388,430398976,436156064,-5757088,559833520,565247376,-5413856,701418768,707893216,-6474448,0.64,0.95,-0.31,-0.29,-0.35,0,4,3,1,0,0,0,13.33,0.00,0.00,0.00,,0.00,,0.00,EastMoney,2026-09-01T19:17:05+08:00
BK1490,2026-09-01T00:00:00Z,287423,291598,293697,287060,287881,3717,1.29,2345955,1567264972,1.40,1.23,0.00,0,1218161,1127794,109458066000,103274885000,86207823,92744032,92724961,19071,363761744,277572992,86188752,494837184,495345120,-507936,593806656,679506544,-85699888,5.50,0.00,5.50,-0.03,-5.47,0,12,10,2,0,0,0,-12.81,0.00,0.00,0.00,,0.00,,0.00,EastMoney,2026-09-01T19:17:05+08:00
BK1491,2026-09-01T00:00:00Z,162012,164839,165207,161650,162182,2657,1.64,692051,516489435,2.66,0.97,0.00,0,315472,376579,23460341000,19969139000,26745119,45188286,12668474,32519812,74698476,80473169,-5774693,141144117,151412182,-10268065,249719779,266196833,-16477054,5.18,6.30,-1.12,-1.99,-3.19,0,7,5,2,0,0,0,50.96,0.00,0.00,0.00,,0.00,,0.00,EastMoney,2026-09-01T19:17:05+08:00
BK1492,2026-09-01T00:00:00Z,82770,85196,87160,82729,83437,1759,2.11,6129835,2366036004,4.19,1.21,0.00,0,3108388,3021447,59044494000,59011273000,92672357,268300792,146121955,122178837,490640928,520147408,-29506480,655709040,772098816,-116389776,913571504,889854080,23717424,3.92,5.16,-1.25,-4.92,1.00,0,7,5,1,1,0,0,-15.13,0.00,0.00,0.00,,0.00,,0.00,EastMoney,2026-09-01T19:17:05+08:00
BK1493,2026-09-01T00:00:00Z,264193,262358,272519,262052,266563,-4205,-1.58,12409592,13540936628,1.72,1.41,0.00,0,5796851,6612741,2148503296000,1654105040000,-564871216,1355300224,1663334192,-308033968,3046851184,3303688432,-256837248,4128155296,4126805184,1350112,4775878912,4212357888,563521024,-4.17,-2.27,-1.90,0.01,4.16,0,17,1,15,1,0,0,17.16,0.00,0.00,0.00,,0.00,,0.00,EastMoney,2026-09-01T19:17:05+08:00
BK1494,2026-09-01T00:00:00Z,137338,136206,142628,135315,139280,-3074,-2.21,7970346,6917002801,3.22,1.58,0.00,0,3832625,4137721,235751467000,235160218000,-329764208,574682048,618321648,-43639600,1426237328,1712361936,-286124608,2098774224,2260891296,-162117072,2707588848,2215707568,491881280,-4.77,-0.63,-4.14,-2.34,7.11,0,10,2,8,0,0,0,46.83,0.00,0.00,0.00,,0.00,,0.00,EastMoney,2026-09-01T19:17:05+08:00
BK1495,2026-09-01T00:00:00Z,118237,119118,119381,117954,118296,822,0.69,401868,572661482,1.24,0.91,0.00,0,202782,199086,53932603000,48427510000,-12345805,11673698,20353095,-8679397,87587714,91254122,-3666408,194348089,166082476,28265613,271418672,287338480,-15919808,-2.16,-1.52,-0.64,4.94,-2.78,0,9,6,2,1,0,0,26.88,0.00,0.00,0.00,,0.00,,0.00,EastMoney,2026-09-01T19:17:05+08:00
BK1496,2026-09-01T00:00:00Z,55447,56396,56686,55431,55576,820,1.48,132003,187748722,1.44,1.11,0.00,0,76126,55877,19080053000,12378934000,-1177825,1109623,1578845,-469222,22847660,23556263,-708603,57668936,61551942,-3883006,104155319,99094488,5060831,-0.63,-0.25,-0.38,-2.07,2.70,0,4,3,1,0,0,0,28.10,0.00,0.00,0.00,,0.00,,0.00,EastMoney,2026-09-01T19:17:05+08:00
BK1497,2026-09-01T00:00:00Z,195893,197777,199001,195721,195886,1891,0.97,405605,496138158,1.62,1.11,0.00,0,200528,205077,30243930000,25059099000,-10342581,15289024,37650572,-22361548,95096381,83077414,12018967,140576554,133683020,6893534,157890378,158892205,-1001827,-2.08,-4.51,2.42,1.39,-0.20,0,8,5,2,1,0,0,49.60,0.00,0.00,0.00,,0.00,,0.00,EastMoney,2026-09-01T19:17:05+08:00
BK1498,2026-09-01T00:00:00Z,144561,147443,147809,144561,144423,3020,2.09,809617,1952072651,2.24,0.99,0.00,0,424008,385609,93454124000,83194864000,55024186,131436684,103407986,28028698,469464800,442469312,26995488,646403136,624218400,22184736,667366032,744574960,-77208928,2.82,1.44,1.38,1.14,-3.96,0,8,8,0,0,0,0,24.84,0.00,0.00,0.00,,0.00,,0.00,EastMoney,2026-09-01T19:17:05+08:00
BK1499,2026-09-01T00:00:00Z,61981,62358,62546,61604,62358,0,0.00,32337,10670699,0.35,0.73,0.00,0,16043,16294,5916600000,3062638000,-638737,0,1981689,-1981689,2847731,1504779,1342952,4660570,4192475,468095,2191907,2021265,170642,-5.99,-18.57,12.59,4.39,1.60,0,1,0,0,1,0,0,-10.13,0.00,0.00,0.00,,0.00,,0.00,EastMoney,2026-09-01T19:17:05+08:00
BK1500,2026-09-01T00:00:00Z,133412,135173,135596,132819,133603,1570,1.18,51976,378241160,0.69,0.97,0.00,0,26872,25104,59503059000,44634199000,7562095,14630080,10527440,4102640,83067282,79607827,3459455,130870068,123511988,7358080,110668087,111655686,-987599,2.00,1.08,0.91,1.95,-0.26,0,3,3,0,0,0,0,31.98,0.00,0.00,0.00,,0.00,,0.00,EastMoney,2026-09-01T19:17:05+08:00
BK1501,2026-09-01T00:00:00Z,438471,453587,455002,438009,438930,14657,3.34,949591,955538893,1.89,1.89,0.00,0,539461,410131,59071337000,53366797000,71977568,51669196,35424324,16244872,195090568,139357872,55732696,323950384,299495904,24454480,346691840,417107424,-70415584,7.53,1.70,5.83,2.56,-7.37,0,12,12,0,0,0,0,44.18,0.00,0.00,0.00,,0.00,,0.00,EastMoney,2026-09-01T19:17:05+08:00
BK1502,2026-09-01T00:00:00Z,495306,502585,509984,495306,480603,21982,4.57,3193001,2280022218,12.34,1.33,0.00,0,1622097,1570904,21635439000,21329228000,173528366,272724304,151876386,120847918,458897120,406216672,52680448,672961904,734704592,-61742688,798749456,910535120,-111785664,7.61,5.30,2.31,-2.71,-4.90,0,4,4,0,0,0,0,-53.94,0.00,0.00,0.00,,0.00,,0.00,EastMoney,2026-09-01T19:17:05+08:00
BK1503,2026-09-01T00:00:00Z,305680,308099,314067,305292,306442,1657,0.54,1067302,1130801876,3.78,1.40,0.00,0,560066,507237,44169757000,40208942000,-91475594,93698503,122721313,-29022810,292401984,354854768,-62452784,386664192,324390144,62274048,331836816,302796992,29039824,-8.09,-2.57,-5.52,5.51,2.57,0,6,3,2,1,0,0,55.76,0.00,0.00,0.00,,0.00,,0.00,EastMoney,2026-09-01T19:17:05+08:00
BK1504,2026-09-01T00:00:00Z,155907,164121,164663,155907,156207,7914,5.07,2655338,3368198239,9.04,0.62,0.00,0,1097712,1557627,179728964000,38610437000,520182880,921823120,377875680,543947440,684114112,707878672,-23764560,831417712,1005545120,-174127408,756029792,1102085264,-346055472,15.44,16.15,-0.71,-5.17,-10.27,0,9,9,0,0,0,0,46.13,0.00,0.00,0.00,,0.00,,0.00,EastMoney,2026-09-01T19:17:05+08:00
BK1505,2026-09-01T00:00:00Z,250819,259641,261906,250819,251864,7777,3.09,3342973,2980668760,3.58,1.17,0.00,0,1811909,1531064,81923011000,77133266000,105869561,268598288,231280503,37317785,667502480,598950704,68551776,955543872,948667984,6875888,959422608,1037036528,-77613920,3.55,1.25,2.30,0.23,-2.60,0,13,9,4,0,0,0,58.73,0.00,0.00,0.00,,0.00,,0.00,EastMoney,2026-09-01T19:17:05+08:00
BK1506,2026-09-01T00:00:00Z,228511,243424,250812,228321,229342,14082,6.14,947257,467315943,4.85,1.89,0.00,0,568318,378939,10852539000,9596850000,12405935,17625311,38560799,-20935488,119512720,86171297,33341423,143438322,136545018,6893304,133271959,131359373,1912586,2.65,-4.48,7.13,1.48,0.41,0,3,3,0,0,0,0,53.78,0.00,0.00,0.00,,0.00,,0.00,EastMoney,2026-09-01T19:17:05+08:00
BK1507,2026-09-01T00:00:00Z,148883,152680,153879,148880,148732,3948,2.65,166278,421257047,2.16,1.21,0.00,0,85808,80470,29400095000,19890530000,21171984,10339010,8092924,2246086,88065911,69140013,18925898,134604269,148663122,-14058853,167886335,172494512,-4608177,5.03,0.53,4.49,-3.34,-1.09,0,4,4,0,0,0,0,33.03,0.00,0.00,0.00,,0.00,,0.00,EastMoney,2026-09-01T19:17:05+08:00
BK1508,2026-09-01T00:00:00Z,192569,198283,200238,192520,192714,5569,2.89,4872872,2073052308,3.50,1.73,0.00,0,2873582,1999290,78203353000,73331988000,150142319,194143290,119395003,74748287,492010240,416616208,75394032,593082480,624942400,-31859920,767375904,885658288,-118282384,7.24,3.61,3.64,-1.54,-5.71,0,9,9,0,0,0,0,-8.44,0.00,0.00,0.00,,0.00,,0.00,EastMoney,2026-09-01T19:17:05+08:00
BK1509,2026-09-01T00:00:00Z,612842,638261,642699,612842,617749,20512,3.32,559756,837673290,1.75,1.13,0.00,0,249781,309975,91072647000,90907557000,-1118572,124113727,81843849,42269878,142852517,186240967,-43388450,265916251,284721920,-18805669,296343360,276419120,19924240,-0.13,5.05,-5.18,-2.24,2.38,0,4,4,0,0,0,0,30.02,0.00,0.00,0.00,,0.00,,0.00,EastMoney,2026-09-01T19:17:05+08:00
BK1510,2026-09-01T00:00:00Z,96264,102385,104086,96264,97827,4558,4.66,986114,793951977,3.14,1.17,0.00,0,566373,419741,10657419000,9998507000,17306585,38615199,22895650,15719549,169800330,168213294,1587036,297244352,290969200,6275152,259308649,282890368,-23581719,2.18,1.98,0.20,0.79,-2.97,0,3,3,0,0,0,0,-241.31,0.00,0.00,0.00,,0.00,,0.00,EastMoney,2026-09-01T19:17:05+08:00
BK1511,2026-09-01T00:00:00Z,335364,343267,346121,335364,337185,6082,1.80,1524512,1632231987,3.35,1.60,0.00,0,816215,708296,70243018000,57957577000,114117262,98811491,54031642,44779849,324399376,255061963,69337413,560071584,505616480,54455104,614988432,783560784,-168572352,6.99,2.74,4.25,3.34,-10.33,0,8,7,1,0,0,0,39.33,0.00,0.00,0.00,,0.00,,0.00,EastMoney,2026-09-01T19:17:05+08:00
BK1512,2026-09-01T00:00:00Z,411230,415600,419528,410586,411471,4129,1.00,5270717,4950520511,2.15,1.23,0.00,0,2890374,2380342,439842640000,317798096000,-119579840,679411552,669849536,9562016,1123215696,1252357552,-129141856,1528502128,1548303904,-19801776,1544389888,1405008272,139381616,-2.42,0.19,-2.61,-0.40,2.82,0,11,9,2,0,0,0,-31.97,0.00,0.00,0.00,,0.00,,0.00,EastMoney,2026-09-01T19:17:05+08:00
BK1513,2026-09-01T00:00:00Z,109025,111271,112213,108875,109490,1781,1.63,488347,480898283,6.56,1.53,0.00,0,258121,230225,6305110000,6117668000,14124676,38123045,27072787,11050258,83190782,80116364,3074418,156411906,146520390,9891516,188991971,213008163,-24016192,2.94,2.30,0.64,2.06,-4.99,0,3,2,1,0,0,0,50.03,0.00,0.00,0.00,,0.00,,0.00,EastMoney,2026-09-01T19:17:05+08:00
BK1514,2026-09-01T00:00:00Z,67352,70085,70536,67352,67678,2407,3.56,2219237,743569853,5.91,1.73,0.00,0,1282444,936792,12856038000,12779226000,69822498,15471288,15507779,-36491,208637850,138778861,69858989,228008153,235686537,-7678384,281523728,343667840,-62144112,9.39,0.00,9.40,-1.03,-8.36,0,4,4,0,0,0,0,-12.50,0.00,0.00,0.00,,0.00,,0.00,EastMoney,2026-09-01T19:17:05+08:00
BK1515,2026-09-01T00:00:00Z,97949,104710,105088,97760,97480,7230,7.42,1716565,2099658577,5.44,1.76,0.00,0,963716,752849,38253283000,38253283000,23298768,277625920,298403104,-20777184,489425376,445349424,44075952,648644016,675814384,-27170368,628585952,624714352,3871600,1.11,-0.99,2.10,-1.29,0.18,0,2,2,0,0,0,0,308.89,0.00,0.00,0.00,,0.00,,0.00,EastMoney,2026-09-01T19:17:05+08:00
BK1516,2026-09-01T00:00:00Z,106401,110132,112706,106401,105166,4966,4.72,6228417,3371762929,7.99,1.45,0.00,0,3176491,3051926,47871518000,47871518000,104320208,488040128,294705408,193334720,735414448,824428960,-89014512,955393168,940664768,14728400,965730672,1084779280,-119048608,3.09,5.73,-2.64,0.44,-3.53,0,5,5,0,0,0,0,-2415.57,0.00,0.00,0.00,,0.00,,0.00,EastMoney,2026-09-01T19:17:05+08:00
BK1517,2026-09-01T00:00:00Z,139212,146444,150050,139212,139735,6709,4.80,1643891,1826439593,12.65,1.36,0.00,0,860873,783018,13632343000,12389386000,5209525,76853108,88192719,-11339611,400544080,383994944,16549136,703322928,653431792,49891136,605993360,661094000,-55100640,0.29,-0.62,0.91,2.73,-3.02,0,4,4,0,0,0,0,16.19,0.00,0.00,0.00,,0.00,,0.00,EastMoney,2026-09-01T19:17:05+08:00
BK1518,2026-09-01T00:00:00Z,470929,535510,537838,470929,474431,61079,12.87,9219837,8289753429,13.73,1.04,0.00,0,4539989,4679848,68964091000,62911094000,1685176544,2552895808,863209520,1689686288,1859702560,1864212304,-4509744,1771130848,2419361040,-648230192,1346606768,2270344464,-923737696,20.33,20.38,-0.05,-7.82,-11.14,0,10,10,0,0,0,0,165.06,0.00,0.00,0.00,,0.00,,0.00,EastMoney,2026-09-01T19:17:05+08:00
BK1519,2026-09-01T00:00:00Z,435172,439884,441751,435002,434843,5041,1.16,1063376,3774694554,0.96,0.87,0.00,0,536339,527037,929507440000,419065072000,-21914944,477851856,442372112,35479744,1020477056,1077871744,-57394688,1164104592,1238704752,-74600160,1045097488,948582368,96515120,-0.58,0.94,-1.52,-1.98,2.56,0,3,3,0,0,0,0,35.02,0.00,0.00,0.00,,0.00,,0.00,EastMoney,2026-09-01T19:17:05+08:00
BK1520,2026-09-01T00:00:00Z,245615,248622,249805,245508,245855,2767,1.13,1844146,1329972879,0.50,1.14,0.00,0,998898,845248,381519920000,323755600000,6141397,119250963,111709182,7541781,284154480,285554864,-1400384,423737328,390890608,32846720,488442384,527430496,-38988112,0.46,0.57,-0.11,2.47,-2.93,0,6,6,0,0,0,0,54.88,0.00,0.00,0.00,,0.00,,0.00,EastMoney,2026-09-01T19:17:05+08:00
BK1521,2026-09-01T00:00:00Z,364324,366446,366446,363086,363580,2866,0.79,474725,1258640688,0.60,0.96,0.00,0,234506,240219,162380333000,143918463000,15286573,66705421,87792494,-21087073,233089218,196715572,36373646,411677040,354845424,56831616,515011856,586382208,-71370352,1.21,-1.68,2.89,4.52,-5.67,0,9,8,1,0,0,0,30.69,0.00,0.00,0.00,,0.00,,0.00,EastMoney,2026-09-01T19:17:05+08:00
BK1522,2026-09-01T00:00:00Z,199139,198671,199820,198381,199107,-436,-0.22,427184,875289665,1.39,0.94,0.00,0,220036,207147,79889140000,58832314000,18107401,21019637,35358137,-14338500,172562242,140116341,32445901,332509328,325804672,6704656,339673392,364485456,-24812064,2.07,-1.64,3.71,0.77,-2.83,0,11,7,3,1,0,0,22.94,0.00,0.00,0.00,,0.00,,0.00,EastMoney,2026-09-01T19:17:05+08:00
BK1523,2026-09-01T00:00:00Z,138478,140875,141116,138429,138691,2184,1.57,579878,206782427,1.20,1.05,0.00,0,326216,253662,19322811000,18356571000,-16092995,5220175,12551548,-7331373,31079582,39841204,-8761622,64691776,58066606,6625170,98068886,83562504,14506382,-7.78,-3.55,-4.24,3.20,7.02,0,6,4,0,2,0,0,67.33,0.00,0.00,0.00,,0.00,,0.00,EastMoney,2026-09-01T19:17:05+08:00
BK1524,2026-09-01T00:00:00Z,117098,117510,117679,115604,116057,1453,1.25,522559,477589196,2.23,1.16,0.00,0,249922,272637,15623289000,15489037000,22346813,33702752,27303964,6398788,110602195,94654170,15948025,135567622,135290886,276736,189713697,212337246,-22623549,4.68,1.34,3.34,0.06,-4.74,0,3,3,0,0,0,0,133.57,0.00,0.00,0.00,,0.00,,0.00,EastMoney,2026-09-01T19:17:05+08:00
BK1525,2026-09-01T00:00:00Z,482036,487017,488475,482036,481233,5784,1.20,3423938,6197845390,1.45,1.02,0.00,0,1723594,1700344,481906720000,405265024000,277861392,467915152,407472512,60442640,1381401248,1163982496,217418752,1898023760,1910712496,-12688736,2236327360,2483022224,-246694864,4.48,0.98,3.51,-0.20,-3.98,0,44,29,13,2,0,0,18.29,0.00,0.00,0.00,,0.00,,0.00,EastMoney,2026-09-01T19:17:05+08:00
BK1526,2026-09-01T00:00:00Z,412918,415473,416885,412611,412760,2713,0.66,15405002,22055364295,2.45,1.10,0.00,0,8215794,7189208,1092770976000,884345680000,154174784,1951012016,1834990960,116021056,4810577920,4772424192,38153728,6951008256,6917314560,33693696,7836920832,7969390336,-132469504,0.70,0.53,0.17,0.15,-0.60,0,117,75,38,4,0,0,30.66,0.00,0.00,0.00,,0.00,,0.00,EastMoney,2026-09-01T19:17:05+08:00
BK1527,2026-09-01T00:00:00Z,276822,278600,280785,276822,277039,1561,0.56,2964828,3365792826,1.68,1.35,0.00,0,1440999,1523829,247373190000,202614605000,-170905363,209515837,314747248,-105231411,702947744,768621696,-65673952,1137065360,1056776832,80288528,1277209840,1186593008,90616832,-5.08,-3.13,-1.95,2.39,2.69,0,21,12,7,2,0,0,17.27,0.00,0.00,0.00,,0.00,,0.00,EastMoney,2026-09-01T19:17:05+08:00
BK1528,2026-09-01T00:00:00Z,477661,478030,479313,474316,476873,1157,0.24,4814764,8172797475,2.70,1.36,0.00,0,2428145,2386619,329672496000,286774560000,205058016,646798736,624088480,22710256,1697728224,1515380464,182347760,2572571248,2557178976,15392272,3070492736,3277137264,-206644528,2.51,0.28,2.23,0.19,-2.53,0,56,32,23,1,0,0,51.11,0.00,0.00,0.00,,0.00,,0.00,EastMoney,2026-09-01T19:17:05+08:00
BK1529,2026-09-01T00:00:00Z,356702,360641,361911,356702,356698,3943,1.11,4517960,7445549883,1.98,1.07,0.00,0,2331259,2186702,440570208000,324869312000,480057680,775384496,552298960,223085536,1742696672,1485724528,256972144,2294071024,2414135088,-120064064,2532190656,2885126944,-352936288,6.45,3.00,3.45,-1.61,-4.74,0,42,25,16,1,0,0,35.78,0.00,0.00,0.00,,0.00,,0.00,EastMoney,2026-09-01T19:17:05+08:00
BK1530,2026-09-01T00:00:00Z,183790,186926,187368,183764,184073,2853,1.55,2857840,2261456120,1.30,1.08,0.00,0,1435113,1422726,172851309000,165801201000,76861001,243568280,245208543,-1640263,541121840,462620576,78501264,695809040,646659088,49149952,753863376,879874352,-126010976,3.40,-0.07,3.47,2.17,-5.57,0,9,9,0,0,0,0,39.07,0.00,0.00,0.00,,0.00,,0.00,EastMoney,2026-09-01T19:17:05+08:00
BK1531,2026-09-01T00:00:00Z,331667,338571,340209,331536,331684,6887,2.08,780863,952890569,1.52,1.14,0.00,0,437065,343798,87464944000,87446117000,61001361,51595560,29633759,21961801,204451987,165412427,39039560,293481664,299479328,-5997664,393439600,448443296,-55003696,6.40,2.30,4.10,-0.63,-5.77,0,5,5,0,0,0,0,14.21,0.00,0.00,0.00,,0.00,,0.00,EastMoney,2026-09-01T19:17:05+08:00
BK1532,2026-09-01T00:00:00Z,289649,291720,292885,289052,289655,2065,0.71,1290678,1020186839,1.72,1.23,0.00,0,653934,636744,52712551000,49095990000,50794848,44026196,46634001,-2607805,221297935,167895282,53402653,301015568,295873376,5142192,439058176,494995216,-55937040,4.98,-0.26,5.23,0.50,-5.48,0,7,5,2,0,0,0,35.01,0.00,0.00,0.00,,0.00,,0.00,EastMoney,2026-09-01T19:17:05+08:00
BK1533,2026-09-01T00:00:00Z,415986,419212,420397,413399,412882,6330,1.53,996251,2049076540,2.32,0.95,0.00,0,475588,520663,46942450000,42524251000,-109966960,176846036,254972852,-78126816,393476064,425316208,-31840144,633838320,649071056,-15232736,723367024,588685040,134681984,-5.37,-3.81,-1.55,-0.74,6.57,0,9,7,2,0,0,0,30.95,0.00,0.00,0.00,,0.00,,0.00,EastMoney,2026-09-01T19:17:05+08:00
BK1534,2026-09-01T00:00:00Z,368787,374982,377821,368409,367162,7820,2.13,359889,292430882,3.64,2.35,0.00,0,184622,175267,13764604000,8298441000,2025482,14316214,10742683,3573531,43596506,45144555,-1548049,96107669,95303451,804218,130446804,132604027,-2157223,0.69,1.22,-0.53,0.28,-0.74,0,4,4,0,0,0,0,45.28,0.00,0.00,0.00,,0.00,,0.00,EastMoney,2026-09-01T19:17:05+08:00
BK1535,2026-09-01T00:00:00Z,198615,200532,200746,198218,198781,1751,0.88,3237808,2684577259,2.68,1.25,0.00,0,1512595,1725213,121676509000,95898286000,-107351710,166180882,223425056,-57244174,506656624,556764160,-50107536,788932928,755991312,32941616,1131532512,1045219360,86313152,-4.00,-2.13,-1.87,1.23,3.22,0,21,13,8,0,0,0,79.24,0.00,0.00,0.00,,0.00,,0.00,EastMoney,2026-09-01T19:17:05+08:00
BK1536,2026-09-01T00:00:00Z,131510,131753,132479,130532,131278,475,0.36,308125,243191770,1.41,0.89,0.00,0,161596,146529,16564660000,15148746000,-6106257,5231980,9454025,-4222045,33411884,35296096,-1884212,73021401,66732717,6288684,123950415,121906394,2044021,-2.51,-1.74,-0.77,2.59,0.84,0,6,4,2,0,0,0,-95.43,0.00,0.00,0.00,,0.00,,0.00,EastMoney,2026-09-01T19:17:05+08:00
BK1537,2026-09-01T00:00:00Z,252932,254795,255717,252910,253381,1414,0.56,1564131,1587205234,1.90,1.01,0.00,0,752690,811442,105723726000,90586640000,-881073,50937609,56432858,-5495249,273987136,269372960,4614176,525834288,499406528,26427760,701976960,723359568,-21382608,-0.06,-0.35,0.29,1.67,-1.35,0,17,9,8,0,0,0,126.94,0.00,0.00,0.00,,0.00,,0.00,EastMoney,2026-09-01T19:17:05+08:00
BK1538,2026-09-01T00:00:00Z,151656,153224,153408,151656,151268,1956,1.29,1282323,1625260385,2.78,1.13,0.00,0,617826,664497,74950198000,50111628000,81386461,133566329,72432780,61133549,293176448,272923536,20252912,489436160,521835648,-32399488,631227888,680214880,-48986992,5.01,3.76,1.25,-1.99,-3.01,0,12,9,3,0,0,0,104.16,0.00,0.00,0.00,,0.00,,0.00,EastMoney,2026-09-01T19:17:05+08:00
BK1539,2026-09-01T00:00:00Z,742751,744643,748981,739934,743321,1322,0.18,1406138,1664057693,2.90,0.96,0.00,0,647807,758330,76315912000,68510839000,-31687191,49826152,71384546,-21558394,267653747,277782544,-10128797,512346784,523435424,-11088640,763637360,711501264,52136096,-1.90,-1.30,-0.61,-0.67,3.13,0,16,9,7,0,0,0,62.87,0.00,0.00,0.00,,0.00,,0.00,EastMoney,2026-09-01T19:17:05+08:00
BK1540,2026-09-01T00:00:00Z,647206,651464,653014,646862,647117,4347,0.67,2221681,2352590445,2.77,1.00,0.00,0,1103537,1118144,181942574000,151954078000,-60527439,66002995,100208498,-34205503,427534832,453856768,-26321936,756454032,780291392,-23837360,1051678320,967313504,84364816,-2.57,-1.45,-1.12,-1.01,3.59,0,25,15,10,0,0,0,29.20,0.00,0.00,0.00,,0.00,,0.00,EastMoney,2026-09-01T19:17:05+08:00
BK1541,2026-09-01T00:00:00Z,70570,71004,71169,70487,69773,1231,1.76,1194596,938166861,4.00,3.87,0.00,0,140016,1054580,34249598000,29380292000,-53370752,227245242,209956231,17289011,140335925,210995688,-70659763,205665189,191022021,14643168,250850404,212122820,38727584,-5.69,1.84,-7.53,1.56,4.13,0,7,5,2,0,0,0,121.38,0.00,0.00,0.00,,0.00,,0.00,EastMoney,2026-09-01T19:17:05+08:00
BK1542,2026-09-01T00:00:00Z,279250,283033,284869,278754,279483,3550,1.27,520940,578853943,2.18,1.67,0.00,0,273918,247022,39503924000,38061306000,-23529296,13843940,23512134,-9668194,98678852,112539954,-13861102,182267047,191125469,-8858422,270429840,238042127,32387713,-4.06,-1.67,-2.39,-1.53,5.60,0,5,4,1,0,0,0,22.49,0.00,0.00,0.00,,0.00,,0.00,EastMoney,2026-09-01T19:17:05+08:00
BK1543,2026-09-01T00:00:00Z,261361,264701,266221,261192,260198,4503,1.73,1941821,2184679838,3.65,1.74,0.00,0,1001385,940436,71806503000,60733156000,29758368,138924786,115743394,23181392,400450752,393873776,6576976,708864096,701654816,7209280,890313712,927281360,-36967648,1.36,1.06,0.30,0.33,-1.69,0,16,15,1,0,0,0,-30171.64,0.00,0.00,0.00,,0.00,,0.00,EastMoney,2026-09-01T19:17:05+08:00
BK1544,2026-09-01T00:00:00Z,195883,198606,199114,195825,195803,2803,1.43,2428407,1115515855,1.33,0.91,0.00,0,1350134,1078273,94534533000,88333676000,3314803,79846303,76386262,3460041,220970787,221116025,-145238,324546896,366137328,-41590432,474327312,436051696,38275616,0.30,0.31,-0.01,-3.73,3.43,0,12,10,2,0,0,0,-26.84,0.00,0.00,0.00,,0.00,,0.00,EastMoney,2026-09-01T19:17:05+08:00
BK1545,2026-09-01T00:00:00Z,246979,250344,251360,246833,248577,1767,0.71,8783190,4334195018,10.60,1.70,0.00,0,4407676,4375514,74723797000,70721307000,407991856,773384736,359627488,413757248,875139952,880905344,-5765392,1185684656,1439245408,-253560752,1345276144,1513478240,-168202096,9.41,9.55,-0.13,-5.85,-3.88,0,14,9,4,1,0,0,31.76,0.00,0.00,0.00,,0.00,,0.00,EastMoney,2026-09-01T19:17:05+08:00
BK1546,2026-09-01T00:00:00Z,231275,239177,241940,231232,230632,8545,3.71,1369598,2361808333,4.02,1.61,0.00,0,655768,713830,42542454000,35609309000,171543348,222324454,138206242,84118212,559969632,472544496,87425136,732074720,786995360,-54920640,818871936,935494656,-116622720,7.26,3.56,3.70,-2.33,-4.94,0,8,8,0,0,0,0,422.51,0.00,0.00,0.00,,0.00,,0.00,EastMoney,2026-09-01T19:17:05+08:00
BK1547,2026-09-01T00:00:00Z,253458,257239,258836,253421,253698,3541,1.40,1911941,1696788930,5.54,1.22,0.00,0,1114347,797594,53966323000,38575524000,58218647,139916277,117018270,22898007,341127664,305807024,35320640,496865888,512470112,-15604224,656817232,689634992,-32817760,3.43,1.35,2.08,-0.92,-1.93,0,8,5,3,0,0,0,38.99,0.00,0.00,0.00,,0.00,,0.00,EastMoney,2026-09-01T19:17:05+08:00
BK1548,2026-09-01T00:00:00Z,97858,100162,101223,97858,97754,2408,2.46,447832,364419564,0.45,1.65,0.00,0,221654,226177,25183641000,25097436000,23735119,33783961,16209056,17574905,108392324,102232110,6160214,119947732,130525730,-10577998,95533238,108690360,-13157122,6.51,4.82,1.69,-2.90,-3.61,0,2,2,0,0,0,0,17.20,0.00,0.00,0.00,,0.00,,0.00,EastMoney,2026-09-01T19:17:05+08:00
BK1549,2026-09-01T00:00:00Z,592918,614754,624445,591908,591514,23240,3.93,867955,1701090327,2.26,2.15,0.00,0,501678,366277,120325176000,113619244000,148753563,220933941,162868458,58065483,511263136,420575056,90688080,544037712,574436480,-30398768,402702512,521057296,-118354784,8.74,3.41,5.33,-1.79,-6.96,0,2,2,0,0,0,0,35.68,0.00,0.00,0.00,,0.00,,0.00,EastMoney,2026-09-01T19:17:05+08:00
BK1550,2026-09-01T00:00:00Z,999852,1008634,1014907,998668,999660,8974,0.90,1986608,1318404453,1.08,1.00,0.00,0,1029245,957364,144197104000,143511408000,-38112842,52289727,52726649,-436922,216985280,254661200,-37675920,407837216,421521552,-13684336,618494160,566696992,51797168,-2.89,-0.03,-2.86,-1.04,3.93,0,14,10,2,2,0,0,18.82,0.00,0.00,0.00,,0.00,,0.00,EastMoney,2026-09-01T19:17:05+08:00
BK1551,2026-09-01T00:00:00Z,196655,203950,204087,196464,195089,8861,4.54,8391895,3349791917,2.87,1.30,0.00,0,4809518,3582377,124887541000,119596125000,506339258,725006880,210933350,514073530,682679200,690413472,-7734272,900598064,1044786144,-144188080,958100384,1320251584,-362151200,15.12,15.35,-0.23,-4.30,-10.81,0,19,19,0,0,0,0,-46.82,0.00,0.00,0.00,,0.00,,0.00,EastMoney,2026-09-01T19:17:05+08:00
BK1552,2026-09-01T00:00:00Z,165002,172526,174633,165002,164187,8339,5.08,7837308,3588698628,5.35,2.27,0.00,0,4845940,2991367,70272197000,67455034000,387077306,520545120,244635574,275909546,851211328,740043568,111167760,1074833824,1106402832,-31569008,1087719296,1443227584,-355508288,10.79,7.69,3.10,-0.88,-9.91,0,7,7,0,0,0,0,-32.68,0.00,0.00,0.00,,0.00,,0.00,EastMoney,2026-09-01T19:17:05+08:00
BK1553,2026-09-01T00:00:00Z,144064,148661,148899,144064,144114,4547,3.16,3037007,2178510380,2.77,1.21,0.00,0,1600951,1436055,67317689000,61682393000,248057920,306989232,115498096,191491136,480419664,423852880,56566784,652680544,719832016,-67151472,695913872,876820320,-180906448,11.39,8.79,2.60,-3.08,-8.30,0,16,15,1,0,0,0,29.49,0.00,0.00,0.00,,0.00,,0.00,EastMoney,2026-09-01T19:17:05+08:00
BK1554,2026-09-01T00:00:00Z,176686,180285,180517,176536,176829,3456,1.95,5502324,3417103735,1.77,1.32,0.00,0,3081547,2420777,195904740000,185763985000,234448840,330595872,172220856,158375016,755046400,678972576,76073824,1108536512,1137058800,-28522288,1174972480,1380899040,-205926560,6.86,4.63,2.23,-0.83,-6.03,0,18,14,2,2,0,0,-8.93,0.00,0.00,0.00,,0.00,,0.00,EastMoney,2026-09-01T19:17:05+08:00
BK1555,2026-09-01T00:00:00Z,132261,134742,134797,132167,131697,3045,2.31,1334603,1312034298,2.79,1.73,0.00,0,737329,597274,46728602000,44964852000,-14737740,57103113,65541477,-8438364,297473312,303772688,-6299376,428722400,441343664,-12621264,499225600,471866608,27358992,-1.12,-0.64,-0.48,-0.96,2.09,0,7,7,0,0,0,0,152.38,0.00,0.00,0.00,,0.00,,0.00,EastMoney,2026-09-01T19:17:05+08:00
BK1556,2026-09-01T00:00:00Z,98251,99362,102185,95648,98923,439,0.44,1714158,640607242,6.28,1.04,0.00,0,780680,933478,12037931000,10472073000,-33818999,24927634,36918544,-11990910,189240752,211068841,-21828089,217496758,201423629,16073129,189325205,171579334,17745871,-5.28,-1.87,-3.41,2.51,2.77,0,2,1,1,0,0,0,-89.25,0.00,0.00,0.00,,0.00,,0.00,EastMoney,2026-09-01T19:17:05+08:00
BK1557,2026-09-01T00:00:00Z,500331,507811,509581,500004,501296,6515,1.30,3267894,2582202811,3.37,1.15,0.00,0,1804688,1463205,63442671000,60225129000,-16447519,123028461,139492988,-16464527,583491824,583474816,17008,824287616,867289968,-43002352,993459872,934010000,59449872,-0.64,-0.64,0.00,-1.67,2.30,0,12,8,2,2,0,0,-199.13,0.00,0.00,0.00,,0.00,,0.00,EastMoney,2026-09-01T19:17:05+08:00
BK1558,2026-09-01T00:00:00Z,193126,197307,197725,192986,193752,3555,1.83,247449,139894830,1.54,1.27,0.00,0,132066,115383,9914481000,9914471000,402344,5206658,1362126,3844532,22089452,25531640,-3442188,32913531,43096811,-10183280,77730979,67950043,9780936,0.29,2.75,-2.46,-7.28,6.99,0,2,2,0,0,0,0,-300.75,0.00,0.00,0.00,,0.00,,0.00,EastMoney,2026-09-01T19:17:05+08:00
BK1559,2026-09-01T00:00:00Z,147382,152638,153210,147203,147213,5425,3.69,732318,558382462,3.87,1.59,0.00,0,336309,396009,12691535000,12099881000,164956467,181146180,17183756,163962424,106651415,105657372,994043,133031806,179606387,-46574581,135148266,253530153,-118381887,29.54,29.36,0.18,-8.34,-21.20,0,4,3,0,1,0,0,-76.74,0.00,0.00,0.00,,0.00,,0.00,EastMoney,2026-09-01T19:17:05+08:00
BK1560,2026-09-01T00:00:00Z,235990,238415,242004,235522,235333,3082,1.31,1624082,1384421288,4.31,1.52,0.00,0,875442,748639,45119208000,43343052000,1934728,76813162,92643729,-15830567,280843472,263078177,17765295,459679040,430494400,29184640,546009312,577128672,-31119360,0.14,-1.14,1.28,2.11,-2.25,0,6,5,1,0,0,0,24.64,0.00,0.00,0.00,,0.00,,0.00,EastMoney,2026-09-01T19:17:05+08:00
BK1561,2026-09-01T00:00:00Z,177802,181401,182897,177802,176470,4931,2.79,2772159,2013713261,5.05,1.01,0.00,0,1458310,1313849,43050974000,35160830000,17025341,130983586,102572117,28411469,435023008,446409136,-11386128,638791840,666105088,-27313248,721224416,710936528,10287888,0.85,1.41,-0.57,-1.36,0.51,0,9,8,1,0,0,0,241.10,0.00,0.00,0.00,,0.00,,0.00,EastMoney,2026-09-01T19:17:05+08:00
BK1562,2026-09-01T00:00:00Z,280069,285812,288625,280069,280266,5546,1.98,915707,796959555,1.96,1.43,0.00,0,502738,412969,33651683000,33303085000,17955211,48286374,33012942,15273432,167157816,164476037,2681779,281344800,275615888,5728912,289153344,312837472,-23684128,2.25,1.92,0.34,0.72,-2.97,0,5,5,0,0,0,0,108.58,0.00,0.00,0.00,,0.00,,0.00,EastMoney,2026-09-01T19:17:05+08:00
BK1563,2026-09-01T00:00:00Z,297105,301778,302957,297105,297380,4398,1.48,1256613,1591774984,2.81,1.22,0.00,0,666697,589916,61339067000,53904263000,1648320,109566033,89552481,20013552,338666416,357031648,-18365232,552776208,561509440,-8733232,566688912,559604016,7084896,0.10,1.26,-1.15,-0.55,0.45,0,13,13,0,0,0,0,47.25,0.00,0.00,0.00,,0.00,,0.00,EastMoney,2026-09-01T19:17:05+08:00
BK1564,2026-09-01T00:00:00Z,84913,87016,87201,84737,85164,1852,2.17,469153,362305185,2.20,1.46,0.00,0,257725,211428,16453063000,15966300000,-11260950,23054676,26554910,-3500234,70159910,77920626,-7760716,96628051,103129542,-6501491,168087459,150325019,17762440,-3.11,-0.97,-2.14,-1.79,4.90,0,3,3,0,0,0,0,-40.23,0.00,0.00,0.00,,0.00,,0.00,EastMoney,2026-09-01T19:17:05+08:00
BK1565,2026-09-01T00:00:00Z,121075,121226,123666,120958,121449,-223,-0.18,344899,464481527,3.42,0.90,0.00,0,175419,169480,14932325000,11035538000,-27019402,9337466,28764981,-19427515,82841051,90432938,-7591887,166414432,178400257,-11985825,195413992,156408764,39005228,-5.82,-4.18,-1.63,-2.58,8.40,0,3,1,2,0,0,0,41.59,0.00,0.00,0.00,,0.00,,0.00,EastMoney,2026-09-01T19:17:05+08:00
BK1566,2026-09-01T00:00:00Z,792288,793511,795740,788274,792653,858,0.11,1672514,2689129428,1.93,1.03,0.00,0,820023,852491,154158627000,124334934000,50222409,145241998,140761797,4480201,639151632,593409424,45742208,859015232,825602272,33412960,971557952,1038766432,-67208480,1.87,0.17,1.70,1.24,-2.50,0,23,13,8,2,0,0,35.03,0.00,0.00,0.00,,0.00,,0.00,EastMoney,2026-09-01T19:17:05+08:00
BK1567,2026-09-01T00:00:00Z,112594,113104,113740,111754,112757,347,0.31,86891,215306596,1.57,0.85,0.00,0,44112,42779,15314604000,11576389000,2213734,11132700,12005749,-873049,35996425,32909642,3086783,64609330,60565766,4043564,85608936,90700226,-5091290,1.03,-0.41,1.43,1.88,-2.36,0,4,3,1,0,0,0,67.09,0.00,0.00,0.00,,0.00,,0.00,EastMoney,2026-09-01T19:17:05+08:00
BK1568,2026-09-01T00:00:00Z,185329,186889,187712,184761,185180,1709,0.92,202733,184846041,0.67,1.16,0.00,0,103781,98952,21205984000,21168083000,11193882,14399126,3211685,11187441,32934791,32928350,6441,56722916,65509484,-8786568,78585271,80992586,-2407315,6.06,6.05,0.00,-4.75,-1.30,0,3,2,1,0,0,0,11.97,0.00,0.00,0.00,,0.00,,0.00,EastMoney,2026-09-01T19:17:05+08:00
BK1569,2026-09-01T00:00:00Z,391617,392081,398296,390673,390786,1295,0.33,9089944,9081590795,0.31,1.16,0.00,0,4714434,4375510,3256559440000,2851729152000,-111594608,954745856,1106417392,-151671536,2188275024,2148198096,40076928,2818250560,2789062672,29187888,3001064416,2918657696,82406720,-1.23,-1.67,0.44,0.32,0.91,0,10,5,4,1,0,0,13.70,0.00,0.00,0.00,,0.00,,0.00,EastMoney,2026-09-01T19:17:05+08:00
BK1570,2026-09-01T00:00:00Z,300662,301444,304556,299939,300847,597,0.20,2516836,2813036555,2.02,0.92,0.00,0,1188734,1328102,129495509000,124979123000,-34863930,172431165,264936439,-92505274,653455008,595813664,57641344,825981728,865063056,-39081328,1126066560,1052121296,73945264,-1.24,-3.29,2.05,-1.39,2.63,0,14,8,3,3,0,0,42.04,0.00,0.00,0.00,,0.00,,0.00,EastMoney,2026-09-01T19:17:05+08:00
BK1571,2026-09-01T00:00:00Z,312238,308171,312541,307426,310351,-2180,-0.70,487094,516662004,2.05,1.04,0.00,0,232656,254438,27687599000,26459061000,-15275311,23819856,29449772,-5629916,77743830,87389225,-9645395,154472486,159580587,-5108101,253954399,233570987,20383412,-2.96,-1.09,-1.87,-0.99,3.95,0,6,2,4,0,0,0,28.01,0.00,0.00,0.00,,0.00,,0.00,EastMoney,2026-09-01T19:17:05+08:00
BK1572,2026-09-01T00:00:00Z,187471,187642,190568,187423,186752,890,0.48,2487665,2235181506,2.00,1.08,0.00,0,1237038,1250626,74334908000,70592947000,-131678551,126090989,171132228,-45041239,457252560,543889872,-86637312,640030528,734718336,-94687808,964128112,737761728,226366384,-5.89,-2.02,-3.88,-4.24,10.13,0,6,4,2,0,0,0,38.14,0.00,0.00,0.00,,0.00,,0.00,EastMoney,2026-09-01T19:17:05+08:00
BK1573,2026-09-01T00:00:00Z,172676,172289,174355,171728,172356,-67,-0.04,2415294,1720167392,0.86,0.95,0.00,0,1161824,1253469,166476267000,127999556000,-82862761,95833442,141604443,-45771001,370521152,407612912,-37091760,476210176,485511392,-9301216,639633312,564747568,74885744,-4.82,-2.66,-2.16,-0.54,4.35,0,8,4,2,2,0,0,19.16,0.00,0.00,0.00,,0.00,,0.00,EastMoney,2026-09-01T19:17:05+08:00
BK1574,2026-09-01T00:00:00Z,356671,356406,361468,355762,356063,343,0.10,2138127,2107140638,1.30,0.90,0.00,0,888368,1249759,1705178464000,166201602000,-62702291,191647804,241231407,-49583603,483635040,496753728,-13118688,671870816,664371856,7498960,728597408,673394080,55203328,-2.98,-2.35,-0.62,0.36,2.62,0,5,3,2,0,0,0,12.16,0.00,0.00,0.00,,0.00,,0.00,EastMoney,2026-09-01T19:17:05+08:00
BK1575,2026-09-01T00:00:00Z,422729,435620,440443,422540,423495,12125,2.86,2303470,12678673394,1.31,1.57,0.00,0,1328075,975396,2441257504000,2434924128000,811506928,1850033584,1490378784,359654800,3679828048,3227975920,451852128,4619999232,4873761792,-253762560,2348234768,2905979040,-557744272,6.40,2.84,3.56,-2.00,-4.40,0,20,20,0,0,0,0,20.35,0.00,0.00,0.00,,0.00,,0.00,EastMoney,2026-09-01T19:17:05+08:00
BK1576,2026-09-01T00:00:00Z,477496,485024,485882,477295,477229,7795,1.63,3833818,4986957662,2.35,1.14,0.00,0,1899463,1934355,340699552000,328226144000,-24448816,432022256,356516288,75505968,995033856,1094988640,-99954784,1597523888,1559734336,37789552,1844869584,1841331936,3537648,-0.49,1.51,-2.00,0.76,0.07,0,15,13,2,0,0,0,27.08,0.00,0.00,0.00,,0.00,,0.00,EastMoney,2026-09-01T19:17:05+08:00
BK1577,2026-09-01T00:00:00Z,235921,236467,237474,234943,235379,1088,0.46,492707,823768355,0.74,1.26,0.00,0,232098,260610,147133174000,110233881000,-1201679,13233314,13721894,-488580,132442260,133155359,-713099,294813600,269117856,25695744,370901968,395396048,-24494080,-0.15,-0.06,-0.09,3.12,-2.97,0,7,5,2,0,0,0,16.66,0.00,0.00,0.00,,0.00,,0.00,EastMoney,2026-09-01T19:17:05+08:00
BK1578,2026-09-01T00:00:00Z,150869,154170,154361,150850,150977,3193,2.11,908359,1129729223,1.48,1.13,0.00,0,490832,417527,62332211000,55284647000,21973939,53126301,37903223,15223078,221664537,214913676,6750861,385195280,372126320,13068960,448692112,483735008,-35042896,1.95,1.35,0.60,1.16,-3.10,0,11,9,0,2,0,0,65.42,0.00,0.00,0.00,,0.00,,0.00,EastMoney,2026-09-01T19:17:05+08:00
BK1579,2026-09-01T00:00:00Z,358486,365452,367463,357543,358048,7404,2.07,1079858,848423015,2.29,0.98,0.00,0,571371,508488,52072296000,39493830000,23386359,35015445,31989961,3025484,184287892,163927017,20360875,305323456,294297664,11025792,286075776,313401536,-27325760,2.76,0.36,2.40,1.30,-3.22,0,9,8,1,0,0,0,230.38,0.00,0.00,0.00,,0.00,,0.00,EastMoney,2026-09-01T19:17:05+08:00
BK1580,2026-09-01T00:00:00Z,271643,272995,275446,270712,272124,871,0.32,2245357,1635987657,2.53,0.78,0.00,0,1044683,1200674,114295613000,113288441000,-27394216,76077981,121043669,-44965688,346015392,328443920,17571472,552562992,528961808,23601184,632417408,628624368,3793040,-1.67,-2.75,1.07,1.44,0.23,0,7,4,3,0,0,0,30.99,0.00,0.00,0.00,,0.00,,0.00,EastMoney,2026-09-01T19:17:05+08:00
BK1581,2026-09-01T00:00:00Z,622770,640311,640787,621925,621775,18536,2.98,854475,1259712875,2.99,1.29,0.00,0,472726,381749,60725885000,53215431000,26264655,45091595,43413753,1677842,211751899,187165086,24586813,422705392,389917440,32787952,516674336,553778992,-37104656,2.08,0.13,1.95,2.60,-2.95,0,11,11,0,0,0,0,23.35,0.00,0.00,0.00,,0.00,,0.00,EastMoney,2026-09-01T19:17:05+08:00
BK1582,2026-09-01T00:00:00Z,72547,73658,74128,72443,72541,1117,1.54,686985,696487353,1.80,1.10,0.00,0,364546,322439,39588335000,38052248000,27129812,15285124,13199655,2085469,135525529,110481186,25044343,215699748,221082178,-5382430,321646912,343394288,-21747376,3.90,0.30,3.60,-0.77,-3.12,0,9,8,1,0,0,0,32.46,0.00,0.00,0.00,,0.00,,0.00,EastMoney,2026-09-01T19:17:05+08:00
BK1583,2026-09-01T00:00:00Z,183581,185554,187437,183581,183381,2173,1.18,2475071,2576056033,6.50,1.79,0.00,0,1278022,1197049,95069769000,84351111000,-117844982,139485849,245591855,-106106006,498419616,510158592,-11738976,878210032,780745680,97464352,989775584,969394960,20380624,-4.57,-4.12,-0.46,3.78,0.79,0,11,10,0,1,0,0,16.84,0.00,0.00,0.00,,0.00,,0.00,EastMoney,2026-09-01T19:17:05+08:00
BK1584,2026-09-01T00:00:00Z,207235,211665,211984,207109,207456,4209,2.03,216550,273863242,1.42,1.50,0.00,0,129518,87032,21857452000,21265012000,20227633,14804433,29955535,-15151102,81368118,45989383,35378735,78365230,66843538,11521692,95507727,127257052,-31749325,7.39,-5.53,12.92,4.21,-11.59,0,3,3,0,0,0,0,377.90,0.00,0.00,0.00,,0.00,,0.00,EastMoney,2026-09-01T19:17:05+08:00
BK1585,2026-09-01T00:00:00Z,228991,235689,237407,228564,228227,7462,3.27,3409066,4918680206,2.24,1.19,0.00,0,1777751,1631314,261634828000,256623064000,211024781,461525120,262858003,198667117,965845568,953487904,12357664,1535326848,1560880528,-25553680,1802197920,1965888560,-163690640,4.29,4.04,0.25,-0.52,-3.33,0,19,17,1,1,0,0,24.56,0.00,0.00,0.00,,0.00,,0.00,EastMoney,2026-09-01T19:17:05+08:00
BK1586,2026-09-01T00:00:00Z,185545,189261,192367,184995,185195,4066,2.20,1593654,2609766180,2.46,1.49,0.00,0,856521,737133,178432350000,170489752000,108967250,228845741,175013723,53832018,636582848,581447616,55135232,865148784,865913120,-764336,847459472,955662384,-108202912,4.18,2.06,2.11,-0.03,-4.15,0,8,7,1,0,0,0,23.06,0.00,0.00,0.00,,0.00,,0.00,EastMoney,2026-09-01T19:17:05+08:00
BK1587,2026-09-01T00:00:00Z,102783,103869,104120,102559,102880,989,0.96,2176676,2183206542,0.20,1.13,0.00,0,1221024,955653,2893449328000,726320400000,102077970,261756034,277778320,-16022286,544568400,426468144,118100256,631856528,653053376,-21196848,724184192,805065312,-80881120,4.68,-0.73,5.41,-0.97,-3.70,0,3,3,0,0,0,0,17.17,0.00,0.00,0.00,,0.00,,0.00,EastMoney,2026-09-01T19:17:05+08:00
BK1588,2026-09-01T00:00:00Z,278670,282125,283802,278378,278434,3691,1.33,3448587,3517399006,4.35,1.30,0.00,0,1723321,1725266,92003950000,84417200000,-121810601,181744904,237213457,-55468553,714392672,780734720,-66342048,1068414016,1136110736,-67696720,1462479312,1267141152,195338160,-3.46,-1.58,-1.89,-1.92,5.55,0,19,11,7,1,0,0,-59.85,0.00,0.00,0.00,,0.00,,0.00,EastMoney,2026-09-01T19:17:05+08:00
BK1589,2026-09-01T00:00:00Z,459849,461853,464933,456258,459858,1995,0.43,3836055,5372022096,2.67,1.12,0.00,0,1917766,1918289,243004847000,232635419000,-334310435,248094525,400067776,-151973251,1089185568,1271522752,-182337184,1791970960,1829070432,-37099472,2165407600,1793997696,371409904,-6.22,-2.83,-3.39,-0.69,6.91,0,17,8,9,0,0,0,62.36,0.00,0.00,0.00,,0.00,,0.00,EastMoney,2026-09-01T19:17:05+08:00
BK1590,2026-09-01T00:00:00Z,528883,527934,531215,522366,529283,-1349,-0.25,842966,1722158882,2.06,1.08,0.00,0,407412,435553,81220774000,65767384000,-52237860,104539232,174604708,-70065476,324895520,307067904,17827616,587279296,512425232,74854064,675546992,693753664,-18206672,-3.03,-4.07,1.04,4.35,-1.06,0,14,6,7,1,0,0,59.75,0.00,0.00,0.00,,0.00,,0.00,EastMoney,2026-09-01T19:17:05+08:00
BK1591,2026-09-01T00:00:00Z,1509309,1481285,1509309,1466480,1511628,-30343,-2.01,8221832,90469004202,3.60,1.02,0.00,0,3966034,4255798,2980396592000,2722284720000,246011136,18654277376,17753944320,900333056,23829046272,24483368192,-654321920,29318761472,31741916672,-2423155200,16999114752,14929964032,2069150720,0.27,1.00,-0.72,-2.68,2.29,0,37,13,23,1,0,0,69.26,0.00,0.00,0.00,,0.00,,0.00,EastMoney,2026-09-01T19:17:05+08:00
BK1592,2026-09-01T00:00:00Z,2535426,2505293,2542244,2465196,2529225,-23932,-0.95,6715253,32414238384,6.16,0.66,0.00,0,2931523,3783730,784414176000,587476032000,-1946592816,4247792592,5206771968,-958979376,7187597312,8175210752,-987613440,10615543296,10539403520,76139776,9784448512,7913055488,1871393024,-6.01,-2.96,-3.05,0.23,5.77,0,13,5,8,0,0,0,65.38,0.00,0.00,0.00,,0.00,,0.00,EastMoney,2026-09-01T19:17:05+08:00
BK1593,2026-09-01T00:00:00Z,417601,419173,421241,416099,417652,1521,0.36,5530683,16065994103,5.17,0.88,0.00,0,2758193,2772490,418728768000,326866320000,40478976,1848955200,1632778896,216176304,3197105456,3372802784,-175697328,5059916544,5282200576,-222284032,5629008128,5441753344,187254784,0.25,1.35,-1.09,-1.38,1.17,0,27,13,14,0,0,0,66.98,0.00,0.00,0.00,,0.00,,0.00,EastMoney,2026-09-01T19:17:05+08:00
BK1594,2026-09-01T00:00:00Z,384256,389959,391171,383643,385574,4385,1.14,27417167,28688120154,3.41,0.90,0.00,0,14698492,12718675,1980701056000,1385109664000,114533280,2281879728,2384184848,-102305120,6355632128,6138793728,216838400,9671372800,9586070016,85302784,9774843648,9967467520,-192623872,0.40,-0.36,0.76,0.30,-0.67,0,114,83,29,2,0,0,50.51,0.00,0.00,0.00,,0.00,,0.00,EastMoney,2026-09-01T19:17:05+08:00
BK1595,2026-09-01T00:00:00Z,382810,387294,388455,382368,382616,4678,1.22,5537720,8591539205,2.55,0.93,0.00,0,2854777,2682943,351230128000,313315664000,65259184,540086272,515064560,25021712,1900722528,1860485056,40237472,2744124096,2702047968,42076128,3087818912,3153618672,-65799760,0.76,0.29,0.47,0.49,-0.77,0,46,33,12,1,0,0,54.65,0.00,0.00,0.00,,0.00,,0.00,EastMoney,2026-09-01T19:17:05+08:00
BK1596,2026-09-01T00:00:00Z,781502,785808,787846,778983,781458,4350,0.56,2913622,8163860734,1.88,0.75,0.00,0,1480657,1432965,602655520000,514860608000,123961008,381554912,388297088,-6742176,1778813056,1648109872,130703184,3095904496,2729672336,366232160,2717324672,3199476912,-482152240,1.52,-0.08,1.60,4.49,-5.91,0,39,27,12,0,0,0,51.41,0.00,0.00,0.00,,0.00,,0.00,EastMoney,2026-09-01T19:17:05+08:00
BK1597,2026-09-01T00:00:00Z,424695,429613,429885,423187,424059,5554,1.31,939623,695219197,0.85,1.08,0.00,0,529126,410497,84005096000,83786696000,29324721,73727926,44916125,28811801,140884944,140372024,512920,231220223,219899796,11320427,238497103,279142256,-40645153,4.22,4.14,0.07,1.63,-5.85,0,6,5,1,0,0,0,37.07,0.00,0.00,0.00,,0.00,,0.00,EastMoney,2026-09-01T19:17:05+08:00
BK1598,2026-09-01T00:00:00Z,416243,419030,420582,415123,416562,2468,0.59,2469133,4222957699,2.64,0.57,0.00,0,1215381,1253752,177236285000,145953127000,153288288,268667296,275948272,-7280976,1079326464,918757200,160569264,1527126080,1473218928,53907152,1244535200,1454342176,-209806976,3.63,-0.17,3.80,1.28,-4.97,0,13,11,2,0,0,0,-14.00,0.00,0.00,0.00,,0.00,,0.00,EastMoney,2026-09-01T19:17:05+08:00
BK1599,2026-09-01T00:00:00Z,418750,426149,428226,418028,419696,6453,1.54,529246,605386604,2.92,1.20,0.00,0,256433,272813,21239008000,20701210000,11408518,12450167,14510504,-2060337,95460175,81991320,13468855,186416932,184685060,1731872,286136160,291468736,-5332576,1.88,-0.34,2.22,0.29,-0.88,0,5,4,1,0,0,0,-59.72,0.00,0.00,0.00,,0.00,,0.00,EastMoney,2026-09-01T19:17:05+08:00
BK1600,2026-09-01T00:00:00Z,827665,826416,830501,812659,831508,-5092,-0.61,4742121,18329889351,4.27,0.81,0.00,0,2307134,2434987,907626176000,714393424000,221830736,1286667744,1220460272,66207472,3949498112,3793874848,155623264,6267801344,6290973184,-23171840,6392082688,6590741760,-198659072,1.21,0.36,0.85,-0.13,-1.08,0,29,10,19,0,0,0,33.65,0.00,0.00,0.00,,0.00,,0.00,EastMoney,2026-09-01T19:17:05+08:00
BK1601,2026-09-01T00:00:00Z,636594,647506,649259,635225,636814,10692,1.68,4888041,3400479464,2.05,0.83,0.00,0,2281798,2606243,187943293000,168317002000,331882992,582749520,272141344,310608176,737856272,716581456,21274816,1021173504,1131539920,-110366416,1013265248,1234781824,-221516576,9.76,9.13,0.63,-3.25,-6.51,0,15,13,1,1,0,0,51.86,0.00,0.00,0.00,,0.00,,0.00,EastMoney,2026-09-01T19:17:05+08:00
BK1602,2026-09-01T00:00:00Z,566589,569536,573940,562788,565123,4413,0.78,793451,1343898049,3.83,0.71,0.00,0,374293,419158,47952285000,44903332000,24979775,35074510,30867139,4207371,252092902,231320498,20772404,512479520,423448464,89031056,521725536,635736384,-114010848,1.86,0.31,1.55,6.62,-8.48,0,5,2,3,0,0,0,-125.50,0.00,0.00,0.00,,0.00,,0.00,EastMoney,2026-09-01T19:17:05+08:00
BK1603,2026-09-01T00:00:00Z,338411,344155,344880,337659,338395,5760,1.70,2435742,4504285059,1.68,0.94,0.00,0,1268051,1167691,283341056000,267135632000,173451728,410358928,286224224,124134704,902247408,852930384,49317024,1431037392,1512504752,-81467360,1680372640,1767416832,-87044192,3.85,2.76,1.09,-1.81,-1.93,0,40,35,5,0,0,0,54.56,0.00,0.00,0.00,,0.00,,0.00,EastMoney,2026-09-01T19:17:05+08:00
BK1604,2026-09-01T00:00:00Z,434749,437379,438210,434348,434095,3284,0.76,2477999,5823498577,1.58,0.98,0.00,0,1259627,1218372,415383008000,349938528000,23685776,287362592,277685680,9676912,1080985584,1066976720,14008864,2144884592,2053903824,90980768,2209645280,2316850112,-107204832,0.41,0.17,0.24,1.56,-1.84,0,55,36,17,2,0,0,42.49,0.00,0.00,0.00,,0.00,,0.00,EastMoney,2026-09-01T19:17:05+08:00
BK1605,2026-09-01T00:00:00Z,582388,586518,587728,580045,582358,4160,0.71,2903936,9163752369,2.19,0.98,0.00,0,1414536,1489400,599384272000,543705904000,21533408,706719600,770208240,-63488640,2177411472,2092389424,85022048,3069042096,2910611056,158431040,3077266720,3233990720,-156724000,0.23,-0.69,0.93,1.73,-1.71,0,45,32,12,1,0,0,43.49,0.00,0.00,0.00,,0.00,,0.00,EastMoney,2026-09-01T19:17:05+08:00
BK1606,2026-09-01T00:00:00Z,350351,354462,355360,349869,350655,3807,1.09,595501,899445562,1.36,0.85,0.00,0,320793,274707,81893949000,75220240000,2692877,15631596,25684506,-10052910,125456691,112710904,12745787,265364920,267220286,-1855366,480616336,481453840,-837504,0.30,-1.12,1.42,-0.21,-0.09,0,8,7,1,0,0,0,18.81,0.00,0.00,0.00,,0.00,,0.00,EastMoney,2026-09-01T19:17:05+08:00
BK1607,2026-09-01T00:00:00Z,208996,213942,213942,208673,209219,4723,2.26,5603115,3823196720,2.42,1.25,0.00,0,3233329,2369786,227587549000,193896896000,282797096,350219104,147034152,203184952,723107008,643494864,79612144,1178886656,1256314352,-77427696,1441824224,1647193632,-205369408,7.40,5.31,2.08,-2.03,-5.37,0,24,22,2,0,0,0,18.25,0.00,0.00,0.00,,0.00,,0.00,EastMoney,2026-09-01T19:17:05+08:00
BK1608,2026-09-01T00:00:00Z,135314,137780,138075,135052,135531,2249,1.66,15037071,13858781003,2.45,1.07,0.00,0,8049032,6988038,766988800000,737268144000,438632432,1199871648,751697840,448173808,2856019536,2865560912,-9541376,4323959808,4418750208,-94790400,5117193216,5443458560,-326265344,3.17,3.23,-0.07,-0.68,-2.35,0,66,54,10,2,0,0,28.64,0.00,0.00,0.00,,0.00,,0.00,EastMoney,2026-09-01T19:17:05+08:00
BK1609,2026-09-01T00:00:00Z,164461,168186,168433,164310,164893,3293,2.00,13971279,10924384831,1.11,1.40,0.00,0,8538616,5432663,1346377392000,1305766656000,-198214176,1721265632,1545957120,175308512,2449547808,2823070496,-373522688,3409116544,3187033568,222082976,3220994640,3244863424,-23868784,-1.81,1.60,-3.42,2.03,-0.22,0,17,17,0,0,0,0,6.26,0.00,0.00,0.00,,0.00,,0.00,EastMoney,2026-09-01T19:17:05+08:00
BK1610,2026-09-01T00:00:00Z,237117,241935,242292,236630,237578,4357,1.83,18451302,15607970521,0.73,1.49,0.00,0,11848451,6602851,2963867776000,2555548384000,680548816,3362371104,3087795040,274576064,4446642944,4040670192,405972752,4334376960,4498417152,-164040192,3281949376,3798458064,-516508688,4.36,1.76,2.60,-1.05,-3.31,0,9,8,1,0,0,0,6.01,0.00,0.00,0.00,,0.00,,0.00,EastMoney,2026-09-01T19:17:05+08:00
BK1611,2026-09-01T00:00:00Z,331356,339025,339790,331242,332285,6740,2.03,18369224,12998372520,0.20,1.30,0.00,0,10666511,7702713,11730874880000,6549556480000,241027456,3393428960,2862068192,531360768,2936581440,3226914752,-290333312,3514423776,3548890368,-34466592,2953460304,3160021168,-206560864,1.85,4.09,-2.23,-0.27,-1.59,0,6,6,0,0,0,0,8.06,0.00,0.00,0.00,,0.00,,0.00,EastMoney,2026-09-01T19:17:05+08:00
BK1612,2026-09-01T00:00:00Z,46326,47648,47675,46285,46371,1277,2.75,7451456,3557759161,1.77,1.71,0.00,0,4736163,2715293,270569840000,248859901000,-182815312,519464192,558297456,-38833264,771219200,915201248,-143982048,1048264816,998598512,49666304,1176123584,1042974560,133149024,-5.14,-1.09,-4.05,1.40,3.74,0,10,10,0,0,0,0,6.10,0.00,0.00,0.00,,0.00,,0.00,EastMoney,2026-09-01T19:17:05+08:00
BK1613,2026-09-01T00:00:00Z,272879,272648,274767,272359,272785,-137,-0.05,11782298,13118075601,1.90,1.01,0.00,0,6029952,5752347,905938256000,624424640000,-243273952,1534697664,1527974928,6722736,2998957888,3248954576,-249996688,3923410464,4042222192,-118811728,4480471808,4118386240,362085568,-1.85,0.05,-1.91,-0.91,2.76,0,30,19,9,2,0,0,10.84,0.00,0.00,0.00,,0.00,,0.00,EastMoney,2026-09-01T19:17:05+08:00
BK1614,2026-09-01T00:00:00Z,271820,270923,274323,269697,268551,2372,0.88,5155962,5675458467,2.85,0.79,0.00,0,2365796,2790166,204910736000,195802521000,5419104,576096112,619932176,-43836064,1335553968,1286298800,49255168,1729000592,1611726176,117274416,1930505168,2047783520,-117278352,0.10,-0.77,0.87,2.07,-2.07,0,11,5,6,0,0,0,22.43,0.00,0.00,0.00,,0.00,,0.00,EastMoney,2026-09-01T19:17:05+08:00
BK1615,2026-09-01T00:00:00Z,406892,404583,411486,403533,402541,2042,0.51,15953334,26457465139,2.07,0.73,0.00,0,7456063,8497270,1977910256000,1607520688000,-26349184,4099125376,4346767616,-247642240,6557247232,6335954176,221293056,7829432576,7714954496,114478080,7470024704,7558153216,-88128512,-0.10,-0.94,0.84,0.43,-0.33,0,17,8,7,2,0,0,15.44,0.00,0.00,0.00,,0.00,,0.00,EastMoney,2026-09-01T19:17:05+08:00
BK1616,2026-09-01T00:00:00Z,568505,559862,570352,558787,564781,-4919,-0.87,2915865,5548558154,6.12,0.49,0.00,0,1438426,1477440,125492367000,119196228000,-505448304,555970192,767239680,-211269488,1170231248,1464410064,-294178816,1599241568,1664944976,-65703408,2063722400,1492570672,571151728,-9.11,-3.81,-5.30,-1.18,10.29,0,3,1,2,0,0,0,28.07,0.00,0.00,0.00,,0.00,,0.00,EastMoney,2026-09-01T19:17:05+08:00
BK1617,2026-09-01T00:00:00Z,730466,721217,735184,720329,729658,-8441,-1.16,4955853,15675472443,2.77,0.69,0.00,0,2355857,2599996,598598304000,538046112000,-1181215744,1597496160,2045110592,-447614432,3673507040,4407108352,-733601312,4721940736,4726524416,-4583680,5350806784,4165007264,1185799520,-7.54,-2.86,-4.68,-0.03,7.56,0,10,3,7,0,0,0,24.50,0.00,0.00,0.00,,0.00,,0.00,EastMoney,2026-09-01T19:17:05+08:00
BK1618,2026-09-01T00:00:00Z,549697,538715,549697,537043,551120,-12405,-2.25,1241782,2984728773,1.83,0.78,0.00,0,497024,744758,186206248000,145275652000,-50946293,203958279,225547244,-21588965,589816336,619173664,-29357328,952184048,887377120,64806928,1194301808,1208162448,-13860640,-1.71,-0.72,-0.98,2.17,-0.46,0,15,0,15,0,0,0,52.82,0.00,0.00,0.00,,0.00,,0.00,EastMoney,2026-09-01T19:17:05+08:00
BK1619,2026-09-01T00:00:00Z,375604,369479,375726,367814,375676,-6197,-1.65,2210393,6127903473,2.78,1.05,0.00,0,1037478,1172915,217609505000,190351147000,-282216160,272867824,441779968,-168912144,995518320,1108822336,-113304016,2005745472,2079511808,-73766336,2697307984,2352103152,345204832,-4.61,-2.76,-1.85,-1.20,5.63,0,21,7,14,0,0,0,83.71,0.00,0.00,0.00,,0.00,,0.00,EastMoney,2026-09-01T19:17:05+08:00
BK1620,2026-09-01T00:00:00Z,106143,105252,106693,104908,106418,-1166,-1.10,101678,417658852,1.86,0.74,0.00,0,38783,62895,27840729000,21634266000,-3513705,14021251,16460242,-2438991,92505194,93579908,-1074714,163751009,157169215,6581794,142205710,145273800,-3068090,-0.84,-0.58,-0.26,1.58,-0.73,0,2,0,2,0,0,0,15.92,0.00,0.00,0.00,,0.00,,0.00,EastMoney,2026-09-01T19:17:05+08:00
BK1621,2026-09-01T00:00:00Z,1565441,1521907,1569744,1519354,1561631,-39724,-2.54,2128801,9066026405,3.55,0.79,0.00,0,919022,1209779,324045632000,258196260000,-591316560,821310208,1184022800,-362712592,1912932128,2141536096,-228603968,3012162944,2833983040,178179904,3175790640,2762653968,413136672,-6.52,-4.00,-2.52,1.97,4.56,0,8,0,8,0,0,0,20.34,0.00,0.00,0.00,,0.00,,0.00,EastMoney,2026-09-01T19:17:05+08:00
BK1622,2026-09-01T00:00:00Z,472030,467727,476931,467129,472986,-5259,-1.11,356074,1401001021,1.89,0.76,0.00,0,131942,224133,74093731000,73862069000,-136983399,148485934,243289141,-94803207,312280336,354460528,-42180192,443028096,395562848,47465248,476350080,386831936,89518144,-9.78,-6.77,-3.01,3.39,6.39,0,1,0,1,0,0,0,10.73,0.00,0.00,0.00,,0.00,,0.00,EastMoney,2026-09-01T19:17:05+08:00
BK1623,2026-09-01T00:00:00Z,148592,144891,149763,144824,149734,-4843,-3.23,667576,1728980881,1.47,0.61,0.00,0,266297,401279,152612439000,110103259000,-262603092,85528335,171566803,-86038468,368347104,544911728,-176564624,565353184,495108928,70244256,682479872,490121024,192358848,-15.19,-4.98,-10.21,4.06,11.13,0,3,0,3,0,0,0,26.77,0.00,0.00,0.00,,0.00,,0.00,EastMoney,2026-09-01T19:17:05+08:00
BK1624,2026-09-01T00:00:00Z,533955,525577,533955,524473,533268,-7691,-1.44,2321062,10069183818,2.87,0.72,0.00,0,996316,1324745,428699536000,263518947000,-676321248,721239616,1040651056,-319411440,1982025360,2338935168,-356909808,3202961760,3053257184,149704576,3969543920,3440217952,529325968,-6.72,-3.17,-3.54,1.49,5.26,0,16,3,12,1,0,0,56.85,0.00,0.00,0.00,,0.00,,0.00,EastMoney,2026-09-01T19:17:05+08:00
BK1625,2026-09-01T00:00:00Z,884502,843665,884502,843573,886259,-42594,-4.81,1681718,8222039485,3.76,0.89,0.00,0,606304,1075415,265708341000,210260866000,-1159930848,599237584,1192252144,-593014560,1599419760,2166336048,-566916288,2682719168,2444635488,238083680,3231235648,2309388464,921847184,-14.11,-7.21,-6.90,2.90,11.21,0,4,0,4,0,0,0,33.97,0.00,0.00,0.00,,0.00,,0.00,EastMoney,2026-09-01T19:17:05+08:00
BK1626,2026-09-01T00:00:00Z,997364,976905,1000579,975014,1000045,-23140,-2.31,991832,4029238758,1.47,0.69,0.00,0,389540,602292,276072608000,276072608000,-254380976,370157872,579654768,-209496896,920545632,965429712,-44884080,1397736256,1177324864,220411392,1281680048,1247710448,33969600,-6.31,-5.20,-1.11,5.47,0.84,0,4,0,4,0,0,0,50.86,0.00,0.00,0.00,,0.00,,0.00,EastMoney,2026-09-01T19:17:05+08:00
BK1627,2026-09-01T00:00:00Z,1220617,1235102,1240274,1219965,1223098,12004,0.98,5144596,3827938191,2.48,0.95,0.00,0,2638044,2506551,210308669000,199180596000,-15336944,272272752,282826256,-10553504,867808992,872592432,-4783440,1201192560,1184474752,16717808,1423933616,1425314512,-1380896,-0.40,-0.28,-0.12,0.44,-0.04,0,22,17,4,1,0,0,-151.49,0.00,0.00,0.00,,0.00,,0.00,EastMoney,2026-09-01T19:17:05+08:00
BK1628,2026-09-01T00:00:00Z,85098,85378,85709,84547,84998,380,0.45,2128699,2398474911,1.34,0.94,0.00,0,1125061,1003639,126841532000,114980573000,-34272187,154314926,219743897,-65428971,527020144,495863360,31156784,795355824,724389040,70966784,855993952,889535072,-33541120,-1.43,-2.73,1.30,2.96,-1.40,0,11,6,5,0,0,0,181.77,0.00,0.00,0.00,,0.00,,0.00,EastMoney,2026-09-01T19:17:05+08:00
BK1629,2026-09-01T00:00:00Z,76460,77747,77987,76460,76240,1507,1.98,102463752,141827971116,4.40,1.65,0.00,0,52249620,50214131,4025928144000,3524774912000,2042700288,18863449600,16058802432,2804647168,32663336704,33425283584,-761946880,44148496128,45246256640,-1097760512,42419284480,43250578688,-831294208,1.44,1.98,-0.54,-0.77,-0.59,0,263,207,56,0,0,0,53.88,0.00,0.00,0.00,,0.00,,0.00,EastMoney,2026-09-01T19:17:05+08:00
BK1630,2026-09-01T00:00:00Z,625181,619244,626538,617329,617023,2221,0.36,45184226,79079076421,10.71,1.33,0.00,0,21041740,24142486,975792112000,834572000000,-1733537280,12985800448,13772541952,-786741504,16948059136,17894854912,-946795776,22645771264,22723729664,-77958400,22828625408,20972057856,1856567552,-2.19,-0.99,-1.20,-0.10,2.35,0,70,28,42,0,0,0,78.89,0.00,0.00,0.00,,0.00,,0.00,EastMoney,2026-09-01T19:17:05+08:00
BK1631,2026-09-01T00:00:00Z,50114,51137,51629,50114,50886,251,0.49,18557191,13386925250,7.62,1.06,0.00,0,8821382,9735809,169914122000,159230510000,-51509312,1121970864,1195486128,-73515264,2729053008,2707047056,22005952,4244445168,4034050784,210394384,4658463232,4817348352,-158885120,-0.38,-0.55,0.16,1.57,-1.19,0,31,15,14,2,0,0,-21.97,0.00,0.00,0.00,,0.00,,0.00,EastMoney,2026-09-01T19:17:05+08:00
BK1632,2026-09-01T00:00:00Z,49533,51357,51426,49533,49853,1504,3.02,78849885,94176467428,23.68,1.12,0.00,0,38825841,40024045,591545824000,445992400000,407698176,12041851648,10518250752,1523600896,20025861632,21141764352,-1115902720,29587366912,30018447872,-431080960,29445472768,29363661312,81811456,0.43,1.62,-1.18,-0.46,0.09,0,71,47,24,0,0,0,180.60,0.00,0.00,0.00,,0.00,,0.00,EastMoney,2026-09-01T19:17:05+08:00
BK1633,2026-09-01T00:00:00Z,84391,84548,84926,84135,84443,105,0.12,273827749,421747106685,10.66,1.29,0.00,0,132798950,141028799,9116202240000,7833772800000,-4906786048,49971178496,51877914880,-1906736384,93524832256,96524881920,-3000049664,130417430528,129465049088,952381440,136585695232,132619894784,3965800448,-1.16,-0.45,-0.71,0.23,0.94,0,545,252,285,8,0,0,-99.70,0.00,0.00,0.00,,0.00,,0.00,EastMoney,2026-09-01T19:17:05+08:00
BK1635,2026-09-01T00:00:00Z,93734,95009,95133,93734,93908,1101,1.17,124496779,64179214111,0.82,1.36,0.00,0,69634662,54862116,15463228160000,9794871808000,-413443072,10574471936,9869271040,705200896,14899315712,16017959680,-1118643968,18717503488,18607561216,109942272,18637463808,18336574464,300889344,-0.64,1.10,-1.74,0.17,0.47,0,190,146,31,13,0,0,9.49,0.00,0.00,0.00,,0.00,,0.00,EastMoney,2026-09-01T19:17:05+08:00
BK1636,2026-09-01T00:00:00Z,106238,107809,108011,106215,106546,1263,1.19,44833528,36818692368,0.36,1.29,0.00,0,26879447,17954081,15431093248000,9682836224000,1289457152,7718243584,6582087936,1136155648,9451937536,9298636032,153301504,10465910528,10690579712,-224669184,8710808832,9775596800,-1064787968,3.50,3.09,0.42,-0.61,-2.89,0,40,34,6,0,0,0,7.97,0.00,0.00,0.00,,0.00,,0.00,EastMoney,2026-09-01T19:17:05+08:00
BK1637,2026-09-01T00:00:00Z,371459,370132,372311,368179,365870,4262,1.16,145251148,259940707653,8.54,1.14,0.00,0,68704604,76546544,8136214784000,3982999680000,-8900194560,46874022400,52386323712,-5512301312,60601128448,63989021696,-3387893248,78435987456,77790687232,645300224,66121556224,57866661888,8254894336,-3.42,-2.12,-1.30,0.25,3.18,0,100,47,53,0,0,0,51.37,0.00,0.00,0.00,,0.00,,0.00,EastMoney,2026-09-01T19:17:05+08:00
BK1638,2026-09-01T00:00:00Z,234564,237545,238229,234564,233290,4255,1.82,146607208,173706121394,15.76,1.44,0.00,0,71161492,75445716,1743590544000,1553909600000,-2299354112,24441496064,24900313856,-458817792,36466526720,38307063040,-1840536320,51937118720,51670900480,266218240,53564029184,51427393024,2136636160,-1.32,-0.26,-1.06,0.15,1.23,0,163,94,67,2,0,0,87.06,0.00,0.00,0.00,,0.00,,0.00,EastMoney,2026-09-01T19:17:05+08:00
BK1639,2026-09-01T00:00:00Z,94125,93797,94543,93729,94240,-443,-0.47,79169783,197064196867,0.81,0.98,0.00,0,38709508,40460275,24339378432000,18724019712000,-8636550656,30272544000,35498593280,-5226049280,48800094208,52210595584,-3410501376,59743667200,57851465216,1892201984,55097039360,48352690688,6744348672,-4.38,-2.65,-1.73,0.96,3.42,0,100,44,49,7,0,0,13.60,0.00,0.00,0.00,,0.00,,0.00,EastMoney,2026-09-01T19:17:05+08:00
BK1640,2026-09-01T00:00:00Z,95286,96517,96819,95286,95408,1109,1.16,41376849,44393310533,0.78,1.24,0.00,0,23367622,18009227,10248457984000,5961284352000,544311296,6021788928,5650805504,370983424,10611531520,10438203648,173327872,13265862144,13616944384,-351082240,13841167616,14032586752,-191419136,1.23,0.84,0.39,-0.79,-0.43,0,100,85,14,1,0,0,10.43,0.00,0.00,0.00,,0.00,,0.00,EastMoney,2026-09-01T19:17:05+08:00
BK1641,2026-09-01T00:00:00Z,101594,102253,103057,101594,101781,472,0.46,67396107,61679177072,0.42,1.32,0.00,0,37857192,29538915,20709732352000,14260262912000,404833792,9618757888,8831377408,787380480,14488515584,14871062272,-382546688,18063718400,18391268864,-327550464,18529631232,18606914816,-77283584,0.66,1.28,-0.62,-0.53,-0.13,0,100,67,33,0,0,0,8.95,0.00,0.00,0.00,,0.00,,0.00,EastMoney,2026-09-01T19:17:05+08:00
BK1642,2026-09-01T00:00:00Z,85220,86221,86444,85121,85367,854,1.00,25258318,18652527644,2.00,1.07,0.00,0,13260099,11998219,777184960000,712497136000,458744208,1805503968,1444558592,360945376,3931858688,3834059856,97798832,5668291328,5715028736,-46737408,6752134144,7085617920,-333483776,2.46,1.94,0.52,-0.25,-1.79,0,100,63,35,2,0,0,-251.13,0.00,0.00,0.00,,0.00,,0.00,EastMoney,2026-09-01T19:17:05+08:00
BK1643,2026-09-01T00:00:00Z,87935,87726,88164,87467,87950,-224,-0.25,283352132,423357648138,2.33,1.10,0.00,0,142227597,141124535,15688957440000,13808698624000,-3371442432,38767287296,39657078016,-889790720,91633508352,94115160064,-2481651712,134908600320,134468583424,440016896,150530912256,147648114688,2882797568,-0.80,-0.21,-0.59,0.10,0.68,0,1000,530,449,21,0,0,47.24,0.00,0.00,0.00,,0.00,,0.00,EastMoney,2026-09-01T19:17:05+08:00
BK1644,2026-09-01T00:00:00Z,91351,92425,92512,91248,91418,1007,1.10,2217723,2790725648,3.23,1.10,0.00,0,1123172,1094551,102826762000,89217646000,11397623,36651036,51033573,-14382537,404517424,378737264,25780160,879654672,879369104,285568,1414922624,1426605824,-11683200,0.41,-0.52,0.92,0.01,-0.42,0,46,43,2,1,0,0,37.42,0.00,0.00,0.00,,0.00,,0.00,EastMoney,2026-09-01T19:17:05+08:00
BK1645,2026-09-01T00:00:00Z,2048747,2090352,2098926,2036873,2005291,85061,4.24,11221875,17277595106,15.03,1.15,0.00,0,4886537,6335338,96586083000,94682027000,-338771808,2684881232,2973058928,-288177696,3820729504,3871323616,-50594112,5098171904,4816689152,281482752,4767730688,4710441472,57289216,-1.96,-1.67,-0.29,1.63,0.33,0,10,7,3,0,0,0,207.61,0.00,0.00,0.00,,0.00,,0.00,EastMoney,2026-09-01T19:17:05+08:00
BK1646,2026-09-01T00:00:00Z,105547,104360,105547,103743,105514,-1154,-1.09,62914933,161764756319,3.23,1.04,0.00,0,28738858,34176075,9492561664000,5032260864000,-11013911552,18777981440,26832071680,-8054090240,35752751616,38712572928,-2959821312,52108496384,48793560064,3314936320,51383122432,43678514432,7704608000,-6.81,-4.98,-1.83,2.05,4.76,0,206,66,140,0,0,0,43.33,0.00,0.00,0.00,,0.00,,0.00,EastMoney,2026-09-01T19:17:05+08:00
BK1647,2026-09-01T00:00:00Z,81802,82090,82374,81546,81787,303,0.37,48612385,84248061028,2.59,0.95,0.00,0,23689413,24922973,3005802928000,2707460864000,-2852713728,8385435392,9546622464,-1161187072,17076525056,18768051712,-1691526656,26451852032,26558066944,-106214912,30801489920,27808244480,2993245440,-3.39,-1.38,-2.01,-0.13,3.55,0,229,134,88,7,0,0,37.85,0.00,0.00,0.00,,0.00,,0.00,EastMoney,2026-09-01T19:17:05+08:00
BK1648,2026-09-01T00:00:00Z,92223,91694,92263,91274,92245,-551,-0.60,143866681,275147125796,2.22,1.01,0.00,0,68796017,75070665,13862811904000,12033506560000,-10800833536,26725691136,33176637440,-6450946304,60717175040,65067062272,-4349887232,89155010560,86406176768,2748833792,93414944768,85287997440,8126947328,-3.93,-2.34,-1.58,1.00,2.95,0,572,245,309,18,0,0,30.00,0.00,0.00,0.00,,0.00,,0.00,EastMoney,2026-09-01T19:17:05+08:00
BK1649,2026-09-01T00:00:00Z,83720,84173,84541,83694,83718,455,0.54,46269193,38263920424,0.93,1.11,0.00,0,23421659,22847534,6388465920000,4275966560000,32625520,3892961840,3430811328,462150512,7905631232,8335156224,-429524992,11549817600,11809737728,-259920128,14079343872,13835315968,244027904,0.09,1.21,-1.12,-0.68,0.64,0,156,105,44,7,0,0,15.01,0.00,0.00,0.00,,0.00,,0.00,EastMoney,2026-09-01T19:17:05+08:00
BK1650,2026-09-01T00:00:00Z,106869,105356,106869,104576,106789,-1433,-1.34,106154876,403529875372,2.74,1.02,0.00,0,49968988,56185888,14951330816000,11656655360000,-16613984768,53210164736,61978933248,-8768768512,94397300736,102242516992,-7845216256,130051874816,129249710080,802164736,118312943616,102598467584,15714476032,-4.12,-2.17,-1.94,0.20,3.89,0,382,127,247,8,0,0,45.20,0.00,0.00,0.00,,0.00,,0.00,EastMoney,2026-09-01T19:17:05+08:00
BK1651,2026-09-01T00:00:00Z,98362,97516,98362,96741,98320,-804,-0.82,23744063,23017133911,2.57,1.00,0.00,0,10270734,13473329,911850848000,829039920000,-730287808,2791452400,3436374704,-644922304,4917136640,5002502144,-85365504,7104609280,6890885888,213723392,7800441600,7283877120,516564480,-3.17,-2.80,-0.37,0.93,2.24,0,48,19,27,2,0,0,50.96,0.00,0.00,0.00,,0.00,,0.00,EastMoney,2026-09-01T19:17:05+08:00
BK1652,2026-09-01T00:00:00Z,88029,89480,89635,87986,87951,1529,1.74,15362326,20256554263,2.73,1.20,0.00,0,7792698,7569628,734734416000,646208528000,104181312,2620964640,2361289440,259675200,4540093440,4695587328,-155493888,6139767040,6296149504,-156382464,6356372736,6282489344,73883392,0.51,1.28,-0.77,-0.77,0.36,0,82,68,11,3,0,0,76.33,0.00,0.00,0.00,,0.00,,0.00,EastMoney,2026-09-01T19:17:05+08:00
BK1653,2026-09-01T00:00:00Z,89475,91182,91550,89460,89489,1693,1.89,15056875,28876095215,1.93,1.14,0.00,0,7814356,7242519,3466945280000,3383414720000,1044646848,3111738720,2526567840,585170880,7027986944,6568510976,459475968,9813698816,10049056512,-235357696,8416409856,9203918592,-787508736,3.62,2.03,1.59,-0.82,-2.73,0,90,77,11,2,0,0,21.43,0.00,0.00,0.00,,0.00,,0.00,EastMoney,2026-09-01T19:17:05+08:00
BK1654,2026-09-01T00:00:00Z,85722,87276,87435,85711,85241,2035,2.39,49349318,56986792740,5.00,1.83,0.00,0,24248209,25101109,1050646272000,964520416000,-560246784,8828414208,8002674176,825740032,12675012608,14060999424,-1385986816,16925014528,17695144192,-770129664,16688329216,15357952768,1330376448,-0.98,1.45,-2.43,-1.35,2.33,0,92,78,12,2,0,0,55.35,0.00,0.00,0.00,,0.00,,0.00,EastMoney,2026-09-01T19:17:05+08:00
BK1655,2026-09-01T00:00:00Z,83575,85653,85720,83514,83575,2078,2.49,16435167,15125066144,1.48,1.26,0.00,0,8951945,7483222,3113470528000,963049248000,588429920,1501333280,1227940464,273392816,3536215360,3221178256,315037104,4688986368,4758144000,-69157632,5161498112,5680770560,-519272448,3.89,1.81,2.08,-0.46,-3.43,0,62,55,5,2,0,0,20.11,0.00,0.00,0.00,,0.00,,0.00,EastMoney,2026-09-01T19:17:05+08:00
BK1656,2026-09-01T00:00:00Z,89146,90738,90848,89085,89217,1521,1.70,7147002,6207980127,1.75,0.87,0.00,0,3919677,3227325,572987488000,526766496000,321168080,452717392,271739856,180977536,1479356976,1339166432,140190544,1960356032,2061930192,-101574160,2229751872,2449345792,-219593920,5.17,2.92,2.26,-1.64,-3.54,0,40,37,3,0,0,0,25.43,0.00,0.00,0.00,,0.00,,0.00,EastMoney,2026-09-01T19:17:05+08:00
BK1657,2026-09-01T00:00:00Z,95574,97025,97335,95466,95802,1223,1.28,37532846,43941621983,3.67,0.89,0.00,0,19694934,17837912,1683025424000,1493740064000,1120559632,3447061360,2970024544,477036816,9520527104,8877004288,643522816,14298581504,14183544576,115036928,15577082368,16798746368,-1221664000,2.55,1.09,1.46,0.26,-2.78,0,168,134,34,0,0,0,102.13,0.00,0.00,0.00,,0.00,,0.00,EastMoney,2026-09-01T19:17:05+08:00
BK1658,2026-09-01T00:00:00Z,95667,96709,96961,95436,95685,1024,1.07,15395571,29516541506,2.16,0.97,0.00,0,8023866,7371705,1589410944000,1356903200000,422748960,2050677216,1862472896,188204320,6406707968,6172163328,234544640,9828082176,10054968320,-226886144,10581582336,10774667520,-193085184,1.43,0.64,0.79,-0.77,-0.65,0,79,57,22,0,0,0,35.25,0.00,0.00,0.00,,0.00,,0.00,EastMoney,2026-09-01T19:17:05+08:00
BK1659,2026-09-01T00:00:00Z,92572,93694,93873,92466,92547,1147,1.24,7767345,12916238804,2.15,0.98,0.00,0,4097376,3669969,775397216000,725664016000,277474320,1119655440,950664192,168991248,2951392560,2842909488,108483072,4179970704,4212170144,-32199440,4461927936,4704874240,-242946304,2.15,1.31,0.84,-0.25,-1.88,0,62,47,15,0,0,0,44.38,0.00,0.00,0.00,,0.00,,0.00,EastMoney,2026-09-01T19:17:05+08:00
BK1660,2026-09-01T00:00:00Z,120110,118175,120110,117208,120105,-1930,-1.61,37216433,126290652747,2.64,0.89,0.00,0,16804602,20411831,3725795536000,3346981984000,-4949853696,16999868160,19772147968,-2772279808,31180927744,33358501632,-2177573888,39218255104,38049242368,1169012736,36327807232,32654960128,3672847104,-3.92,-2.20,-1.72,0.93,2.91,0,75,25,50,0,0,0,53.86,0.00,0.00,0.00,,0.00,,0.00,EastMoney,2026-09-01T19:17:05+08:00
BK1661,2026-09-01T00:00:00Z,95078,95027,95648,94983,95176,-149,-0.16,63773999,193720631239,0.61,1.02,0.00,0,31708665,32065335,31183587328000,22360023296000,-3441277440,34853809664,36022351616,-1168541952,50143605760,52416341248,-2272735488,60467928576,61526761472,-1058832896,45074050304,40573940224,4500110080,-1.78,-0.60,-1.17,-0.55,2.32,0,96,49,44,3,0,0,15.31,0.00,0.00,0.00,,0.00,,0.00,EastMoney,2026-09-01T19:17:05+08:00
BK1662,2026-09-01T00:00:00Z,105549,105927,106325,105388,105765,162,0.15,48173990,179517284754,0.29,1.09,0.00,0,26673308,21500682,42539018752000,28073684480000,912186112,38246277120,36894851072,1351426048,54727985408,55167225344,-439239936,55384532736,57409297152,-2024764416,28581424384,27468846336,1112578048,0.51,0.75,-0.24,-1.13,0.62,0,50,29,19,2,0,0,11.94,0.00,0.00,0.00,,0.00,,0.00,EastMoney,2026-09-01T19:17:05+08:00
BK1663,2026-09-01T00:00:00Z,100378,99963,100592,99945,100462,-499,-0.50,206638748,608393596293,0.64,1.08,0.00,0,107959291,98679457,73589325824000,54168458752000,-17059549184,100258091008,110523502592,-10265411584,161815953408,168610091008,-6794137600,193617301504,190550491136,3066810368,143034916864,129042178048,13992738816,-2.80,-1.69,-1.12,0.50,2.30,0,300,144,146,10,0,0,14.26,0.00,0.00,0.00,,0.00,,0.00,EastMoney,2026-09-01T19:17:05+08:00
BK1664,2026-09-01T00:00:00Z,99642,99086,99741,98988,99700,-614,-0.62,202849850,422282124631,1.80,1.11,0.00,0,102777613,100072237,19397050112000,16963302144000,-13102264576,44226813440,50384830208,-6158016768,93463314432,100407562240,-6944247808,141715632128,139833335808,1882296320,135460216832,124343390208,11116826624,-3.10,-1.46,-1.64,0.45,2.63,0,500,228,260,12,0,0,42.31,0.00,0.00,0.00,,0.00,,0.00,EastMoney,2026-09-01T19:17:05+08:00
BK1665,2026-09-01T00:00:00Z,106202,104267,106202,104210,106302,-2035,-1.91,34440912,310782584814,1.06,0.94,0.00,0,16420395,18020517,20832795392000,16841452032000,-10840672512,53685130496,60025343488,-6340212992,87855652864,92356112384,-4500459520,102415179776,100519063552,1896116224,61728490240,52783931136,8944559104,-3.49,-2.04,-1.45,0.61,2.88,0,103,23,77,3,0,0,45.48,0.00,0.00,0.00,,0.00,,0.00,EastMoney,2026-09-01T19:17:05+08:00
BK1666,2026-09-01T00:00:00Z,96720,97458,97880,96699,96755,703,0.73,114865952,132630374574,0.53,1.20,0.00,0,63205243,51660709,32833223936000,21632097536000,803702016,22061359360,22163616512,-102257152,33489074688,32583115520,905959168,38992792320,38950150400,42641920,36152715520,36999059456,-846343936,0.61,-0.08,0.68,0.03,-0.64,0,107,73,31,3,0,0,9.77,0.00,0.00,0.00,,0.00,,0.00,EastMoney,2026-09-01T19:17:05+08:00
BK1667,2026-09-01T00:00:00Z,97329,96409,97341,95949,97285,-876,-0.90,87863851,188429657662,2.71,1.04,0.00,0,43772024,44091827,6082394880000,5044592128000,-477643776,17342429696,17694684928,-352255232,42294275584,42419664128,-125388544,61221227008,60970722560,250504448,64135018496,63956502272,178516224,-0.25,-0.19,-0.07,0.13,0.09,0,375,164,209,2,0,0,62.99,0.00,0.00,0.00,,0.00,,0.00,EastMoney,2026-09-01T19:17:05+08:00
BK1668,2026-09-01T00:00:00Z,92086,92690,93112,92036,92190,500,0.54,98307345,88014021496,1.89,1.18,0.00,0,50286382,48020963,4570649856000,4203499056000,-1142376704,7530325248,7823877376,-293552128,17938820608,18787645184,-848824576,27705804032,27549576192,156227840,33395961600,32409812480,986149120,-1.30,-0.33,-0.96,0.18,1.12,0,301,200,89,12,0,0,25.80,0.00,0.00,0.00,,0.00,,0.00,EastMoney,2026-09-01T19:17:05+08:00
BK1669,2026-09-01T00:00:00Z,106595,104831,106595,104539,106634,-1803,-1.69,88484978,251467933759,2.85,1.12,0.00,0,44986936,43498042,8891124992000,7338121472000,-9646839296,27113998592,32394909440,-5280910848,56751156224,61117084672,-4365928448,87468515328,86077972480,1390542848,75632136192,67483830528,8148305664,-3.84,-2.10,-1.74,0.55,3.24,0,207,64,142,1,0,0,61.98,0.00,0.00,0.00,,0.00,,0.00,EastMoney,2026-09-01T19:17:05+08:00
BK1670,2026-09-01T00:00:00Z,95801,96275,96952,95776,95891,384,0.40,62157409,68992179592,1.31,1.26,0.00,0,32290879,29866530,4992558336000,4581453056000,-1024539136,6709678080,7013864192,-304186112,15133926144,15854279168,-720353024,21514143488,21665680384,-151536896,24565195520,23384269312,1180926208,-1.49,-0.44,-1.04,-0.22,1.71,0,144,89,48,7,0,0,35.94,0.00,0.00,0.00,,0.00,,0.00,EastMoney,2026-09-01T19:17:05+08:00
BK1671,2026-09-01T00:00:00Z,71460,73338,73392,71434,71594,1744,2.44,24005644,24070126836,2.66,1.13,0.00,0,11933806,12071838,1018209728000,879100624000,1588976832,2493675296,1263205984,1230469312,5173187840,4814680320,358507520,7328052480,7670909696,-342857216,7615906048,8420420096,-804514048,6.60,5.11,1.49,-1.42,-3.34,0,173,137,29,7,0,0,-6.20,0.00,0.00,0.00,,0.00,,0.00,EastMoney,2026-09-01T19:17:05+08:00
BK1672,2026-09-01T00:00:00Z,96904,98040,98207,96887,96989,1051,1.08,123629934,76285174429,1.85,1.05,0.00,0,64034314,59595620,4416640256000,3839243952000,928446976,5388849408,4299251200,1089598208,15533904384,15695055616,-161151232,24048223488,24213244928,-165021440,29576823296,30235615488,-658792192,1.22,1.43,-0.21,-0.22,-0.86,0,692,500,170,22,0,0,-128.72,0.00,0.00,0.00,,0.00,,0.00,EastMoney,2026-09-01T19:17:05+08:00
BK1673,2026-09-01T00:00:00Z,95016,96138,96334,94988,95050,1088,1.14,226239194,195521191089,1.70,1.17,0.00,0,118489444,107749750,12298738688000,10503496448000,1823325184,21375817984,18782043136,2593774848,42295432192,43065881856,-770449664,60619346176,62252882944,-1633536768,67543954944,67727583744,-183628800,0.93,1.33,-0.39,-0.84,-0.09,0,806,602,178,26,0,0,45.44,0.00,0.00,0.00,,0.00,,0.00,EastMoney,2026-09-01T19:17:05+08:00
BK1674,2026-09-01T00:00:00Z,154245,156008,156661,154245,153636,2372,1.54,47993799,56079373821,19.53,2.60,0.00,0,23964653,24029146,4974393856000,3633614880000,-1867276800,7706344704,8354207232,-647862528,12119406080,13338820352,-1219414272,16973705216,16378951936,594753280,17451520000,16178996736,1272523264,-3.33,-1.16,-2.17,1.06,2.27,0,70,44,25,1,0,0,9.85,0.00,0.00,0.00,,0.00,,0.00,EastMoney,2026-09-01T19:17:05+08:00
BK1675,2026-09-01T00:00:00Z,186647,184064,187427,182355,185820,-1756,-0.95,6972959,15617148028,1.69,8.03,0.00,0,3582922,3390038,3218764032000,2198963488000,-662839872,2400191216,2615863680,-215672464,3503643488,3950810896,-447167408,4877148416,4511880448,365267968,4501332992,4203761040,297571952,-4.24,-1.38,-2.86,2.34,1.91,0,8,2,5,1,0,0,9.21,0.00,0.00,0.00,,0.00,,0.00,EastMoney,2026-09-01T19:17:05+08:00
BK1676,2026-09-01T00:00:00Z,163792,165535,166436,163792,163206,2329,1.43,41530339,49003941104,17.94,2.75,0.00,0,21093553,20436785,4790120704000,3457331472000,-1722388992,6884964608,7473995520,-589030912,10665561600,11798919680,-1133358080,14947607296,14361172992,586434304,15003701760,13867747328,1135954432,-3.51,-1.20,-2.31,1.20,2.32,0,52,30,21,1,0,0,9.61,0.00,0.00,0.00,,0.00,,0.00,EastMoney,2026-09-01T19:17:05+08:00
BK1680,2026-09-01T00:00:00Z,99952,98870,100037,98686,99905,-1035,-1.04,37120926,121924877183,3.17,0.99,0.00,0,17706519,19414408,4451742976000,3627216832000,-6922455296,15728690688,19582879744,-3854189056,28453861376,31522127616,-3068266240,38525901568,36573193728,1952707840,36751350016,31826688768,4924661248,-5.68,-3.16,-2.52,1.60,4.04,0,110,42,67,1,0,0,28.28,0.00,0.00,0.00,,0.00,,0.00,EastMoney,2026-09-01T19:17:05+08:00
BK1681,2026-09-01T00:00:00Z,94632,93781,94632,93197,94786,-1005,-1.06,1509743,4599520631,2.14,0.90,0.00,0,700483,809260,181655736000,132504212000,-42323040,413148032,540898256,-127750224,1040479488,955052304,85427184,1419383360,1429483664,-10100304,1652868624,1600445280,52423344,-0.92,-2.78,1.86,-0.22,1.14,0,12,4,8,0,0,0,69.40,0.00,0.00,0.00,,0.00,,0.00,EastMoney,2026-09-01T19:17:05+08:00
BK1682,2026-09-01T00:00:00Z,103599,101866,103818,101711,103749,-1883,-1.81,1347677,9419487591,2.85,0.80,0.00,0,586801,760876,462253984000,200835695000,-814866800,968473360,1563191360,-594718000,2165228016,2385376816,-220148800,4716783104,4097231168,619551936,1309177728,1143850752,165326976,-8.65,-6.31,-2.34,6.58,1.76,0,11,3,8,0,0,0,32.58,0.00,0.00,0.00,,0.00,,0.00,EastMoney,2026-09-01T19:17:05+08:00
BK1693,2026-09-01T00:00:00Z,117975,119149,119512,117857,117831,1318,1.12,17209382,13795193880,3.35,1.12,0.00,0,8512917,8696464,607419392000,386717008000,-257974256,1301592832,1442699456,-141106624,3244809360,3361676992,-116867632,4327167488,4350649856,-23482368,4544608512,4263151664,281456848,-1.87,-1.02,-0.85,-0.17,2.04,0,72,43,27,2,0,0,15.28,0.00,0.00,0.00,,0.00,,0.00,EastMoney,2026-09-01T19:17:05+08:00
BK1698,2026-09-01T00:00:00Z,105826,106654,107123,105811,105972,682,0.64,13544426,28174221148,0.45,1.03,0.00,0,6927526,6616900,5148306432000,3841205280000,-956656912,2235091952,2887784192,-652692240,5908674048,6212638720,-303964672,10065427456,9424883200,640544256,9521745408,9193911040,327834368,-3.40,-2.32,-1.08,2.27,1.16,0,85,63,18,4,0,0,18.98,0.00,0.00,0.00,,0.00,,0.00,EastMoney,2026-09-01T19:17:05+08:00
BK1699,2026-09-01T00:00:00Z,112649,113510,113881,112617,112700,810,0.72,121998648,136057024976,4.06,1.28,0.00,0,63645463,58353185,4120093920000,3609798496000,-1535770368,17922841344,18197143296,-274301952,32048193792,33309662208,-1261468416,43106174720,43740794112,-634619392,40716408064,38543226112,2173181952,-1.13,-0.20,-0.93,-0.47,1.60,0,228,138,82,8,0,0,40.04,0.00,0.00,0.00,,0.00,,0.00,EastMoney,2026-09-01T19:17:05+08:00
BK1700,2026-09-01T00:00:00Z,109417,107495,109607,107353,109328,-1833,-1.68,15462536,33676633111,2.01,0.89,0.00,0,6650102,8812434,1711256368000,1611629024000,-524962816,4946932992,5632307968,-685374976,8146010112,7985597952,160412160,10387571712,10036524288,351047424,9523230208,9349315072,173915136,-1.56,-2.04,0.48,1.04,0.52,0,26,7,19,0,0,0,22.37,0.00,0.00,0.00,,0.00,,0.00,EastMoney,2026-09-01T19:17:05+08:00
BK1710,2026-09-01T00:00:00Z,88833,87777,88838,87745,88890,-1113,-1.25,31071580,126931537422,1.13,1.07,0.00,0,15439913,15631667,10590735872000,8495198720000,-3932112128,15807606272,18053133568,-2245527296,30996533760,32683118592,-1686584832,41578211840,40920887808,657324032,36467060224,33192271872,3274788352,-3.10,-1.77,-1.33,0.52,2.58,0,100,34,65,1,0,0,31.27,0.00,0.00,0.00,,0.00,,0.00,EastMoney,2026-09-01T19:17:05+08:00
BK1711,2026-09-01T00:00:00Z,93375,94369,94809,93322,93394,975,1.04,36563337,54836866616,1.78,1.41,0.00,0,20343632,16219705,6746055936000,6102831872000,1683707136,6486369280,5238828800,1247540480,13211064320,12774897664,436166656,18148655872,18400953856,-252297984,16112981248,17530458112,-1417476864,3.07,2.28,0.80,-0.46,-2.58,0,100,69,28,3,0,0,21.11,0.00,0.00,0.00,,0.00,,0.00,EastMoney,2026-09-01T19:17:05+08:00
BK1712,2026-09-01T00:00:00Z,105517,105905,106173,105342,105657,248,0.23,19038364,47262634429,1.49,0.85,0.00,0,10123136,8915228,4404704512000,3523083904000,8158624,3893472848,4037473968,-144001120,10912750848,10760591104,152159744,16629394688,16153747456,475647232,15051760640,15535566080,-483805440,0.02,-0.30,0.32,1.01,-1.02,0,100,60,39,1,0,0,34.59,0.00,0.00,0.00,,0.00,,0.00,EastMoney,2026-09-01T19:17:05+08:00
BK1713,2026-09-01T00:00:00Z,94950,92339,94950,92251,95135,-2796,-2.94,50849518,353050001104,1.51,0.93,0.00,0,22490430,28359088,21250521344000,15500487168000,-18571904256,58459486976,70649520128,-12190033152,95908249600,102290120704,-6381871104,119492968448,115395764224,4097204224,73665077248,59190375680,14474701568,-5.26,-3.45,-1.81,1.16,4.10,0,100,14,86,0,0,0,41.84,0.00,0.00,0.00,,0.00,,0.00,EastMoney,2026-09-01T19:17:05+08:00
BK1714,2026-09-01T00:00:00Z,106389,108254,108390,106279,106776,1478,1.38,97870075,94987069640,0.56,1.25,0.00,0,56351839,41518236,23465088768000,16285911040000,2763802880,18262709504,15650658816,2612050688,24588489216,24436737024,151752192,26774086912,27719316480,-945229568,23934114560,25752688128,-1818573568,2.91,2.75,0.16,-1.00,-1.91,0,100,86,11,3,0,0,7.90,0.00,0.00,0.00,,0.00,,0.00,EastMoney,2026-09-01T19:17:05+08:00
BK1715,2026-09-01T00:00:00Z,80253,79961,80374,79746,80268,-307,-0.38,173479117,314267733949,4.40,1.16,0.00,0,83381929,90097188,11638498816000,8297505280000,-6498789120,34801385984,37988620544,-3187234560,70421843968,73733398528,-3311554560,98948870144,99271028736,-322158592,102123896832,95380512768,6743384064,-2.07,-1.01,-1.05,-0.10,2.15,0,488,201,277,10,0,0,25.56,0.00,0.00,0.00,,0.00,,0.00,EastMoney,2026-09-01T19:17:05+08:00
BK1716,2026-09-01T00:00:00Z,60627,60005,60627,59511,60791,-786,-1.29,5258244,19523410037,7.08,1.01,0.00,0,2448276,2809967,367551696000,297300560000,-788934096,1591539872,2285080432,-693540560,4305719296,4401112832,-95393536,6243296000,6189108992,54187008,6760247296,6024376064,735871232,-4.04,-3.55,-0.49,0.28,3.77,0,27,8,19,0,0,0,44.15,0.00,0.00,0.00,,0.00,,0.00,EastMoney,2026-09-01T19:17:05+08:00
BK1717,2026-09-01T00:00:00Z,141289,142459,143083,140934,139736,2723,1.95,109029923,155146480366,11.36,1.25,0.00,0,52031936,56997987,1797898496000,1687390992000,-6498551808,23582423552,27362427392,-3780003840,33425728256,36144276224,-2718547968,46149512192,45264606720,884905472,46410033920,40796387584,5613646336,-4.19,-2.44,-1.75,0.57,3.62,0,63,33,29,1,0,0,79.19,0.00,0.00,0.00,,0.00,,0.00,EastMoney,2026-09-01T19:17:05+08:00
BK1721,2026-09-01T00:00:00Z,112629,112443,112994,112010,112634,-191,-0.17,37191715,104507306544,2.14,0.92,0.00,0,17650182,19541533,5505811712000,4265571296000,209027072,20084780032,19869255424,215524608,30973457408,30979954944,-6497536,32714598144,33245723392,-531125248,18903621120,18615983104,287638016,0.20,0.21,-0.01,-0.51,0.28,0,100,50,49,1,0,0,35.25,0.00,0.00,0.00,,0.00,,0.00,EastMoney,2026-09-01T19:17:05+08:00
BK1722,2026-09-01T00:00:00Z,113499,112566,113508,111908,113574,-1008,-0.89,59283697,284930804548,4.86,1.10,0.00,0,29323671,29960026,14253749760000,8374765824000,-5987454464,49261284352,53444639232,-4183354880,79910412288,81714511872,-1804099584,93774110720,94740484096,-966373376,56347275776,49498746880,6848528896,-2.10,-1.47,-0.63,-0.34,2.40,0,200,81,117,2,0,0,100.70,0.00,0.00,0.00,,0.00,,0.00,EastMoney,2026-09-01T19:17:05+08:00
BK1723,2026-09-01T00:00:00Z,105640,107137,107292,105640,105835,1302,1.23,129619617,64214197029,0.77,1.32,0.00,0,73048924,56570693,15850160896000,10280897280000,-319454208,10295161344,9630522624,664638720,14483745792,15467838720,-984092928,18902823680,18571248128,331575552,19225864448,19237985792,-12121344,-0.50,1.04,-1.53,0.52,-0.02,0,200,168,20,12,0,0,9.62,0.00,0.00,0.00,,0.00,,0.00,EastMoney,2026-09-01T19:17:05+08:00
BK1743,2026-09-01T00:00:00Z,99209,99195,99882,99112,99306,-111,-0.11,10888358,88158763368,1.09,0.96,0.00,0,5672808,5215549,8896391936000,7363845120000,-347894272,18944342784,18269370880,674971904,28954187776,29977053952,-1022866176,27440105472,28107268096,-667162624,11422805760,10407748864,1015056896,-0.39,0.77,-1.16,-0.76,1.15,0,26,12,14,0,0,0,25.80,0.00,0.00,0.00,,0.00,,0.00,EastMoney,2026-09-01T19:17:05+08:00
BK1749,2026-09-01T00:00:00Z,106405,105728,106503,105505,106397,-669,-0.63,208335321,579803317086,2.42,1.02,0.00,0,99873196,108462126,26089545728000,22136824320000,-23621177344,73560240128,87582355456,-14022115328,136103673856,145702735872,-9599062016,182496301056,179235840000,3260461056,176666038272,156356407296,20309630976,-4.07,-2.42,-1.66,0.56,3.50,0,576,246,314,16,0,0,20.56,0.00,0.00,0.00,,0.00,,0.00,EastMoney,2026-09-01T19:17:05+08:00
BK1750,2026-09-01T00:00:00Z,98827,99329,99725,98735,98849,480,0.49,76650263,93709940833,3.63,1.12,0.00,0,38115498,38534765,6644439552000,2399895120000,-4981660672,10950889216,14739185920,-3788296704,20746870528,21940234496,-1193363968,31404960000,29723266816,1681693184,28586087168,25255918080,3330169088,-5.32,-4.04,-1.27,1.79,3.55,0,204,124,75,5,0,0,50.06,0.00,0.00,0.00,,0.00,,0.00,EastMoney,2026-09-01T19:17:05+08:00
BK1751,2026-09-01T00:00:00Z,105764,106867,107137,105755,105844,1023,0.97,75238844,60586217623,2.83,1.15,0.00,0,38376187,36862657,2294560480000,2015339104000,1006839040,5831389696,4661607168,1169782528,12260740864,12423684352,-162943488,18262367744,19160144896,-897777152,22888290816,22997352960,-109062144,1.66,1.93,-0.27,-1.48,-0.18,0,278,194,73,11,0,0,-22.97,0.00,0.00,0.00,,0.00,,0.00,EastMoney,2026-09-01T19:17:05+08:00
BK1752,2026-09-01T00:00:00Z,105196,106351,106527,105190,105346,1005,0.95,51444633,46649407334,1.99,1.32,0.00,0,26855023,24589610,2332990208000,2178674832000,423030352,4161335552,3870259632,291075920,9776194816,9644240384,131954432,14658551040,14558278144,100272896,17140751360,17664054272,-523302912,0.91,0.62,0.28,0.21,-1.12,0,213,152,56,5,0,0,53.67,0.00,0.00,0.00,,0.00,,0.00,EastMoney,2026-09-01T19:17:05+08:00
BK1753,2026-09-01T00:00:00Z,111824,109447,111824,108802,111755,-2308,-2.07,7542109,25288329816,3.30,0.99,0.00,0,3300406,4241704,838210528000,702266496000,-1550994960,1804911152,2505204544,-700293392,4972347904,5823049472,-850701568,8560886016,8300734976,260151040,9395226624,8174850560,1220376064,-6.13,-2.77,-3.36,1.03,4.83,0,61,13,47,1,0,0,69.43,0.00,0.00,0.00,,0.00,,0.00,EastMoney,2026-09-01T19:17:05+08:00
BK0420,2026-09-02T00:00:00Z,403348,401750,403753,400593,406047,-4297,-1.06,6580995,2615704422,0.61,1.01,0.00,0,2359831,4221164,550894912000,451823728000,-127265520,284116080,379102336,-94986256,559576064,591855328,-32279264,831415968,692923600,138492368,838322112,849548944,-11226832,-4.87,-3.63,-1.23,5.29,-0.43,0,14,1,13,0,0,0,112.18,0.00,0.00,0.00,,0.00,,0.00,EastMoney,2026-09-02T18:50:37+08:00
BK0421,2026-09-02T00:00:00Z,863458,857685,863458,854391,865693,-8008,-0.93,7028650,3686557102,0.55,0.87,0.00,0,3250350,3778300,782108640000,729229584000,-27946544,303993328,306325968,-2332640,744827568,770441472,-25613904,1063092800,1156137744,-93044944,1507266544,1386275056,120991488,-0.76,-0.06,-0.69,-2.52,3.28,0,36,6,29,1,0,0,16.62,0.00,0.00,0.00,,0.00,,0.00,EastMoney,2026-09-02T18:50:37+08:00
BK0422,2026-09-02T00:00:00Z,717053,711843,717596,708298,718181,-6338,-0.88,5606608,4631926512,1.05,0.92,0.00,0,2470941,3135667,629597968000,531231472000,-84014760,233376519,256970351,-23593832,789620096,850041024,-60420928,1475514224,1332561088,142953136,2029031152,2087010608,-57979456,-1.81,-0.51,-1.30,3.09,-1.25,0,47,10,37,0,0,0,26.85,0.00,0.00,0.00,,0.00,,0.00,EastMoney,2026-09-02T18:50:37+08:00
BK0424,2026-09-02T00:00:00Z,2621483,2611020,2622856,2589627,2635121,-24101,-0.91,3007472,2107202461,0.83,0.90,0.00,0,1295195,1712277,276631312000,232941350000,10128303,99143468,105164125,-6020657,400130896,383981936,16148960,665030112,646151088,18879024,908388272,937395616,-29007344,0.48,-0.29,0.77,0.90,-1.38,0,23,3,17,3,0,0,-196.48,0.00,0.00,0.00,,0.00,,0.00,EastMoney,2026-09-02T18:50:37+08:00
BK0425,2026-09-02T00:00:00Z,2553262,2548922,2558665,2530154,2564926,-16004,-0.62,18834022,12722966977,0.81,0.89,0.00,0,7611404,11222619,1306861376000,1158787472000,-323647056,1321353760,1553664784,-232311024,2590904320,2682240352,-91336032,3902311472,3735118480,167192992,4587260928,4419150336,168110592,-2.54,-1.83,-0.72,1.31,1.32,0,68,15,50,3,0,0,11.39,0.00,0.00,0.00,,0.00,,0.00,EastMoney,2026-09-02T18:50:37+08:00
BK0427,2026-09-02T00:00:00Z,950976,946512,951817,941118,950749,-4237,-0.45,47961065,36286558755,1.05,1.00,0.00,0,21031919,26929146,4204784624000,3491414976000,-562041648,4173926992,4265596288,-91669296,7820959488,8291331840,-470372352,10931609088,11134105600,-202496512,12535931648,11757864704,778066944,-1.55,-0.25,-1.30,-0.56,2.14,0,143,47,93,3,0,0,21.55,0.00,0.00,0.00,,0.00,,0.00,EastMoney,2026-09-02T18:50:37+08:00
BK0428,2026-09-02T00:00:00Z,1926342,1917138,1927656,1906928,1931247,-14109,-0.73,42374542,31164680883,0.98,0.97,0.00,0,18417807,23956735,3932808656000,3231005952000,-686130672,3838993792,4047772016,-208778224,6756619520,7233971968,-477352448,9275614976,9516651008,-241036032,10670435328,9743268608,927166720,-2.20,-0.67,-1.53,-0.77,2.98,0,112,29,81,2,0,0,21.53,0.00,0.00,0.00,,0.00,,0.00,EastMoney,2026-09-02T18:50:37+08:00
BK0429,2026-09-02T00:00:00Z,1055107,1055766,1058169,1046994,1058826,-3060,-0.29,5502611,6600205653,0.98,1.12,0.00,0,2588772,2913840,631465296000,531100832000,82053200,863196800,773234528,89962272,1280384368,1288293440,-7909072,2058225216,2093219872,-34994656,2238051680,2279330736,-41279056,1.24,1.36,-0.12,-0.53,-0.63,0,51,15,32,4,0,0,18.88,0.00,0.00,0.00,,0.00,,0.00,EastMoney,2026-09-02T18:50:37+08:00
BK0433,2026-09-02T00:00:00Z,1549192,1515402,1549192,1508572,1554743,-39341,-2.53,47323793,38889503091,4.82,1.19,0.00,0,20797628,26526165,1278558960000,968971680000,-1934003904,3023711040,4359533824,-1335822784,8136255232,8734436352,-598181120,12050966016,11899768576,151197440,13594525952,11893710080,1700815872,-4.97,-3.43,-1.54,0.39,4.37,0,114,20,94,0,0,0,-132.16,0.00,0.00,0.00,,0.00,,0.00,EastMoney,2026-09-02T18:50:37+08:00
BK0436,2026-09-02T00:00:00Z,1385081,1389508,1394986,1371118,1391217,-1709,-0.12,16603887,13380112242,2.31,0.98,0.00,0,8107898,8495989,627174480000,580420352000,-50460208,778761344,716698368,62062976,2444703840,2557227024,-112523184,4073366016,4158751968,-85385952,5558846464,5420112896,138733568,-0.38,0.46,-0.84,-0.64,1.04,0,112,30,76,6,0,0,28.47,0.00,0.00,0.00,,0.00,,0.00,EastMoney,2026-09-02T18:50:37+08:00
BK0437,2026-09-02T00:00:00Z,1526381,1439634,1529953,1437100,1489600,-49966,-3.35,26049110,20961043633,2.33,1.31,0.00,0,11451199,14597911,2401332464000,1911612048000,-680901984,1717489248,2221497280,-504008032,4528821760,4705715712,-176893952,6286416640,6636286720,-349870080,7976854784,6946082816,1030771968,-3.25,-2.40,-0.84,-1.67,4.92,0,34,1,33,0,0,0,19.01,0.00,0.00,0.00,,0.00,,0.00,EastMoney,2026-09-02T18:50:37+08:00
BK0438,2026-09-02T00:00:00Z,2672510,2650326,2676705,2645118,2688759,-38433,-1.43,17852143,27007931570,1.90,1.03,0.00,0,8211601,9640542,3785783744000,3677507376000,-320811280,2239045392,2245825568,-6780176,5672501504,5986532608,-314031104,8752504064,8984132352,-231628288,9536690688,8991647232,545043456,-1.19,-0.03,-1.16,-0.86,2.02,0,130,19,108,3,0,0,21.74,0.00,0.00,0.00,,0.00,,0.00,EastMoney,2026-09-02T18:50:37+08:00
BK0440,2026-09-02T00:00:00Z,4917881,4918608,4936183,4875088,4937718,-19110,-0.39,7865191,8181646360,2.74,1.09,0.00,0,3812965,4052227,468714112000,387395120000,-218180976,413969296,503775952,-89806656,1494322496,1622696816,-128374320,2500091840,2517487376,-17395536,3390414368,3167048592,223365776,-2.67,-1.10,-1.57,-0.21,2.73,0,77,27,48,2,0,0,50.51,0.00,0.00,0.00,,0.00,,0.00,EastMoney,2026-09-02T18:50:37+08:00
BK0447,2026-09-02T00:00:00Z,2898935,2902727,2917212,2875850,2926476,-23749,-0.81,36766682,53251856100,3.54,1.00,0.00,0,16554089,20212593,1822452720000,1579317808000,-2903599872,5183644672,6186648064,-1003003392,11004987136,12905583616,-1900596480,16580800000,16673629952,-92829952,19165100800,16161288192,3003812608,-5.45,-1.88,-3.57,-0.17,5.64,0,146,31,113,2,0,0,94.94,0.00,0.00,0.00,,0.00,,0.00,EastMoney,2026-09-02T18:50:37+08:00
BK0448,2026-09-02T00:00:00Z,2378621,2399383,2420038,2370739,2410697,-11314,-0.47,20660884,129401452050,4.25,0.84,0.00,0,9893599,10767286,4178946816000,3622313600000,-6712271616,20374547712,24247229440,-3872681728,31023853824,33863443712,-2839589888,43750757888,40856264448,2894493440,31114717952,27265339392,3849378560,-5.19,-2.99,-2.19,2.24,2.97,0,91,29,62,0,0,0,66.71,0.00,0.00,0.00,,0.00,,0.00,EastMoney,2026-09-02T18:50:37+08:00
BK0450,2026-09-02T00:00:00Z,1256448,1234519,1258235,1232946,1251255,-16736,-1.34,13110733,10359314034,0.82,0.94,0.00,0,5920613,7190120,1239906256000,1079188368000,-202297424,886937056,1087417696,-200480640,2236584240,2238401024,-1816784,3099428080,3080879040,18549040,3839811712,3656165632,183646080,-1.95,-1.94,-0.02,0.18,1.77,0,37,3,33,1,0,0,12.79,0.00,0.00,0.00,,0.00,,0.00,EastMoney,2026-09-02T18:50:37+08:00
BK0451,2026-09-02T00:00:00Z,1385726,1383664,1389911,1361653,1393167,-9503,-0.68,35633757,15252538612,1.84,0.88,0.00,0,16263806,19369951,864051472000,817551872000,-16240336,1426105440,1313423520,112681920,3442988016,3571910272,-128922256,4642345728,4654656000,-12310272,5358524160,5329973504,28550656,-0.11,0.74,-0.85,-0.08,0.19,0,90,20,67,3,0,0,-4.52,0.00,0.00,0.00,,0.00,,0.00,EastMoney,2026-09-02T18:50:37+08:00
BK0454,2026-09-02T00:00:00Z,2168423,2191487,2204197,2164790,2188288,3199,0.15,10766604,20471501967,3.57,0.99,0.00,0,5052461,5714143,674469936000,542446336000,-19529408,2071272704,1923108800,148163904,4238214912,4405908224,-167693312,6401876224,6296217344,105658880,7194323200,7255019520,-60696320,-0.10,0.72,-0.82,0.52,-0.30,0,77,33,43,1,0,0,71.18,0.00,0.00,0.00,,0.00,,0.00,EastMoney,2026-09-02T18:50:37+08:00
BK0456,2026-09-02T00:00:00Z,2366529,2374788,2384161,2347878,2377847,-3059,-0.13,14977375,17504345817,1.87,1.00,0.00,0,7210111,7767264,1989556448000,1755382736000,-328961424,1275682384,1462108400,-186426016,3494361872,3636897280,-142535408,5519574016,5588541696,-68967680,6582016512,6155975936,426040576,-1.88,-1.07,-0.81,-0.39,2.43,0,108,36,68,4,0,0,18.51,0.00,0.00,0.00,,0.00,,0.00,EastMoney,2026-09-02T18:50:37+08:00
BK0457,2026-09-02T00:00:00Z,3614962,3653246,3667940,3592029,3635530,17716,0.49,23804927,35545082290,2.53,0.98,0.00,0,11365215,12439711,1613940864000,1475450880000,1482468768,4518076160,3034113888,1483962272,6993110784,6994604288,-1493504,10897595392,11088282624,-190687232,12163978496,13340896768,-1176918272,4.17,4.17,0.00,-0.54,-3.31,0,143,66,74,3,0,0,34.56,0.00,0.00,0.00,,0.00,,0.00,EastMoney,2026-09-02T18:50:37+08:00
BK0458,2026-09-02T00:00:00Z,2156900,2162865,2176844,2141925,2173966,-11101,-0.51,3091615,11986547638,2.09,0.88,0.00,0,1541275,1550340,710413584000,403711648000,-331563952,1522252176,1620802448,-98550272,3501481952,3734495632,-233013680,3485710144,3184003776,301706368,3015443584,2967728432,47715152,-2.77,-0.82,-1.94,2.52,0.40,0,65,17,47,1,0,0,149.78,0.00,0.00,0.00,,0.00,,0.00,EastMoney,2026-09-02T18:50:37+08:00
BK0459,2026-09-02T00:00:00Z,5574752,5597143,5649068,5549272,5661566,-64423,-1.14,13433232,79504556688,3.62,0.73,0.00,0,6422963,7010268,3130588976000,2693830784000,-4612549120,10083559168,12666297344,-2582738176,18450511872,20480322816,-2029810944,24789657600,23881151744,908505856,24269369344,20527613952,3741755392,-5.80,-3.25,-2.55,1.14,4.71,0,67,14,53,0,0,0,65.00,0.00,0.00,0.00,,0.00,,0.00,EastMoney,2026-09-02T18:50:37+08:00
BK0464,2026-09-02T00:00:00Z,699974,678858,701709,675673,687620,-8762,-1.27,24190293,22231389731,0.66,1.32,0.00,0,10676039,13514254,5258642432000,3306872992000,565275408,2069651616,2072277904,-2626288,5131095296,4563193600,567901696,7009117696,6429730560,579387136,7325188608,8426069760,-1100881152,2.54,-0.01,2.55,2.61,-4.95,0,49,8,41,0,0,0,13.39,0.00,0.00,0.00,,0.00,,0.00,EastMoney,2026-09-02T18:50:37+08:00
BK0465,2026-09-02T00:00:00Z,3645808,3616783,3645808,3604451,3657776,-40993,-1.12,28496207,34682463732,2.79,0.81,0.00,0,12947654,15548552,2325635952000,1681574864000,-764821040,2768537984,3084115376,-315577392,7408245760,7857489408,-449243648,11561558272,11282454528,279103744,11883983104,11389664512,494318592,-2.21,-0.91,-1.30,0.80,1.43,0,160,36,122,2,0,0,50.73,0.00,0.00,0.00,,0.00,,0.00,EastMoney,2026-09-02T18:50:37+08:00
BK0470,2026-09-02T00:00:00Z,998710,998179,1002677,988554,1004484,-6305,-0.63,9524752,5604195003,2.95,0.91,0.00,0,4371092,5153661,254653100000,223938131000,-286033056,354270832,476922816,-122651984,1004436832,1167817904,-163381072,1728306416,1747716688,-19410272,2253203888,1943796368,309407520,-5.10,-2.19,-2.92,-0.35,5.52,0,41,11,29,1,0,0,229.51,0.00,0.00,0.00,,0.00,,0.00,EastMoney,2026-09-02T18:50:37+08:00
BK0471,2026-09-02T00:00:00Z,1741080,1732883,1741080,1715617,1747849,-14966,-0.86,4120898,3526540397,1.52,0.79,0.00,0,1812133,2308765,276654432000,241205837000,-69565251,173400423,172997354,403069,611240240,681208560,-69968320,1084231040,1086528112,-2297072,1557834592,1477584928,80249664,-1.97,0.01,-1.98,-0.07,2.28,0,27,7,20,0,0,0,37.81,0.00,0.00,0.00,,0.00,,0.00,EastMoney,2026-09-02T18:50:37+08:00
BK0473,2026-09-02T00:00:00Z,14475150,14256653,14493334,14247276,14568445,-311792,-2.14,25318702,27712920937,0.95,0.79,0.00,0,10125825,15192877,3557210784000,3009001248000,-3782364496,3134286000,5623430912,-2489144912,6049682944,7342902528,-1293219584,8762751744,7530650624,1232101120,9145216000,6594952448,2550263552,-13.65,-8.98,-4.67,4.45,9.20,0,49,1,48,0,0,0,12.66,0.00,0.00,0.00,,0.00,,0.00,EastMoney,2026-09-02T18:50:37+08:00
BK0474,2026-09-02T00:00:00Z,140855,139741,142402,139567,141309,-1568,-1.11,2952614,8400156006,0.39,0.93,0.00,0,1319580,1633034,2958712624000,2030235456000,-838758704,1141280688,1754707216,-613426528,2161948896,2387281072,-225332176,2548818544,2369870288,178948256,2381823920,1722013472,659810448,-9.99,-7.30,-2.68,2.13,7.85,0,5,1,4,0,0,0,5.24,0.00,0.00,0.00,,0.00,,0.00,EastMoney,2026-09-02T18:50:37+08:00
BK0475,2026-09-02T00:00:00Z,439185,438187,440939,435728,439169,-982,-0.22,40376242,29703420533,0.30,0.90,0.00,0,19598083,20778159,16367009792000,10686568192000,-511031552,5074505216,5316876288,-242371072,7152304384,7420964864,-268660480,8215256576,8745720576,-530464000,8703740160,7662244608,1041495552,-1.72,-0.82,-0.90,-1.79,3.51,0,42,14,25,3,0,0,7.41,0.00,0.00,0.00,,0.00,,0.00,EastMoney,2026-09-02T18:50:37+08:00
BK0476,2026-09-02T00:00:00Z,1584439,1592511,1598168,1567805,1591867,644,0.04,3892778,4287427836,1.83,1.01,0.00,0,1875946,2016832,235838483000,210684711000,-220314521,247715911,354280352,-106564441,814850656,928600736,-113750080,1402157040,1309198208,92958832,1700172128,1561822608,138349520,-5.14,-2.49,-2.65,2.17,3.23,0,38,16,20,2,0,0,95.01,0.00,0.00,0.00,,0.00,,0.00,EastMoney,2026-09-02T18:50:37+08:00
BK0477,2026-09-02T00:00:00Z,3984493,3961832,4011302,3956650,3999258,-37426,-0.94,2834220,9859173349,0.93,0.98,0.00,0,1222853,1611366,2633050944000,2583603584000,-395585632,961770144,1042066304,-80296160,2178871936,2494161408,-315289472,3664805808,3460182416,204623392,2801175920,2610213680,190962240,-4.01,-0.81,-3.20,2.08,1.94,0,38,6,31,1,0,0,20.29,0.00,0.00,0.00,,0.00,,0.00,EastMoney,2026-09-02T18:50:37+08:00
BK0478,2026-09-02T00:00:00Z,2789730,2793650,2806635,2738269,2831658,-38008,-1.34,56681093,114059022711,2.50,0.87,0.00,0,26513090,30168003,5642959872000,4536854272000,-7864326912,12597039360,16681607936,-4084568576,24843587584,28623345920,-3779758336,34445160704,33557848576,887312128,39479544320,32457318400,7022225920,-6.89,-3.58,-3.31,0.78,6.16,0,145,25,117,3,0,0,18.38,0.00,0.00,0.00,,0.00,,0.00,EastMoney,2026-09-02T18:50:37+08:00
BK0479,2026-09-02T00:00:00Z,811294,805273,811294,796386,815380,-10107,-1.24,18189531,8438855841,0.92,0.99,0.00,0,7098442,11091088,859105456000,776383584000,-184850480,861242224,905371856,-44129632,1752083632,1892804480,-140720848,2588185104,2430972256,157212848,3074749840,3047112208,27637632,-2.19,-0.52,-1.67,1.86,0.33,0,46,6,39,1,0,0,85.74,0.00,0.00,0.00,,0.00,,0.00,EastMoney,2026-09-02T18:50:37+08:00
BK0480,2026-09-02T00:00:00Z,5164350,5250482,5303512,5160997,5191752,58730,1.13,8785542,22049782983,2.15,1.43,0.00,0,4392204,4393338,1314477680000,1035563344000,1198567088,2350610992,1821313664,529297328,5662748160,4993478400,669269760,7094466816,7424016128,-329549312,6546398208,7276626688,-730228480,5.44,2.40,3.04,-1.49,-3.31,0,58,33,23,2,0,0,95.98,0.00,0.00,0.00,,0.00,,0.00,EastMoney,2026-09-02T18:50:37+08:00
BK0481,2026-09-02T00:00:00Z,4373334,4414618,4434737,4345602,4401221,13397,0.30,28248839,45596166957,1.95,1.00,0.00,0,13695856,14552983,2579161056000,2098272176000,671019088,4701444352,3780205232,921239120,9569707776,9819927808,-250220032,13649536768,14321949440,-672412672,16199724288,16100930816,98793472,1.47,2.02,-0.55,-1.47,0.22,0,280,129,139,12,0,0,27.12,0.00,0.00,0.00,,0.00,,0.00,EastMoney,2026-09-02T18:50:37+08:00
BK0482,2026-09-02T00:00:00Z,1729517,1709437,1733266,1695845,1723746,-14309,-0.83,27210345,12160297799,3.17,1.51,0.00,0,12378637,14831709,452046272000,428784064000,-454052784,870309536,1115406544,-245097008,2402013296,2610969072,-208955776,3887285520,3792598624,94686896,4607405056,4248039152,359365904,-3.73,-2.02,-1.72,0.78,2.96,0,60,10,47,3,0,0,-18.46,0.00,0.00,0.00,,0.00,,0.00,EastMoney,2026-09-02T18:50:37+08:00
BK0484,2026-09-02T00:00:00Z,1002863,996571,1003700,986963,1008634,-12063,-1.20,1814182,1184056182,0.99,0.90,0.00,0,805703,1008479,141380624000,140695691000,-13801243,30250265,34119898,-3869633,221452832,231384442,-9931610,360532800,361895456,-1362656,544091280,528927376,15163904,-1.17,-0.33,-0.84,-0.12,1.28,0,14,1,13,0,0,0,18.45,0.00,0.00,0.00,,0.00,,0.00,EastMoney,2026-09-02T18:50:37+08:00
BK0485,2026-09-02T00:00:00Z,1487350,1500808,1506283,1468220,1491289,9519,0.64,8187585,7748738870,3.61,1.32,0.00,0,3781444,4406141,312401376000,286553120000,174319008,783653792,591029728,192624064,1667054064,1685359120,-18305056,2516920240,2578198480,-61278240,2618252592,2731293360,-113040768,2.25,2.49,-0.24,-0.79,-1.46,0,39,25,12,2,0,0,40.90,0.00,0.00,0.00,,0.00,,0.00,EastMoney,2026-09-02T18:50:37+08:00
BK0486,2026-09-02T00:00:00Z,995617,985017,1001807,983599,1002327,-17310,-1.73,52343953,56827183581,3.59,1.22,0.00,0,22954403,29389550,1443866608000,1324661136000,-4022246656,5479506688,7155227136,-1675720448,11235721216,13582247424,-2346526208,17189153280,17732879360,-543726080,20722321664,16167064320,4555257344,-7.08,-2.95,-4.13,-0.96,8.02,0,128,14,113,1,0,0,49.65,0.00,0.00,0.00,,0.00,,0.00,EastMoney,2026-09-02T18:50:37+08:00
BK0490,2026-09-02T00:00:00Z,7742810,7838691,7888848,7735098,7801666,37025,0.47,74318247,139251562066,2.41,1.14,0.00,0,36168558,38149689,5853108992000,5118756864000,2354263808,13137335808,12081013504,1056322304,31394293248,30096351744,1297941504,44614399232,44732112640,-117713408,46335998464,48285090816,-1949092352,1.69,0.76,0.93,-0.08,-1.40,0,428,203,211,14,0,0,74.95,0.00,0.00,0.00,,0.00,,0.00,EastMoney,2026-09-02T18:50:37+08:00
BK0492,2026-09-02T00:00:00Z,1162790,1133051,1164168,1128940,1153315,-20264,-1.76,39374082,37483532552,2.19,1.14,0.00,0,17218304,22155778,3065112208000,2637684128000,-964861648,3518047760,4152834528,-634786768,8233061376,8563136256,-330074880,11506112512,11373540608,132571904,13374443264,12539163392,835279872,-2.57,-1.69,-0.88,0.35,2.23,0,79,10,66,3,0,0,18.44,0.00,0.00,0.00,,0.00,,0.00,EastMoney,2026-09-02T18:50:37+08:00
BK0493,2026-09-02T00:00:00Z,1760488,1752601,1760488,1742328,1768712,-16111,-0.91,60091403,67536586842,1.38,0.94,0.00,0,26284131,33807272,6678427904000,4081686048000,-2512272640,6066011392,7528810240,-1462798848,14027811840,15077285632,-1049473792,21682520832,21441467392,241053440,24244830976,21962950400,2281880576,-3.72,-2.17,-1.55,0.36,3.38,0,215,47,163,5,0,0,25.51,0.00,0.00,0.00,,0.00,,0.00,EastMoney,2026-09-02T18:50:37+08:00
BK0494,2026-09-02T00:00:00Z,1501473,1502347,1508198,1489055,1508977,-6630,-0.44,80805861,113809374049,1.96,0.99,0.00,0,36826244,43979616,5343103488000,4699360768000,-4125638400,14174246912,16507776256,-2333529344,25915753728,27707862784,-1792109056,38394911488,35369898496,3025012992,32583046144,31460544000,1122502144,-3.63,-2.05,-1.57,2.66,0.99,0,422,128,285,9,0,0,34.96,0.00,0.00,0.00,,0.00,,0.00,EastMoney,2026-09-02T18:50:37+08:00
BK0498,2026-09-02T00:00:00Z,1188065,1170150,1188065,1165876,1191601,-21451,-1.80,27891875,19079196786,1.65,0.91,0.00,0,11397714,16494161,1266999760000,1035768544000,-1095056528,1969879408,2632453728,-662574320,3354390704,3786872912,-432482208,5665151232,5594720256,70430976,7201352192,6176726528,1024625664,-5.74,-3.47,-2.27,0.37,5.37,0,72,9,59,4,0,0,62.39,0.00,0.00,0.00,,0.00,,0.00,EastMoney,2026-09-02T18:50:37+08:00
BK0499,2026-09-02T00:00:00Z,934872,925798,935109,924485,938753,-12955,-1.38,101392985,231124987002,0.44,0.94,0.00,0,45215025,56177960,46168489984000,29469277696000,-15722126336,33266033152,43854043136,-10588009984,56788506368,61922622720,-5134116352,76235198464,70197747712,6037450752,60074477056,50389797888,9684679168,-6.80,-4.58,-2.22,2.61,4.19,0,203,32,167,4,0,0,12.29,0.00,0.00,0.00,,0.00,,0.00,EastMoney,2026-09-02T18:50:37+08:00
BK0500,2026-09-02T00:00:00Z,1217263,1207323,1218270,1205808,1223292,-15969,-1.31,186991888,474680402437,0.56,0.92,0.00,0,83575944,103415944,68431654400000,52125442048000,-28702580736,71357308928,89814585344,-18457276416,120893362176,131138666496,-10245304320,149989359616,141553823744,8435535872,122799202304,102532161536,20267040768,-6.05,-3.89,-2.16,1.78,4.27,0,300,58,237,5,0,0,13.66,0.00,0.00,0.00,,0.00,,0.00,EastMoney,2026-09-02T18:50:37+08:00
BK0501,2026-09-02T00:00:00Z,2219368,2265058,2293415,2215409,2236285,28773,1.29,8656562,45726855649,6.94,1.14,0.00,0,4123293,4533269,7409078272000,672475696000,-2155968768,7255090432,8413618944,-1158528512,11816188416,12813628672,-997440256,14121125888,12703923456,1417202432,8014904576,6495664128,1519240448,-4.71,-2.53,-2.18,3.10,3.32,0,153,88,65,0,0,0,59.30,0.00,0.00,0.00,,0.00,,0.00,EastMoney,2026-09-02T18:50:37+08:00
BK0505,2026-09-02T00:00:00Z,893035,887858,893142,885036,896462,-8604,-0.96,48864886,65920192427,0.44,0.99,0.00,0,21534119,27330767,16587634432000,10483918080000,-1426384640,9537077504,10998520064,-1461442560,15754253056,15719195136,35057920,19922092800,19435057920,487034880,19497741312,18529719296,968022016,-2.16,-2.22,0.05,0.74,1.47,0,102,19,78,5,0,0,11.69,0.00,0.00,0.00,,0.00,,0.00,EastMoney,2026-09-02T18:50:37+08:00
BK0506,2026-09-02T00:00:00Z,1773695,1769114,1775936,1759580,1785435,-16321,-0.91,81677753,114931243217,2.07,0.95,0.00,0,36815552,44862201,5592509184000,5215243776000,-4919876096,11085981184,13389981184,-2304000000,24231858176,26847734272,-2615876096,35608373504,35424993280,183380224,41312201728,36569697280,4742504448,-4.28,-2.00,-2.28,0.16,4.13,0,300,63,233,4,0,0,32.02,0.00,0.00,0.00,,0.00,,0.00,EastMoney,2026-09-02T18:50:37+08:00
BK0509,2026-09-02T00:00:00Z,1317072,1308830,1323255,1302672,1326421,-17591,-1.33,26288960,36438478317,2.91,1.12,0.00,0,11606338,14682623,1104495088000,1023008544000,-1556218880,4929711872,5597227008,-667515136,8009192192,8897895936,-888703744,10839569408,11264497152,-424927744,11595180288,9614033920,1981146368,-4.27,-1.83,-2.44,-1.17,5.44,0,67,11,54,2,0,0,44.05,0.00,0.00,0.00,,0.00,,0.00,EastMoney,2026-09-02T18:50:37+08:00
BK0511,2026-09-02T00:00:00Z,646257,649669,650126,645239,649094,575,0.09,27211321,11447868857,1.57,0.94,0.00,0,12093333,15117988,731914064000,684189248000,-71409440,671775744,731898256,-60122512,3271628448,3282915376,-11286928,4273178032,4300161280,-26983248,2833509456,2735564752,97944704,-0.62,-0.53,-0.10,-0.24,0.86,0,203,85,106,12,0,0,-5.76,0.00,0.00,0.00,,0.00,,0.00,EastMoney,2026-09-02T18:50:37+08:00
BK0512,2026-09-02T00:00:00Z,2952394,2900671,2956884,2883044,2954082,-53411,-1.81,40304415,41783482057,3.23,1.22,0.00,0,17490835,22813580,1929436192000,1759874080000,-1342766672,3819287728,4711707648,-892419920,9191713280,9642060032,-450346752,12965600000,12806338304,159261696,14894204416,13710699520,1183504896,-3.21,-2.14,-1.08,0.38,2.83,0,94,16,77,1,0,0,22.73,0.00,0.00,0.00,,0.00,,0.00,EastMoney,2026-09-02T18:50:37+08:00
BK0514,2026-09-02T00:00:00Z,1453228,1439174,1453817,1433946,1457369,-18195,-1.25,44319242,45016667476,1.41,0.93,0.00,0,19307770,25011471,3706904272000,3031449072000,-2356903680,4549030144,5943191040,-1394160896,9724436224,10687179008,-962742784,13879321344,13779053312,100268032,15625117184,13368481280,2256635904,-5.24,-3.10,-2.14,0.22,5.01,0,127,13,111,3,0,0,11.72,0.00,0.00,0.00,,0.00,,0.00,EastMoney,2026-09-02T18:50:37+08:00
BK0519,2026-09-02T00:00:00Z,3790696,3719222,3790696,3675460,3808943,-89721,-2.36,46214852,79827727867,2.00,1.01,0.00,0,20288438,25926415,5298711552000,4487428096000,-5187722752,9375056384,12319921408,-2944865024,18335494656,20578352384,-2242857728,24000749568,23225437440,775312128,26282583040,21870172672,4412410368,-6.50,-3.69,-2.81,0.97,5.53,0,80,6,74,0,0,0,17.61,0.00,0.00,0.00,,0.00,,0.00,EastMoney,2026-09-02T18:50:37+08:00
BK0520,2026-09-02T00:00:00Z,1351230,1351669,1356993,1341284,1355965,-4296,-0.32,1341104,4163816325,1.98,0.82,0.00,0,612814,728290,237398410000,174593024000,36371344,270368944,304391824,-34022880,888478800,818084576,70394224,1325332016,1292770608,32561408,1607909216,1676841952,-68932736,0.87,-0.82,1.69,0.78,-1.66,0,18,4,13,1,0,0,24.06,0.00,0.00,0.00,,0.00,,0.00,EastMoney,2026-09-02T18:50:37+08:00
BK0523,2026-09-02T00:00:00Z,3953345,3962816,3983285,3926541,3990432,-27616,-0.69,87604647,178359834775,2.72,0.92,0.00,0,40502922,47101725,6997864960000,6281089024000,-5588431104,18439565824,20666644736,-2227078912,38324049152,41685401344,-3361352192,56349347584,55626771200,722576384,60698735360,55666321664,5032413696,-3.13,-1.25,-1.88,0.41,2.82,0,394,112,276,6,0,0,40.47,0.00,0.00,0.00,,0.00,,0.00,EastMoney,2026-09-02T18:50:37+08:00
BK0524,2026-09-02T00:00:00Z,3123241,3095595,3124774,3084558,3140558,-44963,-1.43,19891494,22582478797,1.08,0.91,0.00,0,8425044,11466450,2962009152000,2396752304000,-2141550976,2618042400,3909639584,-1291597184,5179444736,6029398528,-849953792,7276854784,6398763008,878091776,7008290304,5744830976,1263459328,-9.48,-5.72,-3.76,3.89,5.59,0,46,4,41,1,0,0,8.00,0.00,0.00,0.00,,0.00,,0.00,EastMoney,2026-09-02T18:50:37+08:00
BK0525,2026-09-02T00:00:00Z,1221316,1210957,1221783,1206435,1227328,-16371,-1.33,90728608,92703906408,1.02,0.93,0.00,0,39662539,51066069,11888852224000,9746936320000,-2861756928,10881840640,12414307584,-1532466944,20173869824,21503159808,-1329289984,28361151232,28170982400,190168832,31123471616,28447583232,2675888384,-3.09,-1.65,-1.43,0.21,2.89,0,229,32,193,4,0,0,10.89,0.00,0.00,0.00,,0.00,,0.00,EastMoney,2026-09-02T18:50:37+08:00
BK0528,2026-09-02T00:00:00Z,1261462,1257408,1262302,1248268,1268077,-10669,-0.84,49861009,86086963989,1.31,0.90,0.00,0,22342965,27518044,6079054080000,5466361344000,-1549894656,7029495552,7946544384,-917048832,18851043840,19483889664,-632845824,28869414912,28167141376,702273536,29886851072,29039229952,847621120,-1.80,-1.07,-0.74,0.82,0.98,0,316,77,233,6,0,0,31.57,0.00,0.00,0.00,,0.00,,0.00,EastMoney,2026-09-02T18:50:37+08:00
BK0534,2026-09-02T00:00:00Z,2131037,2129136,2135232,2115301,2138463,-9327,-0.44,21110291,27310868355,1.36,0.93,0.00,0,9053188,12057103,1925098672000,1741910816000,-406491856,2582858480,2838877888,-256019408,6167537408,6318009856,-150472448,8610307328,8584802304,25505024,9367225344,8986238208,380987136,-1.49,-0.94,-0.55,0.09,1.40,0,85,24,61,0,0,0,21.37,0.00,0.00,0.00,,0.00,,0.00,EastMoney,2026-09-02T18:50:37+08:00
BK0535,2026-09-02T00:00:00Z,2387888,2396685,2406375,2370115,2404348,-7663,-0.32,149359975,250112770383,4.21,1.04,0.00,0,71207508,78152467,9449283328000,6450874112000,-2739515904,22385576448,24377396736,-1991820288,54501561856,55249257472,-747695616,78959247360,78209216512,750030848,88943407104,86953922560,1989484544,-1.10,-0.80,-0.30,0.30,0.80,0,811,270,525,16,0,0,35.24,0.00,0.00,0.00,,0.00,,0.00,EastMoney,2026-09-02T18:50:37+08:00
BK0536,2026-09-02T00:00:00Z,1612593,1603934,1614510,1594755,1628218,-24284,-1.49,73914558,399972525469,3.98,1.90,0.00,0,34892243,39022315,18569330176000,17211922432000,-18633158656,54216592128,64346450688,-10129858560,101093961728,109597261824,-8503300096,136221200384,128020914176,8200286208,100723265536,90336481280,10386784256,-4.66,-2.53,-2.13,2.05,2.60,0,341,61,279,1,0,0,38.79,0.00,0.00,0.00,,0.00,,0.00,EastMoney,2026-09-02T18:50:37+08:00
BK0538,2026-09-02T00:00:00Z,3197140,3192822,3207339,3170778,3216519,-23697,-0.74,24442189,41596236413,2.83,0.97,0.00,0,11235728,13206460,1717505472000,1553400256000,-332135600,3277735712,3406149584,-128413872,8778565376,8982287104,-203721728,13300475904,13041240576,259235328,14799430400,14663451648,135978752,-0.80,-0.31,-0.49,0.62,0.33,0,185,60,122,3,0,0,31.66,0.00,0.00,0.00,,0.00,,0.00,EastMoney,2026-09-02T18:50:37+08:00
BK0539,2026-09-02T00:00:00Z,1230381,1217753,1230381,1210230,1235102,-17349,-1.40,4222062,3003883817,2.03,0.79,0.00,0,1855902,2366160,207764620000,195904101000,-175585750,150950444,232786658,-81836214,549054800,642804336,-93749536,959823856,922743888,37079968,1268068432,1129562640,138505792,-5.85,-2.72,-3.12,1.23,4.61,0,22,4,18,0,0,0,-149.66,0.00,0.00,0.00,,0.00,,0.00,EastMoney,2026-09-02T18:50:37+08:00
BK0545,2026-09-02T00:00:00Z,5022211,5061905,5097745,4992390,5061088,817,0.02,34076241,63207548083,3.88,1.06,0.00,0,16293764,17782477,2374396880000,1664373856000,246196736,6070359808,5750894336,319465472,14644808960,14718077696,-73268736,19512227328,19111687936,400539392,20220536320,20637883648,-417347328,0.39,0.51,-0.12,0.63,-0.66,0,259,109,142,8,0,0,86.32,0.00,0.00,0.00,,0.00,,0.00,EastMoney,2026-09-02T18:50:37+08:00
BK0546,2026-09-02T00:00:00Z,6416880,6543212,6579286,6375140,6478192,65020,1.00,7205400,21025339300,3.54,1.15,0.00,0,3475717,3729683,592942784000,488146960000,910973136,4255593088,3299099056,956494032,5002268928,5047789824,-45520896,6096368896,6678084608,-581715712,5223401728,5552659456,-329257728,4.33,4.55,-0.22,-2.77,-1.57,0,17,7,9,1,0,0,98.68,0.00,0.00,0.00,,0.00,,0.00,EastMoney,2026-09-02T18:50:37+08:00
BK0547,2026-09-02T00:00:00Z,2044232,2050063,2059932,1999125,2083010,-32947,-1.58,45616570,70048154785,2.59,0.88,0.00,0,21101218,24515353,3273215728000,2800888160000,-4574699008,8454203904,10918144256,-2463940352,15663099136,17773857792,-2110758656,20635202816,19938014208,697188608,23307947264,19404428032,3903519232,-6.53,-3.52,-3.01,1.00,5.57,0,74,9,63,2,0,0,18.26,0.00,0.00,0.00,,0.00,,0.00,EastMoney,2026-09-02T18:50:37+08:00
BK0548,2026-09-02T00:00:00Z,2660478,2620769,2660966,2619623,2662457,-41688,-1.57,12880562,15906104329,1.81,0.75,0.00,0,5391754,7488808,1042192016000,922502992000,-592319456,963447888,1356098384,-392650496,3497644688,3697313648,-199668960,5313518592,5186750720,126767872,5801233408,5336239104,464994304,-3.72,-2.47,-1.26,0.80,2.92,0,72,7,64,1,0,0,78.21,0.00,0.00,0.00,,0.00,,0.00,EastMoney,2026-09-02T18:50:37+08:00
BK0549,2026-09-02T00:00:00Z,3998891,3998962,4016281,3966872,4031635,-32673,-0.81,71875832,135464892263,1.65,0.85,0.00,0,33054116,38821715,10936335360000,9092652544000,-4308379648,13904897536,16276691456,-2371793920,29908324096,31844909824,-1936585728,42360818688,41778003968,582814720,46149495296,42418827264,3730668032,-3.18,-1.75,-1.43,0.43,2.75,0,347,73,267,7,0,0,22.79,0.00,0.00,0.00,,0.00,,0.00,EastMoney,2026-09-02T18:50:37+08:00
BK0552,2026-09-02T00:00:00Z,1730131,1725947,1732380,1715237,1739934,-13987,-0.80,297680448,369173154485,1.06,0.95,0.00,0,136119483,161560965,38583302400000,28625250304000,-15000877056,38145386240,47403212544,-9257826304,80702955520,86446006272,-5743050752,120012111872,114311589888,5700521984,120670892032,111271747584,9399144448,-4.06,-2.51,-1.56,1.54,2.55,0,1085,263,802,20,0,0,12.77,0.00,0.00,0.00,,0.00,,0.00,EastMoney,2026-09-02T18:50:37+08:00
BK0554,2026-09-02T00:00:00Z,1654398,1659454,1667583,1643763,1667910,-8456,-0.51,78840449,175434362995,2.10,0.90,0.00,0,35284508,43555941,10461098752000,7654731520000,-6024263168,20201358848,23742825472,-3541466624,38162787328,40645583872,-2482796544,54445611264,53544946432,900664832,58188278272,52955217152,5233061120,-3.43,-2.02,-1.42,0.51,2.98,0,384,93,285,6,0,0,30.98,0.00,0.00,0.00,,0.00,,0.00,EastMoney,2026-09-02T18:50:37+08:00
BK0556,2026-09-02T00:00:00Z,1221171,1223191,1229377,1209665,1233182,-9991,-0.81,21294116,31483004775,2.15,0.98,0.00,0,9615481,11678635,3157665104000,1006812528000,-1001022352,2837745648,3407307136,-569561488,6743172352,7174633216,-431460864,10056407552,9930878208,125529344,11153422848,10277929984,875492864,-3.18,-1.81,-1.37,0.40,2.78,0,68,14,52,2,0,0,21.41,0.00,0.00,0.00,,0.00,,0.00,EastMoney,2026-09-02T18:50:37+08:00
BK0566,2026-09-02T00:00:00Z,1060689,1055472,1061912,1045717,1065791,-10319,-0.97,5426284,3018133871,1.59,0.81,0.00,0,2268921,3157363,207412387000,192460337000,-143195013,187598091,304732992,-117134901,626029712,652089824,-26060112,996198704,938057248,58141456,1153060272,1068006704,85053568,-4.74,-3.88,-0.86,1.93,2.82,0,21,2,19,0,0,0,-79.39,0.00,0.00,0.00,,0.00,,0.00,EastMoney,2026-09-02T18:50:37+08:00
BK0567,2026-09-02T00:00:00Z,369124,368001,369513,365992,371757,-3756,-1.01,39963853,95075168646,2.10,0.93,0.00,0,17945766,22018088,5302432256000,4755884544000,-4554939136,8991808256,11253041920,-2261233664,20891472128,23185177600,-2293705472,32895884544,31544707328,1351177216,30230717440,27026955776,3203761664,-4.79,-2.38,-2.41,1.42,3.37,0,212,40,168,4,0,0,36.08,0.00,0.00,0.00,,0.00,,0.00,EastMoney,2026-09-02T18:50:37+08:00
BK0568,2026-09-02T00:00:00Z,142362,141307,142375,140721,143511,-2204,-1.54,186953045,486463387431,1.62,0.89,0.00,0,81754555,105198490,29515717376000,25205948160000,-30270184704,59739214592,76215701504,-16476486912,110669279232,124462977024,-13793697792,157557477376,151480676352,6076801024,148130914304,123937529856,24193384448,-6.22,-3.39,-2.84,1.25,4.97,0,500,60,432,8,0,0,30.38,0.00,0.00,0.00,,0.00,,0.00,EastMoney,2026-09-02T18:50:37+08:00
BK0574,2026-09-02T00:00:00Z,416115,415608,417660,412609,419344,-3736,-0.89,94910227,191826852159,2.18,0.92,0.00,0,43005251,51904976,10895977216000,9291868160000,-6270466048,19956196864,22255236096,-2299039232,41464779520,45436206336,-3971426816,60478572800,60246648320,231924480,65186379008,58991664896,6194714112,-3.27,-1.20,-2.07,0.12,3.23,0,437,105,323,9,0,0,28.61,0.00,0.00,0.00,,0.00,,0.00,EastMoney,2026-09-02T18:50:37+08:00
BK0577,2026-09-02T00:00:00Z,274838,276015,277264,273068,276574,-559,-0.20,59794217,66866659802,1.30,0.99,0.00,0,26110287,33683930,4871899904000,4094693776000,-107280384,8064238592,7709123584,355115008,14119844864,14582240256,-462395392,20043088896,20508156416,-465067520,22823644672,22147318016,676326656,-0.16,0.53,-0.69,-0.70,1.01,0,209,67,132,10,0,0,28.96,0.00,0.00,0.00,,0.00,,0.00,EastMoney,2026-09-02T18:50:37+08:00
BK0578,2026-09-02T00:00:00Z,345772,344470,345796,340342,349298,-4828,-1.38,12948937,22191355893,1.54,0.86,0.00,0,5632796,7316141,1162529072000,1042792144000,-1524379680,1830527072,2748244608,-917717536,4741668608,5348330752,-606662144,7074470656,6669616640,404854016,8085440000,6948581632,1136858368,-6.87,-4.14,-2.73,1.82,5.12,0,46,7,38,1,0,0,25.84,0.00,0.00,0.00,,0.00,,0.00,EastMoney,2026-09-02T18:50:37+08:00
BK0579,2026-09-02T00:00:00Z,330766,331604,333644,328600,334291,-2687,-0.80,34585113,87222343354,1.54,0.91,0.00,0,15957141,18627971,7151217408000,4666345216000,-4078879744,10933943040,12402695168,-1468752128,19336076800,21946204416,-2610127616,27318046208,27161426944,156619264,27445733120,23402013184,4043719936,-4.68,-1.68,-2.99,0.18,4.64,0,147,28,114,5,0,0,27.47,0.00,0.00,0.00,,0.00,,0.00,EastMoney,2026-09-02T18:50:37+08:00
BK0580,2026-09-02T00:00:00Z,483124,484673,487712,481191,486907,-2234,-0.46,24405737,44369804396,2.41,0.84,0.00,0,10665424,13740313,2119892768000,1854453952000,-2749058816,4772888064,6408836096,-1635948032,9784227584,10897338368,-1113110784,14857442560,13907977216,949465344,13766701568,11930576128,1836125440,-6.20,-3.69,-2.51,2.14,4.14,0,92,20,72,0,0,0,73.71,0.00,0.00,0.00,,0.00,,0.00,EastMoney,2026-09-02T18:50:37+08:00
BK0581,2026-09-02T00:00:00Z,205498,206078,206960,203921,206942,-864,-0.42,33514893,51212577176,2.17,0.86,0.00,0,15532415,17982478,2603070304000,2260476272000,-587586048,5073391360,5001336064,72055296,10310199040,10969840384,-659641344,15946323200,16085325056,-139001856,18669203200,17879685376,789517824,-1.15,0.14,-1.29,-0.27,1.54,0,201,57,138,6,0,0,40.84,0.00,0.00,0.00,,0.00,,0.00,EastMoney,2026-09-02T18:50:37+08:00
BK0588,2026-09-02T00:00:00Z,396863,396935,398731,393696,399198,-2263,-0.57,100918174,141706846007,1.58,0.92,0.00,0,44549125,56369049,9460918016000,7582891008000,-2833435392,14026853120,15052419328,-1025566208,29495495936,31303365120,-1807869184,45269925888,45462001408,-192075520,49022662400,45876049664,3146612736,-2.00,-0.72,-1.28,-0.14,2.22,0,448,136,303,9,0,0,41.83,0.00,0.00,0.00,,0.00,,0.00,EastMoney,2026-09-02T18:50:37+08:00
BK0590,2026-09-02T00:00:00Z,346823,345994,347176,343935,348070,-2076,-0.60,176058144,223451935859,2.20,1.09,0.00,0,79739615,96318529,12487911168000,11447064576000,-4758737664,23986580480,26011143424,-2024562944,51268073728,54002248448,-2734174720,68505572864,68635990272,-130417408,73710870528,68685786880,5025083648,-2.13,-0.91,-1.22,-0.06,2.25,0,608,179,420,9,0,0,31.06,0.00,0.00,0.00,,0.00,,0.00,EastMoney,2026-09-02T18:50:37+08:00
BK0592,2026-09-02T00:00:00Z,267848,268840,269939,266323,268999,-159,-0.06,22408364,25563113674,0.81,0.89,0.00,0,10048590,12359774,3086054288000,2624964496000,-259618352,2601911936,2776960176,-175048240,5404591360,5489161472,-84570112,7713153280,7685448448,27704832,9040379136,8736262144,304116992,-1.02,-0.68,-0.33,0.11,1.19,0,127,40,80,7,0,0,17.00,0.00,0.00,0.00,,0.00,,0.00,EastMoney,2026-09-02T18:50:37+08:00
BK0594,2026-09-02T00:00:00Z,285998,284554,286069,282949,287517,-2963,-1.03,121203126,149256776747,1.67,0.96,0.00,0,54343831,66859295,9528204288000,8190707200000,-7986464000,14825941248,18857261824,-4031320576,31785240320,35740383744,-3955143424,47266727936,45968838656,1297889280,52040140288,45351565568,6688574720,-5.35,-2.70,-2.65,0.87,4.48,0,408,68,330,10,0,0,19.48,0.00,0.00,0.00,,0.00,,0.00,EastMoney,2026-09-02T18:50:37+08:00
BK0595,2026-09-02T00:00:00Z,256495,256855,257857,254675,257729,-874,-0.34,70196117,113206497732,1.30,0.99,0.00,0,31769328,38426789,8685328640000,5835541504000,-109892096,16343308800,15630141696,713167104,25390319616,26213378816,-823059200,33968399616,34823612416,-855212800,34883186944,33856499456,1026687488,-0.10,0.63,-0.73,-0.76,0.91,0,252,71,175,6,0,0,19.50,0.00,0.00,0.00,,0.00,,0.00,EastMoney,2026-09-02T18:50:37+08:00
BK0596,2026-09-02T00:00:00Z,310858,310617,312195,308682,312914,-2297,-0.73,884260926,1570026389885,1.37,0.96,0.00,0,399211850,485049076,121630490624000,92262346752000,-52003717120,172188762112,200096206848,-27907444736,357157892096,381254164480,-24096272384,504323686400,490329821184,13993865216,490255499264,450265149440,39990349824,-3.31,-1.78,-1.53,0.89,2.55,0,3861,1019,2784,58,0,0,20.24,0.00,0.00,0.00,,0.00,,0.00,EastMoney,2026-09-02T18:50:37+08:00
BK0597,2026-09-02T00:00:00Z,197154,197875,198675,195565,198350,-475,-0.24,32805174,30823259223,1.47,1.01,0.00,0,14214417,18590757,2181517504000,2012904176000,1171183856,4882241024,3534151440,1348089584,6621452544,6798358272,-176905728,8825601280,9318116352,-492515072,9794314240,10460898560,-666584320,3.80,4.37,-0.57,-1.60,-2.16,0,113,37,70,6,0,0,20.83,0.00,0.00,0.00,,0.00,,0.00,EastMoney,2026-09-02T18:50:37+08:00
BK0600,2026-09-02T00:00:00Z,295955,294535,296549,293589,297670,-3135,-1.05,34615940,35686740794,2.46,0.97,0.00,0,15199777,19416163,1505228640000,1406279872000,-1127164160,3198501888,3664119552,-465617664,7452532224,8114078720,-661546496,11032770304,10862148096,170622208,13222179584,12265637888,956541696,-3.16,-1.30,-1.85,0.48,2.68,0,104,22,81,1,0,0,40.05,0.00,0.00,0.00,,0.00,,0.00,EastMoney,2026-09-02T18:50:37+08:00
BK0601,2026-09-02T00:00:00Z,224121,224636,225813,223007,224471,165,0.07,27420470,46545401708,1.96,1.03,0.00,0,11836205,15584265,2202578416000,1759625488000,933642240,6729167616,6218536704,510630912,10599094016,10176082688,423011328,14637321216,15231297280,-593976064,13511332608,13823892992,-312560384,2.01,1.10,0.91,-1.28,-0.67,0,77,29,46,2,0,0,33.72,0.00,0.00,0.00,,0.00,,0.00,EastMoney,2026-09-02T18:50:37+08:00
BK0603,2026-09-02T00:00:00Z,266858,264304,267761,263840,264418,-114,-0.04,21373800,13880276526,0.65,1.42,0.00,0,9232141,12141659,3170446320000,2721804080000,540501920,1571959504,1430501984,141457520,3196609504,2797565104,399044400,4393063424,4206469216,186594208,4398443008,5121455104,-723012096,3.89,1.02,2.87,1.34,-5.21,0,32,13,18,1,0,0,14.47,0.00,0.00,0.00,,0.00,,0.00,EastMoney,2026-09-02T18:50:37+08:00
BK0604,2026-09-02T00:00:00Z,266742,264783,266830,263657,268064,-3281,-1.22,37271507,29315477566,0.59,1.00,0.00,0,16684886,20586621,6653875456000,5552577536000,-1514555904,3082039904,4204220000,-1122180096,6284738560,6677114368,-392375808,8955303936,8797658624,157645312,10344430848,8987520512,1356910336,-5.17,-3.83,-1.34,0.54,4.63,0,75,14,60,1,0,0,10.44,0.00,0.00,0.00,,0.00,,0.00,EastMoney,2026-09-02T18:50:37+08:00
BK0606,2026-09-02T00:00:00Z,214575,213125,216051,213014,210913,2212,1.05,17776199,19937752906,2.51,1.84,0.00,0,8011564,9764635,2256069104000,606296784000,1349194416,2015101616,1366571888,648529728,4556492032,3855827344,700664688,6324660224,6112048384,212611840,6076192768,7548396288,-1472203520,6.77,3.25,3.51,1.07,-7.38,0,54,24,26,4,0,0,13.89,0.00,0.00,0.00,,0.00,,0.00,EastMoney,2026-09-02T18:50:37+08:00
BK0610,2026-09-02T00:00:00Z,242750,240878,242838,240750,243345,-2467,-1.01,22653659,56003910445,0.32,0.83,0.00,0,10767744,11885915,17381339392000,11783710976000,-2319815680,7440386304,9116974336,-1676588032,13209490688,13852718336,-643227648,17397399552,17560507392,-163107840,16677290496,14194367232,2482923264,-4.14,-2.99,-1.15,-0.29,4.43,0,50,6,43,1,0,0,10.28,0.00,0.00,0.00,,0.00,,0.00,EastMoney,2026-09-02T18:50:37+08:00
BK0611,2026-09-02T00:00:00Z,211786,210042,211953,209899,212608,-2566,-1.21,45281228,124494496919,0.28,0.95,0.00,0,20951726,24329502,28896450048000,23147306240000,-6605747712,20054283264,25277351936,-5223068672,36166971648,37549650688,-1382679040,37432042752,35751723008,1680319744,28408432384,23483004160,4925428224,-5.31,-4.20,-1.11,1.35,3.96,0,50,11,38,1,0,0,10.95,0.00,0.00,0.00,,0.00,,0.00,EastMoney,2026-09-02T18:50:37+08:00
BK0612,2026-09-02T00:00:00Z,174123,172798,174257,172492,174798,-2000,-1.14,118652450,251741202887,0.42,0.93,0.00,0,53811146,64841304,50680594688000,37042924800000,-10069528832,37752566528,44840390144,-7087823616,66605439488,69587144704,-2981705216,78062104576,75276402688,2785701888,64456203008,57172375296,7283827712,-4.00,-2.82,-1.18,1.11,2.89,0,180,37,141,2,0,0,11.67,0.00,0.00,0.00,,0.00,,0.00,EastMoney,2026-09-02T18:50:37+08:00
BK0614,2026-09-02T00:00:00Z,750248,743430,750248,741955,756393,-12963,-1.71,6085966,7181660777,2.04,0.76,0.00,0,2652109,3433857,388739456000,322698624000,-342701952,312518400,491055776,-178537376,1309088000,1473252576,-164164576,2305169312,2267060704,38108608,3043044544,2736022896,307021648,-4.77,-2.49,-2.29,0.53,4.28,0,49,6,43,0,0,0,103.96,0.00,0.00,0.00,,0.00,,0.00,EastMoney,2026-09-02T18:50:37+08:00
BK0615,2026-09-02T00:00:00Z,223981,221489,223981,221067,225131,-3642,-1.62,37105790,31128423033,2.72,0.84,0.00,0,16280084,20825707,1757366256000,1644865664000,-1997762064,1850587792,3037881760,-1187293968,6123092480,6933560576,-810468096,9892790272,9633157632,259632640,12028275200,10342080256,1686194944,-6.42,-3.81,-2.60,0.83,5.42,0,146,18,128,0,0,0,34.14,0.00,0.00,0.00,,0.00,,0.00,EastMoney,2026-09-02T18:50:37+08:00
BK0617,2026-09-02T00:00:00Z,281760,282622,284204,279220,283541,-919,-0.32,23554129,35987856678,3.10,0.97,0.00,0,11112754,12441375,1064085264000,953937568000,371822368,4538872576,3921470688,617401888,7959281920,8204861440,-245579520,10611025920,11048536320,-437510400,11955301120,11867213824,88087296,1.03,1.72,-0.68,-1.22,0.24,0,71,23,48,0,0,0,279.35,0.00,0.00,0.00,,0.00,,0.00,EastMoney,2026-09-02T18:50:37+08:00
BK0619,2026-09-02T00:00:00Z,857006,862174,866669,852329,864323,-2149,-0.25,12589365,40842938878,2.50,0.81,0.00,0,6231412,6357952,1454249568000,1267837552000,56045824,4512954624,4615488768,-102534144,9124236800,8965656832,158579968,13889088768,13474562560,414526208,12388006144,12838881280,-450875136,0.14,-0.25,0.39,1.01,-1.10,0,81,26,52,3,0,0,74.11,0.00,0.00,0.00,,0.00,,0.00,EastMoney,2026-09-02T18:50:37+08:00
BK0622,2026-09-02T00:00:00Z,610887,613306,623406,607274,607001,6305,1.04,2125765,4149554023,3.04,1.14,0.00,0,1035294,1090471,118744541000,116634716000,-101714112,341139712,337017712,4122000,849076976,954913088,-105836112,1419919520,1320854656,99064864,1455878704,1453229472,2649232,-2.45,0.10,-2.55,2.39,0.06,0,9,5,3,1,0,0,48.22,0.00,0.00,0.00,,0.00,,0.00,EastMoney,2026-09-02T18:50:37+08:00
BK0623,2026-09-02T00:00:00Z,332372,331246,332690,329258,332713,-1467,-0.44,32901385,42137864049,1.73,0.99,0.00,0,14504893,18396492,2263218896000,1966826880000,103855872,5196960512,4945959680,251000832,8991058432,9138203392,-147144960,12759710208,12717470208,42240000,14091733760,14236823040,-145089280,0.25,0.60,-0.35,0.10,-0.34,0,113,34,78,1,0,0,21.37,0.00,0.00,0.00,,0.00,,0.00,EastMoney,2026-09-02T18:50:37+08:00
BK0625,2026-09-02T00:00:00Z,533011,537308,539460,531546,536096,1212,0.23,11445147,12432421010,1.30,1.21,0.00,0,5154620,6290527,879070128000,751089600000,556811232,1330629856,1052445984,278183872,2986004944,2707377584,278627360,4025662208,4046909760,-21247552,3891345120,4424245504,-532900384,4.48,2.24,2.24,-0.17,-4.29,0,36,18,18,0,0,0,-33.39,0.00,0.00,0.00,,0.00,,0.00,EastMoney,2026-09-02T18:50:37+08:00
BK0628,2026-09-02T00:00:00Z,549696,551631,554169,546091,553750,-2119,-0.38,42762549,62009858343,2.29,0.87,0.00,0,18953473,23809075,2582294928000,2375717120000,-1349736448,7783881728,8215329536,-431447808,13122983424,14041272064,-918288640,18557785088,18944918784,-387133696,20717592832,18910392576,1807200256,-2.18,-0.70,-1.48,-0.62,2.91,0,219,56,156,7,0,0,101.95,0.00,0.00,0.00,,0.00,,0.00,EastMoney,2026-09-02T18:50:37+08:00
BK0629,2026-09-02T00:00:00Z,617911,622967,626894,616715,622658,309,0.05,13875603,21163621347,1.37,1.12,0.00,0,6419905,7455698,1194095728000,1010888560000,579193136,1598143072,1446294368,151848704,4548229120,4120884688,427344432,6787473152,6710899968,76573184,7746068736,8371662592,-625593856,2.74,0.72,2.02,0.36,-2.96,0,77,29,47,1,0,0,98.15,0.00,0.00,0.00,,0.00,,0.00,EastMoney,2026-09-02T18:50:37+08:00
BK0632,2026-09-02T00:00:00Z,180210,176421,180268,175256,181270,-4849,-2.68,23450215,13892176071,3.10,0.99,0.00,0,10057577,13392638,404267552000,360341360000,-1055202528,888234128,1618271504,-730037376,2918069376,3243234528,-325165152,4419437312,4338465024,80972288,5236134912,4261904752,974230160,-7.60,-5.26,-2.34,0.58,7.01,0,45,5,39,1,0,0,-59.72,0.00,0.00,0.00,,0.00,,0.00,EastMoney,2026-09-02T18:50:37+08:00
BK0634,2026-09-02T00:00:00Z,506426,506193,508527,502064,511080,-4887,-0.96,68820722,123652387731,2.08,0.88,0.00,0,31267300,37553422,5880024064000,5547126272000,-5237507328,13676295168,15435522560,-1759227392,26518968320,29997248256,-3478279936,38767756288,39084923136,-317166848,41838196736,36209187584,5629009152,-4.24,-1.42,-2.81,-0.26,4.55,0,294,50,236,8,0,0,47.40,0.00,0.00,0.00,,0.00,,0.00,EastMoney,2026-09-02T18:50:37+08:00
BK0636,2026-09-02T00:00:00Z,89039,88785,89039,88506,89071,-286,-0.32,822583,115001580,0.32,1.00,0.00,0,390629,431954,679392688000,110908720000,1248970,10369273,5158374,5210899,17815009,21776938,-3961929,32950542,41417790,-8467248,48950052,41731774,7218278,1.09,4.53,-3.45,-7.36,6.28,0,79,25,43,11,0,0,24.81,0.00,0.00,0.00,,0.00,,0.00,EastMoney,2026-09-02T18:50:37+08:00
BK0637,2026-09-02T00:00:00Z,515640,512696,516828,510384,519486,-6790,-1.31,93451688,97884753907,0.56,0.87,0.00,0,42252028,51199660,21720303872000,15121021952000,-7002081536,11450893824,15510721280,-4059827456,21696358400,24638612480,-2942254080,30066817792,28977873664,1088944128,32432863488,26504647680,5928215808,-7.15,-4.15,-3.01,1.11,6.06,0,190,28,159,3,0,0,8.52,0.00,0.00,0.00,,0.00,,0.00,EastMoney,2026-09-02T18:50:37+08:00
BK0638,2026-09-02T00:00:00Z,243341,241848,243962,241473,245979,-4131,-1.68,27961730,185143280739,2.30,0.87,0.00,0,12995652,14966079,9858644992000,8304230912000,-13989832448,28269627648,35397624320,-7127996672,44684506112,51546341888,-6861835776,61252565760,57432611072,3819954688,46816350208,36646472448,10169877760,-7.56,-3.85,-3.71,2.06,5.49,0,100,12,87,1,0,0,38.09,0.00,0.00,0.00,,0.00,,0.00,EastMoney,2026-09-02T18:50:37+08:00
BK0641,2026-09-02T00:00:00Z,417659,418786,421367,416017,421903,-3117,-0.74,34378973,88745665153,2.41,0.83,0.00,0,15312110,19066863,4149584576000,3615087840000,-4656782080,10027162880,12986728448,-2959565568,19913135104,21610351616,-1697216512,28415119872,26916375296,1498744576,27929413376,24671814656,3257598720,-5.25,-3.33,-1.91,1.69,3.67,0,132,27,102,3,0,0,41.87,0.00,0.00,0.00,,0.00,,0.00,EastMoney,2026-09-02T18:50:37+08:00
BK0643,2026-09-02T00:00:00Z,333685,331655,334113,329606,335398,-3743,-1.12,4292271,8367945288,0.60,0.91,0.00,0,1957555,2334716,925377408000,758477424000,31237712,768786480,876548752,-107762272,1972729728,1833729744,138999984,2845745664,2790427632,55318032,2654999680,2741555424,-86555744,0.37,-1.29,1.66,0.66,-1.03,0,35,5,29,1,0,0,24.48,0.00,0.00,0.00,,0.00,,0.00,EastMoney,2026-09-02T18:50:37+08:00
BK0644,2026-09-02T00:00:00Z,662384,663575,666896,657004,668486,-4911,-0.73,36943469,101646463221,1.84,0.85,0.00,0,17135342,19808127,6286903040000,5631683584000,-5888235264,10166889728,13373714176,-3206824448,22627587328,25308998144,-2681410816,31798027008,30643855360,1154171648,34810062592,30060282624,4749779968,-5.79,-3.15,-2.64,1.14,4.67,0,216,56,154,6,0,0,27.63,0.00,0.00,0.00,,0.00,,0.00,EastMoney,2026-09-02T18:50:37+08:00
BK0653,2026-09-02T00:00:00Z,271290,269790,271459,267894,272813,-3023,-1.11,35064377,32271837398,1.86,0.86,0.00,0,16104038,18960339,2947323104000,2248999776000,-1134748672,2633479792,3305165680,-671685888,6826679040,7289741824,-463062784,9861044480,10236595968,-375551488,12083813120,10573513216,1510299904,-3.52,-2.08,-1.43,-1.16,4.68,0,130,23,104,3,0,0,15.55,0.00,0.00,0.00,,0.00,,0.00,EastMoney,2026-09-02T18:50:37+08:00
BK0655,2026-09-02T00:00:00Z,448136,448546,450942,445043,452659,-4113,-0.91,34268907,75442731344,1.79,0.88,0.00,0,15757004,18511903,4987605760000,2644551872000,-2571209472,8586073088,10095766272,-1509693184,16371783424,17433299712,-1061516288,23898521088,23660563200,237957888,24964471552,22626072576,2338398976,-3.41,-2.00,-1.41,0.32,3.10,0,136,28,103,5,0,0,27.50,0.00,0.00,0.00,,0.00,,0.00,EastMoney,2026-09-02T18:50:37+08:00
BK0656,2026-09-02T00:00:00Z,129927,129385,130395,129143,131191,-1806,-1.38,4766041,4896018782,1.67,1.08,0.00,0,2130054,2635986,299821408000,282731632000,-110549216,394603712,538469264,-143865552,1147525088,1114208752,33316336,1620201104,1504594064,115607040,1659623008,1664680832,-5057824,-2.26,-2.94,0.68,2.36,-0.10,0,13,3,10,0,0,0,25.49,0.00,0.00,0.00,,0.00,,0.00,EastMoney,2026-09-02T18:50:37+08:00
BK0662,2026-09-02T00:00:00Z,203882,203210,204488,201872,205108,-1898,-0.93,37829108,50841618143,3.48,1.11,0.00,0,16726046,21103062,1354223040000,1215918480000,-4378507264,5204216064,7723646720,-2519430656,10364862208,12223938816,-1859076608,15517895168,15407837952,110057216,18083240704,13806388992,4276851712,-8.61,-4.96,-3.66,0.22,8.41,0,112,28,83,1,0,0,79.84,0.00,0.00,0.00,,0.00,,0.00,EastMoney,2026-09-02T18:50:37+08:00
BK0664,2026-09-02T00:00:00Z,168807,167843,168807,166808,169523,-1680,-0.99,23761185,22722832512,2.17,0.91,0.00,0,10628658,13132528,1249551472000,1138804016000,-774882224,1233017904,1597341408,-364323504,4333610240,4744168960,-410558720,7015309824,7090705664,-75395840,9519635456,8659451904,860183552,-3.41,-1.60,-1.81,-0.33,3.79,0,157,32,124,1,0,0,20.03,0.00,0.00,0.00,,0.00,,0.00,EastMoney,2026-09-02T18:50:37+08:00
BK0665,2026-09-02T00:00:00Z,225485,224721,225726,223255,226625,-1904,-0.84,94090764,91164756007,2.62,1.12,0.00,0,43230461,50860303,5607795200000,4996457984000,-1876129280,9399112960,9728752128,-329639168,18770200832,20316690944,-1546490112,27896515840,28667785984,-771270144,32242872320,29559271168,2683601152,-2.06,-0.36,-1.70,-0.85,2.94,0,345,80,262,3,0,0,38.89,0.00,0.00,0.00,,0.00,,0.00,EastMoney,2026-09-02T18:50:37+08:00
BK0666,2026-09-02T00:00:00Z,526187,525910,529706,522005,531506,-5596,-1.05,29993661,83625689881,1.92,0.79,0.00,0,13280484,16713177,5118604544000,4746074624000,-3034254336,9225786624,11294736896,-2068950272,18607228928,19572532992,-965304064,26115139584,24921315328,1193824256,27820979968,25960022016,1860957952,-3.63,-2.47,-1.15,1.43,2.23,0,126,31,94,1,0,0,44.37,0.00,0.00,0.00,,0.00,,0.00,EastMoney,2026-09-02T18:50:37+08:00
BK0667,2026-09-02T00:00:00Z,326300,329079,330709,325195,328419,660,0.20,21868140,46185861712,2.14,1.05,0.00,0,10227742,11640399,2227570416000,2048954320000,-329761792,5229081088,5258987008,-29905920,10434870016,10734725888,-299855872,14329473280,14536666368,-207193088,15053031168,14456437504,596593664,-0.71,-0.06,-0.65,-0.45,1.29,0,141,51,87,3,0,0,51.94,0.00,0.00,0.00,,0.00,,0.00,EastMoney,2026-09-02T18:50:37+08:00
BK0668,2026-09-02T00:00:00Z,424531,422841,424654,420487,426780,-3939,-0.92,38224416,71691747572,1.76,0.80,0.00,0,17059157,21165260,4822255360000,4226472288000,-3855769088,4839825408,6911719424,-2071894016,14725803264,16509678336,-1783875072,23677761536,23161086976,516674560,26605531648,23226519040,3379012608,-5.38,-2.89,-2.49,0.72,4.71,0,337,75,257,5,0,0,34.21,0.00,0.00,0.00,,0.00,,0.00,EastMoney,2026-09-02T18:50:37+08:00
BK0669,2026-09-02T00:00:00Z,150712,147633,150712,146998,150878,-3245,-2.15,15772681,10078009425,3.48,1.30,0.00,0,7019521,8753160,342502784000,302917344000,-173622624,645580208,795558560,-149978352,2197288960,2220933232,-23644272,3166146384,3196302832,-30156448,3759078336,3555299264,203779072,-1.72,-1.49,-0.23,-0.30,2.02,0,46,8,38,0,0,0,28.44,0.00,0.00,0.00,,0.00,,0.00,EastMoney,2026-09-02T18:50:37+08:00
BK0671,2026-09-02T00:00:00Z,264011,263799,265224,262288,265724,-1925,-0.72,5192929,4204916089,2.26,1.18,0.00,0,2408728,2784201,156463137000,150165591000,-43776463,254643184,251924223,2718961,789996352,836491776,-46495424,1310534656,1379329312,-68794656,1762872416,1650301296,112571120,-1.04,0.06,-1.11,-1.64,2.68,0,19,3,14,2,0,0,96.12,0.00,0.00,0.00,,0.00,,0.00,EastMoney,2026-09-02T18:50:37+08:00
BK0672,2026-09-02T00:00:00Z,251593,248199,251913,247294,252637,-4438,-1.76,7622889,6068195753,0.83,0.88,0.00,0,3357771,4265117,796305440000,715637216000,-429125296,278598096,405214032,-126615936,965615408,1268124768,-302509360,1954208128,1893039856,61168272,2727485568,2359528576,367956992,-7.07,-2.09,-4.99,1.01,6.06,0,39,2,37,0,0,0,18.80,0.00,0.00,0.00,,0.00,,0.00,EastMoney,2026-09-02T18:50:37+08:00
BK0674,2026-09-02T00:00:00Z,391218,390675,393992,388612,396174,-5499,-1.39,6231344,15720055577,2.13,0.66,0.00,0,2802907,3428436,746973296000,706919488000,-1077951424,1336549712,2095527872,-758978160,3447285696,3766258960,-318973264,5108093184,4843417600,264675584,5424342528,4591084800,833257728,-6.86,-4.83,-2.03,1.68,5.30,0,18,2,16,0,0,0,1332.36,0.00,0.00,0.00,,0.00,,0.00,EastMoney,2026-09-02T18:50:37+08:00
BK0675,2026-09-02T00:00:00Z,263396,260297,263396,259748,264028,-3731,-1.41,14647677,18599549898,1.64,0.79,0.00,0,6320205,8327472,1204911136000,1073571328000,-415183744,1027001440,1389023712,-362022272,4007388304,4060549776,-53161472,6367059968,5975995392,391064576,6740886272,6711593984,29292288,-2.23,-1.95,-0.29,2.10,0.16,0,109,11,98,0,0,0,166.27,0.00,0.00,0.00,,0.00,,0.00,EastMoney,2026-09-02T18:50:37+08:00
BK0676,2026-09-02T00:00:00Z,243636,240915,244070,240733,244085,-3170,-1.30,6469933,6439263665,1.56,0.74,0.00,0,2530113,3939820,657860768000,586027216000,-323985776,327847552,480126928,-152279376,1273807872,1445514272,-171706400,2209418896,2067272320,142146576,2489305712,2307466512,181839200,-5.03,-2.36,-2.67,2.21,2.82,0,43,5,38,0,0,0,59.69,0.00,0.00,0.00,,0.00,,0.00,EastMoney,2026-09-02T18:50:37+08:00
BK0677,2026-09-02T00:00:00Z,317685,318170,319337,314731,319051,-881,-0.28,21080407,17078817281,1.97,1.02,0.00,0,9633498,11446909,1476124048000,942520832000,-223658064,1195179536,1312428768,-117249232,3520990480,3627399312,-106408832,5135364096,5176724224,-41360128,6294179328,5834994944,459184384,-1.31,-0.69,-0.62,-0.24,2.69,0,86,21,62,3,0,0,36.98,0.00,0.00,0.00,,0.00,,0.00,EastMoney,2026-09-02T18:50:37+08:00
BK0679,2026-09-02T00:00:00Z,634293,639336,641296,630849,640848,-1512,-0.24,14142026,20764165219,2.71,1.36,0.00,0,6490963,7651062,667951984000,619047792000,717089456,3449293408,2551483312,897810096,4312940032,4493660672,-180720640,6017383680,6339853824,-322470144,6543158528,6937842688,-394684160,3.45,4.32,-0.87,-1.55,-1.90,0,26,10,16,0,0,0,37.63,0.00,0.00,0.00,,0.00,,0.00,EastMoney,2026-09-02T18:50:37+08:00
BK0680,2026-09-02T00:00:00Z,299856,299935,301352,297732,301889,-1954,-0.65,28033609,57909169354,1.88,0.93,0.00,0,13103393,14930216,4004098528000,3517650224000,-1288624384,5700233728,6713023488,-1012789760,13076155136,13351989760,-275834624,18713049856,18142566912,570482944,19131581440,18324780032,806801408,-2.23,-1.75,-0.48,0.99,1.39,0,168,38,127,3,0,0,70.43,0.00,0.00,0.00,,0.00,,0.00,EastMoney,2026-09-02T18:50:37+08:00
BK0682,2026-09-02T00:00:00Z,414211,415633,417040,410686,416621,-988,-0.24,30155885,54361002754,1.71,1.02,0.00,0,13610221,16545664,2963664560000,2529614832000,-454031104,6306831104,5950694144,356136960,11971820288,12781988352,-810168064,16912617472,17262475776,-349858304,18140208896,17332190464,808018432,-0.84,0.66,-1.49,-0.64,1.49,0,142,50,87,5,0,0,42.99,0.00,0.00,0.00,,0.00,,0.00,EastMoney,2026-09-02T18:50:37+08:00
BK0683,2026-09-02T00:00:00Z,489486,486831,489515,484580,491463,-4632,-0.94,444405385,507674934084,1.20,1.00,0.00,0,197542833,246862552,49854358528000,37206057216000,-15570656256,54069480448,61030569984,-6961089536,109118341120,117727907840,-8609566720,160224522240,159022292992,1202229248,171795140608,157240713216,14554427392,-3.07,-1.37,-1.70,0.24,2.87,0,1444,303,1105,36,0,0,17.35,0.00,0.00,0.00,,0.00,,0.00,EastMoney,2026-09-02T18:50:37+08:00
BK0684,2026-09-02T00:00:00Z,171811,171480,172139,169987,172868,-1388,-0.80,22224285,15896168150,1.89,0.98,0.00,0,9865564,12358720,705822816000,608564096000,-180278208,1306186176,1299735312,6450864,3299349648,3486078720,-186729072,4846765568,4888785920,-42020352,5736499200,5524916480,211582720,-1.13,0.04,-1.17,-0.26,1.33,0,60,13,46,1,0,0,-23.28,0.00,0.00,0.00,,0.00,,0.00,EastMoney,2026-09-02T18:50:37+08:00
BK0685,2026-09-02T00:00:00Z,301856,299145,302783,297814,303925,-4780,-1.57,1212313,1739716809,1.24,0.83,0.00,0,526285,686028,122559120000,115810433000,-52372177,67692151,103415960,-35723809,317494048,334142416,-16648368,548225888,521461952,26763936,771795088,746186832,25608256,-3.01,-2.05,-0.96,1.54,1.47,0,16,2,14,0,0,0,30.69,0.00,0.00,0.00,,0.00,,0.00,EastMoney,2026-09-02T18:50:37+08:00
BK0689,2026-09-02T00:00:00Z,253609,252767,254167,251535,256042,-3275,-1.28,49714694,102622446757,1.85,0.91,0.00,0,21874160,27840534,8476126464000,4687227648000,-5802369536,13407159296,16208349440,-2801190144,27301107200,30302286592,-3001179392,30107130112,29976186880,130943232,29175717120,23494577664,5681139456,-5.65,-2.73,-2.92,0.13,5.54,0,185,27,156,2,0,0,47.33,0.00,0.00,0.00,,0.00,,0.00,EastMoney,2026-09-02T18:50:37+08:00
BK0690,2026-09-02T00:00:00Z,585091,581974,586095,579663,590681,-8707,-1.47,14291833,30205574624,2.23,0.93,0.00,0,6296249,7995584,1216922272000,986243216000,-1356604848,3048490016,3507369168,-458879152,6394251520,7291977216,-897725696,10314469376,10158696960,155772416,9791687936,8581667328,1210020608,-4.49,-1.52,-2.97,0.52,4.01,0,44,7,37,0,0,0,36.43,0.00,0.00,0.00,,0.00,,0.00,EastMoney,2026-09-02T18:50:37+08:00
BK0692,2026-09-02T00:00:00Z,155156,155101,156079,153112,155681,-580,-0.37,21343113,16660696869,2.82,1.10,0.00,0,9359835,11983278,544748320000,489641264000,-398418576,1191722736,1294645552,-102922816,3435479680,3730975440,-295495760,5476704768,5514166272,-37461504,6145034752,5709154816,435879936,-2.39,-0.62,-1.77,-0.22,2.62,0,63,26,35,2,0,0,-17.65,0.00,0.00,0.00,,0.00,,0.00,EastMoney,2026-09-02T18:50:37+08:00
BK0693,2026-09-02T00:00:00Z,185701,183714,185701,183164,186503,-2789,-1.50,11598602,9892386215,3.73,0.92,0.00,0,4802991,6795612,431972016000,340669488000,-546678800,588782528,910571872,-321789344,1945362208,2170251664,-224889456,3259781840,3137779408,122002432,3871581904,3447365792,424216112,-5.53,-3.25,-2.27,1.23,4.29,0,46,5,39,2,0,0,7462.37,0.00,0.00,0.00,,0.00,,0.00,EastMoney,2026-09-02T18:50:37+08:00
BK0695,2026-09-02T00:00:00Z,433531,432819,435063,425665,440034,-7215,-1.64,57779700,98803389027,1.93,0.90,0.00,0,25735544,32044157,5294329088000,4301984000000,-6329571584,10641689856,13947997952,-3306308096,21608849664,24632113152,-3023263488,29981463552,29437037568,544425984,34328975872,28542477056,5786498816,-6.41,-3.35,-3.06,0.55,5.86,0,121,16,102,3,0,0,19.80,0.00,0.00,0.00,,0.00,,0.00,EastMoney,2026-09-02T18:50:37+08:00
BK0696,2026-09-02T00:00:00Z,330175,330092,332022,327291,333216,-3124,-0.94,39580839,66168708105,2.63,0.89,0.00,0,17792139,21788700,2838857312000,2526925456000,-4888323584,5675071488,8020621312,-2345549824,13772634112,16315407872,-2542773760,21632918016,20988662016,644256000,22898036480,18602189312,4295847168,-7.39,-3.54,-3.84,0.97,6.49,0,234,43,184,7,0,0,140.65,0.00,0.00,0.00,,0.00,,0.00,EastMoney,2026-09-02T18:50:37+08:00
BK0697,2026-09-02T00:00:00Z,321555,318962,321555,317421,323125,-4163,-1.29,17641461,21781003246,1.34,0.93,0.00,0,7513570,10127891,2285778816000,1823919232000,-1471740320,2094135968,3148240448,-1054104480,4857901568,5275537408,-417635840,6970042368,6511021568,459020800,7316473600,6303754240,1012719360,-6.76,-4.84,-1.92,2.11,4.65,0,55,6,48,1,0,0,10.19,0.00,0.00,0.00,,0.00,,0.00,EastMoney,2026-09-02T18:50:37+08:00
BK0698,2026-09-02T00:00:00Z,146135,144648,146135,144135,146406,-1758,-1.20,5327126,6600930120,1.34,0.71,0.00,0,2230042,3097083,532729856000,457378208000,-353889856,308044672,504772320,-196727648,1412224288,1569386496,-157162208,2310136464,2171571872,138564592,2458472032,2243146784,215325248,-5.36,-2.98,-2.38,2.10,3.26,0,47,6,40,1,0,0,-122.64,0.00,0.00,0.00,,0.00,,0.00,EastMoney,2026-09-02T18:50:37+08:00
BK0699,2026-09-02T00:00:00Z,275731,277486,278700,275362,278266,-780,-0.28,3195651,6416864998,3.08,1.03,0.00,0,1553228,1642423,208291152000,196468434000,-341389696,464699376,757592032,-292892656,1338800720,1387297760,-48497040,2157608592,1991550160,166058432,2343441552,2168110288,175331264,-5.32,-4.56,-0.76,2.59,2.73,0,11,5,6,0,0,0,309.83,0.00,0.00,0.00,,0.00,,0.00,EastMoney,2026-09-02T18:50:37+08:00
BK0700,2026-09-02T00:00:00Z,309860,310513,311757,307557,312126,-1613,-0.52,47609844,92956156122,2.09,0.89,0.00,0,22415732,25194111,4798287104000,3958748304000,-2873508096,9435810560,10731947008,-1296136448,19590595328,21167966976,-1577371648,28648426752,28555930112,92496640,33184408320,30362785536,2821622784,-3.09,-1.39,-1.70,0.10,3.04,0,261,77,175,9,0,0,35.66,0.00,0.00,0.00,,0.00,,0.00,EastMoney,2026-09-02T18:50:37+08:00
BK0701,2026-09-02T00:00:00Z,254544,252383,254607,251463,256295,-3912,-1.53,164471755,307339998274,1.49,0.92,0.00,0,71011133,93460622,18388530688000,15566064384000,-9965258496,30404693760,35286533632,-4881839872,69170630656,74254049280,-5083418624,103957151744,102337208320,1619943424,97910001664,89564688384,8345313280,-3.24,-1.59,-1.65,0.53,2.72,0,500,61,436,3,0,0,33.18,0.00,0.00,0.00,,0.00,,0.00,EastMoney,2026-09-02T18:50:37+08:00
BK0703,2026-09-02T00:00:00Z,545034,544467,548039,540879,550695,-6228,-1.13,15010767,31171505324,3.67,0.95,0.00,0,7198563,7812204,957131584000,879781312000,-1766771376,2910408608,3499651664,-589243056,6523927296,7701455616,-1177528320,9913369344,9851878400,61490944,11134070016,9428789504,1705280512,-5.67,-1.89,-3.78,0.20,5.47,0,40,10,29,1,0,0,54.97,0.00,0.00,0.00,,0.00,,0.00,EastMoney,2026-09-02T18:50:37+08:00
BK0704,2026-09-02T00:00:00Z,255794,258008,259178,255106,257652,356,0.14,39480595,80251668676,2.51,1.06,0.00,0,18969365,20511230,3725806960000,3275165024000,489642496,7811549440,7275300096,536249344,17660712192,17707319040,-46606848,25940009728,26066827520,-126817792,27265216256,27618840576,-353624320,0.61,0.67,-0.06,-0.16,-0.44,0,228,89,134,5,0,0,55.56,0.00,0.00,0.00,,0.00,,0.00,EastMoney,2026-09-02T18:50:37+08:00
BK0705,2026-09-02T00:00:00Z,292315,289311,292404,288332,293831,-4520,-1.54,99783613,169412374666,1.31,0.96,0.00,0,43088620,56694994,12273842176000,10502538240000,-4048449024,15770519040,18022303232,-2251784192,39894007552,41690672384,-1796664832,58602722304,56531177472,2071544832,52113356032,50136452096,1976903936,-2.39,-1.33,-1.06,1.22,1.17,0,380,46,333,1,0,0,29.02,0.00,0.00,0.00,,0.00,,0.00,EastMoney,2026-09-02T18:50:37+08:00
BK0706,2026-09-02T00:00:00Z,534740,530627,534740,526955,538300,-7673,-1.43,9838539,18358270213,2.29,0.83,0.00,0,4243559,5594980,891699056000,801115408000,-717283408,1504075280,1830824576,-326749296,3855107888,4245642000,-390534112,6038862592,6018603008,20259584,6599658752,5902635008,697023744,-3.91,-1.78,-2.13,0.11,3.80,0,55,5,50,0,0,0,59.32,0.00,0.00,0.00,,0.00,,0.00,EastMoney,2026-09-02T18:50:37+08:00
BK0707,2026-09-02T00:00:00Z,252798,251475,252897,250345,254232,-2757,-1.08,447663616,739622922709,0.98,0.95,0.00,0,201104668,246558948,75534897152000,58992336640000,-16927862784,85162184704,94351282176,-9189097472,174274961408,182013726720,-7738765312,240117452800,234948182016,5169270784,225595469824,213836877824,11758592000,-2.29,-1.24,-1.05,0.70,1.59,0,1643,314,1303,26,0,0,15.59,0.00,0.00,0.00,,0.00,,0.00,EastMoney,2026-09-02T18:50:37+08:00
BK0708,2026-09-02T00:00:00Z,141079,141279,141931,140075,141742,-463,-0.33,15648704,14530203580,2.08,1.08,0.00,0,7409146,8239558,826896032000,654306480000,-547255424,783389376,1042508560,-259119184,2834259328,3122395568,-288136240,4563965184,4537960960,26004224,5787574016,5210834944,576739072,-3.77,-1.78,-1.98,0.18,3.97,0,77,26,48,3,0,0,30.10,0.00,0.00,0.00,,0.00,,0.00,EastMoney,2026-09-02T18:50:37+08:00
BK0710,2026-09-02T00:00:00Z,330494,331573,333354,328525,333622,-2049,-0.61,17681505,57451731884,1.02,0.90,0.00,0,8166730,9514775,2774683568000,2500853520000,-2045455360,7442988544,8861954048,-1418965504,13073369600,13699859456,-626489856,18439927808,18354958080,84969728,16986511616,14986006016,2000505600,-3.56,-2.47,-1.09,0.15,3.48,0,80,18,61,1,0,0,41.19,0.00,0.00,0.00,,0.00,,0.00,EastMoney,2026-09-02T18:50:37+08:00
BK0711,2026-09-02T00:00:00Z,111935,110213,112072,110144,112668,-2455,-2.18,26695815,32654841218,0.93,0.78,0.00,0,10696752,15999063,3876010016000,3259170384000,-4565265584,3770518096,6766640896,-2996122800,7267803136,8836945920,-1569142784,10560476672,8952552704,1607923968,10333629440,7376287744,2957341696,-13.98,-9.18,-4.81,4.92,9.06,0,55,1,54,0,0,0,13.27,0.00,0.00,0.00,,0.00,,0.00,EastMoney,2026-09-02T18:50:37+08:00
BK0712,2026-09-02T00:00:00Z,157614,157035,157619,156016,158125,-1090,-0.69,163725868,182216596255,1.02,1.04,0.00,0,72920294,90805574,16648441344000,14097731328000,-4752498944,20718653696,23867941632,-3149287936,40140506112,41743717120,-1603211008,55779196416,54664099072,1115097344,60756596224,57002354688,3754241536,-2.61,-1.73,-0.88,0.61,2.06,0,525,121,388,16,0,0,15.06,0.00,0.00,0.00,,0.00,,0.00,EastMoney,2026-09-02T18:50:37+08:00
BK0714,2026-09-02T00:00:00Z,204497,205199,206536,203652,206925,-1726,-0.83,84446107,298636685621,2.24,0.86,0.00,0,40555303,43890804,14396736512000,11102249728000,-11812201472,39602282496,45878699008,-6276416512,69167628288,74703413248,-5535784960,96741965824,93114023936,3627941888,86483468288,78282231808,8201236480,-3.96,-2.10,-1.85,1.21,2.75,0,327,81,241,5,0,0,39.21,0.00,0.00,0.00,,0.00,,0.00,EastMoney,2026-09-02T18:50:37+08:00
BK0715,2026-09-02T00:00:00Z,95071,96171,96657,94867,95675,496,0.52,9193828,20007934126,1.44,1.23,0.00,0,4551446,4642383,1081874576000,1050882912000,466828336,2118972624,2141553824,-22581200,5018607104,4529197568,489409536,6459911424,6387662592,72248832,6097705472,6636782592,-539077120,2.33,-0.11,2.45,0.36,-2.69,0,32,16,15,1,0,0,42.24,0.00,0.00,0.00,,0.00,,0.00,EastMoney,2026-09-02T18:50:37+08:00
BK0718,2026-09-02T00:00:00Z,140950,139572,141200,139456,140750,-1178,-0.84,30802205,35494628525,0.22,0.68,0.00,0,14482416,16319789,21286491392000,14367716352000,-1359350016,5311901696,6619436544,-1307534848,8642582016,8694397184,-51815168,10674337536,10324543232,349794304,10169472256,9159916800,1009555456,-3.83,-3.68,-0.15,0.99,2.84,0,34,7,26,1,0,0,8.42,0.00,0.00,0.00,,0.00,,0.00,EastMoney,2026-09-02T18:50:37+08:00
BK0721,2026-09-02T00:00:00Z,78021,77878,78063,77223,78316,-438,-0.56,41065026,26819910444,1.24,0.92,0.00,0,17939230,23125796,2158230240000,1927318112000,-326436320,2847317808,3082805264,-235487456,6019414272,6110363136,-90948864,8352278016,8158636544,193641472,8981898240,8849103360,132794880,-1.22,-0.88,-0.34,0.72,0.50,0,148,32,106,10,0,0,35.91,0.00,0.00,0.00,,0.00,,0.00,EastMoney,2026-09-02T18:50:37+08:00
BK0722,2026-09-02T00:00:00Z,125068,125359,125966,124562,126240,-881,-0.70,65054303,97799785462,2.60,0.98,0.00,0,28167482,36886821,4008622752000,3685917296000,-2334229760,11021733120,12128431872,-1106698752,21615295744,22842826752,-1227531008,31014259200,30974602240,39656960,31842824960,29527406336,2315418624,-2.39,-1.13,-1.26,0.04,2.37,0,220,63,151,6,0,0,51.30,0.00,0.00,0.00,,0.00,,0.00,EastMoney,2026-09-02T18:50:37+08:00
BK0724,2026-09-02T00:00:00Z,98740,98447,98909,97435,99250,-803,-0.81,13992138,7501251743,2.84,1.10,0.00,0,6021056,7971081,251333455000,235333117000,-344097472,632560848,896069968,-263509120,1605175808,1685764160,-80588352,2341247904,2319667776,21580128,2760171024,2437653664,322517360,-4.59,-3.51,-1.07,0.29,4.30,0,36,8,26,2,0,0,25441.21,0.00,0.00,0.00,,0.00,,0.00,EastMoney,2026-09-02T18:50:37+08:00
BK0725,2026-09-02T00:00:00Z,90728,90691,91579,90267,91492,-801,-0.88,6588877,4757609725,4.00,0.85,0.00,0,3053394,3535482,111841428000,101363688000,-111991378,267160366,361933440,-94773074,889908544,907126848,-17218304,1521330384,1541722144,-20391760,1938139024,1805755904,132383120,-2.35,-1.99,-0.36,-0.43,2.78,0,21,10,11,0,0,0,-105.91,0.00,0.00,0.00,,0.00,,0.00,EastMoney,2026-09-02T18:50:37+08:00
BK0726,2026-09-02T00:00:00Z,82149,82298,82872,81344,82566,-268,-0.32,4090039,5724578601,2.76,0.87,0.00,0,1939342,2150697,216261783000,190774538000,19471899,294148512,235158021,58990491,961749632,1001268224,-39518592,1775422016,1827542848,-52120832,2447279968,2408726320,38553648,0.34,1.03,-0.69,-0.91,0.67,0,46,13,31,2,0,0,64.46,0.00,0.00,0.00,,0.00,,0.00,EastMoney,2026-09-02T18:50:37+08:00
BK0727,2026-09-02T00:00:00Z,140711,139555,140711,138205,141156,-1601,-1.13,10270376,24590065399,2.64,0.82,0.00,0,4725457,5544919,1166123408000,948021120000,1063251920,2416650672,2139876320,276774352,5959411456,5172933888,786477568,8257531392,8091087104,166444288,7513778688,8737640448,-1223861760,4.32,1.13,3.20,0.68,-4.98,0,54,8,45,1,0,0,39.05,0.00,0.00,0.00,,0.00,,0.00,EastMoney,2026-09-02T18:50:37+08:00
BK0728,2026-09-02T00:00:00Z,55687,55695,55883,55095,55951,-256,-0.46,15012991,14546172006,1.55,0.95,0.00,0,6873065,8139926,844269920000,758271392000,-296211552,947651568,1039475920,-91824352,3005066864,3209454064,-204387200,4569001728,4531750400,37251328,5701828352,5438152704,263675648,-2.04,-0.63,-1.41,0.26,1.81,0,134,38,93,3,0,0,34.58,0.00,0.00,0.00,,0.00,,0.00,EastMoney,2026-09-02T18:50:37+08:00
BK0729,2026-09-02T00:00:00Z,118989,119914,120906,118891,119761,153,0.13,5782839,7714158073,1.15,1.30,0.00,0,2473670,3309170,743320192000,546972096000,-253449152,731922640,1120598064,-388675424,1926337136,1791110864,135226272,2426701888,2298953888,127748000,2505782320,2380081168,125701152,-3.29,-5.04,1.75,1.66,1.63,0,15,7,8,0,0,0,25.73,0.00,0.00,0.00,,0.00,,0.00,EastMoney,2026-09-02T18:50:37+08:00
BK0730,2026-09-02T00:00:00Z,124739,122681,124739,122352,125288,-2607,-2.08,6033223,6162058677,2.13,0.93,0.00,0,2604273,3428950,311144688000,285934144000,-189083112,259546920,349180528,-89633608,1135867648,1235317152,-99449504,1992403072,1968590608,23812464,2550636896,2406125456,144511440,-3.07,-1.45,-1.61,0.39,2.35,0,49,4,45,0,0,0,46.59,0.00,0.00,0.00,,0.00,,0.00,EastMoney,2026-09-02T18:50:37+08:00
BK0731,2026-09-02T00:00:00Z,177277,173666,177277,172581,178118,-4452,-2.50,25808319,22427558862,4.08,1.25,0.00,0,11114312,14694008,927132848000,870552400000,-563110448,1969873824,2401451984,-431578160,5195675904,5327208192,-131532288,6949175808,6891400192,57775616,7730125824,7272772864,457352960,-2.51,-1.92,-0.59,0.26,2.04,0,63,6,57,0,0,0,20.68,0.00,0.00,0.00,,0.00,,0.00,EastMoney,2026-09-02T18:50:37+08:00
BK0732,2026-09-02T00:00:00Z,268147,277243,279122,261141,277686,-443,-0.16,10567683,27517247229,4.67,0.89,0.00,0,5395256,5172427,722895568000,655154704000,-1584218144,3619710432,4518684928,-898974496,6565410304,7250653952,-685243648,8120473088,7899505920,220967168,8490683904,7127432960,1363250944,-5.76,-3.27,-2.49,0.80,4.95,0,13,5,8,0,0,0,25.01,0.00,0.00,0.00,,0.00,,0.00,EastMoney,2026-09-02T18:50:37+08:00
BK0733,2026-09-02T00:00:00Z,125379,125685,126323,124270,126046,-361,-0.29,3783632,3067428193,1.76,0.90,0.00,0,1791821,1991811,145953317000,134706111000,42174405,188477386,157183765,31293621,572876944,561996160,10880784,957963952,946206592,11757360,1274535216,1328126096,-53590880,1.37,1.02,0.35,0.38,-1.75,0,28,9,19,0,0,0,63.54,0.00,0.00,0.00,,0.00,,0.00,EastMoney,2026-09-02T18:50:37+08:00
BK0734,2026-09-02T00:00:00Z,38760,38799,38858,38113,39278,-479,-1.22,5505680,3918572540,4.60,0.89,0.00,0,2579539,2926141,110178259000,103382118000,-211044318,184839282,296628304,-111789022,644896064,744151360,-99255296,1196169904,1174022224,22147680,1589419216,1400522576,188896640,-5.39,-2.85,-2.53,0.57,4.82,0,18,1,14,3,0,0,25.27,0.00,0.00,0.00,,0.00,,0.00,EastMoney,2026-09-02T18:50:37+08:00
BK0735,2026-09-02T00:00:00Z,162002,163052,164013,161039,163540,-488,-0.30,9442629,24235367892,1.94,0.83,0.00,0,4580230,4862399,1458407184000,1186657856000,-477947552,2544663296,2743740832,-199077536,5278183424,5557053440,-278870016,7859431936,7928348928,-68916992,7738871296,7105417472,633453824,-1.97,-0.82,-1.15,-0.28,2.61,0,89,23,62,4,0,0,40.28,0.00,0.00,0.00,,0.00,,0.00,EastMoney,2026-09-02T18:50:37+08:00
BK0736,2026-09-02T00:00:00Z,106949,107380,107837,106341,107917,-537,-0.50,7400575,8975855720,0.56,0.89,0.00,0,3380861,4019714,3244229072000,1040363840000,-434139456,643808432,888809872,-245001440,1881911488,2071049504,-189138016,2859294816,2840492480,18802336,3409468176,2988983904,420484272,-4.84,-2.73,-2.11,0.21,4.68,0,39,7,26,6,0,0,18.99,0.00,0.00,0.00,,0.00,,0.00,EastMoney,2026-09-02T18:50:37+08:00
BK0737,2026-09-02T00:00:00Z,109078,108478,109277,107834,110155,-1677,-1.52,17764626,35576566594,2.52,0.80,0.00,0,7981470,9783156,1578389424000,1372187072000,-2970304672,2571735968,3938290240,-1366554272,7206117632,8809868032,-1603750400,11610924544,11447909888,163014656,12915097600,10077460736,2837636864,-8.35,-3.84,-4.51,0.46,7.98,0,134,17,114,3,0,0,320.67,0.00,0.00,0.00,,0.00,,0.00,EastMoney,2026-09-02T18:50:37+08:00
BK0738,2026-09-02T00:00:00Z,60276,59808,60382,59457,60665,-857,-1.41,9307113,7103791352,1.22,0.96,0.00,0,3854452,5452661,520726416000,498232032000,-453311424,587308704,920927664,-333618960,1439210384,1558902848,-119692464,2283577744,2057196912,226380832,2641626192,2414695584,226930608,-6.38,-4.70,-1.68,3.19,3.19,0,26,3,23,0,0,0,15.27,0.00,0.00,0.00,,0.00,,0.00,EastMoney,2026-09-02T18:50:37+08:00
BK0739,2026-09-02T00:00:00Z,216955,216239,217686,214966,217838,-1599,-0.73,6372205,6608649778,1.37,0.87,0.00,0,2606087,3766118,737019776000,660568608000,-502276992,422423008,791259952,-368836944,1313156736,1446596784,-133440048,2142881152,1880667712,262213440,2460519824,2211210112,249309712,-7.60,-5.58,-2.02,3.97,3.77,0,35,12,23,0,0,0,22.05,0.00,0.00,0.00,,0.00,,0.00,EastMoney,2026-09-02T18:50:37+08:00
BK0740,2026-09-02T00:00:00Z,62433,63311,63364,61917,62854,457,0.73,4987501,3421039303,3.55,1.02,0.00,0,2259286,2728216,85874529000,81073040000,-65474136,173012253,247148693,-74136440,828347552,819685248,8662304,1101736704,1086984544,14752160,1209625776,1158903792,50721984,-1.91,-2.17,0.25,0.43,1.48,0,16,8,8,0,0,0,-176.53,0.00,0.00,0.00,,0.00,,0.00,EastMoney,2026-09-02T18:50:37+08:00
BK0742,2026-09-02T00:00:00Z,194243,194240,195197,192675,195823,-1583,-0.81,165047122,437494254548,3.07,0.90,0.00,0,77003814,88043308,18534185728000,14802370560000,-19391781120,44377168128,54296220160,-9919052032,96745254912,106217984000,-9472729088,142531620864,137527975936,5003644928,144554340352,130166206464,14388133888,-4.43,-2.27,-2.17,1.14,3.29,0,1358,350,978,30,0,0,55.44,0.00,0.00,0.00,,0.00,,0.00,EastMoney,2026-09-02T18:50:37+08:00
BK0743,2026-09-02T00:00:00Z,131832,130715,131944,130531,132758,-2043,-1.54,57038063,210789277947,1.19,0.88,0.00,0,24899825,32138238,17063334656000,14574574080000,-17486126848,32399177472,42687974656,-10288797184,51947290624,59144620288,-7197329664,68725428224,62891978240,5833449984,53496442624,41843766272,11652676352,-8.30,-4.88,-3.41,2.77,5.53,0,100,17,80,3,0,0,25.84,0.00,0.00,0.00,,0.00,,0.00,EastMoney,2026-09-02T18:50:37+08:00
BK0800,2026-09-02T00:00:00Z,179534,179589,180532,178303,181002,-1413,-0.78,168739740,291187233628,2.25,1.00,0.00,0,75405519,93334220,14581660160000,12922901504000,-13295512320,31895625728,39029674752,-7134049024,66601154560,72762617856,-6161463296,89550016512,87637467136,1912549376,94678753280,83080077312,11598675968,-4.57,-2.45,-2.12,0.66,3.98,0,736,166,551,19,0,0,46.22,0.00,0.00,0.00,,0.00,,0.00,EastMoney,2026-09-02T18:50:37+08:00
BK0801,2026-09-02T00:00:00Z,139596,139975,140677,139169,140623,-648,-0.46,9034296,17661867048,2.07,1.00,0.00,0,4276500,4757796,807299136000,753195440000,361657824,2286603504,1902708976,383894528,4001797072,4024033776,-22236704,5696517376,5858377216,-161859840,5342751488,5541097728,-198346240,2.05,2.17,-0.13,-0.92,-1.12,0,45,13,32,0,0,0,51.22,0.00,0.00,0.00,,0.00,,0.00,EastMoney,2026-09-02T18:50:37+08:00
BK0802,2026-09-02T00:00:00Z,209752,210659,211726,208619,211697,-1038,-0.49,49980240,135337950602,1.76,0.91,0.00,0,23010233,26970007,7371351040000,6069797888000,-6869338624,16365290752,20997066240,-4631775488,31454135552,33691698688,-2237563136,47949445888,44103913728,3845532160,36371657728,33273902848,3097754880,-5.08,-3.42,-1.65,2.84,2.29,0,298,84,205,9,0,0,39.75,0.00,0.00,0.00,,0.00,,0.00,EastMoney,2026-09-02T18:50:37+08:00
BK0803,2026-09-02T00:00:00Z,75675,75299,75675,74605,75744,-445,-0.59,8566816,6995785007,2.87,1.14,0.00,0,4011837,4554979,184807138000,169407663000,19507968,691947280,543548528,148398752,1376954768,1505845552,-128890784,2143286448,2278021168,-134734720,2534906736,2405677328,129229408,0.28,2.12,-1.84,-1.93,1.85,0,41,11,29,1,0,0,-78.79,0.00,0.00,0.00,,0.00,,0.00,EastMoney,2026-09-02T18:50:37+08:00
BK0804,2026-09-02T00:00:00Z,123279,122959,123541,122237,124226,-1267,-1.02,491753914,845160562142,2.37,0.96,0.00,0,222328476,269425438,41612602880000,34741060864000,-34088026112,87976910848,104884842496,-16907931648,183925186560,201105281024,-17180094464,270760919040,265296023552,5464895488,284276924416,255653793792,28623130624,-4.03,-2.00,-2.03,0.65,3.39,0,1879,388,1455,36,0,0,36.85,0.00,0.00,0.00,,0.00,,0.00,EastMoney,2026-09-02T18:50:37+08:00
BK0805,2026-09-02T00:00:00Z,132843,130891,132954,130134,134480,-3589,-2.67,4333705,3049824711,2.01,1.32,0.00,0,1756706,2576998,186231526000,176707128000,-365249503,163789761,362939824,-199150063,541443136,707542576,-166099440,952746672,877877680,74868992,1337140992,1046760480,290380512,-11.98,-6.53,-5.45,2.45,9.52,0,12,0,12,0,0,0,45.59,0.00,0.00,0.00,,0.00,,0.00,EastMoney,2026-09-02T18:50:37+08:00
BK0806,2026-09-02T00:00:00Z,105353,104205,105364,103980,105825,-1620,-1.53,7413452,8570520794,2.20,0.74,0.00,0,3273811,4139641,525661504000,446765808000,-534708560,328999008,604290736,-275291728,1717080208,1976497040,-259416832,2981167840,2891736672,89431168,3337609296,2892331920,445277376,-6.24,-3.21,-3.03,1.04,5.20,0,44,4,40,0,0,0,-216.05,0.00,0.00,0.00,,0.00,,0.00,EastMoney,2026-09-02T18:50:37+08:00
BK0807,2026-09-02T00:00:00Z,84646,84090,84676,83525,85156,-1066,-1.25,2789922,2319504286,1.38,0.80,0.00,0,1172522,1617400,216991254000,194430727000,-99586649,81239201,97699498,-16460297,392057104,475183456,-83126352,769029744,738837808,30191936,1027838272,958443568,69394704,-4.29,-0.71,-3.58,1.30,2.99,0,19,3,15,1,0,0,36.45,0.00,0.00,0.00,,0.00,,0.00,EastMoney,2026-09-02T18:50:37+08:00
BK0808,2026-09-02T00:00:00Z,189159,191915,193039,189072,190621,1294,0.68,39754131,66652489747,2.33,1.25,0.00,0,19692776,20061355,3177175024000,3008838784000,1832438272,6674014720,5392672512,1281342208,14799576832,14248480768,551096064,21213728000,21736976384,-523248384,22642802432,23920807936,-1278005504,2.75,1.92,0.83,-0.79,-1.92,0,177,91,83,3,0,0,50.75,0.00,0.00,0.00,,0.00,,0.00,EastMoney,2026-09-02T18:50:37+08:00
BK0809,2026-09-02T00:00:00Z,116832,116585,117458,115975,118057,-1472,-1.25,53675326,68009094362,3.36,1.02,0.00,0,23512367,30162959,2323484640000,2102899536000,-3636375808,6427778048,7749966080,-1322188032,14135035136,16449222912,-2314187776,20837808640,21181038080,-343229440,24273700352,20256997888,4016702464,-5.35,-1.94,-3.40,-0.50,5.91,0,169,32,134,3,0,0,83.58,0.00,0.00,0.00,,0.00,,0.00,EastMoney,2026-09-02T18:50:37+08:00
BK0811,2026-09-02T00:00:00Z,210418,208930,210582,208717,210887,-1957,-0.93,6658872,18197242465,0.70,0.85,0.00,0,2780958,3877914,7286548736000,4379780096000,-1092476096,1861373424,2569953456,-708580032,4298455808,4682351872,-383896064,6176460032,6188280320,-11820288,5462514944,4358218496,1104296448,-6.00,-3.89,-2.11,-0.06,6.07,0,32,4,27,1,0,0,22.85,0.00,0.00,0.00,,0.00,,0.00,EastMoney,2026-09-02T18:50:37+08:00
BK0812,2026-09-02T00:00:00Z,169869,170248,171069,168536,170884,-636,-0.37,25373515,91396426533,1.98,0.96,0.00,0,11801174,13572341,8002022144000,3792062160000,-6757443072,15532489728,19484300544,-3951810816,22242230272,25047862528,-2805632256,29909266432,25717518592,4191747840,20767453696,18100481536,2666972160,-7.39,-4.32,-3.07,4.59,2.92,0,191,65,121,5,0,0,31.35,0.00,0.00,0.00,,0.00,,0.00,EastMoney,2026-09-02T18:50:37+08:00
BK0813,2026-09-02T00:00:00Z,96220,96071,96400,95207,96582,-511,-0.53,36774059,25670011650,1.32,0.99,0.00,0,16307835,20466224,2116350368000,1816698848000,-772959936,1872142752,2278883168,-406740416,5100713216,5466932736,-366219520,8184685056,8051902208,132782848,9949838336,9304839936,644998400,-3.01,-1.58,-1.43,0.52,2.51,0,148,40,101,7,0,0,883.78,0.00,0.00,0.00,,0.00,,0.00,EastMoney,2026-09-02T18:50:37+08:00
BK0814,2026-09-02T00:00:00Z,174807,175923,177162,173879,176020,-97,-0.06,21806451,38092570430,1.81,1.15,0.00,0,10468053,11338398,1981230272000,1696643376000,1383926576,3902048288,3250828784,651219504,9184154624,8451447552,732707072,12309807104,12398649088,-88841984,12086276608,13379609088,-1293332480,3.63,1.71,1.92,-0.23,-3.40,0,101,40,59,2,0,0,61.20,0.00,0.00,0.00,,0.00,,0.00,EastMoney,2026-09-02T18:50:37+08:00
BK0815,2026-09-02T00:00:00Z,19081,18770,19081,18723,18984,-214,-1.13,96670044,76974355274,21.17,1.69,0.00,0,44692244,51977800,700088656000,611385456000,-3234241536,8249564416,10223323648,-1973759232,15951510272,17211992576,-1260482304,23332278528,23005687040,326591488,25216042240,22302295296,2913746944,-4.20,-2.56,-1.64,0.42,3.79,0,79,27,52,0,0,0,-642.43,0.00,0.00,0.00,,0.00,,0.00,EastMoney,2026-09-02T18:50:37+08:00
BK0816,2026-09-02T00:00:00Z,3736672,3696054,3773349,3689577,3609254,86800,2.40,11052465,13052192281,11.44,0.85,0.00,0,4802590,6249875,89833548000,71119064000,-550598752,2114068720,2490085216,-376016496,2683610064,2858192320,-174582256,3649890128,3644892496,4997632,3789280176,3243679056,545601120,-4.22,-2.88,-1.34,0.04,4.18,0,9,5,4,0,0,0,-131.81,0.00,0.00,0.00,,0.00,,0.00,EastMoney,2026-09-02T18:50:37+08:00
BK0817,2026-09-02T00:00:00Z,1536,1521,1548,1491,1540,-19,-1.23,11425482,12302226863,6.24,0.52,0.00,0,5034985,6390497,170589125000,166270330000,-461739488,1582286832,1571405248,10881584,2347793200,2820414272,-472621072,3492433488,3632628928,-140195440,4497426176,3895491248,601934928,-3.75,0.09,-3.84,-1.14,4.89,0,14,3,11,0,0,0,-201.46,0.00,0.00,0.00,,0.00,,0.00,EastMoney,2026-09-02T18:50:37+08:00
BK0818,2026-09-02T00:00:00Z,152978,151520,155057,150982,151222,298,0.20,4651064,2516698250,1.55,1.78,0.00,0,2049233,2601831,215700374000,153176764000,119839457,201207098,149711577,51495521,513546880,445202944,68343936,861802960,738068592,123734368,877876384,1121450208,-243573824,4.76,2.05,2.72,4.92,-9.68,0,9,3,6,0,0,0,24.93,0.00,0.00,0.00,,0.00,,0.00,EastMoney,2026-09-02T18:50:37+08:00
BK0821,2026-09-02T00:00:00Z,146374,145210,146401,144826,147486,-2276,-1.54,304523774,778984331098,0.80,0.92,0.00,0,135220065,169303708,85307604992000,63583602688000,-42316480512,107951521792,132749307904,-24797786112,193283530752,210802225152,-17518694400,254590763008,242727141376,11863621632,207306199040,176853340160,30452858880,-5.43,-3.18,-2.25,1.52,3.91,0,565,86,474,5,0,0,15.85,0.00,0.00,0.00,,0.00,,0.00,EastMoney,2026-09-02T18:50:37+08:00
BK0822,2026-09-02T00:00:00Z,66463,66670,67039,65380,66927,-257,-0.38,18847879,7800878301,3.27,1.19,0.00,0,8996377,9851502,322676016000,306687856000,-185186304,874177552,874468464,-290912,1692854976,1877750368,-184895392,2371336688,2341297168,30039520,2607188080,2452041296,155146784,-2.37,0.00,-2.37,0.39,1.99,0,23,8,15,0,0,0,-2.81,0.00,0.00,0.00,,0.00,,0.00,EastMoney,2026-09-02T18:50:37+08:00
BK0823,2026-09-02T00:00:00Z,166661,165552,166766,164895,167641,-2089,-1.25,39547417,79112021928,1.52,1.00,0.00,0,17879276,21668140,5093708032000,4339034624000,-2995301376,6894018560,8706935296,-1812916736,17086958336,18269342976,-1182384640,25936612096,24905751296,1030860800,27829986048,25865545216,1964440832,-3.79,-2.29,-1.49,1.30,2.48,0,190,31,157,2,0,0,19.58,0.00,0.00,0.00,,0.00,,0.00,EastMoney,2026-09-02T18:50:37+08:00
BK0825,2026-09-02T00:00:00Z,100233,99533,100239,98868,100537,-1004,-1.00,59408393,44918824219,2.79,1.13,0.00,0,26573435,32834958,2208338576000,2064749232000,-1448093952,4341212416,5225042176,-883829760,9318400768,9882664960,-564264192,13306934272,13668069120,-361134848,16432394496,14621180672,1811213824,-3.22,-1.97,-1.26,-0.80,4.03,0,153,29,120,4,0,0,42.28,0.00,0.00,0.00,,0.00,,0.00,EastMoney,2026-09-02T18:50:37+08:00
BK0830,2026-09-02T00:00:00Z,108925,108712,109229,108006,109901,-1189,-1.08,79307451,105769171708,1.20,0.97,0.00,0,35956543,43350908,9492724992000,8025948672000,-8764685824,10961809664,15528160768,-4566351104,22682087680,26880422400,-4198334720,33429172736,32626193152,802979584,35931013632,27960158976,7970854656,-8.29,-4.32,-3.97,0.76,7.54,0,229,34,188,7,0,0,12.89,0.00,0.00,0.00,,0.00,,0.00,EastMoney,2026-09-02T18:50:37+08:00
BK0832,2026-09-02T00:00:00Z,253676,253621,254805,251534,255592,-1971,-0.77,44369603,79397626087,1.71,0.92,0.00,0,19827013,24542590,6215231232000,5342170624000,-3439662080,8380264960,10615134976,-2234870016,17400184064,18604976128,-1204792064,26759652096,26564943360,194708736,24935794688,21649831936,3285962752,-4.33,-2.81,-1.52,0.25,4.14,0,210,48,154,8,0,0,30.96,0.00,0.00,0.00,,0.00,,0.00,EastMoney,2026-09-02T18:50:37+08:00
BK0833,2026-09-02T00:00:00Z,244854,245055,246541,243267,247171,-2116,-0.86,61929419,122444881088,2.57,0.90,0.00,0,27702557,34226862,8530374144000,4283870176000,-6293529600,16469458432,19909439232,-3439980800,27670855424,30524404224,-2853548800,37501015040,36450185216,1050829824,37703190016,32405432320,5297757696,-5.14,-2.81,-2.33,0.86,4.33,0,234,61,173,0,0,0,43.25,0.00,0.00,0.00,,0.00,,0.00,EastMoney,2026-09-02T18:50:37+08:00
BK0834,2026-09-02T00:00:00Z,160712,158788,160712,158185,161659,-2871,-1.78,62842842,44608559720,3.69,1.25,0.00,0,27966599,34876244,3175267872000,2865413808000,-1799216864,3837721120,4862660352,-1024939232,9581445632,10355723264,-774277632,14422715392,14212955392,209760000,15160505856,13558772224,1601733632,-4.03,-2.30,-1.74,0.47,3.59,0,149,28,116,5,0,0,36.37,0.00,0.00,0.00,,0.00,,0.00,EastMoney,2026-09-02T18:50:37+08:00
BK0835,2026-09-02T00:00:00Z,208363,207640,208588,206955,209895,-2255,-1.07,35839125,65325751255,1.93,0.96,0.00,0,16233065,19606059,4877294592000,4160770304000,-1710369792,8541002240,9001601024,-460598784,14672026880,15921797888,-1249771008,20016503808,20682089728,-665585920,20488649984,18112694272,2375955712,-2.62,-0.71,-1.91,-1.02,3.64,0,104,18,86,0,0,0,17.07,0.00,0.00,0.00,,0.00,,0.00,EastMoney,2026-09-02T18:50:37+08:00
BK0837,2026-09-02T00:00:00Z,97688,96916,97745,96659,98224,-1308,-1.33,25647791,24967362030,1.56,0.76,0.00,0,10492273,15155517,4653664256000,2008202704000,-1604791264,2600031040,3625571104,-1025540064,5192542720,5771793920,-579251200,7521896704,7292991744,228904960,9001115904,7606278144,1394837760,-6.43,-4.11,-2.32,0.92,5.59,0,100,11,89,0,0,0,14.30,0.00,0.00,0.00,,0.00,,0.00,EastMoney,2026-09-02T18:50:37+08:00
BK0838,2026-09-02T00:00:00Z,119481,118489,119496,117822,119729,-1240,-1.04,16757908,13928413677,1.99,0.92,0.00,0,7649346,9108562,689464192000,675651088000,-307355728,1098537888,1242147200,-143609312,2714839104,2878585520,-163746416,4245885584,4349617920,-103732336,5514610944,5103522816,411088128,-2.21,-1.03,-1.18,-0.74,2.95,0,56,14,41,1,0,0,27.45,0.00,0.00,0.00,,0.00,,0.00,EastMoney,2026-09-02T18:50:37+08:00
BK0839,2026-09-02T00:00:00Z,207633,205409,208099,205199,208773,-3364,-1.61,13482682,19529500408,5.00,1.29,0.00,0,6010946,7471736,341484176000,300725056000,-1518194976,2334294480,3192437088,-858142608,3886059632,4546112000,-660052368,5535111680,5593392640,-58280960,6567481856,5001721088,1565760768,-7.77,-4.39,-3.38,-0.30,8.02,0,43,5,37,1,0,0,-3294.80,0.00,0.00,0.00,,0.00,,0.00,EastMoney,2026-09-02T18:50:37+08:00
BK0840,2026-09-02T00:00:00Z,415403,414263,417207,411464,421037,-6774,-1.61,31560175,62676907361,2.37,0.80,0.00,0,13236470,18323705,2682678704000,2134167600000,-3889137408,6637770496,9172008448,-2534237952,13268174848,14623074304,-1354899456,20002989568,18979090688,1023898880,21398377472,18531687168,2866690304,-6.21,-4.04,-2.16,1.63,4.57,0,98,8,89,1,0,0,67.47,0.00,0.00,0.00,,0.00,,0.00,EastMoney,2026-09-02T18:50:37+08:00
BK0841,2026-09-02T00:00:00Z,134855,133735,134862,133300,135367,-1632,-1.21,6872865,10551415751,1.77,0.84,0.00,0,2957993,3914871,792802960000,746412656000,-539699296,539555888,726297696,-186741808,2069586144,2422543632,-352957488,3483393104,3360347696,123045408,4234404048,3814717136,419686912,-5.11,-1.77,-3.35,1.17,3.98,0,69,13,55,1,0,0,45.47,0.00,0.00,0.00,,0.00,,0.00,EastMoney,2026-09-02T18:50:37+08:00
BK0843,2026-09-02T00:00:00Z,177055,175089,177327,174816,175608,-519,-0.30,46642794,42393969738,1.06,1.33,0.00,0,20854511,25788284,5992130048000,3918734240000,807915344,3981799984,3739125728,242674256,9372401664,8807160576,565241088,13309837568,13027648000,282189568,14439176960,15462093312,-1022916352,1.91,0.57,1.33,0.67,-2.41,0,130,42,82,6,0,0,14.63,0.00,0.00,0.00,,0.00,,0.00,EastMoney,2026-09-02T18:50:37+08:00
BK0845,2026-09-02T00:00:00Z,166760,166579,167395,165497,168369,-1790,-1.06,59657715,80097260252,3.40,1.12,0.00,0,26828963,32828753,3182378208000,2770586272000,-5112206080,7515489024,10008343040,-2492854016,17053885440,19673237504,-2619352064,26413256192,26826459904,-413203712,27102785024,21572731136,5530053888,-6.38,-3.11,-3.27,-0.52,6.90,0,148,29,113,6,0,0,123.81,0.00,0.00,0.00,,0.00,,0.00,EastMoney,2026-09-02T18:50:37+08:00
BK0847,2026-09-02T00:00:00Z,95688,94165,95949,94120,96051,-1886,-1.96,27197654,23531614083,3.73,1.18,0.00,0,11657474,15540181,530217872000,477625968000,-2206300912,2501681136,3656233440,-1154552304,4528830720,5580579328,-1051748608,6728950784,6732012544,-3061760,8388312576,6189665280,2198647296,-9.38,-4.91,-4.47,-0.01,9.34,0,64,6,55,3,0,0,-555.36,0.00,0.00,0.00,,0.00,,0.00,EastMoney,2026-09-02T18:50:37+08:00
BK0852,2026-09-02T00:00:00Z,205562,204278,205565,203687,206570,-2292,-1.11,30270999,38131363735,2.04,1.07,0.00,0,13551473,16719527,1737675920000,1571575728000,-276617232,4116566768,4036089856,80476912,8157439232,8514533376,-357094144,11692125696,11777852160,-85726464,13189748992,12815743744,374005248,-0.73,0.21,-0.94,-0.22,0.98,0,117,22,91,4,0,0,29.53,0.00,0.00,0.00,,0.00,,0.00,EastMoney,2026-09-02T18:50:37+08:00
BK0853,2026-09-02T00:00:00Z,135980,136807,137642,135586,136984,-177,-0.13,23619390,18877826146,2.17,0.93,0.00,0,9749434,13869956,2947527216000,806845392000,-701150544,2705072176,3128339520,-423267344,4202002624,4479885824,-277883200,5634293504,5571300096,62993408,5714888192,4970076672,744811520,-3.71,-2.24,-1.47,0.33,3.95,0,35,7,27,1,0,0,15.06,0.00,0.00,0.00,,0.00,,0.00,EastMoney,2026-09-02T18:50:37+08:00
BK0854,2026-09-02T00:00:00Z,430202,430649,433036,427749,434312,-3663,-0.84,195291751,404773603197,2.44,0.94,0.00,0,88496312,106795439,17914214144000,15693759744000,-14372370176,44543557376,50920322560,-6376765184,89223356416,97218961408,-7995604992,128597360640,127279521792,1317838848,132271673344,119044968448,13226704896,-3.55,-1.58,-1.98,0.33,3.27,0,758,168,573,17,0,0,50.54,0.00,0.00,0.00,,0.00,,0.00,EastMoney,2026-09-02T18:50:37+08:00
BK0855,2026-09-02T00:00:00Z,358202,358240,360870,353501,362258,-4018,-1.11,2789078,4686203611,3.69,0.78,0.00,0,1257500,1531578,112033032000,101963684000,-37240752,559377856,593945728,-34567872,1124894736,1127567616,-2672880,1432560112,1443925600,-11365488,1492581024,1443974768,48606256,-0.79,-0.74,-0.06,-0.24,1.04,0,7,3,4,0,0,0,-703.45,0.00,0.00,0.00,,0.00,,0.00,EastMoney,2026-09-02T18:50:37+08:00
BK0856,2026-09-02T00:00:00Z,189489,188078,189516,187544,190167,-2089,-1.10,5789934,4786129860,1.58,0.75,0.00,0,2562471,3227463,380542320000,352987904000,-38319691,239325352,266188819,-26863467,961491472,972947696,-11456224,1519964768,1539441744,-19476976,1979154400,1921357728,57796672,-0.80,-0.56,-0.24,-0.41,1.21,0,35,4,31,0,0,0,39.51,0.00,0.00,0.00,,0.00,,0.00,EastMoney,2026-09-02T18:50:37+08:00
BK0859,2026-09-02T00:00:00Z,219445,218685,219981,217905,221401,-2716,-1.23,34805777,60250952928,2.12,0.92,0.00,0,14719019,20086758,3008940928000,2588329264000,-3374420736,7460039424,9826782976,-2366743552,12920913664,13928590848,-1007677184,18445042432,18062533888,382508544,19551846656,16570650112,2981196544,-5.60,-3.93,-1.67,0.63,4.95,0,99,14,83,2,0,0,52.93,0.00,0.00,0.00,,0.00,,0.00,EastMoney,2026-09-02T18:50:37+08:00
BK0860,2026-09-02T00:00:00Z,209448,210184,211225,208062,211374,-1190,-0.56,23616891,57831909087,1.39,0.97,0.00,0,11320037,12296854,3366931264000,3074968032000,-1289524992,8522408192,9325501184,-803092992,16930042368,17416474368,-486432000,15698408960,16027496192,-329087232,15574008576,13945396224,1628612352,-2.23,-1.39,-0.84,-0.57,2.82,0,125,29,92,4,0,0,53.94,0.00,0.00,0.00,,0.00,,0.00,EastMoney,2026-09-02T18:50:37+08:00
BK0861,2026-09-02T00:00:00Z,156764,157776,158639,155855,158018,-242,-0.15,16789442,18484589930,1.68,1.03,0.00,0,7739723,9049719,1102794160000,946609920000,-663918800,1227310720,1584502160,-357191440,3737596192,4044323552,-306727360,6032711936,5912345856,120366080,7007399168,6412288000,595111168,-3.59,-1.93,-1.66,0.65,3.22,0,93,28,64,1,0,0,32.18,0.00,0.00,0.00,,0.00,,0.00,EastMoney,2026-09-02T18:50:37+08:00
BK0864,2026-09-02T00:00:00Z,146953,146549,147141,145583,147388,-839,-0.57,77491555,96531091799,1.47,1.06,0.00,0,34628109,42863446,5643976192000,4790244352000,-2061596672,9505725696,10536204288,-1030478592,20620937472,21652055552,-1031118080,30075277824,29740761856,334515968,34056431872,32301199616,1755232256,-2.14,-1.07,-1.07,0.35,1.82,0,277,75,195,7,0,0,28.96,0.00,0.00,0.00,,0.00,,0.00,EastMoney,2026-09-02T18:50:37+08:00
BK0865,2026-09-02T00:00:00Z,272273,273275,274683,270907,274993,-1718,-0.62,9288559,25773878378,2.19,0.81,0.00,0,4538805,4749754,1370681760000,1289020416000,-125563456,2575827824,2566962096,8865728,5763811584,5898240768,-134429184,8137351168,8094281216,43069952,8845873920,8762675456,83198464,-0.49,0.03,-0.52,0.17,0.32,0,53,17,36,0,0,0,39.33,0.00,0.00,0.00,,0.00,,0.00,EastMoney,2026-09-02T18:50:37+08:00
BK0866,2026-09-02T00:00:00Z,130687,129335,130687,128153,131473,-2138,-1.63,7285215,6976478030,4.83,1.14,0.00,0,3435164,3850051,193171280000,183402251000,153050640,812772800,720435712,92337088,1681573232,1620859680,60713552,2075888096,2181623504,-105735408,2302306128,2349621344,-47315216,2.19,1.32,0.87,-1.52,-0.68,0,18,4,14,0,0,0,22.48,0.00,0.00,0.00,,0.00,,0.00,EastMoney,2026-09-02T18:50:37+08:00
BK0867,2026-09-02T00:00:00Z,178582,177162,178648,176462,179557,-2395,-1.33,506891587,801308153782,1.11,0.94,0.00,0,224803328,282088259,72607907840000,60297284864000,-39949164544,94865588224,118099746816,-23234158592,182567223296,199282229248,-16715005952,255729405952,246830747648,8898658304,251191558144,220141051904,31050506240,-4.99,-2.90,-2.09,1.11,3.87,0,1281,180,1079,22,0,0,15.99,0.00,0.00,0.00,,0.00,,0.00,EastMoney,2026-09-02T18:50:37+08:00
BK0868,2026-09-02T00:00:00Z,99393,98609,99393,98164,99749,-1140,-1.14,4569275,8801045074,0.73,0.95,0.00,0,2121625,2447650,1505313184000,1365740496000,-143594816,1265659808,1359535200,-93875392,2199034576,2248754000,-49719424,2567496208,2590891760,-23395552,2612776784,2445786432,166990352,-1.63,-1.07,-0.56,-0.27,1.90,0,11,2,9,0,0,0,11.55,0.00,0.00,0.00,,0.00,,0.00,EastMoney,2026-09-02T18:50:37+08:00
BK0870,2026-09-02T00:00:00Z,164013,161566,164013,161470,163968,-2402,-1.46,7575099,13381735252,1.61,0.68,0.00,0,3148394,4426705,1573175632000,1048995104000,-1051756784,872456416,1456271696,-583815280,2862171456,3330112960,-467941504,4873996544,4526204160,347792384,4517942784,3813978272,703964512,-7.86,-4.36,-3.50,2.60,5.26,0,49,3,46,0,0,0,42.50,0.00,0.00,0.00,,0.00,,0.00,EastMoney,2026-09-02T18:50:37+08:00
BK0872,2026-09-02T00:00:00Z,201339,199800,201510,199418,201768,-1968,-0.98,1368455,4032475806,1.17,0.81,0.00,0,591412,777043,296639792000,270817824000,-84154032,341324144,406035680,-64711536,945505488,964947984,-19442496,1439170016,1223224368,215945648,1245577664,1377369280,-131791616,-2.09,-1.60,-0.48,5.36,-3.27,0,11,2,9,0,0,0,17.27,0.00,0.00,0.00,,0.00,,0.00,EastMoney,2026-09-02T18:50:37+08:00
BK0873,2026-09-02T00:00:00Z,157973,157785,158227,156204,158622,-837,-0.53,13211381,10891097372,1.33,0.88,0.00,0,5978647,7232734,808681152000,742192496000,-123607952,742708400,719026896,23681504,2217584352,2364873808,-147289456,3345125920,3398151472,-53025552,4352404224,4170739040,181665184,-1.13,0.22,-1.35,-0.49,1.67,0,96,24,68,4,0,0,30.95,0.00,0.00,0.00,,0.00,,0.00,EastMoney,2026-09-02T18:50:37+08:00
BK0875,2026-09-02T00:00:00Z,176215,177496,178091,174884,177559,-63,-0.04,9075124,13175986914,2.56,1.00,0.00,0,4170985,4904140,343885616000,329032688000,-362632448,1304897984,1314091536,-9193552,2609685776,2963124672,-353438896,3989792560,4234593552,-244800992,4864116992,4257364736,606752256,-2.75,-0.07,-2.68,-1.86,4.60,0,42,16,24,2,0,0,-269.98,0.00,0.00,0.00,,0.00,,0.00,EastMoney,2026-09-02T18:50:37+08:00
BK0877,2026-09-02T00:00:00Z,394540,397530,400586,393558,399964,-2434,-0.61,51434377,171444672184,3.15,0.94,0.00,0,24024782,27409595,6274110208000,5225223936000,-3492638976,22483176960,24382085632,-1898908672,39110160896,40703891200,-1593730304,53533017344,52385529600,1147487744,52021862400,49528658176,2493204224,-2.04,-1.11,-0.93,0.67,1.45,0,194,51,139,4,0,0,55.87,0.00,0.00,0.00,,0.00,,0.00,EastMoney,2026-09-02T18:50:37+08:00
BK0879,2026-09-02T00:00:00Z,171289,169855,171290,169123,172122,-2267,-1.32,458472938,603927651567,1.04,0.96,0.00,0,202859180,255613759,65005345280000,53799388416000,-23207899136,69963743232,84171350016,-14207606784,135335575552,144335867904,-9000292352,188194885632,185709748224,2485137408,197728972800,177006215168,20722757632,-3.84,-2.35,-1.49,0.41,3.43,0,1049,153,876,20,0,0,14.35,0.00,0.00,0.00,,0.00,,0.00,EastMoney,2026-09-02T18:50:37+08:00
BK0880,2026-09-02T00:00:00Z,171837,172543,173253,170597,173313,-770,-0.44,10981362,9402402858,2.29,0.78,0.00,0,4483518,6497844,462005856000,433216096000,-574578480,1300282784,1676761616,-376478832,1851541360,2049641008,-198099648,2758896048,2624491264,134404784,3268136496,2827962816,440173680,-6.11,-4.00,-2.11,1.43,4.68,0,19,5,13,1,0,0,45.25,0.00,0.00,0.00,,0.00,,0.00,EastMoney,2026-09-02T18:50:37+08:00
BK0881,2026-09-02T00:00:00Z,166585,166014,167090,164683,169284,-3270,-1.93,5845182,9193095972,2.67,0.82,0.00,0,2650194,3194988,424424720000,404386688000,-757466416,702997856,1277452096,-574454240,1934541296,2117553472,-183012176,3004172752,2833474000,170698752,3364612944,2777845264,586767680,-8.24,-6.25,-1.99,1.86,6.38,0,15,2,13,0,0,0,173.73,0.00,0.00,0.00,,0.00,,0.00,EastMoney,2026-09-02T18:50:37+08:00
BK0882,2026-09-02T00:00:00Z,123683,122490,123683,121800,124130,-1640,-1.32,13574306,9603215771,2.51,1.17,0.00,0,6123347,7450959,774697152000,634990816000,-153363616,862015840,937287312,-75271472,2222326064,2300418208,-78092144,2995229120,2922340352,72888768,3351587488,3271409712,80177776,-1.60,-0.78,-0.81,0.76,0.83,0,39,6,31,2,0,0,-50.52,0.00,0.00,0.00,,0.00,,0.00,EastMoney,2026-09-02T18:50:37+08:00
BK0883,2026-09-02T00:00:00Z,175135,175868,176767,173340,177003,-1135,-0.64,24167294,34549160109,2.86,0.93,0.00,0,11259143,12908150,947791584000,909054208000,-722179952,3059168112,3352449248,-293281136,7390575616,7819474432,-428898816,11146318080,11361261568,-214943488,11973996032,11021794560,952201472,-2.09,-0.85,-1.24,-0.62,2.76,0,83,17,64,2,0,0,-63.66,0.00,0.00,0.00,,0.00,,0.00,EastMoney,2026-09-02T18:50:37+08:00
BK0884,2026-09-02T00:00:00Z,492071,491578,496460,487177,499236,-7658,-1.53,5213036,35279640836,3.33,0.77,0.00,0,2488568,2724468,1486991024000,1262937504000,-981702976,3480379600,3947649040,-467269440,8037433600,8551867136,-514433536,15029132800,14172661504,856471296,8048379136,7915014400,133364736,-2.78,-1.32,-1.46,2.43,0.38,0,42,3,39,0,0,0,85.52,0.00,0.00,0.00,,0.00,,0.00,EastMoney,2026-09-02T18:50:37+08:00
BK0885,2026-09-02T00:00:00Z,112815,112813,113406,112079,114237,-1424,-1.25,3764528,6601331212,2.61,0.83,0.00,0,1701113,2063415,334402960000,293228288000,-506154080,508422768,709428208,-201005440,1295948672,1601097312,-305148640,2237371568,2209484832,27886736,2420991616,1942724288,478267328,-7.67,-3.04,-4.62,0.42,7.25,0,19,2,17,0,0,0,219.89,0.00,0.00,0.00,,0.00,,0.00,EastMoney,2026-09-02T18:50:37+08:00
BK0886,2026-09-02T00:00:00Z,139460,139639,140385,138513,140736,-1097,-0.78,15007754,20995853231,2.85,1.04,0.00,0,7036193,7971560,652777264000,591062976000,-992679504,1307929344,1584969488,-277040144,4124367296,4840006656,-715639360,6557516288,6575226880,-17710592,8084139520,7048987904,1035151616,-4.73,-1.32,-3.41,-0.08,4.93,0,89,22,65,2,0,0,-73.69,0.00,0.00,0.00,,0.00,,0.00,EastMoney,2026-09-02T18:50:37+08:00
BK0887,2026-09-02T00:00:00Z,75527,74608,75527,74433,75689,-1081,-1.43,3786363,3796304878,1.41,1.10,0.00,0,1710826,2075537,334744336000,308861424000,1608793,261296857,293745600,-32448743,783471504,749413968,34057536,1231837616,1221967168,9870448,1462651776,1474131008,-11479232,0.04,-0.85,0.90,0.26,-0.30,0,20,3,16,1,0,0,-70.91,0.00,0.00,0.00,,0.00,,0.00,EastMoney,2026-09-02T18:50:37+08:00
BK0888,2026-09-02T00:00:00Z,253727,249113,253727,247890,255956,-6843,-2.67,38293841,29564445234,5.41,1.23,0.00,0,16483520,21810321,741227168000,664673152000,-1570336736,2243432432,3177381840,-933949408,6072415744,6708803072,-636387328,9118867200,9029247744,89619456,10209645824,8840004352,1369641472,-5.31,-3.16,-2.15,0.30,4.63,0,87,14,73,0,0,0,28.83,0.00,0.00,0.00,,0.00,,0.00,EastMoney,2026-09-02T18:50:37+08:00
BK0889,2026-09-02T00:00:00Z,181297,179627,181365,179113,182043,-2416,-1.33,20261906,18912186214,1.94,0.79,0.00,0,8378362,11883544,1107701376000,978300832000,-1272863600,1935143760,2731896080,-796752320,3965501520,4441612800,-476111280,6381680896,5826822656,554858240,6055341824,5332163328,723178496,-6.73,-4.21,-2.52,2.93,3.82,0,79,11,66,2,0,0,40.77,0.00,0.00,0.00,,0.00,,0.00,EastMoney,2026-09-02T18:50:37+08:00
BK0890,2026-09-02T00:00:00Z,478696,478495,482991,475002,486087,-7592,-1.56,7862028,32662414254,3.55,0.78,0.00,0,3747944,4114084,996560080000,894969328000,-2710542208,2822053632,4135428480,-1313374848,7065903360,8463070720,-1397167360,10827784448,10348183040,479601408,11119206144,8879077120,2240129024,-8.30,-4.02,-4.28,1.47,6.86,0,36,7,29,0,0,0,58.77,0.00,0.00,0.00,,0.00,,0.00,EastMoney,2026-09-02T18:50:37+08:00
BK0891,2026-09-02T00:00:00Z,475690,477138,480293,473330,481425,-4287,-0.89,88704148,309124072875,2.61,0.89,0.00,0,41047997,47656151,20123539968000,13183594752000,-12239467264,38035846400,45546485760,-7510639360,76900368384,81629196288,-4728827904,100427341824,97804374016,2622967808,86301278208,76555169792,9746108416,-3.96,-2.43,-1.53,0.85,3.15,0,430,90,334,6,0,0,54.89,0.00,0.00,0.00,,0.00,,0.00,EastMoney,2026-09-02T18:50:37+08:00
BK0892,2026-09-02T00:00:00Z,107001,105536,107023,105444,108082,-2546,-2.36,9469284,9831390612,3.09,1.07,0.00,0,4251692,5217592,424971024000,401733888000,-342581104,845340208,1058774944,-213434736,2006482496,2135628864,-129146368,2827273456,3071603776,-244330320,3731637328,3155491872,576145456,-3.48,-2.17,-1.31,-2.49,5.86,0,32,3,29,0,0,0,53.80,0.00,0.00,0.00,,0.00,,0.00,EastMoney,2026-09-02T18:50:37+08:00
BK0893,2026-09-02T00:00:00Z,254375,255448,256846,253611,257088,-1640,-0.64,18244067,59644251423,2.58,0.91,0.00,0,8777633,9466434,3035674608000,2668177664000,-2403624448,6531457280,8480936960,-1949479680,13715329280,14169474048,-454144768,18888023296,17993291008,894732288,18979431424,17425563392,1553868032,-4.03,-3.27,-0.76,1.50,2.61,0,82,24,58,0,0,0,37.23,0.00,0.00,0.00,,0.00,,0.00,EastMoney,2026-09-02T18:50:37+08:00
BK0894,2026-09-02T00:00:00Z,195306,191154,195463,190637,195628,-4474,-2.29,7376964,5475914808,5.02,1.10,0.00,0,3413558,3963406,237186468000,203755421000,-400960512,331647760,515382592,-183734832,1056664576,1273890256,-217225680,1758074992,1672162720,85912272,2157269664,1842221408,315048256,-7.32,-3.36,-3.97,1.57,5.75,0,21,0,21,0,0,0,37.05,0.00,0.00,0.00,,0.00,,0.00,EastMoney,2026-09-02T18:50:37+08:00
BK0895,2026-09-02T00:00:00Z,193100,191203,193254,190832,194146,-2943,-1.52,11595204,9419165911,3.48,0.88,0.00,0,5511120,6084085,469522912000,446821104000,-34728368,1055089392,893881008,161208384,2016851456,2212788208,-195936752,2903068144,2988220528,-85152384,3188895424,3075279216,113616208,-0.37,1.71,-2.08,-0.90,1.21,0,34,4,30,0,0,0,20.21,0.00,0.00,0.00,,0.00,,0.00,EastMoney,2026-09-02T18:50:37+08:00
BK0896,2026-09-02T00:00:00Z,190061,188678,190826,188439,191063,-2385,-1.25,7345938,11558559752,1.25,1.02,0.00,0,3289925,4056013,2650403312000,2633590896000,-417712656,1031670992,1194094832,-162423840,2556932688,2812221504,-255288816,4217592992,3953465120,264127872,3480028464,3326443680,153584784,-3.61,-1.41,-2.21,2.29,1.33,0,45,4,41,0,0,0,31.66,0.00,0.00,0.00,,0.00,,0.00,EastMoney,2026-09-02T18:50:37+08:00
BK0897,2026-09-02T00:00:00Z,142043,141045,142528,140593,143030,-1985,-1.39,9717198,20797239893,1.90,0.94,0.00,0,4237796,5479402,607833280000,572133648000,-849908880,3006562560,3635142288,-628579728,4572926720,4794255872,-221329152,6353045248,6129136896,223908352,6331814656,5705814016,626000640,-4.09,-3.02,-1.06,1.08,3.01,0,13,1,11,1,0,0,162.67,0.00,0.00,0.00,,0.00,,0.00,EastMoney,2026-09-02T18:50:37+08:00
BK0898,2026-09-02T00:00:00Z,223275,224720,225378,221193,225196,-476,-0.21,3166379,5192807657,1.71,0.93,0.00,0,1513672,1652707,315544928000,303803120000,-492800,483557680,428657280,54900400,1175006880,1230400080,-55393200,1654515712,1715340384,-60824672,1783344816,1722027344,61317472,-0.01,1.06,-1.07,-1.17,1.18,0,28,6,18,4,0,0,24.85,0.00,0.00,0.00,,0.00,,0.00,EastMoney,2026-09-02T18:50:37+08:00
BK0899,2026-09-02T00:00:00Z,217757,216387,218909,214560,217947,-1560,-0.72,7053041,24957529553,3.27,0.93,0.00,0,3405452,3647588,1099287392000,882043360000,1400869792,2511126928,2096943344,414183584,6290976512,5304290304,986686208,8434251008,8183565568,250685440,7284267264,8930966784,-1646699520,5.61,1.66,3.95,1.00,-6.60,0,49,15,34,0,0,0,35.13,0.00,0.00,0.00,,0.00,,0.00,EastMoney,2026-09-02T18:50:37+08:00
BK0900,2026-09-02T00:00:00Z,241250,242262,243403,239534,243148,-886,-0.36,129008102,260304637694,2.07,0.93,0.00,0,58620948,70387154,15151133952000,12811222272000,-8953118208,28445555200,32535166464,-4089611264,56820571136,61684078080,-4863506944,80273588224,79386976256,886611968,88082849792,79639572480,8443277312,-3.44,-1.57,-1.87,0.34,3.24,0,708,232,458,18,0,0,29.17,0.00,0.00,0.00,,0.00,,0.00,EastMoney,2026-09-02T18:50:37+08:00
BK0901,2026-09-02T00:00:00Z,161759,161761,162858,160866,163489,-1728,-1.06,2860783,9300595223,1.82,0.79,0.00,0,1259692,1601091,681395264000,641723328000,-16209904,1167723584,1176630688,-8907104,2367507024,2374809824,-7302800,2891611552,2845452256,46159296,2744347600,2774296976,-29949376,-0.17,-0.10,-0.08,0.50,-0.32,0,9,2,7,0,0,0,32.70,0.00,0.00,0.00,,0.00,,0.00,EastMoney,2026-09-02T18:50:37+08:00
BK0902,2026-09-02T00:00:00Z,249498,249232,250810,247435,252052,-2820,-1.12,24801566,38716273093,2.11,0.83,0.00,0,10198912,14602654,1917973952000,1513774336000,-2571361792,4787364864,6473031936,-1685667072,8168142080,9053836800,-885694720,11703763968,11002489600,701274368,13050240000,11152024832,1898215168,-6.64,-4.35,-2.29,1.81,4.90,0,68,10,56,2,0,0,79.81,0.00,0.00,0.00,,0.00,,0.00,EastMoney,2026-09-02T18:50:37+08:00
BK0905,2026-09-02T00:00:00Z,217502,218853,220047,216298,219192,-339,-0.15,16807481,51614460456,2.45,0.84,0.00,0,7934943,8872538,2461297840000,1972559328000,-1429138944,5072621568,6239573248,-1166951680,11280691456,11542878720,-262187264,16369256448,15870419200,498837248,17601860352,16623751424,978108928,-2.77,-2.26,-0.51,0.97,1.90,0,134,42,88,4,0,0,48.87,0.00,0.00,0.00,,0.00,,0.00,EastMoney,2026-09-02T18:50:37+08:00
BK0906,2026-09-02T00:00:00Z,164995,163357,164999,162900,165776,-2419,-1.46,24316691,27507192158,2.27,0.80,0.00,0,10661929,13654762,1431816112000,1296298496000,-1005268608,1729501072,2228366608,-498865536,5340105216,5846508288,-506403072,8959146240,8743756288,215389952,10741289472,9951410944,789878528,-3.65,-1.81,-1.84,0.78,2.87,0,129,18,111,0,0,0,55.80,0.00,0.00,0.00,,0.00,,0.00,EastMoney,2026-09-02T18:50:37+08:00
BK0907,2026-09-02T00:00:00Z,160421,154306,160421,153175,162770,-8464,-5.20,12516577,10124021844,6.59,1.23,0.00,0,5317930,7198647,157727628000,133984402000,-714617440,735720624,1173605392,-437884768,2058369840,2335102512,-276732672,3115797040,3027271952,88525088,3368758720,2833598624,535160096,-7.06,-4.33,-2.73,0.87,5.29,0,20,1,19,0,0,0,-52.05,0.00,0.00,0.00,,0.00,,0.00,EastMoney,2026-09-02T18:50:37+08:00
BK0908,2026-09-02T00:00:00Z,289457,288820,290530,286348,291183,-2363,-0.81,13221385,16015782660,2.21,0.90,0.00,0,5361475,7859910,677782688000,631350400000,-323283232,2077313968,2084707200,-7393232,3561417760,3877307760,-315890000,5442726144,5634369280,-191643136,4632177664,4117293776,514883888,-2.02,-0.05,-1.97,-1.20,3.21,0,41,10,30,1,0,0,-19.69,0.00,0.00,0.00,,0.00,,0.00,EastMoney,2026-09-02T18:50:37+08:00
BK0909,2026-09-02T00:00:00Z,203510,202660,203598,201307,204227,-1567,-0.77,13486662,12514543051,1.75,0.91,0.00,0,6153922,7332740,828613088000,760686112000,-87722784,1033374448,867337456,166036992,2460135536,2713895312,-253759776,3957324800,3899086896,58237904,4794270720,4764986112,29284608,-0.70,1.33,-2.03,0.47,0.23,0,67,19,44,4,0,0,34.16,0.00,0.00,0.00,,0.00,,0.00,EastMoney,2026-09-02T18:50:37+08:00
BK0910,2026-09-02T00:00:00Z,344088,345224,347518,342319,345684,-460,-0.13,20413568,37635143643,1.99,1.01,0.00,0,9152344,11261224,1659284256000,1393733440000,-282073504,2894187776,3144790432,-250602656,7803832576,7835303424,-31470848,12613645568,12182475008,431170560,12888950528,12986849792,-97899264,-0.75,-0.67,-0.08,1.15,-0.26,0,207,73,121,13,0,0,51.22,0.00,0.00,0.00,,0.00,,0.00,EastMoney,2026-09-02T18:50:37+08:00
BK0914,2026-09-02T00:00:00Z,126157,126252,126572,124862,126428,-176,-0.14,5226731,4130866592,1.73,1.02,0.00,0,2474682,2752049,208876400000,187749866000,119364240,387379440,295895904,91483536,942435184,914554480,27880704,1278244288,1291335680,-13091392,1431038560,1535722752,-104684192,2.89,2.21,0.67,-0.32,-2.53,0,32,9,23,0,0,0,41.53,0.00,0.00,0.00,,0.00,,0.00,EastMoney,2026-09-02T18:50:37+08:00
BK0915,2026-09-02T00:00:00Z,160954,161351,163229,160591,162588,-1237,-0.76,7510505,24354000018,1.58,0.83,0.00,0,3526693,3983812,829495232000,769226448000,-359340800,2921450528,3108753440,-187302912,5273898496,5445936384,-172037888,7503813632,7528516096,-24702464,8137560320,7749237760,388322560,-1.48,-0.77,-0.71,-0.10,1.59,0,32,9,23,0,0,0,56.06,0.00,0.00,0.00,,0.00,,0.00,EastMoney,2026-09-02T18:50:37+08:00
BK0916,2026-09-02T00:00:00Z,186250,187314,188539,185132,188418,-1104,-0.59,11228839,28142917244,3.03,0.87,0.00,0,5267903,5960936,1434154224000,1358731184000,-666908240,2265247568,2429643424,-164395856,5834233600,6336745984,-502512384,10322556416,10516735232,-194178816,9071501312,8210414336,861086976,-2.37,-0.58,-1.79,-0.69,3.06,0,48,12,35,1,0,0,-806.86,0.00,0.00,0.00,,0.00,,0.00,EastMoney,2026-09-02T18:50:37+08:00
BK0917,2026-09-02T00:00:00Z,281013,281830,283940,279277,284452,-2622,-0.92,90789070,352341136269,2.48,0.84,0.00,0,42446849,48342220,21942741760000,13903711744000,-12941381888,42479343360,49774143488,-7294800128,86974173184,92620754944,-5646581760,118426382336,113985269760,4441112576,95247032320,86448791552,8798240768,-3.67,-2.07,-1.60,1.26,2.50,0,527,116,406,5,0,0,73.43,0.00,0.00,0.00,,0.00,,0.00,EastMoney,2026-09-02T18:50:37+08:00
BK0918,2026-09-02T00:00:00Z,266642,268372,269620,265101,268745,-373,-0.14,23245089,46003218742,1.70,0.84,0.00,0,10393655,12851434,1859514944000,1696094032000,728406016,7141477120,6281523200,859953920,9916634368,10048182272,-131547904,13606872832,14161037824,-554164992,14407019520,14543003392,-135983872,1.58,1.87,-0.29,-1.20,-0.30,0,91,30,58,3,0,0,30.48,0.00,0.00,0.00,,0.00,,0.00,EastMoney,2026-09-02T18:50:37+08:00
BK0920,2026-09-02T00:00:00Z,144598,145287,145992,143692,145817,-530,-0.36,35954941,80852588800,1.55,0.89,0.00,0,16435882,19519059,5867595776000,4957468672000,-1740113664,8972150528,9800122368,-827971840,17817446400,18729588224,-912141824,25045755904,25200358400,-154602496,27024733696,24968497152,2056236544,-2.15,-1.02,-1.13,-0.19,2.54,0,220,60,153,7,0,0,36.98,0.00,0.00,0.00,,0.00,,0.00,EastMoney,2026-09-02T18:50:37+08:00
BK0921,2026-09-02T00:00:00Z,188081,188858,190372,187495,190148,-1290,-0.68,23501047,48552857557,1.28,0.97,0.00,0,11076462,12424585,2714906928000,2381086752000,-2137837824,4308028160,5887151616,-1579123456,10293850624,10852564992,-558714368,15490412032,14944609536,545802496,16957859328,15357647104,1600212224,-4.40,-3.25,-1.15,1.12,3.30,0,102,23,77,2,0,0,66.55,0.00,0.00,0.00,,0.00,,0.00,EastMoney,2026-09-02T18:50:37+08:00
BK0922,2026-09-02T00:00:00Z,206138,207122,208357,204884,208133,-1011,-0.49,79003475,184471553798,1.79,0.97,0.00,0,36478521,42524954,11369365760000,8081307648000,-4591554048,22677997312,24629904896,-1951907584,44651024896,47290671360,-2639646464,56622058496,55980265984,641792512,55747049984,51646402304,4100647680,-2.49,-1.06,-1.43,0.35,2.22,0,311,90,213,8,0,0,31.70,0.00,0.00,0.00,,0.00,,0.00,EastMoney,2026-09-02T18:50:37+08:00
BK0923,2026-09-02T00:00:00Z,147633,147037,148269,146151,149324,-2287,-1.53,43500155,80745189618,4.48,1.05,0.00,0,18999804,24500352,6030736640000,2275621200000,-4880823040,10726405888,13272135680,-2545729792,18461048064,20796141312,-2335093248,25717843456,25917599232,-199755776,23728338176,18642484992,5085853184,-6.04,-3.15,-2.89,-0.25,6.30,0,98,15,81,2,0,0,60.89,0.00,0.00,0.00,,0.00,,0.00,EastMoney,2026-09-02T18:50:37+08:00
BK0924,2026-09-02T00:00:00Z,191838,189234,191838,188261,191376,-2142,-1.12,7172796,6575642370,1.78,1.21,0.00,0,3064969,4107827,411037248000,374107536000,-167235648,456380016,605371648,-148991632,1330409248,1348653264,-18244016,2175018624,2031845952,143172672,2447995952,2423932960,24062992,-2.54,-2.27,-0.28,2.18,0.37,0,30,5,25,0,0,0,35.02,0.00,0.00,0.00,,0.00,,0.00,EastMoney,2026-09-02T18:50:37+08:00
BK0925,2026-09-02T00:00:00Z,223667,220935,223667,220040,224839,-3904,-1.74,12771999,11794419506,4.49,1.07,0.00,0,5707801,7064198,321395440000,292993728000,6007904,882400128,933226864,-50826736,2564605472,2507770832,56834640,3900443408,3877204768,23238640,4174625712,4203872272,-29246560,0.05,-0.43,0.48,0.20,-0.25,0,25,4,20,1,0,0,42.39,0.00,0.00,0.00,,0.00,,0.00,EastMoney,2026-09-02T18:50:37+08:00
BK0926,2026-09-02T00:00:00Z,235849,236251,237326,234367,237352,-1101,-0.46,6095698,18330269535,2.44,0.89,0.00,0,2850955,3244743,647915024000,606260368000,-223530544,1465594240,1782812752,-317218512,4050736912,3957048944,93687968,6169890304,6020139776,149750528,6330309632,6256529408,73780224,-1.22,-1.73,0.51,0.82,0.40,0,28,9,19,0,0,0,94.41,0.00,0.00,0.00,,0.00,,0.00,EastMoney,2026-09-02T18:50:37+08:00
BK0927,2026-09-02T00:00:00Z,115342,114548,115389,113630,115449,-901,-0.78,6307505,4696790168,0.87,0.87,0.00,0,2869444,3438061,612047344000,571768352000,-149063088,454534144,471011504,-16477360,976136704,1108722432,-132585728,1513431392,1434190144,79241248,1652004448,1582182624,69821824,-3.17,-0.35,-2.82,1.69,1.49,0,18,3,15,0,0,0,27.22,0.00,0.00,0.00,,0.00,,0.00,EastMoney,2026-09-02T18:50:37+08:00
BK0932,2026-09-02T00:00:00Z,196023,197020,198092,194791,197604,-584,-0.30,6607941,11148302800,3.18,0.98,0.00,0,3093706,3514234,330006208000,306844784000,242344752,803546304,724075216,79471088,2399118880,2236245216,162873664,3665955376,3712791072,-46835696,4053017104,4247109008,-194091904,2.17,0.71,1.46,-0.42,-1.74,0,35,10,25,0,0,0,108.36,0.00,0.00,0.00,,0.00,,0.00,EastMoney,2026-09-02T18:50:37+08:00
BK0933,2026-09-02T00:00:00Z,121811,120736,122010,119172,121416,-680,-0.56,3174626,2657830229,1.80,1.42,0.00,0,1402652,1771974,144923834000,141335794000,-108243549,142157658,189002311,-46844653,496691024,558089920,-61398896,923418720,859617584,63801136,1024478640,980036256,44442384,-4.07,-1.76,-2.31,2.40,1.67,0,12,1,11,0,0,0,291.63,0.00,0.00,0.00,,0.00,,0.00,EastMoney,2026-09-02T18:50:37+08:00
BK0935,2026-09-02T00:00:00Z,261799,262160,264542,260088,265841,-3681,-1.38,11151730,68898044916,2.14,0.75,0.00,0,5292994,5858736,4538156032000,3437041488000,-4029724160,7082242560,8950330880,-1868088320,16199332608,18360968448,-2161635840,27154692352,25579993088,1574699264,16927171584,14438033152,2489138432,-5.85,-2.71,-3.14,2.29,3.61,0,67,11,55,1,0,0,105.91,0.00,0.00,0.00,,0.00,,0.00,EastMoney,2026-09-02T18:50:37+08:00
BK0936,2026-09-02T00:00:00Z,109907,108319,109907,108213,110325,-2006,-1.82,2960427,2332420032,2.59,0.79,0.00,0,1182350,1778077,145026430000,127110811000,-38139263,95956765,116951212,-20994447,478424112,495568928,-17144816,758380384,755681088,2699296,924141840,894079568,30062272,-1.64,-0.90,-0.74,0.12,1.29,0,15,1,14,0,0,0,74.69,0.00,0.00,0.00,,0.00,,0.00,EastMoney,2026-09-02T18:50:37+08:00
BK0937,2026-09-02T00:00:00Z,74352,73662,74434,73409,74788,-1126,-1.51,29260750,35041606321,0.93,0.99,0.00,0,13039077,16221673,5581411584000,4618007552000,-3101734688,3966867168,5541876480,-1575009312,8492180224,10018905600,-1526725376,10491982080,9915673856,576308224,11199791360,8674364928,2525426432,-8.85,-4.49,-4.36,1.64,7.21,0,61,5,55,1,0,0,8.11,0.00,0.00,0.00,,0.00,,0.00,EastMoney,2026-09-02T18:50:37+08:00
BK0938,2026-09-02T00:00:00Z,111881,110611,111921,110081,113066,-2455,-2.17,4180050,3443802197,3.39,0.81,0.00,0,1837997,2342054,165409512000,161221725000,-63799386,171273030,290122336,-118849306,670880704,615830784,55049920,1085138816,1039591728,45547088,1417518384,1399266112,18252272,-1.85,-3.45,1.60,1.32,0.53,0,16,2,14,0,0,0,26.27,0.00,0.00,0.00,,0.00,,0.00,EastMoney,2026-09-02T18:50:37+08:00
BK0939,2026-09-02T00:00:00Z,106698,105646,106698,105245,107103,-1457,-1.36,9101433,10615970224,2.45,0.79,0.00,0,4022826,5078608,499395232000,449428752000,-518275888,626361360,906614064,-280252704,2138883232,2376906416,-238023184,3444668512,3296343312,148325200,4135174032,3765223360,369950672,-4.88,-2.64,-2.24,1.40,3.48,0,54,7,47,0,0,0,53.69,0.00,0.00,0.00,,0.00,,0.00,EastMoney,2026-09-02T18:50:37+08:00
BK0940,2026-09-02T00:00:00Z,74016,73355,74077,73133,74435,-1080,-1.45,61265191,48184050717,4.12,1.23,0.00,0,27640531,33624661,1224398352000,1089846384000,-3289528832,4261904640,5949317120,-1687412480,9693337344,11295453696,-1602116352,14625032960,14981357568,-356324608,18058552832,14410714368,3647838464,-6.83,-3.50,-3.32,-0.74,7.57,0,133,21,108,4,0,0,75.17,0.00,0.00,0.00,,0.00,,0.00,EastMoney,2026-09-02T18:50:37+08:00
BK0943,2026-09-02T00:00:00Z,126142,125189,126154,124246,126914,-1725,-1.36,3288379,2645501245,1.07,0.80,0.00,0,1271216,2017163,226191026000,187011251000,-258393475,148303027,254488774,-106185747,485277648,637485376,-152207728,852116672,814472912,37643760,1093219424,872676736,220542688,-9.77,-4.01,-5.75,1.42,8.34,0,18,3,15,0,0,0,-34.89,0.00,0.00,0.00,,0.00,,0.00,EastMoney,2026-09-02T18:50:37+08:00
BK0944,2026-09-02T00:00:00Z,85468,84412,85589,84312,85747,-1335,-1.56,1835410,1750153411,1.19,0.65,0.00,0,718451,1116959,182350871000,163442622000,-137351236,90166046,142992530,-52826484,345769296,430294048,-84524752,611087056,541628432,69458624,676404656,608512032,67892624,-7.85,-3.02,-4.83,3.97,3.88,0,13,0,13,0,0,0,30.60,0.00,0.00,0.00,,0.00,,0.00,EastMoney,2026-09-02T18:50:37+08:00
BK0945,2026-09-02T00:00:00Z,108338,107884,108419,107265,108735,-851,-0.78,28611809,17078938483,1.38,0.98,0.00,0,12363669,16248140,1196438704000,1038372256000,-773805024,1292090304,1728396080,-436305776,3299669952,3637169200,-337499248,5362335744,5119540480,242795264,6532711424,6003912192,528799232,-4.53,-2.55,-1.98,1.42,3.10,0,90,18,66,6,0,0,-33.89,0.00,0.00,0.00,,0.00,,0.00,EastMoney,2026-09-02T18:50:37+08:00
BK0946,2026-09-02T00:00:00Z,150250,149199,150925,149037,151808,-2609,-1.72,1540696,5721862802,1.67,0.86,0.00,0,711028,829668,327185440000,222263992000,31664176,438597040,491002288,-52405248,1340731056,1256661632,84069424,1921902816,1784312624,137590192,1914217024,2083471392,-169254368,0.55,-0.92,1.47,2.40,-2.96,0,12,2,10,0,0,0,79.87,0.00,0.00,0.00,,0.00,,0.00,EastMoney,2026-09-02T18:50:37+08:00
BK0947,2026-09-02T00:00:00Z,92257,91120,92315,90901,92967,-1847,-1.99,14546658,11348674803,2.13,0.82,0.00,0,5520382,9026276,551109872000,503937264000,-1420168272,2205556768,3339719904,-1134163136,2287738096,2573743232,-286005136,3126776752,2721947072,404829680,3423678016,2408339424,1015338592,-12.51,-9.99,-2.52,3.57,8.95,0,9,0,9,0,0,0,44.33,0.00,0.00,0.00,,0.00,,0.00,EastMoney,2026-09-02T18:50:37+08:00
BK0948,2026-09-02T00:00:00Z,138556,138390,139187,137566,139771,-1381,-0.99,20342056,20051813865,2.25,0.81,0.00,0,8346500,11995556,941874592000,803033792000,-526741584,2715333424,3169987712,-454654288,4411003648,4483090944,-72087296,5886288640,5786850048,99438592,6470905600,6015474944,455430656,-2.63,-2.27,-0.36,0.50,2.27,0,39,6,31,2,0,0,123.21,0.00,0.00,0.00,,0.00,,0.00,EastMoney,2026-09-02T18:50:37+08:00
BK0949,2026-09-02T00:00:00Z,306024,307550,312499,304278,307136,414,0.13,6547197,15079578607,4.95,1.23,0.00,0,3105234,3441963,326938976000,298854096000,175303184,1761164752,1496810416,264354336,3503118080,3592169232,-89051152,4864857856,4859243008,5614848,4623146496,4804064512,-180918016,1.16,1.75,-0.59,0.04,-1.20,0,17,5,12,0,0,0,47.79,0.00,0.00,0.00,,0.00,,0.00,EastMoney,2026-09-02T18:50:37+08:00
BK0950,2026-09-02T00:00:00Z,172822,167327,172822,166163,172988,-5661,-3.27,6043480,4540266913,2.99,1.19,0.00,0,2319400,3724080,178220651000,172793043000,-43563536,306628128,356513760,-49885632,1029064128,1022742032,6322096,1504859552,1454113024,50746528,1629937024,1637120048,-7183024,-0.96,-1.10,0.14,1.12,-0.16,0,13,1,12,0,0,0,30.30,0.00,0.00,0.00,,0.00,,0.00,EastMoney,2026-09-02T18:50:37+08:00
BK0951,2026-09-02T00:00:00Z,319478,318890,320447,315988,322482,-3592,-1.11,2205540,7710568062,1.97,0.77,0.00,0,958107,1247433,971572400000,456619968000,-854920288,748530480,1360757360,-612226880,1701260464,1943953872,-242693408,2510169712,2249451904,260717808,2585456992,1991254496,594202496,-11.09,-7.94,-3.15,3.38,7.71,0,13,3,10,0,0,0,27.06,0.00,0.00,0.00,,0.00,,0.00,EastMoney,2026-09-02T18:50:37+08:00
BK0952,2026-09-02T00:00:00Z,235258,236108,237771,233706,238151,-2043,-0.86,27857134,80004762758,3.30,0.93,0.00,0,12663190,15193944,3199461440000,2829729312000,-1931620352,7936097024,9090618112,-1154521088,17208449280,17985548544,-777099264,27075760384,27236113664,-160353280,25600697088,23403552256,2197144832,-2.41,-1.44,-0.97,-0.20,2.75,0,120,26,93,1,0,0,615.78,0.00,0.00,0.00,,0.00,,0.00,EastMoney,2026-09-02T18:50:37+08:00
BK0953,2026-09-02T00:00:00Z,149551,149444,150284,148479,150981,-1537,-1.02,33515611,46361667253,3.32,1.10,0.00,0,15570902,17944709,2400441440000,2030954048000,-2886098400,3624086304,5059635456,-1435549152,9363265280,10813814528,-1450549248,14988956672,14559319808,429636864,16892384256,14402812928,2489571328,-6.23,-3.10,-3.13,0.93,5.37,0,131,26,103,2,0,0,32.89,0.00,0.00,0.00,,0.00,,0.00,EastMoney,2026-09-02T18:50:37+08:00
BK0954,2026-09-02T00:00:00Z,142647,140832,143449,139754,143309,-2477,-1.73,5691147,11089493347,7.96,1.83,0.00,0,2726893,2964254,126727800000,97342666000,-1134028784,1729732272,2441567056,-711834784,2234542944,2656736944,-422194000,3086900720,3064336080,22564640,3469983664,2358519520,1111464144,-10.23,-6.42,-3.81,0.20,10.02,0,13,5,8,0,0,0,253.43,0.00,0.00,0.00,,0.00,,0.00,EastMoney,2026-09-02T18:50:37+08:00
BK0955,2026-09-02T00:00:00Z,140545,140166,140948,139069,141297,-1131,-0.80,6132123,6614637885,1.54,0.83,0.00,0,2805164,3326959,284702128000,261289392000,-430207696,411582352,569837184,-158254832,1277036720,1548989584,-271952864,1980285360,2077725920,-97440560,2811959216,2284310976,527648240,-6.50,-2.39,-4.11,-1.47,7.98,0,37,7,30,0,0,0,65.89,0.00,0.00,0.00,,0.00,,0.00,EastMoney,2026-09-02T18:50:37+08:00
BK0957,2026-09-02T00:00:00Z,161139,161267,162406,160116,162455,-1188,-0.73,4301382,6045167778,2.62,0.92,0.00,0,1970706,2330677,188918809000,162930585000,-336218096,276536576,344374608,-67838032,1030594816,1298974880,-268380064,1856328800,1961332448,-105003648,2663860384,2218106672,445753712,-5.56,-1.12,-4.44,-1.74,7.37,0,28,6,22,0,0,0,110.93,0.00,0.00,0.00,,0.00,,0.00,EastMoney,2026-09-02T18:50:37+08:00
BK0958,2026-09-02T00:00:00Z,208873,208444,209190,206918,210203,-1759,-0.84,13244907,15097540064,1.23,0.92,0.00,0,5721320,7523587,1047186288000,923912624000,-706071024,1321161936,1653958592,-332796656,3079129792,3452404160,-373274368,4681261312,4575590144,105671168,5634316800,5028428800,605888000,-4.68,-2.20,-2.47,0.70,4.01,0,75,17,55,3,0,0,27.71,0.00,0.00,0.00,,0.00,,0.00,EastMoney,2026-09-02T18:50:37+08:00
BK0959,2026-09-02T00:00:00Z,155219,153560,156185,153056,156471,-2911,-1.86,5004245,7617863662,2.68,1.14,0.00,0,2273324,2730921,173503098000,158342000000,-432273808,842678800,973803024,-131124224,1408624896,1709774480,-301149584,2252445024,2304720720,-52275696,2864593584,2380044096,484549488,-5.67,-1.72,-3.95,-0.69,6.36,0,19,2,16,1,0,0,50.66,0.00,0.00,0.00,,0.00,,0.00,EastMoney,2026-09-02T18:50:37+08:00
BK0960,2026-09-02T00:00:00Z,324867,326712,327897,322567,327674,-962,-0.29,9055071,26565968116,2.20,0.99,0.00,0,4270431,4784640,2112261296000,1494673456000,-1288305392,2874194384,3937287616,-1063093232,6014391040,6239603200,-225212160,8178201344,7828844544,349356800,8987119872,8048171264,938948608,-4.85,-4.00,-0.85,1.32,3.53,0,41,11,30,0,0,0,32.12,0.00,0.00,0.00,,0.00,,0.00,EastMoney,2026-09-02T18:50:37+08:00
BK0961,2026-09-02T00:00:00Z,182151,182187,183139,180777,182732,-545,-0.30,6613474,11747647433,2.62,0.95,0.00,0,2928787,3684688,467846576000,413958672000,-192240128,910562416,942721568,-32159152,2492607520,2652688496,-160080976,3751014160,3745345136,5669024,4173952192,3948017056,225935136,-1.64,-0.27,-1.36,0.05,1.92,0,38,13,25,0,0,0,44.10,0.00,0.00,0.00,,0.00,,0.00,EastMoney,2026-09-02T18:50:37+08:00
BK0963,2026-09-02T00:00:00Z,235250,236808,238480,234323,237397,-589,-0.25,55006747,129114598716,2.09,0.99,0.00,0,26435454,28571293,5979696384000,5206529280000,-1910212096,11558948352,12707128320,-1148179968,28430528000,29192560128,-762032128,43110356992,42395489024,714867968,42623613696,41332664064,1290949632,-1.48,-0.89,-0.59,0.55,1.00,0,319,110,200,9,0,0,63.84,0.00,0.00,0.00,,0.00,,0.00,EastMoney,2026-09-02T18:50:37+08:00
BK0964,2026-09-02T00:00:00Z,210667,212740,214608,210336,213248,-508,-0.24,13356644,44113395812,1.96,0.90,0.00,0,6377578,6979066,3519347520000,1328820592000,-968163840,5639735296,6771639808,-1131904512,10136523008,9972782336,163740672,13667783168,13323454208,344328960,13644689920,12996815616,647874304,-2.19,-2.57,0.37,0.78,1.47,0,45,12,33,0,0,0,22.28,0.00,0.00,0.00,,0.00,,0.00,EastMoney,2026-09-02T18:50:37+08:00
BK0965,2026-09-02T00:00:00Z,86816,86084,86926,85832,87317,-1233,-1.41,20801256,8183498720,4.21,1.63,0.00,0,9529063,11272192,488810784000,340406016000,-384446912,586403360,908345488,-321942128,1727155968,1789660752,-62504784,2515233024,2491058784,24174240,3102827680,2742555040,360272640,-4.70,-3.93,-0.76,0.30,4.40,0,38,6,32,0,0,0,100.22,0.00,0.00,0.00,,0.00,,0.00,EastMoney,2026-09-02T18:50:37+08:00
BK0966,2026-09-02T00:00:00Z,183094,182637,183175,181202,183482,-845,-0.46,41309631,42620948486,1.20,1.06,0.00,0,18160820,23148811,2712776272000,2365295184000,14616832,5135027712,4538938624,596089088,9218929408,9800401664,-581472256,13037928960,13124900096,-86971136,14325677312,14248725504,76951808,0.03,1.40,-1.36,-0.20,0.18,0,143,34,106,3,0,0,30.87,0.00,0.00,0.00,,0.00,,0.00,EastMoney,2026-09-02T18:50:37+08:00
BK0967,2026-09-02T00:00:00Z,93980,91456,93980,90998,94296,-2840,-3.01,8937943,5590062873,3.85,1.12,0.00,0,3630877,5307066,318918256000,263712606000,-619844800,275459312,708601824,-433142512,1085647056,1272349344,-186702288,1794558672,1692155984,102402688,2215913136,1698471024,517442112,-11.09,-7.75,-3.34,1.83,9.26,0,17,1,16,0,0,0,-68.34,0.00,0.00,0.00,,0.00,,0.00,EastMoney,2026-09-02T18:50:37+08:00
BK0968,2026-09-02T00:00:00Z,245083,244864,246265,243108,247474,-2610,-1.05,41973742,116869276559,1.93,0.83,0.00,0,18909300,23064442,6152907776000,5369859840000,-3660096256,13082142464,13951446016,-869303552,25739794432,28530587136,-2790792704,36878840320,36776655360,102184960,38237710592,34617197824,3620512768,-3.13,-0.74,-2.39,0.09,3.10,0,223,55,167,1,0,0,29.11,0.00,0.00,0.00,,0.00,,0.00,EastMoney,2026-09-02T18:50:37+08:00
BK0969,2026-09-02T00:00:00Z,157892,157958,159032,156868,159750,-1792,-1.12,11340891,49273944577,1.87,0.80,0.00,0,5309585,6031306,2086475904000,1964294368000,-2675890688,4917641472,6645299456,-1727657984,11059507968,12007740672,-948232704,17138092544,16111815680,1026276864,15044123904,13387598336,1656525568,-5.43,-3.51,-1.92,2.08,3.36,0,74,11,62,1,0,0,100.67,0.00,0.00,0.00,,0.00,,0.00,EastMoney,2026-09-02T18:50:37+08:00
BK0970,2026-09-02T00:00:00Z,170425,170207,171028,168832,172110,-1903,-1.11,7724247,18021713834,1.66,0.80,0.00,0,3486305,4237941,1127845424000,1024946192000,-1233442224,1511687904,1871015168,-359327264,3377434096,4251549056,-874114960,5415012864,5565185792,-150172928,7283615744,5890146304,1393469440,-6.84,-1.99,-4.85,-0.83,7.73,0,51,8,43,0,0,0,44.25,0.00,0.00,0.00,,0.00,,0.00,EastMoney,2026-09-02T18:50:37+08:00
BK0972,2026-09-02T00:00:00Z,153205,152354,154330,151498,155159,-2805,-1.81,20931206,19633738987,6.47,1.10,0.00,0,9031915,11899291,303012288000,274956304000,-1777979840,1749491424,2418211168,-668719744,3791723200,4900983296,-1109260096,5914807552,6283619840,-368812288,7624462848,5473138688,2151324160,-9.06,-3.41,-5.65,-1.88,10.96,0,34,5,29,0,0,0,-202.10,0.00,0.00,0.00,,0.00,,0.00,EastMoney,2026-09-02T18:50:37+08:00
BK0974,2026-09-02T00:00:00Z,115214,115601,116259,113973,115692,-91,-0.08,7761647,9549364293,2.13,0.92,0.00,0,3468386,4293261,585840096000,509281456000,-92777360,472128464,543680496,-71552032,1820500304,1841725632,-21225328,2989329952,2969772352,19557600,3805585616,3583729504,221856112,-0.97,-0.75,-0.22,0.20,2.32,0,64,24,40,0,0,0,56.65,0.00,0.00,0.00,,0.00,,0.00,EastMoney,2026-09-02T18:50:37+08:00
BK0975,2026-09-02T00:00:00Z,212936,212952,213917,211017,214365,-1413,-0.66,7252023,11221587172,1.02,1.03,0.00,0,3237760,4014263,781590240000,671454224000,-308264592,1016731408,1309426720,-292695312,2441784304,2457353584,-15569280,3793013712,3441681920,351331792,3819061760,3862128944,-43067184,-2.75,-2.61,-0.14,3.13,-0.38,0,30,7,21,2,0,0,15.18,0.00,0.00,0.00,,0.00,,0.00,EastMoney,2026-09-02T18:50:37+08:00
BK0976,2026-09-02T00:00:00Z,239429,239468,241269,237736,242846,-3378,-1.39,6360726,27812849531,4.18,0.79,0.00,0,3122156,3238569,812547520000,733068464000,-2606025088,2341985104,3417963984,-1075978880,5886965248,7417011456,-1530046208,9087197440,8705970176,381227264,9767172096,7542454528,2224717568,-9.37,-3.87,-5.50,1.37,8.00,0,30,5,24,1,0,0,57.73,0.00,0.00,0.00,,0.00,,0.00,EastMoney,2026-09-02T18:50:37+08:00
BK0977,2026-09-02T00:00:00Z,214164,214336,216290,213100,216720,-2384,-1.10,9237032,30476875003,2.23,0.78,0.00,0,4248509,4988524,1445151008000,1195329168000,-1251784128,2945752672,3640727072,-694974400,6735211520,7292021248,-556809728,10278491648,10478954496,-200462848,9745689856,8263904256,1481785600,-4.11,-2.28,-1.83,-0.66,4.86,0,47,9,38,0,0,0,79.52,0.00,0.00,0.00,,0.00,,0.00,EastMoney,2026-09-02T18:50:37+08:00
BK0979,2026-09-02T00:00:00Z,93398,92307,93661,91839,93732,-1425,-1.52,3362656,1117721889,0.51,0.83,0.00,0,1218006,2144650,250306073000,239867079000,-6474229,166795080,117226194,49568886,230846005,286889120,-56043115,320324928,299410256,20914672,378417584,392858016,-14440432,-0.58,4.43,-5.01,1.87,-1.29,0,7,0,7,0,0,0,25.33,0.00,0.00,0.00,,0.00,,0.00,EastMoney,2026-09-02T18:50:37+08:00
BK0980,2026-09-02T00:00:00Z,109849,109932,110123,108647,110667,-735,-0.66,19695630,14711414051,1.47,0.88,0.00,0,8361727,11333903,966258640000,902423152000,-705374800,1526671376,1895190032,-368518656,2986789392,3323645536,-336856144,4424163840,4421530112,2633728,5415732224,4708169728,707562496,-4.79,-2.50,-2.29,0.02,4.81,0,58,11,46,1,0,0,21.02,0.00,0.00,0.00,,0.00,,0.00,EastMoney,2026-09-02T18:50:37+08:00
BK0981,2026-09-02T00:00:00Z,278935,278189,281032,277014,281555,-3366,-1.20,9898370,21919994346,2.96,1.03,0.00,0,4531464,5366906,777094816000,602224768000,-620801648,2151034544,2347795744,-196761200,4770823424,5194863872,-424040448,7803634688,7433396480,370238208,6675012864,6427021312,247991552,-2.83,-0.90,-1.93,1.69,1.13,0,32,5,27,0,0,0,65.94,0.00,0.00,0.00,,0.00,,0.00,EastMoney,2026-09-02T18:50:37+08:00
BK0982,2026-09-02T00:00:00Z,128015,128688,128962,126914,129423,-735,-0.57,2752712,2337093920,2.16,0.80,0.00,0,1271794,1480919,131590187000,109932678000,-165181349,64189274,124001999,-59812725,422586848,527955472,-105368624,751788352,768292560,-16504208,1045423264,863737712,181685552,-7.07,-2.56,-4.51,-0.71,7.77,0,17,3,12,2,0,0,-47.27,0.00,0.00,0.00,,0.00,,0.00,EastMoney,2026-09-02T18:50:37+08:00
BK0983,2026-09-02T00:00:00Z,170842,171067,171950,170078,171671,-604,-0.35,4850896,5353646785,0.86,0.95,0.00,0,2365835,2485061,431344240000,352350240000,29537763,227213660,265939161,-38725501,1109266032,1041002768,68263264,1799278352,1646504240,152774112,2126696864,2302795328,-176098464,0.55,-0.72,1.28,2.85,-3.29,0,32,8,24,0,0,0,37.54,0.00,0.00,0.00,,0.00,,0.00,EastMoney,2026-09-02T18:50:37+08:00
BK0984,2026-09-02T00:00:00Z,214499,215894,216853,212902,216164,-270,-0.12,16269984,26076593066,1.41,0.90,0.00,0,7409266,8860719,1754377776000,1584201584000,-732409696,1542903136,1873167040,-330263904,5187623936,5589769728,-402145792,8223328768,8054364160,168964608,10304285440,9684375552,619909888,-2.81,-1.27,-1.54,0.65,2.38,0,126,56,67,3,0,0,51.45,0.00,0.00,0.00,,0.00,,0.00,EastMoney,2026-09-02T18:50:37+08:00
BK0985,2026-09-02T00:00:00Z,157263,157972,158573,156097,158192,-220,-0.14,7780664,11889362659,1.54,0.97,0.00,0,3716918,4063746,744659312000,720314496000,-560312624,932062176,1252972336,-320910160,2503631792,2743034256,-239402464,3747637792,3503584688,244053104,4419375872,4099196352,320179520,-4.71,-2.70,-2.01,2.05,2.69,0,43,14,28,1,0,0,37.43,0.00,0.00,0.00,,0.00,,0.00,EastMoney,2026-09-02T18:50:37+08:00
BK0986,2026-09-02T00:00:00Z,120917,119808,121005,119098,120829,-1021,-0.84,4680903,14213739975,1.78,0.69,0.00,0,2035982,2644921,878481232000,728003168000,517242928,1637080880,1563082192,73998688,3822654800,3379410560,443244240,4777723392,4604812800,172910592,3713224768,4409179392,-695954624,3.64,0.52,3.12,1.22,-4.90,0,31,6,25,0,0,0,47.48,0.00,0.00,0.00,,0.00,,0.00,EastMoney,2026-09-02T18:50:37+08:00
BK0988,2026-09-02T00:00:00Z,167861,166680,167861,165946,169040,-2360,-1.40,13775430,33639703401,1.42,0.83,0.00,0,6123900,7651530,2886163664000,2592077664000,-2532744608,3690963552,4443994624,-753031072,7521121536,9300835072,-1779713536,10168905472,10005175040,163730432,11403680768,9024744192,2378936576,-7.53,-2.24,-5.29,0.49,7.07,0,73,12,59,2,0,0,23.42,0.00,0.00,0.00,,0.00,,0.00,EastMoney,2026-09-02T18:50:37+08:00
BK0989,2026-09-02T00:00:00Z,223675,223696,224689,221867,225114,-1418,-0.63,101230520,165304900984,1.61,0.96,0.00,0,45619638,55610882,11368748032000,9677396736000,-5255799296,16954598400,19022912256,-2068313856,35914889728,39102375168,-3187485440,50847743744,50454745856,392997888,57318942976,52324891392,4994051584,-3.18,-1.25,-1.93,0.24,3.02,0,476,138,327,11,0,0,30.93,0.00,0.00,0.00,,0.00,,0.00,EastMoney,2026-09-02T18:50:37+08:00
BK0990,2026-09-02T00:00:00Z,112457,111580,112457,111249,113042,-1462,-1.29,5797234,4919447166,1.15,0.79,0.00,0,2454380,3342854,558598208000,486976144000,-171793865,247167223,307077184,-59909961,890371312,1002255216,-111883904,1502097584,1507865072,-5767488,2186397328,2009194320,177203008,-3.49,-1.22,-2.27,-0.12,3.60,0,40,6,33,1,0,0,18.58,0.00,0.00,0.00,,0.00,,0.00,EastMoney,2026-09-02T18:50:37+08:00
BK0991,2026-09-02T00:00:00Z,163533,162850,163594,162019,164420,-1570,-0.95,9083812,9422149684,1.06,0.86,0.00,0,3773265,5310546,1064480592000,917974496000,-556347584,599670576,1001457792,-401787216,1883816192,2038376560,-154560368,3079249008,2802662720,276586288,3480159744,3193009936,287149808,-5.90,-4.26,-1.64,2.94,3.05,0,57,15,40,2,0,0,16.78,0.00,0.00,0.00,,0.00,,0.00,EastMoney,2026-09-02T18:50:37+08:00
BK0992,2026-09-02T00:00:00Z,74068,74151,74402,73058,74483,-332,-0.45,12014491,5663602389,1.40,0.88,0.00,0,5248047,6766444,606830272000,563839632000,-38147104,846962144,738086784,108875360,1260703456,1407725920,-147022464,1675828624,1701585120,-25756496,1767474688,1703571072,63903616,-0.67,1.92,-2.60,-0.45,1.13,0,24,6,18,0,0,0,-9.30,0.00,0.00,0.00,,0.00,,0.00,EastMoney,2026-09-02T18:50:37+08:00
BK0993,2026-09-02T00:00:00Z,86783,86652,86927,85883,87158,-506,-0.58,5844878,8022338701,1.86,0.89,0.00,0,2671895,3172982,405756288000,359016912000,-193876752,344176912,474319104,-130142192,1508969696,1572704256,-63734560,2540670032,2478668480,62001552,3325839296,3177962000,147877296,-2.42,-1.62,-0.79,0.77,1.84,0,72,24,48,0,0,0,254.61,0.00,0.00,0.00,,0.00,,0.00,EastMoney,2026-09-02T18:50:37+08:00
BK0994,2026-09-02T00:00:00Z,209511,210454,211690,208145,211105,-651,-0.31,2877917,5185895480,1.91,1.07,0.00,0,1453353,1424564,380831888000,289474448000,-126384270,266206434,352062352,-85855918,976592608,1017120960,-40528352,1764595488,1643059280,121536208,2107413520,2102565456,4848064,-2.44,-1.66,-0.78,2.34,0.09,0,24,11,13,0,0,0,291.63,0.00,0.00,0.00,,0.00,,0.00,EastMoney,2026-09-02T18:50:37+08:00
BK0995,2026-09-02T00:00:00Z,145461,145367,146373,144330,147037,-1670,-1.14,10228379,14614154194,2.90,0.96,0.00,0,4495332,5733047,589027216000,520582272000,-1096981168,686545376,1196511840,-509966464,2722372912,3309387616,-587014704,4929589504,4909318656,20270848,5880662272,4795334144,1085328128,-7.51,-3.49,-4.02,0.14,7.43,0,50,9,41,0,0,0,114.68,0.00,0.00,0.00,,0.00,,0.00,EastMoney,2026-09-02T18:50:37+08:00
BK0996,2026-09-02T00:00:00Z,101073,100249,101435,100155,101899,-1650,-1.62,4580410,3505028015,3.02,0.95,0.00,0,2010174,2570236,122484170000,107268539000,-272519955,200295917,372366528,-172070611,710239376,810688720,-100449344,1114604080,1007171520,107432560,1363815824,1198728448,165087376,-7.78,-4.91,-2.87,3.07,4.71,0,18,2,16,0,0,0,59.85,0.00,0.00,0.00,,0.00,,0.00,EastMoney,2026-09-02T18:50:37+08:00
BK0998,2026-09-02T00:00:00Z,196271,196326,197785,194912,198083,-1757,-0.89,8190584,22920236378,1.91,0.86,0.00,0,3788263,4402321,1095033216000,928856144000,-1145415424,1528006320,2078470832,-550464512,4622632704,5217583616,-594950912,7244170240,7065491200,178679040,8957739520,7974384384,983355136,-5.00,-2.40,-2.60,0.78,4.29,0,98,25,71,2,0,0,86.53,0.00,0.00,0.00,,0.00,,0.00,EastMoney,2026-09-02T18:50:37+08:00
BK0999,2026-09-02T00:00:00Z,71673,70789,71673,70781,71872,-1083,-1.51,15409396,79200762244,0.85,0.87,0.00,0,6985469,8423927,13156264960000,10972519936000,-4477822464,10978136064,13429179136,-2451043072,20608755200,22635534592,-2026779392,26579540224,26006579200,572961024,19370559232,15465697536,3904861696,-5.65,-3.09,-2.56,0.72,4.93,0,42,7,35,0,0,0,19.69,0.00,0.00,0.00,,0.00,,0.00,EastMoney,2026-09-02T18:50:37+08:00
BK1000,2026-09-02T00:00:00Z,63408,62568,63408,62561,63751,-1183,-1.86,5732068,45949251990,1.19,0.91,0.00,0,2561810,3170258,5037343232000,4211937920000,-2667016704,6230810112,7510262272,-1279452160,12120055040,13507619584,-1387564544,16268915712,15578656000,690259712,10290488320,8313731584,1976756736,-5.80,-2.78,-3.02,1.50,4.30,0,24,3,21,0,0,0,27.48,0.00,0.00,0.00,,0.00,,0.00,EastMoney,2026-09-02T18:50:37+08:00
BK1001,2026-09-02T00:00:00Z,128384,127214,128399,126407,128500,-1286,-1.00,46511106,31385530621,2.56,1.26,0.00,0,20930755,25580351,1299612752000,1207784016000,-597208864,2325700960,2697961856,-372260896,6388919552,6613867520,-224947968,9877411584,9813997056,63414528,11955557632,11421763072,533794560,-1.90,-1.19,-0.72,0.20,1.70,0,161,31,125,5,0,0,126.37,0.00,0.00,0.00,,0.00,,0.00,EastMoney,2026-09-02T18:50:37+08:00
BK1002,2026-09-02T00:00:00Z,263179,264097,265596,261906,265824,-1727,-0.65,7057926,28762406079,2.36,0.87,0.00,0,3359494,3698432,979838032000,858838768000,-919862432,2771486160,3330109552,-558623392,6236496640,6597735680,-361239040,10151223296,9748210688,403012608,9056124672,8539274752,516849920,-3.20,-1.94,-1.26,1.40,1.80,0,42,9,32,1,0,0,64.40,0.00,0.00,0.00,,0.00,,0.00,EastMoney,2026-09-02T18:50:37+08:00
BK1003,2026-09-02T00:00:00Z,179978,179881,180353,178653,180821,-940,-0.52,13800219,21873182677,1.13,1.01,0.00,0,6242798,7557421,1704915824000,1596967504000,42834320,3209382448,3073909152,135473296,5094859776,5187498752,-92638976,6456182528,6599912960,-143730432,6675322880,6569061376,106261504,0.20,0.62,-0.42,-0.66,0.49,0,41,10,30,1,0,0,20.16,0.00,0.00,0.00,,0.00,,0.00,EastMoney,2026-09-02T18:50:37+08:00
BK1004,2026-09-02T00:00:00Z,217045,217184,218777,215301,218779,-1595,-0.73,11565263,32835163741,1.66,0.85,0.00,0,5383448,6181814,1862222704000,1525855904000,-1257122240,2387964800,3150783552,-762818752,6658279680,7152583168,-494303488,11216918784,10625647616,591271168,11700789504,11010791424,689998080,-3.83,-2.32,-1.51,1.80,2.10,0,89,22,64,3,0,0,33.11,0.00,0.00,0.00,,0.00,,0.00,EastMoney,2026-09-02T18:50:37+08:00
BK1005,2026-09-02T00:00:00Z,165745,166852,167865,164867,167005,-153,-0.09,76030673,296059668713,2.73,0.93,0.00,0,37301083,38729590,13035258112000,10452786944000,-4449675264,26023074560,28522387456,-2499312896,65473212928,67423575296,-1950362368,102872940544,99151204352,3721736192,89724366848,87823810560,1900556288,-1.50,-0.84,-0.66,1.26,0.64,0,1253,473,762,18,0,0,82.68,0.00,0.00,0.00,,0.00,,0.00,EastMoney,2026-09-02T18:50:37+08:00
BK1006,2026-09-02T00:00:00Z,122944,122755,123430,121436,123689,-934,-0.76,4669127,5922838984,2.60,0.90,0.00,0,2178084,2491043,198304897000,178766065000,68176320,613295232,458902400,154392832,1228228432,1314444944,-86216512,1821441728,1897139072,-75697344,2128181872,2120660848,7521024,1.15,2.61,-1.46,-1.28,0.13,0,21,5,16,0,0,0,362.71,0.00,0.00,0.00,,0.00,,0.00,EastMoney,2026-09-02T18:50:37+08:00
BK1007,2026-09-02T00:00:00Z,118082,118440,119037,117068,119169,-729,-0.61,3479806,3858420951,2.25,0.93,0.00,0,1603546,1876261,183064585000,162032677000,-89675932,226211803,258206103,-31994300,775362832,833044464,-57681632,1215701792,1163190624,52511168,1561589504,1524424736,37164768,-2.32,-0.83,-1.49,1.36,0.96,0,20,3,17,0,0,0,-220.22,0.00,0.00,0.00,,0.00,,0.00,EastMoney,2026-09-02T18:50:37+08:00
BK1008,2026-09-02T00:00:00Z,154139,155069,155962,153588,155635,-566,-0.36,5510697,15158974472,2.31,1.04,0.00,0,2625350,2885347,486704224000,476116016000,-127375888,2047606752,2153495824,-105889072,3488136576,3509623392,-21486816,4873996544,5024499456,-150502912,4452469760,4174590928,277878832,-0.84,-0.70,-0.14,-0.99,1.83,0,20,7,13,0,0,0,-687.96,0.00,0.00,0.00,,0.00,,0.00,EastMoney,2026-09-02T18:50:37+08:00
BK1009,2026-09-02T00:00:00Z,215474,214707,216247,213381,217276,-2569,-1.18,48567700,73675526532,3.10,1.01,0.00,0,21897923,26669778,4337931264000,2059700896000,-4183976192,8002701568,10240901888,-2238200320,15938126848,17883902720,-1945775872,22871980288,23117773568,-245793280,25040571648,20611018240,4429553408,-5.68,-3.04,-2.64,-0.33,6.01,0,142,31,106,5,0,0,31.87,0.00,0.00,0.00,,0.00,,0.00,EastMoney,2026-09-02T18:50:37+08:00
BK1010,2026-09-02T00:00:00Z,101874,99889,101874,99118,102419,-2530,-2.47,22054177,28238199528,2.69,1.19,0.00,0,9515696,12538482,1280825680000,1128755264000,-1271595120,2651405552,3500627296,-849221744,6445006336,6867379712,-422373376,8897909504,8636867328,261042176,9625723648,8595166976,1030556672,-4.50,-3.01,-1.50,0.92,3.65,0,49,5,44,0,0,0,18.22,0.00,0.00,0.00,,0.00,,0.00,EastMoney,2026-09-02T18:50:37+08:00
BK1011,2026-09-02T00:00:00Z,70022,68881,70022,68863,70225,-1344,-1.91,7807057,9773331384,2.22,1.00,0.00,0,3486756,4320301,625671152000,614703440000,-399356080,1015728208,1215187472,-199459264,2021614768,2221511584,-199896816,3076569392,2905073472,171495920,3431409856,3206251664,225158192,-4.09,-2.04,-2.05,1.75,2.30,0,23,4,18,1,0,0,17.85,0.00,0.00,0.00,,0.00,,0.00,EastMoney,2026-09-02T18:50:37+08:00
BK1012,2026-09-02T00:00:00Z,131474,132215,133225,131208,132261,-46,-0.03,4163031,12303424176,2.50,0.98,0.00,0,1973709,2189323,474509232000,453796960000,80547200,1444797312,1351441600,93355712,2909559024,2922367536,-12808512,3926018144,4065215600,-139197456,3737712112,3679061856,58650256,0.65,0.76,-0.10,-1.13,0.48,0,15,4,10,1,0,0,35.65,0.00,0.00,0.00,,0.00,,0.00,EastMoney,2026-09-02T18:50:37+08:00
BK1013,2026-09-02T00:00:00Z,115448,116012,117024,114965,117160,-1148,-0.98,2211945,6160673286,2.86,0.84,0.00,0,993262,1218683,223332592000,203091081000,-368371424,270276432,391632016,-121355584,1260649472,1507665312,-247015840,2047686496,2060892064,-13205568,2266382656,1869727456,396655200,-5.98,-1.97,-4.01,-0.21,6.44,0,19,4,15,0,0,0,5478.66,0.00,0.00,0.00,,0.00,,0.00,EastMoney,2026-09-02T18:50:37+08:00
BK1014,2026-09-02T00:00:00Z,169695,169884,170160,167661,170724,-840,-0.49,2689947,3261227720,1.52,1.10,0.00,0,1281197,1408750,182514324000,158668330000,81972972,223122892,209855632,13267260,650035824,581330112,68705712,1076484208,1118929280,-42445072,1250794224,1290322128,-39527904,2.51,0.41,2.11,-1.30,-1.21,0,23,7,16,0,0,0,39.87,0.00,0.00,0.00,,0.00,,0.00,EastMoney,2026-09-02T18:50:37+08:00
BK1015,2026-09-02T00:00:00Z,81517,79853,81517,78930,82654,-2801,-3.39,2824078,11291128111,3.35,0.93,0.00,0,1296556,1527522,409558224000,340202480000,-1234591376,934367760,1493057152,-558689392,2274509360,2950411344,-675901984,3591906064,3534341904,57564160,4282073280,3105046048,1177027232,-10.93,-4.95,-5.99,0.51,10.42,0,11,0,11,0,0,0,16.66,0.00,0.00,0.00,,0.00,,0.00,EastMoney,2026-09-02T18:50:37+08:00
BK1016,2026-09-02T00:00:00Z,95421,95307,95878,94646,95895,-588,-0.61,850980,527661924,1.18,0.84,0.00,0,427324,423656,34697316000,33599157000,15314990,19965930,9331900,10634030,100556647,95875687,4680960,161282213,152352624,8929589,228796371,253489321,-24692950,2.90,2.02,0.89,1.69,-4.68,0,9,3,6,0,0,0,85.89,0.00,0.00,0.00,,0.00,,0.00,EastMoney,2026-09-02T18:50:37+08:00
BK1017,2026-09-02T00:00:00Z,171091,165733,171948,165490,168097,-2364,-1.41,17338864,14158855462,0.53,1.43,0.00,0,7730071,9608793,3216571056000,2773608896000,235050480,1361483536,1488613536,-127130000,3381967312,3019786832,362180480,4461171456,3965360304,495811152,4436877568,5121756160,-684878592,1.66,-0.90,2.56,3.50,-4.84,0,26,5,21,0,0,0,12.92,0.00,0.00,0.00,,0.00,,0.00,EastMoney,2026-09-02T18:50:37+08:00
BK1018,2026-09-02T00:00:00Z,147877,149783,151801,147743,147486,2297,1.56,1523310,2495920435,1.96,0.90,0.00,0,724816,798494,123047697000,106207769000,29116115,99974278,89325539,10648739,469914192,451446816,18467376,755342048,712023488,43318560,838142912,876149280,-38006368,1.17,0.43,0.74,1.74,-1.52,0,23,10,12,1,0,0,96.45,0.00,0.00,0.00,,0.00,,0.00,EastMoney,2026-09-02T18:50:37+08:00
BK1019,2026-09-02T00:00:00Z,110090,108237,110094,107511,110022,-1785,-1.62,19926865,22158057295,2.55,1.09,0.00,0,8457864,11469000,839650272000,793999792000,-556792080,1894495296,2276431696,-381936400,4582805760,4757661440,-174855680,7005484544,6801606912,203877632,8045350912,7702449920,342900992,-2.51,-1.72,-0.79,0.92,1.55,0,65,8,56,1,0,0,27.09,0.00,0.00,0.00,,0.00,,0.00,EastMoney,2026-09-02T18:50:37+08:00
BK1020,2026-09-02T00:00:00Z,199599,201106,206040,199599,201714,-608,-0.30,1009116,5432441065,3.09,0.89,0.00,0,490039,519077,130776347000,121421696000,299660496,637063440,538094752,98968688,1441786048,1241094240,200691808,1742069552,1671727440,70342112,1268645504,1608838880,-340193376,5.52,1.82,3.69,1.29,-6.26,0,14,7,7,0,0,0,-460.95,0.00,0.00,0.00,,0.00,,0.00,EastMoney,2026-09-02T18:50:37+08:00
BK1022,2026-09-02T00:00:00Z,131918,131917,132177,130650,132510,-593,-0.45,17678086,16258635436,2.80,1.00,0.00,0,7682464,9995622,637678928000,599830608000,-847299952,1043276016,1664457840,-621181824,3436889952,3663008080,-226118128,4976809216,5184772608,-207963392,6330557440,5272781568,1057775872,-5.21,-3.82,-1.39,-1.28,6.51,0,70,24,43,3,0,0,24.78,0.00,0.00,0.00,,0.00,,0.00,EastMoney,2026-09-02T18:50:37+08:00
BK1023,2026-09-02T00:00:00Z,277627,282687,288269,276546,281384,1303,0.46,6687640,13511771863,4.66,1.36,0.00,0,3370726,3316914,280799440000,262192074000,199076416,1173286816,1062425104,110861712,3069802416,2981587712,88214704,4380070144,4194231744,185838400,4414617088,4739072000,-324454912,1.47,0.82,0.65,1.38,-2.40,0,19,8,11,0,0,0,-99.55,0.00,0.00,0.00,,0.00,,0.00,EastMoney,2026-09-02T18:50:37+08:00
BK1024,2026-09-02T00:00:00Z,127763,127296,127781,126410,128248,-952,-0.74,58591669,50853531945,1.10,0.94,0.00,0,25896216,32695453,6397199872000,4072616256000,-1268000256,5430192896,6069507584,-639314688,10796785408,11425470976,-628685568,15653584128,15790305792,-136721664,17807234304,16387831296,1419403008,-2.49,-1.26,-1.24,-0.27,2.79,0,177,50,125,2,0,0,18.26,0.00,0.00,0.00,,0.00,,0.00,EastMoney,2026-09-02T18:50:37+08:00
BK1025,2026-09-02T00:00:00Z,110846,109098,110846,108609,111230,-2132,-1.92,31362463,16008853239,4.44,1.43,0.00,0,14142015,17220449,596957008000,438870176000,-820605680,1279519744,1858431152,-578911408,3353376464,3595070736,-241694272,4716950784,4696911360,20039424,5973865216,5172420608,801444608,-5.13,-3.62,-1.51,0.13,5.01,0,65,14,51,0,0,0,285.94,0.00,0.00,0.00,,0.00,,0.00,EastMoney,2026-09-02T18:50:37+08:00
BK1026,2026-09-02T00:00:00Z,100838,98746,100838,98505,100933,-2187,-2.17,9014780,10110550934,2.78,1.16,0.00,0,4108733,4906047,631135328000,473782032000,78889104,1017975200,1011666352,6308848,2204406544,2131826288,72580256,3066660560,3134306832,-67646272,3476210336,3498219168,-22008832,0.78,0.06,0.72,-0.67,-0.22,0,33,2,30,1,0,0,29.13,0.00,0.00,0.00,,0.00,,0.00,EastMoney,2026-09-02T18:50:37+08:00
BK1027,2026-09-02T00:00:00Z,386842,384230,386842,378479,392819,-8589,-2.19,5620492,21549047329,2.35,0.78,0.00,0,2622252,2998240,1090997504000,834637552000,-1566262528,2038441312,2780477280,-742035968,4318917376,5143143936,-824226560,6660386304,6747326208,-86939904,8021433600,6366878208,1654555392,-7.27,-3.44,-3.82,-0.40,7.68,0,27,3,23,1,0,0,41.18,0.00,0.00,0.00,,0.00,,0.00,EastMoney,2026-09-02T18:50:37+08:00
BK1028,2026-09-02T00:00:00Z,198481,197609,199504,196030,196462,1147,0.58,5586523,5121877871,2.09,1.30,0.00,0,2614112,2972410,271975968000,260409033000,124088875,334933200,217824261,117108939,1064339904,1057359968,6979936,1655994208,1617454656,38539552,1865496368,2014596256,-149099888,2.42,2.29,0.14,0.75,-2.91,0,31,18,12,1,0,0,21.83,0.00,0.00,0.00,,0.00,,0.00,EastMoney,2026-09-02T18:50:37+08:00
BK1029,2026-09-02T00:00:00Z,139878,138161,139888,137860,140368,-2207,-1.57,6384982,8262549285,0.75,0.83,0.00,0,2537860,3847122,1592526832000,1027493824000,-766874992,738032464,1272716656,-534684192,1823850256,2056041056,-232190800,2621863536,2422453952,199409584,2913627952,2346162528,567465424,-9.28,-6.47,-2.81,2.41,6.87,0,26,0,25,1,0,0,33.66,0.00,0.00,0.00,,0.00,,0.00,EastMoney,2026-09-02T18:50:37+08:00
BK1030,2026-09-02T00:00:00Z,233457,234484,235879,231433,235086,-602,-0.26,1871870,3134751193,1.63,0.77,0.00,0,799069,1072800,233738034000,199766999000,-148236955,117270446,185033369,-67762923,534267984,614742016,-80474032,964380192,973509296,-9129104,1399844000,1237012784,162831216,-4.73,-2.16,-2.57,-0.29,5.19,0,27,9,18,0,0,0,60.03,0.00,0.00,0.00,,0.00,,0.00,EastMoney,2026-09-02T18:50:37+08:00
BK1031,2026-09-02T00:00:00Z,113339,112489,113339,111867,113844,-1355,-1.19,12166414,21382394494,1.57,0.82,0.00,0,5184391,6982023,1277169456000,1139336832000,-1189296480,1733867984,2246433824,-512565840,4294312688,4971043328,-676730640,6815826944,6645450496,170376448,7936020736,6882343936,1053676800,-5.56,-2.40,-3.16,0.80,4.93,0,69,17,51,1,0,0,-34.94,0.00,0.00,0.00,,0.00,,0.00,EastMoney,2026-09-02T18:50:37+08:00
BK1032,2026-09-02T00:00:00Z,123496,122731,123496,122006,124255,-1524,-1.23,3594123,5192925044,1.52,0.86,0.00,0,1558942,2035181,348743808000,267804646000,-354784675,201909581,355710240,-153800659,896883344,1097867360,-200984016,1695984816,1671602848,24381968,2270073184,1929443952,340629232,-6.83,-2.96,-3.87,0.47,6.56,0,31,3,27,1,0,0,73.00,0.00,0.00,0.00,,0.00,,0.00,EastMoney,2026-09-02T18:50:37+08:00
BK1033,2026-09-02T00:00:00Z,131441,131277,131965,130227,132791,-1514,-1.14,14855701,45888508654,2.29,0.87,0.00,0,6755756,8099945,3255457536000,2941253648000,-2875692544,4340311552,5257525504,-917213952,10045284352,12003762944,-1958478592,14401354496,14075073024,326281472,15652914176,13023158528,2629755648,-6.27,-2.00,-4.27,0.71,5.73,0,107,26,80,1,0,0,25.13,0.00,0.00,0.00,,0.00,,0.00,EastMoney,2026-09-02T18:50:37+08:00
BK1034,2026-09-02T00:00:00Z,296792,298464,299775,293682,299379,-915,-0.31,4754866,12134729754,1.47,0.90,0.00,0,2201927,2552939,647636848000,522777344000,-646616192,1044786048,1504569040,-459782992,2424299456,2611132656,-186833200,3600392416,3720065808,-119673392,4849453568,4080740992,768712576,-5.33,-3.79,-1.54,-0.99,6.33,0,35,14,20,1,0,0,60.11,0.00,0.00,0.00,,0.00,,0.00,EastMoney,2026-09-02T18:50:37+08:00
BK1035,2026-09-02T00:00:00Z,87734,89399,89802,87064,88180,1219,1.38,1896579,3873445076,1.59,1.08,0.00,0,915527,981053,263211805000,217019058000,140362807,204767059,162896108,41870951,834235088,735743232,98491856,1221356192,1165390784,55965408,1326287328,1374361696,-48074368,3.62,1.08,2.54,1.44,-1.24,0,33,17,16,0,0,0,31.58,0.00,0.00,0.00,,0.00,,0.00,EastMoney,2026-09-02T18:50:37+08:00
BK1036,2026-09-02T00:00:00Z,271823,272133,274623,270011,275975,-3842,-1.39,22628373,181107749204,2.58,0.76,0.00,0,10809087,11819286,14431922944000,8024730368000,-9092579584,23180702208,28687767296,-5507065088,49061340416,52646854912,-3585514496,64288136960,60581892864,3706244096,40362567680,34887204096,5475363584,-5.02,-3.04,-1.98,2.05,3.02,0,186,26,157,3,0,0,79.02,0.00,0.00,0.00,,0.00,,0.00,EastMoney,2026-09-02T18:50:37+08:00
BK1037,2026-09-02T00:00:00Z,211056,214300,215397,210819,212621,1679,0.79,19707443,56411757162,2.39,1.04,0.00,0,9708621,9998822,3448325712000,3125237840000,966985216,6413034240,5842312192,570722048,13454282752,13058019584,396263168,17791385600,17719297024,72088576,17426462464,18352844032,-926381568,1.71,1.01,0.70,0.13,-1.64,0,99,49,50,0,0,0,34.73,0.00,0.00,0.00,,0.00,,0.00,EastMoney,2026-09-02T18:50:37+08:00
BK1038,2026-09-02T00:00:00Z,208995,209059,210361,207840,211313,-2254,-1.07,28178154,32798759942,2.17,0.84,0.00,0,11584422,16593733,1516128928000,1179322320000,-1376538496,3831624576,4808784384,-977159808,7060787712,7460166400,-399378688,10082056704,9699536128,382520576,10996679168,9992017664,1004661504,-4.20,-2.98,-1.22,1.17,3.06,0,99,21,78,0,0,0,139.16,0.00,0.00,0.00,,0.00,,0.00,EastMoney,2026-09-02T18:50:37+08:00
BK1039,2026-09-02T00:00:00Z,320657,320948,324317,318939,325170,-4222,-1.30,5329471,21455126292,3.52,0.70,0.00,0,2588319,2741152,699322192000,580310240000,-710810048,2020356784,2457529200,-437172416,4767642368,5041280000,-273637632,6837191168,6825772544,11418624,7151523584,6413261824,738261760,-3.31,-2.04,-1.28,0.05,3.44,0,37,5,32,0,0,0,103.09,0.00,0.00,0.00,,0.00,,0.00,EastMoney,2026-09-02T18:50:37+08:00
BK1040,2026-09-02T00:00:00Z,137149,135715,137225,135590,137780,-2065,-1.50,12284445,11594052919,2.00,0.84,0.00,0,5338756,6945689,757880400000,728600768000,-606941424,577978336,895389344,-317411008,2197316208,2486846624,-289530416,3714592592,3733660656,-19068064,4728257536,4099067232,629190304,-5.23,-2.74,-2.50,-0.16,5.43,0,66,8,58,0,0,0,28.30,0.00,0.00,0.00,,0.00,,0.00,EastMoney,2026-09-02T18:50:37+08:00
BK1041,2026-09-02T00:00:00Z,92973,92829,93184,92146,93365,-536,-0.57,6724511,16152756139,1.55,0.84,0.00,0,3129222,3595289,1283396688000,1147226976000,-531093696,822771408,1109989072,-287217664,3290089472,3533965504,-243876032,5539990016,5282455552,257534464,6104221184,5799624960,304596224,-3.29,-1.78,-1.51,1.59,1.89,0,140,38,100,2,0,0,44.64,0.00,0.00,0.00,,0.00,,0.00,EastMoney,2026-09-02T18:50:37+08:00
BK1042,2026-09-02T00:00:00Z,113930,112219,113930,112037,114171,-1952,-1.71,5072182,3849660957,1.84,0.96,0.00,0,2184299,2887883,305943696000,266153599000,-111002198,124821421,215337427,-90516006,651659248,672145440,-20486192,1210296800,1196128736,14168064,1772557456,1675723312,96834144,-2.88,-2.35,-0.53,0.37,2.52,0,32,1,30,1,0,0,18.19,0.00,0.00,0.00,,0.00,,0.00,EastMoney,2026-09-02T18:50:37+08:00
BK1043,2026-09-02T00:00:00Z,145274,145760,146879,143982,146060,-300,-0.21,1970485,2982987773,1.49,0.84,0.00,0,878503,1091982,203000777000,165782127000,-93356210,91599129,136330875,-44731746,518160880,566785344,-48624464,958034480,949438496,8595984,1255930560,1129851712,126078848,-3.13,-1.50,-1.63,0.29,4.23,0,33,10,23,0,0,0,30.03,0.00,0.00,0.00,,0.00,,0.00,EastMoney,2026-09-02T18:50:37+08:00
BK1044,2026-09-02T00:00:00Z,100781,99465,100784,99023,100650,-1185,-1.18,5697194,13512432565,1.59,0.67,0.00,0,2412560,3284634,853874800000,735042272000,100769168,1076205568,1076523904,-318336,3138739728,3037652224,101087504,4763301120,4428987904,334313216,4170313584,4600460288,-430146704,0.75,0.00,0.75,2.47,-3.18,0,58,10,47,1,0,0,642.57,0.00,0.00,0.00,,0.00,,0.00,EastMoney,2026-09-02T18:50:37+08:00
BK1045,2026-09-02T00:00:00Z,111591,111675,112191,109388,112659,-984,-0.87,11925623,4254322214,7.57,1.87,0.00,0,5776492,6149131,64369494000,59404942000,-172245808,395429472,528933792,-133504320,885428336,924169824,-38741488,1315318352,1259850688,55467664,1480707152,1363929008,116778144,-4.05,-3.14,-0.91,1.30,2.74,0,15,2,12,1,0,0,-11.25,0.00,0.00,0.00,,0.00,,0.00,EastMoney,2026-09-02T18:50:37+08:00
BK1046,2026-09-02T00:00:00Z,134354,133240,135236,132848,134981,-1741,-1.29,8525906,8946885679,2.58,1.16,0.00,0,3749390,4776516,416586192000,379508336000,-240937760,1071430768,1031216784,40213984,1968614608,2249766352,-281151744,2775661984,2848332832,-72670848,2939224544,2625615936,313608608,-2.69,0.45,-3.14,-0.81,3.51,0,24,3,21,0,0,0,22.30,0.00,0.00,0.00,,0.00,,0.00,EastMoney,2026-09-02T18:50:37+08:00
BK1047,2026-09-02T00:00:00Z,95312,95407,95882,94574,96141,-734,-0.76,15769663,24854127971,1.86,0.94,0.00,0,7210657,8559006,1240858944000,999927120000,-817033088,2575187200,2781373568,-206186368,5364265728,5975112448,-610846720,8153398528,8255671808,-102273280,8184116480,7254956032,929160448,-3.29,-0.83,-2.46,-0.41,3.74,0,82,17,62,3,0,0,103.30,0.00,0.00,0.00,,0.00,,0.00,EastMoney,2026-09-02T18:50:37+08:00
BK1048,2026-09-02T00:00:00Z,101057,101018,101678,100391,102123,-1105,-1.08,14260716,25372605826,2.15,0.93,0.00,0,6174000,8086716,1999109184000,1427777664000,-2428790624,2236172256,3674447680,-1438275424,5030893824,6021409024,-990515200,7947499520,7797469440,150030080,9473505536,7159117312,2314388224,-9.57,-5.67,-3.90,0.59,9.12,0,43,7,34,2,0,0,42.51,0.00,0.00,0.00,,0.00,,0.00,EastMoney,2026-09-02T18:50:37+08:00
BK1049,2026-09-02T00:00:00Z,176927,176576,178013,175630,178611,-2035,-1.14,2818174,13113942095,2.15,0.80,0.00,0,1221194,1596980,377283792000,363374528000,-15231376,2528050800,2257903616,270147184,3093422432,3378800992,-285378560,3644841504,3969432256,-324590752,3581458112,3241635968,339822144,-0.12,2.06,-2.18,-2.48,2.59,0,14,3,11,0,0,0,76.90,0.00,0.00,0.00,,0.00,,0.00,EastMoney,2026-09-02T18:50:37+08:00
BK1050,2026-09-02T00:00:00Z,15566667,15312601,15566667,15269649,15403100,-90499,-0.59,100054700,80101044626,12.63,1.57,0.00,0,46087086,53967614,726219360000,633939568000,-3478810880,8639209728,10688712192,-2049502464,16537045504,17966353920,-1429308416,24200238080,23777948928,422289152,26193347072,23130728448,3062618624,-4.34,-2.56,-1.78,0.53,3.82,0,86,33,53,0,0,0,-309.39,0.00,0.00,0.00,,0.00,,0.00,EastMoney,2026-09-02T18:50:37+08:00
BK1051,2026-09-02T00:00:00Z,8317097,8237256,8375508,8152904,7958092,279164,3.51,25978568,21554677786,19.82,1.40,0.00,0,11794735,14183833,128456960000,106342011000,-1153766032,3134477344,3819567536,-685090192,4377738240,4846414080,-468675840,6095457280,5871227648,224229632,6529938688,5600402176,929536512,-5.35,-3.18,-2.17,1.04,4.31,0,18,12,6,0,0,0,-93.23,0.00,0.00,0.00,,0.00,,0.00,EastMoney,2026-09-02T18:50:37+08:00
BK1052,2026-09-02T00:00:00Z,89231,88627,89231,88204,89894,-1267,-1.41,11040484,29293929813,1.99,0.97,0.00,0,5169954,5870529,2610305776000,2316806064000,-2521781184,3271337280,4303219712,-1031882432,6767815680,8257714432,-1489898752,8996388864,8612252928,384135936,9508974592,7351610112,2157364480,-8.61,-3.52,-5.09,1.31,7.36,0,47,8,37,2,0,0,23.57,0.00,0.00,0.00,,0.00,,0.00,EastMoney,2026-09-02T18:50:37+08:00
BK1053,2026-09-02T00:00:00Z,111652,110829,111743,110081,111947,-1118,-1.00,120824023,25867888442,1.57,0.97,0.00,0,50695432,70128591,1840578384000,1605849408000,-737899632,2767401936,3308489536,-541087600,6414942976,6611755008,-196812032,7615169024,7360480256,254688768,8323910400,7840471296,483439104,-2.85,-2.09,-0.76,0.98,1.87,0,192,28,151,13,0,0,-10.69,0.00,0.00,0.00,,0.00,,0.00,EastMoney,2026-09-02T18:50:37+08:00
BK1054,2026-09-02T00:00:00Z,91301,90576,91535,90170,91812,-1236,-1.35,2134348,1938412278,1.48,0.73,0.00,0,916168,1218180,123980105000,115797317000,-123597865,58476586,97884035,-39407449,289235952,373426368,-84190416,648488960,637389840,11099120,899833936,787335200,112498736,-6.38,-2.03,-4.34,0.57,5.80,0,18,1,17,0,0,0,-31.97,0.00,0.00,0.00,,0.00,,0.00,EastMoney,2026-09-02T18:50:37+08:00
BK1055,2026-09-02T00:00:00Z,127399,126985,127909,126243,128632,-1647,-1.28,40228005,48317306547,4.35,1.08,0.00,0,17359264,22868741,3285614352000,1094275008000,-3709572608,5203044352,7006518784,-1803474432,9882460416,11788558592,-1906098176,14657514496,15135015168,-477500672,17198998528,13011924992,4187073536,-7.68,-3.73,-3.94,-0.99,8.67,0,86,16,68,2,0,0,23.64,0.00,0.00,0.00,,0.00,,0.00,EastMoney,2026-09-02T18:50:37+08:00
BK1056,2026-09-02T00:00:00Z,99465,98239,99478,98054,100033,-1794,-1.79,8513867,9063933591,2.37,0.70,0.00,0,3583290,4930577,499593552000,448261552000,-267019024,375617280,487999664,-112382384,1610825888,1765462528,-154636640,2958734704,2994752080,-36017376,3920074960,3617038560,303036400,-2.95,-1.24,-1.71,-0.40,3.34,0,58,7,50,1,0,0,76.18,0.00,0.00,0.00,,0.00,,0.00,EastMoney,2026-09-02T18:50:37+08:00
BK1057,2026-09-02T00:00:00Z,104607,104588,105123,103666,105466,-878,-0.83,15512202,9117116412,2.07,0.83,0.00,0,5906936,9605266,575864720000,401614160000,-521365696,1632827760,2023760960,-390933200,1929740480,2060172976,-130432496,2590412544,2402742128,187670416,2746982304,2413287024,333695280,-5.72,-4.29,-1.43,2.06,3.66,0,15,3,12,0,0,0,35.17,0.00,0.00,0.00,,0.00,,0.00,EastMoney,2026-09-02T18:50:37+08:00
BK1058,2026-09-02T00:00:00Z,116060,116481,116786,114692,116428,53,0.05,7593171,6209953000,1.45,1.10,0.00,0,3525804,4067368,390862736000,367430000000,-80495760,466986304,459622576,7363728,1231426944,1319286432,-87859488,2026502608,1981616416,44886192,2336748048,2300106608,36641440,-1.30,0.12,-1.41,0.72,0.59,0,54,18,31,5,0,0,27.38,0.00,0.00,0.00,,0.00,,0.00,EastMoney,2026-09-02T18:50:37+08:00
BK1059,2026-09-02T00:00:00Z,90113,90529,91400,89641,91453,-924,-1.01,17270026,360649508636,2.27,0.77,0.00,0,8560972,8709054,22904439296000,17582956032000,-16340942848,55045414400,64312196608,-9266782208,97925242880,104999403520,-7074160640,129081069568,120493408256,8587661312,70762614784,62834022656,7928592128,-4.53,-2.57,-1.96,2.38,2.20,0,213,54,159,0,0,0,49.90,0.00,0.00,0.00,,0.00,,0.00,EastMoney,2026-09-02T18:50:37+08:00
BK1061,2026-09-02T00:00:00Z,125383,125811,126430,124442,126457,-646,-0.51,49343527,64015128049,3.08,1.08,0.00,0,22987933,26355594,1996241632000,1856612160000,-1731062784,6081579008,6822999808,-741420800,13454388736,14444030720,-989641984,19985332224,20152252416,-166920192,22330912000,20291526144,2039385856,-2.70,-1.16,-1.55,-0.26,3.19,0,194,48,140,6,0,0,-141.87,0.00,0.00,0.00,,0.00,,0.00,EastMoney,2026-09-02T18:50:37+08:00
BK1063,2026-09-02T00:00:00Z,98648,98080,99217,97321,98691,-611,-0.62,3309995,8812424017,2.30,0.71,0.00,0,1422365,1887630,401170688000,335368160000,170177680,579804704,575349408,4455296,2053946416,1888224032,165722384,2983778336,2705491024,278287312,2920577136,3352902576,-432325440,1.93,0.05,1.88,3.16,-4.91,0,34,7,25,2,0,0,65.06,0.00,0.00,0.00,,0.00,,0.00,EastMoney,2026-09-02T18:50:37+08:00
BK1064,2026-09-02T00:00:00Z,184437,185607,186690,183608,186618,-1011,-0.54,27495452,53374899950,2.00,0.90,0.00,0,12543003,14952449,1892328080000,1660255776000,-423176960,6533491968,6669501184,-136009216,12182110208,12469277952,-287167744,16525213184,16945444096,-420230912,16705796096,15737752832,968043264,-0.79,-0.25,-0.54,-0.79,1.81,0,72,19,51,2,0,0,51.93,0.00,0.00,0.00,,0.00,,0.00,EastMoney,2026-09-02T18:50:37+08:00
BK1066,2026-09-02T00:00:00Z,156520,157151,157629,154909,157489,-338,-0.21,5453872,6884547449,1.02,1.10,0.00,0,2192415,3261457,357790736000,318926704000,45488768,642425568,677649152,-35223584,1593482320,1512769968,80712352,2210027968,2248987552,-38959584,2247762032,2254291232,-6529200,0.66,-0.51,1.17,-0.57,-0.09,0,22,9,13,0,0,0,23.73,0.00,0.00,0.00,,0.00,,0.00,EastMoney,2026-09-02T18:50:37+08:00
BK1068,2026-09-02T00:00:00Z,122719,122505,122951,121426,123380,-875,-0.71,2276019,3872537004,0.76,0.83,0.00,0,1076482,1199537,1158187888000,1017924128000,-96408099,176217517,326665504,-150447987,872497248,818457360,54039888,1381278960,1357155984,24122976,1358167856,1285882720,72285136,-2.49,-3.88,1.40,0.62,1.87,0,21,2,17,2,0,0,12.72,0.00,0.00,0.00,,0.00,,0.00,EastMoney,2026-09-02T18:50:37+08:00
BK1069,2026-09-02T00:00:00Z,178661,179692,180617,177918,180329,-637,-0.35,12778382,9306199017,2.58,1.73,0.00,0,5255962,7522420,368592304000,343681392000,-546805168,1370027472,1743956864,-373929392,1927998080,2100873856,-172875776,2627047664,2577735680,49311984,3128920000,2626681424,502238576,-5.88,-4.02,-1.86,0.53,5.40,0,28,7,20,1,0,0,60.95,0.00,0.00,0.00,,0.00,,0.00,EastMoney,2026-09-02T18:50:37+08:00
BK1070,2026-09-02T00:00:00Z,101897,101190,101897,100297,102386,-1196,-1.17,7666385,5022914735,2.33,1.05,0.00,0,3224219,4442166,226986296000,214074413000,-236512278,244937386,356862240,-111924854,1056939184,1181526608,-124587424,1674322816,1587813040,86509776,1907752512,1755021760,152730752,-4.71,-2.23,-2.48,1.72,3.04,0,35,6,29,0,0,0,479.33,0.00,0.00,0.00,,0.00,,0.00,EastMoney,2026-09-02T18:50:37+08:00
BK1071,2026-09-02T00:00:00Z,155327,155139,156148,153943,156685,-1546,-0.99,34230681,36700099758,0.33,0.89,0.00,0,16216903,18013778,14083071488000,8846057472000,-1676047104,4481365760,5399173888,-917808128,8094771456,8853010432,-758238976,10971998208,11443943168,-471944960,12063883776,9900813568,2163070208,-4.57,-2.50,-2.07,-1.29,5.89,0,66,13,52,1,0,0,7.99,0.00,0.00,0.00,,0.00,,0.00,EastMoney,2026-09-02T18:50:37+08:00
BK1072,2026-09-02T00:00:00Z,158086,158526,159032,156694,158363,163,0.10,10542340,12384299795,1.62,1.00,0.00,0,4662355,5879986,656032352000,551424224000,-171044064,909823776,906995600,2828176,2210612304,2384484544,-173872240,3913698832,3948600208,-34901376,4954585856,4729021184,225564672,-1.38,0.02,-1.40,-0.28,1.82,0,84,32,49,3,0,0,35.85,0.00,0.00,0.00,,0.00,,0.00,EastMoney,2026-09-02T18:50:37+08:00
BK1073,2026-09-02T00:00:00Z,114903,113704,114918,113156,115360,-1656,-1.44,4310860,2541692410,2.26,0.85,0.00,0,1840071,2470789,223628698000,185923244000,-88047435,117517649,168999372,-51481723,451116672,487682384,-36565712,768085168,787574768,-19489600,1132428832,1024891808,107537024,-3.46,-2.03,-1.44,-0.77,4.23,0,19,3,16,0,0,0,19.96,0.00,0.00,0.00,,0.00,,0.00,EastMoney,2026-09-02T18:50:37+08:00
BK1074,2026-09-02T00:00:00Z,95598,94614,95929,93714,95835,-1221,-1.27,1445447,1503777221,4.86,1.95,0.00,0,606247,839200,28474310000,26712243000,-64723298,107714249,109117307,-1403058,272780384,336100624,-63320240,475435600,424478624,50956976,546896240,533129936,13766304,-4.30,-0.09,-4.21,3.39,0.92,0,6,1,5,0,0,0,131.31,0.00,0.00,0.00,,0.00,,0.00,EastMoney,2026-09-02T18:50:37+08:00
BK1075,2026-09-02T00:00:00Z,110989,111574,112097,109944,111955,-381,-0.34,7708271,11246820436,4.18,0.95,0.00,0,3621124,4087147,287451776000,255637132000,-173775344,975971008,884361808,91609200,2133468752,2398853296,-265384544,3540901648,3724547744,-183646096,4274507648,3917086192,357421456,-1.55,0.81,-2.36,-1.63,3.18,0,38,8,30,0,0,0,-123.22,0.00,0.00,0.00,,0.00,,0.00,EastMoney,2026-09-02T18:50:37+08:00
BK1076,2026-09-02T00:00:00Z,113718,114428,114906,112647,114526,-98,-0.09,11939715,10123386262,2.93,1.01,0.00,0,5654753,6284962,320057280000,281841408000,28504336,723614672,677508768,46105904,1994181152,2011782720,-17601568,3194690496,3217993392,-23302896,3906271472,3883958704,22312768,0.28,0.46,-0.17,-0.23,0.22,0,54,21,29,4,0,0,-179.06,0.00,0.00,0.00,,0.00,,0.00,EastMoney,2026-09-02T18:50:37+08:00
BK1077,2026-09-02T00:00:00Z,127585,126086,127663,125602,127608,-1522,-1.19,21372588,8451336542,2.78,1.56,0.00,0,9907961,11464628,412098016000,363649696000,-254914448,579784336,839193920,-259409584,1835580768,1831085632,4495136,2588086640,2505802704,82283936,3071669888,2898182752,173487136,-3.02,-3.07,0.05,0.97,2.05,0,45,6,39,0,0,0,34.10,0.00,0.00,0.00,,0.00,,0.00,EastMoney,2026-09-02T18:50:37+08:00
BK1078,2026-09-02T00:00:00Z,139228,137945,139228,137525,139755,-1810,-1.30,19481826,19768607049,5.21,0.84,0.00,0,9228468,10253358,607878320000,537588928000,260242704,1864394096,1617569184,246824912,4201859296,4188441504,13417792,6205009152,6417841152,-212832000,6978719232,7026129920,-47410688,1.32,1.25,0.07,-1.08,-0.24,0,57,10,47,0,0,0,224.08,0.00,0.00,0.00,,0.00,,0.00,EastMoney,2026-09-02T18:50:37+08:00
BK1079,2026-09-02T00:00:00Z,142895,143585,144259,141718,143722,-137,-0.10,3953171,4561363489,2.34,1.17,0.00,0,2014946,1938225,466434528000,387052576000,-63322057,197059431,313856416,-116796985,1035289888,981814960,53474928,1307077648,1432800528,-125722880,1800163168,1590109008,210054160,-1.39,-2.56,1.17,-2.76,4.61,0,34,11,22,1,0,0,13.19,0.00,0.00,0.00,,0.00,,0.00,EastMoney,2026-09-02T18:50:37+08:00
BK1080,2026-09-02T00:00:00Z,110594,110895,111379,109534,111150,-255,-0.23,15690928,14671287802,2.20,0.94,0.00,0,6856753,8834175,520979056000,456720528000,-62722512,1041198864,843910832,197288032,2871780272,3131790816,-260010544,4627056384,4768504064,-141447680,5786609920,5583053056,203556864,-0.43,1.34,-1.77,-0.96,1.39,0,104,33,64,7,0,0,-33.66,0.00,0.00,0.00,,0.00,,0.00,EastMoney,2026-09-02T18:50:37+08:00
BK1082,2026-09-02T00:00:00Z,189108,186669,189108,185154,189559,-2890,-1.52,803038,1331502903,2.52,0.73,0.00,0,360876,442162,52054756000,43719503000,-73915290,101752466,133420218,-31667752,262968366,305215904,-42247538,419493840,384073120,35420720,525845376,487350800,38494576,-5.55,-2.38,-3.17,2.66,2.89,0,9,0,9,0,0,0,63.01,0.00,0.00,0.00,,0.00,,0.00,EastMoney,2026-09-02T18:50:37+08:00
BK1086,2026-09-02T00:00:00Z,85101,82383,85101,81846,86028,-3645,-4.24,38910724,23654116175,7.45,1.55,0.00,0,17331622,21579101,418996032000,256795543000,-1707314944,2210912240,3446261232,-1235348992,4930297856,5402263808,-471965952,7028428544,6944686848,83741696,7916937216,6405802240,1511134976,-7.22,-5.22,-2.00,0.35,6.39,0,36,6,30,0,0,0,67.58,0.00,0.00,0.00,,0.00,,0.00,EastMoney,2026-09-02T18:50:37+08:00
BK1087,2026-09-02T00:00:00Z,147748,145824,147768,145649,147913,-2089,-1.41,15001054,11171413592,0.93,0.90,0.00,0,6106027,8895027,1177645088000,980608368000,-546185744,806407696,1207072928,-400665232,2230756416,2376276928,-145520512,3530981136,3410272864,120708272,4397968896,3972491552,425477344,-4.89,-3.59,-1.30,1.08,3.81,0,49,6,41,2,0,0,18.68,0.00,0.00,0.00,,0.00,,0.00,EastMoney,2026-09-02T18:50:37+08:00
BK1088,2026-09-02T00:00:00Z,484738,489480,493644,483061,492685,-3205,-0.65,9570365,60964298410,2.23,0.86,0.00,0,4699022,4871343,1934122720000,1837797520000,-3926259712,10091527936,12665162240,-2573634304,14894275328,16246900736,-1352625408,22394187264,19143502080,3250685184,12387795712,11712221184,675574528,-6.44,-4.22,-2.22,5.33,1.11,0,25,6,19,0,0,0,42.48,0.00,0.00,0.00,,0.00,,0.00,EastMoney,2026-09-02T18:50:37+08:00
BK1089,2026-09-02T00:00:00Z,197596,199531,200466,196106,198694,837,0.42,14764977,24914116908,2.74,1.04,0.00,0,7230755,7534222,1007755968000,843856144000,783803296,3254399744,2443925088,810474656,5537538816,5564210176,-26671360,7336274688,7789841920,-453567232,8174326016,8464540672,-290214656,3.15,3.25,-0.11,-1.82,-1.16,0,98,49,43,6,0,0,36.36,0.00,0.00,0.00,,0.00,,0.00,EastMoney,2026-09-02T18:50:37+08:00
BK1090,2026-09-02T00:00:00Z,199203,199630,200596,197798,200722,-1092,-0.54,106573588,234519963633,1.70,0.90,0.00,0,48950838,57622750,13973555456000,11767994112000,-6165157888,24223182848,27071768576,-2848585728,51397470976,54714043136,-3316572160,75794444288,73939398656,1855045632,77584433152,73130352640,4454080512,-2.63,-1.21,-1.41,0.79,1.90,0,757,205,532,20,0,0,35.57,0.00,0.00,0.00,,0.00,,0.00,EastMoney,2026-09-02T18:50:37+08:00
BK1092,2026-09-02T00:00:00Z,186221,186250,187723,184520,187716,-1466,-0.78,1526425,12989471701,1.67,0.97,0.00,0,705399,821026,1731773200000,1591166592000,-988376368,1973147440,2302565168,-329417728,3633213680,4292172320,-658958640,3632854288,3420688720,212165568,3363647392,2587436592,776210800,-7.61,-2.54,-5.07,1.63,5.98,0,8,2,6,0,0,0,19.88,0.00,0.00,0.00,,0.00,,0.00,EastMoney,2026-09-02T18:50:37+08:00
BK1093,2026-09-02T00:00:00Z,131696,132465,132948,130748,132682,-217,-0.16,3698216,7091154180,2.20,1.12,0.00,0,1827958,1870259,320569584000,295833168000,-73442000,504236464,540671008,-36434544,1501003968,1538011424,-37007456,2295929920,2394977712,-99047792,2674860896,2502371120,172489776,-1.04,-0.51,-0.52,-1.40,2.43,0,28,13,14,1,0,0,54.79,0.00,0.00,0.00,,0.00,,0.00,EastMoney,2026-09-02T18:50:37+08:00
BK1094,2026-09-02T00:00:00Z,99554,99524,100129,98530,100192,-668,-0.67,20188366,17412515424,2.21,0.86,0.00,0,8564231,11624135,822753472000,766375056000,-751470880,2118629024,2528007120,-409378096,3590702560,3932795344,-342092784,5463997440,5185886208,278111232,5861963264,5385815040,476148224,-4.32,-2.35,-1.96,1.60,2.73,0,49,13,35,1,0,0,-32.67,0.00,0.00,0.00,,0.00,,0.00,EastMoney,2026-09-02T18:50:37+08:00
BK1095,2026-09-02T00:00:00Z,132884,131167,132904,130667,133576,-2409,-1.80,12445970,6976505808,1.40,0.93,0.00,0,4640739,7805231,523364000000,479346448000,-536246112,954309088,1182876912,-228567824,1425749664,1733427952,-307678288,2028844464,1906314544,122529920,2419395824,2005679632,413716192,-7.69,-3.28,-4.41,1.76,5.93,0,20,2,18,0,0,0,32.05,0.00,0.00,0.00,,0.00,,0.00,EastMoney,2026-09-02T18:50:37+08:00
BK1097,2026-09-02T00:00:00Z,89062,88123,89062,87713,89628,-1505,-1.68,9662131,15351248095,1.77,0.76,0.00,0,4203227,5458904,671925648000,628731712000,-481876736,1111543168,1370890144,-259346976,3222433072,3444962832,-222529760,5083245568,4712883200,370362368,5619571968,5508057600,111514368,-3.14,-1.69,-1.45,2.41,0.73,0,41,6,34,1,0,0,-22.39,0.00,0.00,0.00,,0.00,,0.00,EastMoney,2026-09-02T18:50:37+08:00
BK1098,2026-09-02T00:00:00Z,109407,109288,109625,108368,109883,-595,-0.54,4935556,4055748143,1.55,0.97,0.00,0,2315860,2619696,262427708000,234584251000,-13262160,329760208,315361392,14398816,881503968,909164944,-27660976,1272921744,1293568016,-20646272,1497655056,1463746624,33908432,-0.33,0.36,-0.68,-0.51,0.84,0,33,9,23,1,0,0,25.64,0.00,0.00,0.00,,0.00,,0.00,EastMoney,2026-09-02T18:50:37+08:00
BK1099,2026-09-02T00:00:00Z,102334,102422,102918,101530,102986,-564,-0.55,795342,1064522624,2.16,0.93,0.00,0,370168,425174,62010640000,54776596000,645,28748917,38211352,-9462435,204079909,194616829,9463080,352731184,359208896,-6477712,443724880,437247808,6477072,0.00,-0.89,0.89,-0.61,0.61,0,9,2,6,1,0,0,26.33,0.00,0.00,0.00,,0.00,,0.00,EastMoney,2026-09-02T18:50:37+08:00
BK1100,2026-09-02T00:00:00Z,172395,173521,174696,171298,173473,48,0.03,11851927,19270416385,2.00,0.93,0.00,0,5651697,6200230,1089907152000,932912928000,-19215056,1855151568,1787710736,67440832,4032278624,4118934512,-86655888,6419340544,6414208256,5132288,6407583744,6370987520,36596224,-0.10,0.35,-0.45,0.03,0.19,0,89,37,46,6,0,0,70.30,0.00,0.00,0.00,,0.00,,0.00,EastMoney,2026-09-02T18:50:37+08:00
BK1101,2026-09-02T00:00:00Z,332050,333777,336801,330234,336785,-3008,-0.89,19726700,73648803948,2.81,0.80,0.00,0,8574930,11151770,4099950368000,3311194144000,-2669535744,9779469824,11121502976,-1342033152,21818150144,23145652736,-1327502592,23233188352,22231318528,1001869824,16403643392,14603929856,1799713536,-3.62,-1.82,-1.80,1.36,2.44,0,79,17,62,0,0,0,75.97,0.00,0.00,0.00,,0.00,,0.00,EastMoney,2026-09-02T18:50:37+08:00
BK1102,2026-09-02T00:00:00Z,168118,170247,170897,166997,168859,1388,0.82,8114406,15134032583,1.96,1.48,0.00,0,3836732,4277674,1560409040000,1352613872000,241895936,1725793744,1443074432,282719312,3470376576,3511199952,-40823376,4737753088,4922093568,-184340480,4771083520,4820848384,-49764864,1.60,1.87,-0.27,-1.22,-0.33,0,37,19,16,2,0,0,15.31,0.00,0.00,0.00,,0.00,,0.00,EastMoney,2026-09-02T18:50:37+08:00
BK1103,2026-09-02T00:00:00Z,108859,108642,108898,106880,109242,-600,-0.55,1419086,2491520562,1.36,0.92,0.00,0,703286,715800,110846365000,108492778000,-214115919,161318720,248167167,-86848447,497487936,624755408,-127267472,809714800,781198096,28516704,913548496,739014608,174533888,-8.59,-3.49,-5.11,1.14,7.01,0,11,5,6,0,0,0,27.10,0.00,0.00,0.00,,0.00,,0.00,EastMoney,2026-09-02T18:50:37+08:00
BK1104,2026-09-02T00:00:00Z,179749,180089,180984,178450,181597,-1508,-0.83,44376738,93672399987,2.84,0.93,0.00,0,20499165,23877573,3944144096000,3548735600000,-5222995200,8144348928,10908366592,-2764017664,20014184704,22473162240,-2458977536,32427023104,31728155904,698867200,30126770432,25535989760,4590780672,-5.58,-2.95,-2.63,0.75,4.90,0,245,53,185,7,0,0,92.51,0.00,0.00,0.00,,0.00,,0.00,EastMoney,2026-09-02T18:50:37+08:00
BK1106,2026-09-02T00:00:00Z,145096,143775,145102,143118,145426,-1651,-1.14,38919221,60424914816,2.48,0.81,0.00,0,17661472,21257749,3889511552000,3031436736000,357144832,5508877056,5435563520,73313536,13965929216,13682097920,283831296,20376182272,19986368768,389813504,19186911232,19918244864,-731333632,0.59,0.12,0.47,0.65,-1.21,0,203,40,161,2,0,0,51.10,0.00,0.00,0.00,,0.00,,0.00,EastMoney,2026-09-02T18:50:37+08:00
BK1107,2026-09-02T00:00:00Z,145323,143181,145537,143083,145897,-2716,-1.86,6464417,9120321731,0.54,0.77,0.00,0,2554000,3910417,1900019920000,1572284672000,-1233896064,1168089584,2114881408,-946791824,2078149328,2365253568,-287104240,2842616864,2341303424,501313440,2862333376,2129750768,732582608,-13.53,-10.38,-3.15,5.50,8.03,0,14,0,14,0,0,0,10.42,0.00,0.00,0.00,,0.00,,0.00,EastMoney,2026-09-02T18:50:37+08:00
BK1108,2026-09-02T00:00:00Z,131150,129601,131270,129466,132013,-2412,-1.83,4074137,20589436980,0.94,0.79,0.00,0,1849469,2224669,2374905680000,1522523664000,-1139002640,2238996064,3034929008,-795932944,5586675968,5929745664,-343069696,7991665920,6946268672,1045397248,4417874432,4324269056,93605376,-5.53,-3.87,-1.67,5.08,0.45,0,45,3,42,0,0,0,99.71,0.00,0.00,0.00,,0.00,,0.00,EastMoney,2026-09-02T18:50:37+08:00
BK1109,2026-09-02T00:00:00Z,110310,109576,110310,108893,111034,-1458,-1.31,16963981,8912152713,7.41,2.27,0.00,0,8000698,8963283,227046333000,210153479000,-170955600,1215235408,1140779664,74455744,1919636000,2165047344,-245411344,2660779744,2718943504,-58163760,2866224896,2637105536,229119360,-1.92,0.84,-2.75,-0.65,2.57,0,21,2,18,1,0,0,48.44,0.00,0.00,0.00,,0.00,,0.00,EastMoney,2026-09-02T18:50:37+08:00
BK1110,2026-09-02T00:00:00Z,171432,170731,172507,169471,173435,-2704,-1.56,21427660,26160350817,4.82,1.03,0.00,0,9504166,11923494,468661056000,439794112000,-2517368032,2027165920,3119130816,-1091964896,5143822336,6569225472,-1425403136,8105966848,8414865408,-308898560,10198665216,7372398592,2826266624,-9.62,-4.17,-5.45,-1.18,10.80,0,49,5,43,1,0,0,-166.90,0.00,0.00,0.00,,0.00,,0.00,EastMoney,2026-09-02T18:50:37+08:00
BK1111,2026-09-02T00:00:00Z,200646,199670,201840,198537,202564,-2894,-1.43,63495371,82970574588,4.96,1.21,0.00,0,28296920,35198450,2086555664000,1852915920000,-5101015552,10069526784,12274204416,-2204677632,17628691712,20525029632,-2896337920,25226952704,25422866176,-195913472,27214361600,21852831232,5361530368,-6.15,-2.66,-3.49,-0.24,6.46,0,125,23,101,1,0,0,59.44,0.00,0.00,0.00,,0.00,,0.00,EastMoney,2026-09-02T18:50:37+08:00
BK1112,2026-09-02T00:00:00Z,146987,145722,147035,145053,147277,-1555,-1.06,149013487,81576357503,0.59,0.91,0.00,0,65352215,83661272,23366949376000,16985508608000,-2408796672,9741137920,11121000448,-1379862528,17945443328,18974377472,-1028934144,24445657344,24004784128,440873216,27746569984,25776636928,1969933056,-2.95,-1.69,-1.26,0.54,2.41,0,385,49,324,12,0,0,9.60,0.00,0.00,0.00,,0.00,,0.00,EastMoney,2026-09-02T18:50:37+08:00
BK1113,2026-09-02T00:00:00Z,184332,185331,186752,183415,187094,-1763,-0.94,7271977,15710475179,3.45,0.78,0.00,0,3250261,4021717,473026576000,414075968000,669063488,2626757248,1674677536,952079712,3161706560,3444722784,-283016224,4413795840,4920969472,-507173632,5225530368,5387420160,-161889792,4.26,6.06,-1.80,-3.23,-1.03,0,30,5,25,0,0,0,153.94,0.00,0.00,0.00,,0.00,,0.00,EastMoney,2026-09-02T18:50:37+08:00
BK1115,2026-09-02T00:00:00Z,148417,148443,149055,147160,149036,-593,-0.40,40416297,35085813742,2.97,1.22,0.00,0,18529592,21886705,1642044000000,1373985696000,-1129080464,2721138976,3245345712,-524206736,7197282816,7802156544,-604873728,10854841344,10983754752,-128913408,13023090432,11712118016,1310972416,-3.22,-1.49,-1.72,-0.37,3.74,0,170,52,112,6,0,0,34.79,0.00,0.00,0.00,,0.00,,0.00,EastMoney,2026-09-02T18:50:37+08:00
BK1116,2026-09-02T00:00:00Z,151046,150489,151153,149091,151879,-1390,-0.92,1707837,2305580284,1.72,0.83,0.00,0,771217,936621,122651001000,98827717000,-80060045,117560481,194781358,-77220877,423582352,426421520,-2839168,743277696,700574080,42703616,987248192,949891776,37356416,-3.47,-3.35,-0.12,1.85,1.62,0,16,2,12,2,0,0,45.41,0.00,0.00,0.00,,0.00,,0.00,EastMoney,2026-09-02T18:50:37+08:00
BK1118,2026-09-02T00:00:00Z,139133,138827,139576,137786,140656,-1829,-1.30,11333442,15155642566,4.67,1.15,0.00,0,5111412,6222030,287600256000,268914080000,-1225921760,1223658144,1816958064,-593299920,2977826304,3610448144,-632621840,4818194432,4810137088,8057344,5704669440,4486804992,1217864448,-8.09,-3.91,-4.17,0.05,8.04,0,39,5,34,0,0,0,-40.68,0.00,0.00,0.00,,0.00,,0.00,EastMoney,2026-09-02T18:50:37+08:00
BK1119,2026-09-02T00:00:00Z,144894,144107,145353,143698,146559,-2452,-1.67,604159,2953340412,0.84,0.72,0.00,0,290346,313813,343645488000,298994144000,-205168838,174788138,288746656,-113958518,622086112,713296432,-91210320,1029534080,1004412528,25121552,1058297600,878250304,180047296,-6.95,-3.86,-3.09,0.85,6.10,0,10,0,10,0,0,0,45.59,0.00,0.00,0.00,,0.00,,0.00,EastMoney,2026-09-02T18:50:37+08:00
BK1121,2026-09-02T00:00:00Z,216278,215608,217114,214358,218792,-3184,-1.46,1004543,1580072182,1.05,0.85,0.00,0,486242,518301,99944315000,86327367000,-95948075,78322083,92640878,-14318795,319949488,401578768,-81629280,535741248,523139232,12602016,613717440,530371376,83346064,-6.07,-0.91,-5.17,0.80,5.27,0,4,0,4,0,0,0,65.06,0.00,0.00,0.00,,0.00,,0.00,EastMoney,2026-09-02T18:50:37+08:00
BK1124,2026-09-02T00:00:00Z,217960,219262,220896,217023,220408,-1146,-0.52,11147413,41323603315,2.95,0.88,0.00,0,5441604,5705809,1240826672000,1113961712000,-821677568,4933946112,5302796032,-368849920,9389960192,9842787840,-452827648,12495118080,12561022208,-65904128,13028630272,12122188800,906441472,-1.99,-0.89,-1.10,-0.16,2.19,0,55,14,40,1,0,0,38.12,0.00,0.00,0.00,,0.00,,0.00,EastMoney,2026-09-02T18:50:37+08:00
BK1125,2026-09-02T00:00:00Z,163539,163779,164652,162379,165157,-1378,-0.83,3862891,7324512570,2.26,0.91,0.00,0,1638924,2223967,336380560000,279079328000,-415294848,487364896,772511776,-285146880,1516911104,1647059072,-130147968,2193290384,2163142016,30148368,2963638288,2578491824,385146464,-5.67,-3.89,-1.78,0.41,5.26,0,26,6,18,2,0,0,3010.00,0.00,0.00,0.00,,0.00,,0.00,EastMoney,2026-09-02T18:50:37+08:00
BK1126,2026-09-02T00:00:00Z,196496,195072,197487,193859,198589,-3517,-1.77,25247804,39793363041,3.89,0.96,0.00,0,11119683,14128122,1123344512000,980385776000,-4169972208,3290294288,5151288064,-1860993776,8143752192,10452730624,-2308978432,12738880512,12630334464,108546048,14670545664,10609119488,4061426176,-10.48,-4.68,-5.80,0.27,10.21,0,62,5,57,0,0,0,144.32,0.00,0.00,0.00,,0.00,,0.00,EastMoney,2026-09-02T18:50:37+08:00
BK1127,2026-09-02T00:00:00Z,186620,186691,188136,185126,188810,-2119,-1.12,9046562,39509487823,2.05,0.91,0.00,0,3937699,5108863,2834783328000,2229317232000,-1442364160,5704560896,6911994624,-1207433728,13732093696,13967024128,-234930432,10966886144,10444706560,522179584,8313659392,7393403392,920256000,-3.65,-3.06,-0.59,1.32,2.33,0,39,5,34,0,0,0,119.43,0.00,0.00,0.00,,0.00,,0.00,EastMoney,2026-09-02T18:50:37+08:00
BK1128,2026-09-02T00:00:00Z,866256,866446,875150,859588,879881,-13435,-1.53,25182290,176626085908,2.72,0.75,0.00,0,11903036,13279254,7231150592000,6536980224000,-9036623104,27965396992,32467601152,-4502204160,45123465472,49657884416,-4534418944,56220332288,52938709504,3281622784,43415417088,37645323776,5770093312,-5.12,-2.55,-2.57,1.86,3.27,0,82,13,69,0,0,0,49.82,0.00,0.00,0.00,,0.00,,0.00,EastMoney,2026-09-02T18:50:37+08:00
BK1129,2026-09-02T00:00:00Z,98138,97916,98557,97138,98915,-999,-1.01,4507313,4041278976,3.72,0.86,0.00,0,2085937,2421376,98455890000,92153970000,-282163832,198625816,311049456,-112423640,759474912,929215104,-169740192,1309453136,1365372128,-55918992,1689504608,1351421776,338082832,-6.98,-2.78,-4.20,-1.38,8.37,0,18,3,12,3,0,0,-20.35,0.00,0.00,0.00,,0.00,,0.00,EastMoney,2026-09-02T18:50:37+08:00
BK1130,2026-09-02T00:00:00Z,138636,140266,141093,138491,140229,37,0.03,5210960,7195708811,3.22,1.20,0.00,0,2510211,2700748,277818464000,251705246000,-338255456,474080144,611038464,-136958320,1434399616,1635696752,-201297136,2342672384,2222613280,120059104,2741677008,2523271120,218405888,-4.70,-1.90,-2.80,1.67,3.04,0,28,10,18,0,0,0,-249.47,0.00,0.00,0.00,,0.00,,0.00,EastMoney,2026-09-02T18:50:37+08:00
BK1131,2026-09-02T00:00:00Z,203627,203443,204375,201674,205000,-1557,-0.76,599941,1037616140,1.24,0.66,0.00,0,283008,316934,88382394000,84972477000,-53869383,39174951,62605166,-23430215,201203571,231642739,-30439168,305358032,331684544,-26326512,469511344,389315456,80195888,-5.19,-2.26,-2.93,-2.54,7.73,0,7,0,6,1,0,0,40.15,0.00,0.00,0.00,,0.00,,0.00,EastMoney,2026-09-02T18:50:37+08:00
BK1132,2026-09-02T00:00:00Z,103428,103334,104022,102700,104705,-1371,-1.31,1332801,2467431157,2.04,0.74,0.00,0,602773,730028,137610713000,134265318000,-228945487,116639014,159169669,-42530655,458788224,645203056,-186414832,885370656,818037216,67333440,964259872,802647824,161612048,-9.28,-1.72,-7.56,2.73,6.55,0,10,2,7,1,0,0,58.71,0.00,0.00,0.00,,0.00,,0.00,EastMoney,2026-09-02T18:50:37+08:00
BK1133,2026-09-02T00:00:00Z,134219,133232,134285,132406,135283,-2051,-1.52,3170298,5350346041,2.22,0.72,0.00,0,1436240,1734058,243585369000,214066364000,-599756935,211714249,454887008,-243172759,935067024,1291651200,-356584176,1675862368,1699853248,-23990880,2395277744,1771978320,623299424,-11.21,-4.54,-6.66,-0.45,11.65,0,23,4,19,0,0,0,73.76,0.00,0.00,0.00,,0.00,,0.00,EastMoney,2026-09-02T18:50:37+08:00
BK1134,2026-09-02T00:00:00Z,191014,191882,192931,189814,193030,-1148,-0.59,67330195,189500434033,1.82,0.99,0.00,0,31555238,35774958,11934252288000,8752547840000,-8255174656,28138294528,32301785856,-4163491328,49149672448,53241355776,-4091683328,59529713408,56430512640,3099200768,48460536064,43211421184,5249114880,-4.36,-2.20,-2.16,1.64,2.77,0,239,70,161,8,0,0,37.34,0.00,0.00,0.00,,0.00,,0.00,EastMoney,2026-09-02T18:50:37+08:00
BK1135,2026-09-02T00:00:00Z,114214,113879,114459,113151,115272,-1393,-1.21,36096151,48214103676,2.36,0.98,0.00,0,16045567,20050584,1975993504000,1718863536000,-4302559568,3516141488,5737088000,-2220946512,9413079296,11494692352,-2081613056,15559113728,15086585344,472528384,18357883904,14500339712,3857544192,-8.92,-4.61,-4.32,0.98,8.00,0,168,31,134,3,0,0,59.75,0.00,0.00,0.00,,0.00,,0.00,EastMoney,2026-09-02T18:50:37+08:00
BK1136,2026-09-02T00:00:00Z,377422,379919,383026,375094,383194,-3275,-0.85,28916067,169644589365,3.79,0.82,0.00,0,13932874,14983193,6114365696000,5244624384000,-6430453504,27018044928,30456141824,-3438096896,43549150464,46541507072,-2992356608,54490261248,51896166144,2594095104,40677039104,36770064384,3906974720,-3.79,-2.03,-1.76,1.53,2.30,0,104,29,75,0,0,0,62.89,0.00,0.00,0.00,,0.00,,0.00,EastMoney,2026-09-02T18:50:37+08:00
BK1137,2026-09-02T00:00:00Z,286384,287148,289495,284594,290981,-3833,-1.32,27894639,162535879458,2.99,0.76,0.00,0,13186933,14707705,11927163648000,6348664064000,-7004465664,22613249536,26549258240,-3936008704,39030753536,42099210496,-3068456960,56745403136,54949872896,1795530240,40163838976,34922584320,5241254656,-4.31,-2.42,-1.89,1.10,3.22,0,141,22,117,2,0,0,59.62,0.00,0.00,0.00,,0.00,,0.00,EastMoney,2026-09-02T18:50:37+08:00
BK1138,2026-09-02T00:00:00Z,210218,212834,214378,208996,212459,375,0.18,54000841,152232524644,3.17,0.95,0.00,0,25773046,28227794,7058945536000,6425185280000,1204366848,20468106752,19514591232,953515520,35812113664,35561262336,250851328,46942639872,47866892288,-924252416,45430031360,45586616320,-156584960,0.79,0.63,0.16,-0.61,-0.10,0,170,72,94,4,0,0,31.23,0.00,0.00,0.00,,0.00,,0.00,EastMoney,2026-09-02T18:50:37+08:00
BK1139,2026-09-02T00:00:00Z,119911,118864,120008,118733,120079,-1215,-1.01,61001235,58968188181,0.30,0.97,0.00,0,27684240,33316996,26786960128000,16426648320000,-2240032000,8558791424,10380920064,-1822128640,13718522112,14136425472,-417903360,17443216640,17141404416,301812224,18178394624,16240174848,1938219776,-3.80,-3.09,-0.71,0.51,3.29,0,81,16,62,3,0,0,10.50,0.00,0.00,0.00,,0.00,,0.00,EastMoney,2026-09-02T18:50:37+08:00
BK1141,2026-09-02T00:00:00Z,187441,188256,189598,186752,189441,-1185,-0.63,19338663,29577204224,2.68,0.87,0.00,0,8362601,10976062,1545734496000,1376150160000,-228117984,3592797232,3938469136,-345671904,6955962112,6838408192,117553920,9342984448,9108516096,234468352,9127153920,9133504256,-6350336,-0.77,-1.17,0.40,0.79,-0.02,0,34,14,20,0,0,0,35.79,0.00,0.00,0.00,,0.00,,0.00,EastMoney,2026-09-02T18:50:37+08:00
BK1142,2026-09-02T00:00:00Z,122727,121985,122868,121338,123669,-1684,-1.36,12623373,9096654767,2.40,0.83,0.00,0,5092055,7531318,363928592000,337656880000,-612513472,1292696704,1714149104,-421452400,1810323184,2001384256,-191061072,2620596000,2455435904,165160096,3133407104,2686053744,447353360,-6.73,-4.63,-2.10,1.82,4.92,0,24,3,20,1,0,0,49.76,0.00,0.00,0.00,,0.00,,0.00,EastMoney,2026-09-02T18:50:37+08:00
BK1143,2026-09-02T00:00:00Z,150478,150552,151324,148992,151546,-994,-0.66,2806610,6059188699,2.36,0.96,0.00,0,1289490,1517120,165521348000,140401858000,-228117216,413104368,459718160,-46613792,1261647072,1443150496,-181503424,1893750096,1934087376,-40337280,2340486960,2071822944,268664016,-3.76,-0.77,-3.00,-0.67,4.43,0,24,6,16,2,0,0,-645.07,0.00,0.00,0.00,,0.00,,0.00,EastMoney,2026-09-02T18:50:37+08:00
BK1144,2026-09-02T00:00:00Z,148556,148839,149326,146951,149545,-706,-0.47,9617951,22449729673,2.74,1.03,0.00,0,4779035,4838916,779480832000,695070160000,-1319930512,1844545616,2429436640,-584891024,4844809216,5579848704,-735039488,7123755776,6673764096,449991680,8107417088,7237478400,869938688,-5.88,-2.61,-3.27,2.00,3.88,0,60,20,37,3,0,0,47.71,0.00,0.00,0.00,,0.00,,0.00,EastMoney,2026-09-02T18:50:37+08:00
BK1145,2026-09-02T00:00:00Z,197903,198512,199524,196351,199629,-1117,-0.56,3011895,8891386618,1.57,0.89,0.00,0,1493335,1518560,640413216000,584733248000,-278561872,693422192,784211920,-90789728,1802947056,1990719200,-187772144,3195603888,3143448928,52154960,3004496720,2778089808,226406912,-3.13,-1.02,-2.11,0.59,2.55,0,36,11,23,2,0,0,46.97,0.00,0.00,0.00,,0.00,,0.00,EastMoney,2026-09-02T18:50:37+08:00
BK1146,2026-09-02T00:00:00Z,124729,123181,124729,122886,125317,-2136,-1.70,6188396,14295882687,1.95,0.75,0.00,0,2648455,3539941,915277552000,823600544000,-603121984,950928144,1411856432,-460928288,3176089792,3318283488,-142193696,4935845376,4519790080,416055296,4902501120,4706852864,195648256,-4.22,-3.22,-0.99,2.91,1.37,0,43,6,37,0,0,0,110.19,0.00,0.00,0.00,,0.00,,0.00,EastMoney,2026-09-02T18:50:37+08:00
BK1147,2026-09-02T00:00:00Z,100387,98592,100528,98535,100658,-2066,-2.05,1779249,1927808161,1.48,0.73,0.00,0,741224,1038025,145726551000,116450369000,-112944876,55821307,107636295,-51814988,294460976,355590864,-61129888,615884736,619331232,-3446496,912542368,796150992,116391376,-5.86,-2.69,-3.17,-0.18,6.04,0,14,1,13,0,0,0,24.19,0.00,0.00,0.00,,0.00,,0.00,EastMoney,2026-09-02T18:50:37+08:00
BK1148,2026-09-02T00:00:00Z,124754,124435,125388,122985,125437,-1002,-0.80,5519209,12140090940,1.46,0.77,0.00,0,2275580,3243628,579049680000,556427680000,-353272832,1731920992,1809702896,-77781904,2803849072,3079340000,-275490928,4500880384,4531294976,-30414592,2825818096,2412097312,413720784,-2.91,-0.64,-2.27,-0.25,3.41,0,27,8,18,1,0,0,-21.69,0.00,0.00,0.00,,0.00,,0.00,EastMoney,2026-09-02T18:50:37+08:00
BK1150,2026-09-02T00:00:00Z,147372,147938,148685,146480,148659,-721,-0.49,14192257,32781941630,1.46,0.89,0.00,0,6674202,7518055,2907302464000,2683681152000,-1184066656,2809462640,3267946192,-458483552,6786947328,7512530432,-725583104,10305259264,10243875072,61384192,12025741568,10886837504,1138904064,-3.61,-1.40,-2.21,0.19,3.47,0,107,31,73,3,0,0,36.58,0.00,0.00,0.00,,0.00,,0.00,EastMoney,2026-09-02T18:50:37+08:00
BK1151,2026-09-02T00:00:00Z,123425,121681,124023,121497,124139,-2458,-1.98,31071984,35476621525,4.75,1.23,0.00,0,13589846,17482138,625082144000,567253616000,-3174944752,3752309776,5387946752,-1635636976,7170776832,8710084608,-1539307776,10694966784,10906825472,-211858688,12573954560,9187151360,3386803200,-8.95,-4.61,-4.34,-0.60,9.55,0,46,5,41,0,0,0,497.74,0.00,0.00,0.00,,0.00,,0.00,EastMoney,2026-09-02T18:50:37+08:00
BK1152,2026-09-02T00:00:00Z,252512,253782,256585,251103,256897,-3115,-1.21,3668002,37763750345,2.98,0.71,0.00,0,1803792,1864210,2125348080000,1940109440000,-1389200896,4760210688,5327136000,-566925312,9569626880,10391902464,-822275584,16490360320,15373916928,1116443392,6120565760,5845567488,274998272,-3.68,-1.50,-2.18,2.96,0.73,0,28,5,23,0,0,0,92.82,0.00,0.00,0.00,,0.00,,0.00,EastMoney,2026-09-02T18:50:37+08:00
BK1153,2026-09-02T00:00:00Z,124522,124484,125446,123474,125491,-1007,-0.80,22474235,36961821404,3.92,1.12,0.00,0,10038840,12435395,1134619584000,946347024000,-3190766944,3343161760,5012425984,-1669264224,7449215232,8970717952,-1521502720,11388856832,11256898048,131958784,13315217408,10191873536,3123343872,-8.63,-4.52,-4.12,0.36,8.45,0,73,15,58,0,0,0,54.62,0.00,0.00,0.00,,0.00,,0.00,EastMoney,2026-09-02T18:50:37+08:00
BK1155,2026-09-02T00:00:00Z,159647,160775,161469,158649,160960,-185,-0.11,15396759,52568192954,1.78,0.88,0.00,0,7314884,8081875,4365067776000,3473030064000,-1791597568,7447538688,7775828480,-328289792,12293039616,13756347392,-1463307776,15492450048,15491026944,1423104,15962638080,14155624192,1807013888,-3.41,-0.62,-2.78,0.00,3.44,0,108,40,62,6,0,0,26.07,0.00,0.00,0.00,,0.00,,0.00,EastMoney,2026-09-02T18:50:37+08:00
BK1156,2026-09-02T00:00:00Z,178781,179583,180663,177661,180086,-503,-0.28,8152465,25768490432,2.97,0.97,0.00,0,4022362,4130104,855909184000,696433280000,64469840,4270470192,3820924384,449545808,5816916736,6201992704,-385075968,7600342272,7911013632,-310671360,7414821376,7161165056,253656320,0.25,1.74,-1.49,-1.21,0.98,0,47,14,32,1,0,0,38.12,0.00,0.00,0.00,,0.00,,0.00,EastMoney,2026-09-02T18:50:37+08:00
BK1157,2026-09-02T00:00:00Z,197922,199642,200647,196686,199047,595,0.30,11057483,22108289970,1.79,0.92,0.00,0,5246643,5810840,1058335824000,919172896000,211805696,1999563760,1916706800,82856960,4922848000,4793899264,128948736,6940698112,6904245760,36452352,7606691328,7810723072,-204031744,0.96,0.37,0.58,0.16,-0.92,0,85,32,50,3,0,0,171.56,0.00,0.00,0.00,,0.00,,0.00,EastMoney,2026-09-02T18:50:37+08:00
BK1158,2026-09-02T00:00:00Z,376385,376075,377599,371316,377860,-1785,-0.47,23851617,20559042844,2.86,1.05,0.00,0,11177638,12673979,884015648000,772672144000,-94503856,794154096,724449952,69704144,2570255584,2734463584,-164208000,5871370240,5989946368,-118576128,10863446528,10650366720,213079808,-0.46,0.34,-0.80,-0.58,1.04,0,400,109,281,10,0,0,-51.88,0.00,0.00,0.00,,0.00,,0.00,EastMoney,2026-09-02T18:50:37+08:00
BK1160,2026-09-02T00:00:00Z,224628,224705,226241,223502,227090,-2385,-1.05,32365218,56136543681,2.74,0.88,0.00,0,13981283,18383935,1936922496000,1733130736000,-1777154816,6352036608,7528297216,-1176260608,12243593216,12844487424,-600894208,17552604928,16862829824,689775104,18722315008,17634935296,1087379712,-3.17,-2.10,-1.07,1.23,1.94,0,89,18,71,0,0,0,74.40,0.00,0.00,0.00,,0.00,,0.00,EastMoney,2026-09-02T18:50:37+08:00
BK1161,2026-09-02T00:00:00Z,221001,222740,224356,220318,224089,-1349,-0.60,15961280,72667483173,2.59,0.84,0.00,0,7527304,8433975,3418841264000,2974401664000,-688401408,10641213696,10931917056,-290703360,17610997760,18008695808,-397698048,22960684544,23200907520,-240222976,19602058496,18658341120,943717376,-0.95,-0.40,-0.55,-0.33,1.30,0,66,21,44,1,0,0,41.96,0.00,0.00,0.00,,0.00,,0.00,EastMoney,2026-09-02T18:50:37+08:00
BK1162,2026-09-02T00:00:00Z,193204,192073,193753,191330,194775,-2702,-1.39,6948499,22384095141,2.71,1.15,0.00,0,3276626,3671872,1071904272000,948444800000,-1472306560,2901183328,3842226912,-941043584,5090293248,5621556224,-531262976,7459536896,6691173632,768363264,6349598720,5645655552,703943168,-6.58,-4.20,-2.37,3.43,3.14,0,30,6,24,0,0,0,31.51,0.00,0.00,0.00,,0.00,,0.00,EastMoney,2026-09-02T18:50:37+08:00
BK1163,2026-09-02T00:00:00Z,234339,235219,236394,232611,236533,-1314,-0.56,30614936,50028346741,1.48,0.87,0.00,0,13906104,16708832,2306183664000,2096180048000,-221542656,6623078656,6188339456,434739200,10601477376,11257759232,-656281856,16096553472,16117421312,-20867840,15604021248,15340590336,263430912,-0.44,0.87,-1.31,-0.04,0.53,0,90,26,61,3,0,0,35.88,0.00,0.00,0.00,,0.00,,0.00,EastMoney,2026-09-02T18:50:37+08:00
BK1164,2026-09-02T00:00:00Z,262555,264497,266768,262379,265439,-942,-0.35,10589454,40940824237,2.15,0.92,0.00,0,5021608,5567846,2398326608000,1968934720000,-625716480,4392514560,4878764544,-486249984,9990646016,10130112512,-139466496,14558848512,14136506624,422341888,10904700672,10654111232,250589440,-1.53,-1.19,-0.34,1.03,0.61,0,50,17,33,0,0,0,31.39,0.00,0.00,0.00,,0.00,,0.00,EastMoney,2026-09-02T18:50:37+08:00
BK1166,2026-09-02T00:00:00Z,158727,159655,160493,157927,159788,-133,-0.08,51915552,81225302719,1.98,1.06,0.00,0,24137576,27777976,4153537200000,3624569728000,-520856832,6859516416,7397410048,-537893632,17484048640,17467011840,17036800,25520224768,25300597504,219627264,28810316800,28361696256,448620544,-0.64,-0.66,0.02,0.27,0.55,0,306,114,185,7,0,0,78.89,0.00,0.00,0.00,,0.00,,0.00,EastMoney,2026-09-02T18:50:37+08:00
BK1168,2026-09-02T00:00:00Z,260874,265447,266894,259606,263731,1716,0.65,11547242,34102823402,3.53,0.93,0.00,0,5668103,5879140,1300486288000,1207236992000,1467764496,5299798272,3916738032,1383060240,7783110400,7698406144,84704256,10320707840,10698140160,-377432320,9660977152,10721604096,-1060626944,4.30,4.06,0.25,-1.11,-3.11,0,40,17,22,1,0,0,43.25,0.00,0.00,0.00,,0.00,,0.00,EastMoney,2026-09-02T18:50:37+08:00
BK1169,2026-09-02T00:00:00Z,107689,106573,108427,106240,108872,-2299,-2.11,5229255,12750670788,3.43,0.89,0.00,0,2422308,2806947,439253936000,412402928000,-1251268672,1114094608,1553110896,-439016288,2563447792,3375700176,-812252384,4235085792,4351080704,-115994912,4490171136,3122907600,1367263536,-9.81,-3.44,-6.37,-0.91,10.72,0,17,1,16,0,0,0,26.84,0.00,0.00,0.00,,0.00,,0.00,EastMoney,2026-09-02T18:50:37+08:00
BK1170,2026-09-02T00:00:00Z,134022,132947,134022,132238,134488,-1541,-1.15,10797674,26907556733,1.93,0.81,0.00,0,4639214,6158460,1106972640000,968773248000,734946160,3651354416,3160041664,491312752,6216165376,5972531968,243633408,8204909824,8177416448,27493376,8344558336,9098377984,-753819648,2.73,1.83,0.91,0.10,-2.80,0,76,13,63,0,0,0,66.13,0.00,0.00,0.00,,0.00,,0.00,EastMoney,2026-09-02T18:50:37+08:00
BK1171,2026-09-02T00:00:00Z,165347,167323,167978,164540,166111,1212,0.73,9555633,15095552831,2.56,1.14,0.00,0,4562701,4992932,548759680000,482903696000,700347936,2079736624,1504131040,575605584,3171002304,3046259952,124742352,4492294144,4745243648,-252949504,4999625472,5426392064,-426766592,4.64,3.81,0.83,-1.68,-2.83,0,44,22,21,1,0,0,51.59,0.00,0.00,0.00,,0.00,,0.00,EastMoney,2026-09-02T18:50:37+08:00
BK1172,2026-09-02T00:00:00Z,105401,103876,106105,103792,106420,-2544,-2.39,24228447,28300780708,5.61,1.27,0.00,0,10500097,13728350,451186400000,409365904000,-2636859808,3045529952,4641200896,-1595670944,5706302464,6747491328,-1041188864,8436438016,8459810304,-23372288,10031359488,7371127296,2660232192,-9.32,-5.64,-3.68,-0.08,9.40,0,37,4,33,0,0,0,125.11,0.00,0.00,0.00,,0.00,,0.00,EastMoney,2026-09-02T18:50:37+08:00
BK1173,2026-09-02T00:00:00Z,190699,188136,190699,186217,192868,-4732,-2.45,15367594,43864662911,1.92,0.99,0.00,0,6592089,8775505,3811260976000,3391663312000,-3672397824,5923523840,7360307456,-1436783616,10511740160,12747354368,-2235614208,12805933056,12308084480,497848576,13660571904,10486022656,3174549248,-8.37,-3.28,-5.10,1.13,7.24,0,39,2,36,1,0,0,17.87,0.00,0.00,0.00,,0.00,,0.00,EastMoney,2026-09-02T18:50:37+08:00
BK1174,2026-09-02T00:00:00Z,128902,128495,128932,127744,129424,-929,-0.72,19260009,29015411335,2.53,0.85,0.00,0,8520047,10739961,1450728608000,1218653104000,36608288,2266314752,2158330080,107984672,6100060416,6171436800,-71376384,9566828800,9139990784,426838016,10282635520,10613447168,-330811648,0.13,0.37,-0.25,1.47,-1.14,0,124,29,95,0,0,0,52.69,0.00,0.00,0.00,,0.00,,0.00,EastMoney,2026-09-02T18:50:37+08:00
BK1175,2026-09-02T00:00:00Z,257271,257898,260019,255859,260981,-3083,-1.18,24150507,49890598636,2.51,0.81,0.00,0,10295467,13855040,1860462208000,1714702544000,-1992381184,5331283968,6798213632,-1466929664,10730517504,11255969024,-525451520,15663165440,15124955136,538210304,16805919488,15340316160,1465603328,-3.99,-2.94,-1.05,1.08,2.94,0,60,9,51,0,0,0,51.79,0.00,0.00,0.00,,0.00,,0.00,EastMoney,2026-09-02T18:50:37+08:00
BK1176,2026-09-02T00:00:00Z,161961,161762,162757,160563,163694,-1932,-1.18,7334580,11635439053,2.60,0.82,0.00,0,3389927,3944654,430166576000,389836272000,-993380720,589992144,843951360,-253959216,2161368032,2900789536,-739421504,3714201440,3746696320,-32494880,4852233472,3821858656,1030374816,-8.54,-2.18,-6.35,-0.28,8.86,0,41,6,34,1,0,0,-125.38,0.00,0.00,0.00,,0.00,,0.00,EastMoney,2026-09-02T18:50:37+08:00
BK1177,2026-09-02T00:00:00Z,225753,225575,227101,224507,228327,-2752,-1.21,20399455,40038326031,2.71,0.83,0.00,0,8809385,11590070,4984819456000,1325613264000,-1962988544,6803627008,8211309568,-1407682560,9499061504,10054367488,-555305984,11533130752,11199581952,333548800,11149986048,9520546304,1629439744,-4.90,-3.52,-1.39,0.83,4.07,0,55,13,42,0,0,0,48.91,0.00,0.00,0.00,,0.00,,0.00,EastMoney,2026-09-02T18:50:37+08:00
BK1178,2026-09-02T00:00:00Z,226576,227540,229237,226322,228892,-1352,-0.59,28076223,90800978877,2.36,0.93,0.00,0,13142120,14934103,3916874352000,3493510544000,-1653609728,11150168320,12177981696,-1027813376,21516876800,22142673152,-625796352,28472692992,27893962752,578730240,27541766656,26434981888,1106784768,-1.82,-1.13,-0.69,0.64,1.22,0,137,40,94,3,0,0,38.99,0.00,0.00,0.00,,0.00,,0.00,EastMoney,2026-09-02T18:50:37+08:00
BK1179,2026-09-02T00:00:00Z,135829,135506,136249,134470,136693,-1187,-0.87,6340919,4641286180,2.01,0.96,0.00,0,2758333,3582586,237120130000,215924968000,-229058246,205329642,321195440,-115865798,830070848,943263296,-113192448,1551564128,1450318352,101245776,1929599216,1803340880,126258336,-4.94,-2.50,-2.44,2.18,2.72,0,40,9,29,2,0,0,-676.66,0.00,0.00,0.00,,0.00,,0.00,EastMoney,2026-09-02T18:50:37+08:00
BK1180,2026-09-02T00:00:00Z,200812,201604,203050,199575,203268,-1664,-0.82,9932639,33411536643,3.79,0.82,0.00,0,4508324,5424314,1372787216000,1302778256000,-712356208,3500669984,3577639824,-76969840,7322859264,7958245632,-635386368,12540758272,12921022976,-380264704,9105027072,7995191296,1109835776,-2.13,-0.23,-1.90,-1.14,3.32,0,46,9,36,1,0,0,145.93,0.00,0.00,0.00,,0.00,,0.00,EastMoney,2026-09-02T18:50:37+08:00
BK1181,2026-09-02T00:00:00Z,131300,131456,132039,130391,132248,-792,-0.60,33993119,67485516367,1.88,0.97,0.00,0,15473973,18519146,3589388000000,2674024256000,397525248,8444056320,7690117120,753939200,15582133248,15938547200,-356413952,22136198400,22490668800,-354470400,19853065728,19885209600,-32143872,0.59,1.12,-0.53,-0.53,-0.05,0,161,48,109,4,0,0,28.96,0.00,0.00,0.00,,0.00,,0.00,EastMoney,2026-09-02T18:50:37+08:00
BK1182,2026-09-02T00:00:00Z,114204,114229,115038,113459,115477,-1248,-1.08,11651139,15768933460,4.64,0.93,0.00,0,5279895,6371244,646827216000,354815216000,-1269278560,1055063984,1608792112,-553728128,3199183200,3914733632,-715550432,5035863808,5165136640,-129272832,5703397376,4231333200,1472064176,-8.05,-3.51,-4.54,-0.82,9.34,0,35,8,27,0,0,0,121.25,0.00,0.00,0.00,,0.00,,0.00,EastMoney,2026-09-02T18:50:37+08:00
BK1183,2026-09-02T00:00:00Z,103839,103094,104203,102675,104258,-1164,-1.12,34308287,23187779141,4.79,1.40,0.00,0,15396460,18911827,585958288000,533218288000,-1644385136,1866446560,2582699856,-716253296,4526340352,5454472192,-928131840,7023560448,7003498240,20062208,8829117696,7174583808,1654533888,-7.09,-3.09,-4.00,0.09,7.14,0,80,15,62,3,0,0,-124684.06,0.00,0.00,0.00,,0.00,,0.00,EastMoney,2026-09-02T18:50:37+08:00
BK1184,2026-09-02T00:00:00Z,166311,166907,167817,165120,167838,-931,-0.55,41928265,113830428559,1.95,0.90,0.00,0,19427093,22501171,6769025792000,5302875648000,-2948253952,13487102720,14968253184,-1481150464,24888318720,26355422208,-1467103488,35750610432,35002539520,748070912,36911829248,34638472704,2273356544,-2.59,-1.30,-1.29,0.66,2.00,0,292,80,206,6,0,0,46.00,0.00,0.00,0.00,,0.00,,0.00,EastMoney,2026-09-02T18:50:37+08:00
BK1185,2026-09-02T00:00:00Z,97683,97779,98081,96359,97997,-218,-0.22,9770437,8985916757,2.47,1.08,0.00,0,4492574,5277863,305107680000,283654304000,-75661200,848507008,707140448,141366560,1847457920,2064485680,-217027760,2845545168,2914543952,-68998784,3283826752,3139166768,144659984,-0.84,1.57,-2.42,-0.77,1.61,0,42,13,26,3,0,0,-13.34,0.00,0.00,0.00,,0.00,,0.00,EastMoney,2026-09-02T18:50:37+08:00
BK1186,2026-09-02T00:00:00Z,102258,101590,102547,101015,102857,-1267,-1.23,10692991,8394943823,2.61,1.04,0.00,0,4699807,5993185,306233552000,275596640000,-313782928,399759344,532888112,-133128768,1557907344,1738561504,-180654160,2617233040,2684674032,-67440992,3613883872,3230674736,383209136,-3.74,-1.59,-2.15,-0.80,4.56,0,41,8,30,3,0,0,-64.18,0.00,0.00,0.00,,0.00,,0.00,EastMoney,2026-09-02T18:50:37+08:00
BK1187,2026-09-02T00:00:00Z,120269,119695,120823,118933,121417,-1722,-1.42,28456504,30394599442,4.85,1.09,0.00,0,12248232,16208272,819807232000,598642448000,-1924596208,2615984160,3463764496,-847780336,6045758720,7122574592,-1076815872,9556913408,9798035200,-241121792,11397269504,9229566464,2167703040,-6.33,-2.79,-3.54,-0.79,7.13,0,76,12,61,3,0,0,106.01,0.00,0.00,0.00,,0.00,,0.00,EastMoney,2026-09-02T18:50:37+08:00
BK1188,2026-09-02T00:00:00Z,125462,125233,125906,124377,126627,-1394,-1.10,57508566,104802647655,2.71,0.94,0.00,0,26017585,31490981,4725768192000,3839927184000,-3911627008,11105762048,12658019328,-1552257280,23167984896,25527354624,-2359369728,33582370560,33661223168,-78852608,34035712768,29931904512,4103808256,-3.73,-1.48,-2.25,-0.08,3.92,0,261,42,214,5,0,0,72.54,0.00,0.00,0.00,,0.00,,0.00,EastMoney,2026-09-02T18:50:37+08:00
BK1189,2026-09-02T00:00:00Z,104180,104011,104890,103400,105566,-1555,-1.47,4263920,14790359620,2.39,0.76,0.00,0,1949384,2314536,613554384000,499279104000,-410637696,1501928128,1556536304,-54608176,3432272416,3788301936,-356029520,4667478016,4827498752,-160020736,4878500608,4307842048,570658560,-2.78,-0.37,-2.41,-1.08,3.86,0,20,4,16,0,0,0,61.76,0.00,0.00,0.00,,0.00,,0.00,EastMoney,2026-09-02T18:50:37+08:00
BK1190,2026-09-02T00:00:00Z,135341,134490,135980,133400,136457,-1967,-1.44,6083216,18525269738,2.75,0.80,0.00,0,2733330,3349885,641197168000,515785072000,-2690733600,2064890768,3284061056,-1219170288,4074384080,5545947392,-1471563312,6005518592,5419076352,586442240,5894411008,3785298272,2109112736,-14.52,-6.58,-7.94,3.17,11.39,0,16,3,13,0,0,0,34.15,0.00,0.00,0.00,,0.00,,0.00,EastMoney,2026-09-02T18:50:37+08:00
BK1192,2026-09-02T00:00:00Z,119797,119666,120082,118611,120569,-903,-0.75,22276994,19842349553,1.03,0.94,0.00,0,8718491,13558503,1757085120000,1456563120000,370170064,3219702048,2591330512,628371536,4019474800,4277676272,-258201472,5714674432,5934372352,-219697920,6400740864,6539128576,-138387712,1.87,3.17,-1.30,-1.11,-0.70,0,55,10,44,1,0,0,16.08,0.00,0.00,0.00,,0.00,,0.00,EastMoney,2026-09-02T18:50:37+08:00
BK1193,2026-09-02T00:00:00Z,96334,95338,96334,94859,96572,-1234,-1.28,42934297,23978400140,1.93,1.11,0.00,0,18798187,24136110,1290963776000,1141675296000,-1549895296,1991770464,2899528160,-907757696,5047780608,5689918208,-642137600,7439840000,7296125184,143714816,8696964096,7284974080,1411990016,-6.46,-3.79,-2.68,0.60,5.89,0,87,16,69,2,0,0,37.96,0.00,0.00,0.00,,0.00,,0.00,EastMoney,2026-09-02T18:50:37+08:00
BK1197,2026-09-02T00:00:00Z,105023,102714,105046,102341,104949,-2235,-2.13,68990379,56903692514,1.50,1.06,0.00,0,28837051,40153329,5111522048000,4334196224000,-3026441216,4768417024,6701969408,-1933552384,12180610560,13273499392,-1092888832,17592758784,17407804672,184954112,21235331072,18383791872,2851539200,-5.32,-3.40,-1.92,0.33,5.01,0,158,10,143,5,0,0,57.54,0.00,0.00,0.00,,0.00,,0.00,EastMoney,2026-09-02T18:50:37+08:00
BK1198,2026-09-02T00:00:00Z,106250,105787,106331,105248,107019,-1232,-1.15,21093775,63958117646,1.86,0.98,0.00,0,9863727,11230048,3893895680000,3278341248000,-1439859968,8132101888,9223714560,-1091612672,15545350400,15893597696,-348247296,20025785856,19944936704,80849152,18962519040,17603508224,1359010816,-2.25,-1.71,-0.54,0.13,2.12,0,90,22,67,1,0,0,10.39,0.00,0.00,0.00,,0.00,,0.00,EastMoney,2026-09-02T18:50:37+08:00
BK1199,2026-09-02T00:00:00Z,118702,118682,120136,117875,119619,-937,-0.78,990821,1695770590,2.75,0.64,0.00,0,446287,544534,61807507000,59318669000,-56356468,77045603,124084951,-47039348,357330752,366647872,-9317120,537866400,515111696,22754704,644139216,600922368,43216848,-3.32,-2.77,-0.55,1.34,2.55,0,8,1,7,0,0,0,55.00,0.00,0.00,0.00,,0.00,,0.00,EastMoney,2026-09-02T18:50:37+08:00
BK1200,2026-09-02T00:00:00Z,593797,595255,598040,588805,597983,-2728,-0.46,61047900,123278391432,2.01,0.90,0.00,0,27865300,33182600,7376686592000,6546390272000,-3732158208,11956221696,12583385856,-627164160,25188158720,28293152768,-3104994048,38375534592,38173984000,201550592,44272284160,40493596928,3778687232,-3.03,-0.51,-2.52,0.16,3.07,0,412,135,270,7,0,0,46.22,0.00,0.00,0.00,,0.00,,0.00,EastMoney,2026-09-02T18:50:37+08:00
BK1201,2026-09-02T00:00:00Z,1301270,1306574,1316350,1296404,1317886,-11312,-0.86,94257085,385934223304,2.58,0.83,0.00,0,43541043,50716042,23646295296000,15983364864000,-15068273664,46915397632,55973426176,-9058028544,95986085888,101996331008,-6010245120,128248303616,123282493440,4965810176,105554198528,95162789888,10391408640,-3.90,-2.35,-1.56,1.29,2.69,0,521,120,398,3,0,0,66.04,0.00,0.00,0.00,,0.00,,0.00,EastMoney,2026-09-02T18:50:37+08:00
BK1202,2026-09-02T00:00:00Z,197783,197552,198439,194349,198963,-1411,-0.71,47559380,19506860827,2.27,1.02,0.00,0,22040297,25519082,928420976000,876956816000,-188486272,1821534912,1842357312,-20822400,4328416256,4496080128,-167663872,5957664000,5914506752,43157248,6839231232,6693902336,145328896,-0.97,-0.11,-0.86,0.22,0.75,0,105,22,79,4,0,0,-4.71,0.00,0.00,0.00,,0.00,,0.00,EastMoney,2026-09-02T18:50:37+08:00
BK1203,2026-09-02T00:00:00Z,251811,248724,252201,248477,253384,-4660,-1.84,37578429,43216868295,0.90,0.83,0.00,0,15299857,22278572,7036649728000,5537468672000,-5074434816,4862875392,8299065856,-3436190464,9650842112,11289086464,-1638244352,13595148032,11957717760,1637430272,14168666112,10731661568,3437004544,-11.74,-7.95,-3.79,3.79,7.95,0,80,5,75,0,0,0,8.00,0.00,0.00,0.00,,0.00,,0.00,EastMoney,2026-09-02T18:50:37+08:00
BK1204,2026-09-02T00:00:00Z,550403,561175,566367,550173,553930,7245,1.31,24515281,56403593706,2.53,1.53,0.00,0,12441138,12074143,3030275184000,2495880592000,2743796992,6152316416,4651087360,1501229056,13453679872,12211111936,1242567936,18470210304,18738068992,-267858688,17362247168,19703395840,-2341148672,4.86,2.66,2.20,-0.47,-4.15,0,141,84,55,2,0,0,74.17,0.00,0.00,0.00,,0.00,,0.00,EastMoney,2026-09-02T18:50:37+08:00
BK1205,2026-09-02T00:00:00Z,470383,472696,475753,467555,473527,-831,-0.18,71011373,143962192958,2.23,0.98,0.00,0,32830489,38180884,6715465728000,5242459648000,-1801357056,13373775360,14520294656,-1146519296,31873179904,32528017664,-654837760,47471046400,45411463424,2059582976,45522173184,45325922560,196250624,-1.25,-0.80,-0.45,1.43,0.14,0,627,226,376,25,0,0,50.94,0.00,0.00,0.00,,0.00,,0.00,EastMoney,2026-09-02T18:50:37+08:00
BK1206,2026-09-02T00:00:00Z,373191,371934,373699,370078,375063,-3129,-0.83,87597301,118108256436,2.96,1.06,0.00,0,38887354,48709947,4689236992000,4229234112000,-1212356096,10123815680,10807559680,-683744000,25318202624,25846814720,-528612096,37238655232,36500743936,737911296,41433853440,40856267264,577586176,-1.03,-0.58,-0.45,0.62,0.49,0,454,131,317,6,0,0,31.72,0.00,0.00,0.00,,0.00,,0.00,EastMoney,2026-09-02T18:50:37+08:00
BK1207,2026-09-02T00:00:00Z,801153,802545,807246,795024,809028,-6483,-0.80,51994630,98427105693,2.53,0.87,0.00,0,24231850,27762780,4388780032000,3732314832000,-4354232832,8409017344,9833838848,-1424821504,20334853120,23264264448,-2929411328,31512394496,31575281408,-62886912,34462004992,29760137728,4701867264,-4.42,-1.45,-2.98,-0.06,4.78,0,361,76,275,10,0,0,129.97,0.00,0.00,0.00,,0.00,,0.00,EastMoney,2026-09-02T18:50:37+08:00
BK1208,2026-09-02T00:00:00Z,368446,370503,371836,365145,370619,-116,-0.03,14105649,27419969598,1.81,1.05,0.00,0,6646858,7458792,1105412576000,931773024000,700787024,4602452480,3758543536,843908944,6217250560,6360372480,-143121920,8163556096,8633433856,-469877760,7831962112,8051877632,-219915520,2.56,3.08,-0.52,-1.71,-0.80,0,78,26,46,6,0,0,156.07,0.00,0.00,0.00,,0.00,,0.00,EastMoney,2026-09-02T18:50:37+08:00
BK1209,2026-09-02T00:00:00Z,300515,300493,301814,298018,302018,-1525,-0.50,34214652,24472431907,1.21,0.94,0.00,0,14708812,19505840,1751538128000,1548852720000,-297873472,1901553328,2198285808,-296732480,4832528128,4833669120,-1140992,7662167296,7481791744,180375552,9346414592,9218764288,127650304,-1.22,-1.21,0.00,0.74,0.52,0,158,49,103,6,0,0,15.37,0.00,0.00,0.00,,0.00,,0.00,EastMoney,2026-09-02T18:50:37+08:00
BK1210,2026-09-02T00:00:00Z,248757,246370,248843,245828,248954,-2584,-1.04,32326985,21293502072,0.72,0.93,0.00,0,14001734,18325251,3202507760000,2791473168000,-441524448,1708422976,2029816352,-321393376,4330607872,4450738944,-120131072,6469451008,6262501376,206949632,8214431488,7979000320,235431168,-2.07,-1.51,-0.56,0.97,1.11,0,134,20,112,2,0,0,18.58,0.00,0.00,0.00,,0.00,,0.00,EastMoney,2026-09-02T18:50:37+08:00
BK1211,2026-09-02T00:00:00Z,392992,395606,397291,390207,395329,277,0.07,35224120,56092442747,1.48,0.97,0.00,0,16548727,18675392,4389317888000,3305805456000,-69035520,5553606656,5149778176,403828480,11805452032,12278316032,-472864000,17020391936,17479668480,-459276544,20028870656,19397947904,630922752,-0.12,0.72,-0.84,-0.82,1.12,0,332,139,180,13,0,0,29.59,0.00,0.00,0.00,,0.00,,0.00,EastMoney,2026-09-02T18:50:37+08:00
BK1212,2026-09-02T00:00:00Z,334205,334569,335930,331201,335826,-1257,-0.37,23001428,20194265821,2.55,0.98,0.00,0,10825856,12175573,996571696000,851684560000,-439748608,1175858480,1340560160,-164701680,3724923600,3999970528,-275046928,6235459072,6246701312,-11242240,8111169024,7650055680,461113344,-2.18,-0.82,-1.36,-0.06,2.28,0,171,57,111,3,0,0,68.48,0.00,0.00,0.00,,0.00,,0.00,EastMoney,2026-09-02T18:50:37+08:00
BK1213,2026-09-02T00:00:00Z,226433,224818,226876,222688,226549,-1731,-0.76,33419723,19019193839,2.58,1.37,0.00,0,15179152,18240571,879579216000,824813920000,-602176544,1265727120,1624733504,-359006384,3818868496,4062038656,-243170160,6033109248,5917376512,115732736,7265581312,6766049024,499532288,-3.17,-1.89,-1.28,0.61,2.63,0,101,18,79,4,0,0,-86.29,0.00,0.00,0.00,,0.00,,0.00,EastMoney,2026-09-02T18:50:37+08:00
BK1214,2026-09-02T00:00:00Z,427698,430820,431529,423123,429626,1194,0.28,15471988,13668920530,3.11,1.11,0.00,0,7065216,8406772,501686320000,440785440000,53491568,946231264,825706192,120525072,2856673488,2923706992,-67033504,4394343680,4480650752,-86307072,5052561408,4978427392,74134016,0.39,0.88,-0.49,-0.63,0.54,0,89,42,44,3,0,0,53.84,0.00,0.00,0.00,,0.00,,0.00,EastMoney,2026-09-02T18:50:37+08:00
BK1215,2026-09-02T00:00:00Z,772430,778100,783531,769499,781833,-3733,-0.48,28061460,138377307771,1.56,0.85,0.00,0,13274460,14787000,7423175936000,4662677504000,-7146411008,21018356224,25136039424,-4117683200,32905765376,35934493184,-3028727808,46610052608,43696756992,2913295616,34524186112,30254323456,4269862656,-5.16,-2.98,-2.19,2.11,3.09,0,130,36,88,6,0,0,31.80,0.00,0.00,0.00,,0.00,,0.00,EastMoney,2026-09-02T18:50:37+08:00
BK1216,2026-09-02T00:00:00Z,467153,463607,467153,461406,468599,-4992,-1.07,68544915,104381431715,2.22,0.81,0.00,0,30737949,37806966,6692855040000,5506619648000,-849836800,7786965504,8521231360,-734265856,22645462016,22761032960,-115570944,35047269888,34014774528,1032495360,36173111552,36302180864,-129069312,-0.81,-0.70,-0.11,0.99,-0.12,0,510,101,402,7,0,0,44.79,0.00,0.00,0.00,,0.00,,0.00,EastMoney,2026-09-02T18:50:37+08:00
BK1217,2026-09-02T00:00:00Z,1230381,1217753,1230381,1210230,1235102,-17349,-1.40,4222062,3003883817,2.03,0.79,0.00,0,1855902,2366160,207764620000,195904101000,-175585750,150950444,232786658,-81836214,549054800,642804336,-93749536,959823856,922743888,37079968,1268068432,1129562640,138505792,-5.85,-2.72,-3.12,1.23,4.61,0,22,4,18,0,0,0,-149.66,0.00,0.00,0.00,,0.00,,0.00,EastMoney,2026-09-02T18:50:37+08:00
BK1218,2026-09-02T00:00:00Z,190664,189033,191811,188499,191627,-2594,-1.35,5433039,5234110226,1.92,1.60,0.00,0,2391012,3042028,236652910000,221029940000,-56130112,336271152,289346576,46924576,896462928,999517616,-103054688,1636179680,1690857472,-54677792,2166933280,2056125376,110807904,-1.07,0.90,-1.97,-1.04,2.12,0,28,4,24,0,0,0,19.40,0.00,0.00,0.00,,0.00,,0.00,EastMoney,2026-09-02T18:50:37+08:00
BK1219,2026-09-02T00:00:00Z,126648,125359,127474,125058,127921,-2562,-2.00,5044727,2701553702,2.42,1.19,0.00,0,2170967,2873760,126660384000,119701049000,-207391182,166360727,195634309,-29273582,467080304,645197904,-178117600,658130848,704188736,-46057888,987763168,745029584,242733584,-7.68,-1.08,-6.59,-1.70,8.98,0,13,0,13,0,0,0,-56.79,0.00,0.00,0.00,,0.00,,0.00,EastMoney,2026-09-02T18:50:37+08:00
BK1220,2026-09-02T00:00:00Z,483500,479126,488425,476759,489332,-10206,-2.09,16086388,15442026622,4.48,1.09,0.00,0,6904471,9181917,295781904000,273636960000,-1326852720,1145295680,1604547840,-459252160,2949265248,3816865808,-867600560,4873246208,5144744192,-271497984,6064418048,4466067456,1598350592,-8.59,-2.97,-5.62,-1.76,10.35,0,30,2,27,1,0,0,111.84,0.00,0.00,0.00,,0.00,,0.00,EastMoney,2026-09-02T18:50:37+08:00
BK1221,2026-09-02T00:00:00Z,673878,668396,679007,668125,678433,-10037,-1.48,7650995,17615404432,9.96,1.76,0.00,0,3789520,3861476,201005942000,172276776000,-1503595200,2303906928,3231874608,-927967680,3677232432,4252859952,-575627520,5134891264,5190867712,-55976448,5774023168,4214451760,1559571408,-8.54,-5.27,-3.27,-0.32,8.85,0,15,3,12,0,0,0,179.05,0.00,0.00,0.00,,0.00,,0.00,EastMoney,2026-09-02T18:50:37+08:00
BK1222,2026-09-02T00:00:00Z,357245,349361,358240,348979,357584,-8223,-2.30,9602898,6887202917,4.78,1.12,0.00,0,3949045,5653854,167179263000,158508076000,-687339648,456241504,802606976,-346365472,1277065568,1618039744,-340974176,2111043120,2153888688,-42845568,2789959232,2059774016,730185216,-9.98,-5.03,-4.95,-0.62,10.60,0,18,2,16,0,0,0,-50.10,0.00,0.00,0.00,,0.00,,0.00,EastMoney,2026-09-02T18:50:37+08:00
BK1223,2026-09-02T00:00:00Z,1477842,1479833,1490407,1466914,1496920,-17087,-1.14,4980411,14656274013,3.67,0.86,0.00,0,2427631,2552780,420006672000,379933520000,-242782240,1386120624,1510735680,-124615056,3191520528,3309687712,-118167184,4459876608,4574842368,-114965760,5347597824,4989849856,357747968,-1.66,-0.85,-0.81,-0.78,2.44,0,33,5,28,0,0,0,41.40,0.00,0.00,0.00,,0.00,,0.00,EastMoney,2026-09-02T18:50:37+08:00
BK1224,2026-09-02T00:00:00Z,265229,265087,266677,262796,266266,-1179,-0.44,3229616,2819853265,1.67,0.86,0.00,0,1511003,1718613,190187194000,181758554000,-26549883,85870567,92000834,-6130267,472882992,493302608,-20419616,861157840,890957728,-29799888,1309691296,1252439328,57251968,-0.94,-0.22,-0.72,-1.06,2.03,0,33,10,21,2,0,0,21.12,0.00,0.00,0.00,,0.00,,0.00,EastMoney,2026-09-02T18:50:37+08:00
BK1225,2026-09-02T00:00:00Z,247473,248911,249990,245198,248029,882,0.36,7868591,6641686435,1.94,1.12,0.00,0,4017356,3851235,326809024000,295279680000,187134000,508051488,328069232,179982256,1326924784,1319773040,7151744,2016038272,2093772000,-77733728,2659735968,2767151008,-107415040,2.82,2.71,0.11,-1.17,-1.62,0,61,19,41,1,0,0,37.72,0.00,0.00,0.00,,0.00,,0.00,EastMoney,2026-09-02T18:50:37+08:00
BK1226,2026-09-02T00:00:00Z,76178,75394,76248,74762,76482,-1088,-1.42,13102762,3713033361,0.85,0.97,0.00,0,5035410,8067351,508622960000,464125472000,-101743584,533258400,543605744,-10347344,782696816,874093056,-91396240,1079411840,1015747312,63664528,1253880000,1215800928,38079072,-2.74,-0.28,-2.46,1.71,1.03,0,24,2,22,0,0,0,-187.40,0.00,0.00,0.00,,0.00,,0.00,EastMoney,2026-09-02T18:50:37+08:00
BK1227,2026-09-02T00:00:00Z,205529,205236,205529,201786,206606,-1370,-0.66,2310024,1674933250,0.99,0.93,0.00,0,991706,1318317,171578719000,168159369000,65463986,93206442,91022984,2183458,364242736,300962208,63280528,574764112,542447232,32316880,615850960,713631808,-97780848,3.91,0.13,3.78,1.93,-5.84,0,12,2,9,1,0,0,22.53,0.00,0.00,0.00,,0.00,,0.00,EastMoney,2026-09-02T18:50:37+08:00
BK1228,2026-09-02T00:00:00Z,380795,377840,380840,373029,383671,-5831,-1.52,2776745,3050889229,1.38,1.12,0.00,0,1071326,1705420,178903773000,144098747000,-148570867,234777389,270743136,-35965747,605144096,717749216,-112605120,934009152,872777696,61231456,1205018880,1117679472,87339408,-4.87,-1.18,-3.69,2.01,2.86,0,10,2,8,0,0,0,31.92,0.00,0.00,0.00,,0.00,,0.00,EastMoney,2026-09-02T18:50:37+08:00
BK1229,2026-09-02T00:00:00Z,367518,390448,396431,367518,368687,21761,5.90,5862196,10546027681,6.50,2.76,0.00,0,3004036,2858160,146354475000,141659093000,1280932112,1848700496,733221472,1115479024,2503061984,2337608896,165453088,3297329936,3591316368,-293986432,2732749248,3719694912,-986945664,12.15,10.58,1.57,-2.79,-9.36,0,12,11,1,0,0,0,295.36,0.00,0.00,0.00,,0.00,,0.00,EastMoney,2026-09-02T18:50:37+08:00
BK1230,2026-09-02T00:00:00Z,496742,502461,507403,496590,500114,2347,0.47,2893944,5782188771,2.19,1.53,0.00,0,1394618,1499326,534594288000,371166720000,-162153952,545220832,908263840,-363043008,1556859680,1355970624,200889056,1925953008,1697471072,228481936,1670214272,1736542256,-66327984,-2.80,-6.28,3.47,3.95,-1.15,0,10,6,4,0,0,0,24.80,0.00,0.00,0.00,,0.00,,0.00,EastMoney,2026-09-02T18:50:37+08:00
BK1231,2026-09-02T00:00:00Z,417598,425961,430537,417192,419430,6531,1.56,7974343,20845920503,2.24,1.55,0.00,0,4113310,3861033,1152529200000,934220256000,1359811184,2472625136,1747467648,725157488,5291522304,4656868608,634653696,6643478272,7079287040,-435808768,6050635520,6849462784,-798827264,6.52,3.48,3.04,-2.09,-3.83,0,49,35,13,1,0,0,75.68,0.00,0.00,0.00,,0.00,,0.00,EastMoney,2026-09-02T18:50:37+08:00
BK1232,2026-09-02T00:00:00Z,460827,466296,471758,459860,464835,1461,0.31,1264776,3388756752,1.27,1.09,0.00,0,604987,659789,337216896000,265009867000,-14810521,182372808,217564577,-35191769,676978512,656597264,20381248,1185838752,1120891952,64946800,1301240816,1351377088,-50136272,-0.44,-1.04,0.60,1.92,-1.48,0,9,3,5,1,0,0,374.15,0.00,0.00,0.00,,0.00,,0.00,EastMoney,2026-09-02T18:50:37+08:00
BK1233,2026-09-02T00:00:00Z,632902,641254,646406,631792,638140,3114,0.49,6520022,15840699997,2.24,1.14,0.00,0,3324186,3195836,859580320000,783824656000,280018544,1103397136,1044569728,58827408,3425257456,3204066320,221191136,5417610496,5249102592,168507904,5607407104,6046318592,-438911488,1.77,0.37,1.40,1.06,-2.77,0,61,29,32,0,0,0,321.62,0.00,0.00,0.00,,0.00,,0.00,EastMoney,2026-09-02T18:50:37+08:00
BK1234,2026-09-02T00:00:00Z,355863,356242,357868,351716,357950,-1708,-0.48,2726131,2993770917,2.32,0.87,0.00,0,1288007,1438124,148811470000,140754275000,-43771681,127641517,130572574,-2931057,549094896,589935520,-40840624,971825072,980589760,-8764688,1280599840,1227954640,52645200,-1.46,-0.10,-1.36,-0.29,1.76,0,26,8,17,1,0,0,96.07,0.00,0.00,0.00,,0.00,,0.00,EastMoney,2026-09-02T18:50:37+08:00
BK1235,2026-09-02T00:00:00Z,243981,243966,244729,241319,245072,-1106,-0.45,12286860,11552401088,1.44,0.97,0.00,0,5585058,6701803,695458448000,617517104000,-252439872,820010048,908903344,-88893296,2455971968,2619518544,-163546576,3597176752,3551160768,46015984,4421228544,4210197968,211030576,-2.19,-0.77,-1.42,0.40,1.83,0,108,30,76,2,0,0,30.41,0.00,0.00,0.00,,0.00,,0.00,EastMoney,2026-09-02T18:50:37+08:00
BK1236,2026-09-02T00:00:00Z,178964,178804,179413,177293,179793,-989,-0.55,3821335,3274578999,0.74,0.90,0.00,0,1697463,2123872,421396320000,357138624000,-246839072,356642000,533900064,-177258064,659402960,728983968,-69581008,1039300944,936723552,102577392,1147093280,1002711328,144381952,-7.54,-5.41,-2.12,3.13,4.41,0,31,7,21,3,0,0,19.69,0.00,0.00,0.00,,0.00,,0.00,EastMoney,2026-09-02T18:50:37+08:00
BK1237,2026-09-02T00:00:00Z,1082139,1087916,1097634,1074715,1092877,-4961,-0.45,6328023,33236272453,2.11,0.76,0.00,0,3080832,3247191,1523368576000,1166645024000,-1016364192,3630162784,4299449856,-669287072,7451978752,7799055872,-347077120,12162991360,11299909120,863082240,8805073152,8487267584,317805568,-3.06,-2.01,-1.04,2.60,0.96,0,95,25,69,1,0,0,90.05,0.00,0.00,0.00,,0.00,,0.00,EastMoney,2026-09-02T18:50:37+08:00
BK1238,2026-09-02T00:00:00Z,799688,804251,808956,794863,807683,-3432,-0.42,24787375,38615171207,2.88,0.95,0.00,0,11670150,13117224,1351983456000,1173469904000,-905980208,3292618176,3151807728,140810448,7850552320,8897342976,-1046790656,12042038016,12199022848,-156984832,13808036352,12577259520,1230776832,-2.35,0.36,-2.71,-0.41,3.19,0,138,36,99,3,0,0,-183.58,0.00,0.00,0.00,,0.00,,0.00,EastMoney,2026-09-02T18:50:37+08:00
BK1239,2026-09-02T00:00:00Z,326532,328030,328773,324562,327589,441,0.13,3051224,3673639375,1.16,1.00,0.00,0,1412165,1639059,1151174752000,1001530240000,42757952,375438352,416306784,-40868432,872318512,788692128,83626384,1189985328,1223938944,-33953616,1090596832,1099401168,-8804336,1.16,-1.11,2.28,-0.92,-0.24,0,13,5,7,1,0,0,14.06,0.00,0.00,0.00,,0.00,,0.00,EastMoney,2026-09-02T18:50:37+08:00
BK1240,2026-09-02T00:00:00Z,593416,601063,602081,586119,594678,6385,1.07,1253756,1583138116,2.63,1.11,0.00,0,632234,621522,51121738000,47692835000,-39116512,82808097,125788625,-42980528,309626672,305762656,3864016,571609216,505441328,66167888,577619328,604670688,-27051360,-2.47,-2.71,0.24,4.18,-1.71,0,9,4,5,0,0,0,45.39,0.00,0.00,0.00,,0.00,,0.00,EastMoney,2026-09-02T18:50:37+08:00
BK1241,2026-09-02T00:00:00Z,421822,421993,424028,417706,424323,-2330,-0.55,1760758,1830533547,1.32,0.83,0.00,0,718032,1042726,145453339000,142884608000,-141486279,76658643,198427258,-121768615,360681840,380399504,-19717664,578032960,555595680,22437280,778207568,659158560,119049008,-7.73,-6.65,-1.08,1.23,6.50,0,9,3,5,1,0,0,23.12,0.00,0.00,0.00,,0.00,,0.00,EastMoney,2026-09-02T18:50:37+08:00
BK1242,2026-09-02T00:00:00Z,517350,520147,523552,514157,520507,-360,-0.07,6418916,6717687808,3.85,1.10,0.00,0,3278895,3140021,347500688000,299174288000,-65477472,523648528,471074208,52574320,1351206480,1469258272,-118051792,2040384448,2147804768,-107420320,2586921792,2406057088,180864704,-0.97,0.78,-1.76,-1.60,2.69,0,35,14,20,1,0,0,39.52,0.00,0.00,0.00,,0.00,,0.00,EastMoney,2026-09-02T18:50:37+08:00
BK1243,2026-09-02T00:00:00Z,118581,117525,118684,115945,118565,-1040,-0.88,276788,170189604,1.91,0.70,0.00,0,124745,152043,10269612000,9231392000,-16893768,2889273,8189993,-5300720,19466740,31059788,-11593048,45417889,51277693,-5859804,99496447,76742875,22753572,-9.93,-3.11,-6.81,-3.44,13.37,0,3,0,3,0,0,0,64.03,0.00,0.00,0.00,,0.00,,0.00,EastMoney,2026-09-02T18:50:37+08:00
BK1244,2026-09-02T00:00:00Z,215565,214855,215978,213066,216545,-1690,-0.78,795147,2130104270,0.84,0.90,0.00,0,359149,435998,196780563000,187971570000,-104680691,145687226,191395149,-45707923,344649792,403622560,-58972768,703705744,682835072,20870672,812770880,714797616,97973264,-4.91,-2.15,-2.77,0.98,4.60,0,24,6,18,0,0,0,24.10,0.00,0.00,0.00,,0.00,,0.00,EastMoney,2026-09-02T18:50:37+08:00
BK1245,2026-09-02T00:00:00Z,290904,293120,295004,288611,292454,666,0.23,1420787,1399053093,1.72,0.87,0.00,0,684892,735895,87255763000,66897804000,-4064638,68552263,50926369,17625894,236411842,258102374,-21690532,390438512,421648192,-31209680,636403632,595148032,41255600,-0.29,1.26,-1.55,-2.23,2.95,0,15,4,10,1,0,0,83.36,0.00,0.00,0.00,,0.00,,0.00,EastMoney,2026-09-02T18:50:37+08:00
BK1246,2026-09-02T00:00:00Z,191279,192391,193378,190791,191488,903,0.47,5278499,2665814258,0.88,0.95,0.00,0,2171535,3106963,252452923000,239989277000,91809152,546727584,462936784,83790800,684388352,676370000,8018352,767350720,774080240,-6729520,633672416,718752032,-85079616,3.44,3.14,0.30,-0.25,-3.19,0,8,2,6,0,0,0,9.01,0.00,0.00,0.00,,0.00,,0.00,EastMoney,2026-09-02T18:50:37+08:00
BK1247,2026-09-02T00:00:00Z,218780,218347,219149,216514,219483,-1136,-0.52,10527509,4802340690,0.76,0.93,0.00,0,4075770,6451739,776775792000,647891408000,-141559168,395763584,524424384,-128660800,998686016,1011584384,-12898368,1546862992,1419978288,126884704,1698927344,1682355424,16571920,-2.95,-2.68,-0.27,2.64,0.35,0,44,13,28,3,0,0,11.05,0.00,0.00,0.00,,0.00,,0.00,EastMoney,2026-09-02T18:50:37+08:00
BK1248,2026-09-02T00:00:00Z,360518,360099,361697,356876,362654,-2555,-0.70,7729728,6522088630,1.41,1.07,0.00,0,3468769,4260959,394206192000,368833792000,-155603840,397753296,613833168,-216079872,1297795632,1237319600,60476032,2051201168,1918468160,132733008,2628395904,2603174640,25221264,-2.39,-3.31,0.93,2.04,0.39,0,39,11,27,1,0,0,29.55,0.00,0.00,0.00,,0.00,,0.00,EastMoney,2026-09-02T18:50:37+08:00
BK1249,2026-09-02T00:00:00Z,88792,81900,89189,81673,85196,-3296,-3.87,7009830,2677084375,4.79,1.45,0.00,0,3030903,3978928,56673363000,56641390000,59583319,189183011,186652172,2530839,504901696,447849216,57052480,792011344,780737264,11274080,1107917088,1178774496,-70857408,2.23,0.09,2.13,0.42,-2.65,0,7,0,7,0,0,0,-14.52,0.00,0.00,0.00,,0.00,,0.00,EastMoney,2026-09-02T18:50:37+08:00
BK1250,2026-09-02T00:00:00Z,210550,199743,210923,199386,206390,-6647,-3.22,19039280,18283959258,1.96,1.27,0.00,0,8420296,10618984,2344659104000,1854970656000,-740485248,1528306240,2034845120,-506538880,4023920048,4257866416,-233946368,5494405376,5855549440,-361144064,6868937728,5767308288,1101629440,-4.05,-2.77,-1.28,-1.98,6.03,0,27,1,26,0,0,0,18.00,0.00,0.00,0.00,,0.00,,0.00,EastMoney,2026-09-02T18:50:37+08:00
BK1251,2026-09-02T00:00:00Z,62857,63054,63258,62154,63128,-74,-0.12,538979,698802688,1.30,0.99,0.00,0,269967,269012,72611939000,60498569000,-74600,16240484,15548541,691943,82848348,83614891,-766543,233971844,215306503,18665341,354103408,372694160,-18590752,-0.01,0.10,-0.11,2.67,-2.66,0,13,6,7,0,0,0,27.03,0.00,0.00,0.00,,0.00,,0.00,EastMoney,2026-09-02T18:50:37+08:00
BK1252,2026-09-02T00:00:00Z,189030,195842,197347,187950,190217,5625,2.96,1263825,2727956107,2.07,1.14,0.00,0,607304,656521,125341972000,109048424000,151220846,179032590,132755712,46276878,655494080,550550112,104943968,848857056,822385584,26471472,859475888,894087264,-34611376,5.54,1.70,3.85,0.97,-1.27,0,16,10,6,0,0,0,28.67,0.00,0.00,0.00,,0.00,,0.00,EastMoney,2026-09-02T18:50:37+08:00
BK1253,2026-09-02T00:00:00Z,102462,102706,103574,101619,102752,-46,-0.04,93775,446686281,0.56,0.98,0.00,0,38256,55519,65257893000,47472064000,-10783432,9493985,14591855,-5097870,95892667,101578229,-5685562,138527299,127698694,10828605,112708029,107580280,5127749,-2.41,-1.14,-1.27,2.42,1.15,0,4,1,3,0,0,0,51.12,0.00,0.00,0.00,,0.00,,0.00,EastMoney,2026-09-02T18:50:37+08:00
BK1254,2026-09-02T00:00:00Z,453513,445379,453513,444708,453587,-8208,-1.81,721612,773977172,1.44,1.22,0.00,0,305544,416067,57951063000,52292800000,-12035049,30148620,29607992,540628,116038953,128614630,-12575677,242435825,227570863,14864962,331656352,336396992,-4740640,-1.55,0.07,-1.62,1.92,-0.61,0,12,1,11,0,0,0,43.35,0.00,0.00,0.00,,0.00,,0.00,EastMoney,2026-09-02T18:50:37+08:00
BK1255,2026-09-02T00:00:00Z,514918,489935,515500,483113,502585,-12650,-2.52,2799645,2190941329,10.82,1.02,0.00,0,1341058,1458587,21277173000,20976354000,-74845066,177631883,194204277,-16572394,417189520,475462192,-58272672,689780400,692184864,-2404464,832275792,755026256,77249536,-3.42,-0.76,-2.66,-0.11,3.53,0,4,0,4,0,0,0,-53.05,0.00,0.00,0.00,,0.00,,0.00,EastMoney,2026-09-02T18:50:37+08:00
BK1256,2026-09-02T00:00:00Z,246648,240332,246648,239835,246392,-6060,-2.46,8688765,9125957273,5.76,1.12,0.00,0,3856530,4832235,295236848000,151415551000,-380589072,817416768,1075345280,-257928512,1900312368,2022972928,-122660560,2743271504,2788137328,-44865824,3126350464,2701679360,424671104,-4.17,-2.83,-1.34,-0.49,4.65,0,28,5,23,0,0,0,48.53,0.00,0.00,0.00,,0.00,,0.00,EastMoney,2026-09-02T18:50:37+08:00
BK1257,2026-09-02T00:00:00Z,239954,244435,251464,236389,243424,1011,0.42,761149,377410417,3.89,1.25,0.00,0,329255,431893,10675409000,9389053000,-1773584,11669161,10044256,1624905,82528401,85926890,-3398489,103466368,107108162,-3641794,107093055,89407636,17685419,-0.47,0.43,-0.90,-0.96,4.69,0,3,1,2,0,0,0,52.90,0.00,0.00,0.00,,0.00,,0.00,EastMoney,2026-09-02T18:50:37+08:00
BK1258,2026-09-02T00:00:00Z,349279,348004,349431,343274,348967,-963,-0.28,5273104,3187248851,2.95,1.37,0.00,0,2275066,2998038,200069928000,182284672000,-39137002,213093760,249498810,-36405050,614014608,616746560,-2731952,986073536,922254560,63818976,1276144832,1299679184,-23534352,-1.23,-1.14,-0.09,2.00,-0.74,0,17,6,11,0,0,0,-37.47,0.00,0.00,0.00,,0.00,,0.00,EastMoney,2026-09-02T18:50:37+08:00
BK1259,2026-09-02T00:00:00Z,404725,399161,404857,398052,406868,-7707,-1.89,6941198,5941857072,2.15,1.09,0.00,0,3152694,3788504,516362752000,382544928000,-144878464,473211872,608888896,-135677024,1430089808,1439291248,-9201440,1936468992,1881600960,54868032,1995753200,1905742752,90010448,-2.44,-2.28,-0.15,0.92,1.51,0,22,3,19,0,0,0,-42.97,0.00,0.00,0.00,,0.00,,0.00,EastMoney,2026-09-02T18:50:37+08:00
BK1260,2026-09-02T00:00:00Z,103146,100869,103146,100142,103553,-2684,-2.59,1915921,855390254,4.26,1.01,0.00,0,752318,1163603,18529791000,18268558000,-89421398,12422018,34204409,-21782391,131038369,198677376,-67639007,249415870,261812078,-12396208,442306912,340489312,101817600,-10.45,-2.55,-7.91,-1.45,11.90,0,7,1,6,0,0,0,-20.53,0.00,0.00,0.00,,0.00,,0.00,EastMoney,2026-09-02T18:50:37+08:00
BK1261,2026-09-02T00:00:00Z,298837,286035,298837,282830,304071,-18036,-5.93,20222400,16436720720,10.66,1.25,0.00,0,8785162,11437238,158455983000,151799766000,-1191324144,1288116944,2157739984,-869623040,3445043280,3766744384,-321701104,5100053504,5019099648,80953856,5482945536,4465288704,1017656832,-7.25,-5.29,-1.96,0.49,6.19,0,21,3,18,0,0,0,116.20,0.00,0.00,0.00,,0.00,,0.00,EastMoney,2026-09-02T18:50:37+08:00
BK1262,2026-09-02T00:00:00Z,353395,348886,353395,348216,354555,-5669,-1.60,2341866,5133091244,0.49,0.82,0.00,0,924279,1417587,1284708688000,728559712000,-733078624,515060272,1011816048,-496755776,1138534112,1374856960,-236322848,1671439264,1433752304,237686960,1691516352,1196124688,495391664,-14.28,-9.68,-4.60,4.63,9.65,0,9,0,9,0,0,0,38.36,0.00,0.00,0.00,,0.00,,0.00,EastMoney,2026-09-02T18:50:37+08:00
BK1263,2026-09-02T00:00:00Z,380518,378089,380555,375425,381801,-3712,-0.97,871776,2065562499,0.79,0.96,0.00,0,394360,477416,236425616000,197929892000,-10381700,104645849,102104237,2541612,382053536,394976848,-12923312,717832128,686098992,31733136,828185776,843878016,-15692240,-0.50,0.12,-0.63,1.54,-0.76,0,20,7,13,0,0,0,26.95,0.00,0.00,0.00,,0.00,,0.00,EastMoney,2026-09-02T18:50:37+08:00
BK1264,2026-09-02T00:00:00Z,253604,250501,253676,250129,254482,-3981,-1.56,2910659,2769960120,1.07,0.87,0.00,0,1106909,1803750,254325165000,247444524000,-11909369,212490121,246320754,-33830633,614599984,592678720,21921264,820301744,885515264,-65213520,1080647872,1003524976,77122896,-0.43,-1.22,0.79,-2.35,2.78,0,14,0,13,1,0,0,24.04,0.00,0.00,0.00,,0.00,,0.00,EastMoney,2026-09-02T18:50:37+08:00
BK1265,2026-09-02T00:00:00Z,370961,373794,375533,368260,373291,503,0.13,4989372,5569967368,1.84,0.90,0.00,0,2397035,2592337,251510600000,210526381000,106817536,380257216,289552208,90705008,1051272640,1035160112,16112528,1772729712,1759697600,13032112,2129936192,2233424912,-103488720,1.92,1.63,0.29,0.23,-1.86,0,47,20,27,0,0,0,53.65,0.00,0.00,0.00,,0.00,,0.00,EastMoney,2026-09-02T18:50:37+08:00
BK1266,2026-09-02T00:00:00Z,332704,331259,333422,327990,334094,-2835,-0.85,1748361,2080326815,2.27,1.08,0.00,0,803181,945180,109681876000,97279253000,-97784532,76713445,130137513,-53424068,346757760,391118224,-44360464,647076080,637893008,9183072,963842144,875240688,88601456,-4.70,-2.57,-2.13,0.44,4.26,0,21,5,16,0,0,0,62.54,0.00,0.00,0.00,,0.00,,0.00,EastMoney,2026-09-02T18:50:37+08:00
BK1267,2026-09-02T00:00:00Z,251971,251075,252296,248939,253289,-2214,-0.87,8398504,4362325277,3.16,0.93,0.00,0,3812675,4585829,166665107000,156483811000,-230600640,304918512,417094480,-112175968,832570704,950995376,-118424672,1315561504,1331623232,-16061728,1626976208,1374341568,252634640,-5.29,-2.57,-2.71,-0.37,5.79,0,26,5,20,1,0,0,-142.59,0.00,0.00,0.00,,0.00,,0.00,EastMoney,2026-09-02T18:50:37+08:00
BK1268,2026-09-02T00:00:00Z,282712,283762,285086,279207,284589,-827,-0.29,2747959,3416727504,1.64,0.96,0.00,0,1244116,1503842,120934781000,98486373000,-86820311,202251164,235297235,-33046071,657017456,710791696,-53774240,1063682784,1043753296,19929488,1326051568,1246072064,79979504,-2.54,-0.97,-1.57,0.58,2.34,0,18,5,13,0,0,0,41.01,0.00,0.00,0.00,,0.00,,0.00,EastMoney,2026-09-02T18:50:37+08:00
BK1269,2026-09-02T00:00:00Z,613547,606817,615449,600654,614754,-7937,-1.29,518468,1097496912,1.35,1.05,0.00,0,208658,309810,118506355000,111904439000,-69887107,105641964,172340611,-66698647,263025015,266213475,-3188460,365591888,340512256,25079632,335424176,290616688,44807488,-6.37,-6.08,-0.29,2.29,4.08,0,2,0,2,0,0,0,35.14,0.00,0.00,0.00,,0.00,,0.00,EastMoney,2026-09-02T18:50:37+08:00
BK1270,2026-09-02T00:00:00Z,133783,134202,134692,132430,134742,-540,-0.40,1128770,1160615441,2.36,1.25,0.00,0,542039,586731,46711185000,44943351000,22384877,57274189,67569225,-10295036,275359888,242679975,32679913,356016304,378616880,-22600576,452609360,452393664,215696,1.93,-0.89,2.82,-1.95,0.02,0,7,2,4,1,0,0,152.32,0.00,0.00,0.00,,0.00,,0.00,EastMoney,2026-09-02T18:50:37+08:00
BK1271,2026-09-02T00:00:00Z,229380,229607,229955,225873,230595,-988,-0.43,2100370,1629369896,3.71,1.19,0.00,0,1008414,1091956,57239024000,54917378000,1516005,118895741,111276920,7618821,304704752,310807568,-6102816,514903552,522926368,-8022816,644601520,638094704,6506816,0.09,0.47,-0.37,-0.49,0.40,0,10,5,5,0,0,0,34.36,0.00,0.00,0.00,,0.00,,0.00,EastMoney,2026-09-02T18:50:37+08:00
BK1272,2026-09-02T00:00:00Z,309721,313497,315395,305844,310311,3186,1.03,6063408,5361304945,4.14,1.34,0.00,0,2755661,3307748,139339560000,123264087000,226381968,559910144,317800576,242109568,1157598128,1173325728,-15727600,1733672928,1841467328,-107794400,1808916656,1927504224,-118587568,4.22,4.52,-0.29,-2.01,-2.21,0,27,19,6,2,0,0,77.99,0.00,0.00,0.00,,0.00,,0.00,EastMoney,2026-09-02T18:50:37+08:00
BK1273,2026-09-02T00:00:00Z,86714,85989,86843,85208,87016,-1027,-1.18,350223,274218610,1.64,1.00,0.00,0,163353,186870,16232430000,15748810000,-15576065,2814000,13149125,-10335125,47862164,53103104,-5240940,85996040,79833926,6162114,133486884,124072932,9413952,-5.68,-3.77,-1.91,2.25,3.43,0,3,0,2,1,0,0,-39.69,0.00,0.00,0.00,,0.00,,0.00,EastMoney,2026-09-02T18:50:37+08:00
BK1274,2026-09-02T00:00:00Z,366072,357564,366557,354580,362087,-4523,-1.25,11679826,11497239164,0.38,1.04,0.00,0,5154244,6525583,3353668176000,2949475680000,24145168,1112912784,1222172112,-109259328,2515924480,2382519984,133404496,3522668480,3300124320,222544160,4113380800,4360070144,-246689344,0.21,-0.95,1.16,1.94,-2.15,0,30,5,25,0,0,0,13.87,0.00,0.00,0.00,,0.00,,0.00,EastMoney,2026-09-02T18:50:37+08:00
BK1275,2026-09-02T00:00:00Z,203816,194868,205373,194400,197802,-2934,-1.48,8964188,7638736485,2.22,1.83,0.00,0,3967843,4996346,235374363000,193804321000,421601536,612861968,533273312,79588656,1903919104,1561906224,342012880,2490086592,2158717056,331369536,2262097600,2971287264,-709189664,5.52,1.04,4.48,4.34,-9.28,0,14,2,12,0,0,0,22.12,0.00,0.00,0.00,,0.00,,0.00,EastMoney,2026-09-02T18:50:37+08:00
BK1276,2026-09-02T00:00:00Z,365286,353414,366563,352550,356406,-2992,-0.84,3546278,3095414080,2.16,1.58,0.00,0,1553953,1992325,1669599840000,163592993000,119528832,343876864,316832496,27044368,711251728,618767264,92484464,996362528,970889088,25473440,949710080,1094712336,-145002256,3.86,0.87,2.99,0.82,-4.68,0,5,1,4,0,0,0,11.91,0.00,0.00,0.00,,0.00,,0.00,EastMoney,2026-09-02T18:50:37+08:00
BK1277,2026-09-02T00:00:00Z,433434,430295,437804,429686,435620,-5325,-1.22,1654094,8179249702,0.94,0.99,0.00,0,686402,967692,2425884848000,2419950032000,-375069056,859452928,950163328,-90710400,1875807264,2160165920,-284358656,3137786160,2940629440,197156720,2100700544,1922788208,177912336,-4.59,-1.11,-3.48,2.41,2.18,0,20,2,18,0,0,0,20.22,0.00,0.00,0.00,,0.00,,0.00,EastMoney,2026-09-02T18:50:37+08:00
BK1278,2026-09-02T00:00:00Z,481818,481093,483879,478063,485023,-3930,-0.81,4110063,5265657878,2.52,1.17,0.00,0,2004650,2105413,340086176000,327663168000,228792480,603680896,517326944,86353952,1178416064,1035977536,142438528,1537509408,1637210768,-99701360,1817974512,1946899952,-128925440,4.34,1.64,2.71,-1.89,-2.45,0,15,2,13,0,0,0,27.03,0.00,0.00,0.00,,0.00,,0.00,EastMoney,2026-09-02T18:50:37+08:00
BK1279,2026-09-02T00:00:00Z,201836,201036,202669,200654,202285,-1249,-0.62,1180126,1679923646,0.93,0.96,0.00,0,536452,643674,207166092000,163653544000,-20516565,102317217,91902982,10414235,303064672,333995472,-30930800,527019648,519552976,7466672,700475376,687425488,13049888,-1.22,0.62,-1.84,0.44,0.78,0,18,4,13,1,0,0,21.17,0.00,0.00,0.00,,0.00,,0.00,EastMoney,2026-09-02T18:50:37+08:00
BK1280,2026-09-02T00:00:00Z,436635,432972,437647,431538,439420,-6448,-1.47,4652179,3819685463,2.83,1.06,0.00,0,2102672,2549508,224534343000,203557420000,-47069199,276194592,257123327,19071265,831372592,897513056,-66140464,1164234048,1160575040,3659008,1399179312,1352565088,46614224,-1.23,0.50,-1.73,0.10,1.22,0,27,7,19,1,0,0,34.47,0.00,0.00,0.00,,0.00,,0.00,EastMoney,2026-09-02T18:50:37+08:00
BK1281,2026-09-02T00:00:00Z,210181,208100,210196,206986,211288,-3188,-1.51,2452039,2477134338,2.68,1.04,0.00,0,1060158,1391881,154745637000,141997707000,-71850445,74355772,88952617,-14596845,397711952,454965552,-57253600,793632464,814729584,-21097120,1139884784,1046937216,92947568,-2.90,-0.59,-2.31,-0.85,3.75,0,23,3,20,0,0,0,22.36,0.00,0.00,0.00,,0.00,,0.00,EastMoney,2026-09-02T18:50:37+08:00
BK1282,2026-09-02T00:00:00Z,234071,230717,234479,230405,236299,-5582,-2.36,3803642,5586280541,1.75,0.92,0.00,0,1821268,1982374,433366640000,420685504000,-35098496,323043984,340356368,-17312384,1086128864,1103914976,-17786112,1592322224,1911434528,-319112304,2378476128,2035031328,343444800,-0.63,-0.31,-0.32,-5.71,6.15,0,27,1,25,1,0,0,23.56,0.00,0.00,0.00,,0.00,,0.00,EastMoney,2026-09-02T18:50:37+08:00
BK1283,2026-09-02T00:00:00Z,439185,438187,440939,435728,439169,-982,-0.22,40376242,29703420533,0.30,0.90,0.00,0,19598083,20778159,16367009792000,10686568192000,-511031552,5074505216,5316876288,-242371072,7152304384,7420964864,-268660480,8215256576,8745720576,-530464000,8703740160,7662244608,1041495552,-1.72,-0.82,-0.90,-1.79,3.51,0,42,14,25,3,0,0,7.41,0.00,0.00,0.00,,0.00,,0.00,EastMoney,2026-09-02T18:50:37+08:00
BK1287,2026-09-02T00:00:00Z,339147,338560,340032,332137,344036,-5476,-1.59,32997443,45288183142,2.10,0.83,0.00,0,14900178,18097265,3019732448000,2374667856000,-3333839360,5429302016,7318093568,-1888791552,10157650432,11602698240,-1445047808,13444509696,12778007040,666502656,15268811776,12594194944,2674616832,-7.36,-4.17,-3.19,1.47,5.91,0,58,6,50,2,0,0,13.67,0.00,0.00,0.00,,0.00,,0.00,EastMoney,2026-09-02T18:50:37+08:00
BK1288,2026-09-02T00:00:00Z,566444,570680,573181,560340,571436,-756,-0.13,4671397,8413416898,3.17,1.29,0.00,0,2298848,2372549,399776064000,332191680000,-145415280,575217872,571294928,3922944,1527100208,1676438432,-149338224,2627885312,2598667376,29217936,3416541712,3263765984,152775728,-1.73,0.05,-1.78,0.35,1.82,0,36,11,25,0,0,0,65.27,0.00,0.00,0.00,,0.00,,0.00,EastMoney,2026-09-02T18:50:37+08:00
BK1289,2026-09-02T00:00:00Z,170060,168418,171399,167733,171281,-2863,-1.67,4073535,4069719081,2.70,2.00,0.00,0,1830803,2242732,120776646000,110442387000,-16295544,270564576,224472968,46091608,728604592,790991744,-62387152,1263432112,1311159488,-47727376,1649339376,1585316464,64022912,-0.40,1.13,-1.53,-1.17,1.57,0,18,2,16,0,0,0,34.56,0.00,0.00,0.00,,0.00,,0.00,EastMoney,2026-09-02T18:50:37+08:00
BK1290,2026-09-02T00:00:00Z,209859,208480,210614,207967,210123,-1643,-0.78,1359505,1164391145,1.03,1.01,0.00,0,560208,799296,115876263000,110587552000,-39834562,65706584,64873603,832981,167858333,208525876,-40667543,372747568,379698000,-6950432,517593904,470808912,46784992,-3.42,0.07,-3.49,-0.60,4.02,0,10,2,8,0,0,0,13.31,0.00,0.00,0.00,,0.00,,0.00,EastMoney,2026-09-02T18:50:37+08:00
BK1291,2026-09-02T00:00:00Z,126648,125359,127474,125058,127921,-2562,-2.00,5044727,2701553702,2.42,1.19,0.00,0,2170967,2873760,126660384000,119701049000,-207391182,166360727,195634309,-29273582,467080304,645197904,-178117600,658130848,704188736,-46057888,987763168,745029584,242733584,-7.68,-1.08,-6.59,-1.70,8.98,0,13,0,13,0,0,0,-56.79,0.00,0.00,0.00,,0.00,,0.00,EastMoney,2026-09-02T18:50:37+08:00
BK1292,2026-09-02T00:00:00Z,230661,228232,232828,227047,232432,-4200,-1.81,1650328,801945337,1.05,1.24,0.00,0,610210,1040117,77911184000,77399208000,-117818049,68823044,120283788,-51460744,145560041,211917346,-66357305,270833536,218577089,52256447,292382096,226820485,65561611,-14.69,-6.42,-8.27,6.52,8.18,0,3,0,3,0,0,0,25.53,0.00,0.00,0.00,,0.00,,0.00,EastMoney,2026-09-02T18:50:37+08:00
BK1293,2026-09-02T00:00:00Z,461901,457798,466859,455459,467698,-9900,-2.12,14436060,14640081285,7.15,1.07,0.00,0,6294260,8141800,217870725000,196237746000,-1209034688,1076472640,1484264064,-407791424,2803705200,3604948464,-801243264,4602412544,4926167040,-323754496,5772036096,4239247040,1532789056,-8.26,-2.79,-5.47,-2.21,10.47,0,27,2,24,1,0,0,-535.95,0.00,0.00,0.00,,0.00,,0.00,EastMoney,2026-09-02T18:50:37+08:00
BK1294,2026-09-02T00:00:00Z,306326,306636,309202,305134,309536,-2900,-0.94,1722961,4962169317,4.10,1.13,0.00,0,842848,880114,110381213000,102048208000,-604641760,361581088,700591280,-339010192,1043575792,1309207360,-265631568,1526830592,1551369904,-24539312,1916624784,1287443696,629181088,-12.19,-6.83,-5.35,-0.49,12.68,0,9,1,8,0,0,0,112.88,0.00,0.00,0.00,,0.00,,0.00,EastMoney,2026-09-02T18:50:37+08:00
BK1295,2026-09-02T00:00:00Z,92884,93534,95131,92280,93974,-440,-0.47,951591,1207164749,14.13,1.21,0.00,0,472339,479252,10583380000,9796299000,1583060,56553399,76150039,-19596640,265637923,244458223,21179700,406094736,421811152,-15716416,458625536,444492176,14133360,0.13,-1.62,1.75,-1.30,1.17,0,2,1,1,0,0,0,-98.91,0.00,0.00,0.00,,0.00,,0.00,EastMoney,2026-09-02T18:50:37+08:00
BK1296,2026-09-02T00:00:00Z,103937,99199,105193,99199,98522,677,0.69,2512013,5302315689,24.59,5.41,0.00,0,1284051,1227962,38387191000,20965283000,-540296496,1102004640,1589333312,-487328672,1173424256,1226392080,-52967824,1345410944,1338759072,6651872,1310636432,776991808,533644624,-10.19,-9.19,-1.00,0.13,10.06,0,1,1,0,0,0,0,57.69,0.00,0.00,0.00,,0.00,,0.00,EastMoney,2026-09-02T18:50:37+08:00
BK1297,2026-09-02T00:00:00Z,292308,287073,297374,285891,297543,-10470,-3.52,321440,551374353,4.75,0.95,0.00,0,136558,184883,11909816000,11494295000,-44897549,26607134,27069070,-461936,71448226,115883839,-44435613,191418200,195152508,-3734308,248240399,199608542,48631857,-8.14,-0.08,-8.06,-0.68,8.82,0,1,0,1,0,0,0,84.85,0.00,0.00,0.00,,0.00,,0.00,EastMoney,2026-09-02T18:50:37+08:00
BK1298,2026-09-02T00:00:00Z,294518,282858,298994,282775,297726,-14868,-4.99,2142990,5592380323,19.48,1.73,0.00,0,1053724,1089265,29744341000,27972689000,-315342448,757160656,838730896,-81570240,1123146224,1356918432,-233772208,1665136912,1683774960,-18638048,1839896048,1505915520,333980528,-5.64,-1.46,-4.18,-0.33,5.97,0,2,0,2,0,0,0,-53.69,0.00,0.00,0.00,,0.00,,0.00,EastMoney,2026-09-02T18:50:37+08:00
BK1299,2026-09-02T00:00:00Z,372500,363279,372630,362804,371666,-8387,-2.26,8842573,6155664720,5.32,1.14,0.00,0,3647942,5194631,131681645000,123331989000,-623918112,416811552,736309968,-319498416,1132989792,1437409488,-304419696,1879314432,1920835552,-41521120,2493558672,1828119440,665439232,-10.14,-5.19,-4.95,-0.67,10.81,0,14,2,12,0,0,0,-47.02,0.00,0.00,0.00,,0.00,,0.00,EastMoney,2026-09-02T18:50:37+08:00
BK1300,2026-09-02T00:00:00Z,58983,58244,59778,58146,59707,-1463,-2.45,760325,731538197,2.20,0.91,0.00,0,301102,459223,35497617000,35176086000,-63421534,39429958,66297008,-26867050,144075783,180630267,-36554484,231728678,233053133,-1324455,296400560,231654572,64745988,-8.67,-3.67,-5.00,-0.18,8.85,0,4,0,4,0,0,0,-66.17,0.00,0.00,0.00,,0.00,,0.00,EastMoney,2026-09-02T18:50:37+08:00
BK1301,2026-09-02T00:00:00Z,134354,133240,135236,132848,134981,-1741,-1.29,8525906,8946885679,2.58,1.16,0.00,0,3749390,4776516,416586192000,379508336000,-240937760,1071430768,1031216784,40213984,1968614608,2249766352,-281151744,2775661984,2848332832,-72670848,2939224544,2625615936,313608608,-2.69,0.45,-3.14,-0.81,3.51,0,24,3,21,0,0,0,22.30,0.00,0.00,0.00,,0.00,,0.00,EastMoney,2026-09-02T18:50:37+08:00
BK1302,2026-09-02T00:00:00Z,1067137,1059061,1067357,1053037,1078890,-19829,-1.84,6246511,14819664695,1.97,0.86,0.00,0,2750760,3495750,778996528000,680199328000,-1131558560,898152304,1404574752,-506422448,2769877296,3395013408,-625136112,4759385600,4761950720,-2565120,5945937152,4764226560,1181710592,-7.64,-3.42,-4.22,-0.02,7.97,0,44,6,38,0,0,0,27.74,0.00,0.00,0.00,,0.00,,0.00,EastMoney,2026-09-02T18:50:37+08:00
BK1303,2026-09-02T00:00:00Z,1738910,1744856,1753408,1728052,1757934,-13078,-0.74,5888522,25230846052,2.56,0.85,0.00,0,2703906,3184616,2239797984000,2048198608000,-1733973344,3038902256,3460469328,-421567072,6084499200,7396905472,-1312406272,7705091072,7396756480,308334592,7646697472,6195340032,1451357440,-6.87,-1.67,-5.20,1.22,5.75,0,33,10,23,0,0,0,22.05,0.00,0.00,0.00,,0.00,,0.00,EastMoney,2026-09-02T18:50:37+08:00
BK1304,2026-09-02T00:00:00Z,2159695,2164769,2175284,2137241,2179673,-14904,-0.68,1076623,3143472942,2.03,0.87,0.00,0,505048,571575,156626351000,137456780000,-73157851,184651938,226675693,-42023755,637962432,669096528,-31134096,1048862416,1023935648,24926768,1092007968,1037442752,54565216,-2.33,-1.34,-0.99,0.79,1.74,0,19,5,13,1,0,0,82.61,0.00,0.00,0.00,,0.00,,0.00,EastMoney,2026-09-02T18:50:37+08:00
BK1305,2026-09-02T00:00:00Z,25968,25983,26159,25558,25968,15,0.06,22346,39523932,1.14,0.83,0.00,0,10476,11870,4262228000,3469347000,572557,0,0,0,5243831,4671274,572557,10578402,10474327,104075,23391475,24068107,-676632,1.45,0.00,1.45,0.26,-1.71,0,1,1,0,0,0,0,-6.96,0.00,0.00,0.00,,0.00,,0.00,EastMoney,2026-09-02T18:50:37+08:00
BK1306,2026-09-02T00:00:00Z,225225,226237,227429,223074,226965,-728,-0.32,1621699,2655001031,3.44,1.06,0.00,0,785566,836133,75774445000,71929594000,62424565,218605097,165805684,52799413,547701472,538076320,9625152,877437168,881955760,-4518592,944880080,1002081216,-57201136,2.35,1.99,0.36,-0.17,-2.15,0,10,4,6,0,0,0,-56.04,0.00,0.00,0.00,,0.00,,0.00,EastMoney,2026-09-02T18:50:37+08:00
BK1307,2026-09-02T00:00:00Z,233457,234484,235879,231433,235086,-602,-0.26,1871870,3134751193,1.63,0.77,0.00,0,799069,1072800,233738034000,199766999000,-148236955,117270446,185033369,-67762923,534267984,614742016,-80474032,964380192,973509296,-9129104,1399844000,1237012784,162831216,-4.73,-2.16,-2.57,-0.29,5.19,0,27,9,18,0,0,0,60.03,0.00,0.00,0.00,,0.00,,0.00,EastMoney,2026-09-02T18:50:37+08:00
BK1308,2026-09-02T00:00:00Z,257036,256444,257656,254590,259032,-2588,-1.00,993535,1312895779,1.43,0.71,0.00,0,453017,540518,86300006000,74224135000,-43197160,34225433,44490226,-10264793,197379220,230311587,-32932367,417137920,382258656,34879264,624252640,612817232,11435408,-3.29,-0.78,-2.51,2.66,0.87,0,14,2,12,0,0,0,39.51,0.00,0.00,0.00,,0.00,,0.00,EastMoney,2026-09-02T18:50:37+08:00
BK1309,2026-09-02T00:00:00Z,648696,647682,652610,642535,651788,-4106,-0.63,2591829,4428020299,1.23,0.93,0.00,0,1158888,1432941,451409424000,434628736000,-300645674,172315174,410835680,-238520506,843934864,906060032,-62125168,1492132352,1323012736,169119616,1792918048,1655247616,137670432,-6.79,-5.39,-1.40,3.82,3.11,0,30,10,20,0,0,0,28.94,0.00,0.00,0.00,,0.00,,0.00,EastMoney,2026-09-02T18:50:37+08:00
BK1310,2026-09-02T00:00:00Z,347651,349967,350745,343962,348803,1164,0.33,2585249,3570659914,2.01,0.93,0.00,0,1205357,1379892,208452154000,177825128000,5638242,191133759,224434813,-33301054,670307936,631368640,38939296,1161612352,1100140400,61471952,1425814160,1475298352,-49484192,0.16,-0.93,1.09,1.72,-1.39,0,28,14,12,2,0,0,24.62,0.00,0.00,0.00,,0.00,,0.00,EastMoney,2026-09-02T18:50:37+08:00
BK1311,2026-09-02T00:00:00Z,392953,398510,400839,391366,394910,3600,0.91,5432125,9288692766,2.21,1.02,0.00,0,2651501,2780624,505134544000,459310176000,-186297984,565230416,689067328,-123836912,1860028928,1922490000,-62461072,3179515696,2943763376,235752320,3384839584,3379269152,5570432,-2.01,-1.33,-0.67,2.54,0.06,0,31,15,16,0,0,0,35.03,0.00,0.00,0.00,,0.00,,0.00,EastMoney,2026-09-02T18:50:37+08:00
BK1312,2026-09-02T00:00:00Z,368699,377639,379311,367859,371604,6035,1.62,12202188,16944813529,4.26,1.02,0.00,0,5896452,6305736,362644736000,329462688000,2006971408,3555171344,1665285840,1889885504,3421459888,3304373984,117085904,4647197184,5339107584,-691910400,4936154112,6218264320,-1282110208,11.84,11.15,0.69,-4.08,-7.57,0,40,25,14,1,0,0,60.06,0.00,0.00,0.00,,0.00,,0.00,EastMoney,2026-09-02T18:50:37+08:00
BK1313,2026-09-02T00:00:00Z,188285,187256,188285,186082,189410,-2154,-1.14,2182377,3276059052,1.51,0.87,0.00,0,950279,1232098,212470051000,148027042000,-133325932,84523529,123205973,-38682444,548388048,643031536,-94643488,1074173168,1027236816,46936352,1484834720,1388218608,96616112,-4.07,-1.18,-2.89,1.43,2.95,0,26,3,22,1,0,0,103.96,0.00,0.00,0.00,,0.00,,0.00,EastMoney,2026-09-02T18:50:37+08:00
BK1314,2026-09-02T00:00:00Z,134112,132775,134112,132149,135059,-2284,-1.69,1411745,1916865991,1.53,0.84,0.00,0,608663,803083,136273759000,119777604000,-221458758,117386052,232504266,-115118214,348495296,454835840,-106340544,621811648,644366016,-22554368,785238464,541225344,244013120,-11.55,-6.01,-5.55,-1.18,12.73,0,5,0,5,0,0,0,49.85,0.00,0.00,0.00,,0.00,,0.00,EastMoney,2026-09-02T18:50:37+08:00
BK1315,2026-09-02T00:00:00Z,223451,222377,224045,220093,223812,-1435,-0.64,6079512,4496059357,1.64,0.83,0.00,0,2497886,3581626,283726320000,266892124000,-68282608,347454576,236170816,111283760,896738064,1076304432,-179566368,1438218304,1416831920,21386384,1687079904,1638731616,48348288,-1.52,2.48,-3.99,0.48,1.08,0,22,8,14,0,0,0,-10.85,0.00,0.00,0.00,,0.00,,0.00,EastMoney,2026-09-02T18:50:37+08:00
BK1316,2026-09-02T00:00:00Z,229501,227896,229739,226529,230908,-3012,-1.30,1606346,3422934100,1.59,1.06,0.00,0,736596,869750,169586769000,152808543000,-53632212,167598874,197321246,-29722372,650009216,673919056,-23909840,1113035088,1063676752,49358336,1395216496,1377577376,17639120,-1.57,-0.87,-0.70,1.44,0.52,0,19,3,15,1,0,0,-365.01,0.00,0.00,0.00,,0.00,,0.00,EastMoney,2026-09-02T18:50:37+08:00
BK1317,2026-09-02T00:00:00Z,663548,664015,672086,658088,669061,-5046,-0.75,744956,3315205944,1.74,0.78,0.00,0,379678,365279,215756111000,171463713000,-199821846,173210922,291927376,-118716454,594657744,675763136,-81105392,1042026768,1023025600,19001168,1364393328,1163633232,200760096,-6.03,-3.58,-2.45,0.57,6.06,0,11,4,7,0,0,0,64.76,0.00,0.00,0.00,,0.00,,0.00,EastMoney,2026-09-02T18:50:37+08:00
BK1318,2026-09-02T00:00:00Z,1020184,992231,1020618,992222,1025789,-33558,-3.27,1204847,1410107918,1.00,1.03,0.00,0,430492,774355,140184929000,140184840000,-287801476,128361532,301146176,-172784644,231835280,346852112,-115016832,441928384,359668704,82259680,581565200,376023424,205541776,-20.41,-12.25,-8.16,5.83,14.58,0,2,0,2,0,0,0,-8.13,0.00,0.00,0.00,,0.00,,0.00,EastMoney,2026-09-02T18:50:37+08:00
BK1319,2026-09-02T00:00:00Z,197375,194957,197375,193720,197624,-2667,-1.35,1472753,1196045608,1.61,0.65,0.00,0,632700,840053,91164192000,90364123000,-118825172,83418575,159146101,-75727526,224393860,267491506,-43097646,396736896,357792496,38944400,469322304,389441552,79880752,-9.93,-6.33,-3.60,3.26,6.68,0,5,1,4,0,0,0,-7.52,0.00,0.00,0.00,,0.00,,0.00,EastMoney,2026-09-02T18:50:37+08:00
BK1320,2026-09-02T00:00:00Z,1347822,1324990,1347822,1321102,1354595,-29605,-2.19,1058001,7542041564,2.25,0.67,0.00,0,507040,550961,376751120000,317623488000,-460933232,833823504,1060722112,-226898608,1696678528,1930713152,-234034624,2383881568,2424455088,-40573520,2438443520,1936936768,501506752,-6.11,-3.01,-3.10,-0.54,6.65,0,10,1,9,0,0,0,23.06,0.00,0.00,0.00,,0.00,,0.00,EastMoney,2026-09-02T18:50:37+08:00
BK1321,2026-09-02T00:00:00Z,146848,148021,148372,145097,147625,396,0.27,585533,568719929,1.92,1.20,0.00,0,293052,292480,26763441000,24872180000,4301715,15201566,26771082,-11569516,123901679,108030448,15871231,198384325,171684340,26699985,221807560,252809259,-31001699,0.76,-2.03,2.79,4.69,-5.45,0,4,3,0,1,0,0,140.91,0.00,0.00,0.00,,0.00,,0.00,EastMoney,2026-09-02T18:50:37+08:00
BK1322,2026-09-02T00:00:00Z,884622,890570,895140,875167,892798,-2228,-0.25,3365455,10377503178,2.38,0.86,0.00,0,1618860,1746595,434182864000,359707072000,-555736256,924661984,1300643040,-375981056,2056080624,2235835824,-179755200,3028153888,3192137952,-163984064,4178832720,3456689344,722143376,-5.36,-3.62,-1.73,-1.58,6.96,0,29,11,18,0,0,0,94.51,0.00,0.00,0.00,,0.00,,0.00,EastMoney,2026-09-02T18:50:37+08:00
BK1323,2026-09-02T00:00:00Z,117006,115267,117030,115220,117944,-2677,-2.27,803879,1188506647,0.54,0.93,0.00,0,290014,513865,186690542000,138198089000,-95181649,104922499,177154913,-72232414,244317148,267266383,-22949235,373854192,356243504,17610688,448813344,371242384,77570960,-8.01,-6.08,-1.93,1.48,6.53,0,2,0,2,0,0,0,31.17,0.00,0.00,0.00,,0.00,,0.00,EastMoney,2026-09-02T18:50:37+08:00
BK1325,2026-09-02T00:00:00Z,1258827,1266990,1280322,1249275,1282538,-15548,-1.21,2934155,18099630481,2.73,0.61,0.00,0,1463215,1470940,988218592000,570114576000,-1147926048,1406843424,1841113888,-434270464,3493159264,4206814848,-713655584,6909297920,6549667584,359630336,5753485312,4907372800,846112512,-6.34,-2.40,-3.94,1.99,4.67,0,31,4,26,1,0,0,398.52,0.00,0.00,0.00,,0.00,,0.00,EastMoney,2026-09-02T18:50:37+08:00
BK1326,2026-09-02T00:00:00Z,4888360,4870634,4939334,4816161,4966405,-95771,-1.93,1723172,30176145429,2.02,0.79,0.00,0,857331,865840,2093177616000,1927013328000,-1637090016,3552634864,4101630160,-548995296,7389015296,8477110016,-1088094720,14162030336,13090127616,1071902720,4516984576,3951797296,565187280,-5.43,-1.82,-3.61,3.55,1.87,0,25,2,23,0,0,0,109.71,0.00,0.00,0.00,,0.00,,0.00,EastMoney,2026-09-02T18:50:37+08:00
BK1327,2026-09-02T00:00:00Z,1537173,1535126,1548916,1524435,1560614,-25488,-1.63,2541261,15592106869,2.97,0.69,0.00,0,1206977,1334284,579622464000,559873296000,-705830752,1784231728,2300212368,-515980640,5605306624,5795156736,-189850112,4860297984,4598625024,261672960,2995556400,2551398432,444157968,-4.53,-3.31,-1.22,1.68,2.85,0,18,2,16,0,0,0,-94.57,0.00,0.00,0.00,,0.00,,0.00,EastMoney,2026-09-02T18:50:37+08:00
BK1328,2026-09-02T00:00:00Z,835830,837125,844317,827523,849034,-11909,-1.40,3794298,13699365404,3.57,0.77,0.00,0,1736249,2058049,410681728000,394830000000,-1059503408,1181670432,1568601952,-386931520,2662370992,3334942880,-672571888,4230861536,4307804416,-76942880,5244765952,4101407712,1143358240,-7.73,-2.82,-4.91,-0.56,8.35,0,13,2,11,0,0,0,63.31,0.00,0.00,0.00,,0.00,,0.00,EastMoney,2026-09-02T18:50:37+08:00
BK1329,2026-09-02T00:00:00Z,370852,370755,376315,369829,378306,-7551,-2.00,2251313,11788474186,1.81,0.83,0.00,0,1075866,1175446,2030984736000,592627824000,-733138736,1174204208,1667483792,-493279584,3072993472,3312852624,-239859152,4800988672,4247815328,553173344,2548941856,2368976432,179965424,-6.22,-4.18,-2.03,4.69,1.53,0,9,0,8,1,0,0,136.98,0.00,0.00,0.00,,0.00,,0.00,EastMoney,2026-09-02T18:50:37+08:00
BK1330,2026-09-02T00:00:00Z,662121,666372,670596,659079,670703,-4331,-0.65,2048641,11773038727,2.13,0.79,0.00,0,1015065,1033576,629223664000,535155424000,31081984,958930496,959439360,-508864,2474508096,2442917248,31590848,4343699968,4356390400,-12690432,3832210528,3850602224,-18391696,0.26,0.00,0.27,-0.11,-0.16,0,36,10,26,0,0,0,364.60,0.00,0.00,0.00,,0.00,,0.00,EastMoney,2026-09-02T18:50:37+08:00
BK1331,2026-09-02T00:00:00Z,2504083,2498569,2523398,2486954,2538375,-39806,-1.57,7335534,79978988104,2.70,0.81,0.00,0,3454384,3881151,7700014080000,3445115808000,-3840172800,13122187008,16249285888,-3127098880,24363986688,25077060608,-713073920,24980960768,23431462656,1549498112,15470622976,13155649280,2314973696,-4.80,-3.91,-0.89,1.94,2.89,0,54,6,47,1,0,0,53.52,0.00,0.00,0.00,,0.00,,0.00,EastMoney,2026-09-02T18:50:37+08:00
BK1332,2026-09-02T00:00:00Z,320657,320948,324317,318939,325170,-4222,-1.30,5329471,21455126292,3.52,0.70,0.00,0,2588319,2741152,699322192000,580310240000,-710810048,2020356784,2457529200,-437172416,4767642368,5041280000,-273637632,6837191168,6825772544,11418624,7151523584,6413261824,738261760,-3.31,-2.04,-1.28,0.05,3.44,0,37,5,32,0,0,0,103.09,0.00,0.00,0.00,,0.00,,0.00,EastMoney,2026-09-02T18:50:37+08:00
BK1333,2026-09-02T00:00:00Z,738312,740786,744358,734337,744228,-3442,-0.46,5048195,5456926734,2.38,0.88,0.00,0,2353935,2694260,250436597000,215542673000,-162158313,262788503,363945360,-101156857,1138204384,1199205840,-61001456,1767014608,1682177216,84837392,2199852512,2122531584,77320928,-2.97,-1.85,-1.12,1.55,1.42,0,30,8,22,0,0,0,-140.07,0.00,0.00,0.00,,0.00,,0.00,EastMoney,2026-09-02T18:50:37+08:00
BK1334,2026-09-02T00:00:00Z,1572593,1573107,1590657,1563110,1595712,-22605,-1.42,2686264,12869713401,2.62,0.74,0.00,0,1161717,1524547,413728032000,359004848000,-394865824,1635592208,1946530144,-310937936,3008849392,3092777280,-83927888,4088067264,3897625136,190442128,3769497152,3555881616,213615536,-3.07,-2.42,-0.65,1.48,1.66,0,27,3,24,0,0,0,240.22,0.00,0.00,0.00,,0.00,,0.00,EastMoney,2026-09-02T18:50:37+08:00
BK1335,2026-09-02T00:00:00Z,335208,334573,336639,333051,338889,-4316,-1.27,20443695,14472119806,2.08,0.85,0.00,0,8068769,12374926,851964304000,604774800000,-819514512,1933243872,2498308800,-565064928,2913733808,3168183392,-254449584,4226974928,4119733696,107241232,5027329536,4313604352,713725184,-5.66,-3.90,-1.76,0.74,4.93,0,42,10,32,0,0,0,77.73,0.00,0.00,0.00,,0.00,,0.00,EastMoney,2026-09-02T18:50:37+08:00
BK1336,2026-09-02T00:00:00Z,1477842,1479833,1490407,1466914,1496920,-17087,-1.14,4980411,14656274013,3.67,0.86,0.00,0,2427631,2552780,420006672000,379933520000,-242782240,1386120624,1510735680,-124615056,3191520528,3309687712,-118167184,4459876608,4574842368,-114965760,5347597824,4989849856,357747968,-1.66,-0.85,-0.81,-0.78,2.44,0,33,5,28,0,0,0,41.40,0.00,0.00,0.00,,0.00,,0.00,EastMoney,2026-09-02T18:50:37+08:00
BK1337,2026-09-02T00:00:00Z,272006,279982,282208,271865,273830,6152,2.25,1146193,4373717087,2.73,1.22,0.00,0,554208,591985,277722912000,196185039000,-22060637,240006148,250221873,-10215725,1111532176,1123377088,-11844912,1468437104,1421305392,47131712,1456772800,1481791696,-25018896,-0.50,-0.23,-0.27,1.08,-0.57,0,11,7,4,0,0,0,28.83,0.00,0.00,0.00,,0.00,,0.00,EastMoney,2026-09-02T18:50:37+08:00
BK1338,2026-09-02T00:00:00Z,1374683,1393412,1400289,1372218,1384998,8414,0.61,18561251,52038040075,2.38,1.03,0.00,0,9154414,9406837,3170602800000,2929052800000,989046016,6173028096,5592090368,580937728,12342750720,11934642432,408108288,16322948608,16297991680,24956928,15969689856,16871052288,-901362432,1.90,1.12,0.78,0.05,-1.73,0,88,42,46,0,0,0,35.37,0.00,0.00,0.00,,0.00,,0.00,EastMoney,2026-09-02T18:50:37+08:00
BK1339,2026-09-02T00:00:00Z,1232220,1234148,1246636,1222043,1253484,-19336,-1.54,4334053,19108814561,4.80,0.78,0.00,0,2114682,2219372,505257520000,469585040000,-2018304176,1786158992,2482207504,-696048512,4060913104,5383168768,-1322255664,6039446016,5774431232,265014784,6634815744,4864079360,1770736384,-10.56,-3.64,-6.92,1.39,9.27,0,19,4,15,0,0,0,58.60,0.00,0.00,0.00,,0.00,,0.00,EastMoney,2026-09-02T18:50:37+08:00
BK1340,2026-09-02T00:00:00Z,1177134,1183002,1193725,1173469,1194683,-11681,-0.98,9099178,60395742127,3.24,0.70,0.00,0,4308282,4790897,2625331472000,2224245744000,-2594244608,8297400320,10184089856,-1886689536,14389598976,15097154048,-707555072,18750211584,18106720768,643490816,17634553600,15663534592,1971019008,-4.30,-3.12,-1.17,1.07,3.26,0,48,10,38,0,0,0,66.40,0.00,0.00,0.00,,0.00,,0.00,EastMoney,2026-09-02T18:50:37+08:00
BK1341,2026-09-02T00:00:00Z,144949,146565,149569,139227,148126,-1561,-1.05,9446843,2818894239,16.38,2.14,0.00,0,4521412,4925432,19495537000,19420938000,-119290720,330722656,377798784,-47076128,589218416,661433008,-72214592,842630800,785509968,57120832,925561472,863391600,62169872,-4.23,-1.67,-2.56,2.03,2.21,0,3,0,3,0,0,0,-36.07,0.00,0.00,0.00,,0.00,,0.00,EastMoney,2026-09-02T18:50:37+08:00
BK1342,2026-09-02T00:00:00Z,143146,142766,144289,140101,143146,-380,-0.27,135373,50687757,1.59,0.61,0.00,0,63724,71649,4147778000,3200477000,-506214,0,0,0,5641759,6147973,-506214,15437045,18172719,-2735674,27850638,24608750,3241888,-1.00,0.00,-1.00,-5.40,6.40,0,1,0,1,0,0,0,60.77,0.00,0.00,0.00,,0.00,,0.00,EastMoney,2026-09-02T18:50:37+08:00
BK1343,2026-09-02T00:00:00Z,178566,178257,179059,175573,179838,-1581,-0.88,2343407,1384740218,2.57,1.35,0.00,0,1191356,1152051,40726178000,36783525000,-52448887,64706806,151135002,-86428196,290568160,256588851,33979309,457250496,456168000,1082496,527295056,475928656,51366400,-3.79,-6.24,2.45,0.08,3.71,0,11,2,8,1,0,0,-7.76,0.00,0.00,0.00,,0.00,,0.00,EastMoney,2026-09-02T18:50:37+08:00
BK1344,2026-09-02T00:00:00Z,231001,230761,231399,229138,232003,-1242,-0.54,1254604,845555012,0.79,0.69,0.00,0,474367,780237,125354804000,120513745000,-59533617,28410474,53870436,-25459962,175734775,209808430,-34073655,271230512,259537143,11693369,343303536,295463296,47840240,-7.04,-3.01,-4.03,1.38,5.66,0,14,4,9,1,0,0,-7.03,0.00,0.00,0.00,,0.00,,0.00,EastMoney,2026-09-02T18:50:37+08:00
BK1345,2026-09-02T00:00:00Z,123729,123516,124068,121839,123789,-273,-0.22,4203722,2074304101,1.19,0.91,0.00,0,2083006,2120715,193971525000,182290132000,47986601,284790592,209102519,75688073,467928384,495629856,-27701472,629994944,629351744,643200,649093472,697723264,-48629792,2.31,3.65,-1.34,0.03,-2.34,0,12,3,9,0,0,0,-9.42,0.00,0.00,0.00,,0.00,,0.00,EastMoney,2026-09-02T18:50:37+08:00
BK1346,2026-09-02T00:00:00Z,190308,190015,190984,186471,191548,-1533,-0.80,30175431,12332679499,2.12,0.89,0.00,0,13706433,16468998,544725152000,514747984000,-4693312,1112904368,1050450560,62453808,2799324864,2866471984,-67147120,3741120304,3765767200,-24646896,4366127104,4336786944,29340160,-0.04,0.51,-0.54,-0.20,0.24,0,64,13,49,2,0,0,-3.56,0.00,0.00,0.00,,0.00,,0.00,EastMoney,2026-09-02T18:50:37+08:00
BK1347,2026-09-02T00:00:00Z,39419,38713,39525,38678,39443,-730,-1.85,13966,46401380,0.12,0.70,0.00,0,5128,8838,38405969000,38405969000,-1181773,0,0,0,3321719,4503492,-1181773,10538472,14258801,-3720329,31525452,26623350,4902102,-2.55,0.00,-2.55,-8.02,10.56,0,1,0,1,0,0,0,15.43,0.00,0.00,0.00,,0.00,,0.00,EastMoney,2026-09-02T18:50:37+08:00
BK1348,2026-09-02T00:00:00Z,316332,320555,325645,314466,316404,4151,1.31,440530,615133726,2.54,1.03,0.00,0,225768,214763,25396124000,23256780000,22823444,14701961,25355982,-10654021,118554201,85076736,33477465,163347373,163545839,-198466,274354128,296076912,-21722784,3.71,-1.73,5.44,-0.03,-3.53,0,4,2,2,0,0,0,24.64,0.00,0.00,0.00,,0.00,,0.00,EastMoney,2026-09-02T18:50:37+08:00
BK1349,2026-09-02T00:00:00Z,264487,261723,264487,260214,265055,-3332,-1.26,949605,665800286,1.39,0.72,0.00,0,392497,557109,46319620000,45798608000,-23879514,23761940,24477675,-715735,112250643,135414422,-23163779,199024615,217239699,-18215084,317828080,275733472,42094608,-3.59,-0.11,-3.48,-2.74,6.32,0,9,2,7,0,0,0,16.60,0.00,0.00,0.00,,0.00,,0.00,EastMoney,2026-09-02T18:50:37+08:00
BK1350,2026-09-02T00:00:00Z,197834,199611,200680,196557,198855,756,0.38,1432277,1134568843,1.97,0.86,0.00,0,706688,725589,63883532000,58115249000,4910841,30818820,17403043,13415777,188023728,196528664,-8504936,377477888,370768592,6709296,515831024,527451168,-11620144,0.43,1.18,-0.75,0.59,-1.02,0,15,6,7,2,0,0,31.18,0.00,0.00,0.00,,0.00,,0.00,EastMoney,2026-09-02T18:50:37+08:00
BK1351,2026-09-02T00:00:00Z,157339,153645,157467,153577,158558,-4913,-3.10,393237,357949029,1.69,1.17,0.00,0,180923,212314,16181946000,16181946000,-29222890,16587846,24764134,-8176288,50732695,71779297,-21046602,110769495,125144802,-14375307,170152617,126554420,43598197,-8.16,-2.28,-5.88,-4.02,12.18,0,4,0,4,0,0,0,25.01,0.00,0.00,0.00,,0.00,,0.00,EastMoney,2026-09-02T18:50:37+08:00
BK1352,2026-09-02T00:00:00Z,216526,216745,217769,214148,216893,-148,-0.07,5362233,3695455427,1.63,1.22,0.00,0,2758939,2603294,234779767000,211762407000,66660014,209266486,130144504,79121982,663444224,675906192,-12461968,1120258960,1184206832,-63947872,1628102752,1630814896,-2712144,1.80,2.14,-0.34,-1.73,-0.07,0,39,9,29,1,0,0,34.48,0.00,0.00,0.00,,0.00,,0.00,EastMoney,2026-09-02T18:50:37+08:00
BK1353,2026-09-02T00:00:00Z,424301,423799,426759,418224,424956,-1157,-0.27,346734,294543666,1.38,0.95,0.00,0,172439,174295,31668164000,28061515000,-7883001,7702367,11219885,-3517518,40479211,44844694,-4365483,86075959,80853055,5222904,136054337,131409028,4645309,-2.68,-1.19,-1.48,1.77,1.58,0,7,2,5,0,0,0,20.13,0.00,0.00,0.00,,0.00,,0.00,EastMoney,2026-09-02T18:50:37+08:00
BK1354,2026-09-02T00:00:00Z,70252,72188,72466,70093,70496,1692,2.40,1392377,2103364513,4.30,1.19,0.00,0,717480,674897,43424448000,39478028000,184233768,282674512,156248408,126426104,526062080,468254416,57807664,638424192,669812416,-31388224,633194656,786040208,-152845552,8.76,6.01,2.75,-1.49,-7.27,0,11,6,5,0,0,0,7562.22,0.00,0.00,0.00,,0.00,,0.00,EastMoney,2026-09-02T18:50:37+08:00
BK1355,2026-09-02T00:00:00Z,302956,304504,306357,300819,304605,-101,-0.03,767247,548322828,4.00,0.68,0.00,0,368499,398748,16936650000,15977727000,-55876799,8408116,30456441,-22048325,96939269,130767743,-33828474,171279169,158899716,12379453,262384226,218886880,43497346,-10.19,-4.02,-6.17,2.26,7.93,0,4,2,2,0,0,0,61.63,0.00,0.00,0.00,,0.00,,0.00,EastMoney,2026-09-02T18:50:37+08:00
BK1356,2026-09-02T00:00:00Z,53937,53892,54074,53346,54164,-272,-0.50,132496,38193335,0.85,0.62,0.00,0,45137,87359,4785529000,4765704000,-4964029,980000,3226658,-2246658,9299018,12016389,-2717371,17369664,15092228,2277436,9699305,7012712,2686593,-13.00,-5.88,-7.11,5.96,7.03,0,2,0,2,0,0,0,-21.63,0.00,0.00,0.00,,0.00,,0.00,EastMoney,2026-09-02T18:50:37+08:00
BK1357,2026-09-02T00:00:00Z,192138,192382,192780,188610,194944,-2562,-1.31,5373184,3880379205,5.16,0.90,0.00,0,2534402,2838783,105392729000,98616413000,-206080286,183859282,293401648,-109542366,635597056,732134976,-96537920,1178800240,1158930000,19870240,1579719920,1393509872,186210048,-5.31,-2.82,-2.49,0.51,4.80,0,16,1,12,3,0,0,23.00,0.00,0.00,0.00,,0.00,,0.00,EastMoney,2026-09-02T18:50:37+08:00
BK1358,2026-09-02T00:00:00Z,140855,139741,142402,139567,141309,-1568,-1.11,2952614,8400156006,0.39,0.93,0.00,0,1319580,1633034,2958712624000,2030235456000,-838758704,1141280688,1754707216,-613426528,2161948896,2387281072,-225332176,2548818544,2369870288,178948256,2381823920,1722013472,659810448,-9.99,-7.30,-2.68,2.13,7.85,0,5,1,4,0,0,0,5.24,0.00,0.00,0.00,,0.00,,0.00,EastMoney,2026-09-02T18:50:37+08:00
BK1359,2026-09-02T00:00:00Z,210437,209211,211679,208852,211040,-1829,-0.87,3728489,2669766080,1.01,0.95,0.00,0,1464664,2263825,248796030000,248749172000,-257115744,331900576,531966816,-200066240,517059728,574109232,-57049504,807746624,668365456,139381168,945387888,827653312,117734576,-9.63,-7.49,-2.14,5.22,4.41,0,9,1,8,0,0,0,16.27,0.00,0.00,0.00,,0.00,,0.00,EastMoney,2026-09-02T18:50:37+08:00
BK1360,2026-09-02T00:00:00Z,524467,528494,542005,517770,531549,-3055,-0.57,1733168,2170682577,6.43,1.27,0.00,0,844045,889123,39244996000,35408993000,-88410447,111543814,158239157,-46695343,507135088,548850192,-41715104,774405952,707617456,66788496,730584224,708962272,21621952,-4.07,-2.15,-1.92,3.08,1.00,0,3,1,2,0,0,0,29.63,0.00,0.00,0.00,,0.00,,0.00,EastMoney,2026-09-02T18:50:37+08:00
BK1361,2026-09-02T00:00:00Z,52614,51803,52969,51409,53154,-1351,-2.54,521255,667966281,1.46,0.58,0.00,0,231950,289305,50213834000,46066626000,-38815709,27490897,46913397,-19422500,98860516,118253725,-19393209,207860596,217591402,-9730806,321881744,273335232,48546512,-5.81,-2.91,-2.90,-1.46,7.27,0,4,0,4,0,0,0,23.08,0.00,0.00,0.00,,0.00,,0.00,EastMoney,2026-09-02T18:50:37+08:00
BK1363,2026-09-02T00:00:00Z,195178,192761,195860,191398,196157,-3396,-1.73,1420222,438895120,0.87,0.87,0.00,0,526306,893917,69165983000,58271461000,-20532052,34131714,44351503,-10219789,91987657,102299920,-10312263,142116725,141157802,958923,162994559,143421430,19573129,-4.68,-2.33,-2.35,0.22,4.46,0,3,0,3,0,0,0,13.39,0.00,0.00,0.00,,0.00,,0.00,EastMoney,2026-09-02T18:50:37+08:00
BK1364,2026-09-02T00:00:00Z,363607,360903,363746,357154,366654,-5751,-1.57,577559,496819971,1.66,0.84,0.00,0,266534,311025,37943713000,37890062000,-24031931,20716589,27640469,-6923880,82508569,99616620,-17108051,143296785,152310233,-9013448,241682280,208636901,33045379,-4.84,-1.39,-3.44,-1.81,6.65,0,4,1,3,0,0,0,25.16,0.00,0.00,0.00,,0.00,,0.00,EastMoney,2026-09-02T18:50:37+08:00
BK1365,2026-09-02T00:00:00Z,296852,292531,297401,290329,298067,-5536,-1.86,1326419,659661321,1.01,1.12,0.00,0,520953,805466,75361851000,71845712000,-24405547,61525112,111816322,-50291210,141658824,115773161,25885663,208151054,170154562,37996492,239095498,252686441,-13590943,-3.70,-7.62,3.92,5.76,-2.06,0,3,0,3,0,0,0,8.73,0.00,0.00,0.00,,0.00,,0.00,EastMoney,2026-09-02T18:50:37+08:00
BK1366,2026-09-02T00:00:00Z,14475150,14256653,14493334,14247276,14568445,-311792,-2.14,25318702,27712920937,0.95,0.79,0.00,0,10125825,15192877,3557210784000,3009001248000,-3782364496,3134286000,5623430912,-2489144912,6049682944,7342902528,-1293219584,8762751744,7530650624,1232101120,9145216000,6594952448,2550263552,-13.65,-8.98,-4.67,4.45,9.20,0,49,1,48,0,0,0,12.66,0.00,0.00,0.00,,0.00,,0.00,EastMoney,2026-09-02T18:50:37+08:00
BK1367,2026-09-02T00:00:00Z,83253,82268,83334,81610,83579,-1311,-1.57,11755591,3269957765,0.84,0.97,0.00,0,4500320,7255271,465351120000,421173376000,-91698080,499448432,498279056,1169376,708444624,801312080,-92867456,928583056,877058416,51524640,1074513584,1034340128,40173456,-2.80,0.04,-2.84,1.58,1.23,0,18,1,17,0,0,0,-474.55,0.00,0.00,0.00,,0.00,,0.00,EastMoney,2026-09-02T18:50:37+08:00
BK1368,2026-09-02T00:00:00Z,59476,59660,59851,58825,59720,-60,-0.10,721754,292579995,1.22,1.15,0.00,0,271276,450478,25306303000,25049693000,-12629130,28681852,39505877,-10824025,52279891,54084996,-1805105,96872529,86315077,10557452,111402491,109330813,2071678,-4.32,-3.70,-0.62,3.61,0.71,0,3,1,2,0,0,0,16.42,0.00,0.00,0.00,,0.00,,0.00,EastMoney,2026-09-02T18:50:37+08:00
BK1369,2026-09-02T00:00:00Z,53695,52921,53796,52290,53930,-1009,-1.87,625417,150495600,0.81,0.97,0.00,0,263814,361602,17965538000,17902402000,2583625,5128117,5820803,-692686,21972298,18695987,3276311,53956257,52373828,1582429,67963930,72129984,-4166054,1.72,-0.46,2.18,1.05,-2.77,0,3,0,3,0,0,0,-5.49,0.00,0.00,0.00,,0.00,,0.00,EastMoney,2026-09-02T18:50:37+08:00
BK1370,2026-09-02T00:00:00Z,205529,205236,205529,201786,206606,-1370,-0.66,2310024,1674933250,0.99,0.93,0.00,0,991706,1318317,171578719000,168159369000,65463986,93206442,91022984,2183458,364242736,300962208,63280528,574764112,542447232,32316880,615850960,713631808,-97780848,3.91,0.13,3.78,1.93,-5.84,0,12,2,9,1,0,0,22.53,0.00,0.00,0.00,,0.00,,0.00,EastMoney,2026-09-02T18:50:37+08:00
BK1371,2026-09-02T00:00:00Z,180481,177171,180481,174096,182137,-4966,-2.73,1331111,2416152709,3.27,1.41,0.00,0,546725,784386,91122470000,60646044000,-104505774,194446037,236629027,-42182990,502583664,564906448,-62322784,736511616,677322992,59188624,920335472,875018304,45317168,-4.33,-1.75,-2.58,2.45,1.88,0,6,0,6,0,0,0,44.14,0.00,0.00,0.00,,0.00,,0.00,EastMoney,2026-09-02T18:50:37+08:00
BK1372,2026-09-02T00:00:00Z,612844,616166,619762,610559,616235,-69,-0.01,1445635,634736520,0.90,0.95,0.00,0,524601,921034,87781303000,83452702000,-44065100,40331351,34114100,6217251,102560423,152842774,-50282351,197497545,195454700,2042845,284683408,242661157,42022251,-6.94,0.98,-7.92,0.32,6.62,0,4,2,2,0,0,0,26.39,0.00,0.00,0.00,,0.00,,0.00,EastMoney,2026-09-02T18:50:37+08:00
BK1373,2026-09-02T00:00:00Z,327519,326247,328027,323574,328672,-2425,-0.74,2768764,1814857424,0.97,0.85,0.00,0,1248526,1520238,204445602000,199550301000,-119574443,67478846,141306025,-73827179,343211520,388958784,-45747264,598380080,571605616,26774464,767652336,674852352,92799984,-6.59,-4.07,-2.52,1.48,5.11,0,15,5,10,0,0,0,23.45,0.00,0.00,0.00,,0.00,,0.00,EastMoney,2026-09-02T18:50:37+08:00
BK1374,2026-09-02T00:00:00Z,199979,197298,199984,197167,200200,-2902,-1.45,5770393,4251093803,0.85,0.95,0.00,0,2236321,3534071,715386368000,375341200000,-449345488,270657920,560611264,-289953344,761844720,921236864,-159392144,1313167152,1300516784,12650368,1800186832,1363491728,436695104,-10.57,-6.82,-3.75,0.30,10.27,0,16,1,15,0,0,0,36.36,0.00,0.00,0.00,,0.00,,0.00,EastMoney,2026-09-02T18:50:37+08:00
BK1375,2026-09-02T00:00:00Z,323294,320724,323427,319306,324872,-4148,-1.28,3875386,1771526568,1.46,0.77,0.00,0,1604273,2271113,121942727000,114917420000,-78020634,49678004,114340766,-64662762,372195776,385553648,-13357872,598814704,563831840,34982864,714056128,671018352,43037776,-4.40,-3.65,-0.75,1.97,2.43,0,13,1,12,0,0,0,-116.64,0.00,0.00,0.00,,0.00,,0.00,EastMoney,2026-09-02T18:50:37+08:00
BK1376,2026-09-02T00:00:00Z,61772,62138,62360,61403,61772,366,0.59,2779711,1947473395,0.44,1.09,0.00,0,1600090,1179621,500116816000,368587728000,301550816,484902816,286687520,198215296,563971184,460635664,103335520,441251664,648809504,-207557840,436191072,530184048,-93992976,15.48,10.18,5.31,-10.66,-4.83,0,3,2,1,0,0,0,24.65,0.00,0.00,0.00,,0.00,,0.00,EastMoney,2026-09-02T18:50:37+08:00
BK1377,2026-09-02T00:00:00Z,236548,234271,237034,233971,237214,-2943,-1.24,18462185,9394073034,1.16,0.97,0.00,0,7424638,11037547,997395600000,850187888000,-476857904,1098042816,1315926960,-217884144,1855579664,2114553424,-258973760,2814658272,2874527680,-59869408,3469501728,2932774416,536727312,-5.08,-2.32,-2.76,-0.64,5.71,0,34,3,29,2,0,0,14.28,0.00,0.00,0.00,,0.00,,0.00,EastMoney,2026-09-02T18:50:37+08:00
BK1378,2026-09-02T00:00:00Z,149166,149468,150019,147265,149815,-347,-0.23,186764,74216642,0.65,0.84,0.00,0,91206,95558,11147305000,9796777000,-804160,4171930,2906910,1265020,11686156,13755336,-2069180,25244131,26659944,-1415813,32494590,30274617,2219973,-1.08,1.70,-2.79,-1.91,2.99,0,2,1,1,0,0,0,33.38,0.00,0.00,0.00,,0.00,,0.00,EastMoney,2026-09-02T18:50:37+08:00
BK1379,2026-09-02T00:00:00Z,325798,327217,327621,321571,326345,872,0.27,5010116,5890872690,3.54,1.12,0.00,0,2306976,2703140,132265412000,125135909000,-154789664,730698896,675700896,54998000,1225203792,1434991456,-209787664,1788477296,1794834320,-6357024,1986957120,1825810400,161146720,-2.63,0.93,-3.56,-0.11,2.74,0,18,9,9,0,0,0,49.90,0.00,0.00,0.00,,0.00,,0.00,EastMoney,2026-09-02T18:50:37+08:00
BK1380,2026-09-02T00:00:00Z,392599,395016,395588,389811,393200,1816,0.46,3521223,6020567324,0.52,1.18,0.00,0,1905776,1615447,1250108816000,1187488704000,291710880,1133362576,950291664,183070912,1622926784,1514286816,108639968,1695621600,1735865296,-40243696,1463395472,1714862640,-251467168,4.85,3.04,1.80,-0.67,-4.18,0,11,7,4,0,0,0,20.08,0.00,0.00,0.00,,0.00,,0.00,EastMoney,2026-09-02T18:50:37+08:00
BK1381,2026-09-02T00:00:00Z,198481,197609,199504,196030,196462,1147,0.58,5586523,5121877871,2.09,1.30,0.00,0,2614112,2972410,271975968000,260409033000,124088875,334933200,217824261,117108939,1064339904,1057359968,6979936,1655994208,1617454656,38539552,1865496368,2014596256,-149099888,2.42,2.29,0.14,0.75,-2.91,0,31,18,12,1,0,0,21.83,0.00,0.00,0.00,,0.00,,0.00,EastMoney,2026-09-02T18:50:37+08:00
BK1382,2026-09-02T00:00:00Z,367518,390448,396431,367518,368687,21761,5.90,5862196,10546027681,6.50,2.76,0.00,0,3004036,2858160,146354475000,141659093000,1280932112,1848700496,733221472,1115479024,2503061984,2337608896,165453088,3297329936,3591316368,-293986432,2732749248,3719694912,-986945664,12.15,10.58,1.57,-2.79,-9.36,0,12,11,1,0,0,0,295.36,0.00,0.00,0.00,,0.00,,0.00,EastMoney,2026-09-02T18:50:37+08:00
BK1383,2026-09-02T00:00:00Z,496742,502461,507403,496590,500114,2347,0.47,2893944,5782188771,2.19,1.53,0.00,0,1394618,1499326,534594288000,371166720000,-162153952,545220832,908263840,-363043008,1556859680,1355970624,200889056,1925953008,1697471072,228481936,1670214272,1736542256,-66327984,-2.80,-6.28,3.47,3.95,-1.15,0,10,6,4,0,0,0,24.80,0.00,0.00,0.00,,0.00,,0.00,EastMoney,2026-09-02T18:50:37+08:00
BK1384,2026-09-02T00:00:00Z,417598,425961,430537,417192,419430,6531,1.56,7974343,20845920503,2.24,1.55,0.00,0,4113310,3861033,1152529200000,934220256000,1359811184,2472625136,1747467648,725157488,5291522304,4656868608,634653696,6643478272,7079287040,-435808768,6050635520,6849462784,-798827264,6.52,3.48,3.04,-2.09,-3.83,0,49,35,13,1,0,0,75.68,0.00,0.00,0.00,,0.00,,0.00,EastMoney,2026-09-02T18:50:37+08:00
BK1385,2026-09-02T00:00:00Z,460827,466296,471758,459860,464835,1461,0.31,1264776,3388756752,1.27,1.09,0.00,0,604987,659789,337216896000,265009867000,-14810521,182372808,217564577,-35191769,676978512,656597264,20381248,1185838752,1120891952,64946800,1301240816,1351377088,-50136272,-0.44,-1.04,0.60,1.92,-1.48,0,9,3,5,1,0,0,374.15,0.00,0.00,0.00,,0.00,,0.00,EastMoney,2026-09-02T18:50:37+08:00
BK1386,2026-09-02T00:00:00Z,632902,641254,646406,631792,638140,3114,0.49,6520022,15840699997,2.24,1.14,0.00,0,3324186,3195836,859580320000,783824656000,280018544,1103397136,1044569728,58827408,3425257456,3204066320,221191136,5417610496,5249102592,168507904,5607407104,6046318592,-438911488,1.77,0.37,1.40,1.06,-2.77,0,61,29,32,0,0,0,321.62,0.00,0.00,0.00,,0.00,,0.00,EastMoney,2026-09-02T18:50:37+08:00
BK1387,2026-09-02T00:00:00Z,355863,356242,357868,351716,357950,-1708,-0.48,2726131,2993770917,2.32,0.87,0.00,0,1288007,1438124,148811470000,140754275000,-43771681,127641517,130572574,-2931057,549094896,589935520,-40840624,971825072,980589760,-8764688,1280599840,1227954640,52645200,-1.46,-0.10,-1.36,-0.29,1.76,0,26,8,17,1,0,0,96.07,0.00,0.00,0.00,,0.00,,0.00,EastMoney,2026-09-02T18:50:37+08:00
BK1388,2026-09-02T00:00:00Z,322327,327424,328624,319904,322495,4929,1.53,332251,383781074,2.29,1.04,0.00,0,177707,154544,18381330000,16634575000,-1093161,7776709,14173416,-6396707,80409859,75106313,5303546,134834956,124453138,10381818,136912662,145037776,-8125114,-0.28,-1.67,1.38,2.71,-2.12,0,7,4,3,0,0,0,-48.81,0.00,0.00,0.00,,0.00,,0.00,EastMoney,2026-09-02T18:50:37+08:00
BK1389,2026-09-02T00:00:00Z,301578,300535,301578,297523,303346,-2811,-0.93,4686542,5252448387,1.49,0.95,0.00,0,2177857,2508685,322615312000,273338672000,-91213040,468433584,499135520,-30701936,1124449456,1184960560,-60511104,1615363712,1602545376,12818336,1947520544,1865682736,81837808,-1.74,-0.58,-1.15,0.24,1.56,0,35,9,25,1,0,0,22.46,0.00,0.00,0.00,,0.00,,0.00,EastMoney,2026-09-02T18:50:37+08:00
BK1390,2026-09-02T00:00:00Z,203553,203810,204651,201521,204441,-631,-0.31,4531384,3992543068,1.06,0.87,0.00,0,2062197,2469187,283759744000,264011637000,-44556166,213453537,192236711,21216826,789201776,854974768,-65772992,1228339856,1239178368,-10838512,1684086384,1628691712,55394672,-1.12,0.53,-1.65,-0.27,1.39,0,51,14,36,1,0,0,24.31,0.00,0.00,0.00,,0.00,,0.00,EastMoney,2026-09-02T18:50:37+08:00
BK1391,2026-09-02T00:00:00Z,179238,178508,179285,176137,179859,-1351,-0.75,2736683,1923628559,2.84,1.20,0.00,0,1167296,1569387,70702071000,63532224000,-115577521,130346216,203357705,-73011489,461910880,504476912,-42566032,618638224,584983872,33654352,652708912,570785744,81923168,-6.01,-3.80,-2.21,1.75,4.26,0,15,3,12,0,0,0,-25.34,0.00,0.00,0.00,,0.00,,0.00,EastMoney,2026-09-02T18:50:37+08:00
BK1392,2026-09-02T00:00:00Z,1571185,1581486,1596835,1559434,1575718,5768,0.37,386819,1164208876,1.26,1.24,0.00,0,181031,205788,193071436000,178666615000,-2313342,38520562,40752931,-2232369,158744333,158825306,-80973,389449568,333402432,56047136,478910336,527865488,-48955152,-0.20,-0.19,-0.01,4.81,-4.21,0,13,7,6,0,0,0,48.53,0.00,0.00,0.00,,0.00,,0.00,EastMoney,2026-09-02T18:50:37+08:00
BK1393,2026-09-02T00:00:00Z,429027,425107,429027,424339,431073,-5966,-1.38,5985386,5444440902,1.38,0.85,0.00,0,2425056,3560330,543948336000,481901984000,-499963632,383902448,750507008,-366604560,1154412400,1287771472,-133359072,1753431584,1547265280,206166304,1981609488,1683344624,298264864,-9.18,-6.73,-2.45,3.79,5.48,0,22,5,17,0,0,0,18.48,0.00,0.00,0.00,,0.00,,0.00,EastMoney,2026-09-02T18:50:37+08:00
BK1394,2026-09-02T00:00:00Z,178964,178804,179413,177293,179793,-989,-0.55,3821335,3274578999,0.74,0.90,0.00,0,1697463,2123872,421396320000,357138624000,-246839072,356642000,533900064,-177258064,659402960,728983968,-69581008,1039300944,936723552,102577392,1147093280,1002711328,144381952,-7.54,-5.41,-2.12,3.13,4.41,0,31,7,21,3,0,0,19.69,0.00,0.00,0.00,,0.00,,0.00,EastMoney,2026-09-02T18:50:37+08:00
BK1395,2026-09-02T00:00:00Z,185554,185648,187225,183994,186889,-1241,-0.66,1725718,2684155120,1.79,0.82,0.00,0,844837,880881,135391285000,109989334000,-82542358,91831775,103379941,-11548166,447329824,518324016,-70994192,868580096,912599168,-44019072,1202078112,1074041920,128036192,-3.08,-0.43,-2.64,-1.64,4.77,0,20,7,11,2,0,0,64.76,0.00,0.00,0.00,,0.00,,0.00,EastMoney,2026-09-02T18:50:37+08:00
BK1396,2026-09-02T00:00:00Z,541827,547295,552024,538823,546827,468,0.09,14294750,17703094715,4.54,0.99,0.00,0,6330146,7964605,768719744000,511223360000,-484408768,1111467760,1546467904,-435000144,3456740144,3506148768,-49408624,5442670592,5331509248,111161344,6715648512,6249902336,465746176,-2.74,-2.46,-0.28,0.63,2.63,0,82,36,42,4,0,0,78.93,0.00,0.00,0.00,,0.00,,0.00,EastMoney,2026-09-02T18:50:37+08:00
BK1397,2026-09-02T00:00:00Z,877017,887702,905970,871437,888050,-348,-0.04,3756779,8021585931,7.52,1.26,0.00,0,1908192,1848588,136028411000,117649287000,134649504,792703536,638960016,153743520,1776145808,1795239824,-19094016,2504140464,2453721424,50419040,2547982768,2665637728,-117654960,1.68,1.92,-0.24,0.63,-1.47,0,14,6,8,0,0,0,5030.45,0.00,0.00,0.00,,0.00,,0.00,EastMoney,2026-09-02T18:50:37+08:00
BK1398,2026-09-02T00:00:00Z,591020,597588,600932,587299,593882,3706,0.62,8155682,15154077336,3.99,1.22,0.00,0,4231637,3924046,441071680000,376695056000,727826512,1605264016,1186131200,419132816,3679205360,3370511664,308693696,4780685824,4718774016,61911808,4416509440,5159307776,-742798336,4.80,2.77,2.04,0.41,-4.90,0,58,31,26,1,0,0,54.52,0.00,0.00,0.00,,0.00,,0.00,EastMoney,2026-09-02T18:50:37+08:00
BK1400,2026-09-02T00:00:00Z,445480,450099,452504,442046,448427,1672,0.37,3051697,7658087340,4.66,1.18,0.00,0,1437679,1614018,182772181000,145105168000,282235792,946840608,655152752,291687856,1783905776,1793357840,-9452064,2430440176,2511080512,-80640336,2322874064,2521265584,-198391520,3.69,3.81,-0.12,-1.05,-2.59,0,20,12,8,0,0,0,66.08,0.00,0.00,0.00,,0.00,,0.00,EastMoney,2026-09-02T18:50:37+08:00
BK1401,2026-09-02T00:00:00Z,354597,353817,356087,352114,358075,-4258,-1.19,1353384,1688411063,2.02,0.89,0.00,0,638511,714873,79509254000,75059217000,-3412792,61969952,86817800,-24847848,311353520,289918464,21435056,557154608,522821136,34333472,662290016,677411280,-15121264,-0.20,-1.47,1.27,2.03,-0.90,0,14,3,10,1,0,0,64.94,0.00,0.00,0.00,,0.00,,0.00,EastMoney,2026-09-02T18:50:37+08:00
BK1402,2026-09-02T00:00:00Z,235793,234879,236649,233690,236880,-2001,-0.84,870833,979166105,1.23,0.86,0.00,0,411849,458984,78440603000,71225911000,-64887745,25091072,34995476,-9904404,145570249,200553590,-54983341,323481456,312168576,11312880,453428944,399858432,53570512,-6.63,-1.01,-5.62,1.16,5.47,0,16,5,10,1,0,0,42.36,0.00,0.00,0.00,,0.00,,0.00,EastMoney,2026-09-02T18:50:37+08:00
BK1403,2026-09-02T00:00:00Z,214351,214454,215483,213115,214010,444,0.21,9288455,10450585300,1.65,1.16,0.00,0,3983109,5305346,531347216000,447663792000,95311456,740527360,645387088,95140272,2031298672,2031127488,171184,3279154448,3334122928,-54968480,4048998944,4073877808,-24878864,0.91,0.91,0.00,-0.53,-0.24,0,64,21,39,4,0,0,41.51,0.00,0.00,0.00,,0.00,,0.00,EastMoney,2026-09-02T18:50:37+08:00
BK1404,2026-09-02T00:00:00Z,183786,185796,188856,181788,186487,-691,-0.37,1163417,1334716731,3.21,1.06,0.00,0,487105,676312,47779958000,30988071000,-53875061,54543377,44373778,10169599,222594204,286638864,-64044660,366657728,390973200,-24315472,455416976,376789488,78627488,-4.04,0.76,-4.80,-1.82,5.89,0,10,3,7,0,0,0,272.55,0.00,0.00,0.00,,0.00,,0.00,EastMoney,2026-09-02T18:50:37+08:00
BK1405,2026-09-02T00:00:00Z,560973,564617,568945,557809,565250,-633,-0.11,6830266,22141565728,2.66,0.89,0.00,0,3216849,3613417,871619120000,728441840000,-248363952,1986086032,2311548224,-325462192,4932550144,4855451904,77098240,7752908800,7292663040,460245760,6793209600,6978342400,-185132800,-1.12,-1.47,0.35,2.08,-0.84,0,91,35,49,7,0,0,76.93,0.00,0.00,0.00,,0.00,,0.00,EastMoney,2026-09-02T18:50:37+08:00
BK1406,2026-09-02T00:00:00Z,237186,238135,239925,235432,237416,719,0.30,907213,1040698714,2.91,1.08,0.00,0,414921,492292,50588121000,40354604000,-6845576,25969988,21668066,4301922,160465611,171613109,-11147498,334288608,329726352,4562256,475606016,480570464,-4964448,-0.66,0.41,-1.07,0.44,-0.48,0,12,6,6,0,0,0,10.10,0.00,0.00,0.00,,0.00,,0.00,EastMoney,2026-09-02T18:50:37+08:00
BK1407,2026-09-02T00:00:00Z,569950,572343,578849,566433,575138,-2795,-0.49,2278484,7322020635,1.71,0.75,0.00,0,1129726,1148757,457849600000,405625120000,-285776144,475212864,711232912,-236020048,1566631200,1616387296,-49756096,2290993888,2236706928,54286960,2693328912,2423498704,269830208,-3.90,-3.22,-0.68,0.74,3.69,0,32,6,25,1,0,0,50.95,0.00,0.00,0.00,,0.00,,0.00,EastMoney,2026-09-02T18:50:37+08:00
BK1408,2026-09-02T00:00:00Z,941775,940815,948391,930871,948515,-7700,-0.81,1542377,7381135614,2.09,0.81,0.00,0,709340,833037,446828768000,216815824000,-927669888,805146016,1312943600,-507797584,1620597392,2040469696,-419872304,3117225088,2422862352,694362736,1551905488,1300446592,251458896,-12.57,-6.88,-5.69,9.41,3.41,0,22,6,16,0,0,0,715.91,0.00,0.00,0.00,,0.00,,0.00,EastMoney,2026-09-02T18:50:37+08:00
BK1409,2026-09-02T00:00:00Z,1846259,1853130,1869212,1830721,1865297,-12167,-0.65,1430185,10412615473,3.50,0.76,0.00,0,709488,720697,306488736000,293809856000,-127032064,979337392,1177340832,-198003440,2303415120,2232443744,70971376,3793406592,3421489344,371917248,3132639248,3377524448,-244885200,-1.22,-1.90,0.68,3.57,-2.35,0,11,3,8,0,0,0,73.34,0.00,0.00,0.00,,0.00,,0.00,EastMoney,2026-09-02T18:50:37+08:00
BK1410,2026-09-02T00:00:00Z,686249,694374,700344,683592,694961,-587,-0.08,1076978,8120500730,2.08,0.72,0.00,0,532278,544700,312201472000,250394230000,324114016,1370466512,1097932560,272533952,1961335104,1909755040,51580064,2961365856,3218850384,-257484528,1427199472,1385797728,41401744,3.99,3.36,0.64,-3.17,0.51,0,30,10,20,0,0,0,99.80,0.00,0.00,0.00,,0.00,,0.00,EastMoney,2026-09-02T18:50:37+08:00
BK1411,2026-09-02T00:00:00Z,199599,201106,206040,199599,201714,-608,-0.30,1009116,5432441065,3.09,0.89,0.00,0,490039,519077,130776347000,121421696000,299660496,637063440,538094752,98968688,1441786048,1241094240,200691808,1742069552,1671727440,70342112,1268645504,1608838880,-340193376,5.52,1.82,3.69,1.29,-6.26,0,14,7,7,0,0,0,-460.95,0.00,0.00,0.00,,0.00,,0.00,EastMoney,2026-09-02T18:50:37+08:00
BK1412,2026-09-02T00:00:00Z,299979,293939,301992,290919,301992,-8053,-2.67,377720,441680439,0.76,0.80,0.00,0,161041,216680,57962512000,57839249000,-22683140,14726876,22304448,-7577572,70000745,85106313,-15105568,157070398,142352934,14717464,194619131,186653456,7965675,-5.14,-1.72,-3.42,3.33,1.80,0,1,0,1,0,0,0,20.29,0.00,0.00,0.00,,0.00,,0.00,EastMoney,2026-09-02T18:50:37+08:00
BK1413,2026-09-02T00:00:00Z,170541,168370,170541,166283,171021,-2651,-1.55,1065725,932039965,1.15,0.63,0.00,0,458991,606734,78194043000,64550190000,-48517980,18571103,32631946,-14060843,129487697,163944834,-34457137,276030320,289870736,-13840416,490042464,427684080,62358384,-5.21,-1.51,-3.70,-1.48,6.69,0,10,1,9,0,0,0,36.34,0.00,0.00,0.00,,0.00,,0.00,EastMoney,2026-09-02T18:50:37+08:00
BK1414,2026-09-02T00:00:00Z,60558,60402,60701,59454,60770,-368,-0.61,386576,296463728,1.23,0.78,0.00,0,178573,208003,23702048000,20226299000,-26223449,8670788,23468066,-14797278,44661656,56087827,-11426171,94994017,81697143,13296874,145302561,132375986,12926575,-8.85,-4.99,-3.85,4.49,4.36,0,5,1,4,0,0,0,184.96,0.00,0.00,0.00,,0.00,,0.00,EastMoney,2026-09-02T18:50:37+08:00
BK1415,2026-09-02T00:00:00Z,304233,307065,308301,302270,306467,598,0.20,888284,1102898020,1.85,1.10,0.00,0,400715,487569,92928543000,74728850000,17400735,46815591,47428294,-612703,223059359,205045921,18013438,349008688,341196192,7812496,425407312,442233216,-16825904,1.58,-0.06,1.63,0.71,-1.53,0,8,4,4,0,0,0,55.39,0.00,0.00,0.00,,0.00,,0.00,EastMoney,2026-09-02T18:50:37+08:00
BK1416,2026-09-02T00:00:00Z,156024,153912,156024,152695,155719,-1807,-1.16,1402592,753458242,2.82,0.81,0.00,0,612812,789780,23867286000,23861247000,10458585,84616064,47164599,37451465,144030784,171023664,-26992880,207127599,231411113,-24283514,302463120,288638192,13824928,1.39,4.97,-3.58,-3.22,1.83,0,3,1,2,0,0,0,47.46,0.00,0.00,0.00,,0.00,,0.00,EastMoney,2026-09-02T18:50:37+08:00
BK1417,2026-09-02T00:00:00Z,103007,100512,103007,99759,102868,-2356,-2.29,1580110,964064736,2.11,1.05,0.00,0,659700,920411,48425290000,45950099000,-26658417,74047230,100900672,-26853442,216840131,216645106,195025,303053280,257608502,45444778,363864336,382650704,-18786368,-2.77,-2.79,0.02,4.71,-1.95,0,5,0,5,0,0,0,-216.44,0.00,0.00,0.00,,0.00,,0.00,EastMoney,2026-09-02T18:50:37+08:00
BK1418,2026-09-02T00:00:00Z,222966,220565,223187,218770,221934,-1369,-0.62,4186081,2670700822,1.53,0.86,0.00,0,1710527,2475554,153532337000,147549076000,-174255429,145382299,292581824,-147199525,535958336,563014240,-27055904,823210608,815842800,7367808,1091718528,924830928,166887600,-6.52,-5.51,-1.01,0.28,6.25,0,15,3,12,0,0,0,43.73,0.00,0.00,0.00,,0.00,,0.00,EastMoney,2026-09-02T18:50:37+08:00
BK1419,2026-09-02T00:00:00Z,217000,211644,217469,208894,212042,-398,-0.19,6479792,8255935967,3.84,1.41,0.00,0,2836515,3643277,263869712000,261997758000,111744032,1024203632,891228464,132975168,1744363248,1765594384,-21231136,2510233200,2503765904,6467296,2747291904,2865503216,-118211312,1.35,1.61,-0.26,0.08,-1.43,0,10,2,8,0,0,0,15.20,0.00,0.00,0.00,,0.00,,0.00,EastMoney,2026-09-02T18:50:37+08:00
BK1420,2026-09-02T00:00:00Z,337671,329159,337716,327958,338892,-9733,-2.87,3174961,5026746447,2.80,0.88,0.00,0,1303055,1871906,177396722000,170522102000,-203812720,297334416,443120656,-145786240,1016111040,1074137520,-58026480,1657215632,1606218432,50997200,1845693728,1702891216,142802512,-4.05,-2.90,-1.15,1.01,2.84,0,18,1,17,0,0,0,23.02,0.00,0.00,0.00,,0.00,,0.00,EastMoney,2026-09-02T18:50:37+08:00
BK1421,2026-09-02T00:00:00Z,185355,182773,186003,181744,188436,-5663,-3.01,2723813,1175285401,3.47,1.75,0.00,0,1159508,1564305,65772710000,58952801000,-102700303,60803672,114331106,-53527434,196904493,246077362,-49172869,375364304,365504896,9859408,513105952,420265072,92840880,-8.74,-4.55,-4.18,0.84,7.90,0,6,0,6,0,0,0,69.13,0.00,0.00,0.00,,0.00,,0.00,EastMoney,2026-09-02T18:50:37+08:00
BK1422,2026-09-02T00:00:00Z,308439,308200,310428,304679,311806,-3606,-1.16,1782107,4065323918,2.45,0.81,0.00,0,788560,993547,130653499000,109027961000,-161109040,292724048,434268976,-141544928,872628608,892192720,-19564112,1336407536,1252666336,83741200,1483676544,1406308736,77367808,-3.96,-3.48,-0.48,2.06,1.90,0,11,2,8,1,0,0,76.93,0.00,0.00,0.00,,0.00,,0.00,EastMoney,2026-09-02T18:50:37+08:00
BK1423,2026-09-02T00:00:00Z,164176,161763,165285,161222,165593,-3830,-2.31,4291655,4211076695,5.30,1.12,0.00,0,1946780,2344875,99350789000,89103324000,-256917664,321210544,421830336,-100619792,841544432,997842304,-156297872,1290225728,1278838304,11387424,1627556592,1382026368,245530224,-6.10,-2.39,-3.71,0.27,5.83,0,13,2,11,0,0,0,28.27,0.00,0.00,0.00,,0.00,,0.00,EastMoney,2026-09-02T18:50:37+08:00
BK1424,2026-09-02T00:00:00Z,1370852,1362838,1382659,1361484,1382774,-19936,-1.44,2743902,10225712268,2.99,0.83,0.00,0,1270616,1473286,307461728000,287488528000,-95726752,1209950816,1177054912,32895904,2341723360,2470346016,-128622656,3275267360,3411988384,-136721024,3143625744,2911177968,232447776,-0.94,0.32,-1.26,-1.34,2.27,0,10,1,9,0,0,0,29.60,0.00,0.00,0.00,,0.00,,0.00,EastMoney,2026-09-02T18:50:37+08:00
BK1425,2026-09-02T00:00:00Z,274557,273677,276029,271292,276613,-2936,-1.06,389277,653889681,3.60,0.81,0.00,0,172394,216884,19239883000,18534547000,-2470003,10622789,10459925,162864,105690294,108323161,-2632867,231896941,201446410,30450531,295846784,323827296,-27980512,-0.38,0.02,-0.40,4.66,-4.28,0,5,1,4,0,0,0,36.64,0.00,0.00,0.00,,0.00,,0.00,EastMoney,2026-09-02T18:50:37+08:00
BK1426,2026-09-02T00:00:00Z,350310,349563,353037,347851,352663,-3100,-0.88,2397745,4409178653,4.31,0.97,0.00,0,1043971,1353775,273968608000,265054252000,-216879280,530910784,584725344,-53814560,904171744,1067236464,-163064720,1404356576,1375693280,28663296,1428651280,1236442160,192209120,-4.92,-1.22,-3.70,0.65,4.36,0,10,6,4,0,0,0,15.91,0.00,0.00,0.00,,0.00,,0.00,EastMoney,2026-09-02T18:50:37+08:00
BK1427,2026-09-02T00:00:00Z,456581,456051,457675,449757,459085,-3034,-0.66,1436516,2636645461,1.46,1.05,0.00,0,657619,778897,130604362000,124717026000,58044484,110222244,157048400,-46826156,628989136,524118496,104870640,879597696,884492432,-4894736,959656096,1012805840,-53149744,2.20,-1.78,3.98,-0.19,-2.02,0,13,5,8,0,0,0,36.38,0.00,0.00,0.00,,0.00,,0.00,EastMoney,2026-09-02T18:50:37+08:00
BK1428,2026-09-02T00:00:00Z,426423,427185,429018,423320,429317,-2132,-0.50,8011907,11996646107,3.00,0.93,0.00,0,3956908,4054999,469077696000,377148912000,462685312,639481952,544385936,95096016,2580817424,2213228128,367589296,3825320048,3563306320,262013728,4371581440,5051225088,-679643648,3.86,0.79,3.06,2.18,-5.67,0,81,26,52,3,0,0,79.95,0.00,0.00,0.00,,0.00,,0.00,EastMoney,2026-09-02T18:50:37+08:00
BK1429,2026-09-02T00:00:00Z,207950,206549,207986,205524,209143,-2594,-1.24,2438813,2765836693,1.46,1.04,0.00,0,982842,1455970,229708597000,220132593000,-147195429,114135231,187778884,-73643653,526877376,600429152,-73551776,922581424,843450832,79130592,1125205552,1051136624,74068928,-5.32,-2.66,-2.66,2.86,2.68,0,25,6,19,0,0,0,17.34,0.00,0.00,0.00,,0.00,,0.00,EastMoney,2026-09-02T18:50:37+08:00
BK1430,2026-09-02T00:00:00Z,376151,376909,379694,370966,378443,-1534,-0.41,1353997,2823558892,3.69,1.01,0.00,0,678650,675347,88046120000,72323767000,-177768633,164798073,208460466,-43662393,499942144,634048384,-134106240,864707552,882033936,-17326384,1199400512,996279568,203120944,-6.30,-1.55,-4.75,-0.61,7.19,0,18,8,10,0,0,0,112.89,0.00,0.00,0.00,,0.00,,0.00,EastMoney,2026-09-02T18:50:37+08:00
BK1431,2026-09-02T00:00:00Z,332147,333531,334616,330256,330347,3184,0.96,1378376,1873691959,2.48,0.97,0.00,0,525948,852428,100047682000,98897306000,44092310,176403284,114405390,61997894,348809520,366715104,-17905584,606522448,599990608,6531840,647906576,698530736,-50624160,2.35,3.31,-0.96,0.35,-2.70,0,10,5,5,0,0,0,-97.77,0.00,0.00,0.00,,0.00,,0.00,EastMoney,2026-09-02T18:50:37+08:00
BK1432,2026-09-02T00:00:00Z,226358,218164,227236,214407,226836,-8672,-3.82,8690782,5261856838,9.07,1.34,0.00,0,3970869,4719913,97288877000,95002663000,-204547488,460788208,556631296,-95843088,1174828400,1283532800,-108704400,1637940784,1630439600,7501184,1866679616,1669633296,197046320,-3.89,-1.82,-2.07,0.14,3.74,0,6,1,5,0,0,0,24.87,0.00,0.00,0.00,,0.00,,0.00,EastMoney,2026-09-02T18:50:37+08:00
BK1433,2026-09-02T00:00:00Z,353975,344816,353975,343646,354734,-9918,-2.80,5868846,3087246020,6.88,1.73,0.00,0,2506502,3362345,82079549000,64350243000,45382976,324358128,309057968,15300160,677265952,647183136,30082816,904326976,970613728,-66286752,1050322400,1056728672,-6406272,1.47,0.50,0.97,-2.15,-0.21,0,10,1,9,0,0,0,17.33,0.00,0.00,0.00,,0.00,,0.00,EastMoney,2026-09-02T18:50:37+08:00
BK1434,2026-09-02T00:00:00Z,238782,234310,238782,230739,240952,-6642,-2.76,1215013,3979776640,1.38,1.04,0.00,0,507362,707652,328255728000,320829744000,-123990144,473203056,707196368,-233993312,1123254112,1013250944,110003168,1204257584,1127089888,77167696,1117998336,1071175888,46822448,-3.12,-5.88,2.76,1.94,1.18,0,4,0,4,0,0,0,15.20,0.00,0.00,0.00,,0.00,,0.00,EastMoney,2026-09-02T18:50:37+08:00
BK1435,2026-09-02T00:00:00Z,323315,317593,323640,311950,323805,-6212,-1.92,5634531,5356669709,3.17,1.13,0.00,0,2239239,3395292,201567736000,192160057000,-120046896,527134768,565940688,-38805920,1329423200,1410664176,-81240976,1641505728,1628070224,13435504,1771752208,1665140784,106611424,-2.24,-0.72,-1.52,0.25,1.99,0,9,2,7,0,0,0,23.97,0.00,0.00,0.00,,0.00,,0.00,EastMoney,2026-09-02T18:50:37+08:00
BK1436,2026-09-02T00:00:00Z,302577,297479,302747,295996,304489,-7010,-2.30,4399146,4742009652,2.36,0.96,0.00,0,1890341,2508806,217940951000,198209693000,-159908760,184389664,262625640,-78235976,890904368,972577152,-81672784,1561144704,1535186784,25957920,1923373248,1810094336,113278912,-3.37,-1.65,-1.72,0.55,2.39,0,34,2,32,0,0,0,35.35,0.00,0.00,0.00,,0.00,,0.00,EastMoney,2026-09-02T18:50:37+08:00
BK1437,2026-09-02T00:00:00Z,706379,717405,721473,706205,716169,1236,0.17,1617905,3638949500,2.21,0.86,0.00,0,772514,845391,164376927000,135421618000,152875904,535909776,279946224,255963552,705957408,809045056,-103087648,1070143200,1106816032,-36672832,1184776048,1298975632,-114199584,4.20,7.03,-2.83,-1.01,-3.14,0,22,6,15,1,0,0,48.94,0.00,0.00,0.00,,0.00,,0.00,EastMoney,2026-09-02T18:50:37+08:00
BK1438,2026-09-02T00:00:00Z,849359,855158,859503,846558,858070,-2912,-0.34,2421334,4133710644,6.32,1.70,0.00,0,1217336,1203998,163209211000,140954025000,78460528,330445360,337372160,-6926800,864854320,779466992,85387328,1385756288,1262964064,122792224,1497255504,1698508256,-201252752,1.90,-0.17,2.07,2.97,-4.87,0,13,5,8,0,0,0,80.17,0.00,0.00,0.00,,0.00,,0.00,EastMoney,2026-09-02T18:50:37+08:00
BK1439,2026-09-02T00:00:00Z,361681,365797,368631,360402,364594,1203,0.33,3469872,6838257859,3.42,0.90,0.00,0,1485553,1984319,224973005000,162554894000,-109791296,794269120,861318832,-67049712,1429340336,1472081920,-42741584,2066236432,2127525456,-61289024,2348123440,2156717520,191405920,-1.61,-0.98,-0.63,-0.90,2.80,0,21,11,10,0,0,0,119.71,0.00,0.00,0.00,,0.00,,0.00,EastMoney,2026-09-02T18:50:37+08:00
BK1440,2026-09-02T00:00:00Z,523655,527362,530589,522675,526122,1240,0.24,3257493,5860583961,3.66,0.89,0.00,0,1577058,1680435,121910790000,103515802000,-141074672,410648448,444471584,-33823136,1238062832,1345314368,-107251536,1879740416,1798911680,80828736,2164168096,2100818208,63349888,-2.41,-0.58,-1.83,1.38,1.08,0,21,11,10,0,0,0,55.38,0.00,0.00,0.00,,0.00,,0.00,EastMoney,2026-09-02T18:50:37+08:00
BK1441,2026-09-02T00:00:00Z,431932,439723,449165,431761,428753,10970,2.56,955097,1547946874,2.13,0.98,0.00,0,451217,503880,56046140000,41559562000,59744754,78977100,72299858,6677242,321039376,267971864,53067512,440702448,379625696,61076752,389765712,476158912,-86393200,3.86,0.43,3.43,3.95,-5.58,0,15,8,7,0,0,0,321.61,0.00,0.00,0.00,,0.00,,0.00,EastMoney,2026-09-02T18:50:37+08:00
BK1442,2026-09-02T00:00:00Z,181455,182809,183470,180405,182601,208,0.11,412759,423485601,1.82,0.81,0.00,0,206293,206467,25827068000,23715248000,7473370,14418555,8494036,5924519,77258863,75710012,1548851,133929630,149308098,-15378468,193078513,185173415,7905098,1.76,1.40,0.37,-3.63,1.87,0,6,2,3,1,0,0,69.65,0.00,0.00,0.00,,0.00,,0.00,EastMoney,2026-09-02T18:50:37+08:00
BK1443,2026-09-02T00:00:00Z,418444,414291,420109,412432,421094,-6803,-1.62,155454,524487959,1.49,0.76,0.00,0,67306,88148,41174487000,40932958000,-38102012,6578623,8531645,-1953022,71615948,107764938,-36148990,180709964,183089692,-2379728,255298690,214816950,40481740,-7.26,-0.37,-6.89,-0.45,7.72,0,2,0,2,0,0,0,56.35,0.00,0.00,0.00,,0.00,,0.00,EastMoney,2026-09-02T18:50:37+08:00
BK1444,2026-09-02T00:00:00Z,799688,804251,808956,794863,807683,-3432,-0.42,24787375,38615171207,2.88,0.95,0.00,0,11670150,13117224,1351983456000,1173469904000,-905980208,3292618176,3151807728,140810448,7850552320,8897342976,-1046790656,12042038016,12199022848,-156984832,13808036352,12577259520,1230776832,-2.35,0.36,-2.71,-0.41,3.19,0,138,36,99,3,0,0,-183.58,0.00,0.00,0.00,,0.00,,0.00,EastMoney,2026-09-02T18:50:37+08:00
BK1445,2026-09-02T00:00:00Z,528077,533109,536050,525200,530829,2280,0.43,2255243,4524030576,1.28,0.88,0.00,0,1088144,1167100,505787664000,473153984000,-98849216,418032560,376776016,41256544,932437008,1072542768,-140105760,1367106000,1421474288,-54368288,1653788608,1483134272,170654336,-2.18,0.91,-3.10,-1.20,3.77,0,26,10,15,1,0,0,23.43,0.00,0.00,0.00,,0.00,,0.00,EastMoney,2026-09-02T18:50:37+08:00
BK1446,2026-09-02T00:00:00Z,812683,816917,821886,807260,821838,-4921,-0.60,7187386,19711337315,2.31,0.81,0.00,0,3492086,3695300,952619504000,713503872000,-379098368,2126630736,2366964816,-240334080,4345746432,4484510720,-138764288,6492325888,6506874624,-14548736,6085082624,5622283264,462799360,-1.92,-1.22,-0.70,-0.07,2.35,0,63,13,47,3,0,0,65.12,0.00,0.00,0.00,,0.00,,0.00,EastMoney,2026-09-02T18:50:37+08:00
BK1447,2026-09-02T00:00:00Z,847530,844203,850218,837813,855220,-11017,-1.29,12393379,24233377161,2.58,0.82,0.00,0,5692282,6701097,1038097136000,875874960000,-1687769216,1875730224,2661275824,-785545600,5127395584,6029619200,-902223616,7710964736,7633887232,77077504,8512743168,6871704832,1641038336,-6.96,-3.24,-3.72,0.32,6.77,0,100,17,80,3,0,0,529.89,0.00,0.00,0.00,,0.00,,0.00,EastMoney,2026-09-02T18:50:37+08:00
BK1448,2026-09-02T00:00:00Z,639159,632673,640626,629722,646996,-14323,-2.21,5371246,11343189432,2.38,0.74,0.00,0,2289187,3082059,540292272000,496312112000,-1282535504,696005744,1277014400,-581008656,2078722000,2780248848,-701526848,3899959872,3814022640,85937232,4402354176,3205755904,1196598272,-11.31,-5.12,-6.18,0.76,10.55,0,34,0,34,0,0,0,182.35,0.00,0.00,0.00,,0.00,,0.00,EastMoney,2026-09-02T18:50:37+08:00
BK1449,2026-09-02T00:00:00Z,187201,188307,189013,185872,187691,616,0.33,2494718,1245484483,2.00,1.14,0.00,0,1159664,1335054,232972403000,163638118000,80489848,242515857,160704314,81811543,265909363,267231058,-1321695,333455776,345837936,-12382160,318621680,386729392,-68107712,6.46,6.57,-0.11,-0.99,-5.47,0,9,4,4,1,0,0,34.40,0.00,0.00,0.00,,0.00,,0.00,EastMoney,2026-09-02T18:50:37+08:00
BK1450,2026-09-02T00:00:00Z,1540442,1542913,1546423,1531910,1547577,-4664,-0.30,556506,2428154891,0.40,0.63,0.00,0,252501,304005,918202352000,837892128000,-37731896,132922498,255602474,-122679976,606409152,521461072,84948080,856529552,878101008,-21571456,771975152,712671792,59303360,-1.55,-5.05,3.50,-0.89,2.44,0,4,1,3,0,0,0,12.22,0.00,0.00,0.00,,0.00,,0.00,EastMoney,2026-09-02T18:50:37+08:00
BK1451,2026-09-02T00:00:00Z,881308,891921,894321,870587,883862,8059,0.91,600461,1073344893,2.06,0.98,0.00,0,292094,308368,35523382000,32744669000,-40755049,73127025,104946521,-31819496,211469774,220405327,-8935553,384818944,323715936,61103008,372824768,393172720,-20347952,-3.80,-2.96,-0.83,5.69,-1.90,0,6,2,4,0,0,0,45.17,0.00,0.00,0.00,,0.00,,0.00,EastMoney,2026-09-02T18:50:37+08:00
BK1452,2026-09-02T00:00:00Z,138086,140099,142829,136046,138168,1931,1.40,653295,509793223,3.52,1.26,0.00,0,340140,313155,15598355000,14948166000,1638530,9681072,20842104,-11161032,98156893,85357331,12799562,186790274,181725392,5064882,204794554,211497965,-6703411,0.32,-2.19,2.51,0.99,-1.31,0,3,2,1,0,0,0,45.89,0.00,0.00,0.00,,0.00,,0.00,EastMoney,2026-09-02T18:50:37+08:00
BK1453,2026-09-02T00:00:00Z,443160,441833,443655,440197,446642,-4809,-1.08,1260323,1092623676,1.19,0.81,0.00,0,472192,788131,107965512000,107775431000,-120368473,41707427,163047049,-121339622,222450748,221479599,971149,352172896,316108800,36064096,455183424,370879040,84304384,-11.02,-11.11,0.09,3.30,7.72,0,4,0,3,1,0,0,18.92,0.00,0.00,0.00,,0.00,,0.00,EastMoney,2026-09-02T18:50:37+08:00
BK1454,2026-09-02T00:00:00Z,282297,283177,284947,278735,283537,-360,-0.13,500435,737909871,1.83,0.89,0.00,0,245840,254595,37487827000,35109177000,-21117802,34951216,35380209,-428993,138231095,158919904,-20688809,225860058,239486873,-13626815,323024144,288279536,34744608,-2.86,-0.06,-2.80,-1.85,4.71,0,5,3,2,0,0,0,64.13,0.00,0.00,0.00,,0.00,,0.00,EastMoney,2026-09-02T18:50:37+08:00
BK1455,2026-09-02T00:00:00Z,517350,520147,523552,514157,520507,-360,-0.07,6418916,6717687808,3.85,1.10,0.00,0,3278895,3140021,347500688000,299174288000,-65477472,523648528,471074208,52574320,1351206480,1469258272,-118051792,2040384448,2147804768,-107420320,2586921792,2406057088,180864704,-0.97,0.78,-1.76,-1.60,2.69,0,35,14,20,1,0,0,39.52,0.00,0.00,0.00,,0.00,,0.00,EastMoney,2026-09-02T18:50:37+08:00
BK1456,2026-09-02T00:00:00Z,118581,117525,118684,115945,118565,-1040,-0.88,276788,170189604,1.91,0.70,0.00,0,124745,152043,10269612000,9231392000,-16893768,2889273,8189993,-5300720,19466740,31059788,-11593048,45417889,51277693,-5859804,99496447,76742875,22753572,-9.93,-3.11,-6.81,-3.44,13.37,0,3,0,3,0,0,0,64.03,0.00,0.00,0.00,,0.00,,0.00,EastMoney,2026-09-02T18:50:37+08:00
BK1457,2026-09-02T00:00:00Z,203269,202109,203269,200532,203274,-1165,-0.57,349610,378129278,0.65,0.97,0.00,0,152690,196921,70013121000,67280275000,-11371691,5359835,10600172,-5240337,38269566,44400920,-6131354,115981329,115955272,26057,201013051,186971771,14041280,-3.01,-1.39,-1.62,0.01,3.71,0,11,2,9,0,0,0,24.78,0.00,0.00,0.00,,0.00,,0.00,EastMoney,2026-09-02T18:50:37+08:00
BK1458,2026-09-02T00:00:00Z,86227,87288,88130,85300,86936,352,0.40,86355,224661669,1.30,0.91,0.00,0,44691,41664,20127024000,19304918000,3474059,1140981,6542829,-5401848,36689127,27813220,8875907,56409616,61953726,-5544110,95883522,90136277,5747245,1.55,-2.40,3.95,-2.47,2.56,0,4,3,1,0,0,0,42.07,0.00,0.00,0.00,,0.00,,0.00,EastMoney,2026-09-02T18:50:37+08:00
BK1459,2026-09-02T00:00:00Z,203804,202326,204062,201531,205532,-3206,-1.56,359182,1527313322,1.04,0.84,0.00,0,161769,197413,106640417000,101386377000,-96783065,139186410,174252147,-35065737,269691088,331408416,-61717328,531314784,504926080,26388704,515874304,437689568,78184736,-6.34,-2.30,-4.04,1.73,5.12,0,9,1,8,0,0,0,21.93,0.00,0.00,0.00,,0.00,,0.00,EastMoney,2026-09-02T18:50:37+08:00
BK1460,2026-09-02T00:00:00Z,290904,293120,295004,288611,292454,666,0.23,1420787,1399053093,1.72,0.87,0.00,0,684892,735895,87255763000,66897804000,-4064638,68552263,50926369,17625894,236411842,258102374,-21690532,390438512,421648192,-31209680,636403632,595148032,41255600,-0.29,1.26,-1.55,-2.23,2.95,0,15,4,10,1,0,0,83.36,0.00,0.00,0.00,,0.00,,0.00,EastMoney,2026-09-02T18:50:37+08:00
BK1461,2026-09-02T00:00:00Z,183702,183800,184595,180943,184259,-459,-0.25,1713958,807568557,1.60,1.15,0.00,0,838173,875785,52109705000,45620637000,48462810,62400297,28648835,33751462,173947159,159235811,14711348,253218104,252397669,820435,304188240,353471488,-49283248,6.00,4.18,1.82,0.10,-6.10,0,9,3,5,1,0,0,-17.82,0.00,0.00,0.00,,0.00,,0.00,EastMoney,2026-09-02T18:50:37+08:00
BK1462,2026-09-02T00:00:00Z,1502328,1564726,1583735,1498544,1527861,36865,2.41,5491442,20217770743,5.71,1.15,0.00,0,2637544,2853898,540833072000,442526320000,862510384,4193192800,3270450224,922742576,4828321792,4888553984,-60232192,5843150848,6425686784,-582535936,4919213568,5199187968,-279974400,4.27,4.56,-0.30,-2.88,-1.38,0,8,4,4,0,0,0,60.54,0.00,0.00,0.00,,0.00,,0.00,EastMoney,2026-09-02T18:50:37+08:00
BK1463,2026-09-02T00:00:00Z,208550,208977,209680,205264,209692,-715,-0.34,883146,526904296,1.66,1.15,0.00,0,434613,448533,29816432000,29376878000,5164602,10656473,18256725,-7600252,89649232,76884378,12764854,171791405,153615263,18176142,245717884,269058624,-23340740,0.98,-1.44,2.42,3.45,-4.43,0,9,2,5,2,0,0,-22.34,0.00,0.00,0.00,,0.00,,0.00,EastMoney,2026-09-02T18:50:37+08:00
BK1464,2026-09-02T00:00:00Z,206485,204860,206761,204140,207523,-2663,-1.28,2124326,1580298165,0.69,0.82,0.00,0,860582,1263744,246814875000,203564471000,4963691,88486995,86907400,1579595,310481664,307097568,3384096,493238704,492535824,702880,662670400,668336976,-5666576,0.31,0.10,0.21,0.04,-0.36,0,14,1,12,1,0,0,-3366.98,0.00,0.00,0.00,,0.00,,0.00,EastMoney,2026-09-02T18:50:37+08:00
BK1465,2026-09-02T00:00:00Z,684851,666203,684851,663627,685960,-19757,-2.88,1011215,978335886,3.20,1.06,0.00,0,419277,591938,35924039000,29393715000,-142526767,49244600,136847727,-87603127,174716316,229639956,-54923640,332727776,283755952,48971824,408908032,315353088,93554944,-14.57,-8.95,-5.61,5.01,9.56,0,3,0,3,0,0,0,-103.51,0.00,0.00,0.00,,0.00,,0.00,EastMoney,2026-09-02T18:50:37+08:00
BK1466,2026-09-02T00:00:00Z,191752,193140,194388,189039,192813,327,0.17,1005061,1022464612,1.90,1.35,0.00,0,531809,473252,34848331000,32783461000,25535652,92603959,62571222,30032737,217639572,222136657,-4497085,346747840,351072976,-4325136,346094256,367304768,-21210512,2.50,2.94,-0.44,-0.42,-2.07,0,7,2,4,1,0,0,47.85,0.00,0.00,0.00,,0.00,,0.00,EastMoney,2026-09-02T18:50:37+08:00
BK1467,2026-09-02T00:00:00Z,201253,203232,205137,200067,201850,1382,0.68,527144,388401764,1.25,1.04,0.00,0,264336,262808,33525925000,29090669000,-10811372,12008526,13107343,-1098817,56954689,66667244,-9712555,128024842,112431966,15592876,129230846,123018529,6212317,-2.78,-0.28,-2.50,4.01,1.60,0,9,6,3,0,0,0,70.61,0.00,0.00,0.00,,0.00,,0.00,EastMoney,2026-09-02T18:50:37+08:00
BK1468,2026-09-02T00:00:00Z,467108,470063,471656,462731,469835,228,0.05,1222535,1715620719,1.67,0.85,0.00,0,590034,632501,107739087000,95615764000,-85047297,91589533,139509614,-47920081,333153952,370281168,-37127216,539174304,501990320,37183984,726384656,678521328,47863328,-4.96,-2.79,-2.16,2.17,2.79,0,17,7,9,1,0,0,44.91,0.00,0.00,0.00,,0.00,,0.00,EastMoney,2026-09-02T18:50:37+08:00
BK1469,2026-09-02T00:00:00Z,100524,101974,102302,98596,100962,1012,1.00,126822,182604853,0.97,0.62,0.00,0,70489,56333,23801100000,23801100000,-7464738,2269293,2244450,24843,32386125,39875706,-7489581,55482261,59946984,-4464723,89554352,77624890,11929462,-4.09,0.01,-4.10,-2.45,6.53,0,2,1,1,0,0,0,-30.81,0.00,0.00,0.00,,0.00,,0.00,EastMoney,2026-09-02T18:50:37+08:00
BK1470,2026-09-02T00:00:00Z,191279,192391,193378,190791,191488,903,0.47,5278499,2665814258,0.88,0.95,0.00,0,2171535,3106963,252452923000,239989277000,91809152,546727584,462936784,83790800,684388352,676370000,8018352,767350720,774080240,-6729520,633672416,718752032,-85079616,3.44,3.14,0.30,-0.25,-3.19,0,8,2,6,0,0,0,9.01,0.00,0.00,0.00,,0.00,,0.00,EastMoney,2026-09-02T18:50:37+08:00
BK1471,2026-09-02T00:00:00Z,82149,82298,82872,81344,82566,-268,-0.32,4090039,5724578601,2.76,0.87,0.00,0,1939342,2150697,216261783000,190774538000,19471899,294148512,235158021,58990491,961749632,1001268224,-39518592,1775422016,1827542848,-52120832,2447279968,2408726320,38553648,0.34,1.03,-0.69,-0.91,0.67,0,46,13,31,2,0,0,64.46,0.00,0.00,0.00,,0.00,,0.00,EastMoney,2026-09-02T18:50:37+08:00
BK1472,2026-09-02T00:00:00Z,205162,204543,205310,202811,205846,-1303,-0.63,7430310,3679130173,0.60,0.95,0.00,0,2855682,4574629,729400032000,605967872000,-169819456,357444624,494290800,-136846176,737758576,770731856,-32973280,1169570896,1061222144,108348752,1274017440,1210649296,63368144,-4.62,-3.72,-0.90,2.94,1.72,0,28,6,20,2,0,0,9.12,0.00,0.00,0.00,,0.00,,0.00,EastMoney,2026-09-02T18:50:37+08:00
BK1473,2026-09-02T00:00:00Z,359702,359643,361249,356513,360780,-1137,-0.32,3097198,1123210517,2.37,0.89,0.00,0,1220089,1877110,47375771000,41923538000,28260273,38318964,30133585,8185379,260927433,240852539,20074894,377292096,358756144,18535952,424909904,471706128,-46796224,2.52,0.73,1.79,1.65,-4.17,0,16,7,8,1,0,0,-4.90,0.00,0.00,0.00,,0.00,,0.00,EastMoney,2026-09-02T18:50:37+08:00
BK1474,2026-09-02T00:00:00Z,284608,281933,284739,278428,284030,-2097,-0.74,2383736,1079878216,2.56,1.55,0.00,0,1214340,1169396,60356952000,49253935000,-10278746,49690368,70861356,-21170988,186477189,175584947,10892242,341439712,306293984,35145728,476438960,501157008,-24718048,-0.95,-1.96,1.01,3.25,-2.29,0,10,3,7,0,0,0,75.60,0.00,0.00,0.00,,0.00,,0.00,EastMoney,2026-09-02T18:50:37+08:00
BK1475,2026-09-02T00:00:00Z,250436,246605,250686,245963,252060,-5455,-2.16,744909,600652492,1.17,0.71,0.00,0,295557,449352,49610113000,48662539000,-55067606,19474374,53818347,-34343973,109032373,129756006,-20723633,196278994,174924138,21354856,267055358,233342609,33712749,-9.17,-5.72,-3.45,3.56,5.61,0,4,0,4,0,0,0,12.91,0.00,0.00,0.00,,0.00,,0.00,EastMoney,2026-09-02T18:50:37+08:00
BK1476,2026-09-02T00:00:00Z,246008,245636,247382,244623,246147,-511,-0.21,1307945,1209707164,1.58,1.07,0.00,0,552366,755579,68891481000,67555811000,-81488336,106657921,205253441,-98595520,293444928,276337744,17107184,390415536,325543904,64871632,404924224,388307536,16616688,-6.74,-8.15,1.41,5.36,1.37,0,6,2,4,0,0,0,9.57,0.00,0.00,0.00,,0.00,,0.00,EastMoney,2026-09-02T18:50:37+08:00
BK1477,2026-09-02T00:00:00Z,330596,332691,334272,327915,334484,-1793,-0.54,3293139,3631850757,1.07,0.97,0.00,0,1406507,1886632,215347648000,203361510000,-8769144,221930632,283900032,-61969400,708841152,655640896,53200256,1123066912,1111706144,11360768,1479977376,1480367472,-390096,-0.24,-1.71,1.46,0.31,-0.01,0,19,6,12,1,0,0,143.48,0.00,0.00,0.00,,0.00,,0.00,EastMoney,2026-09-02T18:50:37+08:00
BK1478,2026-09-02T00:00:00Z,90728,90691,91579,90267,91492,-801,-0.88,6588877,4757609725,4.00,0.85,0.00,0,3053394,3535482,111841428000,101363688000,-111991378,267160366,361933440,-94773074,889908544,907126848,-17218304,1521330384,1541722144,-20391760,1938139024,1805755904,132383120,-2.35,-1.99,-0.36,-0.43,2.78,0,21,10,11,0,0,0,-105.91,0.00,0.00,0.00,,0.00,,0.00,EastMoney,2026-09-02T18:50:37+08:00
BK1479,2026-09-02T00:00:00Z,129097,128716,129169,128153,130212,-1496,-1.15,5458314,2078769927,0.60,1.06,0.00,0,1920610,3537704,421814832000,330725200000,-101733565,257353171,341022528,-83669357,455358864,473423072,-18064208,657423584,539305168,118118416,615124000,631508864,-16384864,-4.89,-4.02,-0.87,5.68,-0.79,0,9,0,9,0,0,0,-2480.35,0.00,0.00,0.00,,0.00,,0.00,EastMoney,2026-09-02T18:50:37+08:00
BK1480,2026-09-02T00:00:00Z,178774,177743,179367,177448,179348,-1605,-0.89,1122681,536934495,0.68,0.82,0.00,0,439221,683460,129080083000,121098536000,-25531971,26762911,38079817,-11316906,104217200,118432265,-14215065,173992390,153618445,20373945,223198105,218040079,5158026,-4.76,-2.11,-2.65,3.79,0.96,0,5,1,4,0,0,0,25.40,0.00,0.00,0.00,,0.00,,0.00,EastMoney,2026-09-02T18:50:37+08:00
BK1481,2026-09-02T00:00:00Z,165290,164302,165614,163601,165485,-1183,-0.71,4639094,2323208310,0.45,0.86,0.00,0,2120956,2518138,522432864000,479865680000,13173513,190469774,142393877,48075897,403740816,438643200,-34902384,726814304,746899472,-20085168,966909424,959997760,6911664,0.57,2.07,-1.50,-0.86,0.30,0,17,3,13,1,0,0,13.14,0.00,0.00,0.00,,0.00,,0.00,EastMoney,2026-09-02T18:50:37+08:00
BK1482,2026-09-02T00:00:00Z,167020,162492,167290,162363,165583,-3091,-1.87,8471638,8036105724,1.47,0.98,0.00,0,3799657,4671982,717473392000,599322688000,-215470928,696467280,945023808,-248556528,1832843424,1799757824,33085600,2372613776,2333979568,38634208,2872902304,2696167872,176734432,-2.68,-3.09,0.41,0.48,2.20,0,20,0,20,0,0,0,12.54,0.00,0.00,0.00,,0.00,,0.00,EastMoney,2026-09-02T18:50:37+08:00
BK1483,2026-09-02T00:00:00Z,272170,270986,272324,269451,272531,-1545,-0.57,2679787,1460221234,0.63,0.83,0.00,0,1237955,1441832,360729696000,316325712000,82111267,84808692,51261253,33547439,301666720,253102892,48563828,415781424,468352032,-52570608,639694176,669234816,-29540640,5.62,2.30,3.33,-3.60,-2.02,0,21,4,16,1,0,0,14.62,0.00,0.00,0.00,,0.00,,0.00,EastMoney,2026-09-02T18:50:37+08:00
BK1484,2026-09-02T00:00:00Z,158436,156527,158436,155751,159447,-2920,-1.83,1120795,650959930,2.60,0.96,0.00,0,449481,671314,30270875000,26252204000,-73280963,24631506,70678181,-46046675,95156649,122390937,-27234288,202296792,209713122,-7416330,306444496,225747210,80697286,-11.26,-7.07,-4.18,-1.14,12.40,0,8,1,7,0,0,0,94.71,0.00,0.00,0.00,,0.00,,0.00,EastMoney,2026-09-02T18:50:37+08:00
BK1485,2026-09-02T00:00:00Z,149820,148681,150084,148273,150127,-1446,-0.96,3228067,1575375938,0.39,0.87,0.00,0,1562914,1665153,391108064000,386651680000,-36776835,194553133,184386528,10166605,348004208,394947648,-46943440,445014592,478072592,-33058000,561127856,491293024,69834832,-2.33,0.65,-2.98,-2.10,4.43,0,7,1,6,0,0,0,17.72,0.00,0.00,0.00,,0.00,,0.00,EastMoney,2026-09-02T18:50:37+08:00
BK1486,2026-09-02T00:00:00Z,407666,405742,407732,401445,407885,-2143,-0.53,634558,478519761,1.36,1.22,0.00,0,286963,347596,34035370000,33753555000,15737096,16248910,18569535,-2320625,82092762,64035041,18057721,170338274,150284518,20053756,204295864,240086716,-35790852,3.29,-0.48,3.77,4.19,-7.48,0,6,2,4,0,0,0,74.52,0.00,0.00,0.00,,0.00,,0.00,EastMoney,2026-09-02T18:50:37+08:00
BK1487,2026-09-02T00:00:00Z,427378,423247,428085,419919,427213,-3966,-0.93,508553,262836062,1.26,0.86,0.00,0,208388,300165,22264435000,22235550000,13288348,8493113,12942827,-4449714,55202955,37464893,17738062,81715968,80223067,1492901,112641100,127422347,-14781247,5.06,-1.69,6.75,0.57,-5.62,0,4,1,3,0,0,0,-89.41,0.00,0.00,0.00,,0.00,,0.00,EastMoney,2026-09-02T18:50:37+08:00
BK1488,2026-09-02T00:00:00Z,170773,168827,171085,168236,170313,-1486,-0.87,1006340,949077187,0.79,0.87,0.00,0,446957,559383,175924481000,103550704000,-52850637,29798471,49507703,-19709232,153013541,186154946,-33141405,272290688,250284246,22006442,455753856,423950736,31803120,-5.57,-2.08,-3.49,2.32,3.35,0,14,2,12,0,0,0,15.73,0.00,0.00,0.00,,0.00,,0.00,EastMoney,2026-09-02T18:50:37+08:00
BK1489,2026-09-02T00:00:00Z,517032,514163,517601,512337,519280,-5117,-0.99,735709,1105756500,0.59,0.76,0.00,0,335859,399850,266321702000,250085637000,-13812537,100196659,72359046,27837613,204133479,245783629,-41650150,349052112,339464064,9588048,438076528,433852032,4224496,-1.25,2.52,-3.77,0.87,0.38,0,4,0,4,0,0,0,13.22,0.00,0.00,0.00,,0.00,,0.00,EastMoney,2026-09-02T18:50:37+08:00
BK1490,2026-09-02T00:00:00Z,290607,288115,290874,286434,291598,-3483,-1.19,1919283,1231865010,1.14,0.91,0.00,0,801768,1117515,107735133000,101750868000,-73012240,72106875,99603827,-27496952,211407641,256922929,-45515288,398305328,341941168,56364160,521746384,505098304,16648080,-5.93,-2.23,-3.69,4.58,1.35,0,12,3,9,0,0,0,-12.61,0.00,0.00,0.00,,0.00,,0.00,EastMoney,2026-09-02T18:50:37+08:00
BK1491,2026-09-02T00:00:00Z,163617,163868,164649,162537,164839,-971,-0.59,802165,603871991,3.08,1.08,0.00,0,391007,411158,23316839000,19855159000,26635201,6532490,3987413,2545077,83769714,59679590,24090124,203811863,170364018,33447845,296517440,356600480,-60083040,4.41,0.42,3.99,5.54,-9.95,0,7,2,5,0,0,0,50.65,0.00,0.00,0.00,,0.00,,0.00,EastMoney,2026-09-02T18:50:37+08:00
BK1492,2026-09-02T00:00:00Z,88792,81900,89189,81673,85196,-3296,-3.87,7009830,2677084375,4.79,1.45,0.00,0,3030903,3978928,56673363000,56641390000,59583319,189183011,186652172,2530839,504901696,447849216,57052480,792011344,780737264,11274080,1107917088,1178774496,-70857408,2.23,0.09,2.13,0.42,-2.65,0,7,0,7,0,0,0,-14.52,0.00,0.00,0.00,,0.00,,0.00,EastMoney,2026-09-02T18:50:37+08:00
BK1493,2026-09-02T00:00:00Z,267900,255337,268640,254857,262358,-7021,-2.68,12607395,12925642915,1.74,1.35,0.00,0,5478582,7128812,2118101376000,1628972016000,-379602176,1150632208,1414764784,-264132576,3017209392,3132678992,-115469600,3857246144,4126567216,-269321072,4626451456,3977528112,648923344,-2.94,-2.04,-0.89,-2.08,5.02,0,17,1,16,0,0,0,16.92,0.00,0.00,0.00,,0.00,,0.00,EastMoney,2026-09-02T18:50:37+08:00
BK1494,2026-09-02T00:00:00Z,138726,130558,138926,130249,136206,-5648,-4.15,6431885,5358316343,2.60,1.13,0.00,0,2941714,3490172,226557725000,225998649000,-360883040,377674032,620080320,-242406288,1006710656,1125187408,-118476752,1637159248,1728982320,-91823072,2242486320,1789780208,452706112,-6.74,-4.52,-2.21,-1.71,8.45,0,10,0,10,0,0,0,45.01,0.00,0.00,0.00,,0.00,,0.00,EastMoney,2026-09-02T18:50:37+08:00
BK1495,2026-09-02T00:00:00Z,118565,118467,118780,116911,119118,-651,-0.55,359518,501617248,1.11,0.84,0.00,0,175275,184243,53407354000,47978244000,-1075688,8030029,9862728,-1832699,67930141,67173130,757011,172108844,157813186,14295658,244480763,257700733,-13219970,-0.21,-0.37,0.15,2.85,-2.64,0,9,3,6,0,0,0,26.61,0.00,0.00,0.00,,0.00,,0.00,EastMoney,2026-09-02T18:50:37+08:00
BK1496,2026-09-02T00:00:00Z,56196,56872,57250,55796,56396,476,0.84,179461,197185440,1.96,1.55,0.00,0,94692,84769,19204584000,12520324000,1001088,8210455,5685813,2524642,14918207,16441761,-1523554,61863000,57493316,4369684,109622648,114993419,-5370771,0.51,1.28,-0.77,2.22,-2.72,0,4,3,1,0,0,0,28.28,0.00,0.00,0.00,,0.00,,0.00,EastMoney,2026-09-02T18:50:37+08:00
BK1497,2026-09-02T00:00:00Z,196407,208190,210134,194947,197777,10413,5.27,491188,790093272,1.97,1.37,0.00,0,248596,242592,31306358000,25213505000,110684032,58978625,21501542,37477083,193185439,119978490,73206949,222535430,191109812,31425618,171217247,170245984,971263,14.01,4.74,9.27,3.98,0.12,0,8,6,2,0,0,0,51.34,0.00,0.00,0.00,,0.00,,0.00,EastMoney,2026-09-02T18:50:37+08:00
BK1498,2026-09-02T00:00:00Z,146624,148401,149715,146007,147443,958,0.65,772638,1937862834,2.13,1.03,0.00,0,358708,413929,94035614000,83834918000,40536804,120053965,111254169,8799796,462308640,430571632,31737008,626321616,631275776,-4954160,688258640,723841280,-35582640,2.09,0.45,1.64,-0.26,-1.84,0,8,4,4,0,0,0,25.00,0.00,0.00,0.00,,0.00,,0.00,EastMoney,2026-09-02T18:50:37+08:00
BK1499,2026-09-02T00:00:00Z,61981,61981,62546,61792,62358,-377,-0.60,39532,13030838,0.43,0.93,0.00,0,13007,26525,5880850000,3044133000,-2670806,0,1536975,-1536975,2660731,3794562,-1133831,7076848,6023551,1053297,2967548,1350039,1617509,-20.50,-11.79,-8.70,8.08,12.41,0,1,0,1,0,0,0,-10.07,0.00,0.00,0.00,,0.00,,0.00,EastMoney,2026-09-02T18:50:37+08:00
BK1500,2026-09-02T00:00:00Z,134937,135364,136750,133457,135173,191,0.14,54243,433655442,0.72,1.03,0.00,0,25249,28994,59377042000,44427931000,-8112625,9493985,13054880,-3560895,93231936,97783666,-4551730,131450450,121675142,9775308,109740480,106230240,3510240,-1.87,-0.82,-1.05,2.25,0.81,0,3,1,2,0,0,0,31.91,0.00,0.00,0.00,,0.00,,0.00,EastMoney,2026-09-02T18:50:37+08:00
BK1501,2026-09-02T00:00:00Z,453513,445379,453513,444708,453587,-8208,-1.81,721612,773977172,1.44,1.22,0.00,0,305544,416067,57951063000,52292800000,-12035049,30148620,29607992,540628,116038953,128614630,-12575677,242435825,227570863,14864962,331656352,336396992,-4740640,-1.55,0.07,-1.62,1.92,-0.61,0,12,1,11,0,0,0,43.35,0.00,0.00,0.00,,0.00,,0.00,EastMoney,2026-09-02T18:50:37+08:00
BK1502,2026-09-02T00:00:00Z,514918,489935,515500,483113,502585,-12650,-2.52,2799645,2190941329,10.82,1.02,0.00,0,1341058,1458587,21277173000,20976354000,-74845066,177631883,194204277,-16572394,417189520,475462192,-58272672,689780400,692184864,-2404464,832275792,755026256,77249536,-3.42,-0.76,-2.66,-0.11,3.53,0,4,0,4,0,0,0,-53.05,0.00,0.00,0.00,,0.00,,0.00,EastMoney,2026-09-02T18:50:37+08:00
BK1503,2026-09-02T00:00:00Z,306051,301749,306051,301037,308099,-6350,-2.06,808648,850055307,2.87,0.95,0.00,0,335404,473244,42877014000,38993016000,-53789733,49019150,89761929,-40742779,214632583,227679537,-13046954,288992368,273042640,15949728,274507808,236439495,38068313,-6.33,-4.79,-1.53,1.88,4.48,0,6,2,4,0,0,0,54.12,0.00,0.00,0.00,,0.00,,0.00,EastMoney,2026-09-02T18:50:37+08:00
BK1504,2026-09-02T00:00:00Z,166433,157117,166433,156524,164121,-7004,-4.27,5101780,5736234903,17.38,1.31,0.00,0,2308545,2793235,171796044000,36598728000,-357501552,562982176,826130112,-263147936,1107172448,1201526064,-94353616,1645626240,1723264720,-77638480,2057106960,1621966928,435140032,-6.23,-4.59,-1.64,-1.35,7.59,0,9,0,9,0,0,0,44.09,0.00,0.00,0.00,,0.00,,0.00,EastMoney,2026-09-02T18:50:37+08:00
BK1505,2026-09-02T00:00:00Z,258488,256029,260515,255260,259641,-3612,-1.39,2778337,2539667061,2.98,0.92,0.00,0,1212582,1565755,80563792000,75823806000,30702218,205415453,159453235,45962218,578507344,593767344,-15260000,808652896,791829968,16822928,794735696,843272928,-48537232,1.21,1.81,-0.60,0.66,-1.91,0,13,3,10,0,0,0,57.75,0.00,0.00,0.00,,0.00,,0.00,EastMoney,2026-09-02T18:50:37+08:00
BK1506,2026-09-02T00:00:00Z,239954,244435,251464,236389,243424,1011,0.42,761149,377410417,3.89,1.25,0.00,0,329255,431893,10675409000,9389053000,-1773584,11669161,10044256,1624905,82528401,85926890,-3398489,103466368,107108162,-3641794,107093055,89407636,17685419,-0.47,0.43,-0.90,-0.96,4.69,0,3,1,2,0,0,0,52.90,0.00,0.00,0.00,,0.00,,0.00,EastMoney,2026-09-02T18:50:37+08:00
BK1507,2026-09-02T00:00:00Z,152159,155642,157328,151890,152680,2962,1.94,226593,501550326,2.95,1.60,0.00,0,123298,103295,29703573000,20060329000,25065985,16670332,24608083,-7937751,108835660,75831924,33003736,167888938,159570313,8318625,184079570,216316558,-32236988,5.00,-1.58,6.58,1.66,-6.43,0,4,3,1,0,0,0,33.37,0.00,0.00,0.00,,0.00,,0.00,EastMoney,2026-09-02T18:50:37+08:00
BK1508,2026-09-02T00:00:00Z,197674,197253,197792,193883,198283,-1030,-0.52,4113371,1696434226,2.96,1.28,0.00,0,1730419,2382952,79957402000,71972919000,-65413685,144922081,166016822,-21094741,336397872,380716816,-44318944,504354784,473879792,30474992,671019520,636080816,34938704,-3.86,-1.24,-2.61,1.80,2.06,0,9,2,7,0,0,0,-8.63,0.00,0.00,0.00,,0.00,,0.00,EastMoney,2026-09-02T18:50:37+08:00
BK1509,2026-09-02T00:00:00Z,647273,625852,647273,615986,638261,-12409,-1.94,933140,989264298,2.92,1.83,0.00,0,421349,511791,90408951000,90251423000,1210708,51501347,58873905,-7372558,168781081,160197815,8583266,313829808,288804464,25025344,421045744,447281792,-26236048,0.12,-0.75,0.87,2.53,-2.65,0,4,1,3,0,0,0,29.80,0.00,0.00,0.00,,0.00,,0.00,EastMoney,2026-09-02T18:50:37+08:00
BK1510,2026-09-02T00:00:00Z,101036,99130,101036,97832,102384,-3254,-3.18,740231,572965304,2.36,0.87,0.00,0,320678,419553,10321486000,9686791000,-42792695,10850940,38243331,-27392391,116184036,131584340,-15400304,202827731,204120269,-1292538,215208674,171123440,44085234,-7.47,-4.78,-2.69,-0.23,7.69,0,3,0,3,0,0,0,-233.71,0.00,0.00,0.00,,0.00,,0.00,EastMoney,2026-09-02T18:50:37+08:00
BK1511,2026-09-02T00:00:00Z,341791,336234,341791,335443,343267,-7033,-2.05,1219975,1292990074,2.68,1.16,0.00,0,528809,691166,68935453000,56921349000,-4467133,65494618,65271697,222921,222055856,226745910,-4690054,425877712,409260688,16617024,560448560,572598432,-12149872,-0.35,0.02,-0.36,1.29,-0.94,0,8,1,7,0,0,0,38.60,0.00,0.00,0.00,,0.00,,0.00,EastMoney,2026-09-02T18:50:37+08:00
BK1512,2026-09-02T00:00:00Z,414015,409650,416868,409139,415600,-5950,-1.43,4980992,4075901693,2.03,1.12,0.00,0,2303207,2677785,437105808000,315936784000,-97618656,396866320,505373872,-108507552,1091849904,1080961008,10888896,1307763552,1268220000,39543552,1220095984,1162020880,58075104,-2.40,-2.66,0.27,0.97,1.42,0,11,2,9,0,0,0,-31.77,0.00,0.00,0.00,,0.00,,0.00,EastMoney,2026-09-02T18:50:37+08:00
BK1513,2026-09-02T00:00:00Z,111469,108674,111469,107965,111271,-2597,-2.33,356398,337793025,4.79,0.96,0.00,0,163031,193367,6050502000,5861968000,-34544561,4904566,15389471,-10484905,40408644,64468300,-24059656,103681264,113925041,-10243777,178028861,133240523,44788338,-10.23,-3.10,-7.12,-3.03,13.26,0,3,1,2,0,0,0,48.01,0.00,0.00,0.00,,0.00,,0.00,EastMoney,2026-09-02T18:50:37+08:00
BK1514,2026-09-02T00:00:00Z,69510,68134,69618,67591,70085,-1951,-2.78,1559523,517597229,4.15,1.03,0.00,0,589287,970236,12479288000,12406590000,-54876836,7517452,18814938,-11297486,90629725,134209075,-43579350,145734606,147887037,-2152431,264278049,207248781,57029268,-10.60,-2.18,-8.42,-0.42,11.02,0,4,0,4,0,0,0,-12.13,0.00,0.00,0.00,,0.00,,0.00,EastMoney,2026-09-02T18:50:37+08:00
BK1515,2026-09-02T00:00:00Z,102434,95446,102434,95181,104710,-9264,-8.85,1420805,1634196237,4.50,1.29,0.00,0,556387,864418,34897644000,34897644000,-70153474,127495256,205422266,-77927010,353635888,345862352,7773536,538646288,477802512,60843776,580315712,571006016,9309696,-4.29,-4.77,0.48,3.72,0.57,0,2,0,2,0,0,0,281.80,0.00,0.00,0.00,,0.00,,0.00,EastMoney,2026-09-02T18:50:37+08:00
BK1516,2026-09-02T00:00:00Z,111083,109297,111976,107619,110132,-835,-0.76,6517309,3784538203,8.36,1.36,0.00,0,2976128,3541181,47326893000,47326893000,-130129376,447461648,528196800,-80735152,841674448,891068672,-49394224,1066025264,1088365216,-22339952,1260631136,1108161808,152469328,-3.44,-2.13,-1.31,-0.59,4.03,0,5,2,3,0,0,0,-2388.09,0.00,0.00,0.00,,0.00,,0.00,EastMoney,2026-09-02T18:50:37+08:00
BK1517,2026-09-02T00:00:00Z,143160,136890,143160,135874,146444,-9554,-6.52,1337059,1359721813,10.29,1.02,0.00,0,547832,789226,12679383000,11552402000,-32256059,28331198,48163849,-19832651,274367808,286791216,-12423408,501905408,516865344,-14959936,522899776,475683776,47216000,-2.37,-1.46,-0.91,-1.10,3.47,0,4,0,4,0,0,0,15.06,0.00,0.00,0.00,,0.00,,0.00,EastMoney,2026-09-02T18:50:37+08:00
BK1518,2026-09-02T00:00:00Z,520970,494284,520970,487258,535510,-41226,-7.70,10947228,9658264467,16.27,1.23,0.00,0,4704814,6242413,63552062000,58022825000,-958785232,684828848,1375957072,-691128224,1975365136,2243022144,-267657008,2993476640,2936066688,57409952,3119098816,2310437088,808661728,-9.93,-7.16,-2.77,0.59,8.37,0,10,1,9,0,0,0,152.10,0.00,0.00,0.00,,0.00,,0.00,EastMoney,2026-09-02T18:50:37+08:00
BK1519,2026-09-02T00:00:00Z,436973,428598,438243,428557,439884,-11286,-2.57,1043542,4158286963,0.94,0.89,0.00,0,404967,638575,908507520000,409156704000,-689552336,452072688,944124608,-492051920,972797728,1170298144,-197500416,1335406528,1134863328,200543200,1299202064,810192944,489009120,-16.58,-11.83,-4.75,4.82,11.76,0,3,0,3,0,0,0,34.23,0.00,0.00,0.00,,0.00,,0.00,EastMoney,2026-09-02T18:50:37+08:00
BK1520,2026-09-02T00:00:00Z,248224,245848,248224,244844,248622,-2774,-1.12,1298324,974804281,0.35,0.78,0.00,0,519312,779012,376201168000,319403008000,-43526297,62987580,67691446,-4703866,165736384,204558815,-38822431,336032720,298888976,37143744,392314288,385931744,6382544,-4.47,-0.48,-3.98,3.81,0.65,0,6,0,6,0,0,0,54.12,0.00,0.00,0.00,,0.00,,0.00,EastMoney,2026-09-02T18:50:37+08:00
BK1521,2026-09-02T00:00:00Z,364589,361057,364839,358721,366446,-5389,-1.47,425430,1062999380,0.54,0.91,0.00,0,184918,240512,158225174000,140527502000,-461821,53389007,47427629,5961378,172122898,178546097,-6423199,358903440,330847936,28055504,459308848,481243312,-21934464,-0.04,0.56,-0.60,2.64,-2.06,0,9,2,7,0,0,0,29.91,0.00,0.00,0.00,,0.00,,0.00,EastMoney,2026-09-02T18:50:37+08:00
BK1522,2026-09-02T00:00:00Z,198280,197549,198456,195884,198670,-1121,-0.56,446346,1002563119,1.45,1.02,0.00,0,209442,236904,78200442000,57402390000,-9919875,51256842,54676608,-3419766,209930639,216430748,-6500109,358928688,355251056,3677632,368876928,362634688,6242240,-0.99,-0.34,-0.65,0.37,0.62,0,11,5,6,0,0,0,22.46,0.00,0.00,0.00,,0.00,,0.00,EastMoney,2026-09-02T18:50:37+08:00
BK1523,2026-09-02T00:00:00Z,140550,139621,140812,139097,140875,-1254,-0.89,461599,159914549,0.95,0.86,0.00,0,227200,234398,19101861000,18138309000,-998823,4553864,3450455,1103409,21588900,23691132,-2102232,47196382,47086851,109531,74568423,74127502,440921,-0.62,0.69,-1.31,0.07,0.28,0,6,1,5,0,0,0,66.56,0.00,0.00,0.00,,0.00,,0.00,EastMoney,2026-09-02T18:50:37+08:00
BK1524,2026-09-02T00:00:00Z,116308,117439,117710,115349,117510,-71,-0.06,389382,367747374,1.66,0.82,0.00,0,200124,189258,15595455000,15460848000,16313813,15412065,5881445,9530620,78967747,72184554,6783193,114085831,105265773,8820058,154227948,179361819,-25133871,4.44,2.59,1.84,2.40,-6.83,0,3,2,1,0,0,0,133.33,0.00,0.00,0.00,,0.00,,0.00,EastMoney,2026-09-02T18:50:37+08:00
BK1525,2026-09-02T00:00:00Z,483706,489284,491520,481440,487017,2267,0.47,2959781,5014420371,1.26,0.90,0.00,0,1453084,1506697,477658944000,401836880000,78285664,307120704,274850816,32269888,962996560,916980784,46015776,1502448880,1462703520,39745360,1902938768,1992637664,-89698896,1.56,0.64,0.92,0.79,-1.79,0,44,21,21,2,0,0,18.13,0.00,0.00,0.00,,0.00,,0.00,EastMoney,2026-09-02T18:50:37+08:00
BK1526,2026-09-02T00:00:00Z,412830,418423,420646,410958,415473,2950,0.71,14378620,23246928076,2.29,0.99,0.00,0,6903922,7474698,1086153808000,883625808000,538372640,3019216448,2190515232,828701216,4882930688,5173259264,-290328576,6758267392,7459752448,-701485056,7866691584,7648659712,218031872,2.32,3.56,-1.25,-3.02,0.94,0,117,63,49,5,0,0,30.47,0.00,0.00,0.00,,0.00,,0.00,EastMoney,2026-09-02T18:50:37+08:00
BK1527,2026-09-02T00:00:00Z,277397,275786,277397,274070,278600,-2814,-1.01,2181563,2299321893,1.24,0.91,0.00,0,1008752,1172811,244896138000,200885544000,-167541435,126567873,218106204,-91538331,397355632,473358736,-76003104,786277776,687408704,98869072,958074240,889401888,68672352,-7.29,-3.98,-3.31,4.30,2.99,0,21,5,16,0,0,0,17.10,0.00,0.00,0.00,,0.00,,0.00,EastMoney,2026-09-02T18:50:37+08:00
BK1528,2026-09-02T00:00:00Z,474793,478642,480785,471197,478030,612,0.13,4699218,7915499400,2.64,1.23,0.00,0,2377018,2322200,330650032000,287546208000,161567632,590302016,478629232,111672784,1719634448,1669739600,49894848,2454822096,2498961200,-44139104,2918263520,3023504752,-105241232,2.04,1.41,0.63,-0.56,-1.33,0,56,27,28,1,0,0,51.26,0.00,0.00,0.00,,0.00,,0.00,EastMoney,2026-09-02T18:50:37+08:00
BK1529,2026-09-02T00:00:00Z,358404,360310,361603,354591,360641,-331,-0.09,4029656,7119997216,1.76,0.95,0.00,0,1953078,2076578,439802112000,324377744000,60334672,658237392,618103744,40133648,1606790464,1586589440,20201024,2147720656,2213123424,-65402768,2553756064,2546726880,7029184,0.85,0.56,0.28,-0.92,0.10,0,42,13,25,4,0,0,35.71,0.00,0.00,0.00,,0.00,,0.00,EastMoney,2026-09-02T18:50:37+08:00
BK1530,2026-09-02T00:00:00Z,186014,183980,186303,183290,186926,-2946,-1.58,2183690,1709972652,0.99,0.82,0.00,0,785606,1398084,169449460000,162587525000,-84879915,157850448,196634139,-38783691,373144336,419240560,-46096224,486896544,490770064,-3873520,666020144,577266720,88753424,-4.96,-2.27,-2.70,-0.23,5.19,0,9,0,8,1,0,0,38.30,0.00,0.00,0.00,,0.00,,0.00,EastMoney,2026-09-02T18:50:37+08:00
BK1531,2026-09-02T00:00:00Z,338275,333348,338597,332746,338571,-5223,-1.54,726968,1059987468,1.41,1.07,0.00,0,321302,405666,84875704000,84856999000,72970535,54639673,49686615,4953058,241455643,173438166,68017477,333405184,394745200,-61340016,414627728,426258256,-11630528,6.88,0.47,6.42,-5.79,-1.10,0,5,0,5,0,0,0,13.79,0.00,0.00,0.00,,0.00,,0.00,EastMoney,2026-09-02T18:50:37+08:00
BK1532,2026-09-02T00:00:00Z,289750,288675,290273,285506,291720,-3045,-1.04,887745,722280325,1.18,0.80,0.00,0,405621,482123,52107394000,48519162000,17658427,35393897,22697678,12696219,112951029,107988821,4962208,225526473,216535911,8990562,337282880,363931872,-26648992,2.44,1.76,0.69,1.24,-3.69,0,7,0,7,0,0,0,34.61,0.00,0.00,0.00,,0.00,,0.00,EastMoney,2026-09-02T18:50:37+08:00
BK1533,2026-09-02T00:00:00Z,416854,423754,429303,415507,419212,4542,1.08,1095742,2079167898,2.55,1.03,0.00,0,535405,560338,47271427000,42741052000,94712631,158698444,105273893,53424551,433923744,392635664,41288080,718459232,672973072,45486160,660478928,788558144,-128079216,4.56,2.57,1.99,2.19,-6.16,0,9,6,3,0,0,0,31.16,0.00,0.00,0.00,,0.00,,0.00,EastMoney,2026-09-02T18:50:37+08:00
BK1534,2026-09-02T00:00:00Z,372481,377220,378657,370168,374982,2238,0.60,206143,178361623,2.08,1.09,0.00,0,96124,110019,13795836000,8271219000,-3718547,4280455,2360821,1919634,24024520,29662701,-5638181,49075078,47976485,1098593,87422910,84774446,2648464,-2.08,1.08,-3.16,0.62,1.48,0,4,2,2,0,0,0,45.38,0.00,0.00,0.00,,0.00,,0.00,EastMoney,2026-09-02T18:50:37+08:00
BK1535,2026-09-02T00:00:00Z,199155,200776,201604,197711,200532,244,0.12,2517282,2366099145,2.08,0.90,0.00,0,1219721,1297561,121837306000,95918914000,-1864528,176480454,152194262,24286192,449742736,475893456,-26150720,712166240,750353184,-38186944,937959008,893336368,44622640,-0.08,1.03,-1.11,-1.61,1.89,0,21,9,12,0,0,0,79.34,0.00,0.00,0.00,,0.00,,0.00,EastMoney,2026-09-02T18:50:37+08:00
BK1536,2026-09-02T00:00:00Z,131211,131522,132068,130049,131753,-231,-0.18,282460,224058375,1.30,0.80,0.00,0,140165,142295,16498634000,15076033000,29552,5403968,7025549,-1621581,30630602,28979469,1651133,67502671,71858942,-4356271,106792469,102824078,3968391,0.01,-0.72,0.74,-1.94,1.77,0,6,3,3,0,0,0,-95.05,0.00,0.00,0.00,,0.00,,0.00,EastMoney,2026-09-02T18:50:37+08:00
BK1537,2026-09-02T00:00:00Z,253577,253470,255098,250991,254795,-1325,-0.52,1290361,1237173059,1.57,0.79,0.00,0,638067,652294,104398921000,89509896000,-12323789,42586064,62195888,-19609824,228496611,221210576,7286035,397735632,409985040,-12249408,541001760,516298416,24703344,-1.00,-1.59,0.59,-0.99,2.00,0,17,7,10,0,0,0,125.35,0.00,0.00,0.00,,0.00,,0.00,EastMoney,2026-09-02T18:50:37+08:00
BK1538,2026-09-02T00:00:00Z,152645,151979,153428,150245,153224,-1245,-0.81,1144552,1861111856,2.48,0.95,0.00,0,538248,606304,74106982000,50054673000,-101895390,66228399,104372877,-38144478,329799632,393550544,-63750912,570203840,569119920,1083920,820793872,719982400,100811472,-5.47,-2.05,-3.43,0.06,5.42,0,12,2,10,0,0,0,102.99,0.00,0.00,0.00,,0.00,,0.00,EastMoney,2026-09-02T18:50:37+08:00
BK1539,2026-09-02T00:00:00Z,741691,741122,749807,733416,744643,-3521,-0.47,1260407,1521715388,2.60,0.85,0.00,0,568143,692265,75469450000,67785015000,-991794,84258564,85338230,-1079666,287913536,287825664,87872,473610544,500672224,-27061680,588092000,572379392,15712608,-0.07,-0.07,0.01,-1.78,1.03,0,16,7,9,0,0,0,62.17,0.00,0.00,0.00,,0.00,,0.00,EastMoney,2026-09-02T18:50:37+08:00
BK1540,2026-09-02T00:00:00Z,648758,651077,652974,644100,651464,-387,-0.06,1754181,1755128922,2.19,0.74,0.00,0,856062,898119,180777439000,150973000000,1723212,71874384,50722324,21152060,304563200,323992048,-19428848,550489456,578404528,-27915072,784685632,758493776,26191856,0.10,1.21,-1.11,-1.59,1.49,0,25,8,15,2,0,0,29.01,0.00,0.00,0.00,,0.00,,0.00,EastMoney,2026-09-02T18:50:37+08:00
BK1541,2026-09-02T00:00:00Z,70848,70786,71164,69881,71004,-218,-0.31,2415690,1806517133,8.09,4.89,0.00,0,1212444,1203246,33961324000,29072529000,-104693217,149021886,201146639,-52124753,343549520,396117984,-52568464,508052384,459305664,48746720,655841120,599894608,55946512,-5.80,-2.89,-2.91,2.70,3.10,0,7,3,4,0,0,0,120.36,0.00,0.00,0.00,,0.00,,0.00,EastMoney,2026-09-02T18:50:37+08:00
BK1542,2026-09-02T00:00:00Z,282660,279972,283212,278907,283033,-3061,-1.08,438802,551222432,1.84,1.24,0.00,0,210431,228371,38917092000,37487263000,1897337,23017359,18773009,4244350,103888515,106235528,-2347013,166569128,174732450,-8163322,248297728,242031743,6265985,0.34,0.77,-0.43,-1.48,1.14,0,5,1,4,0,0,0,22.16,0.00,0.00,0.00,,0.00,,0.00,EastMoney,2026-09-02T18:50:37+08:00
BK1543,2026-09-02T00:00:00Z,263364,262647,263950,259282,264700,-2053,-0.78,1309559,1529104382,2.46,1.03,0.00,0,592750,716809,70764783000,59791989000,-99681860,53696086,111364504,-57668418,242869246,284882688,-42013442,480506960,463160560,17346400,715544400,633208944,82335456,-6.52,-3.77,-2.75,1.13,5.38,0,16,4,12,0,0,0,-29733.93,0.00,0.00,0.00,,0.00,,0.00,EastMoney,2026-09-02T18:50:37+08:00
BK1544,2026-09-02T00:00:00Z,198221,196501,198311,195791,198606,-2105,-1.06,1748525,930756657,0.96,0.63,0.00,0,711830,1036695,93520340000,87386054000,-32729412,52397374,62430259,-10032885,165623202,188319729,-22696527,294801008,286782672,8018336,401597584,376886496,24711088,-3.52,-1.08,-2.44,0.86,2.65,0,12,1,10,1,0,0,-26.56,0.00,0.00,0.00,,0.00,,0.00,EastMoney,2026-09-02T18:50:37+08:00
BK1545,2026-09-02T00:00:00Z,248341,248554,251031,244831,250344,-1790,-0.72,6649979,3431568620,8.02,1.06,0.00,0,3100844,3549135,73144766000,69097757000,-197871226,252521142,354664224,-102143082,666947504,762675648,-95728144,1020760512,1044840560,-24080048,1225378624,997455088,227923536,-5.77,-2.98,-2.79,-0.70,6.64,0,14,4,10,0,0,0,31.09,0.00,0.00,0.00,,0.00,,0.00,EastMoney,2026-09-02T18:50:37+08:00
BK1546,2026-09-02T00:00:00Z,237494,238036,240038,234840,239177,-1141,-0.48,1134872,1904434987,3.33,1.18,0.00,0,519327,615545,42446185000,35504419000,-47367521,120511752,126428217,-5916465,362826304,404277360,-41451056,602073648,612498368,-10424720,765715328,707923088,57792240,-2.49,-0.31,-2.18,-0.55,3.03,0,8,3,5,0,0,0,421.56,0.00,0.00,0.00,,0.00,,0.00,EastMoney,2026-09-02T18:50:37+08:00
BK1547,2026-09-02T00:00:00Z,254985,258093,259440,251703,257239,854,0.33,1327612,1323765416,3.85,0.83,0.00,0,643906,683706,53828902000,38407016000,-27111174,76635829,104587451,-27951622,249254731,248414283,840448,390438800,370169504,20269296,498419520,478488960,19930560,-2.05,-2.11,0.06,1.53,1.51,0,8,2,6,0,0,0,38.89,0.00,0.00,0.00,,0.00,,0.00,EastMoney,2026-09-02T18:50:37+08:00
BK1548,2026-09-02T00:00:00Z,100544,98122,100544,97995,100162,-2040,-2.04,285475,188527100,0.29,0.91,0.00,0,80883,204592,24659693000,24574937000,-12341619,5103582,4281566,822016,44936425,58100060,-13163635,71170338,61085426,10084912,61916718,59660010,2256708,-6.55,0.44,-6.98,5.35,1.20,0,2,0,2,0,0,0,16.84,0.00,0.00,0.00,,0.00,,0.00,EastMoney,2026-09-02T18:50:37+08:00
BK1549,2026-09-02T00:00:00Z,613547,606817,615449,600654,614754,-7937,-1.29,518468,1097496912,1.35,1.05,0.00,0,208658,309810,118506355000,111904439000,-69887107,105641964,172340611,-66698647,263025015,266213475,-3188460,365591888,340512256,25079632,335424176,290616688,44807488,-6.37,-6.08,-0.29,2.29,4.08,0,2,0,2,0,0,0,35.14,0.00,0.00,0.00,,0.00,,0.00,EastMoney,2026-09-02T18:50:37+08:00
BK1550,2026-09-02T00:00:00Z,1002863,996571,1003700,986963,1008634,-12063,-1.20,1814182,1184056182,0.99,0.90,0.00,0,805703,1008479,141380624000,140695691000,-13801243,30250265,34119898,-3869633,221452832,231384442,-9931610,360532800,361895456,-1362656,544091280,528927376,15163904,-1.17,-0.33,-0.84,-0.12,1.28,0,14,1,13,0,0,0,18.45,0.00,0.00,0.00,,0.00,,0.00,EastMoney,2026-09-02T18:50:37+08:00
BK1551,2026-09-02T00:00:00Z,206054,203588,207020,201788,203949,-361,-0.18,15285282,5159576009,5.22,2.21,0.00,0,7316799,7968483,124652368000,119449893000,-79013712,465839120,577085648,-111246528,1172056144,1139823328,32232816,1596658720,1585772576,10886144,1743568896,1675441328,68127568,-1.53,-2.16,0.62,0.21,1.32,0,19,4,15,0,0,0,-46.73,0.00,0.00,0.00,,0.00,,0.00,EastMoney,2026-09-02T18:50:37+08:00
BK1552,2026-09-02T00:00:00Z,174069,169658,175537,169544,172526,-2868,-1.66,5537704,2816474745,3.78,1.34,0.00,0,2156704,3381000,68802453000,66040870000,-223865852,190001092,311611104,-121610012,509671440,611927280,-102255840,885237568,855633680,29603888,1137931616,943669648,194261968,-7.95,-4.32,-3.63,1.05,6.90,0,7,1,6,0,0,0,-32.00,0.00,0.00,0.00,,0.00,,0.00,EastMoney,2026-09-02T18:50:37+08:00
BK1553,2026-09-02T00:00:00Z,148874,147006,148874,145423,148661,-1655,-1.11,2516038,1913942925,2.29,0.96,0.00,0,1194938,1321100,66627958000,61021437000,-34897331,92133040,71953859,20179181,314448560,369525072,-55076512,634895936,633627584,1268352,794461520,760832544,33628976,-1.82,1.05,-2.88,0.07,1.76,0,16,2,13,1,0,0,29.19,0.00,0.00,0.00,,0.00,,0.00,EastMoney,2026-09-02T18:50:37+08:00
BK1554,2026-09-02T00:00:00Z,179476,178583,179846,176777,180284,-1701,-0.94,3871321,2270304118,1.25,0.89,0.00,0,1710196,2161125,191963490000,182271859000,-116275898,122336284,154755942,-32419658,405837136,489693376,-83856240,770493296,717564784,52928512,931443024,868095632,63347392,-5.12,-1.43,-3.69,2.33,2.79,0,18,3,13,2,0,0,-8.74,0.00,0.00,0.00,,0.00,,0.00,EastMoney,2026-09-02T18:50:37+08:00
BK1555,2026-09-02T00:00:00Z,133783,134202,134692,132430,134742,-540,-0.40,1128770,1160615441,2.36,1.25,0.00,0,542039,586731,46711185000,44943351000,22384877,57274189,67569225,-10295036,275359888,242679975,32679913,356016304,378616880,-22600576,452609360,452393664,215696,1.93,-0.89,2.82,-1.95,0.02,0,7,2,4,1,0,0,152.32,0.00,0.00,0.00,,0.00,,0.00,EastMoney,2026-09-02T18:50:37+08:00
BK1556,2026-09-02T00:00:00Z,99941,99684,103642,98712,99362,322,0.32,1843777,708006351,6.75,1.01,0.00,0,862665,981111,12108462000,10521121000,-63782279,37434319,66241516,-28807197,209598654,244573736,-34975082,239767007,211599811,28167196,209041271,173426187,35615084,-9.01,-4.07,-4.94,3.98,5.03,0,2,1,1,0,0,0,-89.77,0.00,0.00,0.00,,0.00,,0.00,EastMoney,2026-09-02T18:50:37+08:00
BK1557,2026-09-02T00:00:00Z,503554,512217,512949,497617,507811,4406,0.87,2884411,2569007578,2.97,1.00,0.00,0,1275351,1609059,63829545000,60615407000,-7965064,134868704,180907176,-46038472,592461536,554388128,38073408,820464816,831966064,-11501248,927311296,907845008,19466288,-0.31,-1.79,1.48,-0.45,0.76,0,12,5,7,0,0,0,-200.34,0.00,0.00,0.00,,0.00,,0.00,EastMoney,2026-09-02T18:50:37+08:00
BK1558,2026-09-02T00:00:00Z,195493,197863,198773,192774,197307,556,0.28,259314,144025373,1.61,1.34,0.00,0,121269,138045,9936522000,9936512000,6273212,709230,0,709230,26287369,20723387,5563982,41504874,43418677,-1913803,73273203,77632612,-4359409,4.36,0.49,3.86,-1.33,-3.03,0,2,2,0,0,0,0,-301.42,0.00,0.00,0.00,,0.00,,0.00,EastMoney,2026-09-02T18:50:37+08:00
BK1559,2026-09-02T00:00:00Z,151517,152400,152968,149401,152638,-238,-0.16,899741,599800945,4.76,1.77,0.00,0,473009,426732,12576010000,11997086000,-19669523,36350853,70241819,-33890966,120104882,105883439,14221443,188510858,169044038,19466820,233235874,233033171,202703,-3.28,-5.65,2.37,3.25,0.03,0,4,2,2,0,0,0,-76.04,0.00,0.00,0.00,,0.00,,0.00,EastMoney,2026-09-02T18:50:37+08:00
BK1560,2026-09-02T00:00:00Z,237488,236960,238084,233389,238415,-1455,-0.61,1200629,1029568951,3.19,0.95,0.00,0,535405,665224,44663014000,42920291000,21185520,82544888,41035101,41509787,184599865,204924132,-20324267,326392704,353882320,-27489616,411365648,405061536,6304112,2.06,4.03,-1.97,-2.67,0.61,0,6,3,3,0,0,0,24.39,0.00,0.00,0.00,,0.00,,0.00,EastMoney,2026-09-02T18:50:37+08:00
BK1561,2026-09-02T00:00:00Z,181042,182684,184202,178525,181401,1283,0.71,2549238,1914232068,4.64,0.91,0.00,0,1224354,1324884,43419183000,35206905000,-26221275,92009187,66942446,25066741,390767008,442055024,-51288016,630976864,668427072,-37450208,752262304,688590832,63671472,-1.37,1.31,-2.68,-1.96,3.33,0,9,6,3,0,0,0,243.17,0.00,0.00,0.00,,0.00,,0.00,EastMoney,2026-09-02T18:50:37+08:00
BK1562,2026-09-02T00:00:00Z,285109,291410,293535,281618,285812,5598,1.96,1535814,1085610307,3.28,2.25,0.00,0,490526,1045288,34103573000,33745116000,133273441,295262224,149950821,145311403,212935659,224973621,-12037962,286476192,344286560,-57810368,275292720,350755792,-75463072,12.28,13.39,-1.11,-5.33,-6.95,0,5,3,1,1,0,0,110.04,0.00,0.00,0.00,,0.00,,0.00,EastMoney,2026-09-02T18:50:37+08:00
BK1563,2026-09-02T00:00:00Z,301285,304463,306437,297741,301778,2685,0.89,1978357,2361462569,4.42,1.92,0.00,0,1040781,937576,61816804000,54312065000,119329805,172638727,100907306,71731421,553895472,506297088,47598384,816219872,828753696,-12533824,781361616,888157600,-106795984,5.05,3.04,2.02,-0.53,-4.52,0,13,10,2,1,0,0,47.62,0.00,0.00,0.00,,0.00,,0.00,EastMoney,2026-09-02T18:50:37+08:00
BK1564,2026-09-02T00:00:00Z,86714,85989,86843,85208,87016,-1027,-1.18,350223,274218610,1.64,1.00,0.00,0,163353,186870,16232430000,15748810000,-15576065,2814000,13149125,-10335125,47862164,53103104,-5240940,85996040,79833926,6162114,133486884,124072932,9413952,-5.68,-3.77,-1.91,2.25,3.43,0,3,0,2,1,0,0,-39.69,0.00,0.00,0.00,,0.00,,0.00,EastMoney,2026-09-02T18:50:37+08:00
BK1565,2026-09-02T00:00:00Z,119887,119256,121145,117852,121226,-1970,-1.63,255075,330947711,2.53,0.65,0.00,0,111397,143678,14717109000,10888996000,-18916732,4781164,8783993,-4002829,42669445,57583348,-14913903,93452239,125844370,-32392131,182910450,131601588,51308862,-5.72,-1.21,-4.51,-9.79,15.50,0,3,0,3,0,0,0,40.99,0.00,0.00,0.00,,0.00,,0.00,EastMoney,2026-09-02T18:50:37+08:00
BK1566,2026-09-02T00:00:00Z,788702,791581,799626,781253,793511,-1930,-0.24,1394276,2180340073,1.61,0.84,0.00,0,610839,783437,151953148000,122247275000,-89836329,67090848,109580425,-42489577,388439040,435785792,-47346752,715144256,672306880,42837376,892504432,808188416,84316016,-4.12,-1.95,-2.17,1.96,3.87,0,23,7,16,0,0,0,34.53,0.00,0.00,0.00,,0.00,,0.00,EastMoney,2026-09-02T18:50:37+08:00
BK1567,2026-09-02T00:00:00Z,113332,113539,115195,111554,113104,435,0.38,110251,214031815,1.99,1.17,0.00,0,54186,56066,15176802000,11529866000,5593846,3604210,5527980,-1923770,36794322,29276706,7517616,61879355,59592975,2286380,80749651,84628298,-3878647,2.61,-0.90,3.51,1.07,-1.81,0,4,2,2,0,0,0,66.49,0.00,0.00,0.00,,0.00,,0.00,EastMoney,2026-09-02T18:50:37+08:00
BK1568,2026-09-02T00:00:00Z,186070,188230,189035,184642,186889,1341,0.72,210882,257668172,0.69,1.15,0.00,0,102081,108801,21153717000,21115989000,9803017,16122907,12438477,3684430,50258081,44139494,6118587,87558636,91694274,-4135638,99766031,105433409,-5667378,3.80,1.43,2.37,-1.61,-2.20,0,3,1,2,0,0,0,11.94,0.00,0.00,0.00,,0.00,,0.00,EastMoney,2026-09-02T18:50:37+08:00
BK1569,2026-09-02T00:00:00Z,397085,382385,397396,381918,392081,-9696,-2.47,8296433,7768476982,0.28,1.02,0.00,0,3681416,4615018,3199331488000,2800823712000,-159712864,797467520,1001990256,-204522736,1710332560,1665522688,44809872,2384394080,2216611264,167782816,2713880112,2721950064,-8069952,-2.06,-2.63,0.58,2.16,-0.10,0,10,0,10,0,0,0,13.46,0.00,0.00,0.00,,0.00,,0.00,EastMoney,2026-09-02T18:50:37+08:00
BK1570,2026-09-02T00:00:00Z,304249,298296,304924,294789,301444,-3148,-1.04,2635660,2843638034,2.12,1.00,0.00,0,1136330,1499330,126492323000,122029297000,107721869,266242432,194591507,71650925,612880416,576809472,36070944,851594048,833556432,18037616,1062364288,1188123776,-125759488,3.79,2.52,1.27,0.63,-4.42,0,14,2,12,0,0,0,41.06,0.00,0.00,0.00,,0.00,,0.00,EastMoney,2026-09-02T18:50:37+08:00
BK1571,2026-09-02T00:00:00Z,311882,309136,312078,303326,308171,965,0.31,747733,885124148,3.15,1.62,0.00,0,336498,411235,27844368000,26622673000,76136165,49202824,25590340,23612484,192711496,140187815,52523681,286680352,249956626,36723726,337136400,449996288,-112859888,8.60,2.67,5.93,4.15,-12.75,0,6,3,3,0,0,0,28.17,0.00,0.00,0.00,,0.00,,0.00,EastMoney,2026-09-02T18:50:37+08:00
BK1572,2026-09-02T00:00:00Z,191989,183520,194439,183186,187642,-4122,-2.20,4238382,4205820396,3.41,1.85,0.00,0,1935712,2302670,72332138000,68691321000,217421184,325324736,294541920,30782816,1072838192,886199824,186638368,1443141792,1277316880,165824912,1261853904,1645099984,-383246080,5.17,0.73,4.44,3.94,-9.11,0,6,1,5,0,0,0,37.11,0.00,0.00,0.00,,0.00,,0.00,EastMoney,2026-09-02T18:50:37+08:00
BK1573,2026-09-02T00:00:00Z,178463,170655,179368,170101,172289,-1634,-0.95,4725806,3432916089,1.69,1.82,0.00,0,2032130,2693676,163042225000,125113000000,204180374,287537232,238731386,48805846,831080928,675706400,155374528,1046944800,881400176,165544624,1000243696,1326187280,-325943584,5.95,1.42,4.53,4.82,-9.49,0,8,1,7,0,0,0,18.76,0.00,0.00,0.00,,0.00,,0.00,EastMoney,2026-09-02T18:50:37+08:00
BK1574,2026-09-02T00:00:00Z,365286,353414,366563,352550,356406,-2992,-0.84,3546278,3095414080,2.16,1.58,0.00,0,1553953,1992325,1669599840000,163592993000,119528832,343876864,316832496,27044368,711251728,618767264,92484464,996362528,970889088,25473440,949710080,1094712336,-145002256,3.86,0.87,2.99,0.82,-4.68,0,5,1,4,0,0,0,11.91,0.00,0.00,0.00,,0.00,,0.00,EastMoney,2026-09-02T18:50:37+08:00
BK1575,2026-09-02T00:00:00Z,433434,430295,437804,429686,435620,-5325,-1.22,1654094,8179249702,0.94,0.99,0.00,0,686402,967692,2425884848000,2419950032000,-375069056,859452928,950163328,-90710400,1875807264,2160165920,-284358656,3137786160,2940629440,197156720,2100700544,1922788208,177912336,-4.59,-1.11,-3.48,2.41,2.18,0,20,2,18,0,0,0,20.22,0.00,0.00,0.00,,0.00,,0.00,EastMoney,2026-09-02T18:50:37+08:00
BK1576,2026-09-02T00:00:00Z,481818,481093,483879,478063,485023,-3930,-0.81,4110063,5265657878,2.52,1.17,0.00,0,2004650,2105413,340086176000,327663168000,228792480,603680896,517326944,86353952,1178416064,1035977536,142438528,1537509408,1637210768,-99701360,1817974512,1946899952,-128925440,4.34,1.64,2.71,-1.89,-2.45,0,15,2,13,0,0,0,27.03,0.00,0.00,0.00,,0.00,,0.00,EastMoney,2026-09-02T18:50:37+08:00
BK1577,2026-09-02T00:00:00Z,235896,233995,236199,233255,236467,-2472,-1.05,359600,603335974,0.54,0.88,0.00,0,152218,207381,145381244000,108773013000,-29617350,10208594,18644247,-8435653,92447476,113629173,-21181697,172939503,184663542,-11724039,300213424,258872035,41341389,-4.91,-1.40,-3.51,-1.94,6.85,0,7,1,6,0,0,0,16.46,0.00,0.00,0.00,,0.00,,0.00,EastMoney,2026-09-02T18:50:37+08:00
BK1578,2026-09-02T00:00:00Z,153847,153638,155225,153249,154170,-532,-0.35,820526,1076587672,1.34,0.99,0.00,0,384233,436293,61784847000,54880530000,9100784,92108623,73258734,18849889,210617199,220366304,-9749105,354080144,334889424,19190720,400261952,428553440,-28291488,0.85,1.75,-0.91,1.78,-2.63,0,11,3,7,1,0,0,64.84,0.00,0.00,0.00,,0.00,,0.00,EastMoney,2026-09-02T18:50:37+08:00
BK1579,2026-09-02T00:00:00Z,362532,359757,364467,359470,365452,-5695,-1.56,1042924,648604344,2.21,0.99,0.00,0,377849,665076,51392253000,38822344000,-55108015,20452054,48241433,-27789379,120499797,147818433,-27318636,207491406,190563890,16927516,245932205,202974427,42957778,-8.50,-4.28,-4.21,2.61,6.62,0,9,3,6,0,0,0,227.37,0.00,0.00,0.00,,0.00,,0.00,EastMoney,2026-09-02T18:50:37+08:00
BK1580,2026-09-02T00:00:00Z,271953,268151,272267,265156,272995,-4844,-1.77,2866672,2020442224,3.23,1.09,0.00,0,1380673,1486000,112810884000,111860654000,14898098,231313954,176054608,55259346,489467136,529828384,-40361248,597206272,611217024,-14010752,676975248,677862608,-887360,0.74,2.74,-2.00,-0.69,-0.04,0,7,1,5,1,0,0,30.59,0.00,0.00,0.00,,0.00,,0.00,EastMoney,2026-09-02T18:50:37+08:00
BK1581,2026-09-02T00:00:00Z,636092,632642,638949,628508,640311,-7669,-1.20,742583,1150638894,2.60,1.04,0.00,0,344150,398432,60331205000,52874422000,-6859305,24428579,32827286,-8398707,221405647,219866245,1539402,359536368,358794128,742240,476271840,471728064,4543776,-0.60,-0.73,0.13,0.06,0.39,0,11,3,8,0,0,0,23.20,0.00,0.00,0.00,,0.00,,0.00,EastMoney,2026-09-02T18:50:37+08:00
BK1582,2026-09-02T00:00:00Z,73219,72729,73287,72124,73658,-929,-1.26,510589,569282118,1.34,0.81,0.00,0,221693,288896,39106446000,37549757000,-36834794,1082867,15255395,-14172528,75314990,97977256,-22662266,188790739,185328375,3462364,293123520,259751093,33372427,-6.47,-2.49,-3.98,0.61,5.86,0,9,1,8,0,0,0,32.06,0.00,0.00,0.00,,0.00,,0.00,EastMoney,2026-09-02T18:50:37+08:00
BK1583,2026-09-02T00:00:00Z,184642,182325,184774,181727,185554,-3229,-1.74,1814626,1749463176,4.77,1.14,0.00,0,785261,1029364,94056183000,83438144000,-48149564,68358382,73301162,-4942780,289370112,332576896,-43206784,557510176,579327504,-21817328,776233456,706266576,69966880,-2.75,-0.28,-2.47,-1.25,4.00,0,11,1,10,0,0,0,16.67,0.00,0.00,0.00,,0.00,,0.00,EastMoney,2026-09-02T18:50:37+08:00
BK1584,2026-09-02T00:00:00Z,210766,208699,210766,206620,211665,-2966,-1.40,126824,158389043,0.83,0.87,0.00,0,53203,73621,21583006000,21009805000,13133910,4914523,396060,4518463,33026853,24411406,8615447,47331548,50073704,-2742156,70527797,80919551,-10391754,8.29,2.85,5.44,-1.73,-6.56,0,3,1,2,0,0,0,373.15,0.00,0.00,0.00,,0.00,,0.00,EastMoney,2026-09-02T18:50:37+08:00
BK1585,2026-09-02T00:00:00Z,233303,230218,233576,229806,235689,-5471,-2.32,2727460,3814011909,1.79,0.92,0.00,0,1377604,1349856,259206051000,254277296000,-13142711,232317047,225191838,7125209,725314784,745582704,-20267920,1024922128,1297258000,-272335872,1665626896,1390914288,274712608,-0.34,0.19,-0.53,-7.14,7.20,0,19,1,18,0,0,0,24.33,0.00,0.00,0.00,,0.00,,0.00,EastMoney,2026-09-02T18:50:37+08:00
BK1586,2026-09-02T00:00:00Z,187790,184605,188502,184230,189261,-4656,-2.46,1076183,1772268631,1.66,0.92,0.00,0,443664,632519,174160581000,166408202000,-21955794,90726938,115164524,-24437586,360814080,358332288,2481792,567400096,614176528,-46776432,712849248,644117040,68732208,-1.24,-1.38,0.14,-2.64,3.88,0,8,0,7,1,0,0,22.51,0.00,0.00,0.00,,0.00,,0.00,EastMoney,2026-09-02T18:50:37+08:00
BK1587,2026-09-02T00:00:00Z,104213,103944,104324,103274,103869,75,0.07,1972989,2272037431,0.18,1.04,0.00,0,859876,1113113,2912246768000,726212208000,-95433344,324429536,410257632,-85828096,567486480,577091728,-9605248,732250304,654889088,77361216,625873536,607801392,18072144,-4.20,-3.78,-0.42,3.40,0.80,0,3,1,1,1,0,0,17.29,0.00,0.00,0.00,,0.00,,0.00,EastMoney,2026-09-02T18:50:37+08:00
BK1588,2026-09-02T00:00:00Z,279546,281558,282518,278657,282125,-567,-0.20,2671718,2735685445,3.37,0.96,0.00,0,1329914,1341804,91544900000,84000635000,-90442160,112359782,185717094,-73357312,549513120,566597968,-17084848,849436320,865312160,-15875840,1133264736,1021799600,111465136,-3.31,-2.68,-0.62,-0.58,4.07,0,19,5,11,3,0,0,-59.55,0.00,0.00,0.00,,0.00,,0.00,EastMoney,2026-09-02T18:50:37+08:00
BK1589,2026-09-02T00:00:00Z,456799,457644,460538,452671,461853,-4209,-0.91,2755868,3968132843,1.92,0.77,0.00,0,1191071,1564797,240437416000,230150999000,-248263965,207019123,292835152,-85816029,764911888,927359824,-162447936,1277608208,1320291232,-42683024,1650329904,1359382912,290946992,-6.26,-2.16,-4.09,-1.08,7.33,0,17,1,14,2,0,0,61.70,0.00,0.00,0.00,,0.00,,0.00,EastMoney,2026-09-02T18:50:37+08:00
BK1590,2026-09-02T00:00:00Z,522976,527669,532369,522211,527934,-265,-0.05,944519,1651367145,2.30,1.22,0.00,0,460774,483745,80224213000,64974328000,-85186612,65426340,156415080,-90988740,289426336,283624208,5802128,569587312,488937792,80649520,676438256,670078240,6360016,-5.16,-5.51,0.35,4.88,0.39,0,14,5,9,0,0,0,59.02,0.00,0.00,0.00,,0.00,,0.00,EastMoney,2026-09-02T18:50:37+08:00
BK1591,2026-09-02T00:00:00Z,1459535,1459629,1474712,1443974,1481285,-21656,-1.46,7171512,81712267715,3.14,0.87,0.00,0,3295589,3875923,2893615008000,2642843072000,-7137881856,13886317824,17792495872,-3906178048,19822276352,23053980160,-3231703808,28378885376,24955580928,3423304448,17698381056,13968710912,3729670144,-8.74,-4.78,-3.95,4.19,4.56,0,37,7,30,0,0,0,67.25,0.00,0.00,0.00,,0.00,,0.00,EastMoney,2026-09-02T18:50:37+08:00
BK1592,2026-09-02T00:00:00Z,2457986,2530110,2560236,2454913,2505293,24817,0.99,6168687,30220755421,5.66,0.65,0.00,0,3090571,3078116,789979760000,590081168000,390446336,4699783424,4591971840,107811584,7471879424,7189244672,282634752,9917515008,10359203840,-441688832,7427137280,7361282048,65855232,1.29,0.36,0.94,-1.46,0.22,0,13,8,5,0,0,0,65.84,0.00,0.00,0.00,,0.00,,0.00,EastMoney,2026-09-02T18:50:37+08:00
BK1593,2026-09-02T00:00:00Z,414662,419050,421931,413436,419173,-123,-0.03,6376166,15817061768,5.96,1.03,0.00,0,3046664,3329502,415127840000,324415024000,120350656,1723020208,1706346592,16673616,3440271760,3336594720,103677040,4884770304,5052541952,-167771648,5312761344,5265268224,47493120,0.76,0.11,0.66,-1.06,0.30,0,27,9,18,0,0,0,66.40,0.00,0.00,0.00,,0.00,,0.00,EastMoney,2026-09-02T18:50:37+08:00
BK1594,2026-09-02T00:00:00Z,388614,385445,388666,384090,389959,-4514,-1.16,23827659,26959325663,2.97,0.81,0.00,0,10841969,12985690,1978790688000,1372024112000,-468943760,2321601840,2492742080,-171140240,5750658816,6048462336,-297803520,9026064640,8877403392,148661248,9159960320,8833019392,326940928,-1.74,-0.63,-1.10,0.55,1.21,0,114,23,90,1,0,0,50.20,0.00,0.00,0.00,,0.00,,0.00,EastMoney,2026-09-02T18:50:37+08:00
BK1595,2026-09-02T00:00:00Z,386195,383304,386816,382090,387294,-3990,-1.03,4668548,7723138069,2.15,0.80,0.00,0,2105685,2562862,346845264000,309550752000,-295877280,446936144,591373296,-144437152,1657586960,1809027088,-151440128,2535493536,2405051296,130442240,2724022912,2556645216,167377696,-3.83,-1.87,-1.96,1.69,2.17,0,46,13,32,1,0,0,53.97,0.00,0.00,0.00,,0.00,,0.00,EastMoney,2026-09-02T18:50:37+08:00
BK1596,2026-09-02T00:00:00Z,786441,779215,788904,773991,785808,-6593,-0.84,2606820,8704060913,1.68,0.73,0.00,0,1154643,1452177,597876880000,509545408000,259006672,765968288,598478880,167489408,1968914432,1877397168,91517264,3073586672,2841348032,232238640,2661327152,3147176736,-485849584,2.98,1.92,1.05,2.67,-5.58,0,39,8,31,0,0,0,51.00,0.00,0.00,0.00,,0.00,,0.00,EastMoney,2026-09-02T18:50:37+08:00
BK1597,2026-09-02T00:00:00Z,428896,420656,428896,419710,429613,-8957,-2.08,713218,561860352,0.65,0.84,0.00,0,258668,454549,82535723000,82321595000,-12795773,42996494,53640515,-10644021,103381536,105533288,-2151752,185579298,165790716,19788582,220646237,227639045,-6992808,-2.28,-1.89,-0.38,3.52,-1.24,0,6,0,6,0,0,0,36.42,0.00,0.00,0.00,,0.00,,0.00,EastMoney,2026-09-02T18:50:37+08:00
BK1598,2026-09-02T00:00:00Z,420774,411605,421293,411227,419030,-7425,-1.77,2377157,4246511300,2.54,0.58,0.00,0,999249,1377907,173462196000,143175259000,-145441731,267240781,424404512,-157163731,1066443760,1054721760,11722000,1504135024,1421849136,82285888,1288340192,1225644592,62695600,-3.42,-3.70,0.28,1.94,1.48,0,13,2,10,1,0,0,-13.70,0.00,0.00,0.00,,0.00,,0.00,EastMoney,2026-09-02T18:50:37+08:00
BK1599,2026-09-02T00:00:00Z,424339,421789,424892,419115,426149,-4360,-1.02,364833,420437597,2.01,0.83,0.00,0,177797,187036,20995212000,20457918000,8411634,4089861,4607912,-518051,63422972,54493287,8929685,124331749,125393063,-1061314,196776897,198292701,-1515804,2.00,-0.12,2.12,-0.25,-0.36,0,5,1,4,0,0,0,-59.03,0.00,0.00,0.00,,0.00,,0.00,EastMoney,2026-09-02T18:50:37+08:00
BK1600,2026-09-02T00:00:00Z,823707,818796,826530,806129,826416,-7620,-0.92,4750952,20276202535,4.28,0.88,0.00,0,2322424,2428527,911537936000,716514640000,1277829040,2199286064,1785549040,413737024,5111738368,4247646352,864092016,6874960128,6703663872,171296256,5787102720,7236228096,-1449125376,6.30,2.04,4.26,0.84,-7.15,0,29,6,23,0,0,0,33.79,0.00,0.00,0.00,,0.00,,0.00,EastMoney,2026-09-02T18:50:37+08:00
BK1601,2026-09-02T00:00:00Z,645689,639218,645689,635894,647506,-8288,-1.28,4582217,2874666186,1.92,0.82,0.00,0,1988150,2594066,186761264000,167193582000,-166750625,189955743,290826512,-100870769,614258848,680138704,-65879856,919583104,920852000,-1268896,1068363120,900343600,168019520,-5.80,-3.51,-2.29,-0.04,5.84,0,15,1,13,1,0,0,51.53,0.00,0.00,0.00,,0.00,,0.00,EastMoney,2026-09-02T18:50:37+08:00
BK1602,2026-09-02T00:00:00Z,568180,557911,569682,557282,569536,-11625,-2.04,572375,1018759080,2.76,0.57,0.00,0,237085,335290,46829004000,43854974000,-56238048,23318996,58892855,-35573859,169991216,190655405,-20664189,338656208,341178128,-2521920,461535968,402776000,58759968,-5.52,-3.49,-2.03,-0.25,5.77,0,5,0,5,0,0,0,-122.57,0.00,0.00,0.00,,0.00,,0.00,EastMoney,2026-09-02T18:50:37+08:00
BK1603,2026-09-02T00:00:00Z,342989,340833,343014,338918,344155,-3322,-0.97,1938554,3633873227,1.34,0.75,0.00,0,871088,1067466,280095312000,263929051000,-127857712,167387213,203836925,-36449712,669727088,761135088,-91408000,1200013168,1180526352,19486816,1510418688,1399014768,111403920,-3.52,-1.00,-2.52,0.54,3.07,0,40,7,33,0,0,0,53.94,0.00,0.00,0.00,,0.00,,0.00,EastMoney,2026-09-02T18:50:37+08:00
BK1604,2026-09-02T00:00:00Z,435773,437169,438954,432923,437379,-210,-0.05,2398460,5545367383,1.53,0.96,0.00,0,1137163,1261297,411058272000,346156624000,-75873211,250382197,385475600,-135093403,1110650544,1051430352,59220192,1943872336,1872755168,71117168,2091415936,2060742624,30673312,-1.37,-2.44,1.07,1.28,0.55,0,55,18,35,2,0,0,42.04,0.00,0.00,0.00,,0.00,,0.00,EastMoney,2026-09-02T18:50:37+08:00
BK1605,2026-09-02T00:00:00Z,583271,581490,583740,577809,586518,-5028,-0.86,2387496,6973515529,1.80,0.83,0.00,0,1120970,1266526,592243088000,537141296000,-327362768,405002000,520676544,-115674544,1509711840,1721400064,-211688224,2396104528,2229173984,166930544,2502386560,2339867616,162518944,-4.69,-1.66,-3.04,2.39,2.33,0,45,13,32,0,0,0,42.97,0.00,0.00,0.00,,0.00,,0.00,EastMoney,2026-09-02T18:50:37+08:00
BK1606,2026-09-02T00:00:00Z,354441,349263,354441,347749,354462,-5199,-1.47,548395,861048919,1.25,0.80,0.00,0,242010,306386,80756272000,74184692000,26171706,24219047,16027446,8191601,122763588,104783483,17980105,275380960,280428368,-5047408,429607968,450732272,-21124304,3.04,0.95,2.09,-0.59,-2.45,0,8,0,8,0,0,0,18.55,0.00,0.00,0.00,,0.00,,0.00,EastMoney,2026-09-02T18:50:37+08:00
BK1607,2026-09-02T00:00:00Z,213342,210109,213342,209883,213942,-3833,-1.79,4523786,2988612037,1.95,0.99,0.00,0,1942289,2581497,225187426000,191968906000,-137173895,100602374,199309981,-98707607,528895664,567361952,-38466288,934915840,915700384,19215456,1342949488,1224991056,117958432,-4.59,-3.30,-1.29,0.64,3.95,0,24,1,22,1,0,0,18.06,0.00,0.00,0.00,,0.00,,0.00,EastMoney,2026-09-02T18:50:37+08:00
BK1608,2026-09-02T00:00:00Z,137149,135715,137225,135590,137780,-2065,-1.50,12284445,11594052919,2.00,0.84,0.00,0,5338756,6945689,757880400000,728600768000,-606941424,577978336,895389344,-317411008,2197316208,2486846624,-289530416,3714592592,3733660656,-19068064,4728257536,4099067232,629190304,-5.23,-2.74,-2.50,-0.16,5.43,0,66,8,58,0,0,0,28.30,0.00,0.00,0.00,,0.00,,0.00,EastMoney,2026-09-02T18:50:37+08:00
BK1609,2026-09-02T00:00:00Z,168182,167773,168938,166750,168186,-413,-0.25,9439880,7348182277,0.75,0.87,0.00,0,4610882,4828998,1345393296000,1305015104000,-203721872,858287744,847389984,10897760,1657718672,1872338304,-214619632,2257970896,2194360464,63610432,2465763904,2325652464,140111440,-2.77,0.15,-2.92,0.87,1.91,0,17,4,11,2,0,0,6.25,0.00,0.00,0.00,,0.00,,0.00,EastMoney,2026-09-02T18:50:37+08:00
BK1610,2026-09-02T00:00:00Z,241916,241295,243204,240581,241935,-640,-0.26,11076310,9005670146,0.44,0.80,0.00,0,4993306,6083004,2961316688000,2552334016000,75822496,1617061872,1571931600,45130272,2362413520,2331721296,30692224,2366274416,2683334256,-317059840,2477769536,2236532192,241237344,0.84,0.50,0.34,-3.52,2.68,0,9,3,5,1,0,0,6.00,0.00,0.00,0.00,,0.00,,0.00,EastMoney,2026-09-02T18:50:37+08:00
BK1611,2026-09-02T00:00:00Z,340187,341292,343385,338879,339025,2267,0.67,15457291,11233059311,0.17,1.02,0.00,0,7987553,7469737,11791418112000,6581836288000,-388153904,2348325856,2679948848,-331622992,2642392096,2698923008,-56530912,3011368752,3240581200,-229212448,2994554496,2377188144,617366352,-3.46,-2.95,-0.50,-2.04,5.50,0,6,6,0,0,0,0,8.11,0.00,0.00,0.00,,0.00,,0.00,EastMoney,2026-09-02T18:50:37+08:00
BK1612,2026-09-02T00:00:00Z,47562,47321,47659,46985,47648,-327,-0.69,4402762,2116508798,1.05,0.87,0.00,0,2006341,2396420,268881568000,247382738000,5021655,250829670,217605855,33223815,489780096,517982256,-28202160,579642544,627444688,-47802144,765652256,722871776,42780480,0.24,1.57,-1.33,-2.26,2.02,0,10,1,9,0,0,0,6.06,0.00,0.00,0.00,,0.00,,0.00,EastMoney,2026-09-02T18:50:37+08:00
BK1613,2026-09-02T00:00:00Z,271031,268985,271031,265382,272648,-3663,-1.34,10162633,11545602280,1.64,0.84,0.00,0,4509982,5652651,888694032000,613177776000,-880428480,1049949408,1532872016,-482922608,2562591344,2960097216,-397505872,3705449824,3407271248,298178576,4068922960,3486673072,582249888,-7.63,-4.18,-3.44,2.58,5.04,0,30,4,25,1,0,0,10.63,0.00,0.00,0.00,,0.00,,0.00,EastMoney,2026-09-02T18:50:37+08:00
BK1614,2026-09-02T00:00:00Z,265167,265725,267876,258985,270923,-5198,-1.92,5535086,5901667366,3.06,0.86,0.00,0,2389463,3145623,199645487000,190753668000,-411659152,416177680,726149488,-309971808,1254484256,1356171600,-101687344,1818206800,1766262624,51944176,2266475008,1899480144,366994864,-6.98,-5.25,-1.72,0.88,6.22,0,11,1,10,0,0,0,21.85,0.00,0.00,0.00,,0.00,,0.00,EastMoney,2026-09-02T18:50:37+08:00
BK1615,2026-09-02T00:00:00Z,394766,397228,399655,387109,404583,-7355,-1.82,17299724,27840913494,2.24,0.82,0.00,0,8000733,9298991,1931392928000,1570736416000,-2041751920,3963174800,5059072000,-1095897200,6340574720,7286429440,-945854720,7920852992,7604473344,316379648,8933413888,7208041984,1725371904,-7.33,-3.94,-3.40,1.14,6.20,0,17,1,15,1,0,0,15.08,0.00,0.00,0.00,,0.00,,0.00,EastMoney,2026-09-02T18:50:37+08:00
BK1616,2026-09-02T00:00:00Z,533720,549592,554714,519037,559862,-10270,-1.83,3900670,7328831692,8.19,0.76,0.00,0,1954696,1945973,122627773000,116393901000,-656855888,936276304,1315502704,-379226400,1595307360,1872936848,-277629488,2044347504,2092996752,-48649248,2564446448,1858941296,705505152,-8.96,-5.17,-3.79,-0.66,9.63,0,3,0,3,0,0,0,27.43,0.00,0.00,0.00,,0.00,,0.00,EastMoney,2026-09-02T18:50:37+08:00
BK1617,2026-09-02T00:00:00Z,699110,723688,728089,681029,721217,2471,0.34,6667014,20188415537,3.73,0.99,0.00,0,3440560,3226454,600267808000,538760800000,-927362144,2683434128,3203182320,-519748192,4970103040,5377716992,-407613952,6076125696,5806509312,269616384,5926237440,5268491776,657745664,-4.59,-2.57,-2.02,1.34,3.26,0,10,5,5,0,0,0,24.56,0.00,0.00,0.00,,0.00,,0.00,EastMoney,2026-09-02T18:50:37+08:00
BK1618,2026-09-02T00:00:00Z,534355,530574,534355,523306,538715,-8141,-1.51,1198831,2765949767,1.77,0.81,0.00,0,531497,667334,182750473000,142453499000,-161068166,135007032,213561806,-78554774,483984416,566497808,-82513392,857540064,816745776,40794288,1250203392,1129929504,120273888,-5.82,-2.84,-2.98,1.47,4.35,0,15,1,14,0,0,0,51.84,0.00,0.00,0.00,,0.00,,0.00,EastMoney,2026-09-02T18:50:37+08:00
BK1619,2026-09-02T00:00:00Z,366082,372629,374496,363971,369479,3150,0.85,3472566,5647467131,4.37,1.61,0.00,0,1767350,1705215,217025590000,189738179000,15652864,440210832,357733120,82477712,1043115776,1109940624,-66824848,1770345248,1781921584,-11576336,2166338320,2133836480,32501840,0.28,1.46,-1.18,-0.20,0.58,0,21,10,11,0,0,0,83.49,0.00,0.00,0.00,,0.00,,0.00,EastMoney,2026-09-02T18:50:37+08:00
BK1620,2026-09-02T00:00:00Z,104052,102709,104052,101215,105252,-2543,-2.42,107553,421811812,1.97,0.84,0.00,0,49738,57814,27152887000,21104738000,-15153444,12792158,12555984,236174,90735323,106124941,-15389618,151971454,161624524,-9653070,159055647,134249132,24806515,-3.59,0.06,-3.65,-2.29,5.88,0,2,0,2,0,0,0,15.53,0.00,0.00,0.00,,0.00,,0.00,EastMoney,2026-09-02T18:50:37+08:00
BK1621,2026-09-02T00:00:00Z,1499304,1465968,1499304,1448555,1521907,-55939,-3.68,2227956,9011647224,3.72,0.90,0.00,0,1035577,1192379,310564896000,247481924000,-983644928,750061296,1188582144,-438520848,1799277696,2344401776,-545124080,2807412640,2797352256,10060384,3480911712,2507327168,973584544,-10.92,-4.87,-6.05,0.11,10.80,0,8,0,8,0,0,0,19.49,0.00,0.00,0.00,,0.00,,0.00,EastMoney,2026-09-02T18:50:37+08:00
BK1622,2026-09-02T00:00:00Z,463185,453503,463185,451112,467727,-14224,-3.04,488569,1857669074,2.59,1.12,0.00,0,211240,277329,71840433000,71615817000,-235792997,171514315,291919024,-120404709,384496336,499884624,-115388288,632521968,575365120,57156848,642105920,463469760,178636160,-12.69,-6.48,-6.21,3.08,9.62,0,1,0,1,0,0,0,10.40,0.00,0.00,0.00,,0.00,,0.00,EastMoney,2026-09-02T18:50:37+08:00
BK1623,2026-09-02T00:00:00Z,142448,140530,142448,137905,144891,-4361,-3.01,771328,1842317592,1.70,0.82,0.00,0,338810,432518,147959704000,106147120000,-169491370,122241515,191948389,-69706874,382269072,482053568,-99784496,572359536,574316848,-1957312,738024880,566576192,171448688,-9.20,-3.78,-5.42,-0.11,9.31,0,3,0,3,0,0,0,25.95,0.00,0.00,0.00,,0.00,,0.00,EastMoney,2026-09-02T18:50:37+08:00
BK1624,2026-09-02T00:00:00Z,519026,518559,521367,509757,525577,-7018,-1.34,2254000,8428491603,2.79,0.74,0.00,0,1086251,1167748,419045712000,257656000000,-353790960,769470496,904740896,-135270400,1632136064,1850656624,-218520560,2606196432,2655329760,-49133328,3176602704,2772325392,404277312,-4.20,-1.60,-2.59,-0.58,4.80,0,16,3,12,1,0,0,55.57,0.00,0.00,0.00,,0.00,,0.00,EastMoney,2026-09-02T18:50:37+08:00
BK1625,2026-09-02T00:00:00Z,821382,811200,821382,802126,843665,-32465,-3.85,1395625,6594494066,3.12,0.75,0.00,0,688693,706932,255796731000,202639083000,-611183280,700025120,953377312,-253352192,1321247472,1679078560,-357831088,2026764848,2120158416,-93393568,2378918096,1674341248,704576848,-9.27,-3.84,-5.43,-1.42,10.68,0,4,0,4,0,0,0,32.70,0.00,0.00,0.00,,0.00,,0.00,EastMoney,2026-09-02T18:50:37+08:00
BK1626,2026-09-02T00:00:00Z,964108,946624,964108,934653,976905,-30281,-3.10,1199539,4683744066,1.77,0.88,0.00,0,508498,691041,268195348000,268195348000,-431796864,446704176,730410672,-283706496,983264832,1131355200,-148090368,1455065488,1397521232,57544256,1727887936,1353635328,374252608,-9.22,-6.06,-3.16,1.23,7.99,0,4,0,4,0,0,0,49.41,0.00,0.00,0.00,,0.00,,0.00,EastMoney,2026-09-02T18:50:37+08:00
BK1627,2026-09-02T00:00:00Z,1230381,1217753,1230381,1210230,1235102,-17349,-1.40,4222062,3003883817,2.03,0.79,0.00,0,1855902,2366160,207764620000,195904101000,-175585750,150950444,232786658,-81836214,549054800,642804336,-93749536,959823856,922743888,37079968,1268068432,1129562640,138505792,-5.85,-2.72,-3.12,1.23,4.61,0,22,4,18,0,0,0,-149.66,0.00,0.00,0.00,,0.00,,0.00,EastMoney,2026-09-02T18:50:37+08:00
BK1628,2026-09-02T00:00:00Z,84948,84668,85223,84176,85378,-710,-0.83,2108984,2393897249,1.33,0.94,0.00,0,803099,1305884,124615899000,112851643000,-97011026,197111975,243101209,-45989234,451067360,502089152,-51021792,707273568,669507136,37766432,958816784,897154560,61662224,-4.05,-1.92,-2.13,1.58,2.58,0,11,4,7,0,0,0,178.58,0.00,0.00,0.00,,0.00,,0.00,EastMoney,2026-09-02T18:50:37+08:00
BK1629,2026-09-02T00:00:00Z,77053,76885,77345,76452,77747,-862,-1.11,80336340,115798610581,3.38,1.10,0.00,0,35670335,44666005,4038683728000,3521692144000,-7992218880,11311777024,14869529088,-3557752064,23931976960,28366443776,-4434466816,36099031808,35999307776,99724032,40350290944,32374481664,7975809280,-6.90,-3.07,-3.83,0.09,6.89,0,273,46,221,6,0,0,52.25,0.00,0.00,0.00,,0.00,,0.00,EastMoney,2026-09-02T18:50:37+08:00
BK1630,2026-09-02T00:00:00Z,621809,609720,621809,608546,619244,-9524,-1.54,58018379,42283703869,9.63,1.50,0.00,0,26669132,31349247,522206800000,458322832000,-1447727680,4023921600,4924871168,-900949568,8924530432,9471308544,-546778112,13135431424,12827292928,308138496,14085288704,12941481728,1143806976,-3.42,-2.13,-1.29,0.73,2.71,0,57,18,39,0,0,0,-253.16,0.00,0.00,0.00,,0.00,,0.00,EastMoney,2026-09-02T18:50:37+08:00
BK1631,2026-09-02T00:00:00Z,51023,51541,52024,50591,51137,404,0.79,2120640,4993519730,1.33,0.11,0.00,0,933869,1186771,51734570000,50606056000,60543232,840064144,652750272,187313872,1004151008,1130921648,-126770640,1291584640,1395314224,-103729584,1693733920,1650547568,43186352,1.21,3.75,-2.54,-2.08,0.86,0,6,2,4,0,0,0,72.19,0.00,0.00,0.00,,0.00,,0.00,EastMoney,2026-09-02T18:50:37+08:00
BK1632,2026-09-02T00:00:00Z,50569,50099,50582,49909,51357,-1258,-2.45,110047575,98721446171,19.86,1.52,0.00,0,50939832,59107743,654589552000,489119536000,-3694275072,9411536128,10872390912,-1460854784,19556358400,21789778688,-2233420288,30429662976,31355294976,-925632000,34950465280,30366704896,4583760384,-3.74,-1.48,-2.26,-0.94,4.64,0,83,22,60,1,0,0,281.23,0.00,0.00,0.00,,0.00,,0.00,EastMoney,2026-09-02T18:50:37+08:00
BK1633,2026-09-02T00:00:00Z,83797,83123,83816,82845,84548,-1425,-1.69,249552715,304106743159,6.42,1.13,0.00,0,114652792,134899923,6231459840000,5647723520000,-6996165376,34093731584,35391203840,-1297472256,62952481536,68651174656,-5698693120,91762626560,94231588864,-2468962304,104807706624,95461433344,9346273280,-2.30,-0.43,-1.87,-0.81,3.07,0,376,93,282,1,0,0,43.90,0.00,0.00,0.00,,0.00,,0.00,EastMoney,2026-09-02T18:50:37+08:00
BK1635,2026-09-02T00:00:00Z,94850,94302,94983,93966,95009,-707,-0.74,100498689,48953919934,0.66,1.00,0.00,0,44525002,55973687,15477105152000,9788225792000,-1221198592,6812019456,7347442688,-535423232,11152988672,11838764032,-685775360,14475133440,14254620672,220512768,15435063040,14434837504,1000225536,-2.49,-1.09,-1.40,0.45,2.04,0,190,35,148,7,0,0,9.50,0.00,0.00,0.00,,0.00,,0.00,EastMoney,2026-09-02T18:50:37+08:00
BK1636,2026-09-02T00:00:00Z,107932,106822,108109,106741,107809,-987,-0.92,32408146,25665988219,0.26,0.88,0.00,0,15463026,16945120,15445309184000,9679577088000,-513260800,4587905536,4874509056,-286603520,5986942720,6213600000,-226657280,7251857408,7326165248,-74307840,7328772608,6741204224,587568384,-2.00,-1.12,-0.88,-0.29,2.29,0,39,8,31,0,0,0,7.93,0.00,0.00,0.00,,0.00,,0.00,EastMoney,2026-09-02T18:50:37+08:00
BK1637,2026-09-02T00:00:00Z,372114,364837,372114,363934,370132,-5295,-1.43,143486201,178028679350,8.44,1.09,0.00,0,65801262,77684939,8074781184000,4198699568000,-10743176448,27377351680,33656002816,-6278651136,40594574848,45059100160,-4464525312,57069594368,52951108864,4118485504,46203622400,39578931712,6624690688,-6.03,-3.53,-2.51,2.31,3.72,0,100,31,69,0,0,0,39.23,0.00,0.00,0.00,,0.00,,0.00,EastMoney,2026-09-02T18:50:37+08:00
BK1638,2026-09-02T00:00:00Z,237320,236344,237424,235632,237545,-1201,-0.51,151026302,160141184165,11.43,1.34,0.00,0,70162757,80863544,1846226832000,1613284656000,-3882116608,17845249024,19901336832,-2056087808,34076510720,35902539520,-1826028800,48877765888,48810498048,67267840,51869656832,48038382336,3831274496,-2.42,-1.28,-1.14,0.04,2.39,0,167,66,100,1,0,0,143.68,0.00,0.00,0.00,,0.00,,0.00,EastMoney,2026-09-02T18:50:37+08:00
BK1639,2026-09-02T00:00:00Z,93336,91981,93336,91854,93797,-1816,-1.94,72652152,179395781292,0.75,0.88,0.00,0,31029928,41622224,23886913280000,18380899328000,-12851245312,26534555648,34176703488,-7642147840,43328357632,48537455104,-5209097472,54393893376,51143465216,3250428160,51403375616,41802558720,9600816896,-7.16,-4.26,-2.90,1.81,5.35,0,100,9,90,1,0,0,13.35,0.00,0.00,0.00,,0.00,,0.00,EastMoney,2026-09-02T18:50:37+08:00
BK1640,2026-09-02T00:00:00Z,96394,95282,96394,95173,96517,-1235,-1.28,30803760,32776870924,0.58,0.87,0.00,0,13516426,17287335,10184199424000,5915407360000,-733361968,3703293136,4324443392,-621150256,7417362432,7529574144,-112211712,9978436608,9868348928,110087680,11072794880,10445583616,627211264,-2.24,-1.90,-0.34,0.34,1.91,0,100,10,85,5,0,0,10.37,0.00,0.00,0.00,,0.00,,0.00,EastMoney,2026-09-02T18:50:37+08:00
BK1641,2026-09-02T00:00:00Z,102505,100931,102548,100854,102253,-1322,-1.29,51373495,46337636892,0.32,0.93,0.00,0,24146902,27226594,20656390912000,14197750016000,-1042437376,6039379200,6857098496,-817719296,10465326080,10690044160,-224718080,13527009280,14030276864,-503267584,15423615232,13877910272,1545704960,-2.25,-1.76,-0.48,-1.09,3.34,0,100,14,85,1,0,0,8.93,0.00,0.00,0.00,,0.00,,0.00,EastMoney,2026-09-02T18:50:37+08:00
BK1642,2026-09-02T00:00:00Z,85745,85867,86359,85036,86221,-354,-0.41,30760633,18234434928,2.96,1.24,0.00,0,13771695,16988938,763537168000,700527056000,-342623504,1407841984,1733728592,-325886608,3960951808,3977688704,-16736896,5546752000,5372612096,174139904,6590642432,6303808256,286834176,-1.88,-1.79,-0.09,0.96,1.57,0,100,27,71,2,0,0,-234.13,0.00,0.00,0.00,,0.00,,0.00,EastMoney,2026-09-02T18:50:37+08:00
BK1643,2026-09-02T00:00:00Z,87042,86659,87051,86178,87726,-1067,-1.22,244760650,371429494739,2.00,0.93,0.00,0,109632468,135128181,15479170304000,13635144960000,-4742597632,33914308864,35025700096,-1111391232,79509172224,83140378624,-3631206400,117836083200,117692067840,144015360,132498829312,127793762304,4705067008,-1.28,-0.30,-0.98,0.04,1.27,0,1000,157,825,18,0,0,46.63,0.00,0.00,0.00,,0.00,,0.00,EastMoney,2026-09-02T18:50:37+08:00
BK1644,2026-09-02T00:00:00Z,92012,92102,92475,91122,92425,-323,-0.35,2060936,2423336918,2.81,1.03,0.00,0,838682,1222254,102462151000,89070383000,55708805,238393073,160467100,77925973,285202976,307420144,-22217168,644156432,735411440,-91255008,1210715008,1175168800,35546208,2.30,3.22,-0.92,-3.77,1.47,0,46,11,34,1,0,0,35.91,0.00,0.00,0.00,,0.00,,0.00,EastMoney,2026-09-02T18:50:37+08:00
BK1645,2026-09-02T00:00:00Z,2157864,2173230,2187996,2110418,2090352,82878,3.96,16787159,11900428609,20.96,1.49,0.00,0,7965868,8821292,57496980000,55498575000,-507127376,1421669344,1564247264,-142577920,2382323280,2746872736,-364549456,3476524272,3235101328,241422944,3886005312,3620300896,265704416,-4.26,-1.20,-3.06,2.03,2.23,0,10,7,3,0,0,0,914.15,0.00,0.00,0.00,,0.00,,0.00,EastMoney,2026-09-02T18:50:37+08:00
BK1646,2026-09-02T00:00:00Z,103233,103656,104274,102789,104360,-704,-0.67,52115213,136058518395,2.67,0.85,0.00,0,23620079,28495134,9283163392000,4971855104000,-6660531200,16640431872,20731902208,-4091470336,30480818176,33049879040,-2569060864,42442899200,40806478080,1636421120,42353029376,37104408576,5248620800,-4.90,-3.01,-1.89,1.20,3.86,0,207,48,157,2,0,0,42.38,0.00,0.00,0.00,,0.00,,0.00,EastMoney,2026-09-02T18:50:37+08:00
BK1647,2026-09-02T00:00:00Z,81479,81761,82113,80920,82090,-329,-0.40,43976446,77033906632,2.34,0.87,0.00,0,20482792,23493654,2981396352000,2685184640000,-539182080,8922685952,8722385664,200300288,16247091200,16986573568,-739482368,23700751872,23938635776,-237883904,26389919744,25544619776,845299968,-0.70,0.26,-0.96,-0.31,1.10,0,229,66,156,7,0,0,37.54,0.00,0.00,0.00,,0.00,,0.00,EastMoney,2026-09-02T18:50:37+08:00
BK1648,2026-09-02T00:00:00Z,91029,90950,91365,90254,91694,-744,-0.81,135267782,249782606381,2.09,0.94,0.00,0,60867999,74399783,13619656704000,11829081856000,-6366536704,27288750592,28937977600,-1649227008,54622753280,59340062976,-4717309696,78904512512,78630023168,274489344,83321180160,77126787072,6194393088,-2.55,-0.66,-1.89,0.11,2.48,0,572,145,417,10,0,0,29.47,0.00,0.00,0.00,,0.00,,0.00,EastMoney,2026-09-02T18:50:37+08:00
BK1649,2026-09-02T00:00:00Z,84783,84042,84945,83888,84173,-131,-0.16,56453098,47082423036,1.13,1.32,0.00,0,24771080,31682018,6283855104000,4213381392000,1104787600,4489845248,4089475952,400369296,10463579392,9759161088,704418304,14849412096,14301176320,548235776,15747545856,17297963264,-1550417408,2.35,0.85,1.50,1.16,-3.29,0,156,54,95,7,0,0,14.76,0.00,0.00,0.00,,0.00,,0.00,EastMoney,2026-09-02T18:50:37+08:00
BK1650,2026-09-02T00:00:00Z,104084,104539,105247,103658,105356,-817,-0.78,90762038,344827559802,2.35,0.85,0.00,0,43484547,47277492,14788884224000,11488620288000,-12945716224,46171968000,52876834304,-6704866304,81610354688,87851204608,-6240849920,111389286400,107699212288,3690074112,97605193728,88271339520,9333854208,-3.75,-1.94,-1.81,1.07,2.71,0,382,101,275,6,0,0,44.71,0.00,0.00,0.00,,0.00,,0.00,EastMoney,2026-09-02T18:50:37+08:00
BK1651,2026-09-02T00:00:00Z,96490,96442,96986,95825,97516,-1074,-1.10,20458911,18461889078,2.21,0.85,0.00,0,8229256,12229655,898663952000,816634912000,-648700944,2335899008,2808931040,-473032032,3735703488,3911372400,-175668912,5495158272,5232937728,262220544,6466857984,6080377600,386480384,-3.51,-2.56,-0.95,1.42,2.09,0,48,6,42,0,0,0,50.22,0.00,0.00,0.00,,0.00,,0.00,EastMoney,2026-09-02T18:50:37+08:00
BK1652,2026-09-02T00:00:00Z,89072,88763,89164,88188,89480,-717,-0.80,12935746,16336887053,2.30,0.98,0.00,0,5937008,6998738,726889888000,638772432000,-902377232,1181232576,1682346528,-501113952,3322584928,3723848208,-401263280,5170586112,4931543040,239043072,6099909632,5426383104,673526528,-5.52,-3.07,-2.46,1.46,4.12,0,82,24,58,0,0,0,75.52,0.00,0.00,0.00,,0.00,,0.00,EastMoney,2026-09-02T18:50:37+08:00
BK1653,2026-09-02T00:00:00Z,90587,89823,90632,89567,91182,-1359,-1.49,13167093,22316956716,1.69,0.97,0.00,0,6056516,7110577,3442158544000,3359760336000,-187245808,2017154848,2005336336,11818512,4868024320,5067088640,-199064320,7410200576,7506002944,-95802368,7479778560,7207496448,272282112,-0.84,0.05,-0.89,-0.43,1.22,0,90,9,80,1,0,0,21.28,0.00,0.00,0.00,,0.00,,0.00,EastMoney,2026-09-02T18:50:37+08:00
BK1654,2026-09-02T00:00:00Z,86750,86250,87166,86044,87276,-1026,-1.18,39253117,44921631458,3.98,1.21,0.00,0,17314876,21938241,1029809392000,945004816000,-3205556480,4533331712,6139889408,-1606557696,9096715776,10695714560,-1598998784,13844270592,13986688768,-142418176,15975577600,12627602688,3347974912,-7.14,-3.58,-3.56,-0.32,7.45,0,92,21,67,4,0,0,54.26,0.00,0.00,0.00,,0.00,,0.00,EastMoney,2026-09-02T18:50:37+08:00
BK1655,2026-09-02T00:00:00Z,85573,85261,85573,84356,85653,-392,-0.46,13991887,13627518254,1.26,1.00,0.00,0,6207256,7784631,3127029568000,958187168000,-291815008,1056464944,1173870096,-117405152,2831169152,3005579008,-174409856,4368434176,4265722592,102711584,5066675712,4877572352,189103360,-2.14,-0.86,-1.28,0.75,1.39,0,62,18,44,0,0,0,20.20,0.00,0.00,0.00,,0.00,,0.00,EastMoney,2026-09-02T18:50:37+08:00
BK1656,2026-09-02T00:00:00Z,90563,89671,90742,89568,90738,-1067,-1.18,5916657,5322353080,1.45,0.74,0.00,0,2280332,3636324,566066208000,520200928000,-331311632,300233184,433818784,-133585600,1041514704,1239240736,-197726032,1780426400,1657858736,122567664,2087764896,1879020928,208743968,-6.22,-2.51,-3.72,2.30,3.92,0,40,4,36,0,0,0,25.12,0.00,0.00,0.00,,0.00,,0.00,EastMoney,2026-09-02T18:50:37+08:00
BK1657,2026-09-02T00:00:00Z,96645,95565,96645,95254,97025,-1460,-1.50,32643617,39844857085,3.19,0.79,0.00,0,14811883,17831735,1659309088000,1473395008000,-257175840,3048591616,3159431968,-110840352,8444118784,8590454272,-146335488,13126397952,12777877760,348520192,14196502272,14282673920,-86171648,-0.65,-0.28,-0.37,0.87,-0.22,0,168,25,142,1,0,0,100.69,0.00,0.00,0.00,,0.00,,0.00,EastMoney,2026-09-02T18:50:37+08:00
BK1658,2026-09-02T00:00:00Z,96350,95461,96424,94883,96709,-1248,-1.29,12998655,28948689468,1.82,0.83,0.00,0,5869420,7129235,1581502032000,1350365200000,798896448,2596126272,2403662336,192463936,6790227456,6183794944,606432512,9611342080,9504570368,106771712,9428004096,10328817152,-900813056,2.76,0.66,2.09,0.37,-3.11,0,79,14,65,0,0,0,35.07,0.00,0.00,0.00,,0.00,,0.00,EastMoney,2026-09-02T18:50:37+08:00
BK1659,2026-09-02T00:00:00Z,93378,92612,93411,92242,93694,-1082,-1.15,6246541,9503282698,1.73,0.81,0.00,0,2638378,3608164,766034880000,716988464000,-412811296,495390272,647965248,-152574976,1889543760,2149780080,-260236320,3158325664,2999692896,158632768,3757269248,3500517952,256751296,-4.34,-1.61,-2.74,1.67,2.70,0,62,10,50,2,0,0,43.85,0.00,0.00,0.00,,0.00,,0.00,EastMoney,2026-09-02T18:50:37+08:00
BK1660,2026-09-02T00:00:00Z,116586,117894,118692,116122,118175,-281,-0.24,33888915,112122541355,2.40,0.82,0.00,0,14971309,18917606,3696399360000,3316712544000,-1502974720,17083584256,17449394944,-365810688,27765576704,28902740736,-1137164032,34756059392,34681294592,74764800,29911066112,28467763200,1443302912,-1.34,-0.33,-1.01,0.07,1.29,0,75,26,49,0,0,0,53.44,0.00,0.00,0.00,,0.00,,0.00,EastMoney,2026-09-02T18:50:37+08:00
BK1661,2026-09-02T00:00:00Z,94604,93666,94604,93552,95027,-1361,-1.43,59026709,183381075304,0.56,0.93,0.00,0,26119409,32907299,30814410496000,22075818496000,-12071925248,30815361792,37967424256,-7152062464,46816430080,51736292864,-4919862784,58460216832,53910745344,4549471488,43512743168,35990289152,7522454016,-6.58,-3.90,-2.68,2.48,4.10,0,96,15,80,1,0,0,15.13,0.00,0.00,0.00,,0.00,,0.00,EastMoney,2026-09-02T18:50:37+08:00
BK1662,2026-09-02T00:00:00Z,105393,104836,105569,104603,105927,-1091,-1.03,42496921,165379712115,0.26,0.93,0.00,0,20135552,22361369,42212110848000,27818088960000,-12052144896,29117644800,36823130624,-7705485824,47289665280,51636324352,-4346659072,53629847552,49037076480,4592771072,31932548096,24473174272,7459373824,-7.29,-4.66,-2.63,2.78,4.51,0,50,15,34,1,0,0,11.85,0.00,0.00,0.00,,0.00,,0.00,EastMoney,2026-09-02T18:50:37+08:00
BK1663,2026-09-02T00:00:00Z,99304,98685,99394,98407,99963,-1278,-1.28,181158736,541201229979,0.56,0.91,0.00,0,81509292,99649445,72890011648000,53612941824000,-28182138880,83025625088,100495921152,-17470296064,141104066560,151815909376,-10711842816,174292713472,166224232448,8068481024,131995262976,111881605120,20113657856,-5.21,-3.23,-1.98,1.49,3.72,0,300,58,237,5,0,0,14.13,0.00,0.00,0.00,,0.00,,0.00,EastMoney,2026-09-02T18:50:37+08:00
BK1664,2026-09-02T00:00:00Z,98296,97530,98310,97254,99086,-1556,-1.57,180233429,348632757799,1.61,0.94,0.00,0,79036124,101197305,19072567296000,16655106560000,-15405942016,34658953984,41628286976,-6969332992,74759962624,83196571648,-8436609024,116314820608,113168130048,3146690560,115315617792,103032606720,12283011072,-4.42,-2.00,-2.42,0.90,3.52,0,500,63,436,1,0,0,41.45,0.00,0.00,0.00,,0.00,,0.00,EastMoney,2026-09-02T18:50:37+08:00
BK1665,2026-09-02T00:00:00Z,102934,102925,103757,102188,104267,-1342,-1.29,32189500,282084757650,1.01,0.87,0.00,0,14883182,17306318,20360742912000,16413936896000,-12923347200,46213578496,53616521216,-7402942720,79930634240,85451038720,-5520404480,94742564864,89138061312,5604503552,55482792192,48163945728,7318846464,-4.58,-2.62,-1.96,1.99,2.59,0,101,23,78,0,0,0,45.05,0.00,0.00,0.00,,0.00,,0.00,EastMoney,2026-09-02T18:50:37+08:00
BK1666,2026-09-02T00:00:00Z,97399,96330,97467,96226,97458,-1128,-1.16,87102665,97344453158,0.42,0.86,0.00,0,38942099,48160567,30681008384000,19801467904000,-5080921088,13854582272,17533519104,-3678936832,22791158528,24193142784,-1401984256,28599303168,28136254208,463048960,30240762368,25622890240,4617872128,-5.22,-3.78,-1.44,0.48,4.74,0,93,14,76,3,0,0,9.68,0.00,0.00,0.00,,0.00,,0.00,EastMoney,2026-09-02T18:50:37+08:00
BK1667,2026-09-02T00:00:00Z,95362,95673,96225,94669,96409,-736,-0.76,75054982,162465021933,2.45,0.87,0.00,0,35181021,39873960,5832569856000,4823200768000,432592640,17000933888,15926406400,1074527488,35881293824,36523228672,-641934848,51483809536,52191776000,-707966464,54402344960,54020487424,381857536,0.27,0.66,-0.40,-0.44,0.24,0,361,91,266,4,0,0,62.23,0.00,0.00,0.00,,0.00,,0.00,EastMoney,2026-09-02T18:50:37+08:00
BK1668,2026-09-02T00:00:00Z,92322,91270,92322,90942,92690,-1420,-1.53,88164526,83145382715,1.65,1.01,0.00,0,38088573,50075952,4658545152000,4289429168000,-1942263040,6798857472,7586153728,-787296256,17173248256,18328215040,-1154966784,26266918912,25864946688,401972224,31411879168,29871588352,1540290816,-2.34,-0.95,-1.39,0.48,1.85,0,311,26,280,5,0,0,26.47,0.00,0.00,0.00,,0.00,,0.00,EastMoney,2026-09-02T18:50:37+08:00
BK1669,2026-09-02T00:00:00Z,103506,103051,103895,102665,104831,-1780,-1.70,64058863,188639679451,2.28,0.77,0.00,0,28839358,35219505,8543806720000,7034203392000,-10655773696,18301460224,23398704640,-5097244416,40780111104,46338640384,-5558529280,65608642560,63633947392,1974695168,59561784832,50865613568,8696171264,-5.65,-2.70,-2.95,1.05,4.61,0,202,24,178,0,0,0,59.34,0.00,0.00,0.00,,0.00,,0.00,EastMoney,2026-09-02T18:50:37+08:00
BK1670,2026-09-02T00:00:00Z,95956,94680,95966,94388,96275,-1595,-1.66,48890919,55920115499,1.08,0.91,0.00,0,20313503,28577417,4699448832000,4325831168000,-2975078912,4600134400,5947932928,-1347798528,11353048064,12980328448,-1627280384,17775088640,16954611200,820477440,21105092352,18941825024,2163267328,-5.32,-2.41,-2.91,1.47,3.87,0,140,14,126,0,0,0,36.13,0.00,0.00,0.00,,0.00,,0.00,EastMoney,2026-09-02T18:50:37+08:00
BK1671,2026-09-02T00:00:00Z,72996,73842,74339,72845,73338,504,0.69,23530413,21714981974,2.86,1.06,0.00,0,10888424,12641989,870079808000,756846960000,336588496,1886627312,1560602400,326024912,4627271424,4616707840,10563584,6691109632,6734468352,-43358720,6955471616,7037656576,-82184960,1.55,1.50,0.05,-0.20,-0.38,0,140,64,71,5,0,0,-4.93,0.00,0.00,0.00,,0.00,,0.00,EastMoney,2026-09-02T18:50:37+08:00
BK1672,2026-09-02T00:00:00Z,97624,97361,97685,96631,98040,-679,-0.69,109335465,66917984683,1.68,0.92,0.00,0,47577633,61757832,4265212576000,3698710464000,-1007155984,3609851872,4093480176,-483628304,13199393536,13722921216,-523527680,21451050496,20750889216,700161280,26753206016,26394647296,358558720,-1.51,-0.72,-0.78,1.05,0.54,0,673,176,476,21,0,0,-121.59,0.00,0.00,0.00,,0.00,,0.00,EastMoney,2026-09-02T18:50:37+08:00
BK1673,2026-09-02T00:00:00Z,95773,95180,95796,94655,96138,-958,-1.00,193070451,163775798645,1.49,0.96,0.00,0,84455647,108614805,11868740864000,10132328704000,-7061013760,12875576320,17283771904,-4408195584,33680754944,36333573120,-2652818176,52040700928,50942820864,1097880064,61421095680,55449574400,5971521280,-4.31,-2.69,-1.62,0.67,3.65,0,790,150,615,25,0,0,45.12,0.00,0.00,0.00,,0.00,,0.00,EastMoney,2026-09-02T18:50:37+08:00
BK1674,2026-09-02T00:00:00Z,155968,154698,155968,154128,156008,-1310,-0.84,63862196,63869839903,25.98,2.53,0.00,0,30690529,33171668,11745025024000,5040609280000,-2440360960,7094311936,8339693824,-1245381888,13705799424,14900778496,-1194979072,18723118848,19151950592,-428831744,21519213568,18740855296,2778358272,-3.82,-1.95,-1.87,-0.67,4.35,0,88,33,54,1,0,0,9.06,0.00,0.00,0.00,,0.00,,0.00,EastMoney,2026-09-02T18:50:37+08:00
BK1675,2026-09-02T00:00:00Z,184965,189445,189445,184416,184064,5381,2.92,5362533,6943157534,0.22,2.78,0.00,0,2730603,2631930,5393462016000,1841641792000,-117539008,1108101824,1046658080,61443744,1508072656,1687055408,-178982752,2030309808,2013418544,16891264,2111410752,2010763008,100647744,-1.69,0.88,-2.58,0.24,1.45,0,6,4,2,0,0,0,8.36,0.00,0.00,0.00,,0.00,,0.00,EastMoney,2026-09-02T18:50:37+08:00
BK1676,2026-09-02T00:00:00Z,165314,163445,165314,162521,165535,-2090,-1.26,57296487,56514571004,1.04,2.70,0.00,0,27088111,30208376,9512569600000,4890154752000,-2817321984,6167682048,7911595520,-1743913472,12062834688,13136243200,-1073408512,16580111360,16867624704,-287513344,18935825664,15944277760,2991547904,-4.99,-3.09,-1.90,-0.51,5.29,0,73,23,49,1,0,0,8.00,0.00,0.00,0.00,,0.00,,0.00,EastMoney,2026-09-02T18:50:37+08:00
BK1680,2026-09-02T00:00:00Z,97726,97549,98117,96675,98870,-1321,-1.34,38187590,110799410109,3.26,1.01,0.00,0,18475979,19711611,4382910464000,3568935936000,-3907450368,15733421312,17163953664,-1430532352,26272239616,28749157632,-2476918016,33856415488,33094446592,761968896,32402094592,29231180544,3170914048,-3.53,-1.29,-2.24,0.69,2.86,0,110,26,84,0,0,0,27.84,0.00,0.00,0.00,,0.00,,0.00,EastMoney,2026-09-02T18:50:37+08:00
BK1681,2026-09-02T00:00:00Z,93021,93026,93592,92172,93781,-755,-0.81,1542896,5067447729,2.19,0.94,0.00,0,655692,887204,180339936000,132937667000,488150256,1464764064,783824272,680939792,1091544816,1284334352,-192789536,1219525072,1509130816,-289605744,1238259584,1436804096,-198544512,9.63,13.44,-3.80,-5.72,-3.92,0,12,3,9,0,0,0,68.90,0.00,0.00,0.00,,0.00,,0.00,EastMoney,2026-09-02T18:50:37+08:00
BK1682,2026-09-02T00:00:00Z,100819,100422,101020,99670,101866,-1444,-1.42,1314613,7988471296,2.78,0.85,0.00,0,618887,695726,449908784000,196076821000,-201500960,771730368,947641104,-175910736,1907550016,1933140240,-25590224,3605562240,3589319712,16242528,1363431968,1103767072,259664896,-2.52,-2.20,-0.32,0.20,3.25,0,11,1,10,0,0,0,31.71,0.00,0.00,0.00,,0.00,,0.00,EastMoney,2026-09-02T18:50:37+08:00
BK1693,2026-09-02T00:00:00Z,118439,118197,118720,117568,119149,-952,-0.80,15973393,13305542978,3.11,0.99,0.00,0,7204437,8768955,603368128000,382909840000,-528385840,955498944,1276062272,-320563328,2981803280,3189625792,-207822512,4337515520,4200787136,136728384,4596335616,4204678256,391657360,-3.97,-2.41,-1.56,1.03,2.94,0,72,24,47,1,0,0,15.18,0.00,0.00,0.00,,0.00,,0.00,EastMoney,2026-09-02T18:50:37+08:00
BK1698,2026-09-02T00:00:00Z,106257,105642,106365,105254,106654,-1012,-0.95,13022687,24011946395,0.43,0.99,0.00,0,5514394,7508294,5073710848000,3783809472000,-703581904,2014553392,2251772928,-237219536,4914902528,5381264896,-466362368,8401909504,8294344448,107565056,8188612352,7584438272,604174080,-2.93,-0.99,-1.94,0.45,2.52,0,85,17,67,1,0,0,18.70,0.00,0.00,0.00,,0.00,,0.00,EastMoney,2026-09-02T18:50:37+08:00
BK1699,2026-09-02T00:00:00Z,112564,112411,112885,111694,113510,-1099,-0.97,100521226,110885731122,3.35,0.99,0.00,0,45657262,54863964,4055621760000,3552787296000,-5816719616,12635229952,15261697280,-2626467328,24530717952,27720970240,-3190252288,33688531200,33914804736,-226273536,37558460928,31513482752,6044978176,-5.25,-2.37,-2.88,-0.20,5.45,0,228,54,170,4,0,0,39.42,0.00,0.00,0.00,,0.00,,0.00,EastMoney,2026-09-02T18:50:37+08:00
BK1700,2026-09-02T00:00:00Z,106559,106911,107551,105404,107495,-584,-0.54,12608832,25587480425,1.66,0.73,0.00,0,5225580,7383252,1640379472000,1551757648000,-1083149136,3616813824,4149101136,-532287312,5705103360,6255965184,-550861824,7975031808,7555384576,419647232,7719287552,7055785472,663502080,-4.23,-2.08,-2.15,1.64,2.59,0,23,6,16,1,0,0,22.14,0.00,0.00,0.00,,0.00,,0.00,EastMoney,2026-09-02T18:50:37+08:00
BK1710,2026-09-02T00:00:00Z,87043,86391,87058,86233,87777,-1386,-1.58,27693427,116649163173,1.00,0.92,0.00,0,12312043,15381384,10410916608000,8346203904000,-6114637312,14246398208,17670145536,-3423747328,28424208640,31115098624,-2690889984,38307246080,36923520256,1383725824,33439107584,28708195840,4730911744,-5.24,-2.94,-2.31,1.19,4.06,0,100,21,79,0,0,0,30.84,0.00,0.00,0.00,,0.00,,0.00,EastMoney,2026-09-02T18:50:37+08:00
BK1711,2026-09-02T00:00:00Z,93952,93055,93952,92926,94369,-1314,-1.39,37358854,43792900747,1.82,1.31,0.00,0,17092551,20266303,6684722432000,6043748864000,-1022082128,3881996208,4546759936,-664763728,9834696448,10192014848,-357318400,14462153216,14338095104,124058112,14664654336,13761457408,903196928,-2.33,-1.52,-0.82,0.28,2.06,0,100,13,86,1,0,0,20.92,0.00,0.00,0.00,,0.00,,0.00,EastMoney,2026-09-02T18:50:37+08:00
BK1712,2026-09-02T00:00:00Z,105888,104712,105888,104584,105905,-1193,-1.13,16613249,46923359121,1.31,0.77,0.00,0,7339887,9273362,4379823104000,3495044352000,89895424,4377846272,4594458368,-216612096,11194167552,10887660032,306507520,16321843968,15823919104,497924864,14243037440,14830857984,-587820544,0.19,-0.46,0.65,1.06,-1.25,0,100,14,86,0,0,0,34.39,0.00,0.00,0.00,,0.00,,0.00,EastMoney,2026-09-02T18:50:37+08:00
BK1713,2026-09-02T00:00:00Z,90912,90895,91816,90310,92339,-1444,-1.56,45096370,299771664157,1.34,0.82,0.00,0,20157006,24939364,20958043648000,15257654784000,-17954770944,46989889536,57639981056,-10650091520,80918536192,88223215616,-7304679424,103142281216,96055697408,7086583808,62554943744,51686759680,10868184064,-5.99,-3.55,-2.44,2.36,3.63,0,100,16,83,1,0,0,41.26,0.00,0.00,0.00,,0.00,,0.00,EastMoney,2026-09-02T18:50:37+08:00
BK1714,2026-09-02T00:00:00Z,107835,106905,108111,106755,108254,-1349,-1.25,73011942,69545884664,0.42,0.85,0.00,0,33122245,39889697,23395324416000,16212843776000,-5256918784,9887415552,13337627648,-3450212096,16198779648,18005486336,-1806706688,20752579584,19528815872,1223763712,21344748800,17311593472,4033155328,-7.56,-4.96,-2.60,1.76,5.80,0,100,19,78,3,0,0,7.88,0.00,0.00,0.00,,0.00,,0.00,EastMoney,2026-09-02T18:50:37+08:00
BK1715,2026-09-02T00:00:00Z,79498,79053,79498,78682,79961,-908,-1.14,172988717,271788547848,4.46,1.07,0.00,0,81277358,91711359,10130919168000,7188100096000,-572938496,32965903616,32126403072,839500544,62439485696,63851924736,-1412439040,84445519872,86194462720,-1748942848,83736506368,81455935488,2280570880,-0.21,0.31,-0.52,-0.64,0.84,0,471,136,330,5,0,0,23.16,0.00,0.00,0.00,,0.00,,0.00,EastMoney,2026-09-02T18:50:37+08:00
BK1716,2026-09-02T00:00:00Z,59257,59990,61096,59047,60005,-15,-0.02,2839313,9637383182,4.15,0.53,0.00,0,1378584,1460729,175406456000,139457547000,552331568,1078476864,748755840,329721024,2431773248,2209162704,222610544,3040643488,3008208992,32434496,2709579840,3273301792,-563721952,5.73,3.42,2.31,0.34,-5.85,0,15,7,8,0,0,0,27.14,0.00,0.00,0.00,,0.00,,0.00,EastMoney,2026-09-02T18:50:37+08:00
BK1717,2026-09-02T00:00:00Z,143367,140072,143367,139432,142459,-2387,-1.68,102483233,100066181166,17.74,1.09,0.00,0,47520676,54962558,711057152000,666792784000,-3110841344,12974396160,14148646400,-1174250240,20774489088,22711080192,-1936591104,29785804288,30412089344,-626285056,32198798592,28461672448,3737126144,-3.11,-1.17,-1.94,-0.63,3.73,0,61,20,41,0,0,0,186.37,0.00,0.00,0.00,,0.00,,0.00,EastMoney,2026-09-02T18:50:37+08:00
BK1721,2026-09-02T00:00:00Z,111199,111966,112632,110677,112443,-477,-0.42,35269928,98152437154,2.03,0.87,0.00,0,15508596,19761333,5442091008000,4204478640000,-3093219840,17434925056,19681903104,-2246978048,28711553280,29557795072,-846241792,31632019200,29123482880,2508536320,18105154304,17415848448,689305856,-3.15,-2.29,-0.86,2.56,0.70,0,100,31,68,1,0,0,34.84,0.00,0.00,0.00,,0.00,,0.00,EastMoney,2026-09-02T18:50:37+08:00
BK1722,2026-09-02T00:00:00Z,111057,111475,112205,110432,112566,-1091,-0.97,54806224,252601682093,4.50,0.98,0.00,0,26035446,28770778,13907415296000,8199104768000,-9971870976,41555296256,46350142720,-4794846464,69641355264,74818379776,-5177024512,85092564992,80508743680,4583821312,50081305344,44577104384,5504200960,-3.95,-1.90,-2.05,1.81,2.18,0,200,64,132,4,0,0,99.03,0.00,0.00,0.00,,0.00,,0.00,EastMoney,2026-09-02T18:50:37+08:00
BK1723,2026-09-02T00:00:00Z,106996,106012,107135,105526,107137,-1125,-1.05,104956175,49978471975,0.63,0.98,0.00,0,46033830,58922345,15851687424000,10259218176000,-1032404992,6877603328,7496276736,-618673408,11317371392,11731102976,-413731584,14716605696,14320096000,396509696,16025553664,15389658368,635895296,-2.07,-1.24,-0.83,0.79,1.27,0,200,19,177,4,0,0,9.62,0.00,0.00,0.00,,0.00,,0.00,EastMoney,2026-09-02T18:50:37+08:00
BK1743,2026-09-02T00:00:00Z,98343,97881,98509,96581,99195,-1314,-1.32,5775356,69547934231,1.24,0.51,0.00,0,2792928,2982428,5647232000000,5062203136000,-5356723712,13779125504,16430558464,-2651432960,19088626432,21793917184,-2705290752,24651637504,20616646144,4034991360,10621071360,9299339008,1321732352,-7.70,-3.81,-3.89,5.80,1.90,0,16,3,13,0,0,0,21.17,0.00,0.00,0.00,,0.00,,0.00,EastMoney,2026-09-02T18:50:37+08:00
BK1749,2026-09-02T00:00:00Z,104760,104397,105006,103638,105728,-1331,-1.26,189236156,501816162310,2.20,0.90,0.00,0,84986941,104249215,25637754624000,21744530432000,-18895686656,63698256896,74341298176,-10643041280,117478711296,125731356672,-8252645376,155955175424,152929824768,3025350656,153268453376,137234972672,16033480704,-3.77,-2.12,-1.64,0.60,3.20,0,576,116,457,3,0,0,20.20,0.00,0.00,0.00,,0.00,,0.00,EastMoney,2026-09-02T18:50:37+08:00
BK1750,2026-09-02T00:00:00Z,98666,98306,98729,97737,99329,-1023,-1.03,68091701,85587038266,3.23,0.98,0.00,0,30692303,37399398,6444219648000,2357238752000,-3933479936,9935980544,11853883648,-1917903104,18875315456,20890892288,-2015576832,28293500928,27542417920,751083008,26154458624,22954092800,3200365824,-4.60,-2.24,-2.36,0.88,3.74,0,204,46,152,6,0,0,48.55,0.00,0.00,0.00,,0.00,,0.00,EastMoney,2026-09-02T18:50:37+08:00
BK1751,2026-09-02T00:00:00Z,106444,106100,106444,105239,106867,-767,-0.72,73304167,59917804663,2.75,1.08,0.00,0,33941287,39362881,2273028576000,1993849904000,-308138496,4944630528,4844246016,100384512,12302617600,12711140608,-408523008,18397504000,18617477632,-219973632,22819953664,22291841536,528112128,-0.51,0.17,-0.68,-0.37,0.88,0,278,74,195,9,0,0,-22.75,0.00,0.00,0.00,,0.00,,0.00,EastMoney,2026-09-02T18:50:37+08:00
BK1752,2026-09-02T00:00:00Z,105857,105832,106105,104799,106351,-519,-0.49,42854633,43373017110,1.66,1.02,0.00,0,19152979,23701655,2317552576000,2163618544000,1095309088,4711210496,3540903392,1170307104,9022269184,9097267200,-74998016,13261557248,13670384128,-408826880,15490116096,16176598016,-686481920,2.53,2.70,-0.17,-0.94,-1.58,0,213,58,153,2,0,0,53.31,0.00,0.00,0.00,,0.00,,0.00,EastMoney,2026-09-02T18:50:37+08:00
BK1753,2026-09-02T00:00:00Z,108167,108280,109160,107527,109447,-1167,-1.07,6029711,19053624318,2.59,0.78,0.00,0,2882948,3146763,825905696000,691991904000,-1004464272,1381039968,1966179936,-585139968,3719904608,4139228912,-419324304,6254428672,6263204864,-8776192,7130665216,6077031168,1053634048,-5.27,-3.07,-2.20,-0.05,5.53,0,61,17,44,0,0,0,68.41,0.00,0.00,0.00,,0.00,,0.00,EastMoney,2026-09-02T18:50:37+08:00
