symbol,trade_date,open,close,high,low,pre_close,change,change_percent,volume,amount,turnover_rate,volume_ratio,bid_ratio,bid_diff,buy_volume,sell_volume,total_market_cap,circ_market_cap,main_net_inflow,xlarge_inflow,xlarge_outflow,xlarge_net_inflow,large_inflow,large_outflow,large_net_inflow,mid_inflow,mid_outflow,mid_net_inflow,small_inflow,small_outflow,small_net_inflow,main_net_flow_ratio,xlarge_net_flow_ratio,large_net_flow_ratio,mid_net_flow_ratio,small_net_flow_ratio,total_stocks,trading_stocks,up_stocks,down_stocks,flat_stocks,limit_up_stocks,limit_down_stocks,pe,pb,median_pe,median_pb,leader_up_symbol,leader_up_change,leader_down_symbol,leader_down_change,data_source,created_at
BK0420,2026-08-03T00:00:00Z,423472,425456,425747,422969,422282,3174,0.75,7470690,3202653956,0.70,0.91,0.00,0,3922031,3548659,591897808000,484635728000,-43534288,302818032,451785200,-148967168,806447152,701014272,105432880,905884112,897751936,8132176,1124718496,1089316384,35402112,-1.36,-4.65,3.29,0.25,1.11,0,14,11,3,0,0,0,30.95,0.00,0.00,0.00,,0.00,,0.00,EastMoney,2026-08-03T17:50:26+08:00
BK0421,2026-08-03T00:00:00Z,838607,852332,852745,838607,839954,12378,1.47,8379407,4729753166,0.65,1.09,0.00,0,4896512,3482895,809937616000,756228624000,-12025392,395609808,386882016,8727792,911637088,932390272,-20753184,1342609040,1491856160,-149247120,2013409568,1852137072,161272496,-0.25,0.18,-0.44,-3.16,3.41,0,36,30,5,1,0,0,17.15,0.00,0.00,0.00,,0.00,,0.00,EastMoney,2026-08-03T17:50:26+08:00
BK0422,2026-08-03T00:00:00Z,670119,684987,684987,669839,671313,13674,2.04,5946905,4947474227,1.12,1.06,0.00,0,3412765,2534140,656105968000,553886896000,-83933148,220302813,231947113,-11644300,829087216,901376064,-72288848,1528575136,1590432560,-61857424,2294133120,2149964304,144168816,-1.70,-0.24,-1.46,-1.25,2.91,0,47,42,5,0,0,0,27.81,0.00,0.00,0.00,,0.00,,0.00,EastMoney,2026-08-03T17:50:26+08:00
BK0424,2026-08-03T00:00:00Z,2456851,2498827,2500093,2455109,2455837,42990,1.75,3663560,3040840078,1.01,1.03,0.00,0,1961073,1702487,274557248000,231239822000,-61343641,127469535,133890552,-6421017,530787280,585709904,-54922624,946072848,964225488,-18152640,1389316816,1309820560,79496256,-2.02,-0.21,-1.81,-0.60,2.61,0,23,20,3,0,0,0,111.23,0.00,0.00,0.00,,0.00,,0.00,EastMoney,2026-08-03T17:50:26+08:00
BK0425,2026-08-03T00:00:00Z,2400370,2430843,2431061,2400370,2395405,35438,1.48,27342761,19992343393,1.18,1.10,0.00,0,15190316,12152445,1339451360000,1186979696000,-1186311504,2574518672,3807946704,-1233428032,3970418688,3923302160,47116528,5661628672,5595155200,66473472,7258236160,6141804800,1116431360,-5.93,-6.17,0.24,0.33,5.58,0,68,51,16,1,0,0,10.32,0.00,0.00,0.00,,0.00,,0.00,EastMoney,2026-08-03T17:50:26+08:00
BK0427,2026-08-03T00:00:00Z,933781,953139,953195,933612,931685,21454,2.30,69595123,48776248501,1.52,0.90,0.00,0,38165309,31429814,4348178688000,3585518464000,1463706176,5704904448,4124560320,1580344128,10012555776,10129193728,-116637952,14782454784,15883881472,-1101426688,17259313920,17628799744,-369485824,3.00,3.24,-0.24,-2.26,-0.76,0,143,128,14,1,0,0,20.84,0.00,0.00,0.00,,0.00,,0.00,EastMoney,2026-08-03T17:50:26+08:00
BK0428,2026-08-03T00:00:00Z,1930255,1969179,1971066,1928255,1925165,44014,2.29,65506236,45512136236,1.52,0.91,0.00,0,35869803,29636434,4086095808000,3334774240000,1460338576,5483909120,3965782640,1518126480,9460461056,9518248960,-57787904,13881139200,14851475712,-970336512,15793979136,16283981312,-490002176,3.21,3.34,-0.13,-2.13,-1.08,0,112,99,12,1,0,0,20.78,0.00,0.00,0.00,,0.00,,0.00,EastMoney,2026-08-03T17:50:26+08:00
BK0429,2026-08-03T00:00:00Z,978375,996534,997103,975528,970184,26350,2.72,5891840,6863531805,1.05,1.02,0.00,0,3142676,2749164,635117248000,531300320000,-23290000,455816704,467051488,-11234784,1434022752,1446077968,-12055216,2220981232,2222085792,-1104560,2621643168,2601233808,20409360,-0.34,-0.16,-0.18,-0.02,0.30,0,51,45,6,0,0,0,18.95,0.00,0.00,0.00,,0.00,,0.00,EastMoney,2026-08-03T17:50:26+08:00
BK0433,2026-08-03T00:00:00Z,1319568,1339205,1340360,1319100,1318873,20332,1.54,19470322,16167992839,1.99,1.19,0.00,0,10755534,8714788,1195626672000,898129216000,76873168,1161211296,1236970160,-75758864,3445363696,3292731664,152632032,4995711744,5228058880,-232347136,6189087232,6054158848,134928384,0.48,-0.47,0.94,-1.44,0.83,0,114,89,24,1,0,0,80.53,0.00,0.00,0.00,,0.00,,0.00,EastMoney,2026-08-03T17:50:26+08:00
BK0436,2026-08-03T00:00:00Z,1276120,1292417,1292417,1271624,1275763,16654,1.31,14009070,11557172866,1.95,0.97,0.00,0,7346150,6662920,602937904000,557371168000,-41174896,540343248,512314576,28028672,1996434528,2065638096,-69203568,3579246144,3721666944,-142420800,5206193664,5031187200,175006464,-0.36,0.24,-0.60,-1.23,1.51,0,112,78,32,2,0,0,26.67,0.00,0.00,0.00,,0.00,,0.00,EastMoney,2026-08-03T17:50:26+08:00
BK0437,2026-08-03T00:00:00Z,1283918,1286774,1305174,1282081,1293043,-6269,-0.48,11449980,10776051800,1.03,0.96,0.00,0,5648369,5801611,2170568624000,1728367360000,-397309440,741933216,739980976,1952240,2031648144,2430909824,-399261680,3269945872,3397834192,-127888320,4574737920,4049540064,525197856,-3.69,0.02,-3.71,-1.19,4.87,0,34,15,18,1,0,0,19.50,0.00,0.00,0.00,,0.00,,0.00,EastMoney,2026-08-03T17:50:26+08:00
BK0438,2026-08-03T00:00:00Z,2582359,2599146,2601891,2570084,2586946,12200,0.47,18477767,34229548114,1.97,0.93,0.00,0,9143604,9334164,3987367824000,3872334224000,-256971328,2923526016,3188741056,-265215040,7254986496,7246742784,8243712,11422862592,11512881152,-90018560,11804492544,11487801856,316690688,-0.75,-0.77,0.02,-0.26,0.93,0,130,74,52,4,0,0,21.93,0.00,0.00,0.00,,0.00,,0.00,EastMoney,2026-08-03T17:50:26+08:00
BK0440,2026-08-03T00:00:00Z,4364358,4439358,4439479,4361909,4348697,90661,2.08,5139033,5185473857,1.80,0.95,0.00,0,2791355,2347678,451556480000,377128912000,20518536,145318326,120701134,24617192,801263152,805361808,-4098656,1605348944,1690662896,-85313952,2501746432,2442070688,59675744,0.40,0.47,-0.08,-1.65,1.15,0,77,61,14,2,0,0,36.78,0.00,0.00,0.00,,0.00,,0.00,EastMoney,2026-08-03T17:50:26+08:00
BK0447,2026-08-03T00:00:00Z,2742381,2766705,2777848,2731582,2733125,33580,1.23,55129341,80405440842,5.31,1.24,0.00,0,27447171,27682169,1802511120000,1555964912000,-1871404544,8698905856,9672435200,-973529344,18258535424,19156410624,-897875200,25103500544,25005886208,97614336,25871758592,24112164096,1759594496,-2.33,-1.21,-1.12,0.12,2.19,0,146,105,39,2,0,0,110.88,0.00,0.00,0.00,,0.00,,0.00,EastMoney,2026-08-03T17:50:26+08:00
BK0448,2026-08-03T00:00:00Z,1971096,2008086,2016906,1971096,1977572,30514,1.54,19562091,126109517622,4.03,0.82,0.00,0,9729635,9832456,3721292352000,3269542752000,1273809152,23236985088,22099263744,1137721344,32297487616,32161399808,136087808,39899852800,40828477696,-928624896,28065047296,28358111232,-293063936,1.01,0.90,0.11,-0.74,-0.23,0,91,67,24,0,0,0,75.22,0.00,0.00,0.00,,0.00,,0.00,EastMoney,2026-08-03T17:50:26+08:00
BK0450,2026-08-03T00:00:00Z,1187872,1205778,1206593,1187704,1188455,17323,1.46,12874714,9185969312,0.80,1.04,0.00,0,7335512,5539202,1203383696000,1049869792000,-67688128,770225136,810415504,-40190368,1925479008,1952976768,-27497760,2770095760,2893481264,-123385504,3512941520,3327291440,185650080,-0.74,-0.44,-0.30,-1.34,2.02,0,37,34,2,1,0,0,13.41,0.00,0.00,0.00,,0.00,,0.00,EastMoney,2026-08-03T17:50:26+08:00
BK0451,2026-08-03T00:00:00Z,1305430,1330868,1330868,1305430,1307849,23019,1.76,29456713,13327084776,1.53,0.98,0.00,0,15800190,13656523,854420560000,803476672000,-428623072,1031515024,1187642720,-156127696,2795284960,3067780336,-272495376,3928497008,4169121712,-240624704,5283650816,4614402816,669248000,-3.22,-1.17,-2.04,-1.81,5.02,0,90,69,14,7,0,0,-4.37,0.00,0.00,0.00,,0.00,,0.00,EastMoney,2026-08-03T17:50:26+08:00
BK0454,2026-08-03T00:00:00Z,1869512,1897016,1897568,1862726,1865239,31777,1.70,10553928,17582324551,3.51,1.01,0.00,0,5330765,5223162,599472480000,482692208000,161643616,1389723472,1335604256,54119216,3506150048,3398625648,107524400,5428695040,5685429248,-256734208,6905304320,6813975040,91329280,0.92,0.31,0.61,-1.46,0.52,0,77,57,20,0,0,0,71.27,0.00,0.00,0.00,,0.00,,0.00,EastMoney,2026-08-03T17:50:26+08:00
BK0456,2026-08-03T00:00:00Z,2191656,2211319,2211462,2186296,2190328,20991,0.96,11189149,21520580141,1.39,0.95,0.00,0,5701210,5487940,1996469872000,1760890096000,-877022016,1672074240,2183544640,-511470400,4639251712,5004803328,-365551616,6959930624,6531220736,428709888,7790646784,7359050496,431596288,-4.08,-2.38,-1.70,1.99,2.01,0,108,77,31,0,0,0,18.25,0.00,0.00,0.00,,0.00,,0.00,EastMoney,2026-08-03T17:50:26+08:00
BK0457,2026-08-03T00:00:00Z,3447797,3553210,3553634,3447797,3430144,123066,3.59,38218361,48881524280,4.07,1.07,0.00,0,20346779,17871582,1654526432000,1514844512000,1630877440,4150225360,3023866064,1126359296,10128357888,9623839744,504518144,15800811264,16218689792,-417878528,17527894272,18727638272,-1199744000,3.34,2.30,1.03,-0.85,-2.45,0,143,134,9,0,0,0,35.90,0.00,0.00,0.00,,0.00,,0.00,EastMoney,2026-08-03T17:50:26+08:00
BK0458,2026-08-03T00:00:00Z,1870639,1891940,1892198,1863659,1868550,23390,1.25,3932164,12490710611,2.70,1.13,0.00,0,2040418,1891746,532779232000,336727088000,92555424,1248962080,1180209456,68752624,3718210736,3694407936,23802800,3799453584,3857231664,-57778080,3419465488,3485119520,-65654032,0.74,0.55,0.19,-0.46,-0.53,0,64,44,18,2,0,0,118.16,0.00,0.00,0.00,,0.00,,0.00,EastMoney,2026-08-03T17:50:26+08:00
BK0459,2026-08-03T00:00:00Z,4534172,4518620,4617941,4470296,4574817,-56197,-1.23,18027490,87167919794,4.87,0.81,0.00,0,8567783,9459706,2607878192000,2261689376000,-1907297024,12117830400,14540166400,-2422336000,20034440192,19519401216,515038976,26887694336,27128384768,-240690432,26252484864,24094851328,2157633536,-2.19,-2.78,0.59,-0.28,2.48,0,67,26,39,2,0,0,65.28,0.00,0.00,0.00,,0.00,,0.00,EastMoney,2026-08-03T17:50:26+08:00
BK0464,2026-08-03T00:00:00Z,620217,631197,631825,616229,624007,7190,1.15,17265992,15661304396,0.47,0.87,0.00,0,8844175,8421817,5038525440000,3182711440000,-194139456,1277840336,1335637440,-57797104,3403072112,3539414464,-136342352,4840577792,4981310720,-140732928,5665303040,5363522048,301780992,-1.24,-0.37,-0.87,-0.90,1.93,0,49,35,13,1,0,0,14.59,0.00,0.00,0.00,,0.00,,0.00,EastMoney,2026-08-03T17:50:26+08:00
BK0465,2026-08-03T00:00:00Z,3363551,3384430,3390679,3353907,3364531,19899,0.59,22136624,32261448559,2.17,0.81,0.00,0,10933716,11202907,2274022672000,1679183392000,-1219169984,1945072320,2519502464,-574430144,6426682624,7071422464,-644739840,11318072576,10872891392,445181184,11858712064,11105788160,752923904,-3.78,-1.78,-2.00,1.38,2.33,0,159,112,47,0,0,0,52.22,0.00,0.00,0.00,,0.00,,0.00,EastMoney,2026-08-03T17:50:26+08:00
BK0470,2026-08-03T00:00:00Z,919419,938414,938574,917852,918715,19699,2.14,6657579,4191712019,2.08,1.17,0.00,0,3734789,2922789,243859033000,214724007000,30859088,239278285,203116205,36162080,769880304,775183296,-5302992,1303518672,1379087584,-75568912,1749481312,1712666496,36814816,0.74,0.86,-0.13,-1.80,0.88,0,40,32,4,4,0,0,-207.33,0.00,0.00,0.00,,0.00,,0.00,EastMoney,2026-08-03T17:50:26+08:00
BK0471,2026-08-03T00:00:00Z,1588187,1618108,1619674,1581851,1588971,29137,1.83,4694978,3707954479,1.73,1.13,0.00,0,2463585,2231393,264116629000,229481178000,-95356903,131621440,180199943,-48578503,650465824,697244224,-46778400,1121557344,1203855328,-82297984,1732936864,1557114528,175822336,-2.57,-1.31,-1.26,-2.22,4.74,0,27,25,2,0,0,0,41.46,0.00,0.00,0.00,,0.00,,0.00,EastMoney,2026-08-03T17:50:26+08:00
BK0473,2026-08-03T00:00:00Z,13923231,14092662,14101400,13906772,14062050,30612,0.22,22425549,25551329712,0.84,0.85,0.00,0,11670610,10754939,3587960400000,3048731744000,-1461983760,3038821808,3915603392,-876781584,6072165120,6657367296,-585202176,7963666432,7728377344,235289088,7649291520,6422596864,1226694656,-5.72,-3.43,-2.29,0.92,4.80,0,49,36,11,2,0,0,15.11,0.00,0.00,0.00,,0.00,,0.00,EastMoney,2026-08-03T17:50:26+08:00
BK0474,2026-08-03T00:00:00Z,137021,137513,137918,136031,137593,-80,-0.06,2634308,9601252932,0.35,0.96,0.00,0,1356773,1277535,2932362144000,2011495328000,-95279472,1528994768,1713366016,-184371248,2707405952,2618314176,89091776,2904449504,2867128384,37321120,2236278288,2178319936,57958352,-0.99,-1.92,0.93,0.39,0.60,0,5,2,3,0,0,0,7.13,0.00,0.00,0.00,,0.00,,0.00,EastMoney,2026-08-03T17:50:26+08:00
BK0475,2026-08-03T00:00:00Z,429617,434954,435795,429018,431531,3423,0.79,49462366,38380895816,0.37,1.00,0.00,0,26756689,22705677,15700093696000,10338562304000,-531045632,6906234368,6853017600,53216768,9368680960,9952943360,-584262400,11228312320,10775636736,452675584,10221276928,10142906880,78370048,-1.38,0.14,-1.52,1.18,0.20,0,42,31,11,0,0,0,7.16,0.00,0.00,0.00,,0.00,,0.00,EastMoney,2026-08-03T17:50:26+08:00
BK0476,2026-08-03T00:00:00Z,1453908,1482869,1483217,1453908,1454017,28852,1.98,3855237,3840526401,1.83,1.01,0.00,0,2125972,1729265,233890504000,206930126000,39358831,132071853,130336302,1735551,674698688,637075408,37623280,1222653824,1229187120,-6533296,1731761152,1765977872,-34216720,1.02,0.05,0.98,-0.17,-0.89,0,38,28,8,2,0,0,75.80,0.00,0.00,0.00,,0.00,,0.00,EastMoney,2026-08-03T17:50:26+08:00
BK0477,2026-08-03T00:00:00Z,4009503,4018389,4035686,3984173,4014922,3467,0.09,3776575,15233447474,1.24,0.81,0.00,0,1846475,1930100,2785306336000,2731712208000,-220240672,1684589664,1934206928,-249617264,3695554368,3666177776,29376592,5446634496,5448081408,-1446912,4038484576,3816796880,221687696,-1.45,-1.64,0.19,-0.01,1.46,0,38,17,19,2,0,0,20.58,0.00,0.00,0.00,,0.00,,0.00,EastMoney,2026-08-03T17:50:26+08:00
BK0478,2026-08-03T00:00:00Z,2514940,2543323,2548383,2503734,2517519,25804,1.02,49301901,100390938995,2.17,0.94,0.00,0,24454418,24847483,5310786816000,4245946864000,-1611438848,9873815552,11009334272,-1135518720,22536243712,23012163840,-475920128,31942196736,31672731648,269465088,34087095808,32745237248,1341858560,-1.61,-1.13,-0.47,0.27,1.34,0,144,98,44,2,0,0,20.24,0.00,0.00,0.00,,0.00,,0.00,EastMoney,2026-08-03T17:50:26+08:00
BK0479,2026-08-03T00:00:00Z,792828,805222,805662,792648,792856,12366,1.56,20312414,8178496231,1.03,1.09,0.00,0,11577673,8734741,856461536000,796257520000,-79221552,823539952,893237776,-69697824,1839138416,1848662144,-9523728,2349029008,2432739184,-83710176,3027116096,2864184368,162931728,-0.97,-0.85,-0.12,-1.02,1.99,0,45,34,8,3,0,0,75.02,0.00,0.00,0.00,,0.00,,0.00,EastMoney,2026-08-03T17:50:26+08:00
BK0480,2026-08-03T00:00:00Z,4856437,4971864,4978537,4853262,4858733,113131,2.33,7875301,17379473858,1.94,1.12,0.00,0,4316680,3558622,1250419824000,991424576000,-31745008,1242042288,1259691776,-17649488,3773803568,3787899088,-14095520,5835736832,5925795840,-90059008,6174159360,6059948032,114211328,-0.18,-0.10,-0.08,-0.52,0.66,0,55,46,9,0,0,0,84.34,0.00,0.00,0.00,,0.00,,0.00,EastMoney,2026-08-03T17:50:26+08:00
BK0481,2026-08-03T00:00:00Z,4089465,4148286,4148433,4087157,4088143,60143,1.47,28205812,42668960247,1.96,1.01,0.00,0,14893196,13312616,2483703312000,2003994496000,8589792,2348846128,2464900944,-116054816,8357035520,8232390912,124644608,13560222464,13979112960,-418890496,17374296832,17021028352,353268480,0.02,-0.27,0.29,-0.98,0.83,0,277,215,58,4,0,0,26.17,0.00,0.00,0.00,,0.00,,0.00,EastMoney,2026-08-03T17:50:26+08:00
BK0482,2026-08-03T00:00:00Z,1576799,1600701,1601135,1573088,1575376,25325,1.61,14102180,7888508588,1.65,0.79,0.00,0,7232161,6870019,436279552000,411617632000,-205694976,426957808,440339744,-13381936,1376997168,1569310208,-192313040,2341123776,2546719120,-205595344,3545233424,3133943120,411290304,-2.61,-0.17,-2.44,-2.61,5.21,0,60,50,10,0,0,0,-17.14,0.00,0.00,0.00,,0.00,,0.00,EastMoney,2026-08-03T17:50:26+08:00
BK0484,2026-08-03T00:00:00Z,942752,960043,961495,941110,942914,17129,1.82,1746100,1118191603,0.95,0.88,0.00,0,989035,757065,142115025000,141438834000,-41696729,48915396,55237205,-6321809,188795217,224170137,-35374920,327752848,350148384,-22395536,535260256,471167984,64092272,-3.73,-0.57,-3.16,-2.00,5.73,0,14,12,2,0,0,0,20.09,0.00,0.00,0.00,,0.00,,0.00,EastMoney,2026-08-03T17:50:26+08:00
BK0485,2026-08-03T00:00:00Z,1380361,1396677,1396879,1375727,1382824,13853,1.00,5000916,5561753845,2.20,0.94,0.00,0,2581473,2419444,313514800000,288535392000,-60614368,290051232,321009136,-30957904,1072807008,1102463472,-29656464,1790937104,1723415248,67521856,2287677808,2294585312,-6907504,-1.09,-0.56,-0.53,1.21,-0.12,0,39,31,7,1,0,0,40.31,0.00,0.00,0.00,,0.00,,0.00,EastMoney,2026-08-03T17:50:26+08:00
BK0486,2026-08-03T00:00:00Z,937275,947651,954159,932310,937246,10405,1.11,57960923,68135834032,3.99,1.29,0.00,0,28425883,29535040,1449980480000,1330916496000,-2432732160,7504891136,8839941120,-1335049984,15651496960,16749179136,-1097682176,21111605760,20817607168,293998592,21870981120,19742103296,2128877824,-3.57,-1.96,-1.61,0.43,3.12,0,128,95,30,3,0,0,53.65,0.00,0.00,0.00,,0.00,,0.00,EastMoney,2026-08-03T17:50:26+08:00
BK0490,2026-08-03T00:00:00Z,7152313,7305259,7305480,7151694,7150453,154806,2.16,79053932,130746513432,2.57,1.01,0.00,0,41945630,37108303,5464002304000,4823086336000,-291750656,10582791680,10492999168,89792512,26521975552,26903518720,-381543168,42326518272,42801418240,-474899968,48457340672,47730446336,726894336,-0.22,0.07,-0.29,-0.36,0.56,0,425,347,75,3,0,0,75.60,0.00,0.00,0.00,,0.00,,0.00,EastMoney,2026-08-03T17:50:26+08:00
BK0492,2026-08-03T00:00:00Z,1052570,1065187,1067848,1052067,1056798,8389,0.79,22970549,25830574830,1.31,0.95,0.00,0,11660029,11310520,2807533696000,2422003856000,-700392400,2195326656,2422920592,-227593936,5441125632,5913924096,-472798464,8171259136,8296708864,-125449728,9529165312,8700710144,828455168,-2.71,-0.88,-1.83,-0.49,3.21,0,75,55,18,2,0,0,18.52,0.00,0.00,0.00,,0.00,,0.00,EastMoney,2026-08-03T17:50:26+08:00
BK0493,2026-08-03T00:00:00Z,1692696,1730110,1730177,1692696,1687686,42424,2.51,92349622,97567980541,2.12,1.00,0.00,0,50313820,42035802,6806419968000,4205157152000,2745263616,11619548928,9081185536,2538363392,20965727232,20758827008,206900224,30898397952,32782067712,-1883669760,32180749824,33038655232,-857905408,2.81,2.60,0.21,-1.93,-0.88,0,215,187,25,3,0,0,26.82,0.00,0.00,0.00,,0.00,,0.00,EastMoney,2026-08-03T17:50:26+08:00
BK0494,2026-08-03T00:00:00Z,1370871,1394176,1394176,1370235,1368066,26110,1.91,79351664,117572934233,1.93,1.00,0.00,0,41952040,37399624,5338151168000,4695565056000,-641126400,16839281408,16668850176,170431232,26976944640,27788502272,-811557632,38003956736,38641114368,-637157632,33129904128,31868432896,1261471232,-0.55,0.14,-0.69,-0.54,1.07,0,422,341,76,5,0,0,36.87,0.00,0.00,0.00,,0.00,,0.00,EastMoney,2026-08-03T17:50:26+08:00
BK0498,2026-08-03T00:00:00Z,1089687,1106807,1107002,1089290,1088876,17931,1.65,29592300,18260007288,1.76,0.80,0.00,0,14483013,15109287,1251059280000,1014406672000,-903200336,2033559312,2722536816,-688977504,3577865360,3792088192,-214222832,5371589888,5309462272,62127616,6807352832,5966279936,841072896,-4.95,-3.77,-1.17,0.34,4.61,0,72,57,12,3,0,0,64.03,0.00,0.00,0.00,,0.00,,0.00,EastMoney,2026-08-03T17:50:26+08:00
BK0499,2026-08-03T00:00:00Z,902302,905928,907386,902302,906501,-573,-0.06,121720151,295179914621,0.53,0.94,0.00,0,63918794,57801357,45099622144000,29076046848000,-11955692544,48122518784,57030144256,-8907625472,75136196608,78184263680,-3048067072,94573998080,90134450176,4439547904,71674236928,64158089472,7516147456,-4.05,-3.02,-1.03,1.50,2.55,0,202,109,91,2,0,0,12.83,0.00,0.00,0.00,,0.00,,0.00,EastMoney,2026-08-03T17:50:26+08:00
BK0500,2026-08-03T00:00:00Z,1201008,1200522,1206438,1197644,1206120,-5598,-0.46,232042584,615750950340,0.69,0.95,0.00,0,117049334,114993250,67462328576000,51657466368000,-24345305088,98141364224,117130878976,-18989514752,165717065728,171072856064,-5355790336,194110869504,184916578304,9194291200,145821048832,130670034944,15151013888,-3.95,-3.08,-0.87,1.49,2.46,0,300,139,157,4,0,0,14.25,0.00,0.00,0.00,,0.00,,0.00,EastMoney,2026-08-03T17:50:26+08:00
BK0501,2026-08-03T00:00:00Z,2172115,2197182,2200046,2169761,2186253,10929,0.50,10785253,56451970282,8.90,0.73,0.00,0,5309413,5475839,6678465024000,590606960000,-672908032,12620207872,13445835264,-825627392,16017603584,15864884224,152719360,15187207936,14488519168,698688768,9077810688,9073207808,4602880,-1.19,-1.46,0.27,1.24,0.01,0,142,86,56,0,0,0,105.52,0.00,0.00,0.00,,0.00,,0.00,EastMoney,2026-08-03T17:50:26+08:00
BK0505,2026-08-03T00:00:00Z,864494,873896,874211,864176,865158,8738,1.01,58681465,70692429900,0.53,1.00,0.00,0,30953858,27727606,16042184448000,10178417152000,-2536003072,9120954368,10850182400,-1729228032,15840870400,16647645440,-806775040,21909894400,21097901312,811993088,22553608192,20831425792,1722182400,-3.59,-2.45,-1.14,1.15,2.44,0,102,76,25,1,0,0,12.57,0.00,0.00,0.00,,0.00,,0.00,EastMoney,2026-08-03T17:50:26+08:00
BK0506,2026-08-03T00:00:00Z,1656181,1680733,1680751,1656181,1658893,21840,1.32,101402147,140970616689,2.59,1.04,0.00,0,52097974,49304173,5340209664000,5002832896000,-5340844544,15065979648,18162759936,-3096780288,30161857536,32405921792,-2244064256,43468605696,43816007424,-347401728,49051164160,43362918144,5688246016,-3.79,-2.20,-1.59,-0.25,4.04,0,295,236,55,4,0,0,34.57,0.00,0.00,0.00,,0.00,,0.00,EastMoney,2026-08-03T17:50:26+08:00
BK0509,2026-08-03T00:00:00Z,1255636,1265901,1274688,1252180,1253331,12570,1.00,30492413,42604588823,3.42,1.01,0.00,0,14790480,15701933,1051147920000,985100576000,-588094464,5258332928,5532009216,-273676288,9888935424,10203353600,-314418176,13291422976,13455243776,-163820800,13100215808,12348300288,751915520,-1.38,-0.64,-0.74,-0.38,1.76,0,66,49,17,0,0,0,51.87,0.00,0.00,0.00,,0.00,,0.00,EastMoney,2026-08-03T17:50:26+08:00
BK0511,2026-08-03T00:00:00Z,589304,604636,604636,589304,589630,15006,2.54,29309418,11457532921,1.63,0.99,0.00,0,15223493,14085925,732896896000,676413792000,-40458912,496893168,595832864,-98939696,3403084944,3344604160,58480784,4316786176,4311186432,5599744,2809176672,2759890912,49285760,-0.35,-0.86,0.51,0.05,0.43,0,209,164,37,8,0,0,-5.72,0.00,0.00,0.00,,0.00,,0.00,EastMoney,2026-08-03T17:50:26+08:00
BK0512,2026-08-03T00:00:00Z,2631190,2681272,2681580,2621886,2639061,42211,1.60,17298142,27162513858,2.23,0.85,0.00,0,8903155,8394987,1406425632000,1332284448000,-738916256,2223900592,2365451600,-141551008,5643066112,6240431360,-597365248,8621925888,8913863424,-291937536,10247035136,9216181248,1030853888,-2.72,-0.52,-2.20,-1.07,3.80,0,77,60,16,1,0,0,23.77,0.00,0.00,0.00,,0.00,,0.00,EastMoney,2026-08-03T17:50:26+08:00
BK0514,2026-08-03T00:00:00Z,1368878,1387372,1387765,1367547,1371667,15705,1.14,35881476,39883700353,1.15,0.93,0.00,0,19294947,16586529,3697712288000,3023409808000,-876523392,3886058624,4302216960,-416158336,8733323776,9193688832,-460365056,12704336384,12653079040,51257344,13650042368,12824776192,825266176,-2.20,-1.04,-1.15,0.13,2.07,0,127,100,23,4,0,0,12.72,0.00,0.00,0.00,,0.00,,0.00,EastMoney,2026-08-03T17:50:26+08:00
BK0519,2026-08-03T00:00:00Z,3381386,3402675,3421124,3363014,3393864,8811,0.26,32715532,63062428088,1.42,0.95,0.00,0,16223512,16492020,4981709824000,4221921104000,-1610500096,7252421120,8321975552,-1069554432,14607319296,15148264960,-540945664,19712730368,19429186048,283544320,20383969280,19057013504,1326955776,-2.55,-1.70,-0.86,0.45,2.10,0,80,53,26,1,0,0,18.48,0.00,0.00,0.00,,0.00,,0.00,EastMoney,2026-08-03T17:50:26+08:00
BK0520,2026-08-03T00:00:00Z,1253129,1261899,1269837,1250254,1253362,8537,0.68,1153077,2810499214,1.91,0.81,0.00,0,566545,586531,143996235000,119603744000,78675383,153626984,116437681,37189303,507914240,466428160,41486080,890447648,902248064,-11800416,1220071296,1286946272,-66874976,2.80,1.32,1.48,-0.42,-2.38,0,14,10,4,0,0,0,24.66,0.00,0.00,0.00,,0.00,,0.00,EastMoney,2026-08-03T17:50:26+08:00
BK0523,2026-08-03T00:00:00Z,3555653,3596435,3597976,3550151,3561717,34718,0.97,86304226,184626995427,2.70,0.92,0.00,0,43506706,42797520,6469273600000,5811381760000,-5233010432,17790576896,20920349184,-3129772288,39709826560,41813064704,-2103238144,58427707392,58788957696,-361250304,64868400384,59239330560,5629069824,-2.83,-1.70,-1.14,-0.20,3.05,0,393,271,119,3,0,0,45.06,0.00,0.00,0.00,,0.00,,0.00,EastMoney,2026-08-03T17:50:26+08:00
BK0524,2026-08-03T00:00:00Z,2936706,2977614,2977727,2936329,2950542,27072,0.92,15957530,18837866297,0.87,0.89,0.00,0,7977136,7980394,2937868896000,2400772720000,-1363356288,1984695472,2954928944,-970233472,4389032192,4782155008,-393122816,5887517184,5721732352,165784832,6115136512,4917565184,1197571328,-7.24,-5.15,-2.09,0.88,6.36,0,46,35,8,3,0,0,11.66,0.00,0.00,0.00,,0.00,,0.00,EastMoney,2026-08-03T17:50:26+08:00
BK0525,2026-08-03T00:00:00Z,1138791,1152797,1152843,1137868,1140873,11924,1.05,84687599,87092154088,0.96,0.94,0.00,0,43771177,40916422,11637229312000,9579241472000,-2120495872,9511030528,11201783808,-1690753280,19057485056,19487227648,-429742592,26762825728,26975261952,-212436224,29915889408,27583672320,2332217088,-2.43,-1.94,-0.49,-0.24,2.68,0,228,172,52,4,0,0,12.21,0.00,0.00,0.00,,0.00,,0.00,EastMoney,2026-08-03T17:50:26+08:00
BK0528,2026-08-03T00:00:00Z,1168466,1182573,1182663,1168074,1168343,14230,1.22,59702123,104798425538,1.51,1.06,0.00,0,31477542,28224581,5923072768000,5359935232000,-2431776000,9692667904,10862118912,-1169451008,22827018496,24089343488,-1262324992,34663943424,34701226240,-37282816,35852367616,33383308544,2469059072,-2.32,-1.12,-1.20,-0.04,2.36,0,319,224,91,4,0,0,27.44,0.00,0.00,0.00,,0.00,,0.00,EastMoney,2026-08-03T17:50:26+08:00
BK0534,2026-08-03T00:00:00Z,1986702,2025605,2025605,1986702,1983054,42551,2.15,24377292,29713809777,1.57,1.02,0.00,0,12858450,11518842,1968268896000,1786148960000,250223104,2955996288,2694173568,261822720,6365396224,6376995840,-11599616,9048996608,9456129280,-407132672,10794432512,10637523200,156909312,0.84,0.88,-0.04,-1.37,0.53,0,85,68,17,0,0,0,22.31,0.00,0.00,0.00,,0.00,,0.00,EastMoney,2026-08-03T17:50:26+08:00
BK0535,2026-08-03T00:00:00Z,2102070,2141828,2141969,2100911,2098164,43664,2.08,121082558,203902674147,3.67,1.02,0.00,0,62445693,58636864,6566098432000,4702949632000,-717306368,21120901120,21241789696,-120888576,45896753920,46493171712,-596417792,61346795776,62752689920,-1405894144,71285329920,69162127360,2123202560,-0.35,-0.06,-0.29,-0.69,1.04,0,700,558,136,6,0,0,31.60,0.00,0.00,0.00,,0.00,,0.00,EastMoney,2026-08-03T17:50:26+08:00
BK0536,2026-08-03T00:00:00Z,1425027,1376911,1433880,1373713,1439949,-63038,-4.38,19407681,273160197953,3.93,0.87,0.00,0,9611476,9796205,7557723648000,7004402432000,-14169783296,51313225472,63372831488,-12059606016,84028772352,86138949632,-2110177280,88991043584,82118463488,6872580096,43282533888,35985330176,7297203712,-5.19,-4.41,-0.77,2.52,2.67,0,61,11,50,0,0,0,63.48,0.00,0.00,0.00,,0.00,,0.00,EastMoney,2026-08-03T17:50:26+08:00
BK0538,2026-08-03T00:00:00Z,2874922,2938921,2939412,2873524,2879785,59136,2.05,22381805,35575908936,2.61,0.90,0.00,0,11513969,10867836,1636256960000,1488733040000,-187463200,2766268720,2586524496,179744224,7060900864,7428108288,-367207424,11131751168,11463824640,-332073472,13516222976,13003878400,512344576,-0.53,0.51,-1.03,-0.93,1.44,0,183,151,30,2,0,0,34.53,0.00,0.00,0.00,,0.00,,0.00,EastMoney,2026-08-03T17:50:26+08:00
BK0539,2026-08-03T00:00:00Z,1125586,1149239,1150876,1123489,1124293,24946,2.22,4956499,4311223820,2.44,0.87,0.00,0,2563998,2392501,198385942000,186666379000,25606336,342899472,317341008,25558464,967492016,967444144,47872,1324188800,1389498064,-65309264,1582505872,1542802944,39702928,0.59,0.59,0.00,-1.51,0.92,0,22,19,1,2,0,0,-200.51,0.00,0.00,0.00,,0.00,,0.00,EastMoney,2026-08-03T17:50:26+08:00
BK0545,2026-08-03T00:00:00Z,4437183,4505758,4506193,4429320,4429175,76583,1.73,39416845,59798619007,4.51,1.31,0.00,0,20575058,18841786,2005653936000,1456830752000,657857536,5097106432,4735144192,361962240,13069730560,12773835264,295895296,18352762880,18432838144,-80075264,20981489408,21577139200,-595649792,1.10,0.61,0.49,-0.13,-1.00,0,256,190,59,7,0,0,78.70,0.00,0.00,0.00,,0.00,,0.00,EastMoney,2026-08-03T17:50:26+08:00
BK0546,2026-08-03T00:00:00Z,6102868,6071312,6157349,6014314,6161968,-90656,-1.47,8593047,23957508585,4.22,0.92,0.00,0,4102321,4490726,511762944000,408545648000,-3225845600,3348332192,5180665600,-1832333408,5146145792,6539657984,-1393512192,6922121728,6590617856,331503872,8101863680,5207521792,2894341888,-13.46,-7.65,-5.82,1.38,12.08,0,17,10,7,0,0,0,84.09,0.00,0.00,0.00,,0.00,,0.00,EastMoney,2026-08-03T17:50:26+08:00
BK0547,2026-08-03T00:00:00Z,1855882,1866277,1870508,1833407,1857450,8827,0.48,31509178,46077194276,1.81,0.97,0.00,0,15885197,15623980,3017994240000,2573895552000,-1455668992,4710632448,5506017792,-795385344,10376682752,11036966400,-660283648,14447097088,14199499008,247598080,15630233088,14422162176,1208070912,-3.16,-1.73,-1.43,0.54,2.62,0,71,48,23,0,0,0,19.12,0.00,0.00,0.00,,0.00,,0.00,EastMoney,2026-08-03T17:50:26+08:00
BK0548,2026-08-03T00:00:00Z,2522988,2546831,2551144,2522834,2527998,18833,0.74,11751441,12605948919,1.70,0.83,0.00,0,5753880,5997560,953222848000,835562112000,-382857744,499833296,673069232,-173235936,2420432208,2630054016,-209621808,4183929776,4156589792,27339984,5184406272,4818234368,366171904,-3.04,-1.37,-1.66,0.22,2.90,0,69,46,21,2,0,0,62.80,0.00,0.00,0.00,,0.00,,0.00,EastMoney,2026-08-03T17:50:26+08:00
BK0549,2026-08-03T00:00:00Z,3577497,3617704,3617892,3576563,3580134,37570,1.05,76057966,152871000083,1.75,0.92,0.00,0,39009888,37048078,10464560128000,8640918528000,-3526450944,15519710976,18040097280,-2520386304,34004894208,35010958848,-1006064640,48494128640,48974610688,-480482048,51906454272,47911034368,3995419904,-2.31,-1.65,-0.66,-0.31,2.61,0,347,245,97,5,0,0,24.05,0.00,0.00,0.00,,0.00,,0.00,EastMoney,2026-08-03T17:50:26+08:00
BK0552,2026-08-03T00:00:00Z,1583393,1607656,1607660,1582835,1583010,24646,1.56,298648941,429327594206,0.99,0.95,0.00,0,155094676,143554265,43034974720000,33283877632000,-6082215424,50728415488,53304409856,-2575994368,99559964672,103066185728,-3506221056,137087569920,136867729408,219840512,132763734016,126938001408,5825732608,-1.42,-0.60,-0.82,0.05,1.36,0,1129,872,243,14,0,0,13.39,0.00,0.00,0.00,,0.00,,0.00,EastMoney,2026-08-03T17:50:26+08:00
BK0554,2026-08-03T00:00:00Z,1516169,1535416,1535683,1516169,1517204,18212,1.20,101127726,234395000506,2.73,0.89,0.00,0,50444326,50683399,9807902208000,7088669184000,-11849711104,29145917184,38096887808,-8950970624,52560991232,55459731712,-2898740480,71680389120,70165000192,1515388928,75789111296,65491646208,10297465088,-5.06,-3.82,-1.24,0.65,4.39,0,378,281,95,2,0,0,30.52,0.00,0.00,0.00,,0.00,,0.00,EastMoney,2026-08-03T17:50:26+08:00
BK0556,2026-08-03T00:00:00Z,1121621,1129358,1129541,1118931,1123213,6145,0.55,20664067,34374644674,2.10,1.00,0.00,0,10468568,10195498,3058051312000,949646176000,-1422697344,3768433024,4471647232,-703214208,7456342528,8175825664,-719483136,10530002176,10476078592,53923584,11872973824,10504199936,1368773888,-4.14,-2.05,-2.09,0.16,3.98,0,67,47,18,2,0,0,20.06,0.00,0.00,0.00,,0.00,,0.00,EastMoney,2026-08-03T17:50:26+08:00
BK0566,2026-08-03T00:00:00Z,1007386,1025478,1025853,1007386,1009103,16375,1.62,5684776,3294115716,1.66,0.86,0.00,0,3084800,2599976,208547974000,193186059000,8758478,253136417,215651379,37485038,636516816,665243376,-28726560,1013992960,1138376976,-124384016,1327389632,1211764096,115625536,0.27,1.14,-0.87,-3.78,3.51,0,21,19,2,0,0,0,-30.25,0.00,0.00,0.00,,0.00,,0.00,EastMoney,2026-08-03T17:50:26+08:00
BK0567,2026-08-03T00:00:00Z,344649,347289,347653,344520,344316,2973,0.86,43279254,122644628289,2.27,1.00,0.00,0,21644938,21634316,5191390720000,4649874176000,-4111553792,13208976640,15937732096,-2728755456,29276197888,30658996224,-1382798336,43484510720,41866560512,1617950208,34001703424,31508100352,2493603072,-3.35,-2.22,-1.13,1.32,2.03,0,212,148,63,1,0,0,41.33,0.00,0.00,0.00,,0.00,,0.00,EastMoney,2026-08-03T17:50:26+08:00
BK0568,2026-08-03T00:00:00Z,137906,138324,139090,137825,138323,1,0.00,237397544,620825285436,2.06,0.98,0.00,0,119559731,117837813,29133018112000,24868176128000,-22457712640,81926160384,95025741824,-13099581440,147106222080,156464353280,-9358131200,198847221760,195702935552,3144286208,180661067776,161347641344,19313426432,-3.62,-2.11,-1.51,0.51,3.11,0,500,289,205,6,0,0,32.42,0.00,0.00,0.00,,0.00,,0.00,EastMoney,2026-08-03T17:50:26+08:00
BK0574,2026-08-03T00:00:00Z,384052,388104,388121,382587,385132,2972,0.77,97388322,193041769945,2.25,0.86,0.00,0,49293478,48094844,10743732992000,9163313664000,-4890364160,17295439360,19721732864,-2426293504,41855938304,44320008960,-2464070656,62912210432,62917511424,-5300992,67056385024,62219240704,4837144320,-2.53,-1.26,-1.28,0.00,2.51,0,426,291,133,2,0,0,32.32,0.00,0.00,0.00,,0.00,,0.00,EastMoney,2026-08-03T17:50:26+08:00
BK0577,2026-08-03T00:00:00Z,260064,266480,266480,260064,257911,8569,3.32,79365989,83461353157,1.77,1.17,0.00,0,43558295,35807694,4764220672000,3996524416000,2633678080,9645995008,7577794816,2068200192,17818214144,17252736256,565477888,25534644224,26906337024,-1371692800,28273887488,29518048256,-1244160768,3.16,2.48,0.68,-1.64,-1.49,0,198,176,22,0,0,0,26.97,0.00,0.00,0.00,,0.00,,0.00,EastMoney,2026-08-03T17:50:26+08:00
BK0578,2026-08-03T00:00:00Z,321425,325014,326325,320744,320718,4296,1.34,16024416,25385630960,1.91,0.95,0.00,0,8475580,7548836,1113972480000,996302656000,-227072336,2458968768,2474032912,-15064144,5561591040,5773599232,-212008192,8207617536,8023394304,184223232,8684829440,8644763648,40065792,-0.89,-0.06,-0.84,0.73,0.16,0,46,38,8,0,0,0,29.29,0.00,0.00,0.00,,0.00,,0.00,EastMoney,2026-08-03T17:50:26+08:00
BK0579,2026-08-03T00:00:00Z,316110,318298,320288,315172,315247,3051,0.97,50485963,119836472481,2.31,1.06,0.00,0,25025475,25460488,6854041344000,4406587904000,-3225188096,14623148288,16427847936,-1804699648,28020596992,29441085440,-1420488448,38027968000,37866205952,161762048,36254911744,33246539008,3008372736,-2.69,-1.51,-1.19,0.13,2.51,0,143,98,43,2,0,0,26.80,0.00,0.00,0.00,,0.00,,0.00,EastMoney,2026-08-03T17:50:26+08:00
BK0580,2026-08-03T00:00:00Z,429468,432160,433012,427168,430643,1517,0.35,30177738,62203375329,2.99,0.71,0.00,0,14228692,15949046,1899662992000,1666207664000,-3794369024,8265646336,11343280896,-3077634560,15354101504,16070835968,-716734464,21539217664,19832666624,1706551040,15602047744,13518508544,2083539200,-6.10,-4.95,-1.15,2.74,3.35,0,91,57,34,0,0,0,84.59,0.00,0.00,0.00,,0.00,,0.00,EastMoney,2026-08-03T17:50:26+08:00
BK0581,2026-08-03T00:00:00Z,194941,199582,199583,194941,194194,5388,2.77,53080266,71898436160,3.47,0.99,0.00,0,27777338,25302928,2571590128000,2233086544000,718783744,6188353792,5333822208,854531584,14617823488,14753571328,-135747840,22802001152,23858094848,-1056093696,26739459584,26397480960,341978624,1.00,1.19,-0.19,-1.47,0.48,0,198,178,19,1,0,0,42.25,0.00,0.00,0.00,,0.00,,0.00,EastMoney,2026-08-03T17:50:26+08:00
BK0588,2026-08-03T00:00:00Z,371871,378091,378125,371871,371333,6758,1.82,136408195,174648192428,2.15,0.98,0.00,0,72650422,63757773,9128315392000,7434287360000,-1725622784,16679749632,18228672512,-1548922880,37569190144,37745890048,-176699904,56482250240,56838653440,-356403200,60200138752,58118723584,2081415168,-0.99,-0.89,-0.10,-0.20,1.19,0,438,340,93,5,0,0,44.12,0.00,0.00,0.00,,0.00,,0.00,EastMoney,2026-08-03T17:50:26+08:00
BK0590,2026-08-03T00:00:00Z,319204,323926,323927,319191,319068,4858,1.52,141473605,214746119322,1.77,0.97,0.00,0,73877371,67596234,12297123840000,11291611648000,-69178624,23831882752,23624643840,207238912,51319904000,51596321536,-276417536,64737179136,67046365696,-2309186560,70053642240,67746437376,2307204864,-0.03,0.10,-0.13,-1.08,1.07,0,608,470,128,10,0,0,32.48,0.00,0.00,0.00,,0.00,,0.00,EastMoney,2026-08-03T17:50:26+08:00
BK0592,2026-08-03T00:00:00Z,249383,254393,254408,249383,248697,5696,2.29,27654460,29111934222,0.99,0.96,0.00,0,14695765,12958695,2993540016000,2549336080000,-281195696,2386410000,2722777280,-336367280,6173702656,6118531072,55171584,9046159104,9147009792,-100850688,10841744896,10475318272,366426624,-0.97,-1.16,0.19,-0.35,1.26,0,127,110,14,3,0,0,16.25,0.00,0.00,0.00,,0.00,,0.00,EastMoney,2026-08-03T17:50:26+08:00
BK0594,2026-08-03T00:00:00Z,267139,270909,270909,267107,267051,3858,1.44,132619350,185981835098,1.83,1.00,0.00,0,69621194,62998156,9361333760000,8026537728000,-9438088448,21340781568,27733507072,-6392725504,42130100992,45175463936,-3045362944,58430288896,56621312256,1808976640,59962946560,52333834752,7629111808,-5.07,-3.44,-1.64,0.97,4.10,0,408,324,77,7,0,0,20.23,0.00,0.00,0.00,,0.00,,0.00,EastMoney,2026-08-03T17:50:26+08:00
BK0595,2026-08-03T00:00:00Z,248140,253046,253052,248140,247426,5620,2.27,95576057,127449250169,1.80,0.96,0.00,0,51026829,44549228,8354728192000,5770896384000,-693619200,15164753408,15159899392,4854016,27798974208,28497447424,-698473216,39490301696,40119460608,-629158912,42359540736,41040372736,1319168000,-0.54,0.00,-0.55,-0.49,1.04,0,239,202,36,1,0,0,20.31,0.00,0.00,0.00,,0.00,,0.00,EastMoney,2026-08-03T17:50:26+08:00
BK0596,2026-08-03T00:00:00Z,287903,290531,290699,287838,288283,2248,0.78,928809784,1806209272216,1.44,0.96,0.00,0,479424832,449384952,117162553344000,89365041152000,-42028236800,210771906560,240249245696,-29477339136,424815509504,437366407168,-12550897664,577506045952,571941855232,5564190720,550391640064,514561187840,35830452224,-2.33,-1.63,-0.69,0.31,1.98,0,3842,2597,1202,43,0,0,20.93,0.00,0.00,0.00,,0.00,,0.00,EastMoney,2026-08-03T17:50:26+08:00
BK0597,2026-08-03T00:00:00Z,185921,189836,189859,185921,185503,4333,2.34,48053568,37997865515,2.17,1.37,0.00,0,26238240,21815328,2188575616000,2008355488000,588242800,4229279376,3862852896,366426480,7990439424,7768623104,221816320,11687689984,11844746240,-157056256,13067262720,13515512576,-448249856,1.55,0.96,0.58,-0.41,-1.18,0,110,88,19,3,0,0,19.73,0.00,0.00,0.00,,0.00,,0.00,EastMoney,2026-08-03T17:50:26+08:00
BK0600,2026-08-03T00:00:00Z,279051,282934,282948,279051,278930,4004,1.44,46613627,49389902696,3.32,1.25,0.00,0,24254100,22359526,1484337408000,1382661936000,-649169664,5568166400,5614271232,-46104832,10744752128,11347816960,-603064832,14868073984,15213879552,-345805568,17006242048,16011267072,994974976,-1.31,-0.09,-1.22,-0.70,2.01,0,104,81,19,4,0,0,42.20,0.00,0.00,0.00,,0.00,,0.00,EastMoney,2026-08-03T17:50:26+08:00
BK0601,2026-08-03T00:00:00Z,208117,212397,212411,208117,207406,4991,2.41,25309885,40023856600,1.82,0.93,0.00,0,13594926,11714958,2026141104000,1638173488000,-43164672,4627406080,4344476672,282929408,8760516352,9086610432,-326094080,12541692928,12689936896,-148243968,13173903104,12979702528,194200576,-0.11,0.71,-0.81,-0.37,0.49,0,76,64,12,0,0,0,33.23,0.00,0.00,0.00,,0.00,,0.00,EastMoney,2026-08-03T17:50:26+08:00
BK0603,2026-08-03T00:00:00Z,254443,257887,257951,253377,254376,3511,1.38,15316930,12047598627,0.47,0.88,0.00,0,7907835,7409095,3126578272000,2677448288000,-128484816,1058658704,1078380368,-19721664,2733560832,2842323984,-108763152,3818781040,3838299424,-19518384,4172150016,4024674128,147475888,-1.07,-0.16,-0.90,-0.16,1.22,0,32,25,6,1,0,0,15.40,0.00,0.00,0.00,,0.00,,0.00,EastMoney,2026-08-03T17:50:26+08:00
BK0604,2026-08-03T00:00:00Z,257629,261670,261756,257599,257403,4267,1.66,50323243,40347416248,0.79,1.21,0.00,0,26240444,24082799,6535702272000,5458011392000,-213743872,5246715648,5496229376,-249513728,9105916416,9070146560,35769856,12002502912,12105421568,-102918656,13054213632,12737551104,316662528,-0.53,-0.62,0.09,-0.26,0.78,0,75,59,14,2,0,0,10.71,0.00,0.00,0.00,,0.00,,0.00,EastMoney,2026-08-03T17:50:26+08:00
BK0606,2026-08-03T00:00:00Z,199979,202346,202577,198877,200810,1536,0.76,11164286,13679010512,1.59,0.90,0.00,0,5665453,5498833,2123527280000,590892880000,-243195280,864236928,923508384,-59271456,2772843552,2956767376,-183923824,4474542592,4477323264,-2780672,5011509760,4803903488,207606272,-1.78,-0.43,-1.34,-0.02,1.52,0,51,29,20,2,0,0,14.14,0.00,0.00,0.00,,0.00,,0.00,EastMoney,2026-08-03T17:50:26+08:00
BK0610,2026-08-03T00:00:00Z,245845,245770,247199,245199,246651,-881,-0.36,33718857,97064759113,0.47,0.99,0.00,0,17258665,16460192,16999630592000,11689430016000,-7257266944,16085523968,22235198208,-6149674240,23997636864,25105229568,-1107592704,29538538240,26984968192,2553570048,25466603264,20762906368,4703696896,-7.48,-6.34,-1.14,2.63,4.85,0,50,24,26,0,0,0,10.25,0.00,0.00,0.00,,0.00,,0.00,EastMoney,2026-08-03T17:50:26+08:00
BK0611,2026-08-03T00:00:00Z,210512,209736,210926,208771,211694,-1958,-0.92,56922898,185011288111,0.35,0.93,0.00,0,29408102,27514796,28283149824000,22761119232000,-10496839424,33349623040,43640242688,-10290619648,56580303872,56786523648,-206219776,55918405120,50949490944,4968914176,34990047232,29462121728,5527925504,-5.67,-5.56,-0.11,2.69,2.99,0,50,21,29,0,0,0,11.58,0.00,0.00,0.00,,0.00,,0.00,EastMoney,2026-08-03T17:50:26+08:00
BK0612,2026-08-03T00:00:00Z,172134,172037,172622,171540,172902,-865,-0.50,150684006,348103388912,0.54,0.99,0.00,0,77990548,72693457,49533824768000,36435394048000,-14888273152,54631961600,68363147520,-13731185920,96985542656,98142629888,-1157087232,108639506432,102230151168,6409355264,80915222528,72436305920,8478916608,-4.28,-3.94,-0.33,1.84,2.44,0,180,84,92,4,0,0,12.09,0.00,0.00,0.00,,0.00,,0.00,EastMoney,2026-08-03T17:50:26+08:00
BK0614,2026-08-03T00:00:00Z,682990,685570,685856,680074,680905,4665,0.69,7351470,9150685371,2.40,0.98,0.00,0,3789178,3562292,383510320000,321726656000,-163680768,474945760,562077440,-87131680,1679565344,1756114432,-76549088,2866448592,2967218944,-100770352,3893361200,3631916784,261444416,-1.79,-0.95,-0.84,-1.10,2.86,0,50,37,13,0,0,0,74.45,0.00,0.00,0.00,,0.00,,0.00,EastMoney,2026-08-03T17:50:26+08:00
BK0615,2026-08-03T00:00:00Z,208400,210639,210641,208369,208449,2190,1.05,26403039,25843227935,1.94,0.81,0.00,0,13422431,12980608,1827944736000,1711722048000,-1065173952,1502536976,2044237520,-541700544,4967042816,5490516224,-523473408,8532768000,8412264704,120503296,10227710976,9293156864,934554112,-4.12,-2.10,-2.03,0.47,3.62,0,144,115,27,2,0,0,32.21,0.00,0.00,0.00,,0.00,,0.00,EastMoney,2026-08-03T17:50:26+08:00
BK0617,2026-08-03T00:00:00Z,247164,250994,250996,247025,247639,3355,1.35,19236010,26832645955,2.54,0.99,0.00,0,10189936,9046074,955982048000,860287584000,-191579696,2261518752,2279858640,-18339888,5464692736,5637932544,-173239808,8191266048,8717940224,-526674176,10437064192,9724790784,712273408,-0.71,-0.07,-0.65,-1.96,2.65,0,69,54,15,0,0,0,286.56,0.00,0.00,0.00,,0.00,,0.00,EastMoney,2026-08-03T17:50:26+08:00
BK0619,2026-08-03T00:00:00Z,750367,757781,760188,748842,751154,6627,0.88,13791680,41652096301,2.93,0.85,0.00,0,6772923,7018758,1181208720000,1056255616000,-856795792,4036189040,4376502784,-340313744,8863292928,9379774976,-516482048,13867390720,13980689152,-113298432,14051011328,13084114944,966896384,-2.06,-0.82,-1.24,-0.27,2.32,0,76,51,23,2,0,0,76.12,0.00,0.00,0.00,,0.00,,0.00,EastMoney,2026-08-03T17:50:26+08:00
BK0622,2026-08-03T00:00:00Z,561642,561038,564608,555954,561334,-296,-0.05,2104504,3552973564,3.01,0.76,0.00,0,1042309,1062195,110069380000,108148665000,-137663301,200225323,275866928,-75641605,642213008,704234704,-62021696,1068886144,1178812976,-109926832,1584280496,1336690368,247590128,-3.87,-2.13,-1.75,-3.09,6.97,0,9,6,3,0,0,0,45.12,0.00,0.00,0.00,,0.00,,0.00,EastMoney,2026-08-03T17:50:26+08:00
BK0623,2026-08-03T00:00:00Z,305267,311936,311982,305179,304351,7585,2.49,35311588,44679468165,1.86,1.05,0.00,0,19352964,15958623,2201949952000,1915597776000,600605984,4514996224,4231635936,283360288,9756535296,9439289600,317245696,14254947840,14396136704,-141188864,15155584512,15630158080,-474573568,1.34,0.63,0.71,-0.32,-1.06,0,112,98,13,1,0,0,22.80,0.00,0.00,0.00,,0.00,,0.00,EastMoney,2026-08-03T17:50:26+08:00
BK0625,2026-08-03T00:00:00Z,508819,520859,520901,508819,508635,12224,2.40,10625067,10998894659,1.20,0.98,0.00,0,5732166,4892901,891305008000,754509648000,253778112,1021575056,824845296,196729760,2402262448,2345214096,57048352,3425027728,3464539296,-39511568,3939158320,4154406816,-215248496,2.31,1.79,0.52,-0.36,-1.96,0,36,33,2,1,0,0,-53.85,0.00,0.00,0.00,,0.00,,0.00,EastMoney,2026-08-03T17:50:26+08:00
BK0628,2026-08-03T00:00:00Z,502535,510536,510592,502535,501426,9110,1.82,54361846,73216398494,2.93,0.90,0.00,0,26738337,27623509,2489925120000,2289582720000,-1115755264,7429561088,7922933504,-493372416,15743501824,16365884672,-622382848,22789401856,23178557184,-389155328,25319335936,23899098368,1420237568,-1.52,-0.67,-0.85,-0.53,1.94,0,217,169,45,3,0,0,98.57,0.00,0.00,0.00,,0.00,,0.00,EastMoney,2026-08-03T17:50:26+08:00
BK0629,2026-08-03T00:00:00Z,577331,591815,591854,576813,578325,13490,2.33,17214142,21430625448,1.71,1.06,0.00,0,9722522,7491619,1128157136000,960313296000,416167152,1767214400,1605611472,161602928,4381021696,4126457472,254564224,6612458240,6984936960,-372478720,8208354560,8254737920,-46383360,1.94,0.75,1.19,-1.74,-0.22,0,75,63,12,0,0,0,114.43,0.00,0.00,0.00,,0.00,,0.00,EastMoney,2026-08-03T17:50:26+08:00
BK0632,2026-08-03T00:00:00Z,158094,161432,161450,157850,157817,3615,2.29,13862185,6742361363,1.83,1.16,0.00,0,7778360,6083825,385844880000,342369200000,-2473152,403537984,408755680,-5217696,1400254896,1397510352,2744544,2049009856,2121035360,-72025504,2744957552,2670458912,74498640,-0.04,-0.08,0.04,-1.07,1.10,0,44,40,3,1,0,0,-71.16,0.00,0.00,0.00,,0.00,,0.00,EastMoney,2026-08-03T17:50:26+08:00
BK0634,2026-08-03T00:00:00Z,479392,485608,486055,478586,479105,6503,1.36,99532478,166431796055,2.93,1.05,0.00,0,49238794,50293683,5684248832000,5338251008000,-3962342400,18393844736,20567048960,-2173204224,37770376192,39559514368,-1789138176,52324160256,52575222016,-251061760,54019991296,49851307008,4168684288,-2.38,-1.31,-1.07,-0.15,2.50,0,295,216,74,5,0,0,50.15,0.00,0.00,0.00,,0.00,,0.00,EastMoney,2026-08-03T17:50:26+08:00
BK0636,2026-08-03T00:00:00Z,88426,88864,88867,88409,88270,594,0.67,492870,89953285,0.19,1.03,0.00,0,239845,253025,676162512000,108683169000,-7154797,0,2986757,-2986757,13288240,17456280,-4168040,31538823,36547966,-5009143,43051698,30887758,12163940,-7.95,-3.32,-4.63,-5.57,13.52,0,79,46,20,13,0,0,27.34,0.00,0.00,0.00,,0.00,,0.00,EastMoney,2026-08-03T17:50:26+08:00
BK0637,2026-08-03T00:00:00Z,492358,498089,498099,491799,493655,4434,0.90,103027236,112082535971,0.62,0.94,0.00,0,53680397,49346839,21105597184000,14824482304000,-3059420928,14781275136,15953513472,-1172238336,26052804864,27939987456,-1887182592,34441914368,34157565696,284348672,33942796544,31173071616,2769724928,-2.73,-1.05,-1.68,0.25,2.47,0,191,138,49,4,0,0,8.59,0.00,0.00,0.00,,0.00,,0.00,EastMoney,2026-08-03T17:50:26+08:00
BK0638,2026-08-03T00:00:00Z,231388,228340,232673,227675,232498,-4158,-1.79,39173255,234054097897,3.23,0.97,0.00,0,18883056,20290200,9711971072000,8211196672000,-7428027648,37404237056,41571087104,-4166850048,59202592256,62463769856,-3261177600,76991881216,75259957248,1731923968,55757568000,50061460736,5696107264,-3.17,-1.78,-1.39,0.74,2.43,0,100,35,65,0,0,0,41.56,0.00,0.00,0.00,,0.00,,0.00,EastMoney,2026-08-03T17:50:26+08:00
BK0641,2026-08-03T00:00:00Z,371248,371247,376054,369389,372474,-1227,-0.33,46297369,143814020004,3.26,0.80,0.00,0,21715128,24582242,3649080176000,3317384000000,-11469093632,21358413568,30001063168,-8642649600,34518392832,37344836864,-2826444032,44722693120,42050199552,2672493568,40039133952,31252910336,8786223616,-7.97,-6.01,-1.97,1.86,6.11,0,129,70,58,1,0,0,47.21,0.00,0.00,0.00,,0.00,,0.00,EastMoney,2026-08-03T17:50:26+08:00
BK0643,2026-08-03T00:00:00Z,315505,319653,319820,315293,316602,3051,0.96,5863097,10374632737,0.83,1.04,0.00,0,2993472,2869625,925780544000,749782624000,-273471024,783352128,999537856,-216185728,2221153632,2278438928,-57285296,3526650544,3476818320,49832224,3655218336,3431579536,223638800,-2.64,-2.08,-0.55,0.48,2.16,0,35,22,11,2,0,0,24.46,0.00,0.00,0.00,,0.00,,0.00,EastMoney,2026-08-03T17:50:26+08:00
BK0644,2026-08-03T00:00:00Z,609431,618150,618261,608668,609737,8413,1.38,45004817,124467278918,2.25,0.91,0.00,0,23083226,21921591,6287203584000,5650470656000,-3967302144,14463600128,16840262400,-2376662272,28626754816,30217394688,-1590639872,38326270720,37561998592,764272128,40666729216,37482359296,3184369920,-3.19,-1.91,-1.28,0.61,2.56,0,215,164,51,0,0,0,28.63,0.00,0.00,0.00,,0.00,,0.00,EastMoney,2026-08-03T17:50:26+08:00
BK0653,2026-08-03T00:00:00Z,251846,255643,255676,251764,251719,3924,1.56,31915518,31082709344,1.76,0.93,0.00,0,16070410,15845107,2766880240000,2066733424000,-490982800,2810228544,3065770448,-255541904,6731838720,6967279616,-235440896,9725564160,9806085632,-80521472,11097352192,10525848064,571504128,-1.58,-0.82,-0.76,-0.26,1.84,0,129,102,24,3,0,0,18.41,0.00,0.00,0.00,,0.00,,0.00,EastMoney,2026-08-03T17:50:26+08:00
BK0655,2026-08-03T00:00:00Z,419974,423900,424628,419451,419858,4042,0.96,40840128,81966827799,2.21,0.90,0.00,0,20344526,20495602,4749501952000,2454164864000,-2422392832,8232318464,9075596800,-843278336,18140196608,19719311104,-1579114496,25819350272,26302420480,-483070208,27993208832,25091724032,2901484800,-2.96,-1.03,-1.93,-0.59,3.54,0,130,93,32,5,0,0,25.80,0.00,0.00,0.00,,0.00,,0.00,EastMoney,2026-08-03T17:50:26+08:00
BK0656,2026-08-03T00:00:00Z,121410,122609,122820,121374,121627,982,0.81,3670259,3833075694,1.29,0.80,0.00,0,1950891,1719367,290278720000,271959920000,-107135406,248060770,295046432,-46985662,809323744,869473488,-60149744,1180924880,1241638864,-60713984,1525521024,1357671616,167849408,-2.80,-1.23,-1.57,-1.58,4.38,0,13,11,2,0,0,0,28.03,0.00,0.00,0.00,,0.00,,0.00,EastMoney,2026-08-03T17:50:26+08:00
BK0662,2026-08-03T00:00:00Z,190879,193396,193815,190792,190946,2450,1.28,39698691,54402615802,3.67,1.12,0.00,0,19644953,20053739,1334617728000,1197874816000,-2001651712,5798399744,7040363776,-1241964032,12435235328,13194923008,-759687680,17288549376,16916775424,371773952,17276656896,15665191936,1611464960,-3.68,-2.28,-1.40,0.68,2.96,0,112,83,28,1,0,0,84.54,0.00,0.00,0.00,,0.00,,0.00,EastMoney,2026-08-03T17:50:26+08:00
BK0664,2026-08-03T00:00:00Z,157414,159630,159650,157414,157481,2149,1.36,22365288,20684505979,2.07,0.86,0.00,0,11755205,10610084,1199636672000,1098932800000,-411675072,861714464,1072730608,-211016144,3767910608,3968569536,-200658928,6461815040,6756750336,-294935296,9127458048,8428390144,699067904,-1.99,-1.02,-0.97,-1.43,3.38,0,154,117,33,4,0,0,21.70,0.00,0.00,0.00,,0.00,,0.00,EastMoney,2026-08-03T17:50:26+08:00
BK0665,2026-08-03T00:00:00Z,209890,212476,212476,209774,209995,2481,1.18,72501678,77573223683,2.02,0.94,0.00,0,37248782,35252895,5661742592000,5053073664000,-1100567552,5775289600,6394031360,-618741760,15863917568,16345743360,-481825792,24756092160,25450179328,-694087168,29272174592,27526955520,1745219072,-1.42,-0.80,-0.62,-0.89,2.25,0,345,254,87,4,0,0,37.17,0.00,0.00,0.00,,0.00,,0.00,EastMoney,2026-08-03T17:50:26+08:00
BK0666,2026-08-03T00:00:00Z,453901,452724,460454,449982,455574,-2850,-0.63,40951493,105433384257,2.61,0.79,0.00,0,19409469,21542024,4590670848000,4259467216000,-6127696384,12382739200,16535990016,-4153250816,23330515712,25304961280,-1974445568,32316753920,32020019968,296733952,35375898624,29544330240,5831568384,-5.81,-3.94,-1.87,0.28,5.53,0,126,62,63,1,0,0,44.73,0.00,0.00,0.00,,0.00,,0.00,EastMoney,2026-08-03T17:50:26+08:00
BK0667,2026-08-03T00:00:00Z,298444,302271,302280,298057,297988,4283,1.44,23929733,44741012275,2.74,0.94,0.00,0,12108906,11820826,1687687872000,1560797104000,-936640512,5112342272,5091229952,21112320,9917339392,10875092224,-957752832,13560450304,14065619968,-505169664,14943199744,13528117248,1415082496,-2.09,0.05,-2.14,-1.13,3.16,0,115,87,26,2,0,0,56.78,0.00,0.00,0.00,,0.00,,0.00,EastMoney,2026-08-03T17:50:26+08:00
BK0668,2026-08-03T00:00:00Z,393392,396852,396909,393208,393632,3220,0.82,44034733,86067627224,1.98,0.84,0.00,0,22012651,22022082,4771172352000,4202106960000,-2829201664,5852198656,7850202880,-1998004224,17818521856,18649719296,-831197440,29115844864,29220320256,-104475392,31405691136,28514786816,2890904320,-3.29,-2.32,-0.97,-0.12,3.36,0,336,235,97,4,0,0,34.75,0.00,0.00,0.00,,0.00,,0.00,EastMoney,2026-08-03T17:50:26+08:00
BK0669,2026-08-03T00:00:00Z,136103,138432,138451,135907,135860,2572,1.89,6888997,4533099359,1.77,1.03,0.00,0,3927878,2961119,269394016000,234142354000,-50825818,251656054,269563616,-17907562,851211696,884129952,-32918256,1451163616,1446637984,4525632,1905662128,1859361952,46300176,-1.12,-0.40,-0.73,0.10,1.02,0,39,35,4,0,0,0,27.05,0.00,0.00,0.00,,0.00,,0.00,EastMoney,2026-08-03T17:50:26+08:00
BK0671,2026-08-03T00:00:00Z,249701,251673,251726,248170,247364,4309,1.74,4494515,3374836720,1.96,0.91,0.00,0,2201650,2292864,151257822000,145118538000,-172213020,127988350,163887098,-35898748,584838544,721152816,-136314272,1012827504,1093979824,-81152320,1560591264,1307225920,253365344,-5.10,-1.06,-4.04,-2.40,7.51,0,19,18,0,1,0,0,102.86,0.00,0.00,0.00,,0.00,,0.00,EastMoney,2026-08-03T17:50:26+08:00
BK0672,2026-08-03T00:00:00Z,234759,238793,238876,234615,235344,3449,1.47,8099457,7623677920,0.88,1.04,0.00,0,4366704,3732753,809592880000,728765008000,-227313792,503627168,647903280,-144276112,1550699792,1633737472,-83037680,2352500288,2428134992,-75634704,3046859760,2743911264,302948496,-2.98,-1.89,-1.09,-0.99,3.97,0,39,30,7,2,0,0,18.38,0.00,0.00,0.00,,0.00,,0.00,EastMoney,2026-08-03T17:50:26+08:00
BK0674,2026-08-03T00:00:00Z,357726,359175,362250,355972,359501,-326,-0.09,9359209,22119045262,3.17,0.81,0.00,0,4638806,4720402,678914192000,645520592000,-966872080,2436400768,2820536208,-384135440,4932852224,5515588864,-582736640,7215791104,7223568384,-7777280,7018354944,6041952256,976402688,-4.37,-1.74,-2.63,-0.04,4.41,0,18,9,9,0,0,0,1322.88,0.00,0.00,0.00,,0.00,,0.00,EastMoney,2026-08-03T17:50:26+08:00
BK0675,2026-08-03T00:00:00Z,249763,251595,251761,249265,250109,1486,0.59,13683810,16963850237,1.53,0.81,0.00,0,7209692,6474118,1207494928000,1077556000000,-476840256,686530048,886017296,-199487248,3313990672,3591343680,-277353008,5580349184,5775095040,-194745856,7025079296,6372111616,652967680,-2.81,-1.18,-1.63,-1.15,3.85,0,109,76,31,2,0,0,118.73,0.00,0.00,0.00,,0.00,,0.00,EastMoney,2026-08-03T17:50:26+08:00
BK0676,2026-08-03T00:00:00Z,237506,238230,238908,237302,237545,685,0.29,5461022,6438843730,1.31,0.68,0.00,0,2768114,2692907,673239776000,600028096000,-286505995,232674821,369037264,-136362443,1205045904,1355189456,-150143552,2166125376,2190134768,-24009392,2729769120,2419253744,310515376,-4.45,-2.12,-2.33,-0.37,4.82,0,43,26,17,0,0,0,51.14,0.00,0.00,0.00,,0.00,,0.00,EastMoney,2026-08-03T17:50:26+08:00
BK0677,2026-08-03T00:00:00Z,297562,301786,301810,297504,296950,4836,1.63,17484742,13900420338,1.70,1.01,0.00,0,9302293,8182448,1016221952000,875763968000,-618915696,979396544,1228541456,-249144912,2938655184,3308425968,-369770784,4136343104,4122158896,14184208,5562661120,4955360512,607300608,-4.45,-1.79,-2.66,0.10,4.37,0,76,62,10,4,0,0,29.99,0.00,0.00,0.00,,0.00,,0.00,EastMoney,2026-08-03T17:50:26+08:00
BK0679,2026-08-03T00:00:00Z,602244,612049,614660,602244,601931,10118,1.68,11253513,18655803051,2.16,1.11,0.00,0,6213216,5040297,512975008000,468447648000,231474608,2265696576,2071690272,194006304,4078087728,4040619424,37468304,5673616128,5924515840,-250899712,6232183552,6212760320,19423232,1.24,1.04,0.20,-1.34,0.10,0,19,13,6,0,0,0,30.44,0.00,0.00,0.00,,0.00,,0.00,EastMoney,2026-08-03T17:50:26+08:00
BK0680,2026-08-03T00:00:00Z,272919,276340,276404,272645,273027,3313,1.21,29331115,75328155796,1.99,0.92,0.00,0,15021129,14309986,3866207984000,3393983152000,-2960751616,8537405696,10174529024,-1637123328,17674069248,18997697536,-1323628288,24685549312,23676958976,1008590336,23028122880,21093900800,1934222080,-3.93,-2.17,-1.76,1.34,2.57,0,165,123,41,1,0,0,68.28,0.00,0.00,0.00,,0.00,,0.00,EastMoney,2026-08-03T17:50:26+08:00
BK0682,2026-08-03T00:00:00Z,387186,392580,392593,386644,386955,5625,1.45,35441864,65144998818,2.01,0.93,0.00,0,17878084,17563780,2949646416000,2504642448000,184013312,6332413952,6552039168,-219625216,14510076160,14106437632,403638528,20239506176,21023189504,-783683328,22983715840,22386928128,596787712,0.28,-0.34,0.62,-1.20,0.92,0,142,109,32,1,0,0,42.13,0.00,0.00,0.00,,0.00,,0.00,EastMoney,2026-08-03T17:50:26+08:00
BK0683,2026-08-03T00:00:00Z,460066,467055,467055,460066,460538,6517,1.42,431290514,514562007643,1.17,0.95,0.00,0,228359475,202931039,48672066304000,36491855872000,-12075009024,53124901376,58808180224,-5683278848,111952019456,118343749632,-6391730176,164630507520,166141231104,-1510723584,174282952704,160725200896,13557751808,-2.35,-1.10,-1.24,-0.29,2.63,0,1442,1162,258,22,0,0,18.01,0.00,0.00,0.00,,0.00,,0.00,EastMoney,2026-08-03T17:50:26+08:00
BK0684,2026-08-03T00:00:00Z,162110,165542,165608,162110,162308,3234,1.99,23120236,14300770907,1.96,1.15,0.00,0,12654895,10465341,698692320000,596445120000,-272043408,803876816,844978688,-41101872,2823824848,3054766384,-230941536,4532478208,4663723776,-131245568,5758716672,5365283328,393433344,-1.90,-0.29,-1.61,-0.92,2.75,0,60,53,5,2,0,0,-21.85,0.00,0.00,0.00,,0.00,,0.00,EastMoney,2026-08-03T17:50:26+08:00
BK0685,2026-08-03T00:00:00Z,263673,268470,269063,263435,260748,7722,2.96,1142590,2004165306,1.93,1.22,0.00,0,582431,560160,91121266000,85095562000,58246208,136165170,102587602,33577568,436785408,412116768,24668640,584777488,626135744,-41358256,783605072,800493024,-16887952,2.91,1.68,1.23,-2.06,-0.84,0,12,9,3,0,0,0,28.66,0.00,0.00,0.00,,0.00,,0.00,EastMoney,2026-08-03T17:50:26+08:00
BK0689,2026-08-03T00:00:00Z,244059,245162,246499,243153,244060,1102,0.45,72190962,161125092575,2.72,0.97,0.00,0,35767477,36423485,8527398144000,4725465088000,-3860417280,26873995776,31107330560,-4233334784,46941552896,46568635392,372917504,45767158016,44147764224,1619393792,37772461824,35552590592,2219871232,-2.40,-2.63,0.23,1.01,1.38,0,173,116,54,3,0,0,60.39,0.00,0.00,0.00,,0.00,,0.00,EastMoney,2026-08-03T17:50:26+08:00
BK0690,2026-08-03T00:00:00Z,540663,543776,545488,535225,543978,-202,-0.04,15563658,35320404026,2.46,0.77,0.00,0,7908387,7655271,1133018848000,908563984000,-1805871840,4147618592,4831528960,-683910368,8060429056,9182390528,-1121961472,11791028736,11616681728,174347008,10553607936,8922083328,1631524608,-5.11,-1.94,-3.18,0.49,4.62,0,40,27,13,0,0,0,41.31,0.00,0.00,0.00,,0.00,,0.00,EastMoney,2026-08-03T17:50:26+08:00
BK0692,2026-08-03T00:00:00Z,143060,144884,144890,142664,143225,1659,1.16,14508011,8270672207,2.10,0.88,0.00,0,7401322,7106689,361422224000,318867488000,-247435072,422957952,425517440,-2559488,1544046224,1788921808,-244875584,2613490016,2748786000,-135295984,3469632080,3086901040,382731040,-2.99,-0.03,-2.96,-1.64,4.63,0,54,41,10,3,0,0,-9.61,0.00,0.00,0.00,,0.00,,0.00,EastMoney,2026-08-03T17:50:26+08:00
BK0693,2026-08-03T00:00:00Z,169898,172285,172575,169808,169679,2606,1.54,18684544,12461674278,6.67,1.79,0.00,0,9951924,8732620,395154448000,311475616000,-84072528,1477823088,1516891248,-39068160,2646553472,2691557840,-45004368,3729843808,3798044080,-68200272,4145462816,3981551344,163911472,-0.67,-0.31,-0.36,-0.55,1.32,0,41,31,10,0,0,0,-2442.24,0.00,0.00,0.00,,0.00,,0.00,EastMoney,2026-08-03T17:50:26+08:00
BK0695,2026-08-03T00:00:00Z,395802,398953,400537,393289,396216,2737,0.69,50240944,88535975219,1.82,0.95,0.00,0,26065606,24175339,4938218240000,4027951232000,-1741746176,8775086592,10043452160,-1268365568,19818684160,20292064768,-473380608,27808054528,27874699008,-66644480,30516463616,28707799040,1808664576,-1.97,-1.43,-0.53,-0.08,2.04,0,116,79,35,2,0,0,20.74,0.00,0.00,0.00,,0.00,,0.00,EastMoney,2026-08-03T17:50:26+08:00
BK0696,2026-08-03T00:00:00Z,312257,315908,316988,311364,311994,3914,1.25,52343159,93151788749,3.49,1.06,0.00,0,25652436,26690723,2854977904000,2537126192000,-2501603584,10318077952,11474747392,-1156669440,21151481088,22496415232,-1344934144,30544501760,30337027840,207473920,28647859200,26450806784,2197052416,-2.69,-1.24,-1.44,0.22,2.36,0,234,161,69,4,0,0,161.98,0.00,0.00,0.00,,0.00,,0.00,EastMoney,2026-08-03T17:50:26+08:00
BK0697,2026-08-03T00:00:00Z,310548,315346,315398,310391,310581,4765,1.53,16887991,21643170304,1.29,0.89,0.00,0,9134348,7753643,2302045328000,1846282048000,-225725424,2461401488,2585811584,-124410096,4977724160,5079039488,-101315328,6834162432,6729402112,104760320,6903262976,6782298112,120964864,-1.04,-0.57,-0.47,0.48,0.56,0,55,45,7,3,0,0,11.66,0.00,0.00,0.00,,0.00,,0.00,EastMoney,2026-08-03T17:50:26+08:00
BK0698,2026-08-03T00:00:00Z,139576,140859,140970,139373,139665,1194,0.85,4463869,6406003342,1.17,0.77,0.00,0,2376355,2087515,498132560000,435214240000,-112215200,336700032,323363024,13337008,1229607952,1355160160,-125552208,2225207264,2237430320,-12223056,2524263552,2399825296,124438256,-1.75,0.21,-1.96,-0.19,1.94,0,45,33,11,1,0,0,42.62,0.00,0.00,0.00,,0.00,,0.00,EastMoney,2026-08-03T17:50:26+08:00
BK0699,2026-08-03T00:00:00Z,267152,270786,271437,267152,267696,3090,1.15,3400565,6842081325,3.27,0.88,0.00,0,1680227,1720337,203705394000,191980594000,-138292688,646431584,729191936,-82760352,1519089696,1574622032,-55532336,2257832080,2216157904,41674176,2258303744,2161685232,96618512,-2.02,-1.21,-0.81,0.61,1.41,0,11,7,4,0,0,0,375.72,0.00,0.00,0.00,,0.00,,0.00,EastMoney,2026-08-03T17:50:26+08:00
BK0700,2026-08-03T00:00:00Z,285562,290203,290205,285562,284714,5489,1.93,64149449,104388101330,2.82,0.97,0.00,0,33261638,30887811,4745746688000,3870007440000,-457456384,9003717120,8885846016,117871104,21434916864,22010244352,-575327488,33111940352,34318622976,-1206682624,38751884544,37091504384,1660380160,-0.44,0.11,-0.55,-1.16,1.59,0,261,205,55,1,0,0,36.17,0.00,0.00,0.00,,0.00,,0.00,EastMoney,2026-08-03T17:50:26+08:00
BK0701,2026-08-03T00:00:00Z,247565,248494,249752,247433,248338,156,0.06,198312346,409591536935,1.80,1.02,0.00,0,103990784,94321562,17653923328000,15008550144000,-11724755456,42520692224,48990607360,-6469915136,95983075328,101237915648,-5254840320,137946583040,137765126144,181456896,125621542912,114078244864,11543298048,-2.86,-1.58,-1.28,0.04,2.82,0,500,307,188,5,0,0,34.80,0.00,0.00,0.00,,0.00,,0.00,EastMoney,2026-08-03T17:50:26+08:00
BK0703,2026-08-03T00:00:00Z,501152,506490,507642,500101,502585,3905,0.78,12899144,36118873394,3.24,0.91,0.00,0,6446226,6452918,898976048000,838601936000,-804023552,4495700992,4689197824,-193496832,7500456960,8110983680,-610526720,11034639360,11466868480,-432229120,12366424832,11130172160,1236252672,-2.23,-0.54,-1.69,-1.20,3.42,0,37,26,11,0,0,0,55.59,0.00,0.00,0.00,,0.00,,0.00,EastMoney,2026-08-03T17:50:26+08:00
BK0704,2026-08-03T00:00:00Z,232378,237082,237087,232149,232395,4687,2.02,42156073,79824480014,2.76,0.96,0.00,0,22264671,19891401,3446765680000,3033044976000,-406554112,6295354624,6492892160,-197537536,16662873600,16871890176,-209016576,25724665856,26333918720,-609252864,29720175616,28701206272,1018969344,-0.51,-0.25,-0.26,-0.76,1.28,0,221,184,35,2,0,0,54.81,0.00,0.00,0.00,,0.00,,0.00,EastMoney,2026-08-03T17:50:26+08:00
BK0705,2026-08-03T00:00:00Z,283789,285840,286758,283789,284719,1121,0.39,107679574,209647285740,1.41,0.95,0.00,0,57556782,50122792,11868347904000,10213401344000,-2844258304,20608186112,22670022912,-2061836800,51732029184,52514450688,-782421504,73461805056,73485307904,-23502848,60592358912,57724596736,2867762176,-1.36,-0.98,-0.37,-0.01,1.37,0,380,252,125,3,0,0,29.00,0.00,0.00,0.00,,0.00,,0.00,EastMoney,2026-08-03T17:50:26+08:00
BK0706,2026-08-03T00:00:00Z,506628,511486,512117,506395,508812,2674,0.53,12749873,20250521411,3.38,0.75,0.00,0,6012339,6737535,724458784000,642751376000,-618159760,1668116080,1787618560,-119502480,4239915264,4738572544,-498657280,6544413696,6750110208,-205696512,7428823040,6604966656,823856384,-3.05,-0.59,-2.46,-1.02,4.07,0,50,32,17,1,0,0,61.50,0.00,0.00,0.00,,0.00,,0.00,EastMoney,2026-08-03T17:50:26+08:00
BK0707,2026-08-03T00:00:00Z,236674,238354,238731,236674,237161,1193,0.50,464333193,860833184226,1.02,0.96,0.00,0,242500406,221832787,72684892160000,57016310272000,-19730440192,101227290624,117599928320,-16372637696,210895859712,214253662208,-3357802496,280441110528,276103217152,4337893376,252326387712,236933840896,15392546816,-2.29,-1.90,-0.39,0.50,1.79,0,1640,1078,543,19,0,0,15.91,0.00,0.00,0.00,,0.00,,0.00,EastMoney,2026-08-03T17:50:26+08:00
BK0708,2026-08-03T00:00:00Z,128204,129832,129844,127728,127838,1994,1.56,12339660,12005969451,1.68,0.86,0.00,0,6252368,6087292,781715440000,611081680000,-178469472,749364560,842198656,-92834096,2218719168,2304354544,-85635376,3546551232,3775611792,-229060560,5151463680,4756382208,395081472,-1.49,-0.77,-0.71,-1.91,3.29,0,74,59,12,3,0,0,29.66,0.00,0.00,0.00,,0.00,,0.00,EastMoney,2026-08-03T17:50:26+08:00
BK0710,2026-08-03T00:00:00Z,300450,305802,306322,300375,300910,4892,1.63,19727867,50132240430,1.22,0.94,0.00,0,10345477,9382390,2289781792000,2102625264000,53443072,5794193664,5567066368,227127296,11438984960,11612669184,-173684224,16468684800,16724399104,-255714304,15327224576,15144796928,182427648,0.11,0.45,-0.35,-0.51,0.36,0,59,45,12,2,0,0,34.04,0.00,0.00,0.00,,0.00,,0.00,EastMoney,2026-08-03T17:50:26+08:00
BK0711,2026-08-03T00:00:00Z,108009,109281,109354,107866,108975,306,0.28,23901479,30482988780,0.84,0.86,0.00,0,12479557,11421922,3917444032000,3305233952000,-1683400512,3666318016,4567141376,-900823360,7346086144,8128663296,-782577152,9763713280,9351489024,412224256,8774798848,7503622912,1271175936,-5.52,-2.96,-2.57,1.35,4.17,0,55,40,13,2,0,0,15.85,0.00,0.00,0.00,,0.00,,0.00,EastMoney,2026-08-03T17:50:26+08:00
BK0712,2026-08-03T00:00:00Z,147427,149881,149881,147419,147317,2564,1.74,161768985,185872471180,1.01,1.02,0.00,0,86434235,75334750,16316211968000,13828947712000,-3299355392,19458451968,21466140160,-2007688192,40947215616,42238882816,-1291667200,57343246592,58666884096,-1323637504,64256910080,59675639808,4581270272,-1.78,-1.08,-0.69,-0.71,2.46,0,514,408,101,5,0,0,15.25,0.00,0.00,0.00,,0.00,,0.00,EastMoney,2026-08-03T17:50:26+08:00
BK0714,2026-08-03T00:00:00Z,177508,179169,179943,177317,177949,1220,0.69,99673200,332585028782,2.66,0.89,0.00,0,49826662,49846537,12957766144000,9911035392000,-8842245376,47621010688,52588390912,-4967380224,77280882688,81155747840,-3874865152,102166560768,102987706368,-821145600,98619625472,88969207808,9650417664,-2.66,-1.49,-1.17,-0.25,2.90,0,323,214,107,2,0,0,38.53,0.00,0.00,0.00,,0.00,,0.00,EastMoney,2026-08-03T17:50:26+08:00
BK0715,2026-08-03T00:00:00Z,89150,91338,91376,89140,89355,1983,2.22,8278817,15410662218,1.30,0.96,0.00,0,4345432,3933385,1044399744000,1016203664000,-322492320,1270089104,1275439616,-5350512,3101170064,3418311872,-317141808,4953602560,4916183296,37419264,5816755712,5531682816,285072896,-2.09,-0.03,-2.06,0.24,1.85,0,32,29,3,0,0,0,43.17,0.00,0.00,0.00,,0.00,,0.00,EastMoney,2026-08-03T17:50:26+08:00
BK0718,2026-08-03T00:00:00Z,137627,138642,138651,137606,138067,575,0.42,108403115,163942476126,0.51,0.93,0.00,0,55986097,52417018,32955243520000,24901221632000,-5123575296,22630309376,25427554560,-2797245184,40558687488,42885017600,-2326330112,51722010112,50320687360,1401322752,45823605760,42101353728,3722252032,-3.13,-1.71,-1.42,0.85,2.27,0,181,113,64,4,0,0,11.06,0.00,0.00,0.00,,0.00,,0.00,EastMoney,2026-08-03T17:50:26+08:00
BK0721,2026-08-03T00:00:00Z,72750,74059,74059,72750,72643,1416,1.95,42060764,27146970128,1.28,1.00,0.00,0,22822901,19237862,2176655696000,1943070192000,241564944,2977707808,2449844496,527863312,5798890752,6085189120,-286298368,8047796224,8706298112,-658501888,9749423616,9332486656,416936960,0.89,1.94,-1.05,-2.43,1.54,0,146,122,21,3,0,0,32.66,0.00,0.00,0.00,,0.00,,0.00,EastMoney,2026-08-03T17:50:26+08:00
BK0722,2026-08-03T00:00:00Z,114304,115436,115621,114270,114382,1054,0.92,75170318,115918544738,3.02,0.89,0.00,0,36823278,38347040,3762558528000,3468596528000,-4199579904,12606605312,15014555392,-2407950080,26213306624,28004936448,-1791629824,36378069760,36658654208,-280584448,38146585344,33682130432,4464454912,-3.62,-2.08,-1.55,-0.24,3.85,0,219,159,59,1,0,0,53.25,0.00,0.00,0.00,,0.00,,0.00,EastMoney,2026-08-03T17:50:26+08:00
BK0724,2026-08-03T00:00:00Z,91883,94086,94086,91883,91650,2436,2.66,21249334,10634862675,4.34,1.75,0.00,0,11743024,9506309,253137887000,235091012000,110722016,1426795904,1412456480,14339424,2368421664,2272039072,96382592,3066587936,3136707584,-70119648,3413107408,3453709792,-40602384,1.04,0.13,0.91,-0.66,-0.38,0,36,33,3,0,0,0,194.56,0.00,0.00,0.00,,0.00,,0.00,EastMoney,2026-08-03T17:50:26+08:00
BK0725,2026-08-03T00:00:00Z,76109,77862,77903,76042,75878,1984,2.61,4044889,2953300262,2.46,1.05,0.00,0,2285778,1759111,96139846000,85345718000,45948291,254313145,222254630,32058515,599342944,585453168,13889776,857398240,925342528,-67944288,1132576112,1110580128,21995984,1.56,1.09,0.47,-2.30,0.74,0,21,16,5,0,0,0,-74.29,0.00,0.00,0.00,,0.00,,0.00,EastMoney,2026-08-03T17:50:26+08:00
BK0726,2026-08-03T00:00:00Z,75375,76829,76869,75196,75427,1402,1.86,6558985,9845571845,4.44,0.98,0.00,0,3248312,3310673,203727167000,178960895000,-1129955104,1145064416,2555377936,-1410313520,1924260656,1643902240,280358416,2754119360,2444427056,309692304,3657514416,2858200688,799313728,-11.48,-14.32,2.85,3.15,8.12,0,46,36,9,1,0,0,51.43,0.00,0.00,0.00,,0.00,,0.00,EastMoney,2026-08-03T17:50:26+08:00
BK0727,2026-08-03T00:00:00Z,123520,123605,124910,122817,123720,-115,-0.09,7786734,21747510689,2.00,0.73,0.00,0,3691590,4095144,1030156544000,842541472000,-90704000,2288575120,2220662544,67912576,4944338176,5102954752,-158616576,7291807232,7135876096,155931136,6738561536,6808783616,-70222080,-0.42,0.31,-0.73,0.72,-0.32,0,54,28,26,0,0,0,35.12,0.00,0.00,0.00,,0.00,,0.00,EastMoney,2026-08-03T17:50:26+08:00
BK0728,2026-08-03T00:00:00Z,50789,51935,51935,50764,50571,1364,2.70,17612677,15509809214,1.82,1.10,0.00,0,9232265,8380412,820957360000,738869904000,58219584,1107672224,1021378272,86293952,3061445088,3089519456,-28074368,4731386368,4939950848,-208564480,6264991488,6116772608,148218880,0.38,0.56,-0.18,-1.34,0.96,0,134,121,12,1,0,0,34.60,0.00,0.00,0.00,,0.00,,0.00,EastMoney,2026-08-03T17:50:26+08:00
BK0729,2026-08-03T00:00:00Z,113073,115352,115526,113073,113114,2238,1.98,7188519,8164511792,1.43,1.08,0.00,0,4208002,2980517,716757984000,544227712000,-202333648,977990224,1080675696,-102685472,1824741280,1924389456,-99648176,2638880688,2570411136,68469552,2571405392,2437541296,133864096,-2.48,-1.26,-1.22,0.84,1.64,0,15,12,3,0,0,0,29.45,0.00,0.00,0.00,,0.00,,0.00,EastMoney,2026-08-03T17:50:26+08:00
BK0730,2026-08-03T00:00:00Z,114024,115002,115107,113493,114233,769,0.67,4788535,4524713715,1.82,0.85,0.00,0,2441189,2347346,281343488000,258499038000,-142479182,174116850,290848144,-116731294,834237344,859985232,-25747888,1408089856,1363946096,44143760,1996425536,1899564176,96861360,-3.15,-2.58,-0.57,0.98,2.14,0,45,30,13,2,0,0,37.56,0.00,0.00,0.00,,0.00,,0.00,EastMoney,2026-08-03T17:50:26+08:00
BK0731,2026-08-03T00:00:00Z,159960,161287,161382,158722,160297,990,0.62,11160239,13100387370,1.76,0.85,0.00,0,5704533,5455705,917968080000,864407872000,-289112512,925172192,1113468880,-188296688,2838291680,2939107504,-100815824,4089696240,4179417440,-89721200,4999680000,4625490944,374189056,-2.21,-1.44,-0.77,-0.68,2.86,0,63,42,19,2,0,0,22.66,0.00,0.00,0.00,,0.00,,0.00,EastMoney,2026-08-03T17:50:26+08:00
BK0732,2026-08-03T00:00:00Z,218791,218682,220911,212233,220566,-1884,-0.85,6719801,14991434111,2.97,0.87,0.00,0,3284683,3435118,588756960000,536338656000,-383732704,1299410992,1388684672,-89273680,3239412032,3533871056,-294459024,4830915328,4601607936,229307392,5293669888,5139244800,154425088,-2.56,-0.60,-1.96,1.53,1.03,0,13,4,9,0,0,0,21.62,0.00,0.00,0.00,,0.00,,0.00,EastMoney,2026-08-03T17:50:26+08:00
BK0733,2026-08-03T00:00:00Z,117798,118820,118822,117014,117446,1374,1.17,5467786,4485654880,2.56,0.98,0.00,0,2779244,2688542,140388887000,129697827000,10421854,224589877,216500199,8089678,759353200,757021024,2332176,1346607632,1391599328,-44991696,2044323472,2016304912,28018560,0.23,0.18,0.05,-1.00,0.62,0,28,21,7,0,0,0,61.21,0.00,0.00,0.00,,0.00,,0.00,EastMoney,2026-08-03T17:50:26+08:00
BK0734,2026-08-03T00:00:00Z,37611,37636,37771,37255,37915,-279,-0.74,2132597,1587495812,1.78,0.93,0.00,0,1085668,1046930,106993971000,101621388000,-35920632,63821712,79268701,-15446989,238826251,259299894,-20473643,470504656,517037296,-46532640,785919552,703466272,82453280,-2.26,-0.97,-1.29,-2.93,5.19,0,18,9,8,1,0,0,20.29,0.00,0.00,0.00,,0.00,,0.00,EastMoney,2026-08-03T17:50:26+08:00
BK0735,2026-08-03T00:00:00Z,149079,150706,150781,149025,148635,2071,1.39,12013632,30958662283,2.47,0.90,0.00,0,5906323,6107309,1416471280000,1166913280000,-863853456,2744294208,3143767504,-399473296,6597215488,7061595648,-464380160,9920451584,9917521408,2930176,10931316224,10106576896,824739328,-2.79,-1.29,-1.50,0.01,2.66,0,89,64,23,2,0,0,45.01,0.00,0.00,0.00,,0.00,,0.00,EastMoney,2026-08-03T17:50:26+08:00
BK0736,2026-08-03T00:00:00Z,99510,101898,101898,99485,99453,2445,2.46,12442555,15474636682,0.95,0.97,0.00,0,6602250,5840305,3206124272000,1038408656000,-288664272,1304202896,1333810960,-29608064,3396531136,3655587344,-259056208,5025359360,4949691136,75668224,5414607104,5205589248,209017856,-1.87,-0.19,-1.67,0.49,1.35,0,39,30,9,0,0,0,17.98,0.00,0.00,0.00,,0.00,,0.00,EastMoney,2026-08-03T17:50:26+08:00
BK0737,2026-08-03T00:00:00Z,103573,104176,105043,102971,103466,710,0.69,28989370,62292690248,4.10,1.20,0.00,0,14269460,14719910,1586789888000,1382853392000,-1445360128,7803522560,8512829184,-709306624,14594479872,15330533376,-736053504,20287914240,20110314752,177599488,17900734720,16668436992,1232297728,-2.32,-1.14,-1.18,0.29,1.98,0,134,83,48,3,0,0,329.51,0.00,0.00,0.00,,0.00,,0.00,EastMoney,2026-08-03T17:50:26+08:00
BK0738,2026-08-03T00:00:00Z,57204,57784,57816,57176,57260,524,0.92,6418311,4426201750,0.85,0.82,0.00,0,3266091,3152220,517302928000,494106576000,-74572390,280493472,248666070,31827402,830277584,936677376,-106399792,1338705648,1506611488,-167905840,1901529040,1659050800,242478240,-1.68,0.72,-2.40,-3.79,5.48,0,26,20,4,2,0,0,20.61,0.00,0.00,0.00,,0.00,,0.00,EastMoney,2026-08-03T17:50:26+08:00
BK0739,2026-08-03T00:00:00Z,210824,213112,213169,210353,210374,2738,1.30,6242610,7404391897,1.35,0.98,0.00,0,3085280,3157330,780500256000,699813968000,-13004432,640149280,603306224,36843056,1433460320,1483307808,-49847488,2446491088,2487891472,-41400384,2716130128,2664405248,51724880,-0.18,0.50,-0.67,-0.56,0.70,0,35,22,13,0,0,0,22.97,0.00,0.00,0.00,,0.00,,0.00,EastMoney,2026-08-03T17:50:26+08:00
BK0740,2026-08-03T00:00:00Z,57652,58138,58459,57060,57412,726,1.26,5168354,3154279223,3.72,0.87,0.00,0,2384302,2784052,79874913000,75686583000,8613504,187599304,166186360,21412944,667245776,680045216,-12799440,970870800,1049098912,-78228112,1218227920,1148613312,69614608,0.27,0.68,-0.41,-2.48,2.21,0,16,10,6,0,0,0,-431.14,0.00,0.00,0.00,,0.00,,0.00,EastMoney,2026-08-03T17:50:26+08:00
BK0742,2026-08-03T00:00:00Z,174550,176900,176924,174408,174500,2400,1.38,187720972,486504338862,3.53,0.95,0.00,0,94365325,93355647,17559770624000,14096675840000,-6702966016,52630053376,56687163136,-4057109760,108855447552,111501303808,-2645856256,157175496704,157754220544,-578723840,158084231168,150802542592,7281688576,-1.38,-0.83,-0.54,-0.12,1.50,0,1353,987,352,14,0,0,57.58,0.00,0.00,0.00,,0.00,,0.00,EastMoney,2026-08-03T17:50:26+08:00
BK0743,2026-08-03T00:00:00Z,129175,128884,129937,128632,129776,-892,-0.69,70311788,261866060922,1.47,0.86,0.00,0,33219986,37091802,17213878272000,14690586624000,-10234539520,43973281024,49787473664,-5814192640,68232141824,72652488704,-4420346880,84384698368,80703569920,3681128448,60295028224,53741616896,6553411328,-3.91,-2.22,-1.69,1.41,2.50,0,100,41,59,0,0,0,27.56,0.00,0.00,0.00,,0.00,,0.00,EastMoney,2026-08-03T17:50:26+08:00
BK0800,2026-08-03T00:00:00Z,166745,168246,168558,166697,166660,1586,0.95,196754060,380023107363,2.79,1.01,0.00,0,97555397,99198663,13379228672000,12051023616000,-15103267840,46138154240,58938757376,-12800603136,93647552512,95950217216,-2302664704,115560140800,112088154112,3471986688,115136217088,103670972416,11465244672,-3.97,-3.37,-0.61,0.91,3.02,0,712,483,218,11,0,0,49.53,0.00,0.00,0.00,,0.00,,0.00,EastMoney,2026-08-03T17:50:26+08:00
BK0801,2026-08-03T00:00:00Z,127519,128167,128723,127324,127527,640,0.50,11365784,20335346879,2.61,0.98,0.00,0,5856455,5509330,733102400000,680318736000,-530433040,1697413920,1912502576,-215088656,4479980800,4795325184,-315344384,6806087168,6888009728,-81922560,6953502720,6341129216,612373504,-2.61,-1.06,-1.55,-0.40,3.01,0,45,32,13,0,0,0,49.52,0.00,0.00,0.00,,0.00,,0.00,EastMoney,2026-08-03T17:50:26+08:00
BK0802,2026-08-03T00:00:00Z,192304,194176,194504,192260,192584,1592,0.83,56256728,150692937288,2.09,0.92,0.00,0,28002273,28254456,6953249792000,5784637440000,-2281602048,20474212608,22315316480,-1841103872,35816351232,36256849408,-440498176,50727337728,50318290688,409047040,40667481088,38815728896,1851752192,-1.51,-1.22,-0.29,0.27,1.23,0,274,191,78,5,0,0,41.04,0.00,0.00,0.00,,0.00,,0.00,EastMoney,2026-08-03T17:50:26+08:00
BK0803,2026-08-03T00:00:00Z,67987,69238,69246,67980,67998,1240,1.82,7361226,4920189756,2.47,1.01,0.00,0,3924871,3436356,172614218000,157153899000,-144682859,151360483,173699006,-22338523,860517808,982862144,-122344336,1648627888,1620491248,28136640,2101275200,1991926768,109348432,-2.94,-0.45,-2.49,0.57,2.22,0,41,34,7,0,0,0,-77.10,0.00,0.00,0.00,,0.00,,0.00,EastMoney,2026-08-03T17:50:26+08:00
BK0804,2026-08-03T00:00:00Z,114606,115786,115855,114573,114637,1149,1.00,513388751,955318492197,2.48,0.96,0.00,0,262188923,251199828,40034034688000,33639346944000,-21540507648,103673188352,115009323008,-11336134656,211001823232,221206196224,-10204372992,303298826240,304494915584,-1196089344,317859987456,295123394560,22736592896,-2.25,-1.19,-1.07,-0.13,2.38,0,1875,1357,498,20,0,0,38.37,0.00,0.00,0.00,,0.00,,0.00,EastMoney,2026-08-03T17:50:26+08:00
BK0805,2026-08-03T00:00:00Z,128387,130813,130835,128347,128783,2030,1.58,2968934,2947112156,1.37,1.02,0.00,0,1699720,1269214,189021535000,179194347000,70316305,288646656,255869951,32776705,656311856,618772256,37539600,912442752,989258048,-76815296,1055564864,1049065888,6498976,2.39,1.11,1.27,-2.61,0.22,0,12,11,1,0,0,0,71.37,0.00,0.00,0.00,,0.00,,0.00,EastMoney,2026-08-03T17:50:26+08:00
BK0806,2026-08-03T00:00:00Z,98332,99295,99372,98185,98396,899,0.91,6567308,8000313127,1.95,0.89,0.00,0,3353395,3213913,525462368000,446859872000,-281970112,304741648,426568448,-121826800,1487318800,1647462112,-160143312,2632549520,2720483424,-87933904,3429894144,3059990128,369904016,-3.52,-1.52,-2.00,-1.10,4.62,0,44,30,13,1,0,0,-280.17,0.00,0.00,0.00,,0.00,,0.00,EastMoney,2026-08-03T17:50:26+08:00
BK0807,2026-08-03T00:00:00Z,81862,83361,83427,81647,81434,1927,2.37,3544596,3488821079,1.75,0.76,0.00,0,1786101,1758495,218544309000,198102490000,-96511922,136995671,184162729,-47167058,617675872,667020736,-49344864,1103920688,1143274080,-39353392,1574640192,1438774880,135865312,-2.77,-1.35,-1.41,-1.13,3.89,0,19,15,3,1,0,0,40.34,0.00,0.00,0.00,,0.00,,0.00,EastMoney,2026-08-03T17:50:26+08:00
BK0808,2026-08-03T00:00:00Z,177185,180758,180765,177099,177276,3482,1.96,39867972,62628663741,2.34,0.97,0.00,0,21310658,18557313,3073703408000,2908388096000,-783025920,4403896576,4607168512,-203271936,12418546944,12998300928,-579753984,20544158464,20748145920,-203987456,24151618048,23190863360,960754688,-1.25,-0.32,-0.93,-0.33,1.53,0,177,146,31,0,0,0,53.00,0.00,0.00,0.00,,0.00,,0.00,EastMoney,2026-08-03T17:50:26+08:00
BK0809,2026-08-03T00:00:00Z,110843,111480,112283,110344,110464,1016,0.92,71006036,93195065128,4.84,1.36,0.00,0,35976918,35029117,2006389808000,1811243536000,-2278476288,10910451456,12584171264,-1673719808,21185872384,21790628864,-604756480,28965404416,28719702784,245701632,29243802368,27241931520,2001870848,-2.44,-1.80,-0.65,0.26,2.15,0,151,103,45,3,0,0,106.26,0.00,0.00,0.00,,0.00,,0.00,EastMoney,2026-08-03T17:50:26+08:00
BK0811,2026-08-03T00:00:00Z,219593,218968,221167,218701,219600,-632,-0.29,9242343,28853482380,0.97,0.85,0.00,0,4471312,4771031,7550673920000,4625405696000,-1241766672,3313771504,4134775552,-821004048,7202944000,7623706624,-420762624,9876845824,9419737600,457108224,7923696640,7139038464,784658176,-4.30,-2.85,-1.46,1.58,2.72,0,32,14,18,0,0,0,22.66,0.00,0.00,0.00,,0.00,,0.00,EastMoney,2026-08-03T17:50:26+08:00
BK0812,2026-08-03T00:00:00Z,155717,157675,157686,155519,155873,1802,1.16,23621255,89928124632,1.91,0.89,0.00,0,11956730,11664524,4190892464000,3495971856000,-2224695808,16195775744,17471915776,-1276140032,22889036288,23837592064,-948555776,29507653632,28800501760,707151872,19279431424,17788358144,1491073280,-2.47,-1.42,-1.05,0.79,1.66,0,184,125,57,2,0,0,26.85,0.00,0.00,0.00,,0.00,,0.00,EastMoney,2026-08-03T17:50:26+08:00
BK0813,2026-08-03T00:00:00Z,90972,92831,92853,90947,90723,2108,2.32,41442376,31801736220,1.51,1.05,0.00,0,22395581,19046795,2151786000000,1831813968000,-185093616,2653914592,2598183376,55731216,6633469952,6874294784,-240824832,9914401280,10383609344,-469208064,11892579840,11253354240,639225600,-0.58,0.18,-0.76,-1.48,2.01,0,147,134,9,4,0,0,240.88,0.00,0.00,0.00,,0.00,,0.00,EastMoney,2026-08-03T17:50:26+08:00
BK0814,2026-08-03T00:00:00Z,162310,166470,166555,162277,162283,4187,2.58,23453037,32050498394,1.95,1.07,0.00,0,12722545,10730491,1886093184000,1626908224000,327203920,2542244304,2273345408,268898896,6721465856,6663160832,58305024,10487512576,10641740032,-154227456,11769979648,11940284672,-170305024,1.02,0.84,0.18,-0.48,-0.53,0,100,92,8,0,0,0,51.66,0.00,0.00,0.00,,0.00,,0.00,EastMoney,2026-08-03T17:50:26+08:00
BK0815,2026-08-03T00:00:00Z,14784260,14632998,14813373,14566239,14473055,159943,1.11,67555647,106370795925,10.06,1.46,0.00,0,33179915,34375731,1297425712000,1194069840000,-2953435136,13907868416,16744015104,-2836146688,23558989568,23676278016,-117288448,31841032448,30965155840,875876608,33165272832,31087730688,2077542144,-2.78,-2.67,-0.11,0.82,1.95,0,98,54,43,1,0,0,426.69,0.00,0.00,0.00,,0.00,,0.00,EastMoney,2026-08-03T17:50:26+08:00
BK0816,2026-08-03T00:00:00Z,2321523,2260554,2340477,2246742,2236484,24070,1.08,5532413,7134271127,7.71,0.56,0.00,0,2542722,2989691,72054720000,69794837000,-262417232,1250398784,1290780096,-40381312,1614047664,1836083584,-222035920,1975072400,1955627984,19444416,1989294480,1746321648,242972832,-3.68,-0.57,-3.11,0.27,3.41,0,6,4,2,0,0,0,163.03,0.00,0.00,0.00,,0.00,,0.00,EastMoney,2026-08-03T17:50:26+08:00
BK0817,2026-08-03T00:00:00Z,1544,1539,1573,1525,1558,-19,-1.22,47529811,201100644769,6.71,2.95,0.00,0,22735186,24794625,3877283632000,3494758704000,-12203777280,27874397952,38866569984,-10992172032,45687981056,46899586304,-1211605248,61571104256,59557005568,2014098688,60895439872,50700757760,10194682112,-6.07,-5.47,-0.60,1.00,5.07,0,130,48,81,1,0,0,107.54,0.00,0.00,0.00,,0.00,,0.00,EastMoney,2026-08-03T17:50:26+08:00
BK0818,2026-08-03T00:00:00Z,146921,149347,149501,146539,147695,1652,1.12,2512421,1445323096,0.84,0.79,0.00,0,1341235,1171185,219971516000,156574718000,-41526796,50039702,74996867,-24957165,260606673,277176304,-16569631,463259776,484082576,-20822800,644182192,581832592,62349600,-2.87,-1.73,-1.15,-1.44,4.31,0,9,7,2,0,0,0,22.63,0.00,0.00,0.00,,0.00,,0.00,EastMoney,2026-08-03T17:50:26+08:00
BK0821,2026-08-03T00:00:00Z,143127,143209,143891,142864,143730,-521,-0.36,370771019,952514676373,0.96,0.97,0.00,0,188737869,182033150,78619385856000,61475527168000,-34370961408,137897541632,163516280832,-25618739200,248806903808,257559126016,-8752222208,308047847424,296984752128,11063095296,239352344576,216044478464,23307866112,-3.61,-2.69,-0.92,1.16,2.45,0,572,291,278,3,0,0,15.78,0.00,0.00,0.00,,0.00,,0.00,EastMoney,2026-08-03T17:50:26+08:00
BK0822,2026-08-03T00:00:00Z,62480,63404,63453,62237,62684,720,1.15,6935085,4229085881,1.38,0.90,0.00,0,3447468,3487617,295307648000,280036368000,-243691520,391554784,602405440,-210850656,969823424,1002664288,-32840864,1239147392,1284240368,-45092976,1546333072,1257548560,288784512,-5.76,-4.99,-0.78,-1.07,6.83,0,17,13,3,1,0,0,-2.93,0.00,0.00,0.00,,0.00,,0.00,EastMoney,2026-08-03T17:50:26+08:00
BK0823,2026-08-03T00:00:00Z,157997,158810,159466,157893,158219,591,0.37,37153014,87068003368,1.60,0.97,0.00,0,18400007,18753006,5053238784000,4236276752000,-2879878912,7013172736,9069442048,-2056269312,17826311168,18649920768,-823609600,27672822016,28023339520,-350517504,33228962560,29998565632,3230396928,-3.31,-2.36,-0.95,-0.40,3.71,0,197,115,82,0,0,0,24.16,0.00,0.00,0.00,,0.00,,0.00,EastMoney,2026-08-03T17:50:26+08:00
BK0825,2026-08-03T00:00:00Z,92971,93804,93805,92718,93033,771,0.83,44633608,41753582867,2.11,0.82,0.00,0,21770338,22863270,2230804384000,2082329776000,-1680065296,3866070768,5019760640,-1153689872,8590218240,9116593664,-526375424,12591949312,12594842624,-2893312,15772566272,14093953536,1678612736,-4.02,-2.76,-1.26,-0.01,4.02,0,153,112,39,2,0,0,41.01,0.00,0.00,0.00,,0.00,,0.00,EastMoney,2026-08-03T17:50:26+08:00
BK0830,2026-08-03T00:00:00Z,103698,104734,104842,103254,103714,1020,0.98,110076872,150428168823,1.65,1.16,0.00,0,55588713,54488159,9253575680000,7814366976000,-6761709568,17921640448,21913849344,-3992208896,35754177024,38523677696,-2769500672,48535174144,46619009280,1916164864,44253718016,39413974784,4839743232,-4.49,-2.65,-1.84,1.27,3.22,0,229,162,62,5,0,0,13.34,0.00,0.00,0.00,,0.00,,0.00,EastMoney,2026-08-03T17:50:26+08:00
BK0832,2026-08-03T00:00:00Z,238572,241772,241823,238572,238280,3492,1.47,51380951,95013295763,2.11,0.97,0.00,0,26078773,25302178,5549965568000,4935679488000,-771830272,9388372736,10018311936,-629939200,21229395200,21371286272,-141891072,31945347840,32571471616,-626123776,30527171328,29129518336,1397652992,-0.81,-0.66,-0.15,-0.66,1.47,0,201,148,53,0,0,0,30.34,0.00,0.00,0.00,,0.00,,0.00,EastMoney,2026-08-03T17:50:26+08:00
BK0833,2026-08-03T00:00:00Z,219184,220356,221821,218786,219901,455,0.21,87031847,174209793544,3.62,0.91,0.00,0,43283756,43748091,8028550400000,3946745600000,-3697626112,28856083712,32754288128,-3898204416,42344728320,42144150016,200578304,52024934400,50270216448,1754717952,46545044992,44631376896,1913668096,-2.12,-2.24,0.12,1.01,1.10,0,232,141,91,0,0,0,60.94,0.00,0.00,0.00,,0.00,,0.00,EastMoney,2026-08-03T17:50:26+08:00
BK0834,2026-08-03T00:00:00Z,144166,146477,146477,144128,143981,2496,1.73,34293658,25946973780,2.04,1.10,0.00,0,18338128,15955530,1501726656000,1202368928000,-265225136,1592666000,1946169152,-353503152,5575470080,5487192064,88278016,8139781632,8329384704,-189603072,9973602048,9553017600,420584448,-1.02,-1.36,0.34,-0.73,1.62,0,147,120,25,2,0,0,55.35,0.00,0.00,0.00,,0.00,,0.00,EastMoney,2026-08-03T17:50:26+08:00
BK0835,2026-08-03T00:00:00Z,195214,197156,197228,195054,195298,1858,0.95,39663193,72734630989,2.14,0.90,0.00,0,19466206,20196987,4524731136000,3917229552000,-1323153920,8348819456,9019203584,-670384128,16782820096,17435589888,-652769792,22876911360,22925839616,-48928256,22928582144,21556499968,1372082176,-1.82,-0.92,-0.90,-0.07,1.89,0,103,73,29,1,0,0,18.49,0.00,0.00,0.00,,0.00,,0.00,EastMoney,2026-08-03T17:50:26+08:00
BK0837,2026-08-03T00:00:00Z,94350,95452,95480,94331,94329,1123,1.19,24544613,33630081826,1.93,0.98,0.00,0,12277829,12266784,4402982400000,1811602416000,-844715216,3488117168,3995005056,-506887888,7479213056,7817040384,-337827328,10604359424,10530951424,73408000,11249642240,10513797120,735845120,-2.51,-1.51,-1.00,0.22,2.19,0,97,76,20,1,0,0,14.85,0.00,0.00,0.00,,0.00,,0.00,EastMoney,2026-08-03T17:50:26+08:00
BK0838,2026-08-03T00:00:00Z,111237,113295,113319,111196,111328,1967,1.77,16573370,14583272356,1.97,0.92,0.00,0,8842752,7730618,665337248000,650094176000,785065136,2035605376,1027216192,1008389184,2825942000,3049266048,-223324048,4186461712,4865104384,-678642672,5208209408,5314631936,-106422528,5.38,6.91,-1.53,-4.65,-0.73,0,56,48,7,1,0,0,28.13,0.00,0.00,0.00,,0.00,,0.00,EastMoney,2026-08-03T17:50:26+08:00
BK0839,2026-08-03T00:00:00Z,186839,189021,189343,186092,186834,2187,1.17,8891887,11837784066,3.32,1.17,0.00,0,4402133,4489753,318262864000,284081040000,-156371168,931419552,914175568,17243984,2514997856,2688613008,-173615152,3543796608,3741193232,-197396624,4447848704,4103936368,343912336,-1.32,0.15,-1.47,-1.67,2.91,0,43,30,13,0,0,0,389.20,0.00,0.00,0.00,,0.00,,0.00,EastMoney,2026-08-03T17:50:26+08:00
BK0840,2026-08-03T00:00:00Z,364220,362074,367544,359741,365776,-3702,-1.01,51366388,117161127640,3.20,0.72,0.00,0,24226957,27139431,3248932896000,2706600528000,-7634163456,13716573184,19144076800,-5427503616,25068125696,27274785536,-2206659840,37154000384,35949542144,1204458240,38794387712,32364664576,6429723136,-6.52,-4.63,-1.88,1.03,5.49,0,124,58,66,0,0,0,66.36,0.00,0.00,0.00,,0.00,,0.00,EastMoney,2026-08-03T17:50:26+08:00
BK0841,2026-08-03T00:00:00Z,122380,123515,123515,122283,122241,1274,1.04,6344412,11605211157,1.63,0.90,0.00,0,3344706,2999706,755280864000,714792976000,-271900416,676661664,930769504,-254107840,2156034704,2173827280,-17792576,3598205504,3806903024,-208697520,4946299136,4467495424,478803712,-2.34,-2.19,-0.15,-1.80,4.13,0,69,53,15,1,0,0,52.09,0.00,0.00,0.00,,0.00,,0.00,EastMoney,2026-08-03T17:50:26+08:00
BK0843,2026-08-03T00:00:00Z,162623,165242,165255,162610,162925,2317,1.42,32387385,34667027777,0.74,0.87,0.00,0,17030961,15356423,5803342336000,3822457536000,-839155248,2954479568,3206465024,-251985456,7179740416,7766910208,-587169792,10797147904,11098620672,-301472768,12885400064,11760701952,1124698112,-2.42,-0.73,-1.69,-0.87,3.24,0,128,98,26,4,0,0,15.48,0.00,0.00,0.00,,0.00,,0.00,EastMoney,2026-08-03T17:50:26+08:00
BK0845,2026-08-03T00:00:00Z,159513,160495,161364,158634,159337,1158,0.73,77335853,112481960968,4.42,1.23,0.00,0,38307742,39028111,3110283008000,2768742704000,-3768237312,12212785664,14775683584,-2562897920,25917851648,27123191040,-1205339392,36377946112,35934013440,443932672,34937490944,31623832832,3313658112,-3.35,-2.28,-1.07,0.39,2.95,0,149,97,50,2,0,0,153.42,0.00,0.00,0.00,,0.00,,0.00,EastMoney,2026-08-03T17:50:26+08:00
BK0847,2026-08-03T00:00:00Z,85928,87064,87115,85671,85888,1176,1.37,19248198,14211438764,2.65,1.06,0.00,0,10098364,9149834,508011408000,459889200000,-555261712,1028573504,1284148272,-255574768,3052662544,3352349488,-299686944,4317915392,4460761344,-142845952,5386441984,4698189568,688252416,-3.91,-1.80,-2.11,-1.01,4.84,0,64,50,14,0,0,0,-819.53,0.00,0.00,0.00,,0.00,,0.00,EastMoney,2026-08-03T17:50:26+08:00
BK0852,2026-08-03T00:00:00Z,192284,195555,195555,192252,192440,3115,1.62,24531234,30389538601,1.79,1.07,0.00,0,12923800,11607434,1557660272000,1387482528000,-898208400,2117808480,2534695408,-416886928,5891881728,6373203200,-481321472,9583908608,9741387008,-157478400,12172946176,11115364096,1057582080,-2.96,-1.37,-1.58,-0.52,3.48,0,115,92,22,1,0,0,31.53,0.00,0.00,0.00,,0.00,,0.00,EastMoney,2026-08-03T17:50:26+08:00
BK0853,2026-08-03T00:00:00Z,132147,133425,134240,132033,131619,1806,1.37,30327885,27475944117,3.01,0.90,0.00,0,13830889,16496996,2894746032000,795531792000,-770237344,3879064288,4254366336,-375302048,6468507648,6863442944,-394935296,8039601920,8050435328,-10833408,8287507456,7517160960,770346496,-2.80,-1.37,-1.44,-0.04,2.80,0,34,29,5,0,0,0,18.18,0.00,0.00,0.00,,0.00,,0.00,EastMoney,2026-08-03T17:50:26+08:00
BK0854,2026-08-03T00:00:00Z,390880,394146,394789,390797,391308,2838,0.73,239683248,472021623592,3.03,0.97,0.00,0,120264256,119418992,16834160128000,14651559168000,-12999724288,52725608192,61205687296,-8480079104,106976763904,111496409088,-4519645184,150941126656,150820519936,120606720,151076057088,138284478464,12791578624,-2.75,-1.80,-0.96,0.03,2.71,0,751,503,243,5,0,0,49.42,0.00,0.00,0.00,,0.00,,0.00,EastMoney,2026-08-03T17:50:26+08:00
BK0855,2026-08-03T00:00:00Z,305849,315618,315846,305816,306728,8890,2.90,3565628,6270102853,4.74,0.99,0.00,0,1814288,1751341,99332888000,90531335000,46905664,927214400,843796736,83417664,1541913088,1578425088,-36512000,1871364192,1851084448,20279744,1769084064,1836269472,-67185408,0.75,1.33,-0.58,0.32,-1.07,0,7,7,0,0,0,0,-1039.84,0.00,0.00,0.00,,0.00,,0.00,EastMoney,2026-08-03T17:50:26+08:00
BK0856,2026-08-03T00:00:00Z,177725,179831,179897,177518,177986,1845,1.04,6691485,6062652135,1.83,0.87,0.00,0,3414007,3277477,375721584000,349110000000,-33814512,343240400,405007504,-61767104,1224277920,1196325328,27952592,1975483104,1978129104,-2646000,2410720160,2374259648,36460512,-0.56,-1.02,0.46,-0.04,0.60,0,35,23,12,0,0,0,39.67,0.00,0.00,0.00,,0.00,,0.00,EastMoney,2026-08-03T17:50:26+08:00
BK0859,2026-08-03T00:00:00Z,199761,201070,201475,199589,199822,1248,0.62,42785807,87515350156,2.60,0.88,0.00,0,21017419,21768388,2781163664000,2437157712000,-8128283648,12733412352,19177072128,-6443659776,19479123456,21163747328,-1684623872,25510959360,23585450496,1925508864,27752875520,21559955968,6192919552,-9.29,-7.36,-1.92,2.20,7.08,0,99,71,27,1,0,0,59.74,0.00,0.00,0.00,,0.00,,0.00,EastMoney,2026-08-03T17:50:26+08:00
BK0860,2026-08-03T00:00:00Z,197328,200311,200320,197328,197108,3203,1.62,32450893,80949731974,1.91,0.97,0.00,0,16355762,16095131,3250685424000,2967943840000,-515929856,10166508032,11509105408,-1342597376,25462427904,24635760384,826667520,22168408576,22679688448,-511279872,21680648704,20656350208,1024298496,-0.64,-1.66,1.02,-0.63,1.27,0,125,98,27,0,0,0,53.01,0.00,0.00,0.00,,0.00,,0.00,EastMoney,2026-08-03T17:50:26+08:00
BK0861,2026-08-03T00:00:00Z,145555,148446,148446,145555,145484,2962,2.04,16832787,24706252810,1.90,0.94,0.00,0,8562536,8270251,928374640000,870888912000,72983840,2150250160,2186047632,-35797472,5470607104,5361825792,108781312,8253391360,8347314432,-93923072,8343122944,8326477568,16645376,0.30,-0.14,0.44,-0.38,0.07,0,86,69,17,0,0,0,25.35,0.00,0.00,0.00,,0.00,,0.00,EastMoney,2026-08-03T17:50:26+08:00
BK0864,2026-08-03T00:00:00Z,136779,138917,138917,136700,136682,2235,1.64,80693805,93695075508,1.54,0.98,0.00,0,42862380,37831426,5521576960000,4643417088000,765068544,8602245120,7826941696,775303424,19382274560,19392509440,-10234880,29388083968,30535283712,-1147199744,34714759680,34342720768,372038912,0.82,0.83,-0.01,-1.22,0.40,0,272,221,48,3,0,0,29.41,0.00,0.00,0.00,,0.00,,0.00,EastMoney,2026-08-03T17:50:26+08:00
BK0865,2026-08-03T00:00:00Z,234813,235132,237707,233587,235194,-62,-0.03,11257833,32552972722,2.66,0.88,0.00,0,5458076,5799757,1255866384000,1182498816000,-2029097040,3217093200,4283299232,-1066206032,7213885696,8176776704,-962891008,10034974464,9972301056,62673408,11568932608,9603016448,1965916160,-6.23,-3.28,-2.96,0.19,6.04,0,53,31,22,0,0,0,38.29,0.00,0.00,0.00,,0.00,,0.00,EastMoney,2026-08-03T17:50:26+08:00
BK0866,2026-08-03T00:00:00Z,115763,116745,116798,115177,116062,683,0.59,5349928,4471974537,3.57,0.91,0.00,0,2572051,2777877,187432260000,178068301000,-45666512,351190464,358094912,-6904448,868895184,907657248,-38762064,1373104224,1401140928,-28036704,1801298752,1727595536,73703216,-1.02,-0.15,-0.87,-0.63,1.65,0,18,12,6,0,0,0,21.27,0.00,0.00,0.00,,0.00,,0.00,EastMoney,2026-08-03T17:50:26+08:00
BK0867,2026-08-03T00:00:00Z,172269,173911,174053,172269,172632,1279,0.74,561437131,955755419102,1.23,0.96,0.00,0,290273249,271163882,71424839680000,59498129664000,-34589999104,120593297408,143211089920,-22617792512,223947137024,235919343616,-11972206592,302654676992,298224472064,4430204928,289434230784,259274428416,30159802368,-3.62,-2.37,-1.25,0.46,3.16,0,1281,900,355,26,0,0,16.69,0.00,0.00,0.00,,0.00,,0.00,EastMoney,2026-08-03T17:50:26+08:00
BK0868,2026-08-03T00:00:00Z,105216,105262,105657,104558,105357,-95,-0.09,5398252,10510869332,0.87,0.80,0.00,0,2806751,2591501,1546411232000,1404489760000,-196007632,1257084640,1371997904,-114913264,2506518720,2587613088,-81094368,3487543376,3309937984,177605392,3035940704,3017538464,18402240,-1.86,-1.09,-0.77,1.69,0.18,0,11,4,7,0,0,0,12.50,0.00,0.00,0.00,,0.00,,0.00,EastMoney,2026-08-03T17:50:26+08:00
BK0870,2026-08-03T00:00:00Z,161328,160886,162409,160403,161619,-733,-0.45,7263161,15235744801,1.54,0.82,0.00,0,3350499,3912662,1604908896000,1108519696000,-1083925424,883357264,1457444864,-574087600,3108335792,3618173616,-509837824,5666767360,5215045888,451721472,5314797312,4682593536,632203776,-7.11,-3.77,-3.35,2.96,4.15,0,49,27,21,1,0,0,41.97,0.00,0.00,0.00,,0.00,,0.00,EastMoney,2026-08-03T17:50:26+08:00
BK0872,2026-08-03T00:00:00Z,190707,191168,192138,189547,188934,2234,1.18,1307378,3495489026,1.12,0.80,0.00,0,650748,656630,305802480000,279665328000,-110060036,174164325,255487001,-81322676,767276736,796014096,-28737360,1189803216,1206513728,-16710512,1289021536,1162250992,126770544,-3.15,-2.33,-0.82,-0.48,3.63,0,11,7,4,0,0,0,17.65,0.00,0.00,0.00,,0.00,,0.00,EastMoney,2026-08-03T17:50:26+08:00
BK0873,2026-08-03T00:00:00Z,149563,152943,152943,149563,149307,3636,2.44,18607979,15077151276,1.87,1.04,0.00,0,9940879,8667100,811202016000,746077360000,-104262912,982666528,1053463488,-70796960,3124988176,3158454128,-33465952,4682507776,4824229632,-141721856,5956674048,5710750464,245923584,-0.69,-0.47,-0.22,-0.94,1.63,0,96,86,9,1,0,0,30.39,0.00,0.00,0.00,,0.00,,0.00,EastMoney,2026-08-03T17:50:26+08:00
BK0875,2026-08-03T00:00:00Z,164157,166125,166143,164040,164394,1731,1.05,8578969,10790947252,2.42,0.94,0.00,0,4509268,4069700,350058880000,335487664000,-426676368,699090576,944113616,-245023040,2163038416,2344691744,-181653328,3393835024,3505295824,-111460800,4310250240,3777327856,532922384,-3.95,-2.27,-1.68,-1.03,4.94,0,43,33,9,1,0,0,606.88,0.00,0.00,0.00,,0.00,,0.00,EastMoney,2026-08-03T17:50:26+08:00
BK0877,2026-08-03T00:00:00Z,332435,330376,337554,327703,334185,-3809,-1.14,39898317,144883864857,3.80,0.83,0.00,0,18917231,20981087,4572250368000,3810196960000,-7041197056,15155564800,20338522112,-5182957312,30182896896,32041136640,-1858239744,45565193472,45482100480,83092992,50826651136,43908862976,6917788160,-4.86,-3.58,-1.28,0.06,4.77,0,167,72,93,2,0,0,81.85,0.00,0.00,0.00,,0.00,,0.00,EastMoney,2026-08-03T17:50:26+08:00
BK0879,2026-08-03T00:00:00Z,165668,167399,167488,165668,166035,1364,0.82,493013800,718413224416,1.12,0.96,0.00,0,255358093,237655707,63781784576000,52957425152000,-26459258880,86907305984,104702935040,-17795629056,163240079360,171903709184,-8663629824,222853292032,220738899968,2114392064,231160721408,206815854592,24344866816,-3.68,-2.48,-1.21,0.29,3.39,0,1049,749,280,20,0,0,14.96,0.00,0.00,0.00,,0.00,,0.00,EastMoney,2026-08-03T17:50:26+08:00
BK0880,2026-08-03T00:00:00Z,160795,165026,165053,160795,161982,3044,1.88,16938726,14774961771,3.53,0.72,0.00,0,7611767,9326959,437659408000,410492368000,-981105904,1918658320,2590254000,-671595680,3030249056,3339759280,-309510224,4455933696,4226422208,229511488,4990863360,4239268896,751594464,-6.64,-4.55,-2.09,1.55,5.09,0,19,15,4,0,0,0,52.71,0.00,0.00,0.00,,0.00,,0.00,EastMoney,2026-08-03T17:50:26+08:00
BK0881,2026-08-03T00:00:00Z,148688,149890,151625,148035,148212,1678,1.13,6043786,11426308570,2.77,0.78,0.00,0,3015922,3027864,377388784000,359249552000,-143863408,1024490224,1154678768,-130188544,2588477872,2602152736,-13674864,3676616768,3649417280,27199488,3916271216,3799607280,116663936,-1.26,-1.14,-0.12,0.24,1.02,0,15,11,4,0,0,0,131.52,0.00,0.00,0.00,,0.00,,0.00,EastMoney,2026-08-03T17:50:26+08:00
BK0882,2026-08-03T00:00:00Z,112223,112934,113759,112049,111932,1002,0.90,8502275,7831561128,1.63,1.00,0.00,0,4470796,4031480,728234448000,600396896000,-149879856,608134976,765271936,-157136960,1752597264,1745340160,7257104,2394502112,2549445968,-154943856,2943034560,2639239472,303795088,-1.91,-2.01,0.09,-1.98,3.88,0,36,26,10,0,0,0,89.26,0.00,0.00,0.00,,0.00,,0.00,EastMoney,2026-08-03T17:50:26+08:00
BK0883,2026-08-03T00:00:00Z,163787,164843,165155,162773,163826,1017,0.62,21047499,26951225590,2.50,0.92,0.00,0,10536684,10510816,905372592000,869411568000,-733191040,1893899712,2174733632,-280833920,5485118976,5937476096,-452357120,8945594624,9175040768,-229446144,9937962240,8980672512,957289728,-2.72,-1.04,-1.68,-0.85,3.55,0,82,57,22,3,0,0,-49.27,0.00,0.00,0.00,,0.00,,0.00,EastMoney,2026-08-03T17:50:26+08:00
BK0884,2026-08-03T00:00:00Z,416558,408773,420790,406401,418749,-9976,-2.38,6659563,41942958770,4.33,0.55,0.00,0,3147139,3512424,1250805568000,1082403760000,-2242393856,4453689856,5705288192,-1251598336,10325974528,11316770048,-990795520,17572609280,16312957440,1259651840,8783988224,7795292928,988695296,-5.35,-2.98,-2.36,3.00,2.36,0,40,16,23,1,0,0,93.08,0.00,0.00,0.00,,0.00,,0.00,EastMoney,2026-08-03T17:50:26+08:00
BK0885,2026-08-03T00:00:00Z,109023,109102,109959,108435,108212,890,0.82,5840487,13200182755,4.06,0.99,0.00,0,2809189,3031299,327007984000,287603920000,-313632080,1203912464,1379930608,-176018144,2971148240,3108762176,-137613936,4514548480,4546894336,-32345856,4195241760,3849263712,345978048,-2.38,-1.33,-1.04,-0.25,2.62,0,19,14,5,0,0,0,247.94,0.00,0.00,0.00,,0.00,,0.00,EastMoney,2026-08-03T17:50:26+08:00
BK0886,2026-08-03T00:00:00Z,129636,130480,130953,128814,129665,815,0.63,16330485,22897718658,3.17,1.01,0.00,0,8125586,8204900,608826272000,552736528000,-28635296,1366133872,1434751248,-68617376,4569968896,4529986816,39982080,7403389184,7508414976,-105025792,8926622464,8835889152,90733312,-0.13,-0.30,0.17,-0.46,0.40,0,86,60,25,1,0,0,-87.09,0.00,0.00,0.00,,0.00,,0.00,EastMoney,2026-08-03T17:50:26+08:00
BK0887,2026-08-03T00:00:00Z,69770,70593,71204,69754,69818,775,1.11,3068179,3101873775,1.14,1.08,0.00,0,1592382,1475797,330885984000,309169456000,-66083307,154259107,145435710,8823397,565179152,640085856,-74906704,1011735184,1061079728,-49344544,1330115712,1214687840,115427872,-2.13,0.28,-2.41,-1.59,3.72,0,20,15,5,0,0,0,88.91,0.00,0.00,0.00,,0.00,,0.00,EastMoney,2026-08-03T17:50:26+08:00
BK0888,2026-08-03T00:00:00Z,215610,218966,218984,215175,215467,3499,1.62,14511730,11256839826,2.07,1.13,0.00,0,8108688,6403042,714025808000,643033600000,-45679440,696551808,785836912,-89285104,2349555616,2305949952,43605664,3657692256,3769646656,-111954400,4255725664,4120469296,135256368,-0.41,-0.79,0.39,-0.99,1.20,0,86,68,18,0,0,0,24.35,0.00,0.00,0.00,,0.00,,0.00,EastMoney,2026-08-03T17:50:26+08:00
BK0889,2026-08-03T00:00:00Z,168245,169732,169799,168112,168498,1234,0.73,22712200,22088776364,2.19,0.73,0.00,0,10572646,12139554,1060867216000,943252304000,-835286976,2567023088,3205781936,-638758848,4710858752,4907386880,-196528128,7433919488,7400685824,33233664,6786233344,6002798336,783435008,-3.78,-2.89,-0.89,0.15,3.55,0,76,54,22,0,0,0,39.35,0.00,0.00,0.00,,0.00,,0.00,EastMoney,2026-08-03T17:50:26+08:00
BK0890,2026-08-03T00:00:00Z,438425,440769,446294,434233,443279,-2510,-0.57,12781191,50540194039,6.33,0.95,0.00,0,6207564,6573627,876998976000,786681552000,-417269248,6916642816,7022949376,-106306560,11906856448,12217819136,-310962688,15808187136,16103796480,-295609344,14782160128,14066079488,716080640,-0.83,-0.21,-0.62,-0.58,1.42,0,33,16,17,0,0,0,68.29,0.00,0.00,0.00,,0.00,,0.00,EastMoney,2026-08-03T17:50:26+08:00
BK0891,2026-08-03T00:00:00Z,428764,428497,434120,426019,430850,-2353,-0.55,110451702,449548023858,3.36,0.80,0.00,0,53253665,57198037,18123845888000,11867020800000,-23993386496,66617793024,85820567552,-19202774528,119752179712,124542791680,-4790611968,141129572352,133767847936,7361724416,111820533760,95218905088,16601628672,-5.34,-4.27,-1.07,1.64,3.69,0,381,200,175,6,0,0,72.89,0.00,0.00,0.00,,0.00,,0.00,EastMoney,2026-08-03T17:50:26+08:00
BK0892,2026-08-03T00:00:00Z,96078,97187,97231,95406,96440,747,0.77,5951558,6452274889,1.94,0.99,0.00,0,3082962,2868596,416341216000,394059696000,-162269648,306356192,373181360,-66825168,1243677136,1339121616,-95444480,2037108176,2131291248,-94183072,2655183072,2415651760,239531312,-2.51,-1.04,-1.48,-1.46,3.71,0,32,23,9,0,0,0,27.31,0.00,0.00,0.00,,0.00,,0.00,EastMoney,2026-08-03T17:50:26+08:00
BK0893,2026-08-03T00:00:00Z,224517,225196,227623,223924,225807,-611,-0.27,20362965,85164735083,2.91,0.85,0.00,0,10117137,10245828,2785028016000,2472975904000,-7606514688,12544632320,18439312640,-5894680320,19918290688,21630125056,-1711834368,26256421120,24153547008,2102874112,24736276992,19242840576,5493436416,-8.93,-6.92,-2.01,2.47,6.45,0,80,47,33,0,0,0,41.30,0.00,0.00,0.00,,0.00,,0.00,EastMoney,2026-08-03T17:50:26+08:00
BK0894,2026-08-03T00:00:00Z,182135,183525,184113,181634,182289,1236,0.68,3416725,3378153233,2.33,0.67,0.00,0,1649415,1767311,237139173000,203435033000,-110839311,125804953,186730408,-60925455,652184816,702098672,-49913856,1127418416,1207506576,-80088160,1401813664,1210886192,190927472,-3.28,-1.80,-1.48,-2.37,5.65,0,21,15,6,0,0,0,35.50,0.00,0.00,0.00,,0.00,,0.00,EastMoney,2026-08-03T17:50:26+08:00
BK0895,2026-08-03T00:00:00Z,179172,180810,180880,178546,179244,1566,0.87,6300647,7437067377,1.95,0.89,0.00,0,3059688,3240959,463282400000,441308432000,-94981776,412620960,417248272,-4627312,1483474496,1573828960,-90354464,2431664256,2540234752,-108570496,2959404368,2764927904,194476464,-1.28,-0.06,-1.21,-1.46,2.61,0,33,27,6,0,0,0,21.22,0.00,0.00,0.00,,0.00,,0.00,EastMoney,2026-08-03T17:50:26+08:00
BK0896,2026-08-03T00:00:00Z,186886,188596,188783,186274,187251,1345,0.72,7476812,16036894822,1.27,0.88,0.00,0,3944960,3531852,2791269744000,2772933856000,-244141040,1748852208,2046140240,-297288032,3900366448,3847219456,53146992,5680369408,5617943040,62426368,4339967744,4158252976,181714768,-1.52,-1.85,0.33,0.39,1.13,0,45,26,16,3,0,0,31.94,0.00,0.00,0.00,,0.00,,0.00,EastMoney,2026-08-03T17:50:26+08:00
BK0897,2026-08-03T00:00:00Z,130134,130949,132222,130134,130768,181,0.14,10410630,20739824759,2.04,0.89,0.00,0,5293409,5117221,578306464000,542836000000,-939459504,2806533680,3036767456,-230233776,4823783936,5533009664,-709225728,6044095232,6249877504,-205782272,6595550976,5450309632,1145241344,-4.53,-1.11,-3.42,-0.99,5.52,0,13,9,4,0,0,0,108.03,0.00,0.00,0.00,,0.00,,0.00,EastMoney,2026-08-03T17:50:26+08:00
BK0898,2026-08-03T00:00:00Z,212189,215229,215308,212164,212297,2932,1.38,3804780,5572567766,2.05,0.94,0.00,0,2052661,1752119,315132816000,303434624000,-167705024,394622992,491617792,-96994800,1124235200,1194945424,-70710224,1846629264,1850725696,-4096432,2124924592,1953123152,171801440,-3.01,-1.74,-1.27,-0.07,3.08,0,28,23,5,0,0,0,27.01,0.00,0.00,0.00,,0.00,,0.00,EastMoney,2026-08-03T17:50:26+08:00
BK0899,2026-08-03T00:00:00Z,179356,179152,182476,178372,179614,-462,-0.26,4471472,18894673397,2.48,0.79,0.00,0,2198263,2273209,878849568000,704658912000,133805456,2175586416,1969546720,206039696,4378417152,4450651392,-72234240,6411111424,6214244352,196867072,5532649728,5863598080,-330948352,0.71,1.09,-0.38,1.04,-1.75,0,41,21,19,1,0,0,29.66,0.00,0.00,0.00,,0.00,,0.00,EastMoney,2026-08-03T17:50:26+08:00
BK0900,2026-08-03T00:00:00Z,221314,224125,224135,221078,221386,2739,1.24,143498124,289562559419,2.46,0.99,0.00,0,73069158,70428966,14533511680000,12246650624000,-7117445376,29413134848,33930688512,-4517553664,63351596800,65951488512,-2599891712,90686771200,90616991744,69779456,100169293824,93195104256,6974189568,-2.46,-1.56,-0.90,0.02,2.41,0,689,499,187,3,0,0,29.29,0.00,0.00,0.00,,0.00,,0.00,EastMoney,2026-08-03T17:50:26+08:00
BK0901,2026-08-03T00:00:00Z,155437,156205,157393,154894,156245,-40,-0.03,4542505,17040239841,2.89,1.11,0.00,0,2266258,2276247,661329856000,623048256000,-1663494336,2377813568,3216599296,-838785728,4467762432,5292471040,-824708608,5363911680,4931787008,432124672,4582327808,3350958336,1231369472,-9.76,-4.92,-4.84,2.54,7.23,0,9,5,4,0,0,0,31.26,0.00,0.00,0.00,,0.00,,0.00,EastMoney,2026-08-03T17:50:26+08:00
BK0902,2026-08-03T00:00:00Z,220738,222730,223484,220061,222130,600,0.27,31739068,49218085921,2.80,0.75,0.00,0,14939570,16799498,1724806512000,1350598368000,-3922574336,6553790976,9836743680,-3282952704,10515446016,11155067648,-639621632,14562617600,13899829248,662788352,16377319680,13117652992,3259666688,-7.97,-6.67,-1.30,1.35,6.62,0,68,42,26,0,0,0,107.86,0.00,0.00,0.00,,0.00,,0.00,EastMoney,2026-08-03T17:50:26+08:00
BK0905,2026-08-03T00:00:00Z,196438,198142,198928,196165,196934,1208,0.61,22511238,76469102330,3.31,0.82,0.00,0,11024822,11486415,2273711152000,1814234896000,-6736640000,9753257472,15538251520,-5784994048,16804042240,17755688192,-951645952,22696495872,21277469696,1419026176,25496609024,20173031936,5323577088,-8.81,-7.57,-1.24,1.86,6.96,0,131,85,45,1,0,0,56.25,0.00,0.00,0.00,,0.00,,0.00,EastMoney,2026-08-03T17:50:26+08:00
BK0906,2026-08-03T00:00:00Z,154672,156044,156052,154611,154770,1274,0.82,21475937,24745878445,2.07,0.84,0.00,0,10697698,10778239,1377394560000,1256733968000,-798288544,1523200912,1882043952,-358843040,4701825024,5141270528,-439445504,8080157952,8102373888,-22215936,9902068480,9081564160,820504320,-3.23,-1.45,-1.78,-0.09,3.32,0,124,97,26,1,0,0,34.76,0.00,0.00,0.00,,0.00,,0.00,EastMoney,2026-08-03T17:50:26+08:00
BK0907,2026-08-03T00:00:00Z,126339,128124,128702,126032,126499,1625,1.28,3705234,2110257937,2.17,1.07,0.00,0,2090201,1615034,120341134000,98706961000,-21674347,83600549,115989792,-32389243,463325520,452610624,10714896,639482992,660793936,-21310944,841432240,799619856,41812384,-1.03,-1.53,0.51,-1.01,1.98,0,17,13,4,0,0,0,-59.24,0.00,0.00,0.00,,0.00,,0.00,EastMoney,2026-08-03T17:50:26+08:00
BK0908,2026-08-03T00:00:00Z,264323,269558,269718,264071,264158,5400,2.04,17994741,19312005173,3.19,1.16,0.00,0,9979693,8015048,618115488000,580068912000,1058931648,2322986128,1701312640,621673488,4470307584,4033049424,437258160,6571529216,7159174656,-587645440,5643045632,6113451776,-470406144,5.48,3.22,2.26,-3.04,-2.44,0,39,30,8,1,0,0,-19.37,0.00,0.00,0.00,,0.00,,0.00,EastMoney,2026-08-03T17:50:26+08:00
BK0909,2026-08-03T00:00:00Z,184495,187784,187907,184370,184163,3621,1.97,14339909,14121403858,1.88,1.07,0.00,0,7388345,6951564,761016992000,693710384000,-184302160,1053744304,1171078528,-117334224,2770554832,2837522768,-66967936,4333736960,4320535552,13201408,5406942464,5242797312,164145152,-1.31,-0.83,-0.47,0.09,1.16,0,65,54,11,0,0,0,38.52,0.00,0.00,0.00,,0.00,,0.00,EastMoney,2026-08-03T17:50:26+08:00
BK0910,2026-08-03T00:00:00Z,310042,314165,314165,309400,309136,5029,1.63,23033071,36298620205,2.26,1.11,0.00,0,12203529,10829541,1512311296000,1288727488000,-295359984,2478118016,2646785136,-168667120,7157737984,7284430848,-126692864,12181639680,12218676224,-37036544,13668937728,13351093760,317843968,-0.81,-0.46,-0.35,-0.10,0.88,0,204,158,45,1,0,0,44.36,0.00,0.00,0.00,,0.00,,0.00,EastMoney,2026-08-03T17:50:26+08:00
BK0914,2026-08-03T00:00:00Z,115767,118369,118371,115626,115515,2854,2.47,6024158,3791815337,2.00,1.06,0.00,0,3221167,2802991,200857505000,181444206000,-61746048,162957766,214250470,-51292704,783785328,794238672,-10453344,1188068768,1237101504,-49032736,1571099648,1460613728,110485920,-1.63,-1.35,-0.28,-1.29,2.91,0,32,30,2,0,0,0,42.31,0.00,0.00,0.00,,0.00,,0.00,EastMoney,2026-08-03T17:50:26+08:00
BK0915,2026-08-03T00:00:00Z,138804,140583,141947,138804,140367,216,0.15,11662242,32025825789,2.44,0.88,0.00,0,5824817,5837426,744616096000,691469904000,-1107289360,3810180848,4099348480,-289167632,7242567424,8060689152,-818121728,9714372608,9796061184,-81688576,10535027456,9346274816,1188752640,-3.46,-0.90,-2.55,-0.26,3.71,0,32,21,11,0,0,0,48.93,0.00,0.00,0.00,,0.00,,0.00,EastMoney,2026-08-03T17:50:26+08:00
BK0916,2026-08-03T00:00:00Z,168289,168458,169927,167119,168883,-425,-0.25,13037213,39373247970,3.49,0.83,0.00,0,6198074,6839139,1328039616000,1260409328000,-2015166672,3514436656,4470712832,-956276176,8814260992,9873151488,-1058890496,15075220480,14434680576,640539904,11324820992,9950193920,1374627072,-5.12,-2.43,-2.69,1.63,3.49,0,48,25,23,0,0,0,-230.76,0.00,0.00,0.00,,0.00,,0.00,EastMoney,2026-08-03T17:50:26+08:00
BK0917,2026-08-03T00:00:00Z,247028,245083,250233,243642,248527,-3444,-1.39,119674034,514776676884,3.31,0.83,0.00,0,58332869,61341164,20189452032000,12557672448000,-24184315904,71138762752,90326827008,-19188064256,136222728192,141218979840,-4996251648,167816245248,161135796224,6680449024,127906680832,110435332096,17471348736,-4.70,-3.73,-0.97,1.30,3.39,0,516,221,289,6,0,0,105.03,0.00,0.00,0.00,,0.00,,0.00,EastMoney,2026-08-03T17:50:26+08:00
BK0918,2026-08-03T00:00:00Z,251009,257118,257319,251009,250263,6855,2.74,34027024,51023107960,2.45,1.07,0.00,0,18427016,15600007,1854058624000,1686089216000,526089216,5608855808,5213904384,394951424,11166575104,11035437312,131137792,16013532672,16574965760,-561433088,17229078528,17186585088,42493440,1.03,0.77,0.26,-1.10,0.08,0,90,80,10,0,0,0,31.15,0.00,0.00,0.00,,0.00,,0.00,EastMoney,2026-08-03T17:50:26+08:00
BK0920,2026-08-03T00:00:00Z,135099,136733,136733,135099,135144,1589,1.18,46470020,99482522258,2.04,0.91,0.00,0,23286907,23183114,5647746560000,4751895552000,-2465464064,10283863040,11705914624,-1422051584,22254471168,23297883648,-1043412480,30965841408,31316378880,-350537472,33972827392,31185214976,2787612416,-2.48,-1.43,-1.05,-0.35,2.80,0,217,161,54,2,0,0,38.01,0.00,0.00,0.00,,0.00,,0.00,EastMoney,2026-08-03T17:50:26+08:00
BK0921,2026-08-03T00:00:00Z,172216,176669,176935,171849,172452,4217,2.45,26562909,49818473618,1.49,0.99,0.00,0,14111348,12451560,2409811328000,2100979392000,213206512,4514309632,4266649872,247659760,10551878912,10586332160,-34453248,15911813632,16481978368,-570164736,17844331520,17496210688,348120832,0.43,0.50,-0.07,-1.14,0.70,0,94,75,18,1,0,0,54.84,0.00,0.00,0.00,,0.00,,0.00,EastMoney,2026-08-03T17:50:26+08:00
BK0922,2026-08-03T00:00:00Z,190613,192843,192843,190572,190454,2389,1.25,94770185,218095028693,2.44,1.02,0.00,0,48075796,46694388,10201142016000,7141399552000,-5976509952,27536150528,32493027840,-4956877312,57024498944,58044131584,-1019632640,65693206528,65391960832,301245696,63045960704,57328324352,5717636352,-2.74,-2.27,-0.47,0.14,2.62,0,278,200,75,3,0,0,30.69,0.00,0.00,0.00,,0.00,,0.00,EastMoney,2026-08-03T17:50:26+08:00
BK0923,2026-08-03T00:00:00Z,140327,141133,141798,139331,140152,981,0.70,66374364,120940921884,6.89,1.18,0.00,0,33316491,33057873,5961773056000,2243860000000,-3845988096,20326499328,23627226368,-3300727040,30779937792,31325198848,-545261056,36874205440,35214497024,1659708416,29366602752,27187795712,2178807040,-3.18,-2.73,-0.45,1.37,1.80,0,96,60,32,4,0,0,146.12,0.00,0.00,0.00,,0.00,,0.00,EastMoney,2026-08-03T17:50:26+08:00
BK0924,2026-08-03T00:00:00Z,176811,180272,180344,176242,176924,3348,1.89,7721892,8451263311,1.92,0.89,0.00,0,3835680,3886213,425390048000,388899744000,-142323744,769506848,805392144,-35885296,1687904256,1794342704,-106438448,2625815808,2648671216,-22855408,3238092608,3072913440,165179168,-1.68,-0.42,-1.26,-0.27,1.95,0,30,25,5,0,0,0,25.31,0.00,0.00,0.00,,0.00,,0.00,EastMoney,2026-08-03T17:50:26+08:00
BK0925,2026-08-03T00:00:00Z,203005,206959,207203,203005,203239,3720,1.83,7689406,7501719811,2.70,1.02,0.00,0,4206827,3482579,304675840000,276880160000,-122254624,470873792,516995376,-46121584,1490690576,1566823616,-76133040,2325475952,2449454720,-123978768,3043683824,2797450432,246233392,-1.63,-0.61,-1.01,-1.65,3.28,0,25,22,3,0,0,0,46.10,0.00,0.00,0.00,,0.00,,0.00,EastMoney,2026-08-03T17:50:26+08:00
BK0926,2026-08-03T00:00:00Z,217795,218720,219912,217275,218433,287,0.13,6453308,18540541347,2.58,0.84,0.00,0,3198657,3254651,593637680000,555789648000,-701334208,1490920912,1726596720,-235675808,3942528224,4408186624,-465658400,6028016384,6119297280,-91280896,6781183488,5988568064,792615424,-3.78,-1.27,-2.51,-0.49,4.28,0,28,20,8,0,0,0,101.79,0.00,0.00,0.00,,0.00,,0.00,EastMoney,2026-08-03T17:50:26+08:00
BK0927,2026-08-03T00:00:00Z,113800,115262,115269,113616,113627,1635,1.44,5259430,5074357098,0.72,0.92,0.00,0,2818014,2441416,636928208000,593942352000,68901552,405428352,425725264,-20296912,1133448048,1044249584,89198464,1521861040,1531753680,-9892640,1936443680,1995452592,-59008912,1.36,-0.40,1.76,-0.19,-1.16,0,18,15,2,1,0,0,23.39,0.00,0.00,0.00,,0.00,,0.00,EastMoney,2026-08-03T17:50:26+08:00
BK0932,2026-08-03T00:00:00Z,173986,176226,176426,173615,174169,2057,1.18,5355361,10113439461,2.58,0.78,0.00,0,2732592,2622769,294506544000,274004064000,-84489696,607112272,529785808,77326464,1732049952,1893866112,-161816160,3083982928,3344690896,-260707968,4471563264,4127424672,344138592,-0.84,0.76,-1.60,-2.58,3.40,0,35,26,8,1,0,0,89.58,0.00,0.00,0.00,,0.00,,0.00,EastMoney,2026-08-03T17:50:26+08:00
BK0933,2026-08-03T00:00:00Z,113341,114396,114516,112724,113842,554,0.49,2602332,2128533372,1.48,0.71,0.00,0,1268077,1334256,142431519000,138989656000,-115188274,108304991,128702833,-20397842,343959456,438749888,-94790432,642699968,719887696,-77187728,998238448,805862432,192376016,-5.41,-0.96,-4.45,-3.63,9.04,0,12,9,2,1,0,0,218.85,0.00,0.00,0.00,,0.00,,0.00,EastMoney,2026-08-03T17:50:26+08:00
BK0935,2026-08-03T00:00:00Z,235441,227460,236560,226939,237911,-10451,-4.39,18808207,125349549054,3.64,0.83,0.00,0,9073965,9734243,4154874112000,3110209728000,-7979084032,14811630592,19992887040,-5181256448,34673710080,37471537664,-2797827584,47990713856,44976421376,3014292480,25254549248,20300062720,4954486528,-6.37,-4.13,-2.23,2.40,3.95,0,66,12,53,1,0,0,123.94,0.00,0.00,0.00,,0.00,,0.00,EastMoney,2026-08-03T17:50:26+08:00
BK0936,2026-08-03T00:00:00Z,102946,103977,104081,102753,102691,1286,1.25,2736533,3008815000,2.40,0.75,0.00,0,1374866,1361667,145186196000,125383909000,4859662,174154497,144055683,30098814,583605152,608844304,-25239152,929183136,981624944,-52441808,1268876816,1224125056,44751760,0.16,1.00,-0.84,-1.74,1.49,0,15,13,2,0,0,0,67.81,0.00,0.00,0.00,,0.00,,0.00,EastMoney,2026-08-03T17:50:26+08:00
BK0937,2026-08-03T00:00:00Z,72582,73351,73351,72421,72771,580,0.80,27350593,37442155022,0.87,1.00,0.00,0,14373256,12977338,5776306176000,4815252992000,-1030652416,4401119232,4906071808,-504952576,9887078144,10412777984,-525699840,11241567488,11351675904,-110108416,11179476992,10038716160,1140760832,-2.75,-1.35,-1.40,-0.29,3.05,0,61,44,16,1,0,0,10.44,0.00,0.00,0.00,,0.00,,0.00,EastMoney,2026-08-03T17:50:26+08:00
BK0938,2026-08-03T00:00:00Z,101203,103144,103153,100765,101455,1689,1.66,1997190,3276200582,2.01,1.02,0.00,0,1007788,989403,147151699000,142520246000,-40690872,169243075,175453563,-6210488,591111424,625591808,-34480384,1044062416,1119468432,-75406016,1384648800,1268551920,116096880,-1.24,-0.19,-1.05,-2.30,3.54,0,15,12,3,0,0,0,23.95,0.00,0.00,0.00,,0.00,,0.00,EastMoney,2026-08-03T17:50:26+08:00
BK0939,2026-08-03T00:00:00Z,98943,99989,99999,98806,98913,1076,1.09,7085172,9230508567,1.93,0.80,0.00,0,3717950,3367222,491736944000,441847792000,-199341520,468044384,686292496,-218248112,1942693648,1923787056,18906592,2988522080,2974961424,13560656,3678068304,3492287424,185780880,-2.16,-2.36,0.20,0.15,2.01,0,53,40,12,1,0,0,52.41,0.00,0.00,0.00,,0.00,,0.00,EastMoney,2026-08-03T17:50:26+08:00
BK0940,2026-08-03T00:00:00Z,68405,69163,69166,68119,68362,801,1.17,61144800,51948138847,4.13,1.25,0.00,0,31552740,29592060,1201034992000,1067872224000,-1736438016,5488268032,6508969472,-1020701440,11219533568,11935270144,-715736576,15977136896,16037957632,-60820736,17724214272,15931301632,1792912640,-3.34,-1.96,-1.38,-0.12,3.45,0,133,93,37,3,0,0,81.85,0.00,0.00,0.00,,0.00,,0.00,EastMoney,2026-08-03T17:50:26+08:00
BK0943,2026-08-03T00:00:00Z,118017,119797,119872,117741,117513,2284,1.94,4816753,3203463087,1.56,1.08,0.00,0,2529753,2287000,229015220000,190360777000,-85755098,174370787,248214765,-73843978,655357200,667268320,-11911120,986982064,965217472,21764592,1300288464,1238188496,62099968,-2.68,-2.31,-0.37,0.68,1.94,0,18,15,3,0,0,0,-42.60,0.00,0.00,0.00,,0.00,,0.00,EastMoney,2026-08-03T17:50:26+08:00
BK0944,2026-08-03T00:00:00Z,83274,84206,84210,83274,83260,946,1.14,1739456,2003314784,1.13,0.72,0.00,0,944311,795145,187017948000,167502182000,-41799061,67632549,101128314,-33495765,429056928,437360224,-8303296,696014016,686522976,9491040,773201296,740893280,32308016,-2.09,-1.67,-0.41,0.47,1.61,0,13,12,1,0,0,0,27.24,0.00,0.00,0.00,,0.00,,0.00,EastMoney,2026-08-03T17:50:26+08:00
BK0945,2026-08-03T00:00:00Z,98429,100305,100310,98377,98309,1996,2.03,23123867,13519915702,1.13,0.95,0.00,0,13099773,10024094,1222116336000,1055923312000,-122729936,1218237152,1231169632,-12932480,2644789712,2754587168,-109797456,3946143520,4174285200,-228141680,5399832064,5048562432,351269632,-0.91,-0.10,-0.81,-1.69,2.60,0,89,74,12,3,0,0,-61.17,0.00,0.00,0.00,,0.00,,0.00,EastMoney,2026-08-03T17:50:26+08:00
BK0946,2026-08-03T00:00:00Z,135540,136727,138086,135540,135759,968,0.71,1478490,4528860990,1.61,0.96,0.00,0,775649,702840,259759198000,202569107000,-76353872,310825120,366663712,-55838592,927208384,947723664,-20515280,1581473440,1450972528,130500912,1626278752,1680425792,-54147040,-1.69,-1.23,-0.45,2.88,-1.20,0,12,5,5,2,0,0,-87.10,0.00,0.00,0.00,,0.00,,0.00,EastMoney,2026-08-03T17:50:26+08:00
BK0947,2026-08-03T00:00:00Z,85029,86171,86277,84835,85556,615,0.72,19653637,12947483280,2.88,0.70,0.00,0,8898537,10755100,527397184000,486481168000,-973669376,2277258192,3122033456,-844775264,2946966832,3075860944,-128894112,3706842304,3460639248,246203056,3645179360,2917713040,727466320,-7.52,-6.52,-1.00,1.90,5.62,0,9,7,2,0,0,0,44.91,0.00,0.00,0.00,,0.00,,0.00,EastMoney,2026-08-03T17:50:26+08:00
BK0948,2026-08-03T00:00:00Z,123299,124334,124656,122791,124061,273,0.22,24867665,20497706210,2.79,0.72,0.00,0,11465361,13402304,812017216000,702915056000,-1153458944,2462537984,3377748736,-915210752,4325035008,4563283200,-238248192,6133017600,6055323904,77693696,7072002304,5996236800,1075765504,-5.63,-4.46,-1.16,0.38,5.25,0,35,23,12,0,0,0,385.98,0.00,0.00,0.00,,0.00,,0.00,EastMoney,2026-08-03T17:50:26+08:00
BK0949,2026-08-03T00:00:00Z,263955,261889,267633,259433,265949,-4060,-1.53,5103048,11100266209,4.06,0.81,0.00,0,2530674,2572373,277568048000,237024275000,-510185024,704596560,1006398592,-301802032,2246702800,2455085792,-208382992,3616836976,3596514176,20322800,4349851136,3859988896,489862240,-4.60,-2.72,-1.88,0.18,4.41,0,17,7,9,1,0,0,45.13,0.00,0.00,0.00,,0.00,,0.00,EastMoney,2026-08-03T17:50:26+08:00
BK0950,2026-08-03T00:00:00Z,162308,164275,164450,161485,162529,1746,1.07,2906132,2397440727,1.44,0.87,0.00,0,1527323,1378809,175919913000,170557845000,-39455492,170296426,213383406,-43086980,521777936,518146448,3631488,723077696,747685008,-24607312,942001936,877939120,64062816,-1.65,-1.80,0.15,-1.03,2.67,0,13,11,2,0,0,0,34.87,0.00,0.00,0.00,,0.00,,0.00,EastMoney,2026-08-03T17:50:26+08:00
BK0951,2026-08-03T00:00:00Z,294270,297472,298748,292223,295776,1696,0.57,2360653,7706365954,2.11,0.76,0.00,0,1204167,1156486,1032434496000,476333168000,-203290032,814893760,976505072,-161611312,1793112304,1834791024,-41678720,2547402272,2404336496,143065776,2426499552,2366275280,60224272,-2.64,-2.10,-0.54,1.86,0.78,0,12,6,5,1,0,0,33.47,0.00,0.00,0.00,,0.00,,0.00,EastMoney,2026-08-03T17:50:26+08:00
BK0952,2026-08-03T00:00:00Z,206900,206494,209529,205155,207523,-1029,-0.50,38792389,94667625969,5.14,1.19,0.00,0,19914417,18877972,2575377200000,2313577248000,-3793286656,9742702848,12134446592,-2391743744,20778936576,22180479488,-1401542912,31971005952,31905512448,65493504,30106359296,26357400832,3748958464,-4.01,-2.53,-1.48,0.07,3.96,0,108,54,54,0,0,0,4693.75,0.00,0.00,0.00,,0.00,,0.00,EastMoney,2026-08-03T17:50:26+08:00
BK0953,2026-08-03T00:00:00Z,139910,141368,141752,139685,139556,1812,1.30,31414237,52393227026,3.22,0.95,0.00,0,15043136,16371101,2356363856000,1977577792000,-1492940800,4970131200,5365574400,-395443200,10984875264,12082372864,-1097497600,16808026624,16971976192,-163949568,18217219328,16577833728,1639385600,-2.85,-0.75,-2.09,-0.31,3.13,0,123,86,34,3,0,0,33.24,0.00,0.00,0.00,,0.00,,0.00,EastMoney,2026-08-03T17:50:26+08:00
BK0954,2026-08-03T00:00:00Z,129551,129963,130879,128146,129356,607,0.47,3320183,5264569577,4.79,1.16,0.00,0,1669833,1650350,110378522000,85204324000,-99632592,478530672,528927808,-50397136,1191970384,1241205840,-49235456,1733771568,1655129904,78641664,1742047952,1721057024,20990928,-1.89,-0.96,-0.94,1.49,0.40,0,12,7,5,0,0,0,205.41,0.00,0.00,0.00,,0.00,,0.00,EastMoney,2026-08-03T17:50:26+08:00
BK0955,2026-08-03T00:00:00Z,125143,127354,127356,125130,125184,2170,1.73,7494306,7392001866,1.88,0.99,0.00,0,3731456,3762850,268469968000,246045863000,-121603760,311826176,401596576,-89770400,1445752544,1477585904,-31833360,2385206080,2490674672,-105468592,3106883584,2879811232,227072352,-1.65,-1.21,-0.43,-1.43,3.07,0,37,27,10,0,0,0,59.75,0.00,0.00,0.00,,0.00,,0.00,EastMoney,2026-08-03T17:50:26+08:00
BK0957,2026-08-03T00:00:00Z,148031,149705,150068,147402,148078,1627,1.10,6533420,7415608791,3.98,1.02,0.00,0,3218573,3314847,176776257000,152540786000,-125320144,449896528,481583008,-31686480,1366553904,1460187568,-93633664,2274191536,2447831584,-173640048,3083216816,2794457280,288759536,-1.69,-0.43,-1.26,-2.34,3.89,0,28,19,8,1,0,0,112.65,0.00,0.00,0.00,,0.00,,0.00,EastMoney,2026-08-03T17:50:26+08:00
BK0958,2026-08-03T00:00:00Z,204294,208926,208952,204294,203380,5546,2.73,20579286,21962523667,1.94,1.11,0.00,0,11463005,9116280,1053630768000,950014304000,459281360,1880843664,1527752640,353091024,4664531712,4558341376,106190336,6816532480,7288723968,-472191488,8119013376,8104933632,14079744,2.09,1.61,0.48,-2.15,0.06,0,73,68,5,0,0,0,29.90,0.00,0.00,0.00,,0.00,,0.00,EastMoney,2026-08-03T17:50:26+08:00
BK0959,2026-08-03T00:00:00Z,149341,150208,150931,148628,149543,665,0.44,4314130,5718539934,2.31,1.03,0.00,0,2249548,2064582,173690802000,157879595000,-176323088,419053648,550069248,-131015600,1241695152,1287002640,-45307488,1742760272,1697009760,45750512,2164251376,2033678800,130572576,-3.08,-2.29,-0.79,0.80,2.28,0,19,12,7,0,0,0,48.80,0.00,0.00,0.00,,0.00,,0.00,EastMoney,2026-08-03T17:50:26+08:00
BK0960,2026-08-03T00:00:00Z,300734,303957,305195,299886,300284,3673,1.22,12434016,35881403391,3.12,1.04,0.00,0,6215869,6218147,2115720656000,1461398032000,-1788749088,4254679520,5102261504,-847581984,8322315008,9263482112,-941167104,11315323648,10880772352,434551296,11426740224,10072542464,1354197760,-4.99,-2.36,-2.62,1.21,3.77,0,40,25,15,0,0,0,32.76,0.00,0.00,0.00,,0.00,,0.00,EastMoney,2026-08-03T17:50:26+08:00
BK0961,2026-08-03T00:00:00Z,165264,168987,169024,164783,165825,3162,1.91,5880768,9754052963,2.62,0.92,0.00,0,3109891,2770877,403699264000,360326832000,-29403600,732391264,725682944,6708320,2072906544,2109018464,-36111920,3151368784,3221376464,-70007680,3607639664,3512764832,94874832,-0.30,0.07,-0.37,-0.72,0.97,0,35,30,5,0,0,0,65.55,0.00,0.00,0.00,,0.00,,0.00,EastMoney,2026-08-03T17:50:26+08:00
BK0963,2026-08-03T00:00:00Z,216116,220662,221106,216014,216100,4562,2.11,63569125,146977290499,2.45,1.02,0.00,0,33770165,29798960,5337976064000,4720624128000,2157737984,14788665344,14064806400,723858944,32427217408,30993338368,1433879040,48506959616,49522110208,-1015150592,48222070016,49388903424,-1166833408,1.47,0.49,0.98,-0.69,-0.79,0,305,244,55,6,0,0,58.88,0.00,0.00,0.00,,0.00,,0.00,EastMoney,2026-08-03T17:50:26+08:00
BK0964,2026-08-03T00:00:00Z,182874,186280,186560,182655,183741,2539,1.38,11080565,30076239581,3.44,0.88,0.00,0,5690714,5389851,2975824384000,838480928000,-481622496,3381646752,3456937856,-75291104,6709613056,7115944448,-406331392,9265846528,9466003200,-200156672,10110063104,9427265792,682797312,-1.60,-0.25,-1.35,-0.67,2.27,0,36,24,11,1,0,0,19.81,0.00,0.00,0.00,,0.00,,0.00,EastMoney,2026-08-03T17:50:26+08:00
BK0965,2026-08-03T00:00:00Z,81183,82058,82079,80988,81195,863,1.06,10443647,6873890800,2.12,0.86,0.00,0,5120381,5323267,492820816000,342312896000,-77627872,306449424,303124608,3324816,1211441552,1292394240,-80952688,2100340896,2205131760,-104790864,3068530496,2886111760,182418736,-1.13,0.05,-1.18,-1.52,2.65,0,38,25,13,0,0,0,105.68,0.00,0.00,0.00,,0.00,,0.00,EastMoney,2026-08-03T17:50:26+08:00
BK0966,2026-08-03T00:00:00Z,171944,175043,175043,171904,171771,3272,1.90,40763695,36127368738,1.21,0.98,0.00,0,21974845,18788850,2626497136000,2285777056000,-341365328,2811380144,2759407616,51972528,7185380608,7578718464,-393337856,11151599616,11856481792,-704882176,14205903360,13158866688,1047036672,-0.94,0.14,-1.09,-1.95,2.90,0,139,116,21,2,0,0,30.92,0.00,0.00,0.00,,0.00,,0.00,EastMoney,2026-08-03T17:50:26+08:00
BK0967,2026-08-03T00:00:00Z,80041,81946,82054,80041,79890,2056,2.57,4718006,3322478975,2.60,1.52,0.00,0,2666890,2051115,196840826000,192306884000,445238129,559932656,242935807,316996849,791098608,662857328,128241280,920791872,1040201600,-119409728,1001209696,1327038112,-325828416,13.40,9.54,3.86,-3.59,-9.81,0,16,14,2,0,0,0,-29.28,0.00,0.00,0.00,,0.00,,0.00,EastMoney,2026-08-03T17:50:26+08:00
BK0968,2026-08-03T00:00:00Z,227238,228645,228938,225609,228075,570,0.25,47256832,116207161629,2.20,0.84,0.00,0,23340341,23916491,6199570432000,5396079104000,-2452811264,10872038912,12006425088,-1134386176,25900990720,27219415808,-1318425088,37709101312,38219951360,-510850048,39434601984,36538314752,2896287232,-2.11,-0.98,-1.13,-0.44,2.49,0,219,139,80,0,0,0,31.81,0.00,0.00,0.00,,0.00,,0.00,EastMoney,2026-08-03T17:50:26+08:00
BK0969,2026-08-03T00:00:00Z,140457,139109,142474,138257,141736,-2627,-1.85,17287840,86754377476,2.92,0.83,0.00,0,8283663,9004178,1861808576000,1758546448000,-9348620288,12400764672,20011714816,-7610950144,20315940608,22053610752,-1737670144,28221010432,25254502144,2966508288,23858088704,17483898880,6374189824,-10.78,-8.77,-2.00,3.42,7.35,0,72,24,47,1,0,0,271.40,0.00,0.00,0.00,,0.00,,0.00,EastMoney,2026-08-03T17:50:26+08:00
BK0970,2026-08-03T00:00:00Z,156547,158099,158487,156516,156790,1309,0.83,12504185,34394535365,2.70,1.01,0.00,0,6453822,6050362,1117831200000,1020721360000,-1372270608,3690943472,4442515200,-751571728,8056391936,8677090816,-620698880,10624130816,10844082432,-219951616,11287272704,9719989504,1567283200,-3.99,-2.19,-1.80,-0.64,4.56,0,51,37,14,0,0,0,43.68,0.00,0.00,0.00,,0.00,,0.00,EastMoney,2026-08-03T17:50:26+08:00
BK0972,2026-08-03T00:00:00Z,145326,147290,148220,144119,144787,2503,1.73,35588709,34940622703,11.23,1.88,0.00,0,18646661,16942048,297031728000,269959296000,-1384265728,4627179520,5781413888,-1154234368,8265740032,8495771392,-230031360,10657727488,10171327488,486400000,10214973440,9327308544,887664896,-3.96,-3.30,-0.66,1.39,2.54,0,33,25,5,3,0,0,-188.09,0.00,0.00,0.00,,0.00,,0.00,EastMoney,2026-08-03T17:50:26+08:00
BK0974,2026-08-03T00:00:00Z,110352,111774,111797,110174,110470,1304,1.18,7257115,10790637839,2.00,0.90,0.00,0,3773314,3483801,600903520000,519214336000,-15624336,543174256,445219696,97954560,2043246944,2156825840,-113578896,3523739296,3599369648,-75630352,4264817664,4190461216,74356448,-0.14,0.91,-1.05,-0.70,0.69,0,64,44,19,1,0,0,56.29,0.00,0.00,0.00,,0.00,,0.00,EastMoney,2026-08-03T17:50:26+08:00
BK0975,2026-08-03T00:00:00Z,206086,210149,210243,206086,205302,4847,2.36,8660229,13569811287,1.22,0.93,0.00,0,4409988,4250241,799862000000,683149824000,-130215744,1370095536,1367127152,2968384,2959456928,3092641056,-133184128,4279953776,4398669056,-118715280,4685632768,4436701696,248931072,-0.96,0.02,-0.98,-0.87,1.83,0,30,26,4,0,0,0,15.66,0.00,0.00,0.00,,0.00,,0.00,EastMoney,2026-08-03T17:50:26+08:00
BK0976,2026-08-03T00:00:00Z,221522,221268,224757,219414,224105,-2837,-1.27,9843797,45078812341,6.46,0.87,0.00,0,4748292,5095505,784940720000,708929296000,-360839424,6475126272,6569076480,-93950208,10674230784,10941120000,-266889216,13742763520,14267557888,-524794368,13223861248,12337399040,886462208,-0.80,-0.21,-0.59,-1.16,1.97,0,30,12,18,0,0,0,59.65,0.00,0.00,0.00,,0.00,,0.00,EastMoney,2026-08-03T17:50:26+08:00
BK0977,2026-08-03T00:00:00Z,189206,188057,191188,187048,190298,-2241,-1.18,13123635,37800803492,3.18,0.85,0.00,0,6558838,6564797,1220484496000,1032107760000,-1681489232,3737388464,4634955520,-897567056,8230144768,9014066944,-783922176,12109358336,12284463872,-175105536,12939844864,11080692480,1859152384,-4.45,-2.37,-2.07,-0.46,4.92,0,47,22,25,0,0,0,88.19,0.00,0.00,0.00,,0.00,,0.00,EastMoney,2026-08-03T17:50:26+08:00
BK0979,2026-08-03T00:00:00Z,93540,94675,94893,93536,93556,1119,1.20,4647874,1572977836,0.70,1.17,0.00,0,2690021,1957853,263356642000,252145447000,-104195126,171081126,193314684,-22233558,345537280,427498848,-81961568,419007456,438822128,-19814672,617290784,493280992,124009792,-6.62,-1.41,-5.21,-1.26,7.88,0,7,5,1,1,0,0,25.61,0.00,0.00,0.00,,0.00,,0.00,EastMoney,2026-08-03T17:50:26+08:00
BK0980,2026-08-03T00:00:00Z,104662,106249,106274,104662,105046,1203,1.15,16602367,13679347631,1.24,0.94,0.00,0,8799095,7803272,964462992000,897374320000,-132337104,1241694288,1224198960,17495328,2955801936,3105634368,-149832432,4298172160,4331520768,-33348608,4853146624,4702536960,150609664,-0.97,0.13,-1.10,-0.24,1.10,0,58,45,10,3,0,0,22.70,0.00,0.00,0.00,,0.00,,0.00,EastMoney,2026-08-03T17:50:26+08:00
BK0981,2026-08-03T00:00:00Z,252394,251741,254676,250043,254407,-2666,-1.05,6552723,23778205761,2.17,0.82,0.00,0,3271200,3281523,685200976000,515743232000,-1362876208,3032566432,3672518096,-639951664,5624632576,6347557120,-722924544,8197114112,7917307136,279806976,6371032832,5282060288,1088972544,-5.73,-2.69,-3.04,1.18,4.58,0,30,17,12,1,0,0,69.50,0.00,0.00,0.00,,0.00,,0.00,EastMoney,2026-08-03T17:50:26+08:00
BK0982,2026-08-03T00:00:00Z,117639,119684,119779,117430,117647,2037,1.73,3889167,3162832511,2.93,0.99,0.00,0,1955696,1933472,131992290000,110194835000,-50329217,204673851,197026572,7647279,670517872,728494368,-57976496,1003966832,1095398256,-91431424,1229994832,1088234176,141760656,-1.59,0.24,-1.83,-2.89,4.48,0,18,15,3,0,0,0,-50.68,0.00,0.00,0.00,,0.00,,0.00,EastMoney,2026-08-03T17:50:26+08:00
BK0983,2026-08-03T00:00:00Z,158595,161151,161194,158334,158214,2937,1.86,7395450,6913504608,1.31,1.25,0.00,0,4097198,3298252,406772752000,335195536000,139145520,474614432,343378480,131235952,1415415296,1407505728,7909568,2194436496,2208868624,-14432128,2683201344,2801822240,-118620896,2.01,1.90,0.11,-0.21,-1.72,0,31,25,5,1,0,0,37.06,0.00,0.00,0.00,,0.00,,0.00,EastMoney,2026-08-03T17:50:26+08:00
BK0984,2026-08-03T00:00:00Z,203704,205900,206140,203545,203876,2024,0.99,21860932,37331383262,1.90,0.93,0.00,0,10892722,10968210,1785768016000,1608844976000,-708725184,2703992880,3171218928,-467226048,7536522240,7778021376,-241499136,11741854720,11781814528,-39959808,14517766400,13795820800,721945600,-1.90,-1.25,-0.65,-0.11,1.93,0,125,92,32,1,0,0,41.13,0.00,0.00,0.00,,0.00,,0.00,EastMoney,2026-08-03T17:50:26+08:00
BK0985,2026-08-03T00:00:00Z,144129,146553,146604,144062,143705,2848,1.98,9956518,14439989256,1.99,1.00,0.00,0,5037920,4918598,761872800000,740186272000,137355056,1246313264,1073614016,172699248,2936295856,2971640048,-35344192,4426083072,4610311936,-184228864,5516956416,5469829120,47127296,0.95,1.20,-0.24,-1.28,0.33,0,42,32,9,1,0,0,37.30,0.00,0.00,0.00,,0.00,,0.00,EastMoney,2026-08-03T17:50:26+08:00
BK0986,2026-08-03T00:00:00Z,109236,109337,110423,108879,109560,-223,-0.20,4930363,12833692322,2.58,0.88,0.00,0,2300372,2629991,683480736000,551773216000,45390960,1842708064,1636040688,206667376,3082762896,3244039312,-161276416,4098315456,4026404672,71910784,3507496960,3625640912,-118143952,0.35,1.61,-1.26,0.56,-0.92,0,25,14,11,0,0,0,47.59,0.00,0.00,0.00,,0.00,,0.00,EastMoney,2026-08-03T17:50:26+08:00
BK0988,2026-08-03T00:00:00Z,157671,159736,159741,156940,158013,1723,1.09,17172578,36618988164,1.76,0.78,0.00,0,8677329,8495248,3093309888000,2784966128000,-1542728880,3507369856,4068531248,-561161392,8628436480,9610003968,-981567488,11334702336,11450106368,-115404032,12509528832,10852400128,1657128704,-4.21,-1.53,-2.68,-0.32,4.53,0,73,55,18,0,0,0,26.01,0.00,0.00,0.00,,0.00,,0.00,EastMoney,2026-08-03T17:50:26+08:00
BK0989,2026-08-03T00:00:00Z,209725,213432,213435,209571,209515,3917,1.87,125923629,189616627445,2.04,0.98,0.00,0,67153882,58769747,11482955776000,9732206592000,-1568687872,17245202688,17842155520,-596952832,41097453056,42069188096,-971735040,60330780928,61219504128,-888723200,67188729600,64747364608,2441364992,-0.83,-0.31,-0.51,-0.47,1.29,0,464,365,95,4,0,0,30.97,0.00,0.00,0.00,,0.00,,0.00,EastMoney,2026-08-03T17:50:26+08:00
BK0990,2026-08-03T00:00:00Z,104839,106107,106125,104721,104730,1377,1.31,7860199,6329323895,1.56,1.02,0.00,0,4302094,3558105,574362096000,502532400000,13515984,323293824,286265088,37028736,1086765312,1110278064,-23512752,1961734816,2130819968,-169085152,2831427520,2682964896,148462624,0.21,0.59,-0.37,-2.67,2.35,0,40,35,5,0,0,0,19.02,0.00,0.00,0.00,,0.00,,0.00,EastMoney,2026-08-03T17:50:26+08:00
BK0991,2026-08-03T00:00:00Z,154408,157059,157078,154199,154100,2959,1.92,9683391,11551362957,1.13,1.00,0.00,0,4919303,4764087,1117114000000,968553984000,60972240,984959616,913476320,71483296,2369034352,2379545408,-10511056,3793799792,3853366800,-59567008,4150433056,4158270736,-7837680,0.53,0.62,-0.09,-0.52,-0.07,0,57,43,14,0,0,0,16.97,0.00,0.00,0.00,,0.00,,0.00,EastMoney,2026-08-03T17:50:26+08:00
BK0992,2026-08-03T00:00:00Z,73366,74298,74381,73301,73541,757,1.03,9104176,5925912035,1.06,0.86,0.00,0,4782424,4321752,644854704000,598568864000,-293150112,515811104,791961360,-276150256,1311449248,1328449104,-16999856,1778695568,1866901456,-88205888,2224562576,1843206592,381355984,-4.95,-4.66,-0.29,-1.49,6.44,0,24,19,2,3,0,0,-10.88,0.00,0.00,0.00,,0.00,,0.00,EastMoney,2026-08-03T17:50:26+08:00
BK0993,2026-08-03T00:00:00Z,80256,80974,80980,80062,80325,649,0.81,5359187,7309886842,1.79,0.82,0.00,0,2717502,2641684,373068192000,327835520000,-121508743,204101897,304097504,-99995607,1257531216,1279044352,-21513136,2378606032,2365918944,12687088,3281678208,3185257008,96421200,-1.66,-1.37,-0.29,0.17,1.32,0,69,49,20,0,0,0,167.34,0.00,0.00,0.00,,0.00,,0.00,EastMoney,2026-08-03T17:50:26+08:00
BK0994,2026-08-03T00:00:00Z,197979,202961,203018,197765,197996,4965,2.51,3474106,6603365891,2.52,0.97,0.00,0,1926780,1547326,272412192000,253551421000,229236416,632412224,430210064,202202160,1294811776,1267777520,27034256,2162787728,2259237824,-96450096,2412048928,2544835232,-132786304,3.47,3.06,0.41,-1.46,-2.01,0,20,18,2,0,0,0,257.46,0.00,0.00,0.00,,0.00,,0.00,EastMoney,2026-08-03T17:50:26+08:00
BK0995,2026-08-03T00:00:00Z,140543,141661,142369,140195,140947,714,0.51,13207478,20684053469,3.77,0.98,0.00,0,6407958,6799521,586575360000,514486048000,-335696160,1176271696,1337117408,-160845712,4234651248,4409501696,-174850448,6917948928,7064004352,-146055424,7870165248,7406647552,463517696,-1.62,-0.78,-0.85,-0.71,2.24,0,50,35,14,1,0,0,132.49,0.00,0.00,0.00,,0.00,,0.00,EastMoney,2026-08-03T17:50:26+08:00
BK0996,2026-08-03T00:00:00Z,94278,95311,95498,94278,94156,1155,1.23,2765832,2534705904,1.85,0.87,0.00,0,1529755,1236077,119488572000,103227309000,26624233,119607515,95711426,23896089,523674208,520946064,2728144,810960816,882104464,-71143648,1006749728,962230320,44519408,1.05,0.94,0.11,-2.81,1.76,0,18,15,3,0,0,0,55.07,0.00,0.00,0.00,,0.00,,0.00,EastMoney,2026-08-03T17:50:26+08:00
BK0998,2026-08-03T00:00:00Z,180357,181205,182705,179901,180345,860,0.48,11787063,31913730472,2.82,0.99,0.00,0,5831113,5955951,995908864000,849226512000,-814918784,2116167344,2874108464,-757941120,6641798144,6698775808,-56977664,10480340992,10304975616,175365376,11984383488,11354939136,629444352,-2.55,-2.37,-0.18,0.55,1.97,0,96,66,30,0,0,0,83.51,0.00,0.00,0.00,,0.00,,0.00,EastMoney,2026-08-03T17:50:26+08:00
BK0999,2026-08-03T00:00:00Z,74121,73850,74301,73613,74355,-505,-0.68,19582532,114901770705,1.08,0.88,0.00,0,9837255,9745277,13653506048000,11441329152000,-5646231808,17817383424,20946953728,-3129570304,31898170880,34414832384,-2516661504,39723706880,36470212096,3253494784,23190039040,20797302272,2392736768,-4.91,-2.72,-2.19,2.83,2.08,0,42,18,24,0,0,0,20.55,0.00,0.00,0.00,,0.00,,0.00,EastMoney,2026-08-03T17:50:26+08:00
BK1000,2026-08-03T00:00:00Z,63810,63502,64098,63292,64146,-644,-1.00,7460959,60070379314,1.55,0.83,0.00,0,3754071,3706889,5254649600000,4372554496000,-2402344448,8418363392,9939315712,-1520952320,17776407552,18657799680,-881392128,23071871488,20372863232,2699008256,9598026240,9894690048,-296663808,-4.00,-2.53,-1.47,4.49,-0.49,0,24,8,16,0,0,0,29.46,0.00,0.00,0.00,,0.00,,0.00,EastMoney,2026-08-03T17:50:26+08:00
BK1001,2026-08-03T00:00:00Z,118048,119762,119781,117924,118181,1581,1.34,29916731,23545071347,1.65,0.85,0.00,0,15725882,14190849,1266726224000,1177080496000,-629187184,1459818944,1593328176,-133509232,4405395200,4901073152,-495677952,7173252352,7487619328,-314366976,9942533120,8998978816,943554304,-2.67,-0.57,-2.11,-1.34,4.01,0,161,136,23,2,0,0,106.85,0.00,0.00,0.00,,0.00,,0.00,EastMoney,2026-08-03T17:50:26+08:00
BK1002,2026-08-03T00:00:00Z,223141,225039,226614,222795,223561,1478,0.66,8313243,28072781346,2.79,0.87,0.00,0,4193348,4119895,834167584000,725206896000,339151728,2248447648,2029985328,218462320,6464892672,6344203264,120689408,9243774208,9741963520,-498189312,9690939392,9531901440,159037952,1.21,0.78,0.43,-1.77,0.57,0,42,29,13,0,0,0,72.89,0.00,0.00,0.00,,0.00,,0.00,EastMoney,2026-08-03T17:50:26+08:00
BK1003,2026-08-03T00:00:00Z,176513,180853,180921,176513,175607,5246,2.99,18733841,24053780805,1.57,1.06,0.00,0,10366063,8367778,1741969696000,1630346544000,797541984,3124854672,2553014320,571840352,5468987904,5243286272,225701632,7341904640,7783209984,-441305344,7575540992,7932188928,-356647936,3.32,2.38,0.94,-1.83,-1.48,0,39,35,4,0,0,0,20.36,0.00,0.00,0.00,,0.00,,0.00,EastMoney,2026-08-03T17:50:26+08:00
BK1004,2026-08-03T00:00:00Z,196486,198506,200192,195970,195460,3046,1.56,14944752,35820438333,2.17,0.98,0.00,0,7707146,7237606,1696573776000,1407748256000,-288432544,2964181792,3027673536,-63491744,7509189120,7734129920,-224940800,11644506880,11507839744,136667136,13066422272,12919872000,146550272,-0.81,-0.18,-0.63,0.38,0.41,0,84,64,20,0,0,0,31.11,0.00,0.00,0.00,,0.00,,0.00,EastMoney,2026-08-03T17:50:26+08:00
BK1005,2026-08-03T00:00:00Z,147684,149084,149439,147491,147746,1338,0.91,91065212,353525266584,3.29,0.96,0.00,0,45530076,45535136,11516756480000,9238346240000,-2380958720,33239763456,35926169088,-2686405632,79709093888,79403646976,305446912,122231934976,121834737664,397197312,108368461824,106690838528,1677623296,-0.67,-0.76,0.09,0.11,0.47,0,1253,821,422,10,0,0,85.34,0.00,0.00,0.00,,0.00,,0.00,EastMoney,2026-08-03T17:50:26+08:00
BK1006,2026-08-03T00:00:00Z,106456,108147,108162,106215,106375,1772,1.67,3904118,4748132106,2.17,0.92,0.00,0,2156667,1747451,179748373000,164193798000,103355040,356304912,304867984,51436928,938061680,886143568,51918112,1423013216,1521348224,-98335008,1938579968,1943600000,-5020032,2.18,1.08,1.09,-2.07,-0.11,0,21,16,5,0,0,0,692.46,0.00,0.00,0.00,,0.00,,0.00,EastMoney,2026-08-03T17:50:26+08:00
BK1007,2026-08-03T00:00:00Z,103770,105766,105883,103673,104121,1645,1.58,4061337,4121938812,2.75,0.84,0.00,0,2008608,2052729,160824878000,144105308000,-123386000,269118896,300236208,-31117312,790505264,882773952,-92268688,1307257008,1349678176,-42421168,1671665552,1505858400,165807152,-2.99,-0.75,-2.24,-1.03,4.02,0,19,15,4,0,0,0,-141.10,0.00,0.00,0.00,,0.00,,0.00,EastMoney,2026-08-03T17:50:26+08:00
BK1008,2026-08-03T00:00:00Z,147398,148754,148989,146871,146877,1877,1.28,7027390,16723561868,2.94,1.00,0.00,0,3455772,3571618,447573888000,440929680000,-23322880,1795056640,1681572544,113484096,3741439808,3878246784,-136806976,5272558848,5466566400,-194007552,5553092352,5335761664,217330688,-0.14,0.68,-0.82,-1.16,1.30,0,20,14,6,0,0,0,-176.68,0.00,0.00,0.00,,0.00,,0.00,EastMoney,2026-08-03T17:50:26+08:00
BK1009,2026-08-03T00:00:00Z,200486,203250,203604,200365,200274,2976,1.49,59824345,90212681310,3.82,1.12,0.00,0,29964528,29859818,4218917584000,1977951312000,-2967654912,9395175936,11091367168,-1696191232,21030745600,22302209280,-1271463680,28577457664,28426276352,151181312,29005905408,26189611008,2816294400,-3.29,-1.88,-1.41,0.17,3.12,0,142,111,29,2,0,0,31.76,0.00,0.00,0.00,,0.00,,0.00,EastMoney,2026-08-03T17:50:26+08:00
BK1010,2026-08-03T00:00:00Z,92907,93462,93579,92152,93271,191,0.20,12331255,21961536219,1.51,0.88,0.00,0,6315136,6016119,1247550992000,1098635552000,-1061170464,2187004496,2938313328,-751308832,5065988864,5375850496,-309861632,6819866624,6833284352,-13417728,7456504832,6382756608,1073748224,-4.83,-3.42,-1.41,-0.06,4.89,0,49,30,17,2,0,0,20.07,0.00,0.00,0.00,,0.00,,0.00,EastMoney,2026-08-03T17:50:26+08:00
BK1011,2026-08-03T00:00:00Z,64001,64917,64982,63903,64200,717,1.12,6235503,8665437160,1.77,0.79,0.00,0,3113998,3121504,602925360000,592572176000,-263710480,743540880,830882592,-87341712,1815660432,1992029200,-176368768,2807232400,2771774656,35457744,3125845664,2905919376,219926288,-3.04,-1.01,-2.04,0.41,2.54,0,23,15,8,0,0,0,24.41,0.00,0.00,0.00,,0.00,,0.00,EastMoney,2026-08-03T17:50:26+08:00
BK1012,2026-08-03T00:00:00Z,122198,123483,123593,121744,123123,360,0.29,4168566,10990006219,2.39,0.76,0.00,0,2019465,2149101,458318176000,440986432000,-564889984,950805152,1080236464,-129431312,2262744400,2698203072,-435458672,3435721136,3569282784,-133561648,4148724352,3450272720,698451632,-5.14,-1.18,-3.96,-1.22,6.36,0,16,13,3,0,0,0,37.95,0.00,0.00,0.00,,0.00,,0.00,EastMoney,2026-08-03T17:50:26+08:00
BK1013,2026-08-03T00:00:00Z,108714,108994,110184,108228,108554,440,0.41,1998646,4905031787,2.86,0.89,0.00,0,963787,1034859,184470223000,164051313000,-325062018,229992174,388765568,-158773394,887136240,1053424864,-166288624,1636316096,1648785008,-12468912,1991982848,1659799600,332183248,-6.63,-3.24,-3.39,-0.25,6.77,0,15,9,4,2,0,0,-1178.66,0.00,0.00,0.00,,0.00,,0.00,EastMoney,2026-08-03T17:50:26+08:00
BK1014,2026-08-03T00:00:00Z,156723,160304,160308,156491,156344,3960,2.53,2805099,3213692814,1.58,1.20,0.00,0,1598586,1206513,176919705000,154408768000,34368084,186362356,155836928,30525428,580421424,576578768,3842656,1019550384,1018054240,1496144,1378387040,1414251280,-35864240,1.07,0.95,0.12,0.05,-1.12,0,23,23,0,0,0,0,41.18,0.00,0.00,0.00,,0.00,,0.00,EastMoney,2026-08-03T17:50:26+08:00
BK1015,2026-08-03T00:00:00Z,77608,79209,79891,76678,78759,450,0.57,3008825,11091513789,3.57,0.85,0.00,0,1606132,1402693,408056624000,338511632000,-5866432,812726224,847707872,-34981648,2483183456,2454068240,29115216,3637528800,3798270976,-160742176,3991121520,3824512912,166608608,-0.05,-0.32,0.26,-1.45,1.50,0,11,7,4,0,0,0,23.96,0.00,0.00,0.00,,0.00,,0.00,EastMoney,2026-08-03T17:50:26+08:00
BK1016,2026-08-03T00:00:00Z,88903,89370,89466,88473,88836,534,0.60,862612,540813186,1.20,0.77,0.00,0,443904,418708,33041359000,32015975000,-40338123,6319772,27705685,-21385913,74527770,93479980,-18952210,155240792,163464052,-8223260,292077952,244090459,47987493,-7.46,-3.95,-3.50,-1.52,8.87,0,9,7,2,0,0,0,144.07,0.00,0.00,0.00,,0.00,,0.00,EastMoney,2026-08-03T17:50:26+08:00
BK1017,2026-08-03T00:00:00Z,159496,160135,160671,157279,160925,-790,-0.49,7347837,6588712167,1.14,0.82,0.00,0,3803464,3544373,442035280000,377388304000,-176698784,434233680,553006736,-118773056,1441486320,1499412048,-57925728,2117385680,2131712704,-14327024,2257211648,2100652720,156558928,-2.68,-1.80,-0.88,-0.22,2.38,0,22,12,9,1,0,0,12.37,0.00,0.00,0.00,,0.00,,0.00,EastMoney,2026-08-03T17:50:26+08:00
BK1018,2026-08-03T00:00:00Z,130345,132360,132363,130198,130319,2041,1.57,1735320,2373361699,2.23,0.97,0.00,0,910828,824492,108678356000,93488224000,-109211571,113271730,182467093,-69195363,404091312,444107520,-40016208,745402256,757925328,-12523072,1036278032,918796032,117482000,-4.60,-2.92,-1.69,-0.53,4.95,0,23,18,5,0,0,0,92.58,0.00,0.00,0.00,,0.00,,0.00,EastMoney,2026-08-03T17:50:26+08:00
BK1019,2026-08-03T00:00:00Z,97204,98583,98583,97058,97531,1052,1.08,13968384,14369508753,1.79,0.89,0.00,0,7189856,6778528,787091568000,740650112000,-432062368,920044560,1056627200,-136582640,2701100256,2996579984,-295479728,4499606016,4738730240,-239124224,6007586304,5340451584,667134720,-3.01,-0.95,-2.06,-1.66,4.64,0,65,49,15,1,0,0,33.53,0.00,0.00,0.00,,0.00,,0.00,EastMoney,2026-08-03T17:50:26+08:00
BK1020,2026-08-03T00:00:00Z,171477,171681,173557,170307,172446,-765,-0.44,720437,2834546018,2.21,0.84,0.00,0,346482,373955,101356999000,93459741000,-11624109,169608333,134479530,35128803,433257104,480010016,-46752912,837874560,933283200,-95408640,1270167088,1166321072,103846016,-0.41,1.24,-1.65,-3.37,3.66,0,14,7,6,1,0,0,-365.11,0.00,0.00,0.00,,0.00,,0.00,EastMoney,2026-08-03T17:50:26+08:00
BK1022,2026-08-03T00:00:00Z,120964,122930,122939,120771,120705,2225,1.84,22245848,25510379405,4.18,1.22,0.00,0,11095883,11149966,600642416000,563347376000,-1480836704,2994410976,3973383232,-978972256,5917075456,6418939904,-501864448,7898376960,7452721152,445655808,7951410176,6917288960,1034121216,-5.80,-3.84,-1.97,1.75,4.05,0,67,53,13,1,0,0,20.45,0.00,0.00,0.00,,0.00,,0.00,EastMoney,2026-08-03T17:50:26+08:00
BK1023,2026-08-03T00:00:00Z,244315,243137,245867,241788,244378,-1241,-0.51,3416880,6254119442,2.40,0.82,0.00,0,1614548,1802332,239569468000,224708667000,-166829808,317429504,372784976,-55355472,1101948224,1213422560,-111474336,1901290528,1917342224,-16051696,2730969312,2520582144,210387168,-2.67,-0.89,-1.78,-0.26,3.36,0,18,8,10,0,0,0,-85.41,0.00,0.00,0.00,,0.00,,0.00,EastMoney,2026-08-03T17:50:26+08:00
BK1024,2026-08-03T00:00:00Z,124445,127058,127066,124445,124163,2895,2.33,85886901,68266103436,1.62,0.95,0.00,0,46826322,39060579,6392591872000,4128061120000,758365184,8602872064,8064358144,538513920,14165817344,13945966080,219851264,20520393216,21477171712,-956778496,23463386112,23261566720,201819392,1.11,0.79,0.32,-1.40,0.30,0,171,147,21,3,0,0,18.44,0.00,0.00,0.00,,0.00,,0.00,EastMoney,2026-08-03T17:50:26+08:00
BK1025,2026-08-03T00:00:00Z,99298,100320,100367,99009,99420,900,0.91,15122414,7659141982,2.15,0.90,0.00,0,7705384,7417030,590856432000,431531744000,-106109120,313931184,357180736,-43249552,1326276976,1389136544,-62859568,2343969456,2422080288,-78110832,3434581248,3266797328,167783920,-1.39,-0.56,-0.82,-1.02,2.19,0,65,48,16,1,0,0,145.53,0.00,0.00,0.00,,0.00,,0.00,EastMoney,2026-08-03T17:50:26+08:00
BK1026,2026-08-03T00:00:00Z,94615,95185,95537,94417,94820,365,0.38,6144176,6990808124,1.91,1.08,0.00,0,3149287,2994889,648972976000,487081952000,41149248,461342736,447369792,13972944,1316049744,1288873440,27176304,2162273728,2251823264,-89549536,2902505488,2871026592,31478896,0.59,0.20,0.39,-1.28,0.45,0,33,22,10,1,0,0,30.30,0.00,0.00,0.00,,0.00,,0.00,EastMoney,2026-08-03T17:50:26+08:00
BK1027,2026-08-03T00:00:00Z,348909,353403,356091,347263,348277,5126,1.47,6860455,24934460914,2.88,0.99,0.00,0,3437214,3423241,1011664864000,774245280000,563471552,2691263392,2554932448,136330944,5621902080,5194761472,427140608,8002432768,7997961472,4471296,8117697792,8685366016,-567668224,2.26,0.55,1.71,0.02,-2.28,0,26,21,4,1,0,0,44.94,0.00,0.00,0.00,,0.00,,0.00,EastMoney,2026-08-03T17:50:26+08:00
BK1028,2026-08-03T00:00:00Z,181342,185472,185524,181341,181192,4280,2.36,4088886,3264112265,1.53,0.75,0.00,0,2295506,1793380,262082760000,250744222000,3367869,220995575,158777690,62217885,552094704,610944720,-58850016,901315568,1032405760,-131090192,1465334656,1344818240,120516416,0.10,1.91,-1.80,-4.02,3.69,0,31,29,2,0,0,0,21.81,0.00,0.00,0.00,,0.00,,0.00,EastMoney,2026-08-03T17:50:26+08:00
BK1029,2026-08-03T00:00:00Z,146950,147427,147912,145972,147337,90,0.06,10629144,14648882522,1.24,0.86,0.00,0,5009493,5619652,1754795392000,1136177248000,-501344960,1561252352,1986473936,-425221584,3321572448,3397695824,-76123376,4504448512,4482468352,21980160,4996387072,4517022464,479364608,-3.42,-2.90,-0.52,0.15,3.27,0,26,14,12,0,0,0,31.92,0.00,0.00,0.00,,0.00,,0.00,EastMoney,2026-08-03T17:50:26+08:00
BK1030,2026-08-03T00:00:00Z,225759,231164,231181,225369,225152,6012,2.67,3621930,7422200532,3.16,1.31,0.00,0,1883177,1738753,247521142000,213021374000,232472544,743517744,539313936,204203808,1574829984,1546561248,28268736,2327736016,2399163952,-71427936,2543672688,2704628080,-160955392,3.13,2.75,0.38,-0.96,-2.17,0,27,24,3,0,0,0,53.76,0.00,0.00,0.00,,0.00,,0.00,EastMoney,2026-08-03T17:50:26+08:00
BK1031,2026-08-03T00:00:00Z,109617,112643,112659,109411,109432,3211,2.93,18653365,26852433747,2.41,1.25,0.00,0,10442739,8210626,1328004928000,1192204176000,847052208,2490868448,1935227440,555641008,5899001600,5607590400,291411200,8723564544,8981746176,-258181632,9223675392,9805690624,-582015232,3.15,2.07,1.09,-0.96,-2.17,0,68,59,8,1,0,0,-41.33,0.00,0.00,0.00,,0.00,,0.00,EastMoney,2026-08-03T17:50:26+08:00
BK1032,2026-08-03T00:00:00Z,123457,128314,128371,123457,123372,4942,4.01,7572911,11037186694,3.20,1.22,0.00,0,4233932,3338979,381045520000,292000240000,452632960,819608816,655048496,164560320,2519550064,2231477424,288072640,3533637440,3672603584,-138966144,3955396464,4266491088,-311094624,4.10,1.49,2.61,-1.26,-2.82,0,31,30,1,0,0,0,58.71,0.00,0.00,0.00,,0.00,,0.00,EastMoney,2026-08-03T17:50:26+08:00
BK1033,2026-08-03T00:00:00Z,126489,127452,127762,125390,126828,624,0.49,14962427,44914018254,2.31,0.74,0.00,0,7446223,7516204,3447451968000,3114541664000,-1058528192,3634574752,4094264416,-459689664,10040292864,10639131392,-598838528,14288459008,14412287488,-123828480,15906450432,14779904512,1126545920,-2.36,-1.02,-1.33,-0.28,2.51,0,106,65,39,2,0,0,28.95,0.00,0.00,0.00,,0.00,,0.00,EastMoney,2026-08-03T17:50:26+08:00
BK1034,2026-08-03T00:00:00Z,269556,272435,272779,269236,268387,4048,1.51,7392662,15732117599,2.31,1.06,0.00,0,3845432,3547230,617500544000,490958992000,294752288,1625945488,1493500912,132444576,3207456368,3045148656,162307712,4956904192,5503584768,-546680576,5639566592,5388564224,251002368,1.87,0.84,1.03,-3.47,1.60,0,35,26,9,0,0,0,59.24,0.00,0.00,0.00,,0.00,,0.00,EastMoney,2026-08-03T17:50:26+08:00
BK1035,2026-08-03T00:00:00Z,88008,88558,88622,87525,88037,521,0.59,2296802,4311154391,1.94,0.92,0.00,0,1165776,1131027,267273496000,216993527000,6508669,171356737,154486564,16870173,825338000,835699504,-10361504,1356483040,1336960896,19522144,1663257024,1703895728,-40638704,0.15,0.39,-0.24,0.45,-0.94,0,33,17,14,2,0,0,34.10,0.00,0.00,0.00,,0.00,,0.00,EastMoney,2026-08-03T17:50:26+08:00
BK1036,2026-08-03T00:00:00Z,238732,232985,241825,231680,241230,-8245,-3.42,40070814,326956290489,4.58,0.73,0.00,0,18917520,21153293,13348915456000,7262755840000,-20060096000,53378546176,69870764032,-16492217856,96219258880,99787137024,-3567878144,107510366208,98874920960,8635445248,62559551232,51133824512,11425726720,-6.14,-5.04,-1.09,2.64,3.49,0,185,41,140,4,0,0,148.31,0.00,0.00,0.00,,0.00,,0.00,EastMoney,2026-08-03T17:50:26+08:00
BK1037,2026-08-03T00:00:00Z,181908,182425,184112,181173,182267,158,0.09,17553373,60458501742,2.13,0.86,0.00,0,8654734,8898639,3113445840000,2822140336000,-2856799488,7349351168,9179574272,-1830223104,13610820608,14637396992,-1026576384,18491337216,18224456448,266880768,19773584640,17218999040,2554585600,-4.73,-3.03,-1.70,0.44,4.23,0,99,59,40,0,0,0,34.94,0.00,0.00,0.00,,0.00,,0.00,EastMoney,2026-08-03T17:50:26+08:00
BK1038,2026-08-03T00:00:00Z,181729,183922,183982,181261,182152,1770,0.97,35562184,36355898542,2.74,0.76,0.00,0,17013454,18548731,1344915936000,1049090720000,-1171328656,3615733616,4639566848,-1023833232,7701394176,7848889600,-147495424,11163077376,11272909824,-109832448,12900003328,11624073472,1275929856,-3.22,-2.82,-0.41,-0.30,3.51,0,99,67,31,1,0,0,148.87,0.00,0.00,0.00,,0.00,,0.00,EastMoney,2026-08-03T17:50:26+08:00
BK1039,2026-08-03T00:00:00Z,275161,268087,278498,266642,277639,-9552,-3.44,7889847,28604281353,5.45,0.75,0.00,0,3640381,4249466,596218592000,479120816000,-1697707552,2345834384,3200205488,-854371104,6205804544,7049140992,-843336448,9924301056,9740278528,184022528,9489186048,7977054464,1512131584,-5.94,-2.99,-2.95,0.64,5.29,0,37,6,31,0,0,0,93.60,0.00,0.00,0.00,,0.00,,0.00,EastMoney,2026-08-03T17:50:26+08:00
BK1040,2026-08-03T00:00:00Z,131491,132418,132675,131491,131443,975,0.74,9836202,10863632715,1.61,0.82,0.00,0,5033815,4802387,793038160000,761804880000,-199820352,531126400,624063280,-92936880,1979488416,2086371888,-106883472,3612268976,3657897760,-45628784,4526125056,4287492640,238632416,-1.84,-0.86,-0.98,-0.42,2.20,0,66,49,17,0,0,0,27.40,0.00,0.00,0.00,,0.00,,0.00,EastMoney,2026-08-03T17:50:26+08:00
BK1041,2026-08-03T00:00:00Z,87111,87955,87964,87026,87174,781,0.90,7456031,17625921476,1.72,0.85,0.00,0,3866603,3589428,1257244672000,1125904320000,-211676240,932896176,1226843056,-293946880,3413826944,3331556304,82270640,5910761216,5853543168,57218048,6970561280,6830758144,139803136,-1.20,-1.67,0.47,0.32,0.79,0,139,97,40,2,0,0,48.35,0.00,0.00,0.00,,0.00,,0.00,EastMoney,2026-08-03T17:50:26+08:00
BK1042,2026-08-03T00:00:00Z,107033,108424,108424,106923,107187,1237,1.15,3621487,3173684020,1.32,0.86,0.00,0,2003779,1617708,307777664000,267541270000,-7027234,87635511,85417993,2217518,485195376,494440128,-9244752,1002281552,1074534928,-72253376,1539502352,1460221744,79280608,-0.22,0.07,-0.29,-2.28,2.50,0,32,26,5,1,0,0,16.88,0.00,0.00,0.00,,0.00,,0.00,EastMoney,2026-08-03T17:50:26+08:00
BK1043,2026-08-03T00:00:00Z,136478,136301,136768,135484,136441,-140,-0.10,2559602,3942021775,1.96,0.89,0.00,0,1254382,1305220,195633229000,158262777000,-66835963,205026250,265801909,-60775659,752071248,758131552,-6060304,1258452400,1269983008,-11530608,1611152672,1539027936,72124736,-1.70,-1.54,-0.15,-0.29,1.83,0,33,22,11,0,0,0,28.50,0.00,0.00,0.00,,0.00,,0.00,EastMoney,2026-08-03T17:50:26+08:00
BK1044,2026-08-03T00:00:00Z,91219,91481,92141,91022,91268,213,0.23,4190585,8618600282,1.17,0.78,0.00,0,2137605,2052980,836306160000,726271360000,-278061104,328521888,433853872,-105331984,1641607136,1814336256,-172729120,3173087600,3182150896,-9063296,3244012416,2965613856,278398560,-3.23,-1.22,-2.00,-0.11,3.23,0,58,34,21,3,0,0,-283.61,0.00,0.00,0.00,,0.00,,0.00,EastMoney,2026-08-03T17:50:26+08:00
BK1045,2026-08-03T00:00:00Z,100574,102210,102351,100444,100337,1873,1.87,2268175,818502646,1.44,0.92,0.00,0,1147541,1120633,60150102000,55401169000,-3802503,31743905,31731670,12235,154413652,158228390,-3814738,237594997,259096684,-21501687,379907632,354603440,25304192,-0.46,0.00,-0.47,-2.63,3.09,0,15,15,0,0,0,0,-9.15,0.00,0.00,0.00,,0.00,,0.00,EastMoney,2026-08-03T17:50:26+08:00
BK1046,2026-08-03T00:00:00Z,129790,131816,133662,129685,129710,2106,1.62,12390428,17782042972,3.78,1.08,0.00,0,6227379,6163049,430118096000,390070128000,86847456,2197894960,2087198288,110696672,4431296000,4455145216,-23849216,5479942656,5703776512,-223833856,5399837696,5262851584,136986112,0.49,0.62,-0.13,-1.26,0.77,0,24,21,2,1,0,0,24.74,0.00,0.00,0.00,,0.00,,0.00,EastMoney,2026-08-03T17:50:26+08:00
BK1047,2026-08-03T00:00:00Z,89843,90732,91046,89446,89681,1051,1.17,20691960,32525564541,2.45,1.03,0.00,0,10493942,10198017,1044475968000,978926176000,-964603904,3373628064,3990508960,-616880896,7608947456,7956670464,-347723008,10541677312,10430580736,111096576,10198199296,9369630976,828568320,-2.97,-1.90,-1.07,0.34,2.55,0,81,57,21,3,0,0,99.74,0.00,0.00,0.00,,0.00,,0.00,EastMoney,2026-08-03T17:50:26+08:00
BK1048,2026-08-03T00:00:00Z,92405,92508,93336,91991,92816,-308,-0.33,25692451,39133992372,3.88,1.46,0.00,0,13363605,12328846,2017206464000,1405055120000,-1611702528,4601181696,5382373888,-781192192,8474312704,9304823040,-830510336,12003822336,12286613760,-282791424,13027015168,11148385792,1878629376,-4.12,-2.00,-2.12,-0.72,4.80,0,43,19,23,1,0,0,45.99,0.00,0.00,0.00,,0.00,,0.00,EastMoney,2026-08-03T17:50:26+08:00
BK1049,2026-08-03T00:00:00Z,160087,161085,162849,159704,160110,975,0.61,4173203,15385681257,3.18,1.07,0.00,0,2010862,2162341,340701344000,327883120000,-112993984,2449002080,2656399696,-207397616,3716441568,3622037936,94403632,4656819456,4771047680,-114228224,4266476656,4039254480,227222176,-0.73,-1.35,0.61,-0.74,1.48,0,14,10,4,0,0,0,109.20,0.00,0.00,0.00,,0.00,,0.00,EastMoney,2026-08-03T17:50:26+08:00
BK1050,2026-08-03T00:00:00Z,11073683,10962844,11095015,10913926,10823854,138990,1.28,68271821,106707965059,10.03,1.45,0.00,0,33447942,34823879,1312062784000,1207351232000,-3006260736,13961390848,16801400832,-2840009984,23613893632,23780144384,-166250752,31916880384,31039274752,877605632,33252958720,31124320256,2128638464,-2.82,-2.66,-0.16,0.82,1.99,0,101,56,43,2,0,0,438.94,0.00,0.00,0.00,,0.00,,0.00,EastMoney,2026-08-03T17:50:26+08:00
BK1051,2026-08-03T00:00:00Z,3947409,3920859,3982618,3843379,3768381,152478,4.05,6676005,8481148533,7.96,0.61,0.00,0,3051295,3624710,99107335000,95454686000,-278786720,1439525280,1431003344,8521936,1852052544,2139361200,-287308656,2345584688,2353704048,-8119360,2383579456,2096673376,286906080,-3.29,0.10,-3.39,-0.10,3.38,0,10,7,2,1,0,0,164.52,0.00,0.00,0.00,,0.00,,0.00,EastMoney,2026-08-03T17:50:26+08:00
BK1052,2026-08-03T00:00:00Z,83582,84748,84762,83265,83880,868,1.03,10472485,27593607190,1.91,0.90,0.00,0,5412931,5059554,2828762144000,2512790080000,-606021408,2915237360,3103379216,-188141856,7115866624,7533746176,-417879552,8620877568,8525332992,95544576,8435821312,7928976896,506844416,-2.20,-0.68,-1.51,0.35,1.84,0,46,32,14,0,0,0,27.35,0.00,0.00,0.00,,0.00,,0.00,EastMoney,2026-08-03T17:50:26+08:00
BK1053,2026-08-03T00:00:00Z,103514,105922,105922,103514,103562,2360,2.28,119760442,26417591707,1.48,0.92,0.00,0,68182003,51578439,1983401712000,1735244736000,105969312,2784409088,2531839072,252570016,6561917952,6708518656,-146600704,7361524224,8176280576,-814756352,9055233792,8344026368,711207424,0.40,0.96,-0.55,-3.08,2.69,0,235,215,12,8,0,0,-9.72,0.00,0.00,0.00,,0.00,,0.00,EastMoney,2026-08-03T17:50:26+08:00
BK1054,2026-08-03T00:00:00Z,89252,91356,91407,89252,89275,2081,2.33,4186304,3628704115,2.91,1.03,0.00,0,2159183,2027121,127352304000,118415492000,-156802304,138634158,216825726,-78191568,687389232,765999968,-78610736,1162707808,1202792576,-40084768,1561350656,1364463600,196887056,-4.32,-2.15,-2.17,-1.10,5.43,0,18,14,4,0,0,0,-39.36,0.00,0.00,0.00,,0.00,,0.00,EastMoney,2026-08-03T17:50:26+08:00
BK1055,2026-08-03T00:00:00Z,119058,120266,120810,118427,118686,1580,1.33,54585863,61203705076,5.94,1.42,0.00,0,27642316,26943547,3224684240000,1070476688000,-2738882560,7094308352,8642974208,-1548665856,13944621056,15134837760,-1190216704,19425720064,18499553536,926166528,18848639232,17035922944,1812716288,-4.48,-2.53,-1.94,1.51,2.96,0,85,64,21,0,0,0,23.09,0.00,0.00,0.00,,0.00,,0.00,EastMoney,2026-08-03T17:50:26+08:00
BK1056,2026-08-03T00:00:00Z,90997,92211,92219,90997,90900,1311,1.44,6462522,7171082383,2.06,0.92,0.00,0,3436779,3025742,432861696000,383136976000,-71268800,464901024,432858224,32042800,1359832576,1463144176,-103311600,2396186048,2421069248,-24883200,2818456768,2722304768,96152000,-0.99,0.45,-1.44,-0.35,1.34,0,51,44,6,1,0,0,72.94,0.00,0.00,0.00,,0.00,,0.00,EastMoney,2026-08-03T17:50:26+08:00
BK1057,2026-08-03T00:00:00Z,93758,95697,95771,93595,93966,1731,1.84,21277603,11652528966,2.84,0.71,0.00,0,9747547,11530056,550353744000,378625424000,-1013065744,1919421984,2779295376,-859873392,2640231760,2793424112,-153192352,3316392976,3052608448,263784528,3432227568,2682946368,749281200,-8.69,-7.38,-1.31,2.26,6.43,0,15,11,4,0,0,0,38.87,0.00,0.00,0.00,,0.00,,0.00,EastMoney,2026-08-03T17:50:26+08:00
BK1058,2026-08-03T00:00:00Z,108547,111507,111507,108547,108466,3041,2.80,7561391,5805709095,1.47,1.11,0.00,0,4269047,3292344,391267216000,365479840000,-54534727,249232377,322995264,-73762887,1142063744,1122835584,19228160,1845736544,1939899840,-94163296,2453390080,2305355280,148034800,-0.94,-1.27,0.33,-1.62,2.55,0,53,48,4,1,0,0,26.65,0.00,0.00,0.00,,0.00,,0.00,EastMoney,2026-08-03T17:50:26+08:00
BK1059,2026-08-03T00:00:00Z,81705,79661,82657,79249,82547,-2886,-3.50,22924050,471423332580,3.35,0.84,0.00,0,11262375,11661675,20388490496000,15907024128000,-17454862336,80040910848,95811190784,-15770279936,137893879808,139578462208,-1684582400,162553864192,154269155328,8284708864,80935292928,71800397824,9134895104,-3.70,-3.35,-0.36,1.76,1.94,0,181,37,144,0,0,0,51.29,0.00,0.00,0.00,,0.00,,0.00,EastMoney,2026-08-03T17:50:26+08:00
BK1061,2026-08-03T00:00:00Z,117746,119218,119218,117554,117576,1642,1.40,48607562,71472520510,3.18,1.00,0.00,0,23965966,24641596,1827935552000,1695865280000,-1734144512,6827070720,7400083200,-573012480,15365050112,16526182144,-1161132032,22224767488,22950357248,-725589760,24852406784,22458053120,2394353664,-2.43,-0.80,-1.62,-1.02,3.35,0,186,132,50,4,0,0,-83.15,0.00,0.00,0.00,,0.00,,0.00,EastMoney,2026-08-03T17:50:26+08:00
BK1063,2026-08-03T00:00:00Z,87631,87752,88893,87419,87784,-32,-0.04,1491770,3003838960,2.00,0.79,0.00,0,718218,773552,217832617000,173481185000,-45155941,78840027,123411680,-44571653,570281648,570865936,-584288,1019183248,1009775232,9408016,1118574720,1106708368,11866352,-1.50,-1.48,-0.02,0.31,0.40,0,20,8,12,0,0,0,45.02,0.00,0.00,0.00,,0.00,,0.00,EastMoney,2026-08-03T17:50:26+08:00
BK1064,2026-08-03T00:00:00Z,171287,173631,173720,171287,171026,2605,1.52,34069011,59095498530,3.37,1.03,0.00,0,17017890,17051121,1596267888000,1355826208000,-803908864,6633594112,6591415296,42178816,12998964736,13845052416,-846087680,18290853376,19032674048,-741820672,19450715648,17951273216,1499442432,-1.36,0.07,-1.43,-1.26,2.54,0,69,49,19,1,0,0,59.60,0.00,0.00,0.00,,0.00,,0.00,EastMoney,2026-08-03T17:50:26+08:00
BK1066,2026-08-03T00:00:00Z,142321,144947,145002,142200,141951,2996,2.11,6819793,5143220206,1.29,1.21,0.00,0,4126896,2692897,346375616000,299580176000,74236816,580612608,460450656,120161952,1078033088,1123958224,-45925136,1519977808,1609042480,-89064672,1797528016,1782700160,14827856,1.44,2.34,-0.89,-1.73,0.29,0,22,19,3,0,0,0,23.45,0.00,0.00,0.00,,0.00,,0.00,EastMoney,2026-08-03T17:50:26+08:00
BK1068,2026-08-03T00:00:00Z,117180,118369,118369,117041,116906,1463,1.25,3935503,9094946531,1.31,1.04,0.00,0,2032958,1902545,1179010128000,1034625776000,-598135952,916970304,1211714496,-294744192,2268018176,2571409936,-303391760,3034918496,2698284016,336634480,2732492896,2470991440,261501456,-6.58,-3.24,-3.34,3.70,2.88,0,21,17,4,0,0,0,12.58,0.00,0.00,0.00,,0.00,,0.00,EastMoney,2026-08-03T17:50:26+08:00
BK1069,2026-08-03T00:00:00Z,153874,156861,156863,153874,153256,3605,2.35,5352166,5049926045,3.80,0.88,0.00,0,2709303,2642863,134938622000,121189402000,10928128,312332256,302526272,9805984,990488800,989366656,1122144,1543511968,1649291504,-105779536,2057849072,1964556176,93292896,0.22,0.19,0.02,-2.09,1.85,0,27,23,4,0,0,0,-82.05,0.00,0.00,0.00,,0.00,,0.00,EastMoney,2026-08-03T17:50:26+08:00
BK1070,2026-08-03T00:00:00Z,94111,95705,95756,93969,93620,2085,2.23,7332384,4964821289,2.25,1.06,0.00,0,4038695,3293689,222395298000,209208189000,128985323,218516107,278004032,-59487925,1166507024,978033776,188473248,1557247344,1549181072,8066272,1904675056,2042607328,-137932272,2.60,-1.20,3.80,0.16,-2.78,0,35,29,6,0,0,0,123.59,0.00,0.00,0.00,,0.00,,0.00,EastMoney,2026-08-03T17:50:26+08:00
BK1071,2026-08-03T00:00:00Z,148913,149708,149900,148217,149031,677,0.45,40443814,42984261810,0.39,0.93,0.00,0,20838269,19605545,13533779968000,8583969792000,-705318656,6466156032,6788071936,-321915904,10011295488,10394698240,-383402752,13138075904,12935089664,202986240,12362498304,11865513728,496984576,-1.64,-0.75,-0.89,0.47,1.16,0,64,40,22,2,0,0,7.75,0.00,0.00,0.00,,0.00,,0.00,EastMoney,2026-08-03T17:50:26+08:00
BK1072,2026-08-03T00:00:00Z,146749,149251,149265,146558,146503,2748,1.88,10851834,12747067781,1.70,0.97,0.00,0,5796676,5055158,638837168000,533558320000,-85073136,794181856,749021392,45160464,2397375392,2527608992,-130233600,4007782592,4216833696,-209051104,5288554496,5004298496,284256000,-0.67,0.35,-1.02,-1.64,2.23,0,82,68,14,0,0,0,33.98,0.00,0.00,0.00,,0.00,,0.00,EastMoney,2026-08-03T17:50:26+08:00
BK1073,2026-08-03T00:00:00Z,111949,113485,113587,111741,111867,1618,1.45,3575857,3654545438,1.92,0.99,0.00,0,2033010,1542847,240791011000,197532540000,-47049645,223040192,186306781,36733411,620797328,704580384,-83783056,1101094880,1219164416,-118069536,1650311712,1485192528,165119184,-1.29,1.01,-2.29,-3.23,4.52,0,19,16,3,0,0,0,21.41,0.00,0.00,0.00,,0.00,,0.00,EastMoney,2026-08-03T17:50:26+08:00
BK1074,2026-08-03T00:00:00Z,83125,85244,85255,82715,82709,2535,3.06,658027,582388415,2.22,1.20,0.00,0,322479,335548,24799126000,23033219000,32440658,32797780,19497947,13299833,98853663,79712838,19140825,180187058,194367460,-14180402,261169122,279429376,-18260254,5.57,2.28,3.29,-2.43,-3.14,0,6,5,1,0,0,0,101.02,0.00,0.00,0.00,,0.00,,0.00,EastMoney,2026-08-03T17:50:26+08:00
BK1075,2026-08-03T00:00:00Z,101220,102006,102006,100475,101316,690,0.68,7065999,8953942961,3.39,0.96,0.00,0,3393501,3672498,295341952000,264130092000,-193348320,414066960,473220400,-59153440,1670826464,1805021344,-134194880,3054156656,3076166048,-22009392,3594689840,3379332112,215357728,-2.16,-0.66,-1.50,-0.25,2.41,0,39,29,10,0,0,0,-233.89,0.00,0.00,0.00,,0.00,,0.00,EastMoney,2026-08-03T17:50:26+08:00
BK1076,2026-08-03T00:00:00Z,101260,104358,104393,101255,101208,3150,3.11,7863026,7105363933,2.74,0.87,0.00,0,4085081,3777944,235896143000,209290925000,254555072,526348000,367130560,159217440,1350924992,1255587360,95337632,2083672880,2174721264,-91048384,2953363552,3117942768,-164579216,3.58,2.24,1.34,-1.28,-2.32,0,46,43,3,0,0,0,-78.70,0.00,0.00,0.00,,0.00,,0.00,EastMoney,2026-08-03T17:50:26+08:00
BK1077,2026-08-03T00:00:00Z,118634,121017,121017,118552,118759,2258,1.90,10014890,5922459062,1.36,0.91,0.00,0,5433318,4581572,399881904000,354153376000,-20356416,335757584,301231312,34526272,1153607328,1208490016,-54882688,1838400176,1918407184,-80007008,2413845744,2320527584,93318160,-0.34,0.58,-0.93,-1.35,1.58,0,44,40,4,0,0,0,32.05,0.00,0.00,0.00,,0.00,,0.00,EastMoney,2026-08-03T17:50:26+08:00
BK1078,2026-08-03T00:00:00Z,128898,129987,130034,128692,128969,1018,0.79,12469553,13815267733,3.35,0.80,0.00,0,6101936,6367617,587651392000,523121056000,-224030976,869606880,962571552,-92964672,2791926208,2922992512,-131066304,4685010944,4631884800,53126144,5150791168,4979886592,170904576,-1.62,-0.67,-0.95,0.38,1.24,0,56,44,11,1,0,0,146.84,0.00,0.00,0.00,,0.00,,0.00,EastMoney,2026-08-03T17:50:26+08:00
BK1079,2026-08-03T00:00:00Z,128895,131410,131410,128763,128385,3025,2.36,2631406,1910965006,1.56,0.79,0.00,0,1491811,1139595,126388306000,110031087000,-29587240,81120008,76965888,4154120,317247504,350988864,-33741360,576087040,617510560,-41423520,900941232,830902496,70038736,-1.55,0.22,-1.77,-2.17,3.67,0,26,24,2,0,0,0,41.58,0.00,0.00,0.00,,0.00,,0.00,EastMoney,2026-08-03T17:50:26+08:00
BK1080,2026-08-03T00:00:00Z,99498,101724,101755,99498,99181,2543,2.56,18087178,16910680109,2.56,1.13,0.00,0,9628207,8458971,480443264000,422720464000,323681216,1248632096,1126423168,122208928,3575393600,3373921312,201472288,5109804288,5379043072,-269238784,6514255360,6569769984,-55514624,1.91,0.72,1.19,-1.59,-0.33,0,103,86,16,1,0,0,-40.10,0.00,0.00,0.00,,0.00,,0.00,EastMoney,2026-08-03T17:50:26+08:00
BK1082,2026-08-03T00:00:00Z,152842,153406,153807,152101,153068,338,0.22,1241910,1258422752,3.91,0.91,0.00,0,635061,606849,41540288000,34038581000,-11092502,33799680,54226891,-20427211,261240733,251906024,9334709,392956384,380096192,12860192,543662592,545430272,-1767680,-0.88,-1.62,0.74,1.02,-0.14,0,9,5,3,1,0,0,62.58,0.00,0.00,0.00,,0.00,,0.00,EastMoney,2026-08-03T17:50:26+08:00
BK1086,2026-08-03T00:00:00Z,66872,68269,68276,66812,66819,1450,2.17,5846079,3108932337,2.05,1.18,0.00,0,3394011,2452067,198864011000,170918885000,98645825,187354431,158426126,28928305,671565856,601848336,69717520,947628224,1018662896,-71034672,1220436512,1249774320,-29337808,3.17,0.93,2.24,-2.28,-0.94,0,30,28,2,0,0,0,29.19,0.00,0.00,0.00,,0.00,,0.00,EastMoney,2026-08-03T17:50:26+08:00
BK1087,2026-08-03T00:00:00Z,144274,146645,146733,144148,143309,3336,2.33,25346796,19277129067,1.57,1.06,0.00,0,14217407,11129389,1237102288000,1026256768000,325009984,1946858064,1869688160,77169904,4348617472,4100777392,247840080,5877275392,6277629184,-400353792,6713771264,6638427392,75343872,1.69,0.40,1.29,-2.08,0.39,0,49,42,7,0,0,0,17.63,0.00,0.00,0.00,,0.00,,0.00,EastMoney,2026-08-03T17:50:26+08:00
BK1088,2026-08-03T00:00:00Z,411338,416788,421195,410195,413597,3191,0.77,8914223,63438843140,2.09,0.84,0.00,0,4379441,4534782,1854317984000,1764535024000,-442791680,13184488192,13108136448,76351744,16615342080,17134485504,-519143424,21397980416,21142888960,255091456,10939469312,10751768832,187700480,-0.70,0.12,-0.82,0.40,0.30,0,25,15,9,1,0,0,48.22,0.00,0.00,0.00,,0.00,,0.00,EastMoney,2026-08-03T17:50:26+08:00
BK1089,2026-08-03T00:00:00Z,180158,182866,182879,179945,180374,2492,1.38,11083015,20008644773,2.07,0.95,0.00,0,5741542,5341473,930720112000,791953168000,-453340416,1220496144,1515967792,-295471648,3791658480,3949527248,-157868768,6442251008,6364524032,77726976,8141583616,7763926528,377657088,-2.27,-1.48,-0.79,0.39,1.89,0,96,75,21,0,0,0,34.26,0.00,0.00,0.00,,0.00,,0.00,EastMoney,2026-08-03T17:50:26+08:00
BK1090,2026-08-03T00:00:00Z,184785,187357,187432,184784,184615,2742,1.49,137629078,303503634439,2.37,1.03,0.00,0,71357220,66271858,12695302144000,10846345984000,-5538183424,32098184704,35867346432,-3769161728,68336971520,70105993216,-1769021696,98278154240,96802414592,1475739648,98284453888,94270009344,4014444544,-1.82,-1.24,-0.58,0.49,1.32,0,713,538,169,6,0,0,37.07,0.00,0.00,0.00,,0.00,,0.00,EastMoney,2026-08-03T17:50:26+08:00
BK1092,2026-08-03T00:00:00Z,168175,170358,170835,167723,168800,1558,0.92,1125522,10394982170,1.23,0.69,0.00,0,589816,535706,1932618544000,1778176800000,-410986112,1586105808,1706222704,-120116896,3231019136,3521888352,-290869216,2923446560,2746466032,176980528,2466028672,2232023072,234005600,-3.95,-1.16,-2.80,1.70,2.25,0,8,5,3,0,0,0,22.19,0.00,0.00,0.00,,0.00,,0.00,EastMoney,2026-08-03T17:50:26+08:00
BK1093,2026-08-03T00:00:00Z,121511,123049,123161,121377,121650,1399,1.15,4094177,7685813223,2.47,1.13,0.00,0,2163665,1930512,304069520000,279038848000,-60257296,544892560,532090448,12802112,1547436272,1620495680,-73059408,2579588848,2475458560,104130288,2896414720,2940287712,-43872992,-0.78,0.17,-0.95,1.35,-0.57,0,28,22,6,0,0,0,47.48,0.00,0.00,0.00,,0.00,,0.00,EastMoney,2026-08-03T17:50:26+08:00
BK1094,2026-08-03T00:00:00Z,89534,91401,91445,89301,89380,2021,2.26,30652015,23263179293,3.37,0.88,0.00,0,15516381,15135634,787573488000,738027824000,-117571392,2929670800,2997914576,-68243776,4933248256,4982575872,-49327616,7205296640,7223577088,-18280448,7707843072,7571790592,136052480,-0.51,-0.29,-0.21,-0.08,0.58,0,48,38,10,0,0,0,-30.29,0.00,0.00,0.00,,0.00,,0.00,EastMoney,2026-08-03T17:50:26+08:00
BK1095,2026-08-03T00:00:00Z,127842,130401,130514,127842,127783,2618,2.05,14562237,8527359226,1.63,1.11,0.00,0,8466331,6095907,536895072000,490224064000,-62822624,1209744864,1185814880,23929984,1935995456,2022748064,-86752608,2486726288,2605680544,-118954256,2760947520,2579170640,181776880,-0.74,0.28,-1.02,-1.39,2.13,0,21,19,2,0,0,0,39.29,0.00,0.00,0.00,,0.00,,0.00,EastMoney,2026-08-03T17:50:26+08:00
BK1097,2026-08-03T00:00:00Z,80537,82232,82234,80372,80446,1786,2.22,17048652,18887602101,3.05,1.12,0.00,0,9482583,7566069,644302384000,603516800000,218508384,1480005376,1246282416,233722960,3935423104,3950637680,-15214576,6117934848,6368505344,-250570496,7073141504,7041079552,32061952,1.16,1.24,-0.08,-1.33,0.17,0,45,34,10,1,0,0,-20.50,0.00,0.00,0.00,,0.00,,0.00,EastMoney,2026-08-03T17:50:26+08:00
BK1098,2026-08-03T00:00:00Z,103685,106183,106195,103685,103647,2536,2.45,5126310,4316556597,2.01,0.93,0.00,0,2802818,2323492,236087975000,209602428000,-12947288,226463447,224836831,1626616,918069824,932643728,-14573904,1383184672,1420376544,-37191872,1719059792,1668920624,50139168,-0.30,0.04,-0.34,-0.86,1.16,0,29,28,1,0,0,0,22.52,0.00,0.00,0.00,,0.00,,0.00,EastMoney,2026-08-03T17:50:26+08:00
BK1099,2026-08-03T00:00:00Z,95085,97368,97422,94715,94539,2829,2.99,768590,1069871691,2.09,1.13,0.00,0,397091,371499,59472397000,52500973000,-22264259,33176756,20730533,12446223,167029589,201740071,-34710482,364018640,360523920,3494720,481241184,462471664,18769520,-2.08,1.16,-3.24,0.33,1.75,0,9,7,1,1,0,0,27.68,0.00,0.00,0.00,,0.00,,0.00,EastMoney,2026-08-03T17:50:26+08:00
BK1100,2026-08-03T00:00:00Z,162279,165925,166159,162174,162125,3800,2.34,13909021,25661900614,2.41,1.01,0.00,0,7202352,6706668,1032878928000,891810544000,606512608,2367731456,2161111584,206619872,5835192320,5435299584,399892736,9042638592,9661860352,-619221760,7719767040,7715596032,4171008,2.36,0.81,1.56,-2.41,0.02,0,86,73,13,0,0,0,61.98,0.00,0.00,0.00,,0.00,,0.00,EastMoney,2026-08-03T17:50:26+08:00
BK1101,2026-08-03T00:00:00Z,293595,288363,297623,286513,297297,-8934,-3.01,30779101,98177529281,4.95,0.76,0.00,0,13800691,16978410,2718322912000,2130775408000,-6533841664,14588106752,20341488128,-5753381376,31438967296,32219427584,-780460288,27568985856,26102652672,1466333184,21961698816,16960787968,5000910848,-6.66,-5.86,-0.79,1.49,5.09,0,61,16,44,1,0,0,90.59,0.00,0.00,0.00,,0.00,,0.00,EastMoney,2026-08-03T17:50:26+08:00
BK1102,2026-08-03T00:00:00Z,153629,154582,154717,153340,153505,1077,0.70,7017827,17688336650,1.70,1.05,0.00,0,3509259,3508567,1553384016000,1348233728000,-776605936,1612677136,2017002096,-404324960,3893821072,4266102048,-372280976,5732944896,5345915648,387029248,6182301952,5792724992,389576960,-4.39,-2.29,-2.10,2.19,2.20,0,35,22,12,1,0,0,14.79,0.00,0.00,0.00,,0.00,,0.00,EastMoney,2026-08-03T17:50:26+08:00
BK1103,2026-08-03T00:00:00Z,100013,102309,102383,99632,99629,2680,2.69,1934996,2825546103,1.85,1.04,0.00,0,979053,955943,104739172000,102530558000,6293519,229624204,249513933,-19889729,543561648,517378400,26183248,820997056,949566592,-128569536,1188832224,1068717792,120114432,0.22,-0.70,0.93,-4.55,4.25,0,11,9,2,0,0,0,21.46,0.00,0.00,0.00,,0.00,,0.00,EastMoney,2026-08-03T17:50:26+08:00
BK1104,2026-08-03T00:00:00Z,169467,170725,171542,168844,169225,1500,0.89,56066567,135292629256,3.62,1.02,0.00,0,27148030,28918537,3838225104000,3475083968000,-4705132288,15801073920,18667297280,-2866223360,31263444480,33102353408,-1838908928,44980659200,43714536704,1266122496,39376677632,36017699072,3358978560,-3.48,-2.12,-1.36,0.94,2.48,0,243,160,79,4,0,0,149.43,0.00,0.00,0.00,,0.00,,0.00,EastMoney,2026-08-03T17:50:26+08:00
BK1106,2026-08-03T00:00:00Z,136459,136461,137773,135911,136464,-3,0.00,30952326,54169981088,2.07,0.80,0.00,0,15397941,15554386,3644041232000,2866953696000,-1314073088,4309003520,4766676224,-457672704,11468723456,12325123840,-856400384,18961348352,18343976960,617371392,18255476224,17582326784,673149440,-2.43,-0.84,-1.58,1.14,1.24,0,189,108,78,3,0,0,54.25,0.00,0.00,0.00,,0.00,,0.00,EastMoney,2026-08-03T17:50:26+08:00
BK1107,2026-08-03T00:00:00Z,143182,144548,144648,143069,144214,334,0.23,6979042,10218521183,0.58,0.82,0.00,0,3506959,3472083,1918872416000,1605918512000,-564927328,1395321648,1805802880,-410481232,2492126816,2646572912,-154446096,3235329152,3063403520,171925632,2813873696,2420871984,393001712,-5.53,-4.02,-1.51,1.68,3.85,0,14,7,6,1,0,0,12.59,0.00,0.00,0.00,,0.00,,0.00,EastMoney,2026-08-03T17:50:26+08:00
BK1108,2026-08-03T00:00:00Z,124978,125118,126300,124452,125146,-28,-0.02,6618395,40815550973,1.53,1.05,0.00,0,3542715,3075680,2296442720000,1482485152000,-1486825984,6146193664,7361502720,-1215309056,12492638720,12764155648,-271516928,15274997248,13809461760,1465535488,6113667584,6092376576,21291008,-3.64,-2.98,-0.67,3.59,0.05,0,45,25,20,0,0,0,120.91,0.00,0.00,0.00,,0.00,,0.00,EastMoney,2026-08-03T17:50:26+08:00
BK1109,2026-08-03T00:00:00Z,98448,100455,100455,97979,98354,2101,2.14,3777124,2220625106,1.65,0.96,0.00,0,2074728,1702396,128255346000,116317896000,46429425,153968139,102398394,51569745,421514496,426654816,-5140320,734217536,728380528,5837008,858291024,910557456,-52266432,2.09,2.32,-0.23,0.26,-2.35,0,14,13,1,0,0,0,110.56,0.00,0.00,0.00,,0.00,,0.00,EastMoney,2026-08-03T17:50:26+08:00
BK1110,2026-08-03T00:00:00Z,163393,164354,165362,161330,162726,1628,1.00,28872627,36703807207,6.53,1.33,0.00,0,14178124,14694503,459831264000,429743360000,-2095849312,4106851744,5479995136,-1373143392,8379525120,9102231040,-722705920,11687845120,11090157824,597687296,11218785536,9720623872,1498161664,-5.71,-3.74,-1.97,1.63,4.08,0,49,34,15,0,0,0,-93.88,0.00,0.00,0.00,,0.00,,0.00,EastMoney,2026-08-03T17:50:26+08:00
BK1111,2026-08-03T00:00:00Z,185775,186635,188316,184519,185565,1070,0.58,69207929,92963630447,5.69,1.30,0.00,0,34408594,34799335,1982517248000,1746557104000,-2905276160,11391705088,13424353792,-2032648704,21955681792,22828309248,-872627456,29069284096,28260894976,808389120,27672147712,25626611456,2045536256,-3.13,-2.19,-0.94,0.87,2.20,0,118,72,41,5,0,0,65.09,0.00,0.00,0.00,,0.00,,0.00,EastMoney,2026-08-03T17:50:26+08:00
BK1112,2026-08-03T00:00:00Z,141037,143486,143486,141037,141221,2265,1.60,157758001,90627126837,0.63,0.95,0.00,0,87797655,69960346,22226087680000,16331181824000,-1140001536,11574608128,11484103424,90504704,20016780800,21247287040,-1230506240,26439135744,27170909696,-731773952,30991729408,29122038528,1869690880,-1.26,0.10,-1.36,-0.81,2.06,0,431,375,47,9,0,0,9.62,0.00,0.00,0.00,,0.00,,0.00,EastMoney,2026-08-03T17:50:26+08:00
BK1113,2026-08-03T00:00:00Z,158025,155104,159878,153837,159087,-3983,-2.50,7440582,14656374360,3.51,0.97,0.00,0,3658444,3782138,400054688000,350506608000,-486535216,891651568,1296594928,-404943360,2741287904,2822879760,-81591856,4380290048,4466561280,-86271232,6412071936,5839265536,572806400,-3.32,-2.76,-0.56,-0.59,3.91,0,30,12,18,0,0,0,153.83,0.00,0.00,0.00,,0.00,,0.00,EastMoney,2026-08-03T17:50:26+08:00
BK1115,2026-08-03T00:00:00Z,137324,139155,139162,137223,137285,1870,1.36,34302936,40444047704,2.57,1.04,0.00,0,17681956,16620981,1526535072000,1262603936000,-1049310208,4505316096,5265268736,-759952640,8885015552,9174373120,-289357568,12300809216,12037130240,263678976,13198670080,12463365376,735304704,-2.59,-1.88,-0.72,0.65,1.82,0,168,131,37,0,0,0,35.53,0.00,0.00,0.00,,0.00,,0.00,EastMoney,2026-08-03T17:50:26+08:00
BK1116,2026-08-03T00:00:00Z,138085,140700,140764,137754,137795,2905,2.11,1993512,2315490588,2.02,0.88,0.00,0,1105698,887814,114152162000,90177335000,-107430369,100518130,119667011,-19148881,375608832,463890320,-88281488,714753216,790408736,-75655520,1094545568,911459680,183085888,-4.64,-0.83,-3.81,-3.27,7.91,0,16,15,1,0,0,0,41.97,0.00,0.00,0.00,,0.00,,0.00,EastMoney,2026-08-03T17:50:26+08:00
BK1118,2026-08-03T00:00:00Z,131213,132981,133016,130154,130663,2318,1.77,9074195,10912936694,4.38,1.08,0.00,0,4260447,4813748,224711568000,214263037000,-249877312,975394208,1006280464,-30886256,2267611200,2486602256,-218991056,3405117664,3445853408,-40735744,3785957952,3495344896,290613056,-2.29,-0.28,-2.01,-0.37,2.66,0,33,25,8,0,0,0,-47.83,0.00,0.00,0.00,,0.00,,0.00,EastMoney,2026-08-03T17:50:26+08:00
BK1119,2026-08-03T00:00:00Z,143438,143813,145427,142971,142802,1011,0.71,1298617,6322689886,1.80,1.08,0.00,0,660310,638307,358744944000,313217792000,61913280,698878688,716893024,-18014336,1565946176,1486018560,79927616,2249880272,2013399312,236480960,1715813856,2014208112,-298394256,0.98,-0.28,1.26,3.74,-4.72,0,10,6,4,0,0,0,48.01,0.00,0.00,0.00,,0.00,,0.00,EastMoney,2026-08-03T17:50:26+08:00
BK1121,2026-08-03T00:00:00Z,203632,202155,205717,201280,205463,-3308,-1.61,1328584,2687761243,1.38,0.75,0.00,0,692763,635821,93699106000,80668171000,-158874080,141075195,212566283,-71491088,578331072,665714064,-87382992,963320592,933483024,29837568,951517392,822480880,129036512,-5.91,-2.66,-3.25,1.11,4.80,0,4,1,3,0,0,0,65.53,0.00,0.00,0.00,,0.00,,0.00,EastMoney,2026-08-03T17:50:26+08:00
BK1124,2026-08-03T00:00:00Z,194548,197284,198166,194548,195474,1810,0.93,14781908,51128729625,3.93,0.90,0.00,0,7506946,7274962,1087929216000,976192864000,-2324309248,6322989824,7688082688,-1365092864,11712292608,12671508992,-959216384,15486876416,15520083968,-33207552,16286387712,13939024896,2347362816,-4.55,-2.67,-1.88,-0.06,4.59,0,54,40,13,1,0,0,38.79,0.00,0.00,0.00,,0.00,,0.00,EastMoney,2026-08-03T17:50:26+08:00
BK1125,2026-08-03T00:00:00Z,148984,151452,151499,148744,147598,3854,2.61,3611140,7918606024,2.11,0.92,0.00,0,1917860,1693280,321847296000,271629648000,258472240,1122368416,817310944,305057472,1655076800,1701662032,-46585232,2386731632,2441613360,-54881728,2504711648,2708302160,-203590512,3.26,3.85,-0.59,-0.69,-2.57,0,26,22,3,1,0,0,-3613.53,0.00,0.00,0.00,,0.00,,0.00,EastMoney,2026-08-03T17:50:26+08:00
BK1126,2026-08-03T00:00:00Z,186288,187275,189398,185340,185763,1512,0.81,34174790,58026646986,5.30,1.24,0.00,0,16665064,17509726,1122887744000,972651104000,-1970513152,6821415424,7952398080,-1130982656,13683195392,14522725888,-839530496,18634839808,17971468544,663371264,17195926784,15888784896,1307141888,-3.40,-1.95,-1.45,1.14,2.25,0,62,40,21,1,0,0,232.07,0.00,0.00,0.00,,0.00,,0.00,EastMoney,2026-08-03T17:50:26+08:00
BK1127,2026-08-03T00:00:00Z,173184,170968,175712,169860,174231,-3263,-1.87,12729654,58693019968,2.89,0.79,0.00,0,5999646,6730008,2758265872000,2154453952000,-2419410176,9094043904,12567836672,-3473792768,22245059072,21190676480,1054382592,15852453120,14459508992,1392944128,10371993344,9351720704,1020272640,-4.12,-5.92,1.80,2.37,1.74,0,39,11,28,0,0,0,174.87,0.00,0.00,0.00,,0.00,,0.00,EastMoney,2026-08-03T17:50:26+08:00
BK1128,2026-08-03T00:00:00Z,698944,701702,716149,691862,705827,-4125,-0.58,31751095,189732487178,3.90,0.85,0.00,0,15249047,16502048,5694527488000,5277950208000,-2317586688,33107678464,34365974784,-1258296320,49222283008,50281573376,-1059290368,58615800576,59793167104,-1177366528,45007973120,41454426624,3553546496,-1.22,-0.66,-0.56,-0.62,1.87,0,65,28,37,0,0,0,50.44,0.00,0.00,0.00,,0.00,,0.00,EastMoney,2026-08-03T17:50:26+08:00
BK1129,2026-08-03T00:00:00Z,91115,92910,92992,90595,91172,1738,1.91,5910847,5028570251,4.92,1.12,0.00,0,3031870,2878978,95019634000,88111798000,-204525123,234060653,298358288,-64297635,996509328,1136736816,-140227488,1683019712,1682405920,613792,1972708176,1768796832,203911344,-4.07,-1.28,-2.79,0.01,4.06,0,18,14,3,1,0,0,-20.35,0.00,0.00,0.00,,0.00,,0.00,EastMoney,2026-08-03T17:50:26+08:00
BK1130,2026-08-03T00:00:00Z,130272,134397,134488,130272,130453,3944,3.02,5467781,8042607832,3.41,1.01,0.00,0,2846603,2621178,270316480000,243862266000,109758336,590133424,542368256,47765168,1695386544,1633393376,61993168,2625165360,2734825488,-109660128,2978673440,2982857328,-4183888,1.36,0.59,0.77,-1.36,-0.05,0,27,23,3,1,0,0,-499.45,0.00,0.00,0.00,,0.00,,0.00,EastMoney,2026-08-03T17:50:26+08:00
BK1131,2026-08-03T00:00:00Z,206115,210719,210974,204986,204827,5892,2.88,2445664,5227510362,5.10,1.13,0.00,0,1206911,1238753,98505721000,94830689000,63041856,586544336,498608784,87935552,1219018384,1243912080,-24893696,1642884128,1604692736,38191392,1629423264,1730656496,-101233232,1.21,1.68,-0.48,0.73,-1.94,0,7,5,2,0,0,0,41.94,0.00,0.00,0.00,,0.00,,0.00,EastMoney,2026-08-03T17:50:26+08:00
BK1132,2026-08-03T00:00:00Z,100676,102012,102747,100246,100701,1311,1.30,2283283,3919737905,3.52,0.90,0.00,0,1112235,1171048,144029510000,140160875000,-28143077,217857291,274574848,-56717557,911296432,882721952,28574480,1440542624,1438690272,1852352,1280492864,1254202160,26290704,-0.72,-1.45,0.73,0.05,0.67,0,10,9,1,0,0,0,76.12,0.00,0.00,0.00,,0.00,,0.00,EastMoney,2026-08-03T17:50:26+08:00
BK1133,2026-08-03T00:00:00Z,128446,128224,130302,127526,127541,683,0.54,6870591,10747021625,4.81,1.84,0.00,0,3438073,3432519,244839394000,215420752000,-532087568,1118120864,1480134944,-362014080,2293876784,2463950272,-170073488,3218946912,3171164704,47782208,3797976624,3314245168,483731456,-4.95,-3.37,-1.58,0.44,4.50,0,23,16,7,0,0,0,80.79,0.00,0.00,0.00,,0.00,,0.00,EastMoney,2026-08-03T17:50:26+08:00
BK1134,2026-08-03T00:00:00Z,176658,178446,178935,176658,176460,1986,1.13,72386005,227303583288,2.33,1.00,0.00,0,36660031,35725975,11036559872000,7941193728000,-3056925440,37111646720,40582222848,-3470576128,64751012352,64337361664,413650688,68801646592,67802620416,999026176,51731976448,49732706816,1999269632,-1.34,-1.53,0.18,0.44,0.88,0,211,145,65,1,0,0,38.52,0.00,0.00,0.00,,0.00,,0.00,EastMoney,2026-08-03T17:50:26+08:00
BK1135,2026-08-03T00:00:00Z,108373,109182,109494,107665,108195,987,0.91,40999303,56892298990,2.82,1.05,0.00,0,19997326,21001977,1896228128000,1639109584000,-2229301504,4602460672,5867341568,-1264880896,12368274944,13332695552,-964420608,18117993216,18181035776,-63042560,20078530048,17818866176,2259663872,-3.92,-2.22,-1.70,-0.11,3.97,0,162,109,48,5,0,0,62.58,0.00,0.00,0.00,,0.00,,0.00,EastMoney,2026-08-03T17:50:26+08:00
BK1136,2026-08-03T00:00:00Z,311841,314151,318348,310035,313968,183,0.06,31562240,187524068389,4.18,0.91,0.00,0,15451335,16110905,5264850944000,4612321024000,-2081608192,32852111872,34813264128,-1961152256,50818375680,50938831616,-120455936,57349526272,57814618624,-465092352,42622368768,40000402688,2621966080,-1.11,-1.05,-0.06,-0.25,1.40,0,97,49,48,0,0,0,66.68,0.00,0.00,0.00,,0.00,,0.00,EastMoney,2026-08-03T17:50:26+08:00
BK1137,2026-08-03T00:00:00Z,252626,246626,254836,245288,255624,-8998,-3.52,45739970,285183666693,5.06,0.75,0.00,0,21932875,23807095,10836765952000,5517849344000,-22005228288,45482668288,62582993920,-17100325632,73108541440,78013444096,-4904902656,93883908096,85928886272,7955021824,65773252096,51758248448,14015003648,-7.72,-6.00,-1.72,2.79,4.91,0,135,31,103,1,0,0,106.40,0.00,0.00,0.00,,0.00,,0.00,EastMoney,2026-08-03T17:50:26+08:00
BK1138,2026-08-03T00:00:00Z,181961,182384,184276,180992,182070,314,0.17,55891527,145322546133,3.47,1.05,0.00,0,28207782,27683745,6090940672000,5650622208000,-4626402816,16015267840,18370702080,-2355434240,32750318592,35021287168,-2270968576,45548832768,45353473536,195359232,48145270272,43720976640,4424293632,-3.18,-1.62,-1.56,0.13,3.04,0,152,88,64,0,0,0,29.53,0.00,0.00,0.00,,0.00,,0.00,EastMoney,2026-08-03T17:50:26+08:00
BK1139,2026-08-03T00:00:00Z,118263,119220,119442,118263,118526,694,0.59,79800393,81843349825,0.40,1.02,0.00,0,42593301,37207093,25928662272000,16043718144000,-1307608320,11981527296,12462972416,-481445120,18877997056,19704160256,-826163200,25165508352,24223019520,942488832,24341116928,23975997184,365119744,-1.60,-0.59,-1.01,1.15,0.45,0,81,51,27,3,0,0,10.36,0.00,0.00,0.00,,0.00,,0.00,EastMoney,2026-08-03T17:50:26+08:00
BK1141,2026-08-03T00:00:00Z,169891,170701,172246,169457,169995,706,0.42,22585598,35036533671,3.17,0.74,0.00,0,10103812,12481786,1321439792000,1218502032000,-2678000896,4678741504,6034981632,-1356240128,8047173376,9368934144,-1321760768,10682468352,10226043904,456424448,10740569088,8518992896,2221576192,-7.64,-3.87,-3.77,1.30,6.34,0,33,22,11,0,0,0,37.76,0.00,0.00,0.00,,0.00,,0.00,EastMoney,2026-08-03T17:50:26+08:00
BK1142,2026-08-03T00:00:00Z,111991,113428,113462,111836,112023,1405,1.25,17016241,11036102592,3.23,0.73,0.00,0,7750182,9266059,341179696000,315529360000,-816526560,1534092928,2212346576,-678253648,2315797984,2454070896,-138272912,3186965680,3003870416,183095264,3673940112,3040508832,633431280,-7.40,-6.15,-1.25,1.66,5.74,0,24,18,5,1,0,0,57.01,0.00,0.00,0.00,,0.00,,0.00,EastMoney,2026-08-03T17:50:26+08:00
BK1143,2026-08-03T00:00:00Z,137932,139964,140234,137932,137576,2388,1.74,3621749,8462209535,3.05,1.15,0.00,0,1913365,1708384,152879747000,130371868000,324661584,735489120,651528624,83960496,1937423760,1696722672,240701088,2640952480,2755194752,-114242272,2957153936,3171658928,-214504992,3.84,0.99,2.84,-1.35,-2.53,0,24,18,6,0,0,0,-8296.83,0.00,0.00,0.00,,0.00,,0.00,EastMoney,2026-08-03T17:50:26+08:00
BK1144,2026-08-03T00:00:00Z,137077,139110,139110,137077,136762,2348,1.72,13417423,30082882669,3.90,1.02,0.00,0,7020087,6397336,736577616000,657976896000,363707808,3493658896,3336845936,156812960,6514208768,6307313920,206894848,9348329984,9658554112,-310224128,10065307136,10118790912,-53483776,1.21,0.52,0.69,-1.03,-0.18,0,58,45,13,0,0,0,44.64,0.00,0.00,0.00,,0.00,,0.00,EastMoney,2026-08-03T17:50:26+08:00
BK1145,2026-08-03T00:00:00Z,190231,193823,195228,190231,190135,3688,1.94,4552249,19914232292,2.38,1.08,0.00,0,2262767,2289481,643054016000,596324320000,642510096,2258586208,2081750352,176835856,4909447424,4443773184,465674240,7382822144,7626366464,-243544320,4987790592,5386756352,-398965760,3.23,0.89,2.34,-1.22,-2.00,0,35,31,4,0,0,0,47.42,0.00,0.00,0.00,,0.00,,0.00,EastMoney,2026-08-03T17:50:26+08:00
BK1146,2026-08-03T00:00:00Z,115922,116194,117250,115456,116206,-12,-0.01,4989966,13742897076,1.60,0.76,0.00,0,2374008,2615959,937111648000,848240432000,-639528640,854519360,1331949088,-477429728,2985698512,3147797424,-162098912,4892092416,4514043392,378049024,4718322688,4455681792,262640896,-4.65,-3.47,-1.18,2.75,1.91,0,39,20,18,1,0,0,95.00,0.00,0.00,0.00,,0.00,,0.00,EastMoney,2026-08-03T17:50:26+08:00
BK1147,2026-08-03T00:00:00Z,92631,93626,93626,92414,92555,1071,1.16,1725850,1641963592,1.44,0.73,0.00,0,905734,820116,146038219000,116753579000,-64345009,47756180,70846532,-23090352,235476159,276730816,-41254657,510811792,534484192,-23672400,812715328,724697952,88017376,-3.92,-1.41,-2.51,-1.44,5.36,0,14,11,3,0,0,0,20.24,0.00,0.00,0.00,,0.00,,0.00,EastMoney,2026-08-03T17:50:26+08:00
BK1148,2026-08-03T00:00:00Z,111499,113067,113161,110983,111564,1503,1.35,9940328,15895300357,2.63,1.31,0.00,0,5607895,4332433,536179168000,516859840000,808042144,1781615616,1312597760,469017856,3704900720,3365876432,339024288,5883614208,6409363200,-525748992,4239181088,4519169536,-279988448,5.08,2.95,2.13,-3.31,-1.76,0,27,19,8,0,0,0,-21.10,0.00,0.00,0.00,,0.00,,0.00,EastMoney,2026-08-03T17:50:26+08:00
BK1150,2026-08-03T00:00:00Z,135977,138312,138312,135953,135603,2709,2.00,20249740,45230408102,2.10,1.05,0.00,0,10460961,9788779,2714289936000,2531228096000,-379280896,4827552256,5147040512,-319488256,9983923456,10043716096,-59792640,14329048576,14272281344,56767232,15233868032,14913608704,320259328,-0.84,-0.71,-0.13,0.13,0.71,0,103,82,20,1,0,0,37.47,0.00,0.00,0.00,,0.00,,0.00,EastMoney,2026-08-03T17:50:26+08:00
BK1151,2026-08-03T00:00:00Z,113534,114590,115522,112672,113124,1466,1.30,28950729,34310661800,5.40,1.28,0.00,0,14550700,14400029,514420816000,465640960000,-1941987584,4339509504,5627830784,-1288321280,8181243904,8834910208,-653666304,10629833984,9995497728,634336256,9996020992,8688369664,1307651328,-5.66,-3.75,-1.91,1.85,3.81,0,39,32,7,0,0,0,-266.02,0.00,0.00,0.00,,0.00,,0.00,EastMoney,2026-08-03T17:50:26+08:00
BK1152,2026-08-03T00:00:00Z,223035,213056,223451,212258,225815,-12759,-5.65,6533270,65636927549,5.32,0.80,0.00,0,3044690,3488580,1885863248000,1729658944000,-4030257920,7815942400,10445072896,-2629130496,19448664064,20849791488,-1401127424,27579170304,25581158144,1998012160,9519728128,7492064512,2027663616,-6.14,-4.01,-2.13,3.04,3.09,0,28,3,25,0,0,0,103.42,0.00,0.00,0.00,,0.00,,0.00,EastMoney,2026-08-03T17:50:26+08:00
BK1153,2026-08-03T00:00:00Z,115665,117165,117912,115571,115772,1393,1.20,21072942,40488352242,4.08,1.14,0.00,0,10277948,10794994,1041602464000,854695888000,-1012013184,3934219648,4521932800,-587713152,9193595648,9617895680,-424300032,12972294144,12788455424,183838720,13421777408,12609314048,812463360,-2.50,-1.45,-1.05,0.45,2.01,0,68,48,17,3,0,0,77.28,0.00,0.00,0.00,,0.00,,0.00,EastMoney,2026-08-03T17:50:26+08:00
BK1155,2026-08-03T00:00:00Z,148924,150717,150762,148782,148978,1739,1.17,18963565,54281117096,2.22,0.96,0.00,0,9713930,9249636,4516619520000,3577693360000,-1884163072,5967777280,6897100032,-929322752,12970913280,13925753600,-954840320,16824023808,16549260288,274763520,17329714176,15741041152,1588673024,-3.47,-1.71,-1.76,0.51,2.93,0,107,76,30,1,0,0,28.66,0.00,0.00,0.00,,0.00,,0.00,EastMoney,2026-08-03T17:50:26+08:00
BK1156,2026-08-03T00:00:00Z,162490,165177,165195,162144,162339,2838,1.75,10146810,28601643294,3.70,0.94,0.00,0,4827240,5319570,805273008000,651957248000,-2357822352,3594699376,5065651200,-1470951824,6085446656,6972317184,-886870528,8553590528,8179789056,373801472,9830173184,7848964352,1981208832,-8.24,-5.14,-3.10,1.31,6.93,0,46,40,6,0,0,0,42.25,0.00,0.00,0.00,,0.00,,0.00,EastMoney,2026-08-03T17:50:26+08:00
BK1157,2026-08-03T00:00:00Z,180585,183115,183117,180527,180290,2825,1.57,12757084,23009802809,2.07,0.97,0.00,0,6511709,6245375,1004228880000,864186032000,88582288,1695270000,1568229088,127040912,4696033536,4734492160,-38458624,7368919808,7441267968,-72348160,8680586752,8714061568,-33474816,0.38,0.55,-0.17,-0.31,-0.15,0,86,68,18,0,0,0,127.67,0.00,0.00,0.00,,0.00,,0.00,EastMoney,2026-08-03T17:50:26+08:00
BK1158,2026-08-03T00:00:00Z,319676,329672,329900,319438,318048,11624,3.65,22787012,19228573827,2.73,1.09,0.00,0,12857292,9929720,796081168000,696496448000,1682416,387185296,357744560,29440736,2304592640,2332350960,-27758320,5178387712,5905012224,-726624512,11036363264,10311421184,724942080,0.01,0.15,-0.14,-3.78,3.77,0,401,387,12,2,0,0,-68.32,0.00,0.00,0.00,,0.00,,0.00,EastMoney,2026-08-03T17:50:26+08:00
BK1160,2026-08-03T00:00:00Z,188177,188755,190402,186806,188703,52,0.03,33448278,50189388166,3.06,0.74,0.00,0,15584059,17864219,1481933984000,1329919056000,-1870174720,5004089088,6483344128,-1479255040,10652937984,11043857664,-390919680,15673603584,15810179072,-136575488,17850968576,15844218112,2006750464,-3.73,-2.95,-0.78,-0.27,4.00,0,76,46,30,0,0,0,71.18,0.00,0.00,0.00,,0.00,,0.00,EastMoney,2026-08-03T17:50:26+08:00
BK1161,2026-08-03T00:00:00Z,190187,189451,193236,188187,190706,-1255,-0.66,17831631,77202869973,3.15,0.89,0.00,0,8515918,9315713,2914978848000,2534350480000,-1935722240,10104476416,11696935168,-1592458752,18328392704,18671656192,-343263488,24279347456,24729688064,-450340608,22688418560,20243762432,2444656128,-2.51,-2.06,-0.44,-0.58,3.17,0,60,30,29,1,0,0,43.24,0.00,0.00,0.00,,0.00,,0.00,EastMoney,2026-08-03T17:50:26+08:00
BK1162,2026-08-03T00:00:00Z,168756,168426,170842,167639,169031,-605,-0.36,6331833,26974128927,2.47,0.74,0.00,0,3049882,3281951,1002695744000,894212880000,-1175509968,3637746224,4430325760,-792579536,6430296576,6813227008,-382930432,9701275648,9013477376,687798272,6597269504,6109557504,487712000,-4.36,-2.94,-1.42,2.55,1.81,0,30,16,14,0,0,0,41.64,0.00,0.00,0.00,,0.00,,0.00,EastMoney,2026-08-03T17:50:26+08:00
BK1163,2026-08-03T00:00:00Z,217548,221951,222596,217548,215900,6051,2.80,37986172,56489913892,2.01,1.17,0.00,0,20253034,17733138,2080530368000,1886852704000,1200111616,6881956864,5884562688,997394176,12225524480,12022807040,202717440,17960448000,18773803776,-813355776,18148794112,18507572480,-358778368,2.12,1.77,0.36,-1.44,-0.64,0,80,61,18,1,0,0,32.67,0.00,0.00,0.00,,0.00,,0.00,EastMoney,2026-08-03T17:50:26+08:00
BK1164,2026-08-03T00:00:00Z,232983,230640,235290,229433,234431,-3791,-1.62,11460863,54240892793,2.98,0.74,0.00,0,5380325,6080537,1502973856000,1292375440000,-4066990080,7469114368,9941619968,-2472505600,13002560000,14597044480,-1594484480,17136403200,16036417536,1099985664,15172801536,12231307776,2941493760,-7.50,-4.56,-2.94,2.03,5.42,0,44,18,26,0,0,0,40.34,0.00,0.00,0.00,,0.00,,0.00,EastMoney,2026-08-03T17:50:26+08:00
BK1166,2026-08-03T00:00:00Z,146706,149327,149333,146655,146628,2699,1.84,52804980,80258961659,2.22,1.02,0.00,0,28012133,24792847,3831619024000,3360492496000,-250323968,5703537152,5856420608,-152883456,16369454080,16466894592,-97440512,25668243200,25820717824,-152474624,30604765184,30270187264,334577920,-0.31,-0.19,-0.12,-0.19,0.42,0,297,240,54,3,0,0,150.15,0.00,0.00,0.00,,0.00,,0.00,EastMoney,2026-08-03T17:50:26+08:00
BK1168,2026-08-03T00:00:00Z,220063,222472,224118,220050,220391,2081,0.94,10941475,36970245011,3.16,0.93,0.00,0,5559652,5381823,1143781984000,1073142048000,-860064512,4493059840,5204947456,-711887616,8582357248,8730534144,-148176896,11529370880,11073029376,456341504,11550015232,11086455040,463560192,-2.33,-1.93,-0.40,1.23,1.25,0,41,29,12,0,0,0,39.66,0.00,0.00,0.00,,0.00,,0.00,EastMoney,2026-08-03T17:50:26+08:00
BK1169,2026-08-03T00:00:00Z,106439,105640,108333,104899,106517,-877,-0.82,8356377,24560939209,7.21,1.51,0.00,0,4110553,4245824,419293472000,392415264000,-909776896,3765971968,4328221440,-562249472,6215556864,6563084288,-347527424,8141216512,7851500544,289715968,5792247040,5172186112,620060928,-3.70,-2.29,-1.41,1.18,2.52,0,16,7,8,1,0,0,31.10,0.00,0.00,0.00,,0.00,,0.00,EastMoney,2026-08-03T17:50:26+08:00
BK1170,2026-08-03T00:00:00Z,123232,123678,124350,122954,123353,325,0.26,11479218,15152390984,2.60,0.79,0.00,0,5520965,5958253,643739760000,574014080000,-520355440,724583616,1101283360,-376699744,3039578752,3183234448,-143655696,5062946048,5069292544,-6346496,6056113408,5529411584,526701824,-3.43,-2.49,-0.95,-0.04,3.48,0,62,39,23,0,0,0,96.55,0.00,0.00,0.00,,0.00,,0.00,EastMoney,2026-08-03T17:50:26+08:00
BK1171,2026-08-03T00:00:00Z,150500,153637,153721,150360,150242,3395,2.26,7676469,12417871362,2.18,0.95,0.00,0,3997300,3679169,506823552000,448552016000,218708592,1328838816,1197996384,130842432,2619011920,2531145760,87866160,3794709184,3888272064,-93562880,4431476480,4562192128,-130715648,1.76,1.05,0.71,-0.75,-1.05,0,42,36,6,0,0,0,48.91,0.00,0.00,0.00,,0.00,,0.00,EastMoney,2026-08-03T17:50:26+08:00
BK1172,2026-08-03T00:00:00Z,100522,100643,101922,99437,100474,169,0.17,28622391,25455144820,6.80,1.43,0.00,0,14411563,14210829,409685424000,370670384000,-821607856,2996891040,3455436624,-458545584,5692767232,6055829504,-363062272,7774844928,7583396096,191448832,8023941120,7393782272,630158848,-3.23,-1.80,-1.43,0.75,2.48,0,34,20,14,0,0,0,190.67,0.00,0.00,0.00,,0.00,,0.00,EastMoney,2026-08-03T17:50:26+08:00
BK1173,2026-08-03T00:00:00Z,177736,181024,181449,176626,178506,2518,1.41,13867307,42332478375,1.76,0.89,0.00,0,7163338,6703969,3992107760000,3561993440000,-623599872,5296903936,5380103680,-83199744,11031473664,11571873792,-540400128,12942409984,13217459712,-275049728,12349965312,11451315712,898649600,-1.47,-0.20,-1.28,-0.65,2.12,0,37,29,8,0,0,0,20.90,0.00,0.00,0.00,,0.00,,0.00,EastMoney,2026-08-03T17:50:26+08:00
BK1174,2026-08-03T00:00:00Z,117782,119083,119125,117782,117953,1130,0.96,16588290,25280758624,2.31,0.91,0.00,0,8556870,8031419,1337971184000,1117208912000,-457356480,1622655168,1861392256,-238737088,5093243392,5311862784,-218619392,8175390720,8175322368,68352,9770361600,9369171200,401190400,-1.81,-0.94,-0.86,0.00,1.59,0,119,89,30,0,0,0,34.92,0.00,0.00,0.00,,0.00,,0.00,EastMoney,2026-08-03T17:50:26+08:00
BK1175,2026-08-03T00:00:00Z,222894,220497,225820,218964,224117,-3620,-1.62,25114646,53168418326,3.62,0.74,0.00,0,11473239,13641407,1229905872000,1147152800000,-3164833024,6018624512,8217448704,-2198824192,11819317760,12785326592,-966008832,15852413184,16186658816,-334245632,18123480832,14634233600,3489247232,-5.95,-4.14,-1.82,-0.63,6.56,0,48,19,29,0,0,0,56.40,0.00,0.00,0.00,,0.00,,0.00,EastMoney,2026-08-03T17:50:26+08:00
BK1176,2026-08-03T00:00:00Z,157170,157087,159046,155238,157375,-288,-0.18,12785814,21822393179,4.55,1.29,0.00,0,6143182,6642632,425105712000,384064928000,-574806624,2061314848,2417439360,-356124512,4547496960,4766179072,-218682112,6786925824,6842011392,-55085568,7798165504,7180506624,617658880,-2.63,-1.63,-1.00,-0.25,2.83,0,41,22,17,2,0,0,-137.64,0.00,0.00,0.00,,0.00,,0.00,EastMoney,2026-08-03T17:50:26+08:00
BK1177,2026-08-03T00:00:00Z,198290,198172,200741,196812,199519,-1347,-0.68,28073754,61605757835,3.73,0.62,0.00,0,12969230,15104524,4846844928000,1224664208000,-874973952,13608739328,14909394944,-1300655616,16217880576,15792198912,425681664,16362055424,15928462848,433592576,13749390080,13308008704,441381376,-1.42,-2.11,0.69,0.70,0.72,0,55,27,28,0,0,0,106.54,0.00,0.00,0.00,,0.00,,0.00,EastMoney,2026-08-03T17:50:26+08:00
BK1178,2026-08-03T00:00:00Z,201956,201670,204651,200594,202613,-943,-0.47,32348031,126134909716,2.78,0.85,0.00,0,15875001,16473030,3528271120000,3172674144000,-8604582656,19369256960,26172623616,-6803366656,29452554752,31253770752,-1801216000,38530110208,36530180864,1999929344,35983191552,29391161344,6592030208,-6.82,-5.39,-1.43,1.59,5.23,0,131,72,59,0,0,0,45.35,0.00,0.00,0.00,,0.00,,0.00,EastMoney,2026-08-03T17:50:26+08:00
BK1179,2026-08-03T00:00:00Z,126807,128885,128909,126733,126792,2093,1.65,6236323,4804667835,1.99,0.93,0.00,0,3312997,2923326,235645793000,211620825000,35909185,178136772,203521907,-25385135,937395760,876101440,61294320,1487196480,1474004832,13191648,2079812208,2129861488,-50049280,0.75,-0.53,1.28,0.27,-1.04,0,40,33,7,0,0,0,246.46,0.00,0.00,0.00,,0.00,,0.00,EastMoney,2026-08-03T17:50:26+08:00
BK1180,2026-08-03T00:00:00Z,180058,179536,182523,178408,181410,-1874,-1.03,12233561,45666579874,4.95,0.82,0.00,0,5702146,6531415,1122745040000,1070939488000,-2692066304,5111087616,6751738368,-1640650752,10959779840,12011195392,-1051415552,16456041472,16228881920,227159552,12148868096,9685623040,2463245056,-5.90,-3.59,-2.30,0.50,5.39,0,40,20,20,0,0,0,697.91,0.00,0.00,0.00,,0.00,,0.00,EastMoney,2026-08-03T17:50:26+08:00
BK1181,2026-08-03T00:00:00Z,118999,120170,120172,118860,119230,940,0.79,18843089,31423404983,1.57,0.96,0.00,0,9755188,9087901,2375806208000,1610370256000,20249392,2891248704,3169469712,-278221008,7039280896,6740810496,298470400,10933132288,11186472448,-253340160,9905738240,9678166528,227571712,0.06,-0.89,0.95,-0.81,0.72,0,95,60,32,3,0,0,28.99,0.00,0.00,0.00,,0.00,,0.00,EastMoney,2026-08-03T17:50:26+08:00
BK1182,2026-08-03T00:00:00Z,109632,109976,111283,108970,109343,633,0.58,17307406,26502401713,6.92,1.47,0.00,0,8594453,8712953,381602224000,341017216000,-1228584432,3047685760,3931182448,-883496688,6126205952,6471293696,-345087744,8256717824,8053301504,203416320,8122286848,7134420480,987866368,-4.64,-3.33,-1.30,0.77,3.73,0,34,21,13,0,0,0,74.54,0.00,0.00,0.00,,0.00,,0.00,EastMoney,2026-08-03T17:50:26+08:00
BK1183,2026-08-03T00:00:00Z,96614,97527,97780,96217,96529,998,1.03,21671197,19028447640,3.14,0.96,0.00,0,10728096,10943101,551316864000,499372640000,-420651440,1579304528,1733934080,-154629552,3954146416,4220168304,-266021888,5788440832,5954310400,-165869568,6989385216,6433194496,556190720,-2.21,-0.81,-1.40,-0.87,2.92,0,78,55,22,1,0,0,560.92,0.00,0.00,0.00,,0.00,,0.00,EastMoney,2026-08-03T17:50:26+08:00
BK1184,2026-08-03T00:00:00Z,155597,157567,158640,155507,155340,2227,1.43,49130869,148752984551,2.40,1.01,0.00,0,24446090,24684779,5681581056000,4775290368000,-3621043200,18398124032,22669251328,-4271127296,34101002496,33450918400,650084096,46430105344,45654491392,775613952,46570443264,43736966400,2833476864,-2.43,-2.87,0.44,0.52,1.90,0,264,191,71,2,0,0,43.08,0.00,0.00,0.00,,0.00,,0.00,EastMoney,2026-08-03T17:50:26+08:00
BK1185,2026-08-03T00:00:00Z,92338,93561,93561,92060,92014,1547,1.68,8610793,7850789744,2.18,1.03,0.00,0,4697654,3913139,298087248000,276851552000,-87007328,420246624,484912240,-64665616,1526096960,1548438672,-22341712,2418656096,2523538272,-104882176,3343059824,3151170336,191889488,-1.11,-0.82,-0.28,-1.34,2.44,0,42,37,5,0,0,0,-15.52,0.00,0.00,0.00,,0.00,,0.00,EastMoney,2026-08-03T17:50:26+08:00
BK1186,2026-08-03T00:00:00Z,94604,95590,95775,94442,94567,1023,1.08,10911966,8991140111,2.66,0.94,0.00,0,5646951,5265015,297564400000,269138352000,-227518240,495023712,651582064,-156558352,1741925248,1812885136,-70959888,2857743728,3005931376,-148187648,3692159504,3320799760,371359744,-2.53,-1.74,-0.79,-1.65,4.13,0,41,33,8,0,0,0,-90.03,0.00,0.00,0.00,,0.00,,0.00,EastMoney,2026-08-03T17:50:26+08:00
BK1187,2026-08-03T00:00:00Z,114289,114960,115478,113288,113992,968,0.85,39691176,37646048606,7.12,1.57,0.00,0,20140595,19550581,686731232000,484556704000,-1344199168,4470530560,5518306304,-1047775744,8201029120,8497452544,-296423424,11408449792,11254526720,153923072,12194335744,11008405760,1185929984,-3.57,-2.78,-0.79,0.41,3.15,0,75,47,25,3,0,0,160.05,0.00,0.00,0.00,,0.00,,0.00,EastMoney,2026-08-03T17:50:26+08:00
BK1188,2026-08-03T00:00:00Z,118696,119438,119981,118482,118675,763,0.64,70609807,133768918913,3.34,1.02,0.00,0,34461942,36147865,4249172768000,3705658608000,-5504613632,13999169280,17901216000,-3902046720,30019226112,31621793024,-1602566912,43188737280,42308888320,879848960,43064352000,38516295936,4548056064,-4.12,-2.92,-1.20,0.66,3.40,0,257,167,85,5,0,0,74.39,0.00,0.00,0.00,,0.00,,0.00,EastMoney,2026-08-03T17:50:26+08:00
BK1189,2026-08-03T00:00:00Z,99757,98914,100432,98392,98902,12,0.01,7480832,22326600942,4.21,1.25,0.00,0,3661060,3819772,558095280000,453135664000,-277225952,2617990912,2805722080,-187731168,5276052736,5365547520,-89494784,6885738496,6975923712,-90185216,7010928640,6643517440,367411200,-1.24,-0.84,-0.40,-0.40,1.65,0,20,13,6,1,0,0,63.67,0.00,0.00,0.00,,0.00,,0.00,EastMoney,2026-08-03T17:50:26+08:00
BK1190,2026-08-03T00:00:00Z,124577,126352,127055,124027,125278,1074,0.86,7910332,24043030744,3.58,0.97,0.00,0,3801062,4109270,662790192000,530318704000,-464976624,3806502912,4080968688,-274465776,5719894272,5910405120,-190510848,7476368640,7293487360,182881280,6332280064,6065260544,267019520,-1.93,-1.14,-0.79,0.76,1.11,0,16,8,8,0,0,0,40.16,0.00,0.00,0.00,,0.00,,0.00,EastMoney,2026-08-03T17:50:26+08:00
BK1192,2026-08-03T00:00:00Z,116959,118521,118560,116959,116367,2154,1.85,29884177,24437267312,1.38,1.09,0.00,0,16677337,13206840,1802488592000,1486416416000,500514160,2731218704,2440312480,290906224,5230609664,5021001728,209607936,7296002048,7828955648,-532953600,8655403264,8640026880,15376384,2.05,1.19,0.86,-2.18,0.06,0,55,41,13,1,0,0,16.18,0.00,0.00,0.00,,0.00,,0.00,EastMoney,2026-08-03T17:50:26+08:00
BK1193,2026-08-03T00:00:00Z,89759,91361,91370,89759,89739,1622,1.81,29980347,20152233182,1.49,0.94,0.00,0,16354004,13626343,1158749568000,1034530784000,-75047712,1697681136,1736063968,-38382832,4235366096,4272030976,-36664880,6348457984,6360075776,-11617792,7436164096,7346739968,89424128,-0.37,-0.19,-0.18,-0.06,0.44,0,85,71,13,1,0,0,98.21,0.00,0.00,0.00,,0.00,,0.00,EastMoney,2026-08-03T17:50:26+08:00
BK1197,2026-08-03T00:00:00Z,96848,98475,98692,96808,97036,1439,1.48,60399327,52958329249,1.32,1.03,0.00,0,32875755,27523572,4914308608000,4187872880000,433891328,4969596672,4496781056,472815616,11781310208,11820234496,-38924288,16276523520,17055102464,-778578944,19058288384,18713049344,345239040,0.82,0.89,-0.07,-1.47,0.65,0,158,116,37,5,0,0,53.31,0.00,0.00,0.00,,0.00,,0.00,EastMoney,2026-08-03T17:50:26+08:00
BK1198,2026-08-03T00:00:00Z,97701,98483,98725,97601,97969,514,0.52,21090322,59176286504,1.86,0.93,0.00,0,10497227,10593095,3630009728000,3033724784000,-1649478912,6405464320,7946208000,-1540743680,13709261312,13817996544,-108735232,19436531968,18744948224,691583744,18567904000,17610009088,957894912,-2.79,-2.60,-0.18,1.17,1.62,0,90,59,27,4,0,0,14.19,0.00,0.00,0.00,,0.00,,0.00,EastMoney,2026-08-03T17:50:26+08:00
BK1199,2026-08-03T00:00:00Z,107366,109423,109423,107064,107618,1805,1.68,1585143,2195047333,4.41,0.90,0.00,0,809117,776026,57736163000,55238619000,-5067495,116845937,102032808,14813129,397941456,417822080,-19880624,714813008,670381584,44431424,910289168,955457536,-45168368,-0.23,0.67,-0.91,2.02,-2.06,0,8,6,2,0,0,0,78.93,0.00,0.00,0.00,,0.00,,0.00,EastMoney,2026-08-03T17:50:26+08:00
BK1200,2026-08-03T00:00:00Z,568798,581707,581732,568242,567671,14036,2.47,90421656,154839481108,2.98,1.04,0.00,0,48198282,42223374,7676050432000,6817571072000,2399259136,13464740608,11741221376,1723519232,33369488640,32693748736,675739904,49631112704,51188075520,-1556962816,54796655872,55672916736,-876260864,1.55,1.11,0.44,-1.01,-0.57,0,410,338,69,3,0,0,49.67,0.00,0.00,0.00,,0.00,,0.00,EastMoney,2026-08-03T17:50:26+08:00
BK1201,2026-08-03T00:00:00Z,1122341,1113539,1136837,1106105,1129742,-16203,-1.43,124732235,554295794935,3.42,0.77,0.00,0,59554207,65178028,21375611648000,14201466112000,-28250193920,79854915584,102672920576,-22818004992,146633027584,152065216512,-5432188928,178600738816,169928388608,8672350208,136919293952,117372858368,19546435584,-5.10,-4.12,-0.98,1.56,3.53,0,520,219,294,7,0,0,88.44,0.00,0.00,0.00,,0.00,,0.00,EastMoney,2026-08-03T17:50:26+08:00
BK1202,2026-08-03T00:00:00Z,185113,188634,188641,185093,185343,3291,1.78,31724887,14145587423,1.52,0.97,0.00,0,16947731,14777156,914570656000,858877856000,-432425568,1063258928,1219374384,-156115456,2949698608,3226008720,-276310112,4166092000,4428218368,-262126368,5663558400,4969006336,694552064,-3.06,-1.10,-1.95,-1.85,4.91,0,105,84,14,7,0,0,-4.52,0.00,0.00,0.00,,0.00,,0.00,EastMoney,2026-08-03T17:50:26+08:00
BK1203,2026-08-03T00:00:00Z,241256,243902,244004,241058,242865,1037,0.43,31478169,39578784394,0.75,0.85,0.00,0,16293474,15184694,7037625600000,5554333696000,-1631835904,4848310016,5877635584,-1029325568,9609848576,10212358912,-602510336,12206821632,12102117376,104704256,11787098880,10259967744,1527131136,-4.12,-2.60,-1.52,0.26,3.86,0,80,58,18,4,0,0,10.45,0.00,0.00,0.00,,0.00,,0.00,EastMoney,2026-08-03T17:50:26+08:00
BK1204,2026-08-03T00:00:00Z,517100,526721,527230,516694,518286,8435,1.63,18171064,46879903439,1.88,0.87,0.00,0,9784141,8386923,2898481920000,2403496512000,-610659696,3661540576,3931585360,-270044784,9767513344,10108128256,-340614912,15629585664,15550287104,79298560,16990691328,16477233152,513458176,-1.30,-0.58,-0.73,0.17,1.10,0,141,114,27,0,0,0,77.87,0.00,0.00,0.00,,0.00,,0.00,EastMoney,2026-08-03T17:50:26+08:00
BK1205,2026-08-03T00:00:00Z,421936,427762,427762,421313,421101,6661,1.58,81848225,144984185549,2.58,1.16,0.00,0,42615294,39232932,5912654592000,4848333056000,1127678464,12155466752,11778436608,377030144,31400638976,30649990656,750648320,48106326528,48988056576,-881730048,48975831296,49267101184,-291269888,0.78,0.26,0.52,-0.61,-0.20,0,621,462,150,9,0,0,45.61,0.00,0.00,0.00,,0.00,,0.00,EastMoney,2026-08-03T17:50:26+08:00
BK1206,2026-08-03T00:00:00Z,331810,337332,337368,331595,332228,5104,1.54,65215090,89543991809,2.21,0.92,0.00,0,33460018,31755072,4414941184000,3992912368000,-963186944,6415710464,6589371392,-173660928,17594257152,18383783168,-789526016,27854582528,28962465280,-1107882752,35468175616,33426027776,2042147840,-1.08,-0.19,-0.88,-1.24,2.28,0,452,349,97,6,0,0,34.75,0.00,0.00,0.00,,0.00,,0.00,EastMoney,2026-08-03T17:50:26+08:00
BK1207,2026-08-03T00:00:00Z,755320,762565,765815,753957,754089,8476,1.12,74412578,147257166016,3.63,1.05,0.00,0,36668650,37743929,4331885824000,3695252112000,-2637520896,15710519552,16563503104,-852983552,33003648512,34788185856,-1784537344,46898122496,47485796608,-587674112,47355725056,44310331392,3045393664,-1.79,-0.58,-1.21,-0.40,2.07,0,361,246,109,6,0,0,145.39,0.00,0.00,0.00,,0.00,,0.00,EastMoney,2026-08-03T17:50:26+08:00
BK1208,2026-08-03T00:00:00Z,342648,347327,347342,342648,343337,3990,1.16,16111844,30838875065,2.07,0.96,0.00,0,8189366,7922478,1020210704000,846715600000,-3247830480,3607873584,5444892416,-1837018832,6351631616,7762443264,-1410811648,9090848512,8784030464,306818048,11222941696,8283320064,2939621632,-10.53,-5.96,-4.57,0.99,9.53,0,78,58,18,2,0,0,87.65,0.00,0.00,0.00,,0.00,,0.00,EastMoney,2026-08-03T17:50:26+08:00
BK1209,2026-08-03T00:00:00Z,275749,280355,280427,275681,274885,5470,1.99,40175730,30752550077,1.42,1.11,0.00,0,22457137,17718592,1753308448000,1546109280000,-939086880,3284850144,4473646336,-1188796192,6153154816,5903445504,249709312,8828466432,8959466496,-131000064,11605378560,10559877632,1045500928,-3.05,-3.87,0.81,-0.43,3.40,0,158,124,32,2,0,0,13.41,0.00,0.00,0.00,,0.00,,0.00,EastMoney,2026-08-03T17:50:26+08:00
BK1210,2026-08-03T00:00:00Z,238460,242472,242472,238448,238674,3798,1.59,34671716,22065850663,0.77,1.02,0.00,0,19566820,15104896,3261325072000,2844621040000,-207180848,1688955792,1881029824,-192074032,4472650496,4487757312,-15106816,6547164160,6873521920,-326357760,8945202688,8418709248,526493440,-0.94,-0.87,-0.07,-1.48,2.39,0,134,117,15,2,0,0,18.15,0.00,0.00,0.00,,0.00,,0.00,EastMoney,2026-08-03T17:50:26+08:00
BK1211,2026-08-03T00:00:00Z,370692,375495,375509,370413,370286,5209,1.41,38969849,59793484900,1.64,0.96,0.00,0,20002927,18966922,4455624192000,3320374464000,-551333904,3987612656,4523417600,-535804944,12103655424,12119184384,-15528960,18889015552,19291803392,-402787840,23462638080,22569503488,893134592,-0.92,-0.90,-0.03,-0.67,1.49,0,329,249,75,5,0,0,28.58,0.00,0.00,0.00,,0.00,,0.00,EastMoney,2026-08-03T17:50:26+08:00
BK1212,2026-08-03T00:00:00Z,302567,307525,307539,302229,301812,5713,1.89,18893507,15896446490,2.10,1.00,0.00,0,10157741,8735766,950335040000,817588656000,80651312,699281824,604857216,94424608,2588509232,2602282528,-13773296,4864878336,5119372800,-254494464,7309245696,7160657152,148588544,0.51,0.59,-0.09,-1.60,0.93,0,170,135,30,5,0,0,62.15,0.00,0.00,0.00,,0.00,,0.00,EastMoney,2026-08-03T17:50:26+08:00
BK1213,2026-08-03T00:00:00Z,209150,211863,211907,208729,209079,2784,1.33,20355074,15112444765,1.57,0.79,0.00,0,10505452,9849622,869523552000,813600112000,-203524208,947114544,961101936,-13987392,2855403360,3044940176,-189536816,4543751168,4828329984,-284578816,6342919936,5859893504,483026432,-1.35,-0.09,-1.25,-1.88,3.20,0,101,78,23,0,0,0,-72.93,0.00,0.00,0.00,,0.00,,0.00,EastMoney,2026-08-03T17:50:26+08:00
BK1214,2026-08-03T00:00:00Z,397592,400566,400587,395925,397528,3038,0.76,13110749,11381777685,2.65,0.91,0.00,0,6477586,6633163,479344080000,420341456000,-144404768,524390160,619306640,-94916480,2157386992,2206875280,-49488288,3551463920,3669501648,-118037728,4821967104,4565766400,256200704,-1.27,-0.83,-0.43,-1.04,2.25,0,89,66,22,1,0,0,49.20,0.00,0.00,0.00,,0.00,,0.00,EastMoney,2026-08-03T17:50:26+08:00
BK1215,2026-08-03T00:00:00Z,662497,675974,676760,662497,663907,12067,1.82,32004646,141584154304,1.78,0.87,0.00,0,16331885,15672761,6927416576000,4307951360000,985145088,24541188096,23433074688,1108113408,35694018816,35816987136,-122968320,44925212160,45778169088,-852956928,33479654400,33563700480,-84046080,0.70,0.78,-0.09,-0.60,-0.06,0,130,97,33,0,0,0,30.41,0.00,0.00,0.00,,0.00,,0.00,EastMoney,2026-08-03T17:50:26+08:00
BK1216,2026-08-03T00:00:00Z,431869,434772,435196,431398,432113,2659,0.62,55027663,94290797743,1.78,0.80,0.00,0,27667109,27360554,6498545920000,5403246592000,-2006458880,6113827328,7110343168,-996515840,18891138816,19901081856,-1009943040,32308279296,31776893952,531385344,34877474816,33458658304,1418816512,-2.13,-1.06,-1.07,0.56,1.50,0,508,346,156,6,0,0,45.41,0.00,0.00,0.00,,0.00,,0.00,EastMoney,2026-08-03T17:50:26+08:00
BK1217,2026-08-03T00:00:00Z,1125586,1149239,1150876,1123489,1124293,24946,2.22,4956499,4311223820,2.44,0.87,0.00,0,2563998,2392501,198385942000,186666379000,25606336,342899472,317341008,25558464,967492016,967444144,47872,1324188800,1389498064,-65309264,1582505872,1542802944,39702928,0.59,0.59,0.00,-1.51,0.92,0,22,19,1,2,0,0,-200.51,0.00,0.00,0.00,,0.00,,0.00,EastMoney,2026-08-03T17:50:26+08:00
BK1218,2026-08-03T00:00:00Z,184384,186952,187025,184163,185269,1683,0.91,3303254,3274162897,1.17,1.13,0.00,0,1746855,1556399,246243411000,229656157000,78521937,161180349,99224028,61956321,559321728,542756112,16565616,920168512,1025452400,-105283888,1579405152,1552643184,26761968,2.40,1.89,0.51,-3.22,0.82,0,28,20,8,0,0,0,18.41,0.00,0.00,0.00,,0.00,,0.00,EastMoney,2026-08-03T17:50:26+08:00
BK1219,2026-08-03T00:00:00Z,118054,120101,120387,117705,118197,1904,1.61,2973742,1678250503,1.42,0.90,0.00,0,1670387,1303355,125048612000,118240492000,-55936648,81963294,67861206,14102088,295898544,365937280,-70038736,431703936,542859296,-111155360,730782608,573546048,157236560,-3.33,0.84,-4.17,-6.62,9.37,0,13,12,1,0,0,0,-52.25,0.00,0.00,0.00,,0.00,,0.00,EastMoney,2026-08-03T17:50:26+08:00
BK1220,2026-08-03T00:00:00Z,454718,457634,461690,449752,452618,5016,1.11,25775096,27550524989,7.17,1.59,0.00,0,12114806,13660290,298578944000,276970720000,-1409635776,3573765184,4454080768,-880315584,6364292352,6893612544,-529320192,8549523712,8049432064,500091648,8005323776,7095779328,909544448,-5.12,-3.20,-1.92,1.82,3.30,0,30,19,9,2,0,0,108.94,0.00,0.00,0.00,,0.00,,0.00,EastMoney,2026-08-03T17:50:26+08:00
BK1221,2026-08-03T00:00:00Z,621526,621822,633240,613864,623489,-1667,-0.27,5375517,12710815801,7.01,1.48,0.00,0,2548424,2827093,186154419000,160847909000,-827620208,1122080320,1664217824,-542137504,2928155504,3213638208,-285482704,4202047248,3834895712,367151536,4106870688,3646402016,460468672,-6.51,-4.27,-2.25,2.89,3.62,0,15,8,7,0,0,0,-267.03,0.00,0.00,0.00,,0.00,,0.00,EastMoney,2026-08-03T17:50:26+08:00
BK1222,2026-08-03T00:00:00Z,321423,325497,326324,318977,320592,4905,1.53,8142886,5140036866,4.08,1.10,0.00,0,4118032,4024854,163836999000,155131089000,-304908656,368007136,467358896,-99351760,1072532800,1278089696,-205556896,1528219792,1661191200,-132971408,2048761296,1610881232,437880064,-5.93,-1.93,-4.00,-2.59,8.52,0,18,15,3,0,0,0,-48.42,0.00,0.00,0.00,,0.00,,0.00,EastMoney,2026-08-03T17:50:26+08:00
BK1223,2026-08-03T00:00:00Z,1291984,1293157,1304947,1283267,1297858,-4701,-0.36,5628527,14752903012,4.16,0.80,0.00,0,2760334,2868193,364237648000,326668992000,-556959120,1047620304,1242644688,-195024384,2861312992,3223247728,-361934736,4623965440,4687436032,-63470592,5944485120,5324055552,620429568,-3.78,-1.32,-2.45,-0.43,4.21,0,33,20,13,0,0,0,49.65,0.00,0.00,0.00,,0.00,,0.00,EastMoney,2026-08-03T17:50:26+08:00
BK1224,2026-08-03T00:00:00Z,246539,249721,249721,245988,245967,3754,1.53,4384163,3896035852,2.27,0.98,0.00,0,2294003,2090160,186601637000,178363448000,-72753634,229352238,215506832,13845406,678618752,765217792,-86599040,1247265776,1223501344,23764432,1652954576,1608208576,44746000,-1.87,0.36,-2.22,0.61,1.15,0,33,24,9,0,0,0,21.11,0.00,0.00,0.00,,0.00,,0.00,EastMoney,2026-08-03T17:50:26+08:00
BK1225,2026-08-03T00:00:00Z,223664,227296,227303,222729,223303,3993,1.79,7492309,6073641201,1.85,0.97,0.00,0,3966479,3525830,309342288000,277386336000,67499372,247169293,217539041,29630252,1078989536,1041120416,37869120,1861475712,1981128288,-119652576,2767319520,2719512464,47807056,1.11,0.49,0.62,-1.97,0.79,0,61,45,15,1,0,0,36.40,0.00,0.00,0.00,,0.00,,0.00,EastMoney,2026-08-03T17:50:26+08:00
BK1226,2026-08-03T00:00:00Z,76375,77384,77493,76375,76380,1004,1.31,15376619,4783919563,1.00,1.07,0.00,0,8728214,6648405,528290864000,482921680000,-185460288,550879424,662593984,-111714560,1090646016,1164391744,-73745728,1313526800,1312127088,1399712,1732032256,1547971680,184060576,-3.88,-2.34,-1.54,0.03,3.85,0,24,18,4,2,0,0,-418.69,0.00,0.00,0.00,,0.00,,0.00,EastMoney,2026-08-03T17:50:26+08:00
BK1227,2026-08-03T00:00:00Z,196166,201568,201608,196166,195849,5719,2.92,2598447,1778956348,1.11,1.20,0.00,0,1493489,1104958,176925619000,173565963000,113436889,141561972,82540539,59021433,389015056,334599600,54415456,553014576,618102528,-65087952,672893296,721242256,-48348960,6.38,3.32,3.06,-3.66,-2.72,0,12,11,1,0,0,0,21.54,0.00,0.00,0.00,,0.00,,0.00,EastMoney,2026-08-03T17:50:26+08:00
BK1228,2026-08-03T00:00:00Z,359390,361605,363178,357790,360167,1438,0.40,2337348,1615620320,1.16,1.11,0.00,0,1355970,981378,151245045000,139769872000,-7198140,131098565,148103249,-17004684,359477344,349670800,9806544,482487632,502509584,-20021952,622190528,594970432,27220096,-0.45,-1.05,0.61,-1.24,1.68,0,9,5,3,1,0,0,33.88,0.00,0.00,0.00,,0.00,,0.00,EastMoney,2026-08-03T17:50:26+08:00
BK1229,2026-08-03T00:00:00Z,339187,341841,343110,336791,341927,-86,-0.03,2109959,3947010947,2.33,0.70,0.00,0,1080052,1029907,130409885000,129380516000,-343619331,102185005,226384992,-124199987,660642960,880062304,-219419344,1433994256,1380105936,53888320,1672651392,1382920400,289730992,-8.71,-3.15,-5.56,1.37,7.34,0,12,7,5,0,0,0,146.81,0.00,0.00,0.00,,0.00,,0.00,EastMoney,2026-08-03T17:50:26+08:00
BK1230,2026-08-03T00:00:00Z,479682,485510,486148,478713,480472,5038,1.05,2042062,4857694118,1.55,0.75,0.00,0,1043993,998069,509200688000,372408320000,-202799152,632603696,691987344,-59383648,1077494208,1220909712,-143415504,1599485376,1447305840,152179536,1449809712,1399190080,50619632,-4.17,-1.22,-2.95,3.13,1.04,0,10,7,3,0,0,0,30.64,0.00,0.00,0.00,,0.00,,0.00,EastMoney,2026-08-03T17:50:26+08:00
BK1231,2026-08-03T00:00:00Z,395743,401878,402645,395228,395887,5991,1.51,4993349,12827049580,1.40,0.97,0.00,0,2775611,2217738,1096597936000,887209232000,-405071264,877720464,988015104,-110294640,2621096464,2915873088,-294776624,4191650480,4261052032,-69401552,4909125632,4446751488,462374144,-3.16,-0.86,-2.30,-0.54,3.60,0,49,39,10,0,0,0,65.70,0.00,0.00,0.00,,0.00,,0.00,EastMoney,2026-08-03T17:50:26+08:00
BK1232,2026-08-03T00:00:00Z,445198,460650,464507,443832,444840,15810,3.55,1803630,5351895202,1.82,1.08,0.00,0,995925,807705,347543776000,274078960000,239356544,462442144,388334672,74107472,1195862352,1030613280,165249072,1851409072,1869682496,-18273424,1758757904,1979841024,-221083120,4.47,1.38,3.09,-0.34,-4.13,0,9,9,0,0,0,0,376.85,0.00,0.00,0.00,,0.00,,0.00,EastMoney,2026-08-03T17:50:26+08:00
BK1233,2026-08-03T00:00:00Z,588071,600946,601080,587728,590001,10945,1.86,7222063,19896253590,2.49,0.88,0.00,0,3888560,3333504,814729632000,740419488000,101473584,1586589280,1636863248,-50273968,4212417424,4060669872,151747552,6553046272,6592140800,-39094528,7200346624,7268530176,-68183552,0.51,-0.25,0.76,-0.20,-0.34,0,61,52,9,0,0,0,388.08,0.00,0.00,0.00,,0.00,,0.00,EastMoney,2026-08-03T17:50:26+08:00
BK1234,2026-08-03T00:00:00Z,322059,327695,327960,320934,318445,9250,2.90,3542243,3642624478,3.03,1.20,0.00,0,1650244,1891998,141476672000,133959647000,40579632,471831376,390143056,81688320,661027568,702136256,-41108688,997069456,1040675744,-43606288,1394572800,1392158496,2414304,1.11,2.24,-1.13,-1.20,0.07,0,26,23,3,0,0,0,73.07,0.00,0.00,0.00,,0.00,,0.00,EastMoney,2026-08-03T17:50:26+08:00
BK1235,2026-08-03T00:00:00Z,222963,228268,228268,222963,222383,5885,2.65,14070434,11867184735,1.65,1.08,0.00,0,7582020,6488414,679480688000,604910256000,17639968,635840848,631235216,4605632,2400417536,2387383200,13034336,3734316800,3899275136,-164958336,4870418688,4724613888,145804800,0.15,0.04,0.11,-1.39,1.23,0,108,98,9,1,0,0,31.18,0.00,0.00,0.00,,0.00,,0.00,EastMoney,2026-08-03T17:50:26+08:00
BK1236,2026-08-03T00:00:00Z,162390,165733,165831,162319,161958,3775,2.33,4372038,3437750498,0.85,0.98,0.00,0,2344865,2027174,417153744000,350898128000,-5902912,275936304,330131408,-54195104,841508608,793216416,48292192,1042650992,1081111600,-38460608,1212022784,1168263744,43759040,-0.17,-1.58,1.40,-1.12,1.27,0,31,28,3,0,0,0,19.77,0.00,0.00,0.00,,0.00,,0.00,EastMoney,2026-08-03T17:50:26+08:00
BK1237,2026-08-03T00:00:00Z,970542,979621,989723,969436,970427,9194,0.95,8783662,38044803940,2.94,0.95,0.00,0,4406562,4377100,1197035248000,1052062784000,784089072,3664156768,3463069552,201087216,8898201856,8315200000,583001856,14082781952,14767539200,-684757248,10397251584,10506199040,-108947456,2.06,0.53,1.53,-1.80,-0.29,0,95,64,30,1,0,0,80.63,0.00,0.00,0.00,,0.00,,0.00,EastMoney,2026-08-03T17:50:26+08:00
BK1238,2026-08-03T00:00:00Z,760707,770145,773184,760271,759681,10464,1.38,33409576,54005813484,3.90,1.00,0.00,0,16492866,16916710,1328624576000,1145485440000,-328307712,5162702592,4906906368,255796224,11811953152,12396057088,-584103936,16689756672,17457960448,-768203776,18523674112,17535317760,988356352,-0.61,0.47,-1.08,-1.42,1.83,0,138,99,38,1,0,0,-204.78,0.00,0.00,0.00,,0.00,,0.00,EastMoney,2026-08-03T17:50:26+08:00
BK1239,2026-08-03T00:00:00Z,323828,323335,324649,321980,323839,-504,-0.16,2414719,8155156125,0.92,1.03,0.00,0,1189750,1224970,1175411888000,1021192736000,-607044160,881206624,1170323680,-289117056,2098070480,2415997584,-317927104,2730297824,2345432944,384864880,2346995424,2124816128,222179296,-7.44,-3.55,-3.90,4.72,2.72,0,13,7,6,0,0,0,13.95,0.00,0.00,0.00,,0.00,,0.00,EastMoney,2026-08-03T17:50:26+08:00
BK1240,2026-08-03T00:00:00Z,545829,547400,548469,542234,546596,804,0.15,775739,862623619,1.63,0.89,0.00,0,390455,385284,48082018000,44866584000,-25138132,20329576,24446606,-4117030,137139850,158160952,-21021102,275092816,302933776,-27840960,407260544,354281456,52979088,-2.91,-0.48,-2.44,-3.23,6.14,0,9,6,3,0,0,0,30.27,0.00,0.00,0.00,,0.00,,0.00,EastMoney,2026-08-03T17:50:26+08:00
BK1241,2026-08-03T00:00:00Z,383598,386195,386857,382713,384811,1384,0.36,2004806,1944647177,1.50,0.93,0.00,0,966547,1038259,138689556000,136268306000,-77741995,84496880,135031451,-50534571,372030752,399238176,-27207424,610408784,617600880,-7192096,842724048,757789968,84934080,-4.00,-2.60,-1.40,-0.37,4.37,0,9,8,1,0,0,0,28.94,0.00,0.00,0.00,,0.00,,0.00,EastMoney,2026-08-03T17:50:26+08:00
BK1242,2026-08-03T00:00:00Z,467893,472484,472712,465747,467241,5243,1.12,3768835,7322043450,2.27,0.93,0.00,0,1918512,1850323,343878048000,296426544000,-156505184,564970784,708821184,-143850400,1480877376,1493532160,-12654784,2305259056,2216213184,89045872,2798815616,2731868480,66947136,-2.14,-1.96,-0.17,1.22,0.91,0,35,24,11,0,0,0,37.20,0.00,0.00,0.00,,0.00,,0.00,EastMoney,2026-08-03T17:50:26+08:00
BK1243,2026-08-03T00:00:00Z,108453,110794,110795,108288,108481,2313,2.13,191809,123072129,1.33,1.06,0.00,0,119737,72072,9702412000,8826540000,-1011429,4576234,6136545,-1560311,19111565,18562683,548882,34144744,36309644,-2164900,63057244,59880916,3176328,-0.82,-1.27,0.45,-1.76,2.58,0,3,3,0,0,0,0,51.55,0.00,0.00,0.00,,0.00,,0.00,EastMoney,2026-08-03T17:50:26+08:00
BK1244,2026-08-03T00:00:00Z,207539,210219,210227,207163,207163,3056,1.48,1150633,2154064355,1.21,0.94,0.00,0,650966,499667,200412171000,191939473000,-9838948,96959252,109047112,-12087860,394337344,392088432,2248912,692340960,722755280,-30414320,870871728,843588400,27283328,-0.46,-0.56,0.10,-1.41,1.27,0,24,18,6,0,0,0,24.82,0.00,0.00,0.00,,0.00,,0.00,EastMoney,2026-08-03T17:50:26+08:00
BK1245,2026-08-03T00:00:00Z,258087,261242,261397,257489,257824,3418,1.33,882608,958973284,1.07,0.87,0.00,0,465243,417365,80293772000,61369916000,257852,19534895,29738063,-10203168,137684263,127223243,10461020,312386432,289975120,22411312,460922080,486825232,-25903152,0.03,-1.06,1.09,2.34,-2.70,0,15,11,4,0,0,0,65.52,0.00,0.00,0.00,,0.00,,0.00,EastMoney,2026-08-03T17:50:26+08:00
BK1246,2026-08-03T00:00:00Z,179912,183693,183849,179912,179807,3886,2.16,5664647,2576887856,0.95,0.96,0.00,0,3332505,2332142,266483192000,256544768000,27030448,376969040,310909984,66059056,580088880,619117488,-39028608,726370576,782871168,-56500592,839969600,810499456,29470144,1.05,2.56,-1.51,-2.19,1.14,0,8,8,0,0,0,0,7.41,0.00,0.00,0.00,,0.00,,0.00,EastMoney,2026-08-03T17:50:26+08:00
BK1247,2026-08-03T00:00:00Z,203964,208203,208219,203964,203445,4758,2.34,14988267,6541037435,1.09,1.19,0.00,0,8769184,6219083,800766608000,665854576000,211689008,898073424,723098496,174974928,1404803520,1368089440,36714080,1865508416,2039981648,-174473232,2215392912,2254184560,-38791648,3.24,2.68,0.56,-2.67,-0.59,0,44,36,7,1,0,0,10.39,0.00,0.00,0.00,,0.00,,0.00,EastMoney,2026-08-03T17:50:26+08:00
BK1248,2026-08-03T00:00:00Z,339950,341597,341759,338668,336948,4649,1.38,8918942,8835752677,1.63,1.22,0.00,0,4821360,4097583,386191632000,359403312000,-93799712,610430096,662005376,-51575280,1644658784,1686883216,-42224432,2625069760,2766844144,-141774384,3759925616,3526412912,233512704,-1.06,-0.58,-0.48,-1.60,2.64,0,39,28,11,0,0,0,25.65,0.00,0.00,0.00,,0.00,,0.00,EastMoney,2026-08-03T17:50:26+08:00
BK1249,2026-08-03T00:00:00Z,73282,74510,74901,73025,73464,1046,1.42,2194399,761396788,1.50,1.10,0.00,0,1222886,971514,53035316000,53004509000,11355093,51222866,48614748,2608118,145202563,136455588,8746975,181761483,221058403,-39296920,372621616,344679792,27941824,1.49,0.34,1.15,-5.16,3.67,0,7,6,0,1,0,0,-15.17,0.00,0.00,0.00,,0.00,,0.00,EastMoney,2026-08-03T17:50:26+08:00
BK1250,2026-08-03T00:00:00Z,178169,177891,180963,177442,179651,-1760,-0.98,9255581,10014655012,0.95,0.93,0.00,0,4425484,4830097,2117533312000,1675362848000,-408664544,690710352,691366240,-655888,1886445584,2294454240,-408008656,3088184384,3176775792,-88591408,4202116224,3704860272,497255952,-4.08,-0.01,-4.07,-0.88,4.97,0,27,9,18,0,0,0,18.44,0.00,0.00,0.00,,0.00,,0.00,EastMoney,2026-08-03T17:50:26+08:00
BK1251,2026-08-03T00:00:00Z,61693,62028,62123,61353,61549,479,0.78,632820,880249637,1.53,0.83,0.00,0,342826,289994,73413356000,61140519000,-6525109,13588121,22435970,-8847849,109601761,107279021,2322740,240449734,259942573,-19492839,498663424,472645472,26017952,-0.74,-1.01,0.26,-2.21,2.96,0,13,8,4,1,0,0,27.98,0.00,0.00,0.00,,0.00,,0.00,EastMoney,2026-08-03T17:50:26+08:00
BK1252,2026-08-03T00:00:00Z,190037,192013,192332,188652,190269,1744,0.92,1461826,2519155715,2.41,0.96,0.00,0,728185,733640,122464229000,105275597000,64289658,113117127,91199693,21917434,520477472,478105248,42372224,785814608,784796688,1017920,908834448,970131760,-61297312,2.55,0.87,1.68,0.04,-2.43,0,16,8,7,1,0,0,32.16,0.00,0.00,0.00,,0.00,,0.00,EastMoney,2026-08-03T17:50:26+08:00
BK1253,2026-08-03T00:00:00Z,109492,108761,109492,108252,110113,-1352,-1.23,202157,911749038,1.21,0.99,0.00,0,94764,107393,71395910000,50577410000,-51255879,44651488,40850900,3800588,195258767,250315234,-55056467,330218688,292221632,37997056,255759159,261118504,-5359345,-5.62,0.42,-6.04,4.17,-0.59,0,4,1,3,0,0,0,50.79,0.00,0.00,0.00,,0.00,,0.00,EastMoney,2026-08-03T17:50:26+08:00
BK1254,2026-08-03T00:00:00Z,427514,429807,432544,427095,427980,1827,0.43,605065,673194310,1.20,1.15,0.00,0,332753,272312,57131252000,51993432000,-8563010,27228863,30149411,-2920548,105016689,110659151,-5642462,204826197,210958446,-6132249,312099744,301050112,11049632,-1.27,-0.43,-0.84,-0.91,1.64,0,12,7,5,0,0,0,40.20,0.00,0.00,0.00,,0.00,,0.00,EastMoney,2026-08-03T17:50:26+08:00
BK1255,2026-08-03T00:00:00Z,403036,416080,416387,401079,400044,16036,4.01,2038050,1254256200,7.88,1.38,0.00,0,1191376,846674,18662540000,18396524000,36117931,136089847,101314274,34775573,236392065,235049707,1342358,391618096,380239600,11378496,470437296,517933712,-47496416,2.88,2.77,0.11,0.91,-3.79,0,4,4,0,0,0,0,-43.46,0.00,0.00,0.00,,0.00,,0.00,EastMoney,2026-08-03T17:50:26+08:00
BK1256,2026-08-03T00:00:00Z,209724,213525,213654,209724,209942,3583,1.71,2815884,2721640134,1.87,1.18,0.00,0,1536370,1279515,277584480000,133087857000,103214954,167247871,121552485,45695386,588204240,530684672,57519568,856364016,921106224,-64742208,1028672144,1075662512,-46990368,3.79,1.68,2.11,-2.38,-1.73,0,28,22,5,1,0,0,46.06,0.00,0.00,0.00,,0.00,,0.00,EastMoney,2026-08-03T17:50:26+08:00
BK1257,2026-08-03T00:00:00Z,210853,214927,214927,210679,211061,3866,1.83,309828,136817516,1.58,1.57,0.00,0,189931,119897,9862820000,8764308000,4735816,7532548,5112654,2419894,29555655,27239733,2315922,38180371,49227242,-11046871,53268024,49290980,3977044,3.46,1.77,1.69,-8.07,2.91,0,3,3,0,0,0,0,50.08,0.00,0.00,0.00,,0.00,,0.00,EastMoney,2026-08-03T17:50:26+08:00
BK1258,2026-08-03T00:00:00Z,318365,321147,322077,317006,318489,2658,0.83,2486980,2228756351,1.40,1.12,0.00,0,1369096,1117884,198599772000,182826192000,-12018550,131389871,157679029,-26289158,430034768,415764160,14270608,666824432,730846288,-64021856,954421600,884034608,70386992,-0.54,-1.18,0.64,-2.87,3.16,0,17,11,6,0,0,0,-128.08,0.00,0.00,0.00,,0.00,,0.00,EastMoney,2026-08-03T17:50:26+08:00
BK1259,2026-08-03T00:00:00Z,357926,359749,363330,356559,357767,1982,0.55,4792548,5507966038,1.49,1.06,0.00,0,2524778,2267770,482485792000,357732816000,-113485408,490599600,614543408,-123943808,1275658160,1265199760,10458400,1693549536,1780953920,-87404384,1958078064,1757188272,200889792,-2.06,-2.25,0.19,-1.59,3.65,0,22,15,7,0,0,0,60.19,0.00,0.00,0.00,,0.00,,0.00,EastMoney,2026-08-03T17:50:26+08:00
BK1260,2026-08-03T00:00:00Z,90373,92193,92372,90373,90172,2021,2.24,1103688,386526009,2.45,1.11,0.00,0,634933,468755,16690751000,16426393000,-9905283,7218646,21347298,-14128652,63819196,59595827,4223369,108513951,123014681,-14500730,198376175,173970162,24406013,-2.56,-3.66,1.09,-3.75,6.31,0,7,7,0,0,0,0,-11.22,0.00,0.00,0.00,,0.00,,0.00,EastMoney,2026-08-03T17:50:26+08:00
BK1261,2026-08-03T00:00:00Z,221709,227352,227466,221670,221114,6238,2.82,5318280,3258836277,2.81,1.32,0.00,0,2976297,2341983,134609263000,128901688000,76776718,193904059,185271597,8632462,716682928,648538672,68144256,1035835136,1031712400,4122736,1213734176,1295028544,-81294368,2.36,0.26,2.09,0.13,-2.49,0,21,20,1,0,0,0,50.73,0.00,0.00,0.00,,0.00,,0.00,EastMoney,2026-08-03T17:50:26+08:00
BK1262,2026-08-03T00:00:00Z,386003,383209,387765,382331,386546,-3337,-0.86,4528952,8432458672,0.95,0.81,0.00,0,2057564,2471388,1417409344000,809901280000,-473643488,972526816,1273613792,-301086976,1901180832,2073737344,-172556512,2685289952,2570789440,114500512,2732098752,2372955792,359142960,-5.62,-3.57,-2.05,1.36,4.26,0,9,2,7,0,0,0,33.42,0.00,0.00,0.00,,0.00,,0.00,EastMoney,2026-08-03T17:50:26+08:00
BK1263,2026-08-03T00:00:00Z,358198,362405,362894,355870,352298,10107,2.87,1128351,2530853168,1.03,0.86,0.00,0,595443,532908,240044063000,202098583000,-22851791,96716681,79767144,16949537,464202528,504003856,-39801328,862380400,870569744,-8189344,1055803392,1028142944,27660448,-0.90,0.67,-1.57,-0.32,1.09,0,20,16,3,1,0,0,27.55,0.00,0.00,0.00,,0.00,,0.00,EastMoney,2026-08-03T17:50:26+08:00
BK1264,2026-08-03T00:00:00Z,263093,264240,265343,261339,263911,329,0.12,4244122,5620399625,1.57,0.90,0.00,0,2012820,2231302,281426048000,272364128000,-23090208,563203232,677430064,-114226832,1306708832,1215572208,91136624,1625882080,1707867232,-81985152,2008361312,1903285968,105075344,-0.41,-2.03,1.62,-1.46,1.87,0,14,9,5,0,0,0,29.10,0.00,0.00,0.00,,0.00,,0.00,EastMoney,2026-08-03T17:50:26+08:00
BK1265,2026-08-03T00:00:00Z,340560,343384,343402,338689,339866,3518,1.04,6517696,5882344588,2.42,0.97,0.00,0,3292684,3225012,233750364000,194989407000,37818154,261608740,256956586,4652154,964204560,931038560,33166000,1759676256,1852788704,-93112448,2710491968,2678003616,32488352,0.64,0.08,0.56,-1.58,0.55,0,47,33,14,0,0,0,50.58,0.00,0.00,0.00,,0.00,,0.00,EastMoney,2026-08-03T17:50:26+08:00
BK1266,2026-08-03T00:00:00Z,298455,304844,304844,298134,298340,6504,2.18,1690669,1814296505,2.19,0.78,0.00,0,917908,772760,103837391000,92306683000,-24523255,73029011,65484688,7544323,261993622,294061200,-32067578,565306368,577481440,-12175072,878787392,842089056,36698336,-1.35,0.42,-1.77,-0.67,2.02,0,21,20,1,0,0,0,54.33,0.00,0.00,0.00,,0.00,,0.00,EastMoney,2026-08-03T17:50:26+08:00
BK1267,2026-08-03T00:00:00Z,238116,244066,244166,237865,237690,6376,2.68,5546109,3014331538,2.08,1.21,0.00,0,3155794,2390315,161190797000,153163645000,46837867,219325751,161714812,57610939,561047888,571820960,-10773072,934546816,998439744,-63892928,1218219792,1198493664,19726128,1.55,1.91,-0.36,-2.12,0.65,0,25,21,1,3,0,0,-45.82,0.00,0.00,0.00,,0.00,,0.00,EastMoney,2026-08-03T17:50:26+08:00
BK1268,2026-08-03T00:00:00Z,260590,261237,262075,259360,260609,628,0.24,3226825,3433509953,1.92,0.76,0.00,0,1622084,1604741,114806332000,93261435000,45707374,266533159,249754633,16778526,685333200,656404352,28928848,992689136,1093965600,-101276464,1329965456,1279472848,50492608,1.33,0.49,0.84,-2.95,1.47,0,18,10,8,0,0,0,41.30,0.00,0.00,0.00,,0.00,,0.00,EastMoney,2026-08-03T17:50:26+08:00
BK1269,2026-08-03T00:00:00Z,638428,642799,644698,632656,635719,7080,1.11,486112,1847155141,1.27,0.71,0.00,0,247778,238334,129686399000,122421535000,14103518,188988567,179380873,9607694,457598992,453103168,4495824,634050320,563171184,70879136,538922304,623904960,-84982656,0.76,0.52,0.24,3.84,-4.60,0,2,1,1,0,0,0,40.61,0.00,0.00,0.00,,0.00,,0.00,EastMoney,2026-08-03T17:50:26+08:00
BK1270,2026-08-03T00:00:00Z,130580,132166,132258,130103,131034,1132,0.86,793858,825079478,1.66,0.74,0.00,0,414395,379463,46636236000,44860665000,-15943383,15719620,36389478,-20669858,146678795,141952320,4726475,248135174,274325728,-26190554,393538448,351404512,42133936,-1.93,-2.51,0.57,-3.17,5.11,0,7,5,2,0,0,0,96.70,0.00,0.00,0.00,,0.00,,0.00,EastMoney,2026-08-03T17:50:26+08:00
BK1271,2026-08-03T00:00:00Z,212976,215107,215405,210701,214385,722,0.34,2218333,1487826727,3.92,1.23,0.00,0,1132986,1085348,56788704000,54415821000,-56114725,32985014,64075812,-31090798,236117419,261141346,-25023927,442952112,424992832,17959280,720252752,682097312,38155440,-3.77,-2.09,-1.68,1.21,2.56,0,10,7,3,0,0,0,35.02,0.00,0.00,0.00,,0.00,,0.00,EastMoney,2026-08-03T17:50:26+08:00
BK1272,2026-08-03T00:00:00Z,285456,289232,289326,284704,285443,3789,1.33,2446323,2265873300,1.67,0.80,0.00,0,1291095,1155228,130555699000,115938661000,-13222733,71858279,76155748,-4297469,389961072,398886336,-8925264,716797920,747229728,-30431808,1047828352,1004173824,43654528,-0.58,-0.19,-0.39,-1.34,1.93,0,27,24,2,1,0,0,65.98,0.00,0.00,0.00,,0.00,,0.00,EastMoney,2026-08-03T17:50:26+08:00
BK1273,2026-08-03T00:00:00Z,82504,85715,86130,81905,82421,3294,4.00,718136,531776658,3.36,0.93,0.00,0,414820,303316,16491526000,16037610000,-16844867,26921308,47086817,-20165509,111991486,108670844,3320642,162390682,178197161,-15806479,224505446,191854098,32651348,-3.17,-3.79,0.62,-2.97,6.14,0,3,3,0,0,0,0,-30.74,0.00,0.00,0.00,,0.00,,0.00,EastMoney,2026-08-03T17:50:26+08:00
BK1274,2026-08-03T00:00:00Z,317632,325490,325567,316783,318063,7427,2.34,9584731,8462929686,0.31,0.96,0.00,0,4976057,4608674,3229133728000,2834757104000,32765520,765976720,726427728,39548992,1851618288,1858401760,-6783472,2562948048,2672206192,-109258144,3160625472,3084132848,76492624,0.39,0.47,-0.08,-1.29,0.90,0,30,25,4,1,0,0,15.49,0.00,0.00,0.00,,0.00,,0.00,EastMoney,2026-08-03T17:50:26+08:00
BK1275,2026-08-03T00:00:00Z,187192,187804,188787,183645,189697,-1893,-1.00,5490937,4932379977,1.36,0.83,0.00,0,2793118,2697819,232024890000,191141543000,-161471392,282245792,378735392,-96489600,1096090416,1161072208,-64981792,1569050080,1611056144,-42006064,1678907952,1508521744,170386208,-3.27,-1.96,-1.32,-0.85,3.45,0,14,7,7,0,0,0,21.79,0.00,0.00,0.00,,0.00,,0.00,EastMoney,2026-08-03T17:50:26+08:00
BK1276,2026-08-03T00:00:00Z,333305,338438,341190,332865,338179,259,0.08,2190324,2265994731,1.33,0.67,0.00,0,1075000,1115324,1577366832000,156812802000,-65433567,229617811,230474306,-856495,455363424,519940496,-64577072,708579776,698048432,10531344,825769680,770867456,54902224,-2.89,-0.04,-2.85,0.46,2.42,0,5,3,2,0,0,0,12.48,0.00,0.00,0.00,,0.00,,0.00,EastMoney,2026-08-03T17:50:26+08:00
BK1277,2026-08-03T00:00:00Z,445892,444901,448714,442182,448841,-3940,-0.88,2198917,12963912264,1.25,0.72,0.00,0,1043924,1154993,2560654544000,2555751056000,-158848752,1607422112,1850591888,-243169776,3324452464,3240131440,84321024,4765271296,4682671616,82599680,2950636912,2874387872,76249040,-1.23,-1.88,0.65,0.64,0.59,0,20,5,13,2,0,0,20.37,0.00,0.00,0.00,,0.00,,0.00,EastMoney,2026-08-03T17:50:26+08:00
BK1278,2026-08-03T00:00:00Z,472806,474434,479662,470922,473466,968,0.20,3804998,5079824475,2.33,1.15,0.00,0,1953336,1851663,362997840000,349483712000,58516144,420094544,380358560,39735984,915659056,896878896,18780160,1507269648,1557544432,-50274784,2146200688,2159375744,-13175056,1.15,0.78,0.37,-0.99,-0.26,0,15,7,8,0,0,0,29.37,0.00,0.00,0.00,,0.00,,0.00,EastMoney,2026-08-03T17:50:26+08:00
BK1279,2026-08-03T00:00:00Z,198279,199685,199989,197343,197400,2285,1.16,1577657,2269535210,1.24,1.00,0.00,0,802550,775107,224651786000,175961141000,-61391913,77167544,83615041,-6447497,371101904,426046320,-54944416,681363264,765410000,-84046736,1087847648,942409008,145438640,-2.71,-0.28,-2.42,-3.70,6.41,0,18,12,6,0,0,0,23.41,0.00,0.00,0.00,,0.00,,0.00,EastMoney,2026-08-03T17:50:26+08:00
BK1280,2026-08-03T00:00:00Z,405818,408673,409034,404567,405774,2899,0.71,4423449,3218622779,2.69,0.93,0.00,0,2133585,2289865,232324146000,210988855000,-78645354,95169979,139729797,-44559818,582849184,616934720,-34085536,1063979584,1023353776,40625808,1393908432,1364333120,29575312,-2.44,-1.38,-1.06,1.26,0.92,0,27,17,9,1,0,0,33.94,0.00,0.00,0.00,,0.00,,0.00,EastMoney,2026-08-03T17:50:26+08:00
BK1281,2026-08-03T00:00:00Z,206077,208252,208412,205448,206293,1959,0.95,1770858,3057661753,1.94,0.86,0.00,0,845210,925648,162635911000,149009561000,72426204,230168934,192226026,37942908,553493856,519010560,34483296,1006085040,1070781072,-64696032,1221979200,1229709360,-7730160,2.37,1.24,1.13,-2.12,-0.25,0,23,16,6,1,0,0,23.34,0.00,0.00,0.00,,0.00,,0.00,EastMoney,2026-08-03T17:50:26+08:00
BK1282,2026-08-03T00:00:00Z,217926,220164,220191,215503,219023,1141,0.52,4701887,7639991632,2.17,0.93,0.00,0,2364999,2336888,444103584000,431139888000,-89027696,493502896,542219744,-48716848,1507430048,1547740896,-40310848,2398893744,2413120288,-14226544,3003919664,2917586832,86332832,-1.17,-0.64,-0.53,-0.19,1.13,0,27,17,10,0,0,0,21.87,0.00,0.00,0.00,,0.00,,0.00,EastMoney,2026-08-03T17:50:26+08:00
BK1283,2026-08-03T00:00:00Z,429617,434954,435795,429018,431531,3423,0.79,49462366,38380895816,0.37,1.00,0.00,0,26756689,22705677,15700093696000,10338562304000,-531045632,6906234368,6853017600,53216768,9368680960,9952943360,-584262400,11228312320,10775636736,452675584,10221276928,10142906880,78370048,-1.38,0.14,-1.52,1.18,0.20,0,42,31,11,0,0,0,7.16,0.00,0.00,0.00,,0.00,,0.00,EastMoney,2026-08-03T17:50:26+08:00
BK1287,2026-08-03T00:00:00Z,307364,310538,310739,305152,307959,2579,0.84,27793928,38517792209,1.77,0.93,0.00,0,13469572,14324356,2934695584000,2291559152000,-1770436096,4400786176,5564097280,-1163311104,9041408256,9648533248,-607124992,11977211904,11795188480,182023424,12408835072,10821541120,1587293952,-4.60,-3.02,-1.58,0.47,4.12,0,58,39,18,1,0,0,15.43,0.00,0.00,0.00,,0.00,,0.00,EastMoney,2026-08-03T17:50:26+08:00
BK1288,2026-08-03T00:00:00Z,518172,524944,526929,516443,515554,9390,1.82,4918892,10855737969,3.34,1.18,0.00,0,2656817,2262075,367612784000,305292160000,-14874944,669628672,653911936,15716736,2150338096,2180929776,-30591680,3494107776,3479702656,14405120,4275771536,4274572352,1199184,-0.14,0.14,-0.28,0.13,0.01,0,36,27,9,0,0,0,67.87,0.00,0.00,0.00,,0.00,,0.00,EastMoney,2026-08-03T17:50:26+08:00
BK1289,2026-08-03T00:00:00Z,159809,162508,162528,159350,160785,1723,1.07,2132111,2291743743,1.41,1.21,0.00,0,1116216,1015894,121078666000,110337794000,113024003,154221669,78303266,75918403,424365056,387259456,37105600,649700912,711228304,-61527392,1019032496,1070529104,-51496608,4.93,3.31,1.62,-2.68,-2.25,0,18,12,6,0,0,0,32.14,0.00,0.00,0.00,,0.00,,0.00,EastMoney,2026-08-03T17:50:26+08:00
BK1290,2026-08-03T00:00:00Z,213865,215708,216630,213533,214391,1317,0.61,1171143,982419153,0.89,1.02,0.00,0,630638,540505,125164744000,119318363000,-34502086,6958680,20920762,-13962082,134956659,155496663,-20540004,270467600,314224096,-43756496,560372656,482114080,78258576,-3.51,-1.42,-2.09,-4.45,7.97,0,10,8,2,0,0,0,13.03,0.00,0.00,0.00,,0.00,,0.00,EastMoney,2026-08-03T17:50:26+08:00
BK1291,2026-08-03T00:00:00Z,118054,120101,120387,117705,118197,1904,1.61,2973742,1678250503,1.42,0.90,0.00,0,1670387,1303355,125048612000,118240492000,-55936648,81963294,67861206,14102088,295898544,365937280,-70038736,431703936,542859296,-111155360,730782608,573546048,157236560,-3.33,0.84,-4.17,-6.62,9.37,0,13,12,1,0,0,0,-52.25,0.00,0.00,0.00,,0.00,,0.00,EastMoney,2026-08-03T17:50:26+08:00
BK1292,2026-08-03T00:00:00Z,231046,227669,231046,226229,229519,-1850,-0.81,3785010,2039440681,2.41,1.80,0.00,0,1416302,2368708,84605520000,84127926000,-101779836,221903861,117905905,103997956,468710608,674488400,-205777792,609708000,632014176,-22306176,728746864,604660864,124086000,-4.99,5.10,-10.09,-1.09,6.08,0,3,1,1,1,0,0,26.03,0.00,0.00,0.00,,0.00,,0.00,EastMoney,2026-08-03T17:50:26+08:00
BK1293,2026-08-03T00:00:00Z,431461,435239,439148,426926,429564,5675,1.32,21990086,25511084307,10.89,1.56,0.00,0,10698504,11291582,213973423000,192842797000,-1307856064,3351861312,4336174848,-984313536,5895581696,6219124224,-323542528,7939815680,7417417984,522397696,7276576768,6491118336,785458432,-5.13,-3.86,-1.27,2.05,3.08,0,27,18,8,1,0,0,-419.68,0.00,0.00,0.00,,0.00,,0.00,EastMoney,2026-08-03T17:50:26+08:00
BK1294,2026-08-03T00:00:00Z,290057,291111,294031,287239,291757,-646,-0.22,2480763,7000688307,5.91,1.49,0.00,0,1163109,1317654,106364945000,97836746000,-614637200,627070096,1036911056,-409840960,1635832480,1840628720,-204796240,2350707456,2088877104,261830352,2206656096,1853849248,352806848,-8.78,-5.85,-2.93,3.74,5.04,0,9,6,3,0,0,0,-94.08,0.00,0.00,0.00,,0.00,,0.00,EastMoney,2026-08-03T17:50:26+08:00
BK1295,2026-08-03T00:00:00Z,84948,84971,88072,84358,83641,1330,1.59,756799,1020713521,11.24,1.43,0.00,0,357502,399297,9439833000,8616643000,-35563562,45150481,68222887,-23072406,194048756,206539912,-12491156,354413184,328098576,26314608,388087696,378838752,9248944,-3.48,-2.26,-1.22,2.58,0.91,0,2,1,1,0,0,0,-61.48,0.00,0.00,0.00,,0.00,,0.00,EastMoney,2026-08-03T17:50:26+08:00
BK1296,2026-08-03T00:00:00Z,78798,78895,79620,77735,79137,-242,-0.31,191425,311398980,1.87,0.93,0.00,0,90276,101150,30530163000,16674143000,18025144,17883504,8323689,9559815,69146770,60681441,8465329,106877900,91192967,15684933,112948538,146658615,-33710077,5.79,3.07,2.72,5.04,-10.83,0,1,0,1,0,0,0,29.14,0.00,0.00,0.00,,0.00,,0.00,EastMoney,2026-08-03T17:50:26+08:00
BK1297,2026-08-03T00:00:00Z,300582,305480,310883,293828,303284,2196,0.72,475928,855231059,7.04,1.25,0.00,0,223188,252740,12673445000,12231282000,-20448583,64058218,64627588,-569370,168084053,187963266,-19879213,289936944,284482016,5454928,309673872,294680224,14993648,-2.39,-0.07,-2.32,0.64,1.75,0,1,1,0,0,0,0,41.68,0.00,0.00,0.00,,0.00,,0.00,EastMoney,2026-08-03T17:50:26+08:00
BK1298,2026-08-03T00:00:00Z,261549,255848,267453,253987,263235,-7387,-2.81,1470602,3522783934,13.38,1.73,0.00,0,714349,756253,27146029000,25489093000,-174996016,367918016,486132592,-118214576,861043440,917824880,-56781440,1100111760,1042245056,57866704,1089504480,972375184,117129296,-4.97,-3.36,-1.61,1.64,3.32,0,2,0,2,0,0,0,-35.50,0.00,0.00,0.00,,0.00,,0.00,EastMoney,2026-08-03T17:50:26+08:00
BK1299,2026-08-03T00:00:00Z,330054,334889,335674,327360,328545,6344,1.93,7259396,4272007463,4.40,1.16,0.00,0,3747587,3511809,128564016000,120315786000,-263289088,318191584,393659360,-75467776,892173824,1079995136,-187821312,1240742688,1366417264,-125674576,1715292816,1326329168,388963648,-6.16,-1.77,-4.40,-2.94,9.10,0,14,13,1,0,0,0,-47.74,0.00,0.00,0.00,,0.00,,0.00,EastMoney,2026-08-03T17:50:26+08:00
BK1300,2026-08-03T00:00:00Z,56151,56471,56785,55780,56399,72,0.13,883491,868029402,2.57,0.78,0.00,0,370446,513045,35272983000,34815302000,-41619570,49815562,73699547,-23883985,180358983,198094568,-17735585,287477104,294773952,-7296848,333468480,284552064,48916416,-4.79,-2.75,-2.04,-0.84,5.64,0,4,2,2,0,0,0,-51.08,0.00,0.00,0.00,,0.00,,0.00,EastMoney,2026-08-03T17:50:26+08:00
BK1301,2026-08-03T00:00:00Z,129790,131816,133662,129685,129710,2106,1.62,12390428,17782042972,3.78,1.08,0.00,0,6227379,6163049,430118096000,390070128000,86847456,2197894960,2087198288,110696672,4431296000,4455145216,-23849216,5479942656,5703776512,-223833856,5399837696,5262851584,136986112,0.49,0.62,-0.13,-1.26,0.77,0,24,21,2,1,0,0,24.74,0.00,0.00,0.00,,0.00,,0.00,EastMoney,2026-08-03T17:50:26+08:00
BK1302,2026-08-03T00:00:00Z,1044290,1056491,1060522,1033236,1049078,7413,0.71,6767214,16083720341,2.15,0.70,0.00,0,3473898,3293316,799565680000,695377760000,-98346672,1018115760,1067927440,-49811680,3262805872,3311340864,-48534992,5338106880,5446198016,-108091136,6087996928,5873158912,214838016,-0.61,-0.31,-0.30,-0.67,1.34,0,44,30,12,2,0,0,40.90,0.00,0.00,0.00,,0.00,,0.00,EastMoney,2026-08-03T17:50:26+08:00
BK1303,2026-08-03T00:00:00Z,1671278,1673190,1681035,1657328,1675345,-2155,-0.13,5306768,22891970853,2.31,0.74,0.00,0,2585059,2721709,2418341888000,2213869296000,-879881600,2336884224,2709290624,-372406400,5715287296,6222762496,-507475200,7025144320,6937167360,87976960,7370834176,6598974464,771859712,-3.84,-1.63,-2.22,0.38,3.37,0,33,14,19,0,0,0,24.61,0.00,0.00,0.00,,0.00,,0.00,EastMoney,2026-08-03T17:50:26+08:00
BK1304,2026-08-03T00:00:00Z,2011536,2032737,2033788,1998419,2014745,17992,0.89,1209546,3245510388,2.28,0.84,0.00,0,606956,602590,150920209000,131530344000,-40604140,153770871,190656899,-36886028,606184368,609902480,-3718112,1068991008,1082070800,-13079792,1256704944,1246679488,10025456,-1.25,-1.14,-0.11,-0.40,0.31,0,18,13,5,0,0,0,78.45,0.00,0.00,0.00,,0.00,,0.00,EastMoney,2026-08-03T17:50:26+08:00
BK1305,2026-08-03T00:00:00Z,24781,25441,25485,24605,24796,645,2.60,27952,47864021,1.43,1.04,0.00,0,17546,10406,4173231000,3396906000,-2577235,0,2052000,-2052000,8183528,8708763,-525235,13914979,15901821,-1986842,25210104,20646025,4564079,-5.38,-4.29,-1.10,-4.15,9.54,0,1,1,0,0,0,0,-6.63,0.00,0.00,0.00,,0.00,,0.00,EastMoney,2026-08-03T17:50:26+08:00
BK1306,2026-08-03T00:00:00Z,215397,216233,216575,213290,214821,1412,0.66,1650948,2644952648,3.51,0.82,0.00,0,762765,888183,74450955000,70367353000,-37118551,125803899,124337458,1466441,447831696,486416688,-38584992,842302000,930949392,-88647392,1165704176,1040445504,125258672,-1.40,0.06,-1.46,-3.35,4.74,0,10,7,3,0,0,0,-3671.62,0.00,0.00,0.00,,0.00,,0.00,EastMoney,2026-08-03T17:50:26+08:00
BK1307,2026-08-03T00:00:00Z,225759,231164,231181,225369,225152,6012,2.67,3621930,7422200532,3.16,1.31,0.00,0,1883177,1738753,247521142000,213021374000,232472544,743517744,539313936,204203808,1574829984,1546561248,28268736,2327736016,2399163952,-71427936,2543672688,2704628080,-160955392,3.13,2.75,0.38,-0.96,-2.17,0,27,24,3,0,0,0,53.76,0.00,0.00,0.00,,0.00,,0.00,EastMoney,2026-08-03T17:50:26+08:00
BK1308,2026-08-03T00:00:00Z,238645,245699,245825,238584,238825,6874,2.88,1740380,2274687894,2.51,1.19,0.00,0,1015062,725317,81940225000,72655926000,40495469,88567279,60532338,28034941,340387648,327927120,12460528,707283568,837923376,-130639808,1083677664,993329920,90347744,1.78,1.23,0.55,-5.74,3.97,0,14,12,2,0,0,0,36.29,0.00,0.00,0.00,,0.00,,0.00,EastMoney,2026-08-03T17:50:26+08:00
BK1309,2026-08-03T00:00:00Z,626794,643608,644306,626794,623554,20054,3.22,5453917,9207476587,2.59,1.07,0.00,0,2966417,2487501,478031136000,461379728000,383787488,843855216,601828800,242026416,2055299936,1913538864,141761072,2812974736,2975213040,-162238304,3250381152,3469138336,-218757184,4.17,2.63,1.54,-1.76,-2.38,0,30,28,2,0,0,0,30.89,0.00,0.00,0.00,,0.00,,0.00,EastMoney,2026-08-03T17:50:26+08:00
BK1310,2026-08-03T00:00:00Z,326487,335684,335900,326454,325937,9747,2.99,3669198,4302087490,2.87,1.18,0.00,0,1988930,1680268,211167071000,178831414000,136206572,279606512,138618180,140988332,767655904,772437664,-4781760,1423276304,1466943056,-43666752,1740582352,1834025104,-93442752,3.17,3.28,-0.11,-1.02,-2.17,0,28,27,1,0,0,0,26.00,0.00,0.00,0.00,,0.00,,0.00,EastMoney,2026-08-03T17:50:26+08:00
BK1311,2026-08-03T00:00:00Z,392433,404478,404478,391683,388907,15571,4.00,11388679,17602517564,4.64,0.99,0.00,0,5906360,5482320,546907264000,497685760000,378978448,1647979456,1394281856,253697600,3826085376,3700804528,125280848,5937338368,5914036224,23302144,5715700224,6112423168,-396722944,2.15,1.44,0.71,0.13,-2.25,0,31,30,1,0,0,0,37.65,0.00,0.00,0.00,,0.00,,0.00,EastMoney,2026-08-03T17:50:26+08:00
BK1312,2026-08-03T00:00:00Z,343329,355455,355562,343329,341093,14362,4.21,15966187,15494754743,5.58,1.10,0.00,0,8470010,7496177,336480752000,304291696000,691409456,1290216896,828604896,461612000,3138929088,2909131632,229797456,4919938304,5024574208,-104635904,5737552896,6318721792,-581168896,4.46,2.98,1.48,-0.68,-3.75,0,40,37,3,0,0,0,59.05,0.00,0.00,0.00,,0.00,,0.00,EastMoney,2026-08-03T17:50:26+08:00
BK1313,2026-08-03T00:00:00Z,184164,191367,191445,184164,184102,7265,3.95,4634646,6527471168,3.22,1.08,0.00,0,2600777,2033870,226886665000,155953804000,162975881,307917968,263717671,44200297,1420153712,1301378128,118775584,2085533296,2155731952,-70198656,2566025104,2656230128,-90205024,2.50,0.68,1.82,-1.08,-1.38,0,26,25,1,0,0,0,85.49,0.00,0.00,0.00,,0.00,,0.00,EastMoney,2026-08-03T17:50:26+08:00
BK1314,2026-08-03T00:00:00Z,150431,156534,156715,150431,150058,6476,4.32,2938265,4509715526,3.19,1.51,0.00,0,1633155,1305109,154158860000,136046428000,289657056,511690848,391330832,120360016,1099396336,930099296,169297040,1448104144,1516871616,-68767472,1389371360,1610260960,-220889600,6.42,2.67,3.75,-1.52,-4.90,0,5,5,0,0,0,0,40.19,0.00,0.00,0.00,,0.00,,0.00,EastMoney,2026-08-03T17:50:26+08:00
BK1315,2026-08-03T00:00:00Z,221960,229526,229656,221825,221418,8108,3.66,9460011,6870777039,2.55,1.29,0.00,0,5515204,3944808,310317712000,292219184000,179924736,480031728,419103888,60927840,1621093392,1502096496,118996896,2147017712,2224192624,-77174912,2482885936,2580625056,-97739120,2.62,0.89,1.73,-1.12,-1.42,0,22,20,2,0,0,0,-12.37,0.00,0.00,0.00,,0.00,,0.00,EastMoney,2026-08-03T17:50:26+08:00
BK1316,2026-08-03T00:00:00Z,218520,224405,224528,217619,218043,6362,2.92,2051037,3205150208,2.03,1.09,0.00,0,1057869,993168,161211539000,151075079000,79744158,220367904,165103234,55264670,599384880,574905392,24479488,1013113968,1021050720,-7936752,1316145120,1388741088,-72595968,2.49,1.72,0.76,-0.25,-2.26,0,18,15,2,1,0,0,1036.05,0.00,0.00,0.00,,0.00,,0.00,EastMoney,2026-08-03T17:50:26+08:00
BK1317,2026-08-03T00:00:00Z,606224,614039,618198,602793,606542,7497,1.24,901156,4169707676,2.11,0.93,0.00,0,461878,439277,189693188000,152113059000,77227693,252651097,185380252,67270845,752279760,742322912,9956848,1317918704,1420186912,-102268208,1723278416,1695604576,27673840,1.85,1.61,0.24,-2.45,0.66,0,11,9,2,0,0,0,39.21,0.00,0.00,0.00,,0.00,,0.00,EastMoney,2026-08-03T17:50:26+08:00
BK1318,2026-08-03T00:00:00Z,1066700,1121044,1123890,1066700,1056345,64699,6.12,2723026,3501067524,2.25,1.66,0.00,0,1461590,1261435,158487341000,158487241000,429641744,767880000,388624368,379255632,814098352,763712240,50386112,990061328,1058439168,-68377840,863225504,1224489408,-361263904,12.27,10.83,1.44,-1.95,-10.32,0,2,2,0,0,0,0,-9.71,0.00,0.00,0.00,,0.00,,0.00,EastMoney,2026-08-03T17:50:26+08:00
BK1319,2026-08-03T00:00:00Z,173026,179435,179790,173026,172314,7121,4.13,2448225,2042089437,2.68,1.28,0.00,0,1397744,1050481,94319274000,93730160000,169597133,199790166,122194569,77595597,519998448,427996912,92001536,671095072,810592480,-139497408,612606656,642706368,-30099712,8.31,3.80,4.51,-6.83,-1.47,0,5,4,1,0,0,0,-7.42,0.00,0.00,0.00,,0.00,,0.00,EastMoney,2026-08-03T17:50:26+08:00
BK1320,2026-08-03T00:00:00Z,1399947,1429642,1442326,1394498,1401693,27949,1.99,1069911,7063641861,2.28,0.87,0.00,0,548454,521457,413975872000,344579440000,-89083232,570147536,654821120,-84673584,1592146720,1596556368,-4409648,2584357872,2447284160,137073712,2225533712,2273524192,-47990480,-1.26,-1.20,-0.06,1.94,-0.68,0,10,9,1,0,0,0,24.38,0.00,0.00,0.00,,0.00,,0.00,EastMoney,2026-08-03T17:50:26+08:00
BK1321,2026-08-03T00:00:00Z,141184,143957,144606,141174,139502,4455,3.19,1182899,1021197718,3.87,1.13,0.00,0,610750,572149,25017618000,23004626000,-7374794,44563611,59766314,-15202703,197922939,190095030,7827909,356764960,340276752,16488208,399882368,408995776,-9113408,-0.72,-1.49,0.77,1.61,-0.89,0,4,4,0,0,0,0,49.78,0.00,0.00,0.00,,0.00,,0.00,EastMoney,2026-08-03T17:50:26+08:00
BK1322,2026-08-03T00:00:00Z,790268,796877,799362,788775,788289,8588,1.09,4238259,11453663284,3.00,1.00,0.00,0,2111785,2126474,390776384000,318779616000,91447184,1081641648,969471856,112169792,2125241216,2145963824,-20722608,3674722640,4149787632,-475064992,4360471552,3977779536,382692016,0.80,0.98,-0.18,-4.15,3.34,0,29,20,9,0,0,0,89.56,0.00,0.00,0.00,,0.00,,0.00,EastMoney,2026-08-03T17:50:26+08:00
BK1323,2026-08-03T00:00:00Z,121356,124518,125396,121356,119480,5038,4.22,1971504,3257256597,1.33,1.17,0.00,0,1122897,848607,201706543000,149174747000,210679888,499740224,464262736,35477488,884292208,709089808,175202400,925416544,1013520432,-88103888,879212800,1001788816,-122576016,6.47,1.09,5.38,-2.70,-3.76,0,2,2,0,0,0,0,36.29,0.00,0.00,0.00,,0.00,,0.00,EastMoney,2026-08-03T17:50:26+08:00
BK1325,2026-08-03T00:00:00Z,1090517,1054403,1099475,1051564,1105330,-50927,-4.61,6290277,34612614575,5.86,0.85,0.00,0,2987911,3302366,858054528000,475035808000,-2270525040,3880020624,5293566464,-1413545840,7809690624,8666669824,-856979200,11932883200,11398074112,534809088,10136432128,8391722496,1744709632,-6.56,-4.08,-2.48,1.55,5.04,0,31,5,26,0,0,0,422.17,0.00,0.00,0.00,,0.00,,0.00,EastMoney,2026-08-03T17:50:26+08:00
BK1326,2026-08-03T00:00:00Z,4359320,4121073,4373897,4095111,4415230,-294157,-6.66,3488386,62161875550,4.09,0.92,0.00,0,1669790,1818596,1835308832000,1707146704000,-3539106304,7817891584,10539211520,-2721319936,19353296896,20171083264,-817786368,28112040448,25216174336,2895866112,5760092160,5116851712,643240448,-5.69,-4.38,-1.32,4.66,1.03,0,25,4,20,1,0,0,115.80,0.00,0.00,0.00,,0.00,,0.00,EastMoney,2026-08-03T17:50:26+08:00
BK1327,2026-08-03T00:00:00Z,1311538,1305290,1336040,1294891,1322558,-17268,-1.31,2946793,19203949151,3.45,0.84,0.00,0,1309974,1636819,486552608000,468610512000,16033808,3112797520,2892513344,220284176,7524317952,7728568320,-204250368,4683567360,5132477696,-448910336,3608540144,3175663568,432876576,0.08,1.15,-1.06,-2.34,2.25,0,18,5,13,0,0,0,-83.43,0.00,0.00,0.00,,0.00,,0.00,EastMoney,2026-08-03T17:50:26+08:00
BK1328,2026-08-03T00:00:00Z,728616,707251,739075,704350,739758,-32507,-4.39,7986077,27375153515,7.54,0.78,0.00,0,3605432,4380645,351923584000,339043216000,-2252272512,3137604736,4472922112,-1335317376,6154224640,7071179776,-916955136,8075430400,8314326272,-238895872,9368202240,6884955904,2483246336,-8.23,-4.88,-3.35,-0.87,9.07,0,13,2,11,0,0,0,74.97,0.00,0.00,0.00,,0.00,,0.00,EastMoney,2026-08-03T17:50:26+08:00
BK1329,2026-08-03T00:00:00Z,339611,328627,340850,326940,343196,-14569,-4.25,3097137,18381666361,2.49,0.81,0.00,0,1566164,1530973,1834006784000,547471408000,-1337594544,2234033216,3009812464,-775779248,5240836352,5802651648,-561815296,7403022080,6731226880,671795200,3201558928,2535759504,665799424,-7.28,-4.22,-3.06,3.65,3.62,0,8,1,7,0,0,0,207.02,0.00,0.00,0.00,,0.00,,0.00,EastMoney,2026-08-03T17:50:26+08:00
BK1330,2026-08-03T00:00:00Z,558063,552134,567167,547891,561722,-9588,-1.71,2264512,11981363528,2.35,0.80,0.00,0,1051990,1212522,518344592000,457296304000,84958528,904390208,895699328,8690880,2393630768,2317363120,76267648,4392849408,4279599296,113250112,4126028016,4324236800,-198208784,0.71,0.07,0.64,0.95,-1.65,0,36,12,22,2,0,0,660.09,0.00,0.00,0.00,,0.00,,0.00,EastMoney,2026-08-03T17:50:26+08:00
BK1331,2026-08-03T00:00:00Z,2288542,2247473,2329607,2233662,2310698,-63225,-2.74,13997633,153239667806,5.17,0.60,0.00,0,6726259,7271373,7464724480000,3268151808000,-10761592832,32291808256,42767037952,-10475229696,47743259648,48029622784,-286363136,42910572032,37803042304,5107529728,26358697728,20704634624,5654063104,-7.02,-6.84,-0.19,3.33,3.69,0,54,12,41,1,0,0,117.41,0.00,0.00,0.00,,0.00,,0.00,EastMoney,2026-08-03T17:50:26+08:00
BK1332,2026-08-03T00:00:00Z,275161,268087,278498,266642,277639,-9552,-3.44,7889847,28604281353,5.45,0.75,0.00,0,3640381,4249466,596218592000,479120816000,-1697707552,2345834384,3200205488,-854371104,6205804544,7049140992,-843336448,9924301056,9740278528,184022528,9489186048,7977054464,1512131584,-5.94,-2.99,-2.95,0.64,5.29,0,37,6,31,0,0,0,93.60,0.00,0.00,0.00,,0.00,,0.00,EastMoney,2026-08-03T17:50:26+08:00
BK1333,2026-08-03T00:00:00Z,658343,673805,674019,658094,660052,13753,2.08,6467860,6442075308,3.02,0.86,0.00,0,3325485,3142374,234152455000,204519804000,-25737232,427717776,407940592,19777184,1300635328,1346149744,-45514416,2020469824,2152255456,-131785632,2567701984,2410179120,157522864,-0.40,0.31,-0.71,-2.05,2.45,0,30,26,4,0,0,0,-138.86,0.00,0.00,0.00,,0.00,,0.00,EastMoney,2026-08-03T17:50:26+08:00
BK1334,2026-08-03T00:00:00Z,1317624,1323287,1338803,1307478,1324467,-1180,-0.09,3783156,13306658307,3.70,0.98,0.00,0,1923588,1859567,316695024000,289508304000,36120352,1095497808,1144011104,-48513296,2879386784,2794753136,84633648,4292067808,4472883968,-180816160,4633145344,4493698816,139446528,0.27,-0.36,0.64,-1.36,1.05,0,27,14,12,1,0,0,176.70,0.00,0.00,0.00,,0.00,,0.00,EastMoney,2026-08-03T17:50:26+08:00
BK1335,2026-08-03T00:00:00Z,293322,295878,295940,291887,293432,2446,0.83,25311169,16607164926,2.58,0.72,0.00,0,11764380,13546789,794068448000,555062624000,-1181711824,2092518032,3087615136,-995097104,3521372064,3707986784,-186614720,4850539520,4647770368,202769152,5699155968,4720195584,978960384,-7.12,-5.99,-1.12,1.22,5.89,0,42,27,15,0,0,0,88.94,0.00,0.00,0.00,,0.00,,0.00,EastMoney,2026-08-03T17:50:26+08:00
BK1336,2026-08-03T00:00:00Z,1291984,1293157,1304947,1283267,1297858,-4701,-0.36,5628527,14752903012,4.16,0.80,0.00,0,2760334,2868193,364237648000,326668992000,-556959120,1047620304,1242644688,-195024384,2861312992,3223247728,-361934736,4623965440,4687436032,-63470592,5944485120,5324055552,620429568,-3.78,-1.32,-2.45,-0.43,4.21,0,33,20,13,0,0,0,49.65,0.00,0.00,0.00,,0.00,,0.00,EastMoney,2026-08-03T17:50:26+08:00
BK1337,2026-08-03T00:00:00Z,255561,256211,258626,254799,255215,996,0.39,920646,3474801736,2.20,0.91,0.00,0,455939,464708,278995504000,199320064000,-8260501,281445712,252582005,28863707,706212672,743336880,-37124208,1223145280,1181022656,42122624,1215683280,1249750576,-34067296,-0.24,0.83,-1.07,1.21,-0.98,0,11,8,3,0,0,0,34.92,0.00,0.00,0.00,,0.00,,0.00,EastMoney,2026-08-03T17:50:26+08:00
BK1338,2026-08-03T00:00:00Z,1172424,1175797,1186811,1166986,1175226,571,0.05,16632727,56983700005,2.13,0.86,0.00,0,8198795,8433931,2834450320000,2622820272000,-2848538624,7067905536,8926992128,-1859086592,12904608000,13894060032,-989452032,17268191744,17043433984,224757760,18557901312,15969248512,2588652800,-5.00,-3.26,-1.74,0.39,4.54,0,88,51,37,0,0,0,34.94,0.00,0.00,0.00,,0.00,,0.00,EastMoney,2026-08-03T17:50:26+08:00
BK1339,2026-08-03T00:00:00Z,1138980,1133022,1155411,1123304,1149115,-16093,-1.40,6414315,28584986013,7.10,0.91,0.00,0,3117432,3296883,501024560000,467691488000,610060800,4634147584,4383776000,250371584,6985871616,6626182400,359689216,8336388352,8958083584,-621695232,7958704384,7937008896,21695488,2.13,0.88,1.26,-2.17,0.08,0,19,8,11,0,0,0,64.23,0.00,0.00,0.00,,0.00,,0.00,EastMoney,2026-08-03T17:50:26+08:00
BK1340,2026-08-03T00:00:00Z,910572,908112,928909,897609,918759,-10647,-1.16,11613175,58582933781,4.15,0.77,0.00,0,5450352,6162823,2106853632000,1793997888000,-2517357824,7483682816,10156390400,-2672707584,13048568576,12893218816,155349760,18551305984,18170301184,381004800,18293780480,16157842432,2135938048,-4.30,-4.56,0.27,0.65,3.65,0,48,18,28,2,0,0,65.54,0.00,0.00,0.00,,0.00,,0.00,EastMoney,2026-08-03T17:50:26+08:00
BK1341,2026-08-03T00:00:00Z,124321,126643,127007,124055,124557,2086,1.67,1214447,293467198,2.11,1.05,0.00,0,578063,636384,16993196000,16915285000,3738039,17231520,12605869,4625651,67067116,67954728,-887612,82233066,85379112,-3146046,122561418,123153410,-591992,1.27,1.58,-0.30,-1.07,-0.20,0,3,3,0,0,0,0,-30.60,0.00,0.00,0.00,,0.00,,0.00,EastMoney,2026-08-03T17:50:26+08:00
BK1342,2026-08-03T00:00:00Z,132106,133248,134390,131725,131725,1523,1.16,105452,36893416,1.24,0.52,0.00,0,51999,53453,3871259000,2987112000,-6267788,0,2097000,-2097000,4128651,8299439,-4170788,13353872,10739961,2613911,19026516,15372639,3653877,-16.99,-5.68,-11.30,7.09,9.90,0,1,1,0,0,0,0,62.42,0.00,0.00,0.00,,0.00,,0.00,EastMoney,2026-08-03T17:50:26+08:00
BK1343,2026-08-03T00:00:00Z,162926,165581,165877,162583,162361,3220,1.98,948275,488142031,1.04,0.85,0.00,0,517479,430796,39285645000,35498771000,-1272754,14512385,17028801,-2516416,83217885,81974223,1243662,142008058,162977610,-20969552,238319700,216077393,22242307,-0.26,-0.52,0.25,-4.30,4.56,0,11,11,0,0,0,0,-6.46,0.00,0.00,0.00,,0.00,,0.00,EastMoney,2026-08-03T17:50:26+08:00
BK1344,2026-08-03T00:00:00Z,226462,228962,229371,226191,227538,1424,0.63,1721344,1985385955,1.09,1.06,0.00,0,762368,958975,125969539000,121286612000,-138205177,117733668,234592349,-116858681,495706016,517052512,-21346496,616973248,645530560,-28557312,701709312,534946832,166762480,-6.96,-5.89,-1.08,-1.44,8.40,0,14,9,4,1,0,0,-6.39,0.00,0.00,0.00,,0.00,,0.00,EastMoney,2026-08-03T17:50:26+08:00
BK1345,2026-08-03T00:00:00Z,120215,123249,123344,120089,120060,3189,2.66,3595856,1851469396,1.04,1.14,0.00,0,2091416,1504440,194719429000,177965884000,5153408,152764709,141071989,11692720,408401264,414940576,-6539312,544366912,592662912,-48296000,713164160,670021584,43142576,0.28,0.63,-0.35,-2.61,2.33,0,12,9,2,1,0,0,-10.16,0.00,0.00,0.00,,0.00,,0.00,EastMoney,2026-08-03T17:50:26+08:00
BK1346,2026-08-03T00:00:00Z,176742,180323,180323,176742,177063,3260,1.84,24139513,9490229424,1.70,0.95,0.00,0,12946405,11193108,533731584000,504224176000,-295571328,761016640,811978384,-50961744,1891177664,2135787248,-244609584,2767156848,2930928240,-163771392,3868777216,3409434496,459342720,-3.11,-0.54,-2.58,-1.73,4.84,0,64,51,8,5,0,0,-3.40,0.00,0.00,0.00,,0.00,,0.00,EastMoney,2026-08-03T17:50:26+08:00
BK1347,2026-08-03T00:00:00Z,42031,41431,42549,41384,41784,-353,-0.84,29466,104664741,0.25,0.66,0.00,0,13396,16070,41101740000,41101470000,-3858934,0,2940453,-2940453,12553207,13471688,-918481,29232778,30520264,-1287486,59917581,54771162,5146419,-3.69,-2.81,-0.88,-1.23,4.92,0,1,0,1,0,0,0,14.53,0.00,0.00,0.00,,0.00,,0.00,EastMoney,2026-08-03T17:50:26+08:00
BK1348,2026-08-03T00:00:00Z,279468,275776,281619,272249,277019,-1243,-0.45,489502,875899881,2.85,0.92,0.00,0,235831,253671,22402942000,20389208000,-27684356,55088186,47270831,7817355,165525585,201027296,-35501711,266571072,261257244,5313828,359812352,341685024,18127328,-3.16,0.89,-4.05,0.61,2.07,0,4,1,3,0,0,0,23.67,0.00,0.00,0.00,,0.00,,0.00,EastMoney,2026-08-03T17:50:26+08:00
BK1349,2026-08-03T00:00:00Z,250902,254456,255388,249023,250890,3566,1.42,1607234,1430896196,2.35,0.77,0.00,0,819126,788108,46845819000,46312296000,7961073,97550349,88868812,8681537,275286784,276007248,-720464,455271072,432084112,23186960,570469616,601617648,-31148032,0.56,0.61,-0.05,1.62,-2.18,0,9,7,2,0,0,0,18.35,0.00,0.00,0.00,,0.00,,0.00,EastMoney,2026-08-03T17:50:26+08:00
BK1350,2026-08-03T00:00:00Z,182368,185817,185846,181928,181856,3961,2.18,1745923,1001962642,2.40,1.36,0.00,0,954593,791330,60124358000,54433696000,-38415793,64312049,67275314,-2963265,157330712,192783240,-35452528,325815728,316027680,9788048,440754464,412126720,28627744,-3.83,-0.30,-3.54,0.98,2.86,0,15,13,2,0,0,0,30.35,0.00,0.00,0.00,,0.00,,0.00,EastMoney,2026-08-03T17:50:26+08:00
BK1351,2026-08-03T00:00:00Z,147247,150290,150290,147036,147510,2780,1.88,512039,482612390,2.20,1.00,0.00,0,271057,240982,16126776000,16126776000,-10755615,12401654,9151421,3250233,67922462,81928310,-14005848,170375118,183612051,-13236933,222000557,198008008,23992549,-2.23,0.67,-2.90,-2.74,4.97,0,4,3,1,0,0,0,30.41,0.00,0.00,0.00,,0.00,,0.00,EastMoney,2026-08-03T17:50:26+08:00
BK1352,2026-08-03T00:00:00Z,197858,200603,200603,196785,197438,3165,1.60,5337253,3822884794,1.63,1.01,0.00,0,2828346,2508907,225986275000,202254510000,-7606329,180092647,145768320,34324327,614854256,656784912,-41930656,1153245056,1235238656,-81993600,1807077984,1717478048,89599936,-0.20,0.90,-1.10,-2.14,2.34,0,39,29,9,1,0,0,32.82,0.00,0.00,0.00,,0.00,,0.00,EastMoney,2026-08-03T17:50:26+08:00
BK1353,2026-08-03T00:00:00Z,402314,405983,408104,400396,403537,2446,0.61,354926,414935087,1.41,0.96,0.00,0,179646,175280,31138175000,27527704000,5633516,7973963,8047961,-73998,65265025,59557511,5707514,121428083,142422502,-20994419,201988904,190974160,11014744,1.36,-0.02,1.38,-5.06,2.65,0,7,4,3,0,0,0,20.51,0.00,0.00,0.00,,0.00,,0.00,EastMoney,2026-08-03T17:50:26+08:00
BK1354,2026-08-03T00:00:00Z,61134,62752,62777,60903,61059,1693,2.77,932028,1142200326,2.88,0.88,0.00,0,479590,452438,37565130000,33834158000,75005063,24277457,35876719,-11599262,266312398,179708073,86604325,375949872,389078912,-13129040,455037760,516913776,-61876016,6.57,-1.02,7.58,-1.15,-5.42,0,11,8,3,0,0,0,-264.96,0.00,0.00,0.00,,0.00,,0.00,EastMoney,2026-08-03T17:50:26+08:00
BK1355,2026-08-03T00:00:00Z,252467,258412,258419,251525,251020,7392,2.94,868102,693620992,4.52,0.87,0.00,0,478897,389205,14652710000,13769963000,-5532883,34825226,27846041,6979185,132557859,145069927,-12512068,210852709,214388212,-3535503,303214864,294146480,9068384,-0.80,1.01,-1.80,-0.51,1.31,0,4,4,0,0,0,0,62.12,0.00,0.00,0.00,,0.00,,0.00,EastMoney,2026-08-03T17:50:26+08:00
BK1356,2026-08-03T00:00:00Z,54009,54521,54521,53916,57054,-2533,-4.44,59586,23188782,0.38,0.40,0.00,0,47536,12050,4858764000,4838107000,-551000,970000,642522,327478,3867439,4745917,-878478,8321755,10346743,-2024988,7184716,4608727,2575989,-2.38,1.41,-3.79,-8.73,11.11,0,2,1,1,0,0,0,-22.65,0.00,0.00,0.00,,0.00,,0.00,EastMoney,2026-08-03T17:50:26+08:00
BK1357,2026-08-03T00:00:00Z,185780,185709,186568,183829,186214,-505,-0.27,2073011,1564307030,1.99,0.97,0.00,0,1038132,1034880,102135207000,96783281000,-35369632,62851712,78626179,-15774467,234958812,254553977,-19595165,462182896,506690560,-44507664,778734832,698857552,79877280,-2.26,-1.01,-1.25,-2.85,5.11,0,16,8,7,1,0,0,18.61,0.00,0.00,0.00,,0.00,,0.00,EastMoney,2026-08-03T17:50:26+08:00
BK1358,2026-08-03T00:00:00Z,137021,137513,137918,136031,137593,-80,-0.06,2634308,9601252932,0.35,0.96,0.00,0,1356773,1277535,2932362144000,2011495328000,-95279472,1528994768,1713366016,-184371248,2707405952,2618314176,89091776,2904449504,2867128384,37321120,2236278288,2178319936,57958352,-0.99,-1.92,0.93,0.39,0.60,0,5,2,3,0,0,0,7.13,0.00,0.00,0.00,,0.00,,0.00,EastMoney,2026-08-03T17:50:26+08:00
BK1359,2026-08-03T00:00:00Z,200910,203040,203163,200866,201601,1439,0.71,2237068,1434802868,0.61,0.78,0.00,0,1128417,1108651,248454586000,248413059000,-52368807,108192046,110388741,-2196695,290991104,341163216,-50172112,414548272,454338816,-39790544,592862608,500703264,92159344,-3.65,-0.15,-3.50,-2.77,6.42,0,9,8,0,1,0,0,19.57,0.00,0.00,0.00,,0.00,,0.00,EastMoney,2026-08-03T17:50:26+08:00
BK1360,2026-08-03T00:00:00Z,468698,460916,468698,458434,465700,-4784,-1.03,838293,1015608304,3.11,0.68,0.00,0,351892,486402,35206493000,31854341000,-59067393,45077341,68923545,-23846204,212263654,247484843,-35221189,357724128,369508528,-11784400,379399328,308547536,70851792,-5.82,-2.35,-3.47,-1.16,6.98,0,3,0,2,1,0,0,30.42,0.00,0.00,0.00,,0.00,,0.00,EastMoney,2026-08-03T17:50:26+08:00
BK1361,2026-08-03T00:00:00Z,49607,50725,50903,49572,49741,984,1.98,375655,537619926,1.14,1.08,0.00,0,197395,178259,50743708000,46013889000,10812061,45982341,7180358,38801983,73551481,101541403,-27989922,147364395,184599272,-37234877,262990311,236567495,26422816,2.01,7.22,-5.21,-6.93,4.91,0,4,4,0,0,0,0,24.12,0.00,0.00,0.00,,0.00,,0.00,EastMoney,2026-08-03T17:50:26+08:00
BK1363,2026-08-03T00:00:00Z,196261,199786,200380,196050,196005,3781,1.93,1307866,441712798,0.80,0.95,0.00,0,777825,530040,71716480000,60296920000,5764233,35167307,28079431,7087876,101019536,102343179,-1323643,114664704,145140286,-30475582,185741629,161030281,24711348,1.30,1.60,-0.30,-6.90,5.59,0,3,3,0,0,0,0,14.76,0.00,0.00,0.00,,0.00,,0.00,EastMoney,2026-08-03T17:50:26+08:00
BK1364,2026-08-03T00:00:00Z,332321,337904,338843,332004,332009,5895,1.78,292956,273847784,0.84,0.70,0.00,0,148702,144254,35508500000,35458207000,-5130711,11096397,12004185,-907788,28953685,33176608,-4222923,79298715,85423271,-6124556,148841378,137586110,11255268,-1.87,-0.33,-1.54,-2.24,4.11,0,4,4,0,0,0,0,49.96,0.00,0.00,0.00,,0.00,,0.00,EastMoney,2026-08-03T17:50:26+08:00
BK1365,2026-08-03T00:00:00Z,296485,297203,299681,296248,297571,-368,-0.12,1366474,722610068,1.04,0.86,0.00,0,661859,704614,75673165000,72070162000,25418216,34978037,22089809,12888228,123498114,110968126,12529988,225105439,267601324,-42495885,331693776,314616112,17077664,3.52,1.78,1.73,-5.88,2.36,0,3,1,2,0,0,0,21.21,0.00,0.00,0.00,,0.00,,0.00,EastMoney,2026-08-03T17:50:26+08:00
BK1366,2026-08-03T00:00:00Z,13923231,14092662,14101400,13906772,14062050,30612,0.22,22425549,25551329712,0.84,0.85,0.00,0,11670610,10754939,3587960400000,3048731744000,-1461983760,3038821808,3915603392,-876781584,6072165120,6657367296,-585202176,7963666432,7728377344,235289088,7649291520,6422596864,1226694656,-5.72,-3.43,-2.29,0.92,4.80,0,49,36,11,2,0,0,15.11,0.00,0.00,0.00,,0.00,,0.00,EastMoney,2026-08-03T17:50:26+08:00
BK1367,2026-08-03T00:00:00Z,83800,84717,84930,83800,83876,841,1.00,13816871,4215981968,0.98,1.07,0.00,0,7853638,5963233,483396176000,438365600000,-135838640,521138512,592378768,-71240256,971376368,1035974752,-64598384,1148842160,1151615280,-2773120,1486030640,1347418896,138611744,-3.22,-1.69,-1.53,-0.07,3.29,0,18,12,4,2,0,0,15551.88,0.00,0.00,0.00,,0.00,,0.00,EastMoney,2026-08-03T17:50:26+08:00
BK1368,2026-08-03T00:00:00Z,58633,60372,60450,58592,58405,1967,3.37,1021379,428985663,1.72,1.27,0.00,0,602334,419045,26379261000,26103400000,-38666821,28608818,67587367,-38978549,101294345,100982617,311728,129048472,118210064,10838408,165392296,137563882,27828414,-9.01,-9.09,0.07,2.53,6.49,0,3,3,0,0,0,0,15.38,0.00,0.00,0.00,,0.00,,0.00,EastMoney,2026-08-03T17:50:26+08:00
BK1369,2026-08-03T00:00:00Z,53530,54085,54322,53397,53476,609,1.14,538369,138951931,0.70,0.84,0.00,0,272241,266128,18515419000,18452686000,-10954841,1132089,2627859,-1495770,17975302,27434373,-9459071,35636156,42301734,-6665578,80609320,62988901,17620419,-7.88,-1.08,-6.81,-4.80,12.68,0,3,3,0,0,0,0,-6.15,0.00,0.00,0.00,,0.00,,0.00,EastMoney,2026-08-03T17:50:26+08:00
BK1370,2026-08-03T00:00:00Z,196166,201568,201608,196166,195849,5719,2.92,2598447,1778956348,1.11,1.20,0.00,0,1493489,1104958,176925619000,173565963000,113436889,141561972,82540539,59021433,389015056,334599600,54415456,553014576,618102528,-65087952,672893296,721242256,-48348960,6.38,3.32,3.06,-3.66,-2.72,0,12,11,1,0,0,0,21.54,0.00,0.00,0.00,,0.00,,0.00,EastMoney,2026-08-03T17:50:26+08:00
BK1371,2026-08-03T00:00:00Z,167415,168497,169972,166224,167730,767,0.46,674968,911402154,1.68,0.97,0.00,0,332261,342707,66031177000,58274787000,-35823340,29899134,44573838,-14674704,183286102,204434738,-21148636,289663920,284685984,4977936,397819648,366974240,30845408,-3.93,-1.61,-2.32,0.55,3.38,0,5,3,2,0,0,0,38.10,0.00,0.00,0.00,,0.00,,0.00,EastMoney,2026-08-03T17:50:26+08:00
BK1372,2026-08-03T00:00:00Z,591923,595349,596467,589965,593413,1936,0.33,1662380,704218165,1.03,1.18,0.00,0,1023709,638671,85213868000,81495084000,28625184,101199430,103529411,-2329981,176191234,145236069,30955165,192823718,217823599,-24999881,224370892,227996194,-3625302,4.06,-0.33,4.40,-3.55,-0.51,0,4,2,1,1,0,0,31.20,0.00,0.00,0.00,,0.00,,0.00,EastMoney,2026-08-03T17:50:26+08:00
BK1373,2026-08-03T00:00:00Z,329179,338643,338807,328563,328182,10461,3.19,4639627,3284347693,1.62,0.97,0.00,0,2648962,1990664,213904209000,208496401000,146362632,295901328,189932248,105969080,676150544,635756992,40393552,1003733520,1126779376,-123045856,1253664800,1276981568,-23316768,4.46,3.23,1.23,-3.75,-0.71,0,15,15,0,0,0,0,25.72,0.00,0.00,0.00,,0.00,,0.00,EastMoney,2026-08-03T17:50:26+08:00
BK1374,2026-08-03T00:00:00Z,205127,209395,210289,204979,204736,4659,2.28,9923449,6835548254,1.47,0.90,0.00,0,5349153,4574296,774890080000,404609376000,54742048,690130304,604351360,85778944,1396531584,1427568480,-31036896,2133017568,2304118448,-171100880,2455015392,2338656576,116358816,0.80,1.25,-0.45,-2.50,1.70,0,16,16,0,0,0,0,32.58,0.00,0.00,0.00,,0.00,,0.00,EastMoney,2026-08-03T17:50:26+08:00
BK1375,2026-08-03T00:00:00Z,322430,330505,330603,322430,321280,9225,2.87,8437838,3629614094,3.18,0.74,0.00,0,4710194,3727644,127951024000,120907773000,13724517,262938974,235677929,27261045,706739840,720276368,-13536528,1132866928,1200011632,-67144704,1447899056,1394478864,53420192,0.38,0.75,-0.37,-1.85,1.47,0,13,12,1,0,0,0,-338.27,0.00,0.00,0.00,,0.00,,0.00,EastMoney,2026-08-03T17:50:26+08:00
BK1376,2026-08-03T00:00:00Z,63134,62643,63832,62397,62185,458,0.74,4260599,2849009355,0.67,2.07,0.00,0,2125705,2134895,498376624000,364297552000,3541760,478808656,498216832,-19408176,665035920,642085984,22949936,885690560,805672144,80018416,759844688,843404880,-83560192,0.12,-0.68,0.81,2.81,-2.93,0,3,2,1,0,0,0,23.72,0.00,0.00,0.00,,0.00,,0.00,EastMoney,2026-08-03T17:50:26+08:00
BK1377,2026-08-03T00:00:00Z,245401,250922,251684,245105,245052,5870,2.40,29860540,19089586774,1.88,0.90,0.00,0,16589471,13271069,1058082800000,895361712000,1444830192,2956840944,1562912912,1393928032,4025545616,3974643456,50902160,5487726848,6307965696,-820238848,6331629568,6956220928,-624591360,7.57,7.30,0.27,-4.30,-3.27,0,34,30,4,0,0,0,13.46,0.00,0.00,0.00,,0.00,,0.00,EastMoney,2026-08-03T17:50:26+08:00
BK1378,2026-08-03T00:00:00Z,144255,145721,146213,143857,143857,1864,1.30,249205,92832851,0.86,1.38,0.00,0,133347,115857,10894830000,9587780000,-10933430,1493226,2940000,-1446774,18462279,27948935,-9486656,29381469,29815046,-433577,42574452,31207446,11367006,-11.78,-1.56,-10.22,-0.47,12.24,0,2,2,0,0,0,0,31.59,0.00,0.00,0.00,,0.00,,0.00,EastMoney,2026-08-03T17:50:26+08:00
BK1379,2026-08-03T00:00:00Z,297645,302679,302837,297373,296689,5990,2.02,4407084,4080552678,3.11,0.96,0.00,0,2330602,2076482,123590750000,117876644000,-105305390,191441440,226572078,-35130638,786982464,857157216,-70174752,1341451792,1306403232,35048560,1649201408,1578944576,70256832,-2.58,-0.86,-1.72,0.86,1.72,0,18,15,3,0,0,0,44.73,0.00,0.00,0.00,,0.00,,0.00,EastMoney,2026-08-03T17:50:26+08:00
BK1380,2026-08-03T00:00:00Z,400370,404130,404852,399082,399798,4332,1.08,3727894,5650644534,0.55,0.77,0.00,0,1982368,1745526,1278405472000,1213637008000,-86623808,606354112,645179280,-38825168,1185012912,1232811552,-47798640,1867270656,1770710112,96560544,1854149904,1864086640,-9936736,-1.53,-0.69,-0.85,1.71,-0.18,0,11,7,3,1,0,0,20.57,0.00,0.00,0.00,,0.00,,0.00,EastMoney,2026-08-03T17:50:26+08:00
BK1381,2026-08-03T00:00:00Z,181342,185472,185524,181341,181192,4280,2.36,4088886,3264112265,1.53,0.75,0.00,0,2295506,1793380,262082760000,250744222000,3367869,220995575,158777690,62217885,552094704,610944720,-58850016,901315568,1032405760,-131090192,1465334656,1344818240,120516416,0.10,1.91,-1.80,-4.02,3.69,0,31,29,2,0,0,0,21.81,0.00,0.00,0.00,,0.00,,0.00,EastMoney,2026-08-03T17:50:26+08:00
BK1382,2026-08-03T00:00:00Z,339187,341841,343110,336791,341927,-86,-0.03,2109959,3947010947,2.33,0.70,0.00,0,1080052,1029907,130409885000,129380516000,-343619331,102185005,226384992,-124199987,660642960,880062304,-219419344,1433994256,1380105936,53888320,1672651392,1382920400,289730992,-8.71,-3.15,-5.56,1.37,7.34,0,12,7,5,0,0,0,146.81,0.00,0.00,0.00,,0.00,,0.00,EastMoney,2026-08-03T17:50:26+08:00
BK1383,2026-08-03T00:00:00Z,479682,485510,486148,478713,480472,5038,1.05,2042062,4857694118,1.55,0.75,0.00,0,1043993,998069,509200688000,372408320000,-202799152,632603696,691987344,-59383648,1077494208,1220909712,-143415504,1599485376,1447305840,152179536,1449809712,1399190080,50619632,-4.17,-1.22,-2.95,3.13,1.04,0,10,7,3,0,0,0,30.64,0.00,0.00,0.00,,0.00,,0.00,EastMoney,2026-08-03T17:50:26+08:00
BK1384,2026-08-03T00:00:00Z,395743,401878,402645,395228,395887,5991,1.51,4993349,12827049580,1.40,0.97,0.00,0,2775611,2217738,1096597936000,887209232000,-405071264,877720464,988015104,-110294640,2621096464,2915873088,-294776624,4191650480,4261052032,-69401552,4909125632,4446751488,462374144,-3.16,-0.86,-2.30,-0.54,3.60,0,49,39,10,0,0,0,65.70,0.00,0.00,0.00,,0.00,,0.00,EastMoney,2026-08-03T17:50:26+08:00
BK1385,2026-08-03T00:00:00Z,445198,460650,464507,443832,444840,15810,3.55,1803630,5351895202,1.82,1.08,0.00,0,995925,807705,347543776000,274078960000,239356544,462442144,388334672,74107472,1195862352,1030613280,165249072,1851409072,1869682496,-18273424,1758757904,1979841024,-221083120,4.47,1.38,3.09,-0.34,-4.13,0,9,9,0,0,0,0,376.85,0.00,0.00,0.00,,0.00,,0.00,EastMoney,2026-08-03T17:50:26+08:00
BK1386,2026-08-03T00:00:00Z,588071,600946,601080,587728,590001,10945,1.86,7222063,19896253590,2.49,0.88,0.00,0,3888560,3333504,814729632000,740419488000,101473584,1586589280,1636863248,-50273968,4212417424,4060669872,151747552,6553046272,6592140800,-39094528,7200346624,7268530176,-68183552,0.51,-0.25,0.76,-0.20,-0.34,0,61,52,9,0,0,0,388.08,0.00,0.00,0.00,,0.00,,0.00,EastMoney,2026-08-03T17:50:26+08:00
BK1387,2026-08-03T00:00:00Z,322059,327695,327960,320934,318445,9250,2.90,3542243,3642624478,3.03,1.20,0.00,0,1650244,1891998,141476672000,133959647000,40579632,471831376,390143056,81688320,661027568,702136256,-41108688,997069456,1040675744,-43606288,1394572800,1392158496,2414304,1.11,2.24,-1.13,-1.20,0.07,0,26,23,3,0,0,0,73.07,0.00,0.00,0.00,,0.00,,0.00,EastMoney,2026-08-03T17:50:26+08:00
BK1388,2026-08-03T00:00:00Z,287939,294682,294782,287295,286437,8245,2.88,308779,315562240,2.14,0.86,0.00,0,165862,142916,16520228000,14877145000,2382732,4519099,3275438,1243661,62191159,61052088,1139071,98453279,118085926,-19632647,138054514,122549887,15504627,0.76,0.39,0.36,-6.22,4.91,0,7,6,1,0,0,0,-58.02,0.00,0.00,0.00,,0.00,,0.00,EastMoney,2026-08-03T17:50:26+08:00
BK1389,2026-08-03T00:00:00Z,282212,289396,289411,282030,281324,8072,2.87,5490285,5997737329,1.75,1.09,0.00,0,2998783,2491502,325119648000,277056864000,44649616,436658128,422670128,13988000,1240480032,1209818416,30661616,1891786208,1958142576,-66356368,2327220800,2305282464,21938336,0.74,0.23,0.51,-1.11,0.37,0,35,31,3,1,0,0,23.87,0.00,0.00,0.00,,0.00,,0.00,EastMoney,2026-08-03T17:50:26+08:00
BK1390,2026-08-03T00:00:00Z,185187,189467,189471,185159,184938,4529,2.45,5560487,4068834973,1.31,1.03,0.00,0,3084691,2475796,272922448000,254274033000,722529,157079539,146369298,10710241,757442384,767430096,-9987712,1252015360,1346978288,-94962928,1841452624,1747212240,94240384,0.02,0.26,-0.25,-2.33,2.32,0,51,47,4,0,0,0,23.69,0.00,0.00,0.00,,0.00,,0.00,EastMoney,2026-08-03T17:50:26+08:00
BK1391,2026-08-03T00:00:00Z,159282,162851,162987,159154,158587,4264,2.69,2710884,1485050192,2.81,1.18,0.00,0,1332684,1378200,64918358000,58702202000,-30114927,37584078,58920349,-21336271,340303952,349082608,-8778656,492061936,476068336,15993600,563690704,549569392,14121312,-2.03,-1.44,-0.59,1.08,0.95,0,15,14,1,0,0,0,-21.16,0.00,0.00,0.00,,0.00,,0.00,EastMoney,2026-08-03T17:50:26+08:00
BK1392,2026-08-03T00:00:00Z,1445872,1463251,1463940,1437053,1442933,20318,1.41,348120,1345262095,1.13,0.96,0.00,0,174154,173966,204208121000,190837147000,-25960169,64922662,105448676,-40526014,237892124,223326279,14565845,478790560,438261712,40528848,509108176,523084800,-13976624,-1.93,-3.01,1.08,3.01,-1.04,0,13,10,3,0,0,0,51.48,0.00,0.00,0.00,,0.00,,0.00,EastMoney,2026-08-03T17:50:26+08:00
BK1393,2026-08-03T00:00:00Z,430832,435210,435420,428963,429887,5323,1.24,5894490,6059129802,1.36,0.98,0.00,0,2911126,2983364,576292128000,508976816000,12955712,575226608,497857552,77369056,1195568192,1259981536,-64413344,1967700528,2049629760,-81929232,2207021968,2141320448,65701520,0.21,1.28,-1.06,-1.35,1.08,0,22,12,10,0,0,0,19.20,0.00,0.00,0.00,,0.00,,0.00,EastMoney,2026-08-03T17:50:26+08:00
BK1394,2026-08-03T00:00:00Z,162390,165733,165831,162319,161958,3775,2.33,4372038,3437750498,0.85,0.98,0.00,0,2344865,2027174,417153744000,350898128000,-5902912,275936304,330131408,-54195104,841508608,793216416,48292192,1042650992,1081111600,-38460608,1212022784,1168263744,43759040,-0.17,-1.58,1.40,-1.12,1.27,0,31,28,3,0,0,0,19.77,0.00,0.00,0.00,,0.00,,0.00,EastMoney,2026-08-03T17:50:26+08:00
BK1395,2026-08-03T00:00:00Z,163203,164810,166245,163046,163266,1544,0.95,1643779,2264749635,1.70,0.85,0.00,0,867202,776578,120677926000,99044515000,-44329043,86909452,90517119,-3607667,409369488,450090864,-40721376,707663456,731961200,-24297744,1007119808,939860720,67259088,-1.96,-0.16,-1.80,-1.07,2.97,0,20,15,4,1,0,0,63.65,0.00,0.00,0.00,,0.00,,0.00,EastMoney,2026-08-03T17:50:26+08:00
BK1396,2026-08-03T00:00:00Z,494123,506219,506319,494123,492229,13990,2.84,22733626,25675094829,7.25,1.75,0.00,0,12166544,10567082,712512320000,487518496000,448126960,2598318992,2384376480,213942512,5203998464,4969814016,234184448,7729047808,7843428352,-114380544,8920588032,9245257728,-324669696,1.75,0.83,0.91,-0.45,-1.26,0,81,66,14,1,0,0,75.73,0.00,0.00,0.00,,0.00,,0.00,EastMoney,2026-08-03T17:50:26+08:00
BK1397,2026-08-03T00:00:00Z,747020,757888,758881,742073,748361,9527,1.27,2271486,4196148513,4.63,0.85,0.00,0,1063833,1207653,112446567000,95130757000,-76697889,250476090,265399035,-14922945,795957120,857732064,-61774944,1293475984,1264841392,28634592,1688356512,1608703024,79653488,-1.83,-0.36,-1.47,0.68,1.90,0,14,9,5,0,0,0,-11807.44,0.00,0.00,0.00,,0.00,,0.00,EastMoney,2026-08-03T17:50:26+08:00
BK1398,2026-08-03T00:00:00Z,517877,524495,524551,515526,516275,8220,1.59,6213130,9961545104,3.04,0.91,0.00,0,3117811,3095318,377628096000,318799728000,214430688,596761872,505866160,90895712,2003231040,1879696064,123534976,3223669024,3076602768,147066256,3707908496,4093182272,-385273776,2.15,0.91,1.24,1.48,-3.87,0,57,45,10,2,0,0,57.91,0.00,0.00,0.00,,0.00,,0.00,EastMoney,2026-08-03T17:50:26+08:00
BK1400,2026-08-03T00:00:00Z,388885,390990,392365,387245,390171,819,0.21,2622659,5210370313,4.01,1.26,0.00,0,1319250,1303409,149609795000,119610180000,23771168,315677824,308775968,6901856,938963712,922094400,16869312,1599453040,1658772960,-59319920,2238051008,2205015968,33035040,0.46,0.13,0.32,-1.14,0.63,0,20,11,8,1,0,0,47.79,0.00,0.00,0.00,,0.00,,0.00,EastMoney,2026-08-03T17:50:26+08:00
BK1401,2026-08-03T00:00:00Z,335874,336770,337029,332816,333869,2901,0.87,1814578,2197180409,2.72,0.96,0.00,0,915648,898930,75577398000,73461896000,-6200822,189087087,173237157,15849930,420329952,442380704,-22050752,656909744,720867184,-63957440,882143568,811985280,70158288,-0.28,0.72,-1.00,-2.91,3.19,0,13,10,3,0,0,0,81.32,0.00,0.00,0.00,,0.00,,0.00,EastMoney,2026-08-03T17:50:26+08:00
BK1402,2026-08-03T00:00:00Z,210276,212730,212819,209541,209155,3575,1.71,905721,925272161,1.28,0.95,0.00,0,486553,419168,74798455000,67932261000,-14650257,21294377,11556674,9737703,143805623,168193583,-24387960,282238224,334695696,-52457472,453716304,387276912,66439392,-1.58,1.05,-2.64,-5.67,7.18,0,16,14,2,0,0,0,34.35,0.00,0.00,0.00,,0.00,,0.00,EastMoney,2026-08-03T17:50:26+08:00
BK1403,2026-08-03T00:00:00Z,197760,201186,201206,197199,197001,4185,2.12,9691031,10432435447,1.72,1.09,0.00,0,5251657,4439374,527499376000,442470064000,-86547328,724752512,740405360,-15652848,2166027632,2236922112,-70894480,3356384224,3316975360,39408864,3955843136,3904464656,51378480,-0.83,-0.15,-0.68,0.38,0.49,0,63,50,12,1,0,0,35.37,0.00,0.00,0.00,,0.00,,0.00,EastMoney,2026-08-03T17:50:26+08:00
BK1404,2026-08-03T00:00:00Z,154619,160281,160281,154334,154392,5889,3.81,1409668,739279337,3.88,2.06,0.00,0,843082,566586,45986248000,29574583000,22113848,2776028,3229781,-453753,148134480,125566879,22567601,251014363,252600385,-1586022,317590000,339944608,-22354608,2.99,-0.06,3.05,-0.21,-3.02,0,10,9,1,0,0,0,110.52,0.00,0.00,0.00,,0.00,,0.00,EastMoney,2026-08-03T17:50:26+08:00
BK1405,2026-08-03T00:00:00Z,500350,504251,505192,499140,499689,4562,0.91,8373120,20894161880,3.30,1.13,0.00,0,4242151,4130969,739504256000,636467008000,-194574048,1489523152,1643351120,-153827968,4067287248,4108033328,-40746080,7299036416,7231850496,67185920,7585234688,7475962880,109271808,-0.93,-0.74,-0.20,0.32,0.52,0,90,63,27,0,0,0,68.27,0.00,0.00,0.00,,0.00,,0.00,EastMoney,2026-08-03T17:50:26+08:00
BK1406,2026-08-03T00:00:00Z,208648,214412,214639,208648,207655,6757,3.25,838952,1110290968,2.72,0.96,0.00,0,464438,374514,48945566000,38821668000,-15501476,50684859,75005035,-24320176,212153022,203334322,8818700,336056560,361687072,-25630512,474409936,431459408,42950528,-1.40,-2.19,0.79,-2.31,3.87,0,12,12,0,0,0,0,10.15,0.00,0.00,0.00,,0.00,,0.00,EastMoney,2026-08-03T17:50:26+08:00
BK1407,2026-08-03T00:00:00Z,526588,532562,533624,525779,526931,5631,1.07,2855912,9126255804,2.16,0.89,0.00,0,1467890,1388022,448471504000,396459616000,76820704,839265200,860506448,-21241248,2084695008,1986633056,98061952,3028374128,2953200400,75173728,3001045200,3156140320,-155095120,0.84,-0.23,1.07,0.82,-1.70,0,32,25,7,0,0,0,50.65,0.00,0.00,0.00,,0.00,,0.00,EastMoney,2026-08-03T17:50:26+08:00
BK1408,2026-08-03T00:00:00Z,899848,914628,933689,899814,899609,15019,1.67,3044819,12284718016,4.14,1.15,0.00,0,1535574,1509245,229611688000,203766206000,540123312,1377126736,1190106304,187020432,3212251504,2859148624,353102880,4766991616,5152803840,-385812224,2630853856,2784204928,-153351072,4.40,1.52,2.87,-3.14,-1.25,0,22,18,3,1,0,0,-1397.99,0.00,0.00,0.00,,0.00,,0.00,EastMoney,2026-08-03T17:50:26+08:00
BK1409,2026-08-03T00:00:00Z,1492434,1496324,1514152,1477047,1498168,-1844,-0.12,1524121,9685920630,3.72,0.80,0.00,0,735415,788706,263190123000,252616755000,-209301760,819174848,883757296,-64582448,1975136880,2119856192,-144719312,3580206000,3552650544,27555456,3136209008,2954462688,181746320,-2.16,-0.67,-1.49,0.28,1.88,0,11,6,5,0,0,0,75.86,0.00,0.00,0.00,,0.00,,0.00,EastMoney,2026-08-03T17:50:26+08:00
BK1410,2026-08-03T00:00:00Z,593645,596470,604369,591659,592292,4178,0.71,1358809,6947909489,2.62,0.95,0.00,0,667683,691127,255761917000,199220204000,376446656,628589984,528699504,99890480,1626118336,1349562160,276556176,2707210128,3108884384,-401674256,1629143456,1611391120,17752336,5.42,1.44,3.98,-5.78,0.26,0,30,15,15,0,0,0,95.17,0.00,0.00,0.00,,0.00,,0.00,EastMoney,2026-08-03T17:50:26+08:00
BK1411,2026-08-03T00:00:00Z,171477,171681,173557,170307,172446,-765,-0.44,720437,2834546018,2.21,0.84,0.00,0,346482,373955,101356999000,93459741000,-11624109,169608333,134479530,35128803,433257104,480010016,-46752912,837874560,933283200,-95408640,1270167088,1166321072,103846016,-0.41,1.24,-1.65,-3.37,3.66,0,14,7,6,1,0,0,-365.11,0.00,0.00,0.00,,0.00,,0.00,EastMoney,2026-08-03T17:50:26+08:00
BK1412,2026-08-03T00:00:00Z,271793,275316,282363,258958,276323,-1007,-0.36,739554,800417364,1.49,1.73,0.00,0,391683,347870,54290230000,54174776000,-19584682,15333585,23712052,-8378467,134530071,145736286,-11206215,247929536,276877184,-28947648,396232896,347700560,48532336,-2.45,-1.05,-1.40,-3.62,6.06,0,1,0,1,0,0,0,19.00,0.00,0.00,0.00,,0.00,,0.00,EastMoney,2026-08-03T17:50:26+08:00
BK1413,2026-08-03T00:00:00Z,151585,154599,154928,150664,151683,2916,1.92,1113714,895762045,1.20,1.18,0.00,0,547016,566698,74580728000,61441920000,-35569702,14414311,39495613,-25081302,123769200,134257600,-10488400,262895300,292701424,-29806124,484316288,418940464,65375824,-3.97,-2.80,-1.17,-3.33,7.30,0,10,9,1,0,0,0,47.19,0.00,0.00,0.00,,0.00,,0.00,EastMoney,2026-08-03T17:50:26+08:00
BK1414,2026-08-03T00:00:00Z,55422,56632,56678,55422,55524,1108,2.00,385716,272278289,1.23,0.98,0.00,0,214859,170857,22414209000,19207384000,-3533433,6823245,6108182,715063,47595685,51844181,-4248496,87286536,95814480,-8527944,124739329,112677951,12061378,-1.30,0.26,-1.56,-3.13,4.43,0,5,5,0,0,0,0,144159.80,0.00,0.00,0.00,,0.00,,0.00,EastMoney,2026-08-03T17:50:26+08:00
BK1415,2026-08-03T00:00:00Z,292244,295551,295969,290322,291889,3662,1.25,882465,1047521671,1.84,0.76,0.00,0,452187,430278,91670941000,73502228000,-20409983,57944906,51924022,6020884,187454512,213885379,-26430867,317202064,322591456,-5389392,445355456,421388672,23966784,-1.95,0.57,-2.52,-0.51,2.29,0,8,8,0,0,0,0,56.99,0.00,0.00,0.00,,0.00,,0.00,EastMoney,2026-08-03T17:50:26+08:00
BK1416,2026-08-03T00:00:00Z,136031,140434,141135,134337,135626,4808,3.55,1573529,691975107,3.16,1.26,0.00,0,857840,715689,21160519000,21154867000,-16259107,37105393,58960073,-21854680,157116349,151520776,5595573,206243895,215870781,-9626886,282292896,256406894,25886002,-2.35,-3.16,0.81,-1.39,3.74,0,3,3,0,0,0,0,65.41,0.00,0.00,0.00,,0.00,,0.00,EastMoney,2026-08-03T17:50:26+08:00
BK1417,2026-08-03T00:00:00Z,96499,99130,99130,95880,96655,2475,2.56,1748696,1036556228,2.33,1.10,0.00,0,971964,776732,47904181000,45437535000,1441166,70151405,55756752,14394653,210962580,223916067,-12953487,324005248,329398544,-5393296,420951808,416999680,3952128,0.14,1.39,-1.25,-0.52,0.38,0,5,5,0,0,0,0,-185.12,0.00,0.00,0.00,,0.00,,0.00,EastMoney,2026-08-03T17:50:26+08:00
BK1418,2026-08-03T00:00:00Z,205572,209041,209069,204859,205426,3615,1.76,4606813,3219647705,1.68,0.80,0.00,0,2249275,2357537,148930605000,143155029000,-70763237,246054599,236610236,9444363,603622560,683830160,-80207600,1030431664,1056760704,-26329040,1285018144,1187925872,97092272,-2.20,0.29,-2.49,-0.82,3.02,0,15,12,3,0,0,0,53.63,0.00,0.00,0.00,,0.00,,0.00,EastMoney,2026-08-03T17:50:26+08:00
BK1419,2026-08-03T00:00:00Z,180768,184881,184881,179870,182746,2135,1.17,3524256,3753871838,2.09,0.92,0.00,0,1793103,1731152,245608647000,243915154000,-51534239,266689336,245098039,21591297,760036832,833162368,-73125536,1181194816,1262216800,-81021984,1473470304,1340914096,132556208,-1.37,0.58,-1.95,-2.16,3.53,0,10,8,2,0,0,0,17.55,0.00,0.00,0.00,,0.00,,0.00,EastMoney,2026-08-03T17:50:26+08:00
BK1420,2026-08-03T00:00:00Z,283986,287099,287262,283932,285109,1990,0.70,1537707,2297211386,1.36,0.92,0.00,0,816381,721325,158412580000,152024201000,-193542617,76642221,170272790,-93630569,395283088,495195136,-99912048,718709184,718677824,31360,1059350896,869891536,189459360,-8.43,-4.08,-4.35,0.00,8.25,0,18,12,6,0,0,0,34.62,0.00,0.00,0.00,,0.00,,0.00,EastMoney,2026-08-03T17:50:26+08:00
BK1421,2026-08-03T00:00:00Z,181582,185326,185457,180871,181629,3697,2.04,1093365,747610273,1.39,0.84,0.00,0,643625,449740,69488228000,62409599000,30224734,57890014,28269777,29620237,153130858,152526361,604497,212968477,249423451,-36454974,310671632,304441392,6230240,4.04,3.96,0.08,-4.88,0.83,0,6,6,0,0,0,0,148.46,0.00,0.00,0.00,,0.00,,0.00,EastMoney,2026-08-03T17:50:26+08:00
BK1422,2026-08-03T00:00:00Z,270702,270325,273019,268843,271691,-1366,-0.50,1457548,3314611320,2.05,0.97,0.00,0,715507,742041,116747327000,93708583000,-147888203,202616981,320619616,-118002635,578064320,607949888,-29885568,1032296656,1122252784,-89956128,1458123424,1220279104,237844320,-4.46,-3.56,-0.90,-2.71,7.18,0,11,6,4,1,0,0,60.96,0.00,0.00,0.00,,0.00,,0.00,EastMoney,2026-08-03T17:50:26+08:00
BK1423,2026-08-03T00:00:00Z,144053,146648,147193,143851,144490,2158,1.49,3800064,3601038946,4.69,0.86,0.00,0,1859467,1940597,97533864000,87818003000,-6398112,275490816,311077600,-35586784,804603104,775414432,29188672,1222341648,1170354256,51987392,1230747776,1276337072,-45589296,-0.18,-0.99,0.81,1.44,-1.27,0,13,9,4,0,0,0,31.03,0.00,0.00,0.00,,0.00,,0.00,EastMoney,2026-08-03T17:50:26+08:00
BK1424,2026-08-03T00:00:00Z,1297528,1304343,1310893,1286882,1309630,-5287,-0.40,2658309,7958196128,2.90,0.65,0.00,0,1258336,1399972,292356912000,275469120000,-643628704,624505872,816251472,-191745600,1516283392,1968166496,-451883104,2512011296,2630635040,-118623744,3174117904,2411865456,762252448,-8.09,-2.41,-5.68,-1.49,9.58,0,10,8,2,0,0,0,29.80,0.00,0.00,0.00,,0.00,,0.00,EastMoney,2026-08-03T17:50:26+08:00
BK1425,2026-08-03T00:00:00Z,246634,251967,252680,246574,247639,4328,1.75,458201,674924903,4.24,0.66,0.00,0,229676,228525,17589122000,16908152000,-20148031,25984605,28702273,-2717668,122037853,139468216,-17430363,202998635,215440494,-12441859,308225456,275635568,32589888,-2.99,-0.40,-2.58,-1.84,4.83,0,5,5,0,0,0,0,36.06,0.00,0.00,0.00,,0.00,,0.00,EastMoney,2026-08-03T17:50:26+08:00
BK1426,2026-08-03T00:00:00Z,328764,337282,337320,328733,330206,7076,2.14,1599525,4051963433,2.88,1.03,0.00,0,833816,765709,273636992000,263225772000,48200928,471957296,413718352,58238944,899832928,909870944,-10038016,1278987888,1265698864,13289024,1018261264,1081502560,-63241296,1.19,1.44,-0.25,0.33,-1.56,0,10,8,2,0,0,0,19.46,0.00,0.00,0.00,,0.00,,0.00,EastMoney,2026-08-03T17:50:26+08:00
BK1427,2026-08-03T00:00:00Z,413485,425364,425474,413170,411195,14169,3.45,1614976,2243937528,1.64,1.07,0.00,0,946645,668331,121779808000,115520667000,119831281,235787606,120663013,115124593,489095456,484388768,4706688,684726336,709295680,-24569344,738203952,833465872,-95261920,5.34,5.13,0.21,-1.09,-4.25,0,13,13,0,0,0,0,40.22,0.00,0.00,0.00,,0.00,,0.00,EastMoney,2026-08-03T17:50:26+08:00
BK1428,2026-08-03T00:00:00Z,378790,386412,386471,378499,379042,7370,1.94,7256856,9403100287,2.73,0.95,0.00,0,3732271,3524585,418698976000,340757296000,241533120,520914464,371344944,149569520,1666511456,1574547856,91963600,2846821584,3006448704,-159627120,4117840832,4206063968,-88223136,2.57,1.59,0.98,-1.70,-0.94,0,80,60,18,2,0,0,82.90,0.00,0.00,0.00,,0.00,,0.00,EastMoney,2026-08-03T17:50:26+08:00
BK1429,2026-08-03T00:00:00Z,194313,198504,198557,193747,194989,3515,1.80,2286002,2881121042,1.40,1.04,0.00,0,1203378,1082624,240693101000,229337117000,-38677687,122681663,127673158,-4991495,545259616,578945808,-33686192,905914048,958871840,-52957792,1249667024,1157155040,92511984,-1.34,-0.17,-1.17,-1.84,3.21,0,25,24,1,0,0,0,18.13,0.00,0.00,0.00,,0.00,,0.00,EastMoney,2026-08-03T17:50:26+08:00
BK1430,2026-08-03T00:00:00Z,326653,339927,340095,325353,327626,12301,3.75,1373199,2814877921,3.76,1.12,0.00,0,773237,599962,75933440000,62715547000,70142848,381252096,324361312,56890784,616853568,603601504,13252064,801823648,854280864,-52457216,950257280,967942912,-17685632,2.49,2.02,0.47,-1.86,-0.63,0,17,15,2,0,0,0,102.65,0.00,0.00,0.00,,0.00,,0.00,EastMoney,2026-08-03T17:50:26+08:00
BK1431,2026-08-03T00:00:00Z,298023,304186,304800,296295,297936,6250,2.10,1334674,1946748744,2.40,0.86,0.00,0,677143,657530,98034749000,96981367000,41681354,107694287,72732389,34961898,400423616,393704160,6719456,676126000,652798976,23327024,728901568,793909936,-65008368,2.14,1.80,0.35,1.20,-3.34,0,10,9,1,0,0,0,-47.38,0.00,0.00,0.00,,0.00,,0.00,EastMoney,2026-08-03T17:50:26+08:00
BK1432,2026-08-03T00:00:00Z,182922,185967,186755,181868,184204,1763,0.96,2145846,1698265808,2.24,0.70,0.00,0,1037656,1108190,93956218000,92337369000,-120698167,107925373,120603300,-12677927,327875104,435895344,-108020240,534530880,574544368,-40013488,696878096,536166432,160711664,-7.11,-0.75,-6.36,-2.36,9.46,0,6,4,2,0,0,0,27.27,0.00,0.00,0.00,,0.00,,0.00,EastMoney,2026-08-03T17:50:26+08:00
BK1433,2026-08-03T00:00:00Z,312759,315648,316330,310550,311755,3893,1.25,1653111,1075093155,1.94,0.96,0.00,0,986297,666814,78207348000,61746067000,-16452852,70002820,108287424,-38284604,216637968,194806216,21831752,322739584,325927744,-3188160,435427792,419872528,15555264,-1.53,-3.56,2.03,-0.30,1.45,0,10,8,2,0,0,0,15.28,0.00,0.00,0.00,,0.00,,0.00,EastMoney,2026-08-03T17:50:26+08:00
BK1434,2026-08-03T00:00:00Z,244373,241600,246097,236510,246499,-4899,-1.99,1129517,3740967904,1.28,0.93,0.00,0,531253,598264,339269584000,331564416000,12496528,306495744,335299584,-28803840,900293104,858992736,41300368,1185789968,1228096160,-42306192,1303241984,1273432320,29809664,0.33,-0.77,1.10,-1.13,0.80,0,4,1,3,0,0,0,18.62,0.00,0.00,0.00,,0.00,,0.00,EastMoney,2026-08-03T17:50:26+08:00
BK1435,2026-08-03T00:00:00Z,298387,301149,303490,296128,299385,1764,0.59,3070672,3240521175,1.73,0.91,0.00,0,1554084,1516589,195067808000,185777784000,-44867792,314008688,319742080,-5733392,773699424,812833824,-39134400,996298576,1024908192,-28609616,1102913136,1029435712,73477424,-1.38,-0.18,-1.21,-0.88,2.27,0,9,6,3,0,0,0,24.55,0.00,0.00,0.00,,0.00,,0.00,EastMoney,2026-08-03T17:50:26+08:00
BK1436,2026-08-03T00:00:00Z,274749,277109,277388,272923,275221,1888,0.69,3161092,3345539326,1.70,0.84,0.00,0,1595243,1565849,211467124000,192982242000,-119590205,126739575,229536500,-102796925,619786096,636579376,-16793280,1050337232,1025940976,24396256,1461219040,1366583984,94635056,-3.57,-3.07,-0.50,0.73,2.83,0,34,23,9,2,0,0,36.53,0.00,0.00,0.00,,0.00,,0.00,EastMoney,2026-08-03T17:50:26+08:00
BK1437,2026-08-03T00:00:00Z,610896,619150,619926,608105,608083,11067,1.82,1934750,3632024965,2.65,0.99,0.00,0,947521,987229,150990311000,126124318000,75836768,290484704,295525872,-5041168,780185968,699308032,80877936,1116795888,1088264016,28531872,1363470800,1471433648,-107962848,2.09,-0.14,2.23,0.79,-2.97,0,22,18,4,0,0,0,48.01,0.00,0.00,0.00,,0.00,,0.00,EastMoney,2026-08-03T17:50:26+08:00
BK1438,2026-08-03T00:00:00Z,750547,768060,770431,746927,748351,19709,2.63,1627433,3671458656,4.23,0.85,0.00,0,767027,860407,154553190000,134783043000,142368272,391512784,298319264,93193520,812719504,763544752,49174752,1179973648,1257838976,-77865328,1240911280,1305414224,-64502944,3.88,2.54,1.34,-2.12,-1.76,0,13,8,5,0,0,0,67.86,0.00,0.00,0.00,,0.00,,0.00,EastMoney,2026-08-03T17:50:26+08:00
BK1439,2026-08-03T00:00:00Z,321202,325890,325890,318090,320865,5025,1.57,5276568,7755810891,5.24,1.14,0.00,0,2700709,2575859,193439382000,135673442000,-39181072,615030048,636477040,-21446992,1495828160,1513562240,-17734080,2375085520,2556218080,-181132560,3108228672,2888592384,219636288,-0.51,-0.28,-0.23,-2.34,2.83,0,21,14,7,0,0,0,151.48,0.00,0.00,0.00,,0.00,,0.00,EastMoney,2026-08-03T17:50:26+08:00
BK1440,2026-08-03T00:00:00Z,431074,435704,436137,430505,430777,4927,1.14,1715176,2523030038,1.93,0.88,0.00,0,915509,799668,100489590000,86111397000,-17380365,92695937,105282078,-12586141,417416416,422210640,-4794224,756839920,783108096,-26268176,1192693584,1148534736,44158848,-0.69,-0.50,-0.19,-1.04,1.75,0,21,17,4,0,0,0,58.72,0.00,0.00,0.00,,0.00,,0.00,EastMoney,2026-08-03T17:50:26+08:00
BK1441,2026-08-03T00:00:00Z,377743,384436,384576,377120,377132,7304,1.94,988684,882999309,2.21,1.05,0.00,0,540995,447689,49680728000,36562376000,7159361,39941650,47342852,-7401202,157022831,142462268,14560563,271239360,267444907,3794453,363563648,378770096,-15206448,0.81,-0.84,1.65,0.43,-1.72,0,15,11,4,0,0,0,563.67,0.00,0.00,0.00,,0.00,,0.00,EastMoney,2026-08-03T17:50:26+08:00
BK1442,2026-08-03T00:00:00Z,161198,164761,164888,161198,161474,3287,2.04,456144,362316082,2.01,0.99,0.00,0,237195,218949,23516723000,21669670000,-5505362,8686267,5127800,3558467,48704490,57768319,-9063829,114175892,114671282,-495390,185134678,179133925,6000753,-1.52,0.98,-2.50,-0.14,1.66,0,6,6,0,0,0,0,76.80,0.00,0.00,0.00,,0.00,,0.00,EastMoney,2026-08-03T17:50:26+08:00
BK1443,2026-08-03T00:00:00Z,384495,376212,386613,374215,386334,-10122,-2.62,290492,1128046308,2.78,0.75,0.00,0,132638,157854,35480904000,35256177000,-110865574,64643813,129996441,-65352628,198363992,243876938,-45512946,359987008,375809136,-15822128,487579712,360892016,126687696,-9.83,-5.79,-4.03,-1.40,11.23,0,2,1,1,0,0,0,45.52,0.00,0.00,0.00,,0.00,,0.00,EastMoney,2026-08-03T17:50:26+08:00
BK1444,2026-08-03T00:00:00Z,760707,770145,773184,760271,759681,10464,1.38,33409576,54005813484,3.90,1.00,0.00,0,16492866,16916710,1328624576000,1145485440000,-328307712,5162702592,4906906368,255796224,11811953152,12396057088,-584103936,16689756672,17457960448,-768203776,18523674112,17535317760,988356352,-0.61,0.47,-1.08,-1.42,1.83,0,138,99,38,1,0,0,-204.78,0.00,0.00,0.00,,0.00,,0.00,EastMoney,2026-08-03T17:50:26+08:00
BK1445,2026-08-03T00:00:00Z,468064,477888,477888,468064,467706,10182,2.18,3545590,9227970515,2.01,0.98,0.00,0,1829780,1715810,520292672000,487925872000,-382581520,1086144960,1253960048,-167815088,2191783776,2406550208,-214766432,2785801968,2750181360,35620608,2939365056,2617731984,321633072,-4.15,-1.82,-2.33,0.39,3.49,0,26,22,4,0,0,0,23.87,0.00,0.00,0.00,,0.00,,0.00,EastMoney,2026-08-03T17:50:26+08:00
BK1446,2026-08-03T00:00:00Z,759820,764914,765672,758411,756854,8060,1.06,8468042,21730691767,2.73,0.86,0.00,0,4076544,4391499,896178592000,678987408000,-481272032,1658149248,1889807456,-231658208,4405431552,4655045376,-249613824,7134649600,7167340032,-32690432,7991951360,7488844800,503106560,-2.21,-1.07,-1.15,-0.15,2.32,0,63,42,19,2,0,0,92.71,0.00,0.00,0.00,,0.00,,0.00,EastMoney,2026-08-03T17:50:26+08:00
BK1447,2026-08-03T00:00:00Z,803177,809297,813137,798734,803752,5545,0.69,17455392,32912678548,3.63,1.08,0.00,0,8678223,8777169,1025352512000,864229888000,-1085926336,2766483408,3540511888,-774028480,7568447488,7880345344,-311897856,11043548928,10693953536,349595392,10568473088,9867604992,700868096,-3.30,-2.35,-0.95,1.06,2.13,0,100,63,36,1,0,0,377.73,0.00,0.00,0.00,,0.00,,0.00,EastMoney,2026-08-03T17:50:26+08:00
BK1448,2026-08-03T00:00:00Z,610936,611284,623160,605155,607188,4096,0.67,11533979,29380011699,5.11,1.45,0.00,0,5591237,5942742,561437376000,518623504000,-359433728,5037039104,4972317184,64721920,7026032384,7450188032,-424155648,9244365312,9416361216,-171995904,7332261632,6800831744,531429888,-1.22,0.22,-1.44,-0.59,1.81,0,34,20,12,2,0,0,267.20,0.00,0.00,0.00,,0.00,,0.00,EastMoney,2026-08-03T17:50:26+08:00
BK1449,2026-08-03T00:00:00Z,186335,186313,186779,185268,186223,90,0.05,1058419,1494243536,0.85,0.90,0.00,0,523078,535341,250497773000,176078743000,-57487464,74202530,144406682,-70204152,346620112,333903424,12716688,462919072,484913296,-21994224,592647296,513165616,79481680,-3.85,-4.70,0.85,-1.47,5.32,0,9,5,4,0,0,0,32.72,0.00,0.00,0.00,,0.00,,0.00,EastMoney,2026-08-03T17:50:26+08:00
BK1450,2026-08-03T00:00:00Z,1517178,1510062,1522426,1504072,1519401,-9339,-0.61,1356300,6660912588,0.98,1.16,0.00,0,666672,689628,924914112000,845113984000,-549556720,807004080,1025917008,-218912928,1751450368,2082094160,-330643792,2267378752,1860519648,406859104,1754348128,1611650512,142697616,-8.25,-3.29,-4.96,6.11,2.14,0,4,2,2,0,0,0,12.07,0.00,0.00,0.00,,0.00,,0.00,EastMoney,2026-08-03T17:50:26+08:00
BK1451,2026-08-03T00:00:00Z,808469,806354,809128,798524,808417,-2063,-0.26,566384,712086229,1.94,0.89,0.00,0,279668,286716,33737572000,31126758000,-15095224,14402890,17444013,-3041123,120960339,133014440,-12054101,233064886,251743910,-18679024,323838432,290064176,33774256,-2.12,-0.43,-1.69,-2.62,4.74,0,6,4,2,0,0,0,33.64,0.00,0.00,0.00,,0.00,,0.00,EastMoney,2026-08-03T17:50:26+08:00
BK1452,2026-08-03T00:00:00Z,127990,129772,129945,127750,128548,1224,0.95,209356,150537389,1.13,0.90,0.00,0,110788,98568,14344445000,13739825000,-10042908,5926686,7002593,-1075907,16179511,25146512,-8967001,42027932,51189871,-9161939,83422112,64217265,19204847,-6.67,-0.71,-5.96,-6.09,12.76,0,3,2,1,0,0,0,24.50,0.00,0.00,0.00,,0.00,,0.00,EastMoney,2026-08-03T17:50:26+08:00
BK1453,2026-08-03T00:00:00Z,405544,411869,412254,404096,407707,4162,1.02,1365125,1263331795,1.29,0.86,0.00,0,677019,688106,104226311000,104043946000,-93507788,71938853,123191836,-51252983,220034895,262289700,-42254805,386454128,393944848,-7490720,561255744,460257232,100998512,-7.40,-4.06,-3.34,-0.59,7.99,0,4,4,0,0,0,0,23.92,0.00,0.00,0.00,,0.00,,0.00,EastMoney,2026-08-03T17:50:26+08:00
BK1454,2026-08-03T00:00:00Z,255669,255602,257129,253449,256035,-433,-0.17,639681,681315382,2.35,1.10,0.00,0,289528,350153,34463244000,32224359000,15765796,12558026,11839615,718411,151995857,136948472,15047385,223954664,223656026,298638,281468304,297532752,-16064448,2.31,0.11,2.21,0.04,-2.36,0,5,4,1,0,0,0,79.33,0.00,0.00,0.00,,0.00,,0.00,EastMoney,2026-08-03T17:50:26+08:00
BK1455,2026-08-03T00:00:00Z,467893,472484,472712,465747,467241,5243,1.12,3768835,7322043450,2.27,0.93,0.00,0,1918512,1850323,343878048000,296426544000,-156505184,564970784,708821184,-143850400,1480877376,1493532160,-12654784,2305259056,2216213184,89045872,2798815616,2731868480,66947136,-2.14,-1.96,-0.17,1.22,0.91,0,35,24,11,0,0,0,37.20,0.00,0.00,0.00,,0.00,,0.00,EastMoney,2026-08-03T17:50:26+08:00
BK1456,2026-08-03T00:00:00Z,108453,110794,110795,108288,108481,2313,2.13,191809,123072129,1.33,1.06,0.00,0,119737,72072,9702412000,8826540000,-1011429,4576234,6136545,-1560311,19111565,18562683,548882,34144744,36309644,-2164900,63057244,59880916,3176328,-0.82,-1.27,0.45,-1.76,2.58,0,3,3,0,0,0,0,51.55,0.00,0.00,0.00,,0.00,,0.00,EastMoney,2026-08-03T17:50:26+08:00
BK1457,2026-08-03T00:00:00Z,200391,202465,202544,199303,199100,3365,1.69,644705,612926575,1.20,1.02,0.00,0,377618,267087,73460993000,70737787000,6153121,18404539,14895213,3509326,89520110,86876315,2643795,164774429,196868341,-32093912,321590512,297555360,24035152,1.00,0.57,0.43,-5.24,3.92,0,11,9,2,0,0,0,22.24,0.00,0.00,0.00,,0.00,,0.00,EastMoney,2026-08-03T17:50:26+08:00
BK1458,2026-08-03T00:00:00Z,77923,79106,79106,77841,78169,937,1.20,84285,188347642,1.27,0.66,0.00,0,39083,45202,19287358000,18486866000,2859297,2409777,1028100,1381677,24838536,23360916,1477620,46533144,55514502,-8981358,79664582,81407923,-1743341,1.52,0.73,0.78,-4.77,-0.93,0,4,2,2,0,0,0,41.00,0.00,0.00,0.00,,0.00,,0.00,EastMoney,2026-08-03T17:50:26+08:00
BK1459,2026-08-03T00:00:00Z,196321,199281,199470,196224,196653,2628,1.34,421643,1352790137,1.22,0.91,0.00,0,234265,187378,107663819000,102714819000,-18851375,76144936,93123799,-16978863,279978688,281851200,-1872512,481033376,470372432,10660944,469616640,464625104,4991536,-1.39,-1.26,-0.14,0.79,0.37,0,9,7,2,0,0,0,25.03,0.00,0.00,0.00,,0.00,,0.00,EastMoney,2026-08-03T17:50:26+08:00
BK1460,2026-08-03T00:00:00Z,258087,261242,261397,257489,257824,3418,1.33,882608,958973284,1.07,0.87,0.00,0,465243,417365,80293772000,61369916000,257852,19534895,29738063,-10203168,137684263,127223243,10461020,312386432,289975120,22411312,460922080,486825232,-25903152,0.03,-1.06,1.09,2.34,-2.70,0,15,11,4,0,0,0,65.52,0.00,0.00,0.00,,0.00,,0.00,EastMoney,2026-08-03T17:50:26+08:00
BK1461,2026-08-03T00:00:00Z,180079,184016,184034,180079,180831,3185,1.76,1788877,812116286,1.67,0.89,0.00,0,1040839,748038,52017594000,45632320000,17310356,46041004,44651007,1389997,175275230,159354871,15920359,230846548,254802340,-23955792,337782320,331136880,6645440,2.13,0.17,1.96,-2.95,0.82,0,9,8,1,0,0,0,-31.40,0.00,0.00,0.00,,0.00,,0.00,EastMoney,2026-08-03T17:50:26+08:00
BK1462,2026-08-03T00:00:00Z,1391485,1341470,1400045,1332837,1413685,-72215,-5.11,6804170,23145392298,7.07,0.93,0.00,0,3061483,3742688,459745344000,362913328000,-3243155968,3302291200,5136014592,-1833723392,4970870528,6380303104,-1409432576,6691275264,6335815680,355459584,7764081408,4876384768,2887696640,-14.01,-7.92,-6.09,1.54,12.48,0,8,2,6,0,0,0,59.38,0.00,0.00,0.00,,0.00,,0.00,EastMoney,2026-08-03T17:50:26+08:00
BK1463,2026-08-03T00:00:00Z,188511,193721,194107,188158,187621,6100,3.25,868378,436037319,1.63,1.03,0.00,0,494223,374155,27939062000,27520833000,-14591033,17112769,15576220,1536549,54185006,70312588,-16127582,115587682,130502006,-14914324,242353940,212848583,29505357,-3.35,0.35,-3.70,-3.42,6.77,0,9,9,0,0,0,0,-26.33,0.00,0.00,0.00,,0.00,,0.00,EastMoney,2026-08-03T17:50:26+08:00
BK1464,2026-08-03T00:00:00Z,198142,200174,200444,198142,198614,1560,0.79,2795182,2604802759,0.90,1.03,0.00,0,1466850,1328333,246618190000,203718988000,-46752606,110356766,118314332,-7957566,476602272,515397312,-38795040,830485168,833723488,-3238320,1146962880,1096971968,49990912,-1.79,-0.31,-1.49,-0.12,1.92,0,14,11,3,0,0,0,69.87,0.00,0.00,0.00,,0.00,,0.00,EastMoney,2026-08-03T17:50:26+08:00
BK1465,2026-08-03T00:00:00Z,642083,648392,652677,642083,641490,6902,1.08,659208,626034775,2.12,0.88,0.00,0,352307,306901,38422541000,30891658000,10677245,21516736,24179986,-2663250,116214517,102874022,13340495,213482253,186641139,26841114,268001342,305519696,-37518354,1.71,-0.43,2.13,4.29,-5.99,0,3,2,0,1,0,0,-238.22,0.00,0.00,0.00,,0.00,,0.00,EastMoney,2026-08-03T17:50:26+08:00
BK1466,2026-08-03T00:00:00Z,172177,179758,179852,172177,171947,7811,4.54,935576,751659930,1.82,1.34,0.00,0,517441,418135,33883047000,30496470000,27322279,35534772,30280139,5254633,154441991,132374345,22067646,245496193,267559467,-22063274,300093264,305352272,-5259008,3.63,0.70,2.94,-2.94,-0.70,0,7,6,1,0,0,0,87.68,0.00,0.00,0.00,,0.00,,0.00,EastMoney,2026-08-03T17:50:26+08:00
BK1467,2026-08-03T00:00:00Z,188540,191217,191255,188519,188995,2222,1.18,616955,347606857,1.47,1.05,0.00,0,359416,257540,31548396000,27242297000,-11777572,22651986,12973898,9678088,55005870,76461530,-21455660,107948387,113506510,-5558123,137103328,121158832,15944496,-3.39,2.78,-6.17,-1.60,4.59,0,9,6,3,0,0,0,66.42,0.00,0.00,0.00,,0.00,,0.00,EastMoney,2026-08-03T17:50:26+08:00
BK1468,2026-08-03T00:00:00Z,428714,434330,434872,428714,428204,6126,1.43,1444296,1759045002,1.97,0.90,0.00,0,790177,654119,106719168000,94982350000,5498826,48073410,60863048,-12789638,286836384,268547920,18288464,523667920,538814192,-15146272,872389248,862741824,9647424,0.31,-0.73,1.04,-0.86,0.55,0,17,12,4,1,0,0,35.63,0.00,0.00,0.00,,0.00,,0.00,EastMoney,2026-08-03T17:50:26+08:00
BK1469,2026-08-03T00:00:00Z,88822,91878,92753,88124,89430,2448,2.74,199201,356179836,1.52,1.02,0.00,0,106632,92570,23317349000,23317349000,7638051,4294949,2039229,2255720,62199928,56817597,5382331,132059066,122665819,9393247,154173953,171205250,-17031297,2.14,0.63,1.51,2.64,-4.78,0,2,2,0,0,0,0,-38.26,0.00,0.00,0.00,,0.00,,0.00,EastMoney,2026-08-03T17:50:26+08:00
BK1470,2026-08-03T00:00:00Z,179912,183693,183849,179912,179807,3886,2.16,5664647,2576887856,0.95,0.96,0.00,0,3332505,2332142,266483192000,256544768000,27030448,376969040,310909984,66059056,580088880,619117488,-39028608,726370576,782871168,-56500592,839969600,810499456,29470144,1.05,2.56,-1.51,-2.19,1.14,0,8,8,0,0,0,0,7.41,0.00,0.00,0.00,,0.00,,0.00,EastMoney,2026-08-03T17:50:26+08:00
BK1471,2026-08-03T00:00:00Z,75375,76829,76869,75196,75427,1402,1.86,6558985,9845571845,4.44,0.98,0.00,0,3248312,3310673,203727167000,178960895000,-1129955104,1145064416,2555377936,-1410313520,1924260656,1643902240,280358416,2754119360,2444427056,309692304,3657514416,2858200688,799313728,-11.48,-14.32,2.85,3.15,8.12,0,46,36,9,1,0,0,51.43,0.00,0.00,0.00,,0.00,,0.00,EastMoney,2026-08-03T17:50:26+08:00
BK1472,2026-08-03T00:00:00Z,198074,201733,201784,198052,197945,3788,1.91,11242619,5440942086,0.90,1.20,0.00,0,6605026,4637593,758515152000,628632928000,216942592,869794576,687810176,181984400,1155857872,1120899680,34958192,1536675088,1693212416,-156537328,1750788672,1812769776,-61981104,3.99,3.34,0.64,-2.88,-1.14,0,28,23,4,1,0,0,8.88,0.00,0.00,0.00,,0.00,,0.00,EastMoney,2026-08-03T17:50:26+08:00
BK1473,2026-08-03T00:00:00Z,315891,323724,323877,314843,314046,9678,3.08,3745648,1100095349,2.94,1.15,0.00,0,2164157,1581490,42251448000,37221654000,-5253565,28278853,35288324,-7009471,248945656,247189750,1755906,328833328,346769232,-17935904,464604256,441414784,23189472,-0.48,-0.64,0.16,-1.63,2.11,0,16,13,3,0,0,0,-5.05,0.00,0.00,0.00,,0.00,,0.00,EastMoney,2026-08-03T17:50:26+08:00
BK1474,2026-08-03T00:00:00Z,260668,264616,264903,259565,258462,6154,2.38,1541538,830051625,1.66,1.15,0.00,0,913490,628048,59186837000,48019444000,-26754929,28521390,44606333,-16084943,124327775,134997761,-10669986,234170092,275898560,-41728468,428095664,360298048,67797616,-3.22,-1.94,-1.29,-5.03,8.17,0,10,9,1,0,0,0,56.44,0.00,0.00,0.00,,0.00,,0.00,EastMoney,2026-08-03T17:50:26+08:00
BK1475,2026-08-03T00:00:00Z,250162,249948,250605,243922,247595,2353,0.95,1113748,935555441,1.78,1.30,0.00,0,535782,577965,50917903000,49197806000,-18914573,49947128,62779091,-12831963,188735407,194818017,-6082610,321960128,308408800,13551328,354861344,349498096,5363248,-2.02,-1.37,-0.65,1.45,0.57,0,4,3,1,0,0,0,12.68,0.00,0.00,0.00,,0.00,,0.00,EastMoney,2026-08-03T17:50:26+08:00
BK1476,2026-08-03T00:00:00Z,232418,236030,236061,232028,228110,7920,3.47,1005837,871240614,1.22,1.05,0.00,0,469620,536217,70576207000,69203634000,12321575,129736915,102044755,27692160,194550983,209921568,-15370585,254616540,247567859,7048681,271758800,291129056,-19370256,1.41,3.18,-1.76,0.81,-2.22,0,6,5,1,0,0,0,9.55,0.00,0.00,0.00,,0.00,,0.00,EastMoney,2026-08-03T17:50:26+08:00
BK1477,2026-08-03T00:00:00Z,313174,312296,315390,310413,311414,882,0.28,5257819,6198904995,1.70,1.27,0.00,0,2902467,2355353,205510689000,192982424000,-60451808,402224656,452575200,-50350544,1137044608,1147145872,-10101264,1814322992,1934968912,-120645920,2705209808,2525487696,179722112,-0.98,-0.81,-0.16,-1.95,2.90,0,19,11,8,0,0,0,79.13,0.00,0.00,0.00,,0.00,,0.00,EastMoney,2026-08-03T17:50:26+08:00
BK1478,2026-08-03T00:00:00Z,76109,77862,77903,76042,75878,1984,2.61,4044889,2953300262,2.46,1.05,0.00,0,2285778,1759111,96139846000,85345718000,45948291,254313145,222254630,32058515,599342944,585453168,13889776,857398240,925342528,-67944288,1132576112,1110580128,21995984,1.56,1.09,0.47,-2.30,0.74,0,21,16,5,0,0,0,-74.29,0.00,0.00,0.00,,0.00,,0.00,EastMoney,2026-08-03T17:50:26+08:00
BK1479,2026-08-03T00:00:00Z,137300,137576,137957,136759,136669,907,0.66,5941595,2246107103,0.66,0.87,0.00,0,2987886,2953710,455643456000,357010160000,-56999351,243139545,365604208,-122464663,586368016,520902704,65465312,635290320,626676368,8613952,732995184,684609792,48385392,-2.54,-5.45,2.91,0.38,2.15,0,9,7,2,0,0,0,31.98,0.00,0.00,0.00,,0.00,,0.00,EastMoney,2026-08-03T17:50:26+08:00
BK1480,2026-08-03T00:00:00Z,183435,185185,185434,183381,183514,1671,0.91,1529095,956546853,0.93,1.09,0.00,0,934145,594949,136254355000,127625565000,13465047,59678488,86180996,-26502508,220079132,180111577,39967555,270593792,271075568,-481776,391723312,404706576,-12983264,1.41,-2.77,4.18,-0.05,-1.36,0,5,4,1,0,0,0,27.94,0.00,0.00,0.00,,0.00,,0.00,EastMoney,2026-08-03T17:50:26+08:00
BK1481,2026-08-03T00:00:00Z,161155,163983,164145,161098,161410,2573,1.59,5883882,2831038578,0.58,1.20,0.00,0,3412111,2471771,520901200000,477423520000,-20647505,194604095,172937744,21666351,596575568,638889424,-42313856,806512032,911133312,-104621280,1190996848,1065728064,125268784,-0.73,0.77,-1.49,-3.70,4.42,0,17,15,1,1,0,0,13.23,0.00,0.00,0.00,,0.00,,0.00,EastMoney,2026-08-03T17:50:26+08:00
BK1482,2026-08-03T00:00:00Z,153932,155929,156047,153333,153865,2064,1.34,6990831,6354930734,1.21,0.94,0.00,0,3923401,3067431,682482496000,572446256000,-47040608,575621040,637477760,-61856720,1328903440,1314087328,14816112,1963583728,1982347952,-18764224,2321944672,2261563376,60381296,-0.74,-0.97,0.23,-0.30,0.95,0,20,19,1,0,0,0,13.54,0.00,0.00,0.00,,0.00,,0.00,EastMoney,2026-08-03T17:50:26+08:00
BK1483,2026-08-03T00:00:00Z,269547,273690,273893,269547,270269,3421,1.27,3158262,1883612948,0.74,1.23,0.00,0,1878763,1279499,371809312000,326140896000,-43443424,60861668,67213460,-6351792,275237264,312328896,-37091632,521890208,588146800,-66256592,1004350576,894650560,109700016,-2.31,-0.34,-1.97,-3.52,5.82,0,21,16,5,0,0,0,14.76,0.00,0.00,0.00,,0.00,,0.00,EastMoney,2026-08-03T17:50:26+08:00
BK1484,2026-08-03T00:00:00Z,142609,145741,145971,142261,142529,3212,2.25,924596,495112309,2.15,1.27,0.00,0,500080,424516,27833631000,24236359000,3589998,26936846,21151651,5785195,93655489,95850686,-2195197,142453611,175378294,-32924683,221935928,192601242,29334686,0.73,1.17,-0.44,-6.65,5.92,0,8,7,0,1,0,0,108.28,0.00,0.00,0.00,,0.00,,0.00,EastMoney,2026-08-03T17:50:26+08:00
BK1485,2026-08-03T00:00:00Z,150001,151943,152163,150001,150133,1810,1.21,4296548,2351027909,0.53,0.98,0.00,0,2517669,1778879,410294672000,405851360000,27828048,307811296,298516912,9294384,542744352,524210688,18533664,678265216,728331056,-50065840,787123056,764885264,22237792,1.18,0.40,0.79,-2.13,0.95,0,7,7,0,0,0,0,18.83,0.00,0.00,0.00,,0.00,,0.00,EastMoney,2026-08-03T17:50:26+08:00
BK1486,2026-08-03T00:00:00Z,380237,388816,389144,379756,379876,8940,2.35,538286,406430701,1.16,1.03,0.00,0,330302,207984,32559515000,32306770000,18766335,29917258,13866812,16050446,69402943,66687054,2715889,111675657,138828695,-27153038,189383128,180996426,8386702,4.62,3.95,0.67,-6.68,2.06,0,6,6,0,0,0,0,45.99,0.00,0.00,0.00,,0.00,,0.00,EastMoney,2026-08-03T17:50:26+08:00
BK1487,2026-08-03T00:00:00Z,410441,419372,419926,409713,410270,9102,2.22,621644,314374180,1.54,1.33,0.00,0,400537,221108,23155924000,23122261000,17349651,14820019,7183103,7636916,63427270,53714535,9712735,81396736,110708066,-29311330,148966622,137004942,11961680,5.52,2.43,3.09,-9.32,3.80,0,4,3,1,0,0,0,-240.49,0.00,0.00,0.00,,0.00,,0.00,EastMoney,2026-08-03T17:50:26+08:00
BK1488,2026-08-03T00:00:00Z,155940,159029,159029,155724,156320,2709,1.73,1137452,900825453,0.90,1.02,0.00,0,630374,507078,175608840000,100894105000,-24602188,20677996,25587546,-4909550,122517176,142209814,-19692638,275293040,276106448,-813408,461704752,437910912,23793840,-2.73,-0.55,-2.19,-0.09,2.64,0,14,13,1,0,0,0,15.32,0.00,0.00,0.00,,0.00,,0.00,EastMoney,2026-08-03T17:50:26+08:00
BK1489,2026-08-03T00:00:00Z,545145,550415,552264,544160,544927,5488,1.01,947624,1617667744,0.76,0.96,0.00,0,501824,445800,292118576000,274234128000,-61763359,95279823,107574798,-12294975,280768208,330236592,-49468384,530504288,503594096,26910192,693977296,659124128,34853168,-3.82,-0.76,-3.06,1.66,2.15,0,4,4,0,0,0,0,15.23,0.00,0.00,0.00,,0.00,,0.00,EastMoney,2026-08-03T17:50:26+08:00
BK1490,2026-08-03T00:00:00Z,273941,282180,282275,273535,274928,7252,2.64,1941116,1143476132,1.15,1.10,0.00,0,1140178,800938,111180418000,105038670000,-46595727,47730517,69365088,-21634571,208624624,233585780,-24961156,367395744,367819264,-423520,503940896,456921648,47019248,-4.07,-1.89,-2.18,-0.04,4.11,0,12,11,1,0,0,0,-13.85,0.00,0.00,0.00,,0.00,,0.00,EastMoney,2026-08-03T17:50:26+08:00
BK1491,2026-08-03T00:00:00Z,145896,148891,149031,145896,146219,2672,1.83,760782,564700015,2.91,1.00,0.00,0,409550,351232,21482681000,18290966000,12912150,11877199,8369766,3507433,84347000,74942283,9404717,162309666,193375983,-31066317,296160416,278006256,18154160,2.29,0.62,1.67,-5.50,3.21,0,7,5,2,0,0,0,57.43,0.00,0.00,0.00,,0.00,,0.00,EastMoney,2026-08-03T17:50:26+08:00
BK1492,2026-08-03T00:00:00Z,73282,74510,74901,73025,73464,1046,1.42,2194399,761396788,1.50,1.10,0.00,0,1222886,971514,53035316000,53004509000,11355093,51222866,48614748,2608118,145202563,136455588,8746975,181761483,221058403,-39296920,372621616,344679792,27941824,1.49,0.34,1.15,-5.16,3.67,0,7,6,0,1,0,0,-15.17,0.00,0.00,0.00,,0.00,,0.00,EastMoney,2026-08-03T17:50:26+08:00
BK1493,2026-08-03T00:00:00Z,229038,227822,232324,227452,231085,-3263,-1.41,6356749,7726292729,0.88,0.92,0.00,0,2931336,3425413,1915533040000,1473890352000,-380381712,532950032,592653344,-59703312,1517126528,1837804928,-320678400,2417381120,2440348176,-22967056,3136774240,2733425472,403348768,-4.92,-0.77,-4.15,-0.30,5.22,0,17,4,13,0,0,0,17.26,0.00,0.00,0.00,,0.00,,0.00,EastMoney,2026-08-03T17:50:26+08:00
BK1494,2026-08-03T00:00:00Z,115422,115975,117962,115422,116259,-284,-0.24,2898832,2288362283,1.17,0.94,0.00,0,1494148,1404684,202000268000,201472500000,-28282848,157760311,98712887,59047424,369319040,456649312,-87330272,670803280,736427616,-65624336,1065341984,971434816,93907168,-1.24,2.58,-3.82,-2.87,4.10,0,10,5,5,0,0,0,53.01,0.00,0.00,0.00,,0.00,,0.00,EastMoney,2026-08-03T17:50:26+08:00
BK1495,2026-08-03T00:00:00Z,115324,116566,116753,114547,114987,1579,1.37,495938,674756493,1.54,0.85,0.00,0,269801,226136,54070824000,48695761000,7848274,6962306,7822356,-860050,93423199,84714875,8708324,192539138,208391325,-15852187,367576272,359572352,8003920,1.16,-0.13,1.29,-2.35,1.19,0,9,7,1,1,0,0,26.99,0.00,0.00,0.00,,0.00,,0.00,EastMoney,2026-08-03T17:50:26+08:00
BK1496,2026-08-03T00:00:00Z,56317,55943,56470,55732,56259,-316,-0.56,136882,205493144,1.50,0.76,0.00,0,73025,63857,19342532000,12444757000,-14373384,6625815,14613614,-7987799,16178561,22564146,-6385585,47910595,51551247,-3640652,131087152,113073116,18014036,-6.99,-3.89,-3.11,-1.77,8.77,0,4,1,3,0,0,0,31.18,0.00,0.00,0.00,,0.00,,0.00,EastMoney,2026-08-03T17:50:26+08:00
BK1497,2026-08-03T00:00:00Z,196386,202318,203023,195718,197802,4516,2.28,727198,866793296,2.96,1.40,0.00,0,380398,346800,28946111000,23805691000,25655790,42870443,20466811,22403632,183427756,180175598,3252158,254089480,248975637,5113843,242071418,268830768,-26759350,2.96,2.58,0.38,0.59,-3.09,0,8,4,3,1,0,0,57.39,0.00,0.00,0.00,,0.00,,0.00,EastMoney,2026-08-03T17:50:26+08:00
BK1498,2026-08-03T00:00:00Z,147897,146901,148707,146235,147313,-412,-0.28,734628,1652362419,2.03,0.73,0.00,0,347788,386840,93518118000,81469906000,38633882,70246684,70732882,-486198,337049728,297929648,39120080,531725136,535821056,-4095920,666763024,701300992,-34537968,2.34,-0.03,2.37,-0.25,-2.09,0,8,4,4,0,0,0,28.31,0.00,0.00,0.00,,0.00,,0.00,EastMoney,2026-08-03T17:50:26+08:00
BK1499,2026-08-03T00:00:00Z,57459,59720,59908,57271,57836,1884,3.26,91853,28810583,0.99,1.83,0.00,0,51411,40441,5666351000,2933101000,5824342,2516892,0,2516892,12201535,8894085,3307450,8426572,12282077,-3855505,4841849,6810686,-1968837,20.22,8.74,11.48,-13.38,-6.83,0,1,1,0,0,0,0,-9.16,0.00,0.00,0.00,,0.00,,0.00,EastMoney,2026-08-03T17:50:26+08:00
BK1500,2026-08-03T00:00:00Z,151433,148102,151498,147627,152247,-4145,-2.72,110304,882938454,1.49,0.71,0.00,0,43353,66951,65729558000,47644309000,-57080222,42134596,40850900,1283696,183057231,241421149,-58363918,321792112,279939552,41852560,250917310,254307818,-3390508,-6.46,0.15,-6.61,4.74,-0.38,0,3,0,3,0,0,0,32.47,0.00,0.00,0.00,,0.00,,0.00,EastMoney,2026-08-03T17:50:26+08:00
BK1501,2026-08-03T00:00:00Z,427514,429807,432544,427095,427980,1827,0.43,605065,673194310,1.20,1.15,0.00,0,332753,272312,57131252000,51993432000,-8563010,27228863,30149411,-2920548,105016689,110659151,-5642462,204826197,210958446,-6132249,312099744,301050112,11049632,-1.27,-0.43,-0.84,-0.91,1.64,0,12,7,5,0,0,0,40.20,0.00,0.00,0.00,,0.00,,0.00,EastMoney,2026-08-03T17:50:26+08:00
BK1502,2026-08-03T00:00:00Z,403036,416080,416387,401079,400044,16036,4.01,2038050,1254256200,7.88,1.38,0.00,0,1191376,846674,18662540000,18396524000,36117931,136089847,101314274,34775573,236392065,235049707,1342358,391618096,380239600,11378496,470437296,517933712,-47496416,2.88,2.77,0.11,0.91,-3.79,0,4,4,0,0,0,0,-43.46,0.00,0.00,0.00,,0.00,,0.00,EastMoney,2026-08-03T17:50:26+08:00
BK1503,2026-08-03T00:00:00Z,277106,285459,285787,277106,278775,6684,2.40,545268,749334933,1.93,1.06,0.00,0,287189,258079,38461346000,34881704000,85409604,71250957,22558159,48692798,184658929,147942123,36716806,229719192,253740636,-24021444,235702045,294123248,-58421203,11.40,6.50,4.90,-3.21,-7.80,0,6,5,1,0,0,0,53.20,0.00,0.00,0.00,,0.00,,0.00,EastMoney,2026-08-03T17:50:26+08:00
BK1504,2026-08-03T00:00:00Z,130236,132045,132061,130140,130334,1711,1.31,469860,538779162,1.62,1.22,0.00,0,267980,201881,167013002000,30363620000,1210125,16938461,22698791,-5760330,100865950,93895495,6970455,172501224,174391288,-1890064,240641987,239962048,679939,0.22,-1.07,1.29,-0.35,0.13,0,9,7,1,1,0,0,41.73,0.00,0.00,0.00,,0.00,,0.00,EastMoney,2026-08-03T17:50:26+08:00
BK1505,2026-08-03T00:00:00Z,226671,230193,230447,226515,226431,3762,1.66,1800756,1433526039,1.93,1.21,0.00,0,981201,819555,72110128000,67842532000,16595222,79058453,76295535,2762918,302679360,288847056,13832304,454143600,492974304,-38830704,552328112,541577216,10750896,1.16,0.19,0.96,-2.71,0.75,0,13,10,3,0,0,0,55.39,0.00,0.00,0.00,,0.00,,0.00,EastMoney,2026-08-03T17:50:26+08:00
BK1506,2026-08-03T00:00:00Z,210853,214927,214927,210679,211061,3866,1.83,309828,136817516,1.58,1.57,0.00,0,189931,119897,9862820000,8764308000,4735816,7532548,5112654,2419894,29555655,27239733,2315922,38180371,49227242,-11046871,53268024,49290980,3977044,3.46,1.77,1.69,-8.07,2.91,0,3,3,0,0,0,0,50.08,0.00,0.00,0.00,,0.00,,0.00,EastMoney,2026-08-03T17:50:26+08:00
BK1507,2026-08-03T00:00:00Z,156779,154538,157592,153415,158030,-3492,-2.21,244765,799452878,3.23,0.68,0.00,0,106255,138510,32072860000,21254583000,-22785232,30743021,47393957,-16650936,142571531,148705827,-6134296,264887467,275358128,-10470661,335923088,308320608,27602480,-2.85,-2.08,-0.77,-1.31,3.45,0,4,0,4,0,0,0,29.28,0.00,0.00,0.00,,0.00,,0.00,EastMoney,2026-08-03T17:50:26+08:00
BK1508,2026-08-03T00:00:00Z,173419,176337,176453,172942,172606,3731,2.16,1912188,820091163,1.38,1.29,0.00,0,1096679,815509,72904529000,68095996000,-23943369,47569681,69953471,-22383790,161974318,163533897,-1559579,217349469,245399158,-28049689,381920224,329927168,51993056,-2.92,-2.73,-0.19,-3.42,6.34,0,9,9,0,0,0,0,-11.37,0.00,0.00,0.00,,0.00,,0.00,EastMoney,2026-08-03T17:50:26+08:00
BK1509,2026-08-03T00:00:00Z,570386,577992,580623,570386,572867,5125,0.89,330028,609212309,1.03,0.90,0.00,0,166163,163865,93622382000,93475612000,34710060,53077169,40331601,12745568,125488920,103524428,21964492,184587488,210089003,-25501515,236578287,245786831,-9208544,5.70,2.09,3.61,-4.19,-1.51,0,4,2,2,0,0,0,24.86,0.00,0.00,0.00,,0.00,,0.00,EastMoney,2026-08-03T17:50:26+08:00
BK1510,2026-08-03T00:00:00Z,74492,75651,75784,74137,74365,1286,1.73,345089,96851303,1.10,1.10,0.00,0,204855,140235,8169796000,7813151000,5623275,4779857,1469191,3310666,19150009,16837400,2312609,28098468,35115119,-7016651,43791267,42397889,1393378,5.81,3.42,2.39,-7.24,1.44,0,3,3,0,0,0,0,-306.39,0.00,0.00,0.00,,0.00,,0.00,EastMoney,2026-08-03T17:50:26+08:00
BK1511,2026-08-03T00:00:00Z,308615,312985,315141,308381,309385,3600,1.16,859510,915224600,1.89,0.95,0.00,0,438332,421179,66620742000,55126832000,-11563742,34178715,28615888,5562827,131589596,148716165,-17126569,275661120,294702336,-19041216,461878848,431273904,30604944,-1.26,0.61,-1.87,-2.08,3.34,0,8,7,1,0,0,0,29.28,0.00,0.00,0.00,,0.00,,0.00,EastMoney,2026-08-03T17:50:26+08:00
BK1512,2026-08-03T00:00:00Z,380499,378853,385018,378035,379651,-798,-0.21,3587949,4495890133,1.46,1.08,0.00,0,1881592,1706357,407695264000,294792832000,-107544944,451641024,584458320,-132817296,1124918544,1099646192,25272352,1389789952,1451136464,-61346512,1452407952,1283516496,168891456,-2.39,-2.95,0.56,-1.36,3.76,0,11,5,6,0,0,0,70.69,0.00,0.00,0.00,,0.00,,0.00,EastMoney,2026-08-03T17:50:26+08:00
BK1513,2026-08-03T00:00:00Z,99524,101364,101446,99321,99443,1921,1.93,104086,84188735,1.40,1.11,0.00,0,61065,43021,5393924000,5196351000,-673535,626796,0,626796,8442388,9742719,-1300331,22793324,26934594,-4141270,51187169,46372365,4814804,-0.80,0.74,-1.54,-4.92,5.72,0,3,3,0,0,0,0,46.93,0.00,0.00,0.00,,0.00,,0.00,EastMoney,2026-08-03T17:50:26+08:00
BK1514,2026-08-03T00:00:00Z,60073,61357,61528,60073,59875,1482,2.48,999602,302337274,2.66,1.11,0.00,0,573868,425734,11296826000,11230042000,-9231748,6591850,21347298,-14755448,55376808,49853108,5523700,85720626,96080087,-10359461,147189005,127597796,19591209,-3.05,-4.88,1.83,-3.43,6.48,0,4,4,0,0,0,0,-7.05,0.00,0.00,0.00,,0.00,,0.00,EastMoney,2026-08-03T17:50:26+08:00
BK1515,2026-08-03T00:00:00Z,89839,91207,91699,89620,89875,1332,1.48,283827,311331848,0.90,0.96,0.00,0,152451,131376,33657981000,33657981000,-13207105,7190272,15783543,-8593271,60327390,64941224,-4613834,96862622,94560666,2301956,143917220,133012070,10905150,-4.24,-2.76,-1.48,0.74,3.50,0,2,2,0,0,0,0,19.97,0.00,0.00,0.00,,0.00,,0.00,EastMoney,2026-08-03T17:50:26+08:00
BK1516,2026-08-03T00:00:00Z,84446,87824,88140,84446,83776,4048,4.83,2443247,1318497224,3.13,1.49,0.00,0,1388939,1054309,38986895000,38986895000,33458803,131024928,120361933,10662995,322442096,299646288,22795808,414588096,411337408,3250688,430304688,467014176,-36709488,2.54,0.81,1.73,0.25,-2.78,0,5,5,0,0,0,0,-203.72,0.00,0.00,0.00,,0.00,,0.00,EastMoney,2026-08-03T17:50:26+08:00
BK1517,2026-08-03T00:00:00Z,120812,124044,124160,120223,120457,3587,2.98,362473,321774633,2.84,0.93,0.00,0,213504,148969,11640754000,10506468000,-12760635,4607490,5511506,-904016,30065756,41922375,-11856619,87605856,87542616,63240,193731392,181033997,12697395,-3.97,-0.28,-3.68,0.02,3.95,0,4,4,0,0,0,0,13.05,0.00,0.00,0.00,,0.00,,0.00,EastMoney,2026-08-03T17:50:26+08:00
BK1518,2026-08-03T00:00:00Z,353103,360038,361442,352004,352910,7128,2.02,2228732,1307232572,3.31,1.31,0.00,0,1221404,1007328,50323631000,45750342000,69285663,51081368,43614615,7466753,303847680,242028770,61818910,436778560,438271712,-1493152,445780864,513968304,-68187440,5.30,0.57,4.73,-0.11,-5.22,0,10,9,1,0,0,0,188.19,0.00,0.00,0.00,,0.00,,0.00,EastMoney,2026-08-03T17:50:26+08:00
BK1519,2026-08-03T00:00:00Z,510044,501508,512819,500736,509655,-8147,-1.60,2124707,6503237287,1.92,0.82,0.00,0,951491,1173216,1004765200000,459827792000,-371737216,840130048,1075409312,-235279264,1559840240,1696298192,-136457952,2117295984,1988168608,129127376,1881832256,1639222416,242609840,-5.72,-3.62,-2.10,1.99,3.73,0,3,0,3,0,0,0,34.61,0.00,0.00,0.00,,0.00,,0.00,EastMoney,2026-08-03T17:50:26+08:00
BK1520,2026-08-03T00:00:00Z,262338,261689,263976,260509,262992,-1303,-0.50,2404245,1929221385,0.66,0.79,0.00,0,1106073,1298173,412644144000,350073504000,-101906261,132396779,198204480,-65807701,341340592,377439152,-36098560,567993968,582620816,-14626848,850266496,733733376,116533120,-5.28,-3.41,-1.87,-0.76,6.04,0,6,2,4,0,0,0,30.83,0.00,0.00,0.00,,0.00,,0.00,EastMoney,2026-08-03T17:50:26+08:00
BK1521,2026-08-03T00:00:00Z,353234,357125,358220,350207,352894,4231,1.20,670280,1625592697,0.85,0.80,0.00,0,372185,298095,163636818000,144325555000,6590476,57487289,53878477,3608812,288725888,285744224,2981664,534051616,572752240,-38700624,714730352,686000896,28729456,0.41,0.22,0.18,-2.38,1.77,0,9,7,2,0,0,0,31.43,0.00,0.00,0.00,,0.00,,0.00,EastMoney,2026-08-03T17:50:26+08:00
BK1522,2026-08-03T00:00:00Z,181953,184206,184439,180702,176489,7717,4.37,458071,905260471,1.50,0.95,0.00,0,223258,234813,76407244000,57773028000,-29442265,39229392,25888666,13340726,175476640,218259631,-42782991,328328784,297817504,30511280,341073040,342142064,-1069024,-3.25,1.47,-4.73,3.37,-0.12,0,11,9,1,1,0,0,21.32,0.00,0.00,0.00,,0.00,,0.00,EastMoney,2026-08-03T17:50:26+08:00
BK1523,2026-08-03T00:00:00Z,133748,135052,135252,133191,133324,1728,1.30,362409,137912205,0.75,0.83,0.00,0,209698,152711,18864987000,17952090000,-5171613,1102066,11172466,-10070400,18052047,13153260,4898787,35379123,38725784,-3346661,77638489,69694114,7944375,-3.75,-7.30,3.55,-2.43,5.76,0,6,5,1,0,0,0,89.54,0.00,0.00,0.00,,0.00,,0.00,EastMoney,2026-08-03T17:50:26+08:00
BK1524,2026-08-03T00:00:00Z,104020,103623,104791,102914,104447,-824,-0.79,500203,402900980,2.14,0.73,0.00,0,234206,265997,14176371000,14063884000,-35166509,5217706,16533218,-11315512,56475723,80326720,-23850997,119861668,124738268,-4876600,214439455,174396345,40043110,-8.73,-2.81,-5.92,-1.21,9.94,0,3,2,1,0,0,0,759.89,0.00,0.00,0.00,,0.00,,0.00,EastMoney,2026-08-03T17:50:26+08:00
BK1525,2026-08-03T00:00:00Z,465521,468658,469915,464694,466587,2071,0.44,3256342,5613239260,1.39,0.94,0.00,0,1704372,1551970,472593136000,394142928000,-44445696,290765744,338962928,-48197184,1023392368,1019640880,3751488,1714704336,1790982176,-76277840,2349553392,2256386128,93167264,-0.79,-0.86,0.07,-1.36,1.66,0,43,26,15,2,0,0,18.09,0.00,0.00,0.00,,0.00,,0.00,EastMoney,2026-08-03T17:50:26+08:00
BK1526,2026-08-03T00:00:00Z,384910,391322,391352,384714,384647,6675,1.74,14116506,20975330368,2.25,1.03,0.00,0,7498743,6617764,1035237392000,849225008000,-27413168,1284331584,1306898928,-22567344,4286035184,4290881008,-4845824,6732002816,7012048896,-280046080,8173661696,7883781888,289879808,-0.13,-0.11,-0.02,-1.34,1.38,0,115,90,23,2,0,0,29.82,0.00,0.00,0.00,,0.00,,0.00,EastMoney,2026-08-03T17:50:26+08:00
BK1527,2026-08-03T00:00:00Z,268506,273960,273960,268300,268096,5864,2.19,2696294,2767417459,1.54,1.14,0.00,0,1472968,1223326,244162227000,198783342000,27539062,138002862,145764728,-7761866,566852960,531552032,35300928,889268448,901882064,-12613616,1132670512,1147595936,-14925424,1.00,-0.28,1.28,-0.46,-0.54,0,21,20,1,0,0,0,17.23,0.00,0.00,0.00,,0.00,,0.00,EastMoney,2026-08-03T17:50:26+08:00
BK1528,2026-08-03T00:00:00Z,430032,436841,436841,429683,429612,7229,1.68,3686835,6758537919,2.11,1.03,0.00,0,1908525,1778310,300167248000,246657419000,59351936,331005968,386869360,-55863392,1269439712,1154224384,115215328,2148140624,2129420624,18720000,2862576448,2949133264,-86556816,0.88,-0.83,1.70,0.28,-1.28,0,56,44,12,0,0,0,43.17,0.00,0.00,0.00,,0.00,,0.00,EastMoney,2026-08-03T17:50:26+08:00
BK1529,2026-08-03T00:00:00Z,336705,340447,341136,336073,336525,3922,1.17,4449834,6554435239,1.95,0.94,0.00,0,2308589,2141245,431543328000,315185792000,-6442320,304739984,286404992,18334992,1211315248,1236092560,-24777312,2076106352,2144779088,-68672736,2855834592,2784130896,71703696,-0.10,0.28,-0.38,-1.05,1.09,0,42,35,7,0,0,0,33.33,0.00,0.00,0.00,,0.00,,0.00,EastMoney,2026-08-03T17:50:26+08:00
BK1530,2026-08-03T00:00:00Z,197685,198093,199243,196457,198500,-407,-0.21,3303189,4457963065,1.50,0.92,0.00,0,1555373,1747816,189710712000,180665847000,-83852624,544125776,645186352,-101060576,1038600576,1021392624,17207952,1269263344,1305006208,-35742864,1525941760,1406346288,119595472,-1.88,-2.27,0.39,-0.80,2.68,0,9,5,4,0,0,0,51.80,0.00,0.00,0.00,,0.00,,0.00,EastMoney,2026-08-03T17:50:26+08:00
BK1531,2026-08-03T00:00:00Z,336242,339090,340064,333726,336675,2415,0.72,940933,1162436560,1.83,0.85,0.00,0,457448,483486,91715330000,91698281000,60762414,19077466,32243716,-13166250,268108247,194179583,73928664,356618736,402861040,-46242304,482419552,496939664,-14520112,5.23,-1.13,6.36,-3.98,-1.25,0,5,4,1,0,0,0,15.26,0.00,0.00,0.00,,0.00,,0.00,EastMoney,2026-08-03T17:50:26+08:00
BK1532,2026-08-03T00:00:00Z,281883,278727,282391,275360,282180,-3453,-1.22,2149570,2333747029,2.87,1.03,0.00,0,1069796,1079774,51899542000,48641733000,-1586903,156291150,151141077,5150073,408618912,415355888,-6736976,685935184,714860160,-28924976,1039884768,1009372896,30511872,-0.07,0.22,-0.29,-1.24,1.31,0,7,3,4,0,0,0,36.69,0.00,0.00,0.00,,0.00,,0.00,EastMoney,2026-08-03T17:50:26+08:00
BK1533,2026-08-03T00:00:00Z,371197,373709,373892,368816,368597,5112,1.39,1039109,1226095244,2.42,1.03,0.00,0,534207,504902,39921332000,36009655000,63573308,48914614,23062218,25852396,175957792,138236880,37720912,367976000,420284592,-52308592,582040464,600804352,-18763888,5.19,2.11,3.08,-4.27,-1.53,0,9,6,3,0,0,0,27.03,0.00,0.00,0.00,,0.00,,0.00,EastMoney,2026-08-03T17:50:26+08:00
BK1534,2026-08-03T00:00:00Z,364240,367204,367204,363010,363349,3855,1.06,171106,140680770,1.73,0.87,0.00,0,94663,76443,13481369000,8189443000,4960403,4267085,2716826,1550259,22645959,19235815,3410144,43979240,51383574,-7404334,63821461,62218012,1603449,3.53,1.10,2.42,-5.26,1.14,0,4,4,0,0,0,0,42.99,0.00,0.00,0.00,,0.00,,0.00,EastMoney,2026-08-03T17:50:26+08:00
BK1535,2026-08-03T00:00:00Z,178563,181873,181959,178324,178840,3033,1.70,2751352,1903720146,2.30,0.94,0.00,0,1413354,1337999,113116403000,88195865000,-16902958,45509249,69275551,-23766302,320488896,313625552,6863344,580216144,583473552,-3257408,891766928,878966288,12800640,-0.89,-1.25,0.36,-0.17,0.67,0,21,17,4,0,0,0,71.43,0.00,0.00,0.00,,0.00,,0.00,EastMoney,2026-08-03T17:50:26+08:00
BK1536,2026-08-03T00:00:00Z,123078,122796,123078,121242,121807,989,0.81,406558,278101397,1.87,0.87,0.00,0,180664,225894,15331716000,13952709000,-12225669,6626641,10760913,-4134272,36493007,44584404,-8091397,81569693,82786833,-1217140,132978350,126642081,6336269,-4.40,-1.49,-2.91,-0.44,2.28,0,6,3,3,0,0,0,-91.63,0.00,0.00,0.00,,0.00,,0.00,EastMoney,2026-08-03T17:50:26+08:00
BK1537,2026-08-03T00:00:00Z,229408,233522,233569,228691,228330,5192,2.27,1493783,1441325656,1.82,0.96,0.00,0,829981,663802,98491400000,87099828000,64672571,79071996,42823455,36248541,257095048,228671018,28424030,450148976,506439152,-56290176,629664288,639018704,-9354416,4.49,2.51,1.97,-3.91,-0.65,0,17,13,4,0,0,0,54.62,0.00,0.00,0.00,,0.00,,0.00,EastMoney,2026-08-03T17:50:26+08:00
BK1538,2026-08-03T00:00:00Z,136583,137207,137559,135740,135905,1302,0.96,838085,799404650,1.81,0.73,0.00,0,439560,398524,70344703000,48129679000,-13706571,6664642,18398518,-11733876,114636074,116608769,-1972695,260026564,245667677,14358887,401405376,402057696,-652320,-1.71,-1.47,-0.25,1.80,-0.08,0,12,8,3,1,0,0,53.37,0.00,0.00,0.00,,0.00,,0.00,EastMoney,2026-08-03T17:50:26+08:00
BK1539,2026-08-03T00:00:00Z,626937,635508,636128,621803,622929,12579,2.02,897321,960982240,1.88,0.91,0.00,0,470543,426778,68469414000,61438235000,13899891,17591736,18130694,-538958,132436492,117997643,14438849,274658064,288210160,-13552096,480779856,485275264,-4495408,1.45,-0.06,1.50,-1.41,-0.47,0,16,13,3,0,0,0,30.81,0.00,0.00,0.00,,0.00,,0.00,EastMoney,2026-08-03T17:50:26+08:00
BK1540,2026-08-03T00:00:00Z,593009,607416,607449,592753,592425,14991,2.53,1532862,1705066346,1.91,1.13,0.00,0,852404,680459,182784155000,153682374000,-39336610,41799327,35342151,6457176,265425510,311219296,-45793786,531146752,566770512,-35623760,837261152,762300784,74960368,-2.31,0.38,-2.69,-2.09,4.40,0,25,21,4,0,0,0,28.30,0.00,0.00,0.00,,0.00,,0.00,EastMoney,2026-08-03T17:50:26+08:00
BK1541,2026-08-03T00:00:00Z,60026,61104,61104,60026,59932,1172,1.96,376982,278694963,1.26,1.06,0.00,0,198867,178115,31466806000,26778797000,-5010747,190625,6006316,-5815691,31670030,30865086,804944,89368597,83575396,5793201,152635784,153418238,-782454,-1.80,-2.09,0.29,2.08,-0.28,0,7,6,0,1,0,0,66.50,0.00,0.00,0.00,,0.00,,0.00,EastMoney,2026-08-03T17:50:26+08:00
BK1542,2026-08-03T00:00:00Z,263529,267133,267642,263147,263542,3591,1.36,332105,375824568,1.39,0.84,0.00,0,185142,146963,38540529000,37116574000,3574925,21710878,13930769,7780109,51580228,55785412,-4205184,96567800,112698323,-16130523,200215746,187660148,12555598,0.95,2.07,-1.12,-4.29,3.34,0,5,5,0,0,0,0,21.63,0.00,0.00,0.00,,0.00,,0.00,EastMoney,2026-08-03T17:50:26+08:00
BK1543,2026-08-03T00:00:00Z,233463,239024,239024,233235,233342,5682,2.44,1358564,1438471936,2.55,0.77,0.00,0,732766,625797,65296862000,55190108000,-28098177,51318133,51553919,-235786,210413394,238275785,-27862391,468738560,464783120,3955440,678571648,654428912,24142736,-1.95,-0.02,-1.94,0.27,1.68,0,16,15,1,0,0,0,504.38,0.00,0.00,0.00,,0.00,,0.00,EastMoney,2026-08-03T17:50:26+08:00
BK1544,2026-08-03T00:00:00Z,191094,193741,193905,190825,191080,2661,1.39,2814941,1256230742,1.53,1.19,0.00,0,1636180,1178762,92151159000,86897980000,-6522790,87329036,71129686,16199350,226977863,249700003,-22722140,404287680,434352752,-30065072,509240592,472652736,36587856,-0.52,1.29,-1.81,-2.39,2.91,0,12,8,1,3,0,0,-16.38,0.00,0.00,0.00,,0.00,,0.00,EastMoney,2026-08-03T17:50:26+08:00
BK1545,2026-08-03T00:00:00Z,230365,238481,238700,229613,229590,8891,3.87,2731168,1758100796,3.30,1.24,0.00,0,1519615,1211554,69039638000,66265664000,53360661,131996714,90585125,41411589,334070032,322120960,11949072,530259120,564086992,-33827872,708979200,725840928,-16861728,3.04,2.36,0.68,-1.92,-0.96,0,13,13,0,0,0,0,32.77,0.00,0.00,0.00,,0.00,,0.00,EastMoney,2026-08-03T17:50:26+08:00
BK1546,2026-08-03T00:00:00Z,213700,211045,213806,210174,213680,-2635,-1.23,1099293,1379979314,3.23,0.78,0.00,0,551268,548024,37974135000,31636277000,-37518683,38594838,94223676,-55628838,250790296,232680141,18110155,416359984,454158336,-37798352,644125200,568808160,75317040,-2.72,-4.03,1.31,-2.74,5.46,0,8,3,5,0,0,0,481.34,0.00,0.00,0.00,,0.00,,0.00,EastMoney,2026-08-03T17:50:26+08:00
BK1547,2026-08-03T00:00:00Z,237037,239797,240337,236061,236745,3052,1.29,1684022,1786179784,4.88,0.68,0.00,0,823889,860132,51212094000,36019057000,79227763,206153174,139889395,66263779,355961472,342997488,12963984,490460416,554967792,-64507376,610826976,630623840,-19796864,4.44,3.71,0.73,-3.61,-1.11,0,8,5,3,0,0,0,39.24,0.00,0.00,0.00,,0.00,,0.00,EastMoney,2026-08-03T17:50:26+08:00
BK1548,2026-08-03T00:00:00Z,99356,101894,102333,99356,99952,1942,1.94,443511,267350854,0.44,1.22,0.00,0,246926,196584,25620102000,25606100000,3998294,21785147,15641562,6143585,78581416,80726707,-2145291,85868728,84839462,1029266,75013292,80040851,-5027559,1.50,2.30,-0.80,0.38,-1.88,0,2,2,0,0,0,0,18.36,0.00,0.00,0.00,,0.00,,0.00,EastMoney,2026-08-03T17:50:26+08:00
BK1549,2026-08-03T00:00:00Z,638428,642799,644698,632656,635719,7080,1.11,486112,1847155141,1.27,0.71,0.00,0,247778,238334,129686399000,122421535000,14103518,188988567,179380873,9607694,457598992,453103168,4495824,634050320,563171184,70879136,538922304,623904960,-84982656,0.76,0.52,0.24,3.84,-4.60,0,2,1,1,0,0,0,40.61,0.00,0.00,0.00,,0.00,,0.00,EastMoney,2026-08-03T17:50:26+08:00
BK1550,2026-08-03T00:00:00Z,942752,960043,961495,941110,942914,17129,1.82,1746100,1118191603,0.95,0.88,0.00,0,989035,757065,142115025000,141438834000,-41696729,48915396,55237205,-6321809,188795217,224170137,-35374920,327752848,350148384,-22395536,535260256,471167984,64092272,-3.73,-0.57,-3.16,-2.00,5.73,0,14,12,2,0,0,0,20.09,0.00,0.00,0.00,,0.00,,0.00,EastMoney,2026-08-03T17:50:26+08:00
BK1551,2026-08-03T00:00:00Z,180731,183498,183614,179849,181180,2318,1.28,5167317,2485853278,1.76,0.85,0.00,0,2681039,2486278,113307706000,108693685000,6869658,123076481,109563895,13512586,451252528,457895456,-6642928,778297632,804580336,-26282704,1053922352,1034509296,19413056,0.28,0.54,-0.27,-1.06,0.78,0,19,16,3,0,0,0,-45.34,0.00,0.00,0.00,,0.00,,0.00,EastMoney,2026-08-03T17:50:26+08:00
BK1552,2026-08-03T00:00:00Z,166764,166709,167891,164122,166205,504,0.30,3196774,1604853582,2.19,0.63,0.00,0,1436860,1759914,68446989000,65374438000,-75770525,56801443,84509801,-27708358,248015657,296077824,-48062167,459388224,534120272,-74732048,800055824,649553248,150502576,-4.72,-1.73,-2.99,-4.66,9.38,0,7,5,2,0,0,0,-28.72,0.00,0.00,0.00,,0.00,,0.00,EastMoney,2026-08-03T17:50:26+08:00
BK1553,2026-08-03T00:00:00Z,136725,138993,139044,136563,136541,2452,1.80,1633228,1010167877,1.49,0.79,0.00,0,890763,742465,65069637000,59036058000,-16265268,29236183,28823396,412787,138856792,155534847,-16678055,271391856,337297024,-65905168,553841632,471671200,82170432,-1.61,0.04,-1.65,-6.52,8.13,0,16,15,1,0,0,0,24.04,0.00,0.00,0.00,,0.00,,0.00,EastMoney,2026-08-03T17:50:26+08:00
BK1554,2026-08-03T00:00:00Z,166347,169634,169703,166347,165829,3805,2.29,4104860,2787633849,1.34,0.87,0.00,0,2223498,1881361,189455221000,178513455000,-120528831,217843695,217442654,401041,538872192,659802064,-120929872,832046064,870721504,-38675440,1137413616,978209360,159204256,-4.32,0.01,-4.34,-1.39,5.71,0,18,14,4,0,0,0,-8.14,0.00,0.00,0.00,,0.00,,0.00,EastMoney,2026-08-03T17:50:26+08:00
BK1555,2026-08-03T00:00:00Z,130580,132166,132258,130103,131034,1132,0.86,793858,825079478,1.66,0.74,0.00,0,414395,379463,46636236000,44860665000,-15943383,15719620,36389478,-20669858,146678795,141952320,4726475,248135174,274325728,-26190554,393538448,351404512,42133936,-1.93,-2.51,0.57,-3.17,5.11,0,7,5,2,0,0,0,96.70,0.00,0.00,0.00,,0.00,,0.00,EastMoney,2026-08-03T17:50:26+08:00
BK1556,2026-08-03T00:00:00Z,74906,76119,76233,74034,75076,1043,1.39,759116,205367319,2.75,0.82,0.00,0,417321,341796,9001340000,8092756000,-7713401,0,5019178,-5019178,49308556,52002779,-2694223,65430440,75110875,-9680435,85024611,67630775,17393836,-3.76,-2.44,-1.31,-4.71,8.47,0,2,2,0,0,0,0,-240.26,0.00,0.00,0.00,,0.00,,0.00,EastMoney,2026-08-03T17:50:26+08:00
BK1557,2026-08-03T00:00:00Z,475574,480223,483764,471867,474150,6073,1.28,3723293,2597286862,3.91,0.81,0.00,0,1618533,2104760,60952175000,57672443000,7470154,169177161,144201919,24975242,537996608,555501696,-17505088,802696704,883326864,-80630160,991834336,918674336,73160000,0.29,0.96,-0.67,-3.10,2.82,0,12,7,5,0,0,0,-309.31,0.00,0.00,0.00,,0.00,,0.00,EastMoney,2026-08-03T17:50:26+08:00
BK1558,2026-08-03T00:00:00Z,196585,195187,197001,190106,193172,2015,1.04,685945,351625042,4.27,1.64,0.00,0,348448,337496,9921397000,9921384000,8856735,18422143,16965263,1456880,79940597,72540742,7399855,102743653,90661174,12082479,141368981,162308196,-20939215,2.52,0.41,2.10,3.44,-5.95,0,2,1,1,0,0,0,201.43,0.00,0.00,0.00,,0.00,,0.00,EastMoney,2026-08-03T17:50:26+08:00
BK1559,2026-08-03T00:00:00Z,135423,137879,137879,134300,135588,2291,1.69,440295,278232882,2.33,0.89,0.00,0,234910,205385,11576983000,11068101000,-10603362,7653162,9078028,-1424866,31481378,40659874,-9178496,82814036,89192985,-6378949,148939028,131956717,16982311,-3.81,-0.51,-3.30,-2.29,6.10,0,4,3,1,0,0,0,-92.49,0.00,0.00,0.00,,0.00,,0.00,EastMoney,2026-08-03T17:50:26+08:00
BK1560,2026-08-03T00:00:00Z,226336,227364,228025,223441,228656,-1292,-0.57,1778038,1209593844,4.72,1.36,0.00,0,898075,879963,45211720000,43347719000,-45511363,25331852,54997784,-29665932,204636041,220481472,-15845431,360138080,335799856,24338224,571313728,550140592,21173136,-3.76,-2.45,-1.31,2.01,1.75,0,6,4,2,0,0,0,25.88,0.00,0.00,0.00,,0.00,,0.00,EastMoney,2026-08-03T17:50:26+08:00
BK1561,2026-08-03T00:00:00Z,158716,160430,160559,157915,158674,1756,1.11,1002241,601577417,1.82,0.71,0.00,0,525423,476818,38199616000,31039235000,-26417940,17722974,22669098,-4946124,89337308,110809124,-21471816,184332495,180088266,4244229,300013040,277839328,22173712,-4.39,-0.82,-3.57,0.71,3.69,0,9,9,0,0,0,0,167.54,0.00,0.00,0.00,,0.00,,0.00,EastMoney,2026-08-03T17:50:26+08:00
BK1562,2026-08-03T00:00:00Z,268461,273330,273694,267818,268738,4592,1.71,598370,590030610,1.28,0.79,0.00,0,316914,281455,33372723000,32995571000,6090628,25291649,27909750,-2618101,105817948,97109219,8708729,176808409,203129160,-26320751,271114144,250884016,20230128,1.03,-0.44,1.48,-4.46,3.43,0,5,5,0,0,0,0,77.71,0.00,0.00,0.00,,0.00,,0.00,EastMoney,2026-08-03T17:50:26+08:00
BK1563,2026-08-03T00:00:00Z,285218,288932,289244,284542,285129,3803,1.33,845713,1074265272,1.89,0.98,0.00,0,448758,396955,58983359000,51903854000,7104581,28843656,25576900,3266756,194805811,190967986,3837825,355657024,364012288,-8355264,476701168,475450480,1250688,0.66,0.30,0.36,-0.78,0.12,0,13,10,2,1,0,0,44.64,0.00,0.00,0.00,,0.00,,0.00,EastMoney,2026-08-03T17:50:26+08:00
BK1564,2026-08-03T00:00:00Z,82504,85715,86130,81905,82421,3294,4.00,718136,531776658,3.36,0.93,0.00,0,414820,303316,16491526000,16037610000,-16844867,26921308,47086817,-20165509,111991486,108670844,3320642,162390682,178197161,-15806479,224505446,191854098,32651348,-3.17,-3.79,0.62,-2.97,6.14,0,3,3,0,0,0,0,-30.74,0.00,0.00,0.00,,0.00,,0.00,EastMoney,2026-08-03T17:50:26+08:00
BK1565,2026-08-03T00:00:00Z,120663,117414,121614,116896,123284,-5870,-4.76,547943,784590520,5.44,0.95,0.00,0,233876,314068,14571293000,10902358000,-63059663,25701273,72756822,-47055549,153595627,169599741,-16004114,285937952,272215968,13721984,287682320,238344644,49337676,-8.04,-6.00,-2.04,1.75,6.29,0,3,1,2,0,0,0,30.65,0.00,0.00,0.00,,0.00,,0.00,EastMoney,2026-08-03T17:50:26+08:00
BK1566,2026-08-03T00:00:00Z,741151,739335,741305,735158,738416,919,0.12,1722607,2746147348,2.03,0.89,0.00,0,870618,851989,145858056000,115087419000,-5001391,169465248,184213871,-14748623,546772384,537025152,9747232,843759584,865021424,-21261840,1113777728,1091933264,21844464,-0.18,-0.54,0.35,-0.77,0.80,0,23,15,8,0,0,0,34.07,0.00,0.00,0.00,,0.00,,0.00,EastMoney,2026-08-03T17:50:26+08:00
BK1567,2026-08-03T00:00:00Z,95337,96808,96939,94903,95704,1104,1.15,65560,163328156,1.18,1.05,0.00,0,34001,31559,12822372000,9933842000,4068778,4899594,6232200,-1332606,20415894,15014510,5401384,51081655,45350683,5730972,79384102,91006934,-11622832,2.49,-0.82,3.31,3.51,-7.12,0,4,3,1,0,0,0,53.28,0.00,0.00,0.00,,0.00,,0.00,EastMoney,2026-08-03T17:50:26+08:00
BK1568,2026-08-03T00:00:00Z,190749,192730,195098,190749,190568,2162,1.13,223492,247955749,0.74,0.70,0.00,0,115888,107604,22381507000,22339157000,-2843683,4960134,2599015,2361119,31287349,36492151,-5204802,77673202,87394943,-9721741,130308521,117743096,12565425,-1.15,0.95,-2.10,-3.92,5.07,0,3,3,0,0,0,0,11.99,0.00,0.00,0.00,,0.00,,0.00,EastMoney,2026-08-03T17:50:26+08:00
BK1569,2026-08-03T00:00:00Z,339129,344336,347691,336009,341114,3222,0.94,6660639,5945433810,0.23,0.93,0.00,0,3344214,3316424,3089836912000,2700832608000,31544256,616413872,590257680,26156192,1363521888,1358133824,5388064,1792849680,1869868944,-77019264,2077479360,2032004384,45474976,0.53,0.44,0.09,-1.30,0.76,0,10,7,2,1,0,0,14.94,0.00,0.00,0.00,,0.00,,0.00,EastMoney,2026-08-03T17:50:26+08:00
BK1570,2026-08-03T00:00:00Z,262434,270498,270622,261511,261672,8826,3.37,2160600,1861368104,1.74,1.01,0.00,0,1208518,952082,113042072000,108856164000,5923297,127141595,107329562,19812033,375804992,389693728,-13888736,570023904,586034176,-16010272,771442144,761355168,10086976,0.32,1.06,-0.75,-0.86,0.54,0,14,14,0,0,0,0,163.84,0.00,0.00,0.00,,0.00,,0.00,EastMoney,2026-08-03T17:50:26+08:00
BK1571,2026-08-03T00:00:00Z,282935,290370,290674,282148,284034,6336,2.23,763493,656127771,3.21,1.23,0.00,0,423324,340168,26254738000,25068319000,-4702045,22421256,28840497,-6419241,112291403,110574207,1717196,200074457,216303083,-16228626,311703968,290773296,20930672,-0.72,-0.98,0.26,-2.47,3.19,0,6,4,2,0,0,0,31.51,0.00,0.00,0.00,,0.00,,0.00,EastMoney,2026-08-03T17:50:26+08:00
BK1572,2026-08-03T00:00:00Z,172582,173909,174525,170443,176480,-2571,-1.46,2633220,2528204319,2.12,0.76,0.00,0,1265861,1367360,68688450000,65871376000,-28735590,140233086,180207572,-39974486,587903376,576664480,11238896,853582480,895468032,-41885552,863189136,792568000,70621136,-1.14,-1.58,0.44,-1.66,2.79,0,6,2,4,0,0,0,34.39,0.00,0.00,0.00,,0.00,,0.00,EastMoney,2026-08-03T17:50:26+08:00
BK1573,2026-08-03T00:00:00Z,166626,166626,167786,162544,167723,-1097,-0.65,2857717,2404175658,1.02,0.91,0.00,0,1527258,1330459,163336439000,125270167000,-132735799,142012709,198527820,-56515111,508187040,584407728,-76220688,715467600,715588128,-120528,815718816,715953744,99765072,-5.52,-2.35,-3.17,-0.01,4.15,0,8,5,3,0,0,0,18.88,0.00,0.00,0.00,,0.00,,0.00,EastMoney,2026-08-03T17:50:26+08:00
BK1574,2026-08-03T00:00:00Z,333305,338438,341190,332865,338179,259,0.08,2190324,2265994731,1.33,0.67,0.00,0,1075000,1115324,1577366832000,156812802000,-65433567,229617811,230474306,-856495,455363424,519940496,-64577072,708579776,698048432,10531344,825769680,770867456,54902224,-2.89,-0.04,-2.85,0.46,2.42,0,5,3,2,0,0,0,12.48,0.00,0.00,0.00,,0.00,,0.00,EastMoney,2026-08-03T17:50:26+08:00
BK1575,2026-08-03T00:00:00Z,445892,444901,448714,442182,448841,-3940,-0.88,2198917,12963912264,1.25,0.72,0.00,0,1043924,1154993,2560654544000,2555751056000,-158848752,1607422112,1850591888,-243169776,3324452464,3240131440,84321024,4765271296,4682671616,82599680,2950636912,2874387872,76249040,-1.23,-1.88,0.65,0.64,0.59,0,20,5,13,2,0,0,20.37,0.00,0.00,0.00,,0.00,,0.00,EastMoney,2026-08-03T17:50:26+08:00
BK1576,2026-08-03T00:00:00Z,472806,474434,479662,470922,473466,968,0.20,3804998,5079824475,2.33,1.15,0.00,0,1953336,1851663,362997840000,349483712000,58516144,420094544,380358560,39735984,915659056,896878896,18780160,1507269648,1557544432,-50274784,2146200688,2159375744,-13175056,1.15,0.78,0.37,-0.99,-0.26,0,15,7,8,0,0,0,29.37,0.00,0.00,0.00,,0.00,,0.00,EastMoney,2026-08-03T17:50:26+08:00
BK1577,2026-08-03T00:00:00Z,243530,245709,247200,242539,242618,3091,1.27,682850,1326206228,1.03,1.01,0.00,0,361753,321097,162747762000,121913930000,-54586821,43487438,54012720,-10525282,201437099,245498638,-44061539,420811856,455839760,-35027904,638573760,548959040,89614720,-4.12,-0.79,-3.32,-2.64,6.76,0,7,6,1,0,0,0,18.73,0.00,0.00,0.00,,0.00,,0.00,EastMoney,2026-08-03T17:50:26+08:00
BK1578,2026-08-03T00:00:00Z,146487,147353,147392,145546,145773,1580,1.08,894807,943328981,1.46,0.99,0.00,0,440797,454010,61904023000,54047210000,-6805092,33680106,29602321,4077785,169664807,180547684,-10882877,260551417,309570240,-49018823,449273888,393449968,55823920,-0.72,0.43,-1.15,-5.20,5.92,0,11,6,5,0,0,0,68.31,0.00,0.00,0.00,,0.00,,0.00,EastMoney,2026-08-03T17:50:26+08:00
BK1579,2026-08-03T00:00:00Z,333028,336614,337059,331862,332360,4254,1.28,957392,461406083,2.03,0.77,0.00,0,435664,521728,50251242000,37746151000,-25448715,16879277,29182089,-12302812,104092735,117238638,-13145903,146046154,142626324,3419830,176115171,156175314,19939857,-5.52,-2.67,-2.85,0.74,4.32,0,9,6,2,1,0,0,727.96,0.00,0.00,0.00,,0.00,,0.00,EastMoney,2026-08-03T17:50:26+08:00
BK1580,2026-08-03T00:00:00Z,245348,248652,249843,245134,245035,3617,1.48,2214053,1366940010,2.50,0.83,0.00,0,1103912,1110141,118244410000,117422234000,-38214639,34236541,58149132,-23912591,271958816,286260864,-14302048,435320256,446710944,-11390688,603467600,553862256,49605344,-2.80,-1.75,-1.05,-0.83,3.63,0,7,6,1,0,0,0,29.00,0.00,0.00,0.00,,0.00,,0.00,EastMoney,2026-08-03T17:50:26+08:00
BK1581,2026-08-03T00:00:00Z,609100,609226,610778,602088,610331,-1105,-0.18,1252005,1390276685,4.38,1.43,0.00,0,594009,657996,63828493000,55820469000,-14982007,44054161,52398576,-8344415,206797636,213435228,-6637592,482613168,434016496,48596672,614325664,654295536,-39969872,-1.08,-0.60,-0.48,3.50,-2.87,0,11,5,6,0,0,0,23.65,0.00,0.00,0.00,,0.00,,0.00,EastMoney,2026-08-03T17:50:26+08:00
BK1582,2026-08-03T00:00:00Z,68295,69121,69245,68235,68486,635,0.93,492538,540768960,1.29,0.89,0.00,0,258850,233689,38473234000,36966363000,-3389423,12139049,18410198,-6271149,65604794,62723068,2881726,149029062,155655504,-6626442,301490240,291474368,10015872,-0.63,-1.16,0.53,-1.23,1.85,0,9,7,2,0,0,0,29.11,0.00,0.00,0.00,,0.00,,0.00,EastMoney,2026-08-03T17:50:26+08:00
BK1583,2026-08-03T00:00:00Z,189894,190311,191570,188525,189978,333,0.18,1002003,2192636373,2.63,0.78,0.00,0,476037,525967,102176674000,90643574000,30217928,162456319,163094695,-638376,415628976,384772672,30856304,766360272,820564256,-54203984,819755648,795769616,23986032,1.38,-0.03,1.41,-2.47,1.09,0,11,7,4,0,0,0,18.58,0.00,0.00,0.00,,0.00,,0.00,EastMoney,2026-08-03T17:50:26+08:00
BK1584,2026-08-03T00:00:00Z,202359,209755,209999,201798,201968,7787,3.86,276316,324256419,1.81,1.26,0.00,0,110324,165993,21986002000,21399624000,45597682,55573565,10721133,44852432,72260076,71514826,745250,90695710,94561324,-3865614,100733304,142465373,-41732069,14.06,13.83,0.23,-1.19,-12.87,0,3,2,0,1,0,0,149.17,0.00,0.00,0.00,,0.00,,0.00,EastMoney,2026-08-03T17:50:26+08:00
BK1585,2026-08-03T00:00:00Z,211708,213669,213669,208865,212726,943,0.44,3522331,4558208173,2.31,0.93,0.00,0,1775970,1746361,259154640000,254527998000,-126137490,185279949,253975631,-68695682,830278400,887720208,-57441808,1412968128,1492754304,-79786176,1948495872,1759493600,189002272,-2.77,-1.51,-1.26,-1.75,4.15,0,19,13,6,0,0,0,20.72,0.00,0.00,0.00,,0.00,,0.00,EastMoney,2026-08-03T17:50:26+08:00
BK1586,2026-08-03T00:00:00Z,186049,188408,188742,184984,187086,1322,0.71,1179556,3081783458,1.82,0.92,0.00,0,589029,590527,184948951000,176611885000,37109792,308222944,288244112,19978832,677151648,660020688,17130960,985925632,920365984,65559648,1055423792,1158093232,-102669440,1.20,0.65,0.56,2.13,-3.33,0,8,4,4,0,0,0,23.72,0.00,0.00,0.00,,0.00,,0.00,EastMoney,2026-08-03T17:50:26+08:00
BK1587,2026-08-03T00:00:00Z,103038,104981,105284,102893,103118,1863,1.81,3918421,3566149904,0.36,1.10,0.00,0,2399529,1518892,2879089168000,731378032000,-51725504,473901760,456776768,17124992,831598416,900448912,-68850496,1110516320,1060964976,49551344,1093778480,1091604336,2174144,-1.45,0.48,-1.93,1.39,0.06,0,3,3,0,0,0,0,16.34,0.00,0.00,0.00,,0.00,,0.00,EastMoney,2026-08-03T17:50:26+08:00
BK1588,2026-08-03T00:00:00Z,250553,258267,258319,250465,250646,7621,3.04,3275172,3513960070,4.25,0.98,0.00,0,1691441,1583730,86598823000,77121614000,-120914658,154331895,198765177,-44433282,646116816,722598192,-76481376,1105533936,1109071296,-3537360,1503929792,1383456128,120473664,-3.44,-1.26,-2.18,-0.10,3.43,0,19,16,3,0,0,0,-49.83,0.00,0.00,0.00,,0.00,,0.00,EastMoney,2026-08-03T17:50:26+08:00
BK1589,2026-08-03T00:00:00Z,439107,446722,447765,438945,438297,8425,1.92,5248962,8394526707,3.65,0.88,0.00,0,2511280,2737683,240436282000,229909010000,-116024112,675969248,678269024,-2299776,1918815904,2032540240,-113724336,2809309072,2779654944,29654128,2816898832,2730528848,86369984,-1.38,-0.03,-1.35,0.35,1.03,0,17,11,6,0,0,0,60.71,0.00,0.00,0.00,,0.00,,0.00,EastMoney,2026-08-03T17:50:26+08:00
BK1590,2026-08-03T00:00:00Z,483412,492177,492253,482675,483177,9000,1.86,819033,1290259256,2.00,0.84,0.00,0,447990,371043,75375709000,61568787000,30503272,47685153,45647600,2037553,251589176,223123457,28465719,392773680,409311904,-16538224,572907264,588395088,-15487824,2.36,0.16,2.21,-1.28,-1.20,0,14,13,1,0,0,0,84.99,0.00,0.00,0.00,,0.00,,0.00,EastMoney,2026-08-03T17:50:26+08:00
BK1591,2026-08-03T00:00:00Z,1167511,1195754,1206481,1166824,1174846,20908,1.78,7955968,90029890434,3.48,0.85,0.00,0,4073143,3882825,2723220192000,2499047408000,1728042496,19207873536,17913205760,1294667776,24409689856,23976315136,433374720,28407329536,29040292096,-632962560,16226318848,17262806016,-1036487168,1.92,1.44,0.48,-0.70,-1.15,0,37,26,11,0,0,0,76.94,0.00,0.00,0.00,,0.00,,0.00,EastMoney,2026-08-03T17:50:26+08:00
BK1592,2026-08-03T00:00:00Z,1894112,1924465,1938987,1887915,1909795,14670,0.77,6621255,22655670670,6.07,0.80,0.00,0,3192066,3429189,561078256000,428608832000,-577016304,2774815952,3087562688,-312746736,4994052096,5258321664,-264269568,6951000320,7106716160,-155715840,7387656960,6653681152,733975808,-2.55,-1.38,-1.17,-0.69,3.24,0,13,7,6,0,0,0,74.89,0.00,0.00,0.00,,0.00,,0.00,EastMoney,2026-08-03T17:50:26+08:00
BK1593,2026-08-03T00:00:00Z,354333,358948,359538,354333,353901,5047,1.43,4165835,12133697262,3.90,0.80,0.00,0,2016436,2149399,361618208000,280317728000,92279440,1206610544,1052847872,153762672,2642156512,2703639744,-61483232,4148749104,4272157664,-123408560,3878164224,3853228720,24935504,0.76,1.27,-0.51,-1.02,0.21,0,27,21,6,0,0,0,63.46,0.00,0.00,0.00,,0.00,,0.00,EastMoney,2026-08-03T17:50:26+08:00
BK1594,2026-08-03T00:00:00Z,363923,364876,366627,362114,364059,817,0.22,17801335,25845590858,2.22,0.81,0.00,0,8716229,9085106,1953817808000,1395780224000,-1300171600,1636905360,2263129824,-626224464,5163202048,5837149184,-673947136,9233312768,8784400896,448911872,9265845248,8415934976,849910272,-5.03,-2.42,-2.61,1.74,3.29,0,113,78,35,0,0,0,50.84,0.00,0.00,0.00,,0.00,,0.00,EastMoney,2026-08-03T17:50:26+08:00
BK1595,2026-08-03T00:00:00Z,343580,348741,348762,343339,343609,5132,1.49,4335289,6415857700,1.99,0.78,0.00,0,2217488,2117801,320204864000,283403168000,81001742,308166960,256372642,51794318,1263480624,1234273200,29207424,2084759760,2088490352,-3730592,2592866864,2689853232,-96986368,1.26,0.81,0.46,-0.06,-1.51,0,46,34,12,0,0,0,62.66,0.00,0.00,0.00,,0.00,,0.00,EastMoney,2026-08-03T17:50:26+08:00
BK1596,2026-08-03T00:00:00Z,709574,704704,715887,701893,709438,-4734,-0.67,2146977,6371051316,1.38,0.73,0.00,0,1023404,1123573,586284800000,503715840000,-251585518,254053890,347981888,-93927998,1187917280,1345574800,-157657520,2460729104,2456787360,3941744,2340416848,2113137568,227279280,-3.95,-1.47,-2.47,0.06,3.57,0,39,18,20,1,0,0,79.66,0.00,0.00,0.00,,0.00,,0.00,EastMoney,2026-08-03T17:50:26+08:00
BK1597,2026-08-03T00:00:00Z,421171,429140,430811,421171,422938,6202,1.47,727450,558089106,0.66,0.78,0.00,0,432774,294677,86817216000,86572645000,18042438,31035107,27205123,3829984,117416860,103204406,14212454,160971374,194426560,-33455186,241584102,226171354,15412748,3.23,0.69,2.55,-5.99,2.76,0,6,6,0,0,0,0,31.07,0.00,0.00,0.00,,0.00,,0.00,EastMoney,2026-08-03T17:50:26+08:00
BK1598,2026-08-03T00:00:00Z,372504,381710,383265,372280,372893,8817,2.36,1316158,1689459860,1.41,0.87,0.00,0,681428,634730,163204132000,135982878000,-44518001,43432890,58666859,-15233969,336273008,365557040,-29284032,551387120,530936976,20450144,662011472,626304944,35706528,-2.64,-0.90,-1.73,1.21,2.11,0,13,10,1,2,0,0,-12.45,0.00,0.00,0.00,,0.00,,0.00,EastMoney,2026-08-03T17:50:26+08:00
BK1599,2026-08-03T00:00:00Z,387193,392827,392990,384697,385610,7217,1.87,397178,413564049,2.19,0.82,0.00,0,209067,188112,19712184000,19208040000,989384,8043500,2155597,5887903,49697315,54595834,-4898519,122665223,129270557,-6605334,211660160,211038842,621318,0.24,1.42,-1.18,-1.60,0.15,0,5,4,1,0,0,0,-54.67,0.00,0.00,0.00,,0.00,,0.00,EastMoney,2026-08-03T17:50:26+08:00
BK1600,2026-08-03T00:00:00Z,683304,680470,697277,677808,684203,-3733,-0.55,3279375,17235163224,2.96,0.75,0.00,0,1593865,1685509,769325888000,604203296000,165915504,2105469472,1923923664,181545808,4132788352,4148418656,-15630304,5845715712,5621623040,224092672,4783131392,5173139456,-390008064,0.96,1.05,-0.09,1.30,-2.26,0,29,15,14,0,0,0,29.41,0.00,0.00,0.00,,0.00,,0.00,EastMoney,2026-08-03T17:50:26+08:00
BK1601,2026-08-03T00:00:00Z,619124,623624,624158,615239,620682,2942,0.47,3457815,2985074265,1.45,0.66,0.00,0,1596208,1861607,194978170000,175894256000,-176956719,139335640,201813191,-62477551,564452496,678931664,-114479168,983115600,1009206496,-26090896,1228803360,1025755744,203047616,-5.93,-2.09,-3.84,-0.87,6.80,0,15,8,7,0,0,0,45.60,0.00,0.00,0.00,,0.00,,0.00,EastMoney,2026-08-03T17:50:26+08:00
BK1602,2026-08-03T00:00:00Z,528357,525738,531893,523566,531758,-6020,-1.13,652366,1113709149,3.16,1.06,0.00,0,292450,359916,46140301000,43235878000,-80651996,35726518,92770085,-57043567,197400066,221008495,-23608429,340310896,375776032,-35465136,514966816,398849680,116117136,-7.24,-5.12,-2.12,-3.18,10.43,0,5,1,4,0,0,0,-62.13,0.00,0.00,0.00,,0.00,,0.00,EastMoney,2026-08-03T17:50:26+08:00
BK1603,2026-08-03T00:00:00Z,315651,320149,320149,314923,315155,4994,1.58,2217207,5141250927,1.53,0.95,0.00,0,1194622,1022585,274777008000,261195812000,-156246496,387948224,584900256,-196952032,1039596224,998890688,40705536,1558194576,1561780944,-3586368,2033683456,1875644736,158038720,-3.04,-3.83,0.79,-0.07,3.07,0,40,34,5,1,0,0,98.80,0.00,0.00,0.00,,0.00,,0.00,EastMoney,2026-08-03T17:50:26+08:00
BK1604,2026-08-03T00:00:00Z,412731,417320,417396,412308,413206,4114,1.00,2794574,6080683122,1.77,0.86,0.00,0,1421492,1373082,415881440000,350038720000,-2370832,273023504,289374656,-16351152,1192588816,1178608496,13980320,2130409552,2171711984,-41302432,2339045136,2298072224,40972912,-0.04,-0.27,0.23,-0.68,0.67,0,55,37,18,0,0,0,43.67,0.00,0.00,0.00,,0.00,,0.00,EastMoney,2026-08-03T17:50:26+08:00
BK1605,2026-08-03T00:00:00Z,548540,550507,551787,547264,549805,702,0.13,2444251,6403987426,1.87,0.78,0.00,0,1250490,1193761,566586224000,514669792000,-53058880,271924448,352568128,-80643680,1181641920,1154057120,27584800,2222156960,2120050176,102106784,2597832720,2657041056,-59208336,-0.83,-1.26,0.43,1.59,-0.92,0,44,26,17,1,0,0,41.37,0.00,0.00,0.00,,0.00,,0.00,EastMoney,2026-08-03T17:50:26+08:00
BK1606,2026-08-03T00:00:00Z,345138,350383,351826,345138,346275,4108,1.19,646212,1001499230,1.48,0.96,0.00,0,359401,286811,81469505000,74728724000,-12224020,22666620,35861198,-13194578,125064653,124094095,970558,306224016,337116224,-30892208,534607904,491491680,43116224,-1.22,-1.32,0.10,-3.08,4.31,0,8,6,2,0,0,0,19.28,0.00,0.00,0.00,,0.00,,0.00,EastMoney,2026-08-03T17:50:26+08:00
BK1607,2026-08-03T00:00:00Z,198193,200623,200623,197914,198356,2267,1.14,2975276,2172184789,1.29,0.84,0.00,0,1644379,1330897,226308157000,192812546000,5196784,64968891,49556795,15412096,360130720,370346032,-10215312,696057552,737418704,-41361152,1004894448,968730064,36164384,0.24,0.71,-0.47,-1.90,1.66,0,24,20,3,1,0,0,16.15,0.00,0.00,0.00,,0.00,,0.00,EastMoney,2026-08-03T17:50:26+08:00
BK1608,2026-08-03T00:00:00Z,131491,132418,132675,131491,131443,975,0.74,9836202,10863632715,1.61,0.82,0.00,0,5033815,4802387,793038160000,761804880000,-199820352,531126400,624063280,-92936880,1979488416,2086371888,-106883472,3612268976,3657897760,-45628784,4526125056,4287492640,238632416,-1.84,-0.86,-0.98,-0.42,2.20,0,66,49,17,0,0,0,27.40,0.00,0.00,0.00,,0.00,,0.00,EastMoney,2026-08-03T17:50:26+08:00
BK1609,2026-08-03T00:00:00Z,162882,164873,165535,162854,163579,1294,0.79,10927690,8737992435,0.87,1.10,0.00,0,6022240,4905451,1296548912000,1256612800000,-347373344,949246976,957400176,-8153200,1958370560,2297590704,-339220144,2718407760,2618006352,100401408,3022689280,2775717328,246971952,-3.98,-0.09,-3.88,1.15,2.83,0,17,13,4,0,0,0,6.14,0.00,0.00,0.00,,0.00,,0.00,EastMoney,2026-08-03T17:50:26+08:00
BK1610,2026-08-03T00:00:00Z,242558,245477,245579,242326,243152,2325,0.96,13571211,12531072242,0.53,0.95,0.00,0,7782156,5789055,2952556528000,2556933664000,-59759760,2361323696,2268031472,93292224,3232437584,3385489568,-153051984,3674099024,3637941760,36157264,3019534160,2995931648,23602512,-0.48,0.74,-1.22,0.29,0.19,0,9,8,1,0,0,0,5.90,0.00,0.00,0.00,,0.00,,0.00,EastMoney,2026-08-03T17:50:26+08:00
BK1611,2026-08-03T00:00:00Z,322516,323144,325804,317761,325586,-2442,-0.75,19750756,14489763227,0.22,0.96,0.00,0,9973925,9776831,11182967808000,6278693632000,-83045440,3355373616,3395978208,-40604592,3600345072,3642785920,-42440848,4098027824,3713368576,384659248,3144687424,3446301232,-301613808,-0.57,-0.28,-0.29,2.65,-2.08,0,6,1,5,0,0,0,7.78,0.00,0.00,0.00,,0.00,,0.00,EastMoney,2026-08-03T17:50:26+08:00
BK1612,2026-08-03T00:00:00Z,47197,48111,48181,47175,47364,747,1.58,5212708,2622067911,1.24,1.08,0.00,0,2978369,2234340,268020524000,246322095000,-40867075,240290050,231607685,8682365,577527728,627077168,-49549440,737777712,806320016,-68542304,1034366000,924956608,109409392,-1.56,0.33,-1.89,-2.61,4.17,0,10,9,1,0,0,0,6.07,0.00,0.00,0.00,,0.00,,0.00,EastMoney,2026-08-03T17:50:26+08:00
BK1613,2026-08-03T00:00:00Z,248588,251650,251702,247306,249598,2052,0.82,12649926,14180101896,2.04,0.92,0.00,0,5996933,6652992,875852976000,596702848000,-822583856,1475790624,2053561104,-577770480,3177286432,3422099808,-244813376,4453419520,4275797520,177622000,4845864704,4200902864,644961840,-5.80,-4.07,-1.73,1.25,4.55,0,30,18,11,1,0,0,12.43,0.00,0.00,0.00,,0.00,,0.00,EastMoney,2026-08-03T17:50:26+08:00
BK1614,2026-08-03T00:00:00Z,235291,239354,239795,233441,235324,4030,1.71,3900632,4009314815,2.18,0.96,0.00,0,2035518,1865113,181129740000,172410306000,36334176,304770336,347481776,-42711440,945541472,866495856,79045616,1301394592,1312378112,-10983520,1379406992,1405876592,-26469600,0.91,-1.07,1.97,-0.27,-0.66,0,11,10,1,0,0,0,23.67,0.00,0.00,0.00,,0.00,,0.00,EastMoney,2026-08-03T17:50:26+08:00
BK1615,2026-08-03T00:00:00Z,356092,356927,358240,351653,355863,1064,0.30,11243371,20328375498,1.46,0.93,0.00,0,5437121,5806250,1877712864000,1522446000000,-984186544,2620225280,3163054512,-542829232,4918580224,5359937536,-441357312,6222397696,6207012864,15384832,6183563520,5214761728,968801792,-4.84,-2.67,-2.17,0.08,4.77,0,17,11,6,0,0,0,16.76,0.00,0.00,0.00,,0.00,,0.00,EastMoney,2026-08-03T17:50:26+08:00
BK1616,2026-08-03T00:00:00Z,413628,416580,421586,405804,416102,478,0.11,2182913,3814876881,4.58,0.83,0.00,0,1105281,1077631,96038799000,91402332000,-94171744,343215824,377752512,-34536688,840221056,899856112,-59635056,1165806896,1175989696,-10182800,1380610944,1276256416,104354528,-2.47,-0.91,-1.56,-0.27,2.74,0,3,2,1,0,0,0,24.08,0.00,0.00,0.00,,0.00,,0.00,EastMoney,2026-08-03T17:50:26+08:00
BK1617,2026-08-03T00:00:00Z,581689,580065,585657,562234,586783,-6718,-1.14,4536889,11176557230,2.54,0.88,0.00,0,2179402,2357487,492718160000,444936320000,-289560960,956195168,1010932160,-54736992,2399190976,2634014944,-234823968,3665108528,3425618256,239490272,3913059008,3862988304,50070704,-2.59,-0.49,-2.10,2.14,0.45,0,10,2,8,0,0,0,21.19,0.00,0.00,0.00,,0.00,,0.00,EastMoney,2026-08-03T17:50:26+08:00
BK1618,2026-08-03T00:00:00Z,498801,500328,505518,496300,497247,3081,0.62,2117000,4126042435,3.13,1.04,0.00,0,1136916,980084,170723857000,133680381000,33798891,307494592,248974309,58520283,853127680,877849072,-24721392,1328670960,1341132000,-12461040,1587550256,1608888112,-21337856,0.82,1.42,-0.60,-0.30,-0.52,0,15,11,4,0,0,0,52.06,0.00,0.00,0.00,,0.00,,0.00,EastMoney,2026-08-03T17:50:26+08:00
BK1619,2026-08-03T00:00:00Z,330279,336949,337241,329541,328154,8795,2.68,2801893,6729695533,3.53,1.31,0.00,0,1519901,1281992,196888923000,171611775000,-48673872,362134064,404937632,-42803568,1297210416,1303080720,-5870304,2165436816,2138570656,26866160,2688221296,2665684240,22537056,-0.72,-0.64,-0.09,0.40,0.33,0,21,16,5,0,0,0,92.13,0.00,0.00,0.00,,0.00,,0.00,EastMoney,2026-08-03T17:50:26+08:00
BK1620,2026-08-03T00:00:00Z,102584,104095,104517,101341,104746,-651,-0.62,121145,475062374,2.22,0.94,0.00,0,61550,59595,27615553000,21438047000,4301044,8759191,15257444,-6498253,98019793,87220496,10799297,155305590,152505042,2800548,202769058,209870648,-7101590,0.91,-1.37,2.27,0.59,-1.49,0,2,0,2,0,0,0,15.83,0.00,0.00,0.00,,0.00,,0.00,EastMoney,2026-08-03T17:50:26+08:00
BK1621,2026-08-03T00:00:00Z,1404723,1439859,1453587,1386067,1424891,14968,1.05,2367231,8560935411,3.95,0.82,0.00,0,1293523,1073708,305533120000,242399840000,44085104,628484320,630960832,-2476512,1912168640,1865607024,46561616,2885497600,2964530224,-79032624,2996326864,2961379360,34947504,0.51,-0.03,0.54,-0.92,0.41,0,8,7,1,0,0,0,38.53,0.00,0.00,0.00,,0.00,,0.00,EastMoney,2026-08-03T17:50:26+08:00
BK1622,2026-08-03T00:00:00Z,474062,472867,478604,465217,477050,-4183,-0.88,520449,2055516003,2.76,1.00,0.00,0,251058,269391,74907948000,74673740000,-54252601,175482705,201489594,-26006889,472995024,501240736,-28245712,596725616,681235696,-84510080,792025584,653262896,138762688,-2.64,-1.27,-1.37,-4.11,6.75,0,1,0,1,0,0,0,10.18,0.00,0.00,0.00,,0.00,,0.00,EastMoney,2026-08-03T17:50:26+08:00
BK1623,2026-08-03T00:00:00Z,135470,137443,138185,134103,136293,1150,0.84,593176,1410640987,1.30,0.78,0.00,0,293466,299710,146128097000,105368896000,20792063,106795631,114337328,-7541697,316900736,288566976,28333760,471807184,443727248,28079936,494686320,543558320,-48872000,1.47,-0.53,2.01,1.99,-3.46,0,3,2,1,0,0,0,28.67,0.00,0.00,0.00,,0.00,,0.00,EastMoney,2026-08-03T17:50:26+08:00
BK1624,2026-08-03T00:00:00Z,468787,475408,479390,466943,466603,8805,1.89,3547216,13097508655,4.41,1.10,0.00,0,1802022,1745194,386611680000,233023941000,556430496,1670690224,1506245680,164444544,2935519520,2543533568,391985952,4055417648,4175032672,-119615024,4131505792,4568047104,-436541312,4.25,1.26,2.99,-0.91,-3.33,0,15,13,1,1,0,0,53.76,0.00,0.00,0.00,,0.00,,0.00,EastMoney,2026-08-03T17:50:26+08:00
BK1625,2026-08-03T00:00:00Z,717893,712018,727049,703763,717342,-5324,-0.74,1346418,5433412867,3.01,0.80,0.00,0,616219,730199,219774174000,176701523000,-108114944,344008432,422945984,-78937552,1069342032,1098519424,-29177392,1855209040,1750950240,104258800,2070817888,2066961728,3856160,-1.99,-1.45,-0.54,1.92,0.07,0,4,2,2,0,0,0,36.64,0.00,0.00,0.00,,0.00,,0.00,EastMoney,2026-08-03T17:50:26+08:00
BK1626,2026-08-03T00:00:00Z,868583,892951,899587,863725,870324,22627,2.60,1373645,4992898403,2.03,1.05,0.00,0,725507,648138,259150910000,259150910000,94363744,569769104,511403456,58365648,1300139664,1264141568,35998096,1619998912,1628251440,-8252528,1420687680,1506798912,-86111232,1.89,1.17,0.72,-0.17,-1.72,0,4,4,0,0,0,0,61.32,0.00,0.00,0.00,,0.00,,0.00,EastMoney,2026-08-03T17:50:26+08:00
BK1627,2026-08-03T00:00:00Z,1125586,1149239,1150876,1123489,1124293,24946,2.22,4956499,4311223820,2.44,0.87,0.00,0,2563998,2392501,198385942000,186666379000,25606336,342899472,317341008,25558464,967492016,967444144,47872,1324188800,1389498064,-65309264,1582505872,1542802944,39702928,0.59,0.59,0.00,-1.51,0.92,0,22,19,1,2,0,0,-200.51,0.00,0.00,0.00,,0.00,,0.00,EastMoney,2026-08-03T17:50:26+08:00
BK1628,2026-08-03T00:00:00Z,79436,80782,81195,79226,79493,1289,1.62,2713212,5026279384,1.71,0.93,0.00,0,1516350,1196862,124778563000,112762942000,155735184,635999936,546575056,89424880,1279681184,1213370880,66310304,1618984496,1645777792,-26793296,1378882176,1521303792,-142421616,3.10,1.78,1.32,-0.53,-2.83,0,11,9,2,0,0,0,145.14,0.00,0.00,0.00,,0.00,,0.00,EastMoney,2026-08-03T17:50:26+08:00
BK1629,2026-08-03T00:00:00Z,73178,73552,74351,72734,73031,521,0.71,78283165,137077600606,4.19,1.18,0.00,0,38069618,40213547,3435267712000,3049860016000,-4153986304,17344409856,19685848576,-2341438720,32162146816,33974694400,-1812547584,43257911808,42582374144,675537664,40337095168,36937658624,3399436544,-3.03,-1.71,-1.32,0.49,2.48,0,211,142,65,4,0,0,54.68,0.00,0.00,0.00,,0.00,,0.00,EastMoney,2026-08-03T17:50:26+08:00
BK1630,2026-08-03T00:00:00Z,485926,480126,487762,478153,475927,4199,0.88,57873748,96202546237,10.25,1.91,0.00,0,28582436,29291312,1191585136000,1092823584000,-2668939264,12356432896,15197888000,-2841455104,21406441728,21233925888,172515840,28945507072,28132260864,813246208,30098462464,28242786048,1855676416,-2.77,-2.95,0.18,0.85,1.93,0,86,46,39,1,0,0,433.94,0.00,0.00,0.00,,0.00,,0.00,EastMoney,2026-08-03T17:50:26+08:00
BK1631,2026-08-03T00:00:00Z,49834,49647,50811,49224,50302,-655,-1.30,37979428,177565920674,6.57,2.73,0.00,0,18153900,19825528,3415463472000,3047926208000,-12023709184,25431535360,35979081216,-10547545856,40312862720,41789026048,-1476163328,53406429696,50999710720,2406718976,53792184064,44170190080,9621993984,-6.77,-5.94,-0.83,1.36,5.42,0,113,42,70,1,0,0,107.95,0.00,0.00,0.00,,0.00,,0.00,EastMoney,2026-08-03T17:50:26+08:00
BK1632,2026-08-03T00:00:00Z,49756,49510,49784,48908,50708,-1198,-2.36,49978141,97412024850,15.42,0.89,0.00,0,23313573,26664568,884637616000,638024528000,-4395561728,12412733184,14578196992,-2165463808,20555338240,22785436160,-2230097920,29550397696,29606925312,-56527616,31777629440,27325540096,4452089344,-4.51,-2.22,-2.29,-0.06,4.57,0,64,18,46,0,0,0,180.68,0.00,0.00,0.00,,0.00,,0.00,EastMoney,2026-08-03T17:50:26+08:00
BK1633,2026-08-03T00:00:00Z,76507,76232,76912,75850,76718,-486,-0.63,253516158,550142685311,5.49,0.85,0.00,0,121999383,131516775,12393073664000,10745970432000,-24277472256,65797192704,80529862656,-14732669952,124230242304,133775044608,-9544802304,175056805888,171024420864,4032385024,170999926784,150799564800,20200361984,-4.41,-2.68,-1.73,0.73,3.67,0,598,263,326,9,0,0,62.89,0.00,0.00,0.00,,0.00,,0.00,EastMoney,2026-08-03T17:50:26+08:00
BK1635,2026-08-03T00:00:00Z,90986,92666,92667,90986,91169,1497,1.64,94637951,50908869560,0.63,1.01,0.00,0,52030766,42607185,14815347968000,9423979776000,-816341504,7246025728,7428408832,-182383104,11775666432,12409624832,-633958400,14968108544,14740138240,227970304,16013240320,15413230336,600009984,-1.60,-0.36,-1.25,0.45,1.18,0,186,149,30,7,0,0,9.15,0.00,0.00,0.00,,0.00,,0.00,EastMoney,2026-08-03T17:50:26+08:00
BK1636,2026-08-03T00:00:00Z,105763,106523,107106,105744,106204,319,0.30,40308234,29064657938,0.32,0.93,0.00,0,21122671,19185563,13910356992000,8865328896000,-243096576,5173659648,5103903488,69756160,6697491712,7010344448,-312852736,8467923456,8155217152,312706304,8241061888,8310671616,-69609728,-0.84,0.24,-1.08,1.08,-0.24,0,41,25,15,1,0,0,7.85,0.00,0.00,0.00,,0.00,,0.00,EastMoney,2026-08-03T17:50:26+08:00
BK1637,2026-08-03T00:00:00Z,283151,281874,285267,280353,278302,3572,1.28,128606355,335104676171,6.72,0.91,0.00,0,62015823,66590531,11407747328000,7397261568000,-18732779008,65843771904,80189243392,-14345471488,83162451968,87549759488,-4387307520,97498529792,92297764864,5200764928,78424117248,64892106240,13532011008,-5.59,-4.28,-1.31,1.55,4.04,0,100,57,41,2,0,0,42.24,0.00,0.00,0.00,,0.00,,0.00,EastMoney,2026-08-03T17:50:26+08:00
BK1638,2026-08-03T00:00:00Z,196351,195613,196657,194281,194593,1020,0.52,88558418,138371578302,8.99,0.93,0.00,0,43076828,45481589,1800646640000,1608050512000,-4820554240,17379578880,21219509248,-3839930368,30217340160,31197964032,-980623872,41339915520,39911761920,1428153600,44248540160,40875398400,3373141760,-3.48,-2.78,-0.71,1.03,2.44,0,155,79,74,2,0,0,232.05,0.00,0.00,0.00,,0.00,,0.00,EastMoney,2026-08-03T17:50:26+08:00
BK1639,2026-08-03T00:00:00Z,91035,91195,91641,90543,91573,-378,-0.41,81853366,193299165889,0.84,0.85,0.00,0,39409958,42443408,23627188480000,18227343360000,-10112964352,27438246912,34556533504,-7118286592,47828209408,50822887168,-2994677760,60229199872,57335591424,2893608448,54056077312,46836721408,7219355904,-5.23,-3.68,-1.55,1.50,3.73,0,100,40,59,1,0,0,15.49,0.00,0.00,0.00,,0.00,,0.00,EastMoney,2026-08-03T17:50:26+08:00
BK1640,2026-08-03T00:00:00Z,96508,97213,97551,96508,96721,492,0.51,39760438,45252666801,0.75,0.97,0.00,0,21181018,18579420,10130814464000,5983446528000,-1503930112,4994595328,5660731392,-666136064,10144862720,10982656768,-837794048,14250038272,13721722880,528315392,15144173312,14171623680,972549632,-3.32,-1.47,-1.85,1.17,2.15,0,100,68,31,1,0,0,10.31,0.00,0.00,0.00,,0.00,,0.00,EastMoney,2026-08-03T17:50:26+08:00
BK1641,2026-08-03T00:00:00Z,99441,100146,100645,99441,99795,351,0.35,58746692,53960344078,0.37,0.99,0.00,0,30254627,28492064,19891064576000,13777028608000,-680832256,7563727872,7556356352,7371520,12087716096,12775919872,-688203776,16045933056,15916271872,129661184,17307735296,16756563968,551171328,-1.26,0.01,-1.28,0.24,1.02,0,100,60,39,1,0,0,8.82,0.00,0.00,0.00,,0.00,,0.00,EastMoney,2026-08-03T17:50:26+08:00
BK1642,2026-08-03T00:00:00Z,76499,77826,77826,76499,76471,1355,1.77,20258708,20403050580,2.16,1.12,0.00,0,10592899,9665809,998909216000,921153136000,-128726048,1251669552,1318432256,-66762704,3985527392,4047490736,-61963344,6313946368,6479535104,-165588736,8397345792,8103898368,293447424,-0.63,-0.33,-0.30,-0.81,1.44,0,100,77,22,1,0,0,358.08,0.00,0.00,0.00,,0.00,,0.00,EastMoney,2026-08-03T17:50:26+08:00
BK1643,2026-08-03T00:00:00Z,82211,82859,83063,82211,82334,525,0.64,261840924,383589804614,2.15,0.96,0.00,0,137566584,124274339,14612404224000,12938302720000,-4015537408,30556271872,32812188160,-2255916288,78130585600,79890206720,-1759621120,120644063232,123902050304,-3257987072,146564374528,139328487424,7235887104,-1.05,-0.59,-0.46,-0.85,1.89,0,1000,690,299,11,0,0,49.68,0.00,0.00,0.00,,0.00,,0.00,EastMoney,2026-08-03T17:50:26+08:00
BK1644,2026-08-03T00:00:00Z,79054,81434,81525,78938,78651,2783,3.54,2132142,2374779783,2.82,1.10,0.00,0,1197668,934474,106650312000,90654296000,-22583180,13527748,19082615,-5554867,228698560,245726873,-17028313,602907936,718723168,-115815232,1492710336,1354311936,138398400,-0.95,-0.23,-0.72,-4.88,5.83,0,53,52,1,0,0,0,37.96,0.00,0.00,0.00,,0.00,,0.00,EastMoney,2026-08-03T17:50:26+08:00
BK1645,2026-08-03T00:00:00Z,1090005,1096401,1096401,1062190,1070727,25674,2.40,1241725,1733917571,5.31,0.32,0.00,0,558192,683533,34582985000,33395513000,2570538,208814291,169771529,39042762,300092272,336564496,-36472224,497118320,499154192,-2035872,552166752,552701408,-534656,0.15,2.25,-2.10,-0.12,-0.03,0,6,3,2,1,0,0,526.84,0.00,0.00,0.00,,0.00,,0.00,EastMoney,2026-08-03T17:50:26+08:00
BK1646,2026-08-03T00:00:00Z,92107,92037,93298,91548,92536,-499,-0.54,61844431,175399985458,3.36,0.84,0.00,0,29114741,32729690,5061432064000,4287257232000,-13022434560,22870214400,32199131648,-9328917248,39885007360,43578524672,-3693517312,55045457920,52275150848,2770307072,53499869440,43303199488,10196669952,-7.42,-5.32,-2.11,1.58,5.81,0,194,103,90,1,0,0,45.46,0.00,0.00,0.00,,0.00,,0.00,EastMoney,2026-08-03T17:50:26+08:00
BK1647,2026-08-03T00:00:00Z,76933,78739,78739,76933,76729,2010,2.62,63744218,90151637475,3.40,0.99,0.00,0,33333848,30410370,2930580768000,2621130432000,370056192,8015016192,7396950784,618065408,18679097856,18927107072,-248009216,28544535296,29693547520,-1149012224,32964542464,32175312384,789230080,0.41,0.69,-0.28,-1.27,0.88,0,229,203,25,1,0,0,38.29,0.00,0.00,0.00,,0.00,,0.00,EastMoney,2026-08-03T17:50:26+08:00
BK1648,2026-08-03T00:00:00Z,83741,84670,84672,83527,83903,767,0.91,140789869,271316001802,2.16,0.90,0.00,0,72141164,68648705,13629793792000,11782678272000,-4920681984,26552943616,29103683072,-2550739456,60184616192,62554558720,-2369942528,87645839360,88143069184,-497229824,91687170048,86343041024,5344129024,-1.81,-0.94,-0.87,-0.18,1.97,0,581,412,166,3,0,0,32.82,0.00,0.00,0.00,,0.00,,0.00,EastMoney,2026-08-03T17:50:26+08:00
BK1649,2026-08-03T00:00:00Z,78576,79958,79964,78514,78691,1267,1.61,40297498,35572619434,0.81,0.90,0.00,0,21257251,19040247,6114536960000,4126831056000,-361841328,2606491632,2676598432,-70106800,7189420800,7481155328,-291734528,11116712960,11449254656,-332541696,13621031168,12977325312,643705856,-1.02,-0.20,-0.82,-0.93,1.81,0,156,119,33,4,0,0,15.55,0.00,0.00,0.00,,0.00,,0.00,EastMoney,2026-08-03T17:50:26+08:00
BK1650,2026-08-03T00:00:00Z,89759,90654,91125,89738,90051,603,0.67,110468768,396816543249,2.86,0.90,0.00,0,55101852,55366916,13307616000000,10216312832000,-8947351552,56959700992,62304641024,-5344940032,95626530816,99228942336,-3602411520,121108705280,123094884352,-1986179072,114707808256,103712907264,10994900992,-2.25,-1.35,-0.91,-0.50,2.77,0,382,249,130,3,0,0,42.93,0.00,0.00,0.00,,0.00,,0.00,EastMoney,2026-08-03T17:50:26+08:00
BK1651,2026-08-03T00:00:00Z,85487,85902,86187,84924,85761,141,0.16,27028656,25311765834,2.92,0.76,0.00,0,12661609,14367047,819825472000,748583072000,-1657950304,2821690672,4005141136,-1183450464,5243737344,5718237184,-474499840,7775306752,7512652032,262654720,8904374528,7509078784,1395295744,-6.55,-4.68,-1.87,1.04,5.51,0,48,34,14,0,0,0,56.20,0.00,0.00,0.00,,0.00,,0.00,EastMoney,2026-08-03T17:50:26+08:00
BK1652,2026-08-03T00:00:00Z,83706,84416,84456,83496,83850,566,0.68,10827911,14985903935,1.94,0.90,0.00,0,5575171,5252740,725789088000,632682400000,-375411328,907789488,1084349328,-176559840,3086539696,3285391184,-198851488,4921972224,4816801536,105170688,5643917312,5405863168,238054144,-2.51,-1.18,-1.33,0.70,1.59,0,82,58,24,0,0,0,66.46,0.00,0.00,0.00,,0.00,,0.00,EastMoney,2026-08-03T17:50:26+08:00
BK1653,2026-08-03T00:00:00Z,87436,87905,88040,86998,87467,438,0.50,14251019,26927858090,1.83,0.97,0.00,0,7167583,7083436,3618072608000,3527906896000,-255827360,2374761376,2677376832,-302615456,5888180992,5841392896,46788096,9144056576,9185590016,-41533440,8875593728,8595154432,280439296,-0.95,-1.12,0.17,-0.15,1.04,0,90,58,29,3,0,0,21.39,0.00,0.00,0.00,,0.00,,0.00,EastMoney,2026-08-03T17:50:26+08:00
BK1654,2026-08-03T00:00:00Z,81206,82174,82479,80883,81027,1147,1.42,39723895,49692391095,4.04,1.23,0.00,0,19549188,20174706,1027868416000,944176320000,-2078433280,5699239680,6880591104,-1181351424,11618086144,12515168000,-897081856,15325232640,15060015616,265217024,15665878784,13852662784,1813216000,-4.18,-2.38,-1.81,0.53,3.65,0,92,78,14,0,0,0,61.58,0.00,0.00,0.00,,0.00,,0.00,EastMoney,2026-08-03T17:50:26+08:00
BK1655,2026-08-03T00:00:00Z,81854,82552,82552,81638,81841,711,0.87,12768152,13675076571,1.16,0.84,0.00,0,6446536,6321616,3110614464000,971515280000,-68650368,835347056,832207600,3139456,2838823776,2910613600,-71789824,4316752128,4352174336,-35422208,5421310720,5317238016,104072704,-0.50,0.02,-0.52,-0.26,0.76,0,62,42,18,2,0,0,19.02,0.00,0.00,0.00,,0.00,,0.00,EastMoney,2026-08-03T17:50:26+08:00
BK1656,2026-08-03T00:00:00Z,88848,89407,89572,88812,88850,557,0.63,5444175,6059864587,1.34,0.67,0.00,0,2779606,2664570,583402768000,536344704000,-243909878,227378746,363654048,-136275302,1159996432,1267631008,-107634576,2058295568,2045214624,13080944,2504624752,2273795840,230828912,-4.03,-2.25,-1.78,0.22,3.81,0,40,28,12,0,0,0,23.33,0.00,0.00,0.00,,0.00,,0.00,EastMoney,2026-08-03T17:50:26+08:00
BK1657,2026-08-03T00:00:00Z,88849,89619,89619,88737,88906,713,0.80,24436759,30767812335,2.39,0.83,0.00,0,12285096,12151663,1624656624000,1444673040000,-640611184,1695743552,2052650928,-356907376,6063038976,6346742784,-283703808,10121029632,10123555328,-2525696,12166856704,11542337792,624518912,-2.08,-1.16,-0.92,-0.01,2.03,0,168,125,40,3,0,0,108.49,0.00,0.00,0.00,,0.00,,0.00,EastMoney,2026-08-03T17:50:26+08:00
BK1658,2026-08-03T00:00:00Z,88017,88705,89060,88017,88067,638,0.72,14782887,32900979300,2.08,0.89,0.00,0,7474666,7308221,1474694208000,1264660832000,-169206592,3441386704,3449433872,-8047168,7513270784,7674430208,-161159424,10891154432,10677619200,213535232,10371135744,10415740672,-44604928,-0.51,-0.02,-0.49,0.65,-0.14,0,79,51,26,2,0,0,32.41,0.00,0.00,0.00,,0.00,,0.00,EastMoney,2026-08-03T17:50:26+08:00
BK1659,2026-08-03T00:00:00Z,84868,85959,85987,84826,84835,1124,1.32,6068002,10856952145,1.68,0.91,0.00,0,3157964,2910038,730550256000,689257264000,-270417872,660245648,932142512,-271896864,2101759840,2100280848,1478992,3387036544,3509939280,-122902736,4421752576,4018587488,403165088,-2.49,-2.50,0.01,-1.13,3.71,0,62,47,14,1,0,0,49.08,0.00,0.00,0.00,,0.00,,0.00,EastMoney,2026-08-03T17:50:26+08:00
BK1660,2026-08-03T00:00:00Z,94977,96786,97353,94935,95410,1376,1.44,40533080,110486445546,2.91,0.82,0.00,0,20081466,20451614,3072771776000,2789261600000,647491840,15993710336,15817784832,175925504,29093192192,28621625856,471566336,32211128576,33410183424,-1199054848,30908449536,30298293248,610156288,0.59,0.16,0.43,-1.09,0.55,0,70,50,20,0,0,0,50.90,0.00,0.00,0.00,,0.00,,0.00,EastMoney,2026-08-03T17:50:26+08:00
BK1661,2026-08-03T00:00:00Z,94484,94316,94916,94092,94811,-495,-0.52,77567106,227903115608,0.74,0.90,0.00,0,37506131,40060975,30686543360000,22217879296000,-8688354304,37713246976,42626684416,-4913437440,59431444736,63206361600,-3774916864,72774127616,70247862272,2526265344,53346948096,47184861440,6162086656,-3.81,-2.16,-1.66,1.11,2.70,0,96,43,53,0,0,0,16.42,0.00,0.00,0.00,,0.00,,0.00,EastMoney,2026-08-03T17:50:26+08:00
BK1662,2026-08-03T00:00:00Z,104018,103494,104272,103141,104613,-1119,-1.07,53491229,213914681043,0.33,0.92,0.00,0,27037973,26453255,41217927936000,27443001344000,-8131480064,41393166336,47679142912,-6285976576,66228633600,68074137088,-1845503488,66827419392,62245535744,4581883648,35063070208,31513473792,3549596416,-3.80,-2.94,-0.86,2.14,1.66,0,50,17,33,0,0,0,12.41,0.00,0.00,0.00,,0.00,,0.00,EastMoney,2026-08-03T17:50:26+08:00
BK1663,2026-08-03T00:00:00Z,96746,96307,97092,96069,97292,-985,-1.01,231038819,703085787440,0.71,0.93,0.00,0,116427364,114611456,71040221184000,52507370496000,-30060941312,112609513472,135095484416,-22485970944,192802684928,200377655296,-7574970368,222596882432,211528613888,11068268544,161237434368,142244761600,18992672768,-4.28,-3.20,-1.08,1.57,2.70,0,300,123,174,3,0,0,14.61,0.00,0.00,0.00,,0.00,,0.00,EastMoney,2026-08-03T17:50:26+08:00
BK1664,2026-08-03T00:00:00Z,94301,94510,95069,94173,94643,-133,-0.14,207593869,439687070538,1.85,1.01,0.00,0,106957110,100636760,18405761536000,16141510144000,-9852633600,45462479104,51210199808,-5747720704,99093049344,103197962240,-4104912896,149990580224,150389223424,-398643200,136759750656,126452506624,10307244032,-2.24,-1.31,-0.93,-0.09,2.34,0,500,291,205,4,0,0,43.88,0.00,0.00,0.00,,0.00,,0.00,EastMoney,2026-08-03T17:50:26+08:00
BK1665,2026-08-03T00:00:00Z,98915,97278,99853,96879,99685,-2407,-2.41,33045288,341536124326,1.51,0.88,0.00,0,16066286,16979002,16843628800000,13456147200000,-15368747008,60973832192,73567842304,-12594010112,104673959936,107448696832,-2774736896,110613893120,102994538496,7619354624,58757220864,51007827712,7749393152,-4.50,-3.69,-0.81,2.23,2.27,0,89,29,60,0,0,0,49.62,0.00,0.00,0.00,,0.00,,0.00,EastMoney,2026-08-03T17:50:26+08:00
BK1666,2026-08-03T00:00:00Z,96265,96473,96819,96143,96665,-192,-0.20,107773559,118160261340,0.52,1.12,0.00,0,54703398,53070161,29964431104000,19462714880000,-3638015744,17083605248,18948122624,-1864517376,27994764544,29768262912,-1773498368,35856657408,34824410880,1032246528,34988439040,32382669824,2605769216,-3.08,-1.58,-1.50,0.87,2.21,0,94,52,40,2,0,0,9.76,0.00,0.00,0.00,,0.00,,0.00,EastMoney,2026-08-03T17:50:26+08:00
BK1667,2026-08-03T00:00:00Z,86704,86891,87629,86445,86907,-16,-0.02,101845566,192093076617,2.97,0.99,0.00,0,52766062,49079504,5707219712000,4823291136000,-2495396608,15803426048,18342491392,-2539065344,39717291264,39673622528,43668736,61281789184,62227424256,-945635072,71302979584,67899585280,3403394304,-1.30,-1.32,0.02,-0.49,1.77,0,391,235,151,5,0,0,60.84,0.00,0.00,0.00,,0.00,,0.00,EastMoney,2026-08-03T17:50:26+08:00
BK1668,2026-08-03T00:00:00Z,90679,91743,91838,90679,90856,887,0.98,85154751,79433203177,1.60,0.95,0.00,0,45997463,39157288,4695945216000,4319539200000,-1238801920,5464152832,5785784064,-321631232,15299910144,16217080832,-917170688,24431386368,25367600128,-936213760,32630014208,30454998784,2175015424,-1.56,-0.40,-1.15,-1.18,2.74,0,319,243,72,4,0,0,31.32,0.00,0.00,0.00,,0.00,,0.00,EastMoney,2026-08-03T17:50:26+08:00
BK1669,2026-08-03T00:00:00Z,96713,96166,97633,95811,97136,-970,-1.00,86981145,244481452699,2.89,1.03,0.00,0,45280092,41701053,7546104576000,6170262016000,-3999796736,28997089280,32093327616,-3096238336,57874783488,58778341888,-903558400,86895935488,87131463680,-235528192,65659850752,61365931776,4293918976,-1.64,-1.27,-0.37,-0.10,1.76,0,193,98,95,0,0,0,62.14,0.00,0.00,0.00,,0.00,,0.00,EastMoney,2026-08-03T17:50:26+08:00
BK1670,2026-08-03T00:00:00Z,95555,96334,96766,95512,95827,507,0.53,53216231,61505615310,1.22,0.92,0.00,0,27298219,25918012,4528210688000,4218670976000,-785976576,5422184704,5404732928,17451776,12687753216,13491181568,-803428352,19295872512,19977751552,-681879040,23133158912,21667927040,1465231872,-1.28,0.03,-1.31,-1.11,2.38,0,136,87,47,2,0,0,38.88,0.00,0.00,0.00,,0.00,,0.00,EastMoney,2026-08-03T17:50:26+08:00
BK1671,2026-08-03T00:00:00Z,66200,67392,67394,66114,66131,1261,1.91,16423077,13432065008,2.44,0.75,0.00,0,8381846,8041230,644220560000,550444288000,-254243840,609980016,812649184,-202669168,2696148336,2747723008,-51574672,4370156288,4488093440,-117937152,4803630592,4519298304,284332288,-1.89,-1.51,-0.38,-0.88,2.12,0,145,100,44,1,0,0,-4.72,0.00,0.00,0.00,,0.00,,0.00,EastMoney,2026-08-03T17:50:26+08:00
BK1672,2026-08-03T00:00:00Z,87380,89268,89269,87379,87306,1962,2.25,124571792,79211242972,1.79,0.98,0.00,0,68784428,55787365,4710548992000,4062467024000,495037072,4259517104,4017170720,242346384,15172312064,14919621376,252690688,24266914048,25349166080,-1082252032,33641917952,33072718848,569199104,0.62,0.31,0.32,-1.37,0.72,0,856,729,117,10,0,0,-115.16,0.00,0.00,0.00,,0.00,,0.00,EastMoney,2026-08-03T17:50:26+08:00
BK1673,2026-08-03T00:00:00Z,89125,90694,90701,89125,89068,1626,1.83,207233888,193873688358,1.57,0.94,0.00,0,110831744,96402144,12200383744000,10514044672000,-2739837440,15727937792,16381007872,-653070080,39359931136,41446698496,-2086767360,60706119936,62923272704,-2217152768,74135846912,69180690432,4955156480,-1.41,-0.34,-1.08,-1.14,2.56,0,881,741,124,16,0,0,46.69,0.00,0.00,0.00,,0.00,,0.00,EastMoney,2026-08-03T17:50:26+08:00
BK1674,2026-08-03T00:00:00Z,136118,133596,136209,132945,135267,-1671,-1.24,4234385,5861718563,0.93,0.24,0.00,0,2026591,2207794,398525152000,392001328000,-163380592,541581280,745220992,-203639712,1409263648,1369004528,40259120,1818426640,1664863696,153562944,1861939808,1852122160,9817648,-2.79,-3.47,0.69,2.62,0.17,0,10,3,5,2,0,0,6.85,0.00,0.00,0.00,,0.00,,0.00,EastMoney,2026-08-03T17:50:26+08:00
BK1676,2026-08-03T00:00:00Z,143002,141675,143741,140167,142392,-717,-0.50,4736295,6935890757,1.04,0.42,0.00,0,2270570,2465725,413717984000,401700864000,-168925728,587927760,791463776,-203536016,1599207936,1564597648,34610288,2177197664,2047122832,130074832,2281210064,2242359168,38850896,-2.44,-2.93,0.50,1.88,0.56,0,11,3,6,2,0,0,7.16,0.00,0.00,0.00,,0.00,,0.00,EastMoney,2026-08-03T17:50:26+08:00
BK1680,2026-08-03T00:00:00Z,89946,90111,90754,89553,90311,-200,-0.22,32609686,118514154765,2.79,0.94,0.00,0,15929645,16680041,3975328272000,3269885584000,-4996595456,15984694784,19761697024,-3777002240,27915355392,29134948608,-1219593216,37658237696,36491219200,1167018496,34596150016,30787402496,3808747520,-4.22,-3.19,-1.03,0.98,3.21,0,110,59,50,1,0,0,30.86,0.00,0.00,0.00,,0.00,,0.00,EastMoney,2026-08-03T17:50:26+08:00
BK1681,2026-08-03T00:00:00Z,85560,85955,86586,85328,86167,-212,-0.25,1472464,3858093591,2.09,0.82,0.00,0,770796,701668,165084560000,118963165000,-174138448,275088560,360810208,-85721648,762146224,850563024,-88416800,1230419872,1274239728,-43819856,1527441696,1309483392,217958304,-4.51,-2.22,-2.29,-1.14,5.65,0,12,9,3,0,0,0,39.99,0.00,0.00,0.00,,0.00,,0.00,EastMoney,2026-08-03T17:50:26+08:00
BK1682,2026-08-03T00:00:00Z,91163,91443,92009,90530,92473,-1030,-1.11,1419845,14395167762,3.01,0.84,0.00,0,743153,676691,412471168000,181172205000,-1725058912,2129446896,3036941200,-907494304,3287809696,4105374304,-817564608,3794869760,3521331200,273538560,4502548480,3087430800,1415117680,-11.98,-6.30,-5.68,1.90,9.83,0,11,7,4,0,0,0,54.44,0.00,0.00,0.00,,0.00,,0.00,EastMoney,2026-08-03T17:50:26+08:00
BK1693,2026-08-03T00:00:00Z,103178,104960,104978,103042,102731,2229,2.17,11162621,9574748595,2.51,0.98,0.00,0,5684690,5477931,478952128000,302117680000,65465232,1013205728,808559072,204646656,2177123600,2316305024,-139181424,3040471360,3169033904,-128562544,3084036304,3020938960,63097344,0.68,2.14,-1.45,-1.34,0.66,0,64,49,15,0,0,0,15.60,0.00,0.00,0.00,,0.00,,0.00,EastMoney,2026-08-03T17:50:26+08:00
BK1698,2026-08-03T00:00:00Z,101828,102375,102447,101820,102141,234,0.23,13248567,24641082235,0.44,0.80,0.00,0,6787177,6461389,4939038208000,3684974912000,-955683632,1650427120,2133754656,-483327536,5019859712,5492215808,-472356096,8431068416,8662315520,-231247104,9096176384,7912045056,1184131328,-3.88,-1.96,-1.92,-0.94,4.81,0,85,59,24,2,0,0,19.76,0.00,0.00,0.00,,0.00,,0.00,EastMoney,2026-08-03T17:50:26+08:00
BK1699,2026-08-03T00:00:00Z,103055,104532,104532,103045,103003,1529,1.48,106083920,145051818801,3.57,0.94,0.00,0,54674127,51409792,3843244480000,3382148848000,-8644398592,19889193984,26420481280,-6531287296,34169890304,36283001600,-2113111296,43385094912,41914412288,1470682624,44025543936,36850514432,7175029504,-5.96,-4.50,-1.46,1.01,4.95,0,228,174,50,4,0,0,39.56,0.00,0.00,0.00,,0.00,,0.00,EastMoney,2026-08-03T17:50:26+08:00
BK1700,2026-08-03T00:00:00Z,98351,97607,99367,97050,98624,-1017,-1.03,19630258,37289645512,2.21,0.66,0.00,0,8892425,10737833,1977655376000,1793450672000,-1597872784,3789280112,4895124992,-1105844880,7760570112,8252598016,-492027904,12247284480,12134968320,112316160,12760341760,11274785024,1485556736,-4.29,-2.97,-1.32,0.30,3.98,0,35,15,20,0,0,0,22.05,0.00,0.00,0.00,,0.00,,0.00,EastMoney,2026-08-03T17:50:26+08:00
BK1710,2026-08-03T00:00:00Z,85254,85430,86026,85026,85391,39,0.05,41141487,141130361431,1.49,1.00,0.00,0,20973053,20168434,10642764288000,8566057728000,-262717440,16593080064,16985120512,-392040448,35020457216,34891134208,129323008,47590317056,48359256320,-768939264,39620370944,38588714496,1031656448,-0.19,-0.28,0.09,-0.54,0.73,0,100,55,45,0,0,0,32.14,0.00,0.00,0.00,,0.00,,0.00,EastMoney,2026-08-03T17:50:26+08:00
BK1711,2026-08-03T00:00:00Z,95054,94985,95667,94858,95205,-220,-0.23,24969555,55711256705,1.24,0.89,0.00,0,12559684,12409871,6920104192000,6277997056000,-1135722240,5290892544,6119951872,-829059328,12522052352,12828715264,-306662912,18476720896,18117461504,359259392,18441186304,17683341824,757844480,-2.04,-1.49,-0.55,0.64,1.36,0,100,45,55,0,0,0,19.86,0.00,0.00,0.00,,0.00,,0.00,EastMoney,2026-08-03T17:50:26+08:00
BK1712,2026-08-03T00:00:00Z,105013,104325,105743,104214,105237,-912,-0.87,15177295,50396325732,1.23,0.84,0.00,0,7249849,7927445,4297182720000,3453688576000,-1583862528,4415043840,5219875328,-804831488,11019540992,11798572032,-779031040,17990413824,17097679360,892734464,16086009344,15394881280,691128064,-3.14,-1.60,-1.55,1.77,1.37,0,100,38,60,2,0,0,36.44,0.00,0.00,0.00,,0.00,,0.00,EastMoney,2026-08-03T17:50:26+08:00
BK1713,2026-08-03T00:00:00Z,84908,82746,85800,82404,86123,-3377,-3.92,72682814,468777134005,2.19,0.82,0.00,0,34559043,38123771,19542693120000,14137587456000,-25704419328,81305141248,101080150016,-19775008768,135347621888,141277032448,-5929410560,153222787072,143553417216,9669369856,89238917120,73203867648,16035049472,-5.48,-4.22,-1.26,2.06,3.42,0,100,20,80,0,0,0,43.65,0.00,0.00,0.00,,0.00,,0.00,EastMoney,2026-08-03T17:50:26+08:00
BK1714,2026-08-03T00:00:00Z,104963,105944,105990,104906,105728,216,0.20,77226828,78258446831,0.45,0.93,0.00,0,40313662,36913165,22740447488000,15886391552000,-2310525440,11803846912,13041732608,-1237885696,19168349184,20240988928,-1072639744,23599317504,22845051136,754266368,21899127808,20342868480,1556259328,-2.95,-1.58,-1.37,0.96,1.99,0,100,64,34,2,0,0,8.26,0.00,0.00,0.00,,0.00,,0.00,EastMoney,2026-08-03T17:50:26+08:00
BK1715,2026-08-03T00:00:00Z,82165,82292,82832,82117,82482,-190,-0.23,81661107,109159616418,0.48,1.18,0.00,0,42301833,39359274,26016587776000,18402363648000,-2220006656,13211440384,14011383552,-799943168,24481095936,25901159424,-1420063488,33621630464,33368866816,252763648,35628913408,33694761728,1934151680,-2.03,-0.73,-1.30,0.23,1.77,0,159,78,76,5,0,0,9.69,0.00,0.00,0.00,,0.00,,0.00,EastMoney,2026-08-03T17:50:26+08:00
BK1716,2026-08-03T00:00:00Z,68259,68286,68632,67633,68725,-439,-0.64,25692422,25612091462,8.77,1.75,0.00,0,12089950,13602472,632008320000,556713344000,-347443424,2011857424,2079607280,-67749856,4915040512,5194734080,-279693568,7965070336,7876833536,88236800,9620623104,9422038016,198585088,-1.36,-0.26,-1.09,0.34,0.78,0,78,33,43,2,0,0,-230.52,0.00,0.00,0.00,,0.00,,0.00,EastMoney,2026-08-03T17:50:26+08:00
BK1717,2026-08-03T00:00:00Z,112388,111851,113272,110489,111234,617,0.55,53699034,65977115495,13.95,1.34,0.00,0,27011669,26687365,648680288000,608542112000,-2123586048,9075331584,10502621696,-1427290112,15206367488,15902663424,-696295936,20019627008,19421895680,597731328,19355891200,17830036224,1525854976,-3.22,-2.16,-1.06,0.91,2.31,0,32,17,14,1,0,0,993.22,0.00,0.00,0.00,,0.00,,0.00,EastMoney,2026-08-03T17:50:26+08:00
BK1721,2026-08-03T00:00:00Z,100784,100805,101462,100308,101104,-299,-0.30,39608233,114585533545,2.32,0.77,0.00,0,19686798,19921435,4992359168000,3875581632000,-3670740480,22163289344,25135197440,-2971908096,34748054528,35446886912,-698832384,32804133376,31658400000,1145733376,22020718848,19518884864,2501833984,-3.20,-2.59,-0.61,1.00,2.18,0,100,56,44,0,0,0,40.10,0.00,0.00,0.00,,0.00,,0.00,EastMoney,2026-08-03T17:50:26+08:00
BK1722,2026-08-03T00:00:00Z,98387,98006,99396,97431,98841,-835,-0.84,58245943,334657296442,4.44,0.83,0.00,0,28927181,29318762,13394144000000,7864497408000,-5034155776,61922488064,68647656960,-6725168896,100605460480,98914447360,1691013120,106883194880,104262594560,2620600320,57353456384,54942091520,2411364864,-1.50,-2.01,0.51,0.78,0.72,0,200,99,100,1,0,0,172.18,0.00,0.00,0.00,,0.00,,0.00,EastMoney,2026-08-03T17:50:26+08:00
BK1723,2026-08-03T00:00:00Z,103083,104808,104816,103083,103223,1585,1.54,96121089,47971191067,0.59,0.90,0.00,0,53864192,42256897,12350007808000,9708950528000,-1000958464,6578312192,6823847424,-245535232,10597454592,11352877824,-755423232,13781068800,13917417984,-136349184,16252149248,15115619584,1136529664,-2.09,-0.51,-1.57,-0.28,2.37,0,200,177,17,6,0,0,9.55,0.00,0.00,0.00,,0.00,,0.00,EastMoney,2026-08-03T17:50:26+08:00
BK1743,2026-08-03T00:00:00Z,98645,96449,98972,96188,99260,-2811,-2.83,15188516,148347746635,2.09,0.82,0.00,0,7241576,7946941,7589626368000,6757296384000,-11282091008,31172498944,41599490304,-10426991360,45803437312,46658536960,-855099648,42018813184,38214958080,3803855104,26224281856,18746046208,7478235648,-7.61,-7.03,-0.58,2.56,5.04,0,29,10,19,0,0,0,29.49,0.00,0.00,0.00,,0.00,,0.00,EastMoney,2026-08-03T17:50:26+08:00
BK1749,2026-08-03T00:00:00Z,94593,94875,95223,94224,94875,0,0.00,206196602,566311332784,2.40,0.88,0.00,0,100287580,105909022,23197868544000,19810001152000,-26123866112,73949356032,92355997696,-18406641664,133756641280,141473865728,-7717224448,174188122112,170758647808,3429474304,171534815232,148873342976,22661472256,-4.61,-3.25,-1.36,0.61,4.00,0,568,332,229,7,0,0,24.58,0.00,0.00,0.00,,0.00,,0.00,EastMoney,2026-08-03T17:50:26+08:00
BK1750,2026-08-03T00:00:00Z,88317,89625,89627,88259,88401,1224,1.38,61179146,101376649689,2.92,0.81,0.00,0,31175543,30003603,5925950208000,2116537728000,-2555566336,17202685440,19250392064,-2047706624,24710202368,25218062080,-507859712,29479696128,28218606592,1261089536,27149758720,25864637696,1285121024,-2.52,-2.02,-0.50,1.24,1.27,0,200,150,47,3,0,0,234.51,0.00,0.00,0.00,,0.00,,0.00,EastMoney,2026-08-03T17:50:26+08:00
BK1751,2026-08-03T00:00:00Z,95111,97049,97071,95111,94800,2249,2.37,61302779,48662986947,2.31,1.03,0.00,0,33226117,28076662,2138511088000,1879802048000,102958768,3660282560,3512521232,147761328,9693798912,9738601472,-44802560,14763074304,15541935104,-778860800,19566179072,18890277376,675901696,0.21,0.30,-0.09,-1.60,1.39,0,278,239,35,4,0,0,-44.87,0.00,0.00,0.00,,0.00,,0.00,EastMoney,2026-08-03T17:50:26+08:00
BK1752,2026-08-03T00:00:00Z,98116,99935,99944,98116,97988,1947,1.99,50657836,42724201117,1.97,1.16,0.00,0,27357432,23300404,2258919312000,2101472736000,-13919936,3748607792,3578495728,170112064,8324017920,8508049920,-184032000,12754341120,13366584832,-612243712,16845300992,16219137536,626163456,-0.03,0.40,-0.43,-1.43,1.47,0,212,177,33,2,0,0,33.05,0.00,0.00,0.00,,0.00,,0.00,EastMoney,2026-08-03T17:50:26+08:00
BK1753,2026-08-03T00:00:00Z,95171,94940,96061,94104,95720,-780,-0.81,9420122,30117477557,4.21,0.77,0.00,0,4515185,4904937,712157456000,592450496000,-1499748608,2677941888,3439500160,-761558272,6401625088,7139815424,-738190336,9940404736,10043791360,-103386624,10410841600,8814133248,1596708352,-4.98,-2.53,-2.45,-0.34,5.30,0,58,25,33,0,0,0,65.56,0.00,0.00,0.00,,0.00,,0.00,EastMoney,2026-08-03T17:50:26+08:00
BK0420,2026-08-04T00:00:00Z,426513,419620,426561,418203,425456,-5836,-1.37,7615154,3411267347,0.71,0.93,0.00,0,2656416,4958739,582368768000,476990832000,-71268544,467275664,485186144,-17910480,771317264,824675328,-53358064,973438912,947538336,25900576,1130560304,1085192320,45367984,-2.09,-0.53,-1.56,0.76,1.33,0,14,1,13,0,0,0,30.45,0.00,0.00,0.00,,0.00,,0.00,EastMoney,2026-08-04T16:42:36+08:00
BK0421,2026-08-04T00:00:00Z,853504,840538,853658,839220,852332,-11794,-1.38,8130115,4534487559,0.63,0.99,0.00,0,3277175,4852940,794214544000,741764080000,-254191168,330044896,554307024,-224262128,869298080,899227120,-29929040,1466291952,1282333344,183958608,1784847920,1714615360,70232560,-5.61,-4.95,-0.66,4.06,1.55,0,36,4,31,1,0,0,16.82,0.00,0.00,0.00,,0.00,,0.00,EastMoney,2026-08-04T16:42:36+08:00
BK0422,2026-08-04T00:00:00Z,686492,681921,686763,679127,684987,-3066,-0.45,5622204,4908757732,1.05,0.97,0.00,0,2483776,3138428,646177520000,545492736000,-162718355,188199357,305171264,-116971907,895110608,940857056,-45746448,1600141456,1509153968,90987488,2127893440,2058428784,69464656,-3.31,-2.38,-0.93,1.85,1.42,0,47,14,30,3,0,0,27.38,0.00,0.00,0.00,,0.00,,0.00,EastMoney,2026-08-04T16:42:36+08:00
BK0424,2026-08-04T00:00:00Z,2506663,2493629,2508281,2477837,2498827,-5198,-0.21,3527994,2981491700,0.97,0.95,0.00,0,1505685,2022310,271990672000,229192432000,-191571028,163748213,196470921,-32722708,598365776,757214096,-158848320,956279808,895249536,61030272,1218515376,1087974608,130540768,-6.43,-1.10,-5.33,2.05,4.38,0,23,8,14,1,0,0,110.19,0.00,0.00,0.00,,0.00,,0.00,EastMoney,2026-08-04T16:42:36+08:00
BK0425,2026-08-04T00:00:00Z,2441329,2452691,2457439,2426026,2430843,21848,0.90,27457927,20613258320,1.18,1.06,0.00,0,11328848,16129079,1330348976000,1180192848000,-626036096,2459375792,2968456096,-509080304,4269385840,4386341632,-116955792,6275843072,5927450368,348392704,7159229440,6884419072,274810368,-3.04,-2.47,-0.57,1.69,1.33,0,68,31,34,3,0,0,10.25,0.00,0.00,0.00,,0.00,,0.00,EastMoney,2026-08-04T16:42:36+08:00
BK0427,2026-08-04T00:00:00Z,958181,955413,962803,949953,953139,2274,0.24,67091809,51330782208,1.47,0.89,0.00,0,31228865,35862944,4320530944000,3553814464000,-1876893440,4636367360,5180513536,-544146176,10136138240,11468885504,-1332747264,16179550720,16256112640,-76561920,19212445440,17244144128,1968301312,-3.66,-1.06,-2.60,-0.15,3.83,0,143,57,78,8,0,0,20.71,0.00,0.00,0.00,,0.00,,0.00,EastMoney,2026-08-04T16:42:36+08:00
BK0428,2026-08-04T00:00:00Z,1979202,1972253,1990111,1960744,1969179,3074,0.16,63199910,47719529365,1.47,0.90,0.00,0,29489203,33710707,4058650608000,3303819024000,-1900917712,4292741168,4898208000,-605466832,9479779072,10775229952,-1295450880,15073102848,15172025600,-98922752,17817510656,15817669888,1999840768,-3.98,-1.27,-2.71,-0.21,4.19,0,112,43,61,8,0,0,20.64,0.00,0.00,0.00,,0.00,,0.00,EastMoney,2026-08-04T16:42:36+08:00
BK0429,2026-08-04T00:00:00Z,1002251,996145,1003017,991648,996534,-389,-0.04,6154892,6607500965,1.09,1.00,0.00,0,2514602,3640290,626272576000,523342288000,-177706704,355251488,522801504,-167550016,1381703760,1391860448,-10156688,2249618896,2080880768,168738128,2485303632,2479445184,5858448,-2.69,-2.54,-0.15,2.55,0.09,0,51,18,31,2,0,0,18.69,0.00,0.00,0.00,,0.00,,0.00,EastMoney,2026-08-04T16:42:36+08:00
BK0433,2026-08-04T00:00:00Z,1341845,1336518,1345065,1329579,1339205,-2687,-0.20,17572465,15521014800,1.79,1.01,0.00,0,7918266,9654199,1183089472000,889539632000,-700931712,1059692592,1362999696,-303307104,3064679696,3462304304,-397624608,5106457344,4817884416,288572928,5918874624,5524902656,393971968,-4.52,-1.95,-2.56,1.86,2.54,0,114,37,72,5,0,0,79.47,0.00,0.00,0.00,,0.00,,0.00,EastMoney,2026-08-04T16:42:36+08:00
BK0436,2026-08-04T00:00:00Z,1295925,1299734,1302125,1288782,1292417,7317,0.57,14393081,11499741939,2.00,1.00,0.00,0,6918960,7474121,601633520000,556147440000,-219375840,634063440,660459648,-26396208,2111700896,2304680528,-192979632,3583585536,3684874512,-101288976,4863254272,4542671104,320583168,-1.91,-0.23,-1.68,-0.88,2.79,0,112,60,50,2,0,0,26.61,0.00,0.00,0.00,,0.00,,0.00,EastMoney,2026-08-04T16:42:36+08:00
BK0437,2026-08-04T00:00:00Z,1289222,1286489,1293516,1271310,1286774,-285,-0.02,11045551,10412880271,0.99,0.93,0.00,0,5347539,5698012,2155533616000,1716382160000,-621203200,564120176,817827136,-253706960,2117651344,2485147584,-367496240,3307233024,3288082464,19150560,4268763312,3666710672,602052640,-5.97,-2.44,-3.53,0.18,5.78,0,34,17,17,0,0,0,19.36,0.00,0.00,0.00,,0.00,,0.00,EastMoney,2026-08-04T16:42:36+08:00
BK0438,2026-08-04T00:00:00Z,2596209,2582718,2602389,2575247,2599146,-16428,-0.63,18728602,34239804579,1.99,0.89,0.00,0,8697876,10030726,3917834080000,3804611456000,-2125993200,2910951392,3758377424,-847426032,7013377280,8291944448,-1278567168,11864975616,11240941312,624034304,11717785344,10230766848,1487018496,-6.21,-2.47,-3.73,1.82,4.34,0,130,36,93,1,0,0,21.55,0.00,0.00,0.00,,0.00,,0.00,EastMoney,2026-08-04T16:42:36+08:00
BK0440,2026-08-04T00:00:00Z,4457774,4499314,4509507,4442395,4439358,59956,1.35,4993948,5428078527,1.75,0.91,0.00,0,2345195,2648753,454056624000,378950608000,-24943593,219280649,196564722,22715927,933652128,981311648,-47659520,1733354448,1759789008,-26434560,2419711536,2372276560,47434976,-0.46,0.42,-0.88,-0.49,0.87,0,77,39,34,4,0,0,36.99,0.00,0.00,0.00,,0.00,,0.00,EastMoney,2026-08-04T16:42:36+08:00
BK0447,2026-08-04T00:00:00Z,2794480,2871408,2876824,2794480,2766706,104702,3.78,62318422,91679451646,6.01,1.27,0.00,0,31275005,31043417,1871035360000,1615982432000,3179447808,13681252864,10805182208,2876070656,22268071168,21964694016,303377152,27622665984,29118245888,-1495579904,25942934528,27608600576,-1665666048,3.47,3.14,0.33,-1.63,-1.82,0,146,130,14,2,0,0,115.54,0.00,0.00,0.00,,0.00,,0.00,EastMoney,2026-08-04T16:42:36+08:00
BK0448,2026-08-04T00:00:00Z,2040594,2114621,2122293,2036282,2008086,106535,5.31,24800232,191123558628,5.11,1.05,0.00,0,13046066,11754166,4095699856000,3605918096000,22261575936,56159156480,38117798656,18041357824,55336359680,51116141568,4220218112,50872488448,65666370560,-14793882112,25325031168,32626680320,-7301649152,11.65,9.44,2.21,-7.74,-3.82,0,91,89,2,0,0,0,82.79,0.00,0.00,0.00,,0.00,,0.00,EastMoney,2026-08-04T16:42:36+08:00
BK0450,2026-08-04T00:00:00Z,1207771,1193130,1207944,1191172,1205778,-12648,-1.05,12521536,9400674540,0.78,0.98,0.00,0,5451231,7070305,1184758864000,1033319424000,-261729184,900574240,1031922288,-131348048,1995587136,2125968272,-130381136,2929680496,2827759280,101921216,3369035952,3212105232,156930720,-2.78,-1.40,-1.39,1.08,1.67,0,37,7,30,0,0,0,13.20,0.00,0.00,0.00,,0.00,,0.00,EastMoney,2026-08-04T16:42:36+08:00
BK0451,2026-08-04T00:00:00Z,1333038,1330994,1335833,1321202,1330868,126,0.01,30669874,13602611664,1.59,0.99,0.00,0,13843131,16826743,850011184000,799146992000,-369254352,1209926688,1360228432,-150301744,2916213856,3135166464,-218952608,4188166784,4177425760,10741024,5027225088,4668711680,358513408,-2.71,-1.10,-1.61,0.08,2.64,0,90,31,46,13,0,0,-4.34,0.00,0.00,0.00,,0.00,,0.00,EastMoney,2026-08-04T16:42:36+08:00
BK0454,2026-08-04T00:00:00Z,1906933,1952828,1954925,1893955,1897016,55812,2.94,12348980,20691739510,4.11,1.16,0.00,0,6276570,6072410,624210928000,501931024000,917614272,2514978336,1757485552,757492784,4447952128,4287830640,160121488,6241284864,6566228736,-324943872,7111510528,7699016704,-587506176,4.43,3.66,0.77,-1.57,-2.84,0,77,66,11,0,0,0,74.21,0.00,0.00,0.00,,0.00,,0.00,EastMoney,2026-08-04T16:42:36+08:00
BK0456,2026-08-04T00:00:00Z,2220955,2242004,2245438,2213996,2211319,30685,1.39,11443315,21183454084,1.43,0.95,0.00,0,5656848,5786467,1992782832000,1757426464000,-1135937392,1780485008,1960307200,-179822192,4684437504,5640552704,-956115200,6845157888,6512198656,332959232,7388144640,6582994944,805149696,-5.36,-0.85,-4.51,1.57,3.80,0,108,66,36,6,0,0,18.22,0.00,0.00,0.00,,0.00,,0.00,EastMoney,2026-08-04T16:42:36+08:00
BK0457,2026-08-04T00:00:00Z,3583836,3626958,3628657,3559279,3553210,73748,2.08,39805891,53165186332,4.24,1.11,0.00,0,19587818,20218073,1678555584000,1536835712000,195037408,4735276032,3900751648,834524384,11052471040,11691958016,-639486976,17032764672,17733435392,-700670720,18839862784,18336098304,503764480,0.37,1.57,-1.20,-1.32,0.95,0,143,112,26,5,0,0,36.43,0.00,0.00,0.00,,0.00,,0.00,EastMoney,2026-08-04T16:42:36+08:00
BK0458,2026-08-04T00:00:00Z,1904032,1960864,1965015,1897882,1891940,68924,3.64,4222981,15202664110,2.90,1.16,0.00,0,2138312,2084669,584261120000,358879248000,318162720,3001263936,2386925856,614338080,4685351680,4981527040,-296175360,3902236512,4007170736,-104934224,3295492384,3468136320,-172643936,2.09,4.04,-1.95,-0.69,-1.14,0,64,55,7,2,0,0,129.74,0.00,0.00,0.00,,0.00,,0.00,EastMoney,2026-08-04T16:42:36+08:00
BK0459,2026-08-04T00:00:00Z,4578189,4840848,4855410,4548397,4518620,322228,7.13,21618226,114516702048,5.83,0.97,0.00,0,11685831,9932395,2896098032000,2461732416000,14749736448,28492750848,16786757632,11705993216,29725469440,26681726208,3043743232,30327667712,37857320960,-7529653248,24081818880,31273337088,-7191518208,12.88,10.22,2.66,-6.58,-6.28,0,67,67,0,0,0,0,70.86,0.00,0.00,0.00,,0.00,,0.00,EastMoney,2026-08-04T16:42:36+08:00
BK0464,2026-08-04T00:00:00Z,632185,632558,635097,626048,631197,1361,0.22,16737067,14721072894,0.46,0.88,0.00,0,7284721,9452347,4961922560000,3128366960000,-961959760,1056811616,1663229328,-606417712,3047326624,3402868672,-355542048,4673035776,4474047488,198988288,5544411904,4788657152,755754752,-6.53,-4.12,-2.42,1.35,5.13,0,49,22,26,1,0,0,14.36,0.00,0.00,0.00,,0.00,,0.00,EastMoney,2026-08-04T16:42:36+08:00
BK0465,2026-08-04T00:00:00Z,3409292,3455120,3470396,3409292,3384430,70690,2.09,27303629,38763626461,2.68,1.04,0.00,0,13898627,13405002,2326580464000,1709495056000,-201173040,3171619152,3130337152,41282000,8652378368,8894833408,-242455040,13499558912,13352973312,146585600,12682484224,12618458368,64025856,-0.52,0.11,-0.63,0.38,0.17,0,159,129,25,5,0,0,53.43,0.00,0.00,0.00,,0.00,,0.00,EastMoney,2026-08-04T16:42:36+08:00
BK0470,2026-08-04T00:00:00Z,941870,947720,948495,937834,938414,9306,0.99,7562508,4643657001,2.36,1.26,0.00,0,3633076,3929433,245914091000,216183312000,47298695,227391047,271843744,-44452697,927114256,835362864,91751392,1559560400,1443547248,116013152,1805933296,1967400464,-161467168,1.02,-0.96,1.98,2.50,-3.48,0,40,20,20,0,0,0,-209.07,0.00,0.00,0.00,,0.00,,0.00,EastMoney,2026-08-04T16:42:36+08:00
BK0471,2026-08-04T00:00:00Z,1626042,1625049,1631804,1611490,1618108,6941,0.43,4361672,3407730826,1.61,1.01,0.00,0,1928647,2433025,264019925000,229392788000,-65350555,174546915,172581918,1964997,623096336,690411888,-67315552,1069325552,1099523344,-30197792,1460027408,1369113392,90914016,-1.92,0.06,-1.98,-0.89,2.67,0,27,12,14,1,0,0,41.45,0.00,0.00,0.00,,0.00,,0.00,EastMoney,2026-08-04T16:42:36+08:00
BK0473,2026-08-04T00:00:00Z,14104649,14099670,14184823,14073596,14092663,7007,0.05,21527631,25566629398,0.81,0.82,0.00,0,10111696,11415935,3583105536000,3045413632000,-1532936240,3520438480,4676442624,-1156004144,6349864704,6726796800,-376932096,8058529536,7548994048,509535488,7137227776,6113826560,1023401216,-6.00,-4.52,-1.47,1.99,4.00,0,49,21,26,2,0,0,15.09,0.00,0.00,0.00,,0.00,,0.00,EastMoney,2026-08-04T16:42:36+08:00
BK0474,2026-08-04T00:00:00Z,137085,134138,137350,134082,137513,-3375,-2.45,3222350,10478254097,0.42,1.15,0.00,0,1095208,2127142,2857246464000,1960357840000,-1239845856,1663280080,2353687680,-690407600,2625575888,3175014144,-549438256,3095781984,2804368592,291413392,2943214848,1994782368,948432480,-11.83,-6.59,-5.24,2.78,9.05,0,5,0,5,0,0,0,6.95,0.00,0.00,0.00,,0.00,,0.00,EastMoney,2026-08-04T16:42:36+08:00
BK0475,2026-08-04T00:00:00Z,433449,423237,433575,423237,434954,-11717,-2.69,49724315,37622965148,0.37,0.95,0.00,0,19172629,30551685,15194870272000,10009734400000,-1904451584,5693618176,7298357248,-1604739072,9327136256,9626848768,-299712512,10852263936,10397820160,454443776,11003416320,9553408256,1450008064,-5.06,-4.27,-0.80,1.21,3.85,0,42,0,42,0,0,0,6.93,0.00,0.00,0.00,,0.00,,0.00,EastMoney,2026-08-04T16:42:36+08:00
BK0476,2026-08-04T00:00:00Z,1490772,1495928,1496196,1478489,1482869,13059,0.88,3570515,3719378753,1.69,0.92,0.00,0,1702627,1867888,233549353000,206396416000,-94220189,130223478,171933235,-41709757,682209104,734719536,-52510432,1193374048,1226846432,-33472384,1636076576,1508384592,127691984,-2.53,-1.12,-1.41,-0.90,3.43,0,38,23,11,4,0,0,75.69,0.00,0.00,0.00,,0.00,,0.00,EastMoney,2026-08-04T16:42:36+08:00
BK0477,2026-08-04T00:00:00Z,4021021,3974833,4023355,3967420,4018390,-43557,-1.08,3608314,15716047279,1.19,0.73,0.00,0,1573532,2034782,2729377568000,2676969408000,-1756757216,1611379120,2538606848,-927227728,3491287152,4320816640,-829529488,6019487232,5265051392,754435840,4285820608,3283499232,1002321376,-11.18,-5.90,-5.28,4.80,6.38,0,38,7,30,1,0,0,20.17,0.00,0.00,0.00,,0.00,,0.00,EastMoney,2026-08-04T16:42:36+08:00
BK0478,2026-08-04T00:00:00Z,2555571,2603076,2607828,2550582,2543323,59753,2.35,50205064,104664841893,2.21,0.96,0.00,0,26069622,24135442,5394252800000,4311191552000,3359318016,14458451968,11109513984,3348937984,25606475264,25596095232,10380032,31589941760,33469690880,-1879749120,31159429888,32637812224,-1478382336,3.21,3.20,0.01,-1.80,-1.41,0,144,124,17,3,0,0,20.56,0.00,0.00,0.00,,0.00,,0.00,EastMoney,2026-08-04T16:42:36+08:00
BK0479,2026-08-04T00:00:00Z,807014,796834,807845,793286,805222,-8388,-1.04,19039495,7809668340,0.96,0.96,0.00,0,8087809,10951686,844130368000,784453328000,-149987984,698010016,853012384,-155002368,1727951104,1722936720,5014384,2373408800,2276368528,97040272,2851799920,2798852224,52947696,-1.92,-1.98,0.06,1.24,0.68,0,45,6,36,3,0,0,73.94,0.00,0.00,0.00,,0.00,,0.00,EastMoney,2026-08-04T16:42:36+08:00
BK0480,2026-08-04T00:00:00Z,4997787,5047047,5057389,4972289,4971864,75183,1.51,7370698,16918751373,1.81,1.02,0.00,0,3574537,3796161,1262288048000,997730560000,62176176,1182494672,1168311920,14182752,3861630336,3813636912,47993424,5769390848,5595467776,173923072,5764455936,5990405888,-225949952,0.37,0.08,0.28,1.03,-1.34,0,55,38,17,0,0,0,85.14,0.00,0.00,0.00,,0.00,,0.00,EastMoney,2026-08-04T16:42:36+08:00
BK0481,2026-08-04T00:00:00Z,4162310,4194836,4202236,4135840,4148286,46550,1.12,32752301,44261380851,2.27,1.14,0.00,0,16509702,16242599,2507467584000,2034555536000,591354128,3468908304,2730877440,738030864,9411390464,9558067200,-146676736,13836730880,14593336832,-756605952,16517233920,16420063232,97170688,1.34,1.67,-0.33,-1.71,0.22,0,277,166,102,9,0,0,26.42,0.00,0.00,0.00,,0.00,,0.00,EastMoney,2026-08-04T16:42:36+08:00
BK0482,2026-08-04T00:00:00Z,1604113,1600456,1611397,1590825,1600701,-245,-0.02,13719267,7893420934,1.60,0.76,0.00,0,6393726,7325540,434437696000,410260480000,-178047056,487343552,496827888,-9484336,1470293920,1638856640,-168562720,2452367888,2540811936,-88444048,3316585200,3050094112,266491088,-2.26,-0.12,-2.14,-1.12,3.38,0,60,25,32,3,0,0,-17.07,0.00,0.00,0.00,,0.00,,0.00,EastMoney,2026-08-04T16:42:36+08:00
BK0484,2026-08-04T00:00:00Z,963199,957191,966801,953001,960042,-2851,-0.30,1537694,1029926821,0.84,0.78,0.00,0,720915,816779,141705442000,141035961000,-45797941,51718642,43077958,8640684,170676182,225114807,-54438625,316050880,306409392,9641488,468590032,432433568,36156464,-4.45,0.84,-5.29,0.94,3.51,0,14,5,9,0,0,0,20.03,0.00,0.00,0.00,,0.00,,0.00,EastMoney,2026-08-04T16:42:36+08:00
BK0485,2026-08-04T00:00:00Z,1396911,1389302,1403571,1385665,1396677,-7375,-0.53,4580072,5558164081,2.02,0.86,0.00,0,2096064,2484007,309518608000,284764688000,-476917056,272889792,471576064,-198686272,1078484144,1356714928,-278230784,1831992352,1701599472,130392880,2269049504,1922525344,346524160,-8.58,-3.57,-5.01,2.35,6.23,0,39,11,26,2,0,0,39.80,0.00,0.00,0.00,,0.00,,0.00,EastMoney,2026-08-04T16:42:36+08:00
BK0486,2026-08-04T00:00:00Z,951421,975714,978472,949356,947651,28063,2.96,64304107,73333017104,4.42,1.29,0.00,0,33732003,30572104,1489424912000,1366735136000,1770734336,9026467072,7317132800,1709334272,17743683328,17682283264,61400064,23152393216,23600154368,-447761152,21797924352,23102667776,-1304743424,2.41,2.33,0.08,-0.61,-1.78,0,128,103,23,2,0,0,55.11,0.00,0.00,0.00,,0.00,,0.00,EastMoney,2026-08-04T16:42:36+08:00
BK0490,2026-08-04T00:00:00Z,7351194,7476008,7489867,7318258,7305259,170749,2.34,87056471,143701673875,2.83,1.10,0.00,0,43319329,43737142,5591303936000,4932771328000,4344849920,14421498624,11068317696,3353180928,31751049216,30759380224,991668992,46011901184,47411073024,-1399171840,48466489344,51417445632,-2950956288,3.02,2.33,0.69,-0.97,-2.05,0,425,323,95,7,0,0,77.37,0.00,0.00,0.00,,0.00,,0.00,EastMoney,2026-08-04T16:42:36+08:00
BK0492,2026-08-04T00:00:00Z,1066847,1064900,1067497,1056048,1065187,-287,-0.03,21577282,24117037835,1.23,0.89,0.00,0,9920659,11656623,2787751872000,2405129552000,-1082238288,2120486736,2646914976,-526428240,5213942528,5769752576,-555810048,7616702976,7714354176,-97651200,8708499456,7532624128,1175875328,-4.49,-2.18,-2.30,-0.40,4.88,0,75,31,41,3,0,0,18.39,0.00,0.00,0.00,,0.00,,0.00,EastMoney,2026-08-04T16:42:36+08:00
BK0493,2026-08-04T00:00:00Z,1738687,1749114,1751971,1733830,1730110,19004,1.10,91921915,104320442736,2.11,0.99,0.00,0,43668252,48253663,6793789952000,4219038976000,-1440286976,10838625536,11284503808,-445878272,22573063936,23567472640,-994408704,33306323456,33695813120,-389489664,35327153408,33504523776,1822629632,-1.38,-0.43,-0.95,-0.37,1.75,0,215,115,91,9,0,0,26.77,0.00,0.00,0.00,,0.00,,0.00,EastMoney,2026-08-04T16:42:36+08:00
BK0494,2026-08-04T00:00:00Z,1400242,1417430,1419581,1395622,1394176,23254,1.67,85485270,148037979354,2.08,1.06,0.00,0,41556650,43928620,5529644544000,4872957952000,5639592960,31330428416,25728820736,5601607680,37039441920,37001456640,37985280,42793472000,47937271040,-5143799040,33970304256,34479024896,-508720640,3.81,3.78,0.03,-3.47,-0.34,0,422,267,139,16,0,0,38.20,0.00,0.00,0.00,,0.00,,0.00,EastMoney,2026-08-04T16:42:36+08:00
BK0498,2026-08-04T00:00:00Z,1110418,1106536,1112187,1100862,1106807,-271,-0.02,34317641,21372288065,2.04,0.94,0.00,0,18015184,16302457,1256813104000,1020290464000,770497088,3641570816,2575694064,1065876752,4226455088,4521834752,-295379664,6119649536,6440658432,-321008896,6925920000,7375408384,-449488384,3.61,4.99,-1.38,-1.50,-2.10,0,72,27,42,3,0,0,64.32,0.00,0.00,0.00,,0.00,,0.00,EastMoney,2026-08-04T16:42:36+08:00
BK0499,2026-08-04T00:00:00Z,908806,910444,912490,904734,905928,4516,0.50,130404441,342526834190,0.57,1.00,0.00,0,55305462,75098980,44750169088000,28912151040000,5215649280,76576780288,67580846592,8995933696,90672599040,94452883456,-3780284416,97552756736,106354667520,-8801910784,71255552000,67669290496,3586261504,1.52,2.63,-1.10,-2.57,1.05,0,202,87,114,1,0,0,12.73,0.00,0.00,0.00,,0.00,,0.00,EastMoney,2026-08-04T16:42:36+08:00
BK0500,2026-08-04T00:00:00Z,1204106,1204341,1206813,1197768,1200522,3819,0.32,242073611,698818114405,0.72,0.97,0.00,0,108117233,133956378,67334560512000,51766003712000,19853086720,155688398848,131371900928,24316497920,195167891456,199631302656,-4463411200,200411320320,218731954176,-18320633856,135676477440,137208934400,-1532456960,2.84,3.48,-0.64,-2.62,-0.22,0,300,117,179,4,0,0,14.21,0.00,0.00,0.00,,0.00,,0.00,EastMoney,2026-08-04T16:42:36+08:00
BK0501,2026-08-04T00:00:00Z,2208078,2245895,2247554,2197353,2197182,48713,2.22,11186331,61112694565,9.20,0.72,0.00,0,5568792,5617539,6839621120000,609909984000,-378635776,13407293184,13530997504,-123704320,18334978048,18589909504,-254931456,16650838528,16583221248,67617280,9331271168,8872753664,458517504,-0.62,-0.20,-0.42,0.11,0.75,0,143,101,38,4,0,0,107.80,0.00,0.00,0.00,,0.00,,0.00,EastMoney,2026-08-04T16:42:36+08:00
BK0505,2026-08-04T00:00:00Z,875289,871748,877015,868510,873896,-2148,-0.25,62860753,74128087814,0.57,1.05,0.00,0,26240987,36619767,15771388672000,10025265664000,-2153445376,9885572864,11021864192,-1136291328,16656422912,17673576960,-1017154048,22854475008,22515975168,338499840,23437566976,21622335488,1815231488,-2.91,-1.53,-1.37,0.46,2.45,0,102,33,66,3,0,0,12.36,0.00,0.00,0.00,,0.00,,0.00,EastMoney,2026-08-04T16:42:36+08:00
BK0506,2026-08-04T00:00:00Z,1687385,1702788,1706597,1683046,1680733,22055,1.31,104590737,151434286305,2.67,1.02,0.00,0,51651820,52938918,5421054464000,5070021376000,7196327168,24147566080,17490924288,6656641792,34757797376,34218112000,539685376,44380002560,48039063808,-3659061248,45372364544,48909630464,-3537265920,4.75,4.40,0.36,-2.42,-2.34,0,295,175,112,8,0,0,35.10,0.00,0.00,0.00,,0.00,,0.00,EastMoney,2026-08-04T16:42:36+08:00
BK0509,2026-08-04T00:00:00Z,1273774,1311400,1314182,1272307,1265901,45499,3.59,36495705,49747937087,4.09,1.16,0.00,0,19014997,17480708,1095492304000,1027690192000,1677022720,7418099456,6019889152,1398210304,12279120896,12000308480,278812416,15230056192,16004318976,-774262784,13834742784,14737502976,-902760192,3.37,2.81,0.56,-1.56,-1.81,0,66,59,7,0,0,0,54.05,0.00,0.00,0.00,,0.00,,0.00,EastMoney,2026-08-04T16:42:36+08:00
BK0511,2026-08-04T00:00:00Z,605410,609027,609027,603453,604636,4391,0.73,32369503,12254332001,1.79,1.07,0.00,0,15267586,17101917,743817440000,686607472000,-302162496,547618176,741564368,-193946192,3456047584,3564263888,-108216304,4649361664,4520195840,129165824,3157480000,2997553632,159926368,-2.47,-1.58,-0.88,1.05,1.31,0,210,110,78,22,0,0,-5.81,0.00,0.00,0.00,,0.00,,0.00,EastMoney,2026-08-04T16:42:36+08:00
BK0512,2026-08-04T00:00:00Z,2686695,2706340,2712282,2677294,2681272,25068,0.93,16607390,27156982943,2.14,0.84,0.00,0,8159523,8447868,1410346928000,1335079376000,-29792624,2518348272,2462044512,56303760,6250936064,6337032448,-86096384,8502830336,8821712640,-318882304,9484620544,9135945472,348675072,-0.11,0.21,-0.32,-1.17,1.28,0,77,41,35,1,0,0,23.84,0.00,0.00,0.00,,0.00,,0.00,EastMoney,2026-08-04T16:42:36+08:00
BK0514,2026-08-04T00:00:00Z,1388913,1382705,1391512,1378699,1387372,-4667,-0.34,36564201,43263577187,1.17,0.93,0.00,0,16411537,20152663,3655627744000,2994850336000,-726212864,4914602496,5177912576,-263310080,9878465536,10341368320,-462902784,13696388608,13617124096,79264512,14003332608,13356384000,646948608,-1.68,-0.61,-1.07,0.18,1.50,0,127,45,75,7,0,0,12.57,0.00,0.00,0.00,,0.00,,0.00,EastMoney,2026-08-04T16:42:36+08:00
BK0519,2026-08-04T00:00:00Z,3414641,3446224,3455462,3398828,3402675,43549,1.28,35550310,64848197723,1.54,1.02,0.00,0,17977446,17572865,4991079936000,4236821600000,797873152,9968387840,8318870016,1649517824,15968689920,16820334592,-851644672,19194357248,20039272192,-844914944,18641444096,18594402560,47041536,1.23,2.54,-1.31,-1.30,0.07,0,80,58,21,1,0,0,18.51,0.00,0.00,0.00,,0.00,,0.00,EastMoney,2026-08-04T16:42:36+08:00
BK0520,2026-08-04T00:00:00Z,1265630,1277868,1283224,1257938,1261899,15969,1.27,1272247,2917131171,2.11,0.89,0.00,0,634273,637974,144990249000,120298497000,-77904319,144025753,176192552,-32166799,590654640,636392160,-45737520,922480448,934021440,-11540992,1216591808,1127146512,89445296,-2.67,-1.10,-1.57,-0.40,3.07,0,14,9,5,0,0,0,24.83,0.00,0.00,0.00,,0.00,,0.00,EastMoney,2026-08-04T16:42:36+08:00
BK0523,2026-08-04T00:00:00Z,3614598,3693887,3701356,3596609,3596435,97452,2.71,92106909,206724214535,2.88,0.98,0.00,0,47977600,44129309,6682248704000,6001222400000,8946271744,27323778048,20437059840,6886718208,49536237824,47476684288,2059553536,63540047104,67209558528,-3669511424,62546686464,67752151552,-5205465088,4.33,3.33,1.00,-1.78,-2.52,0,393,308,76,9,0,0,46.54,0.00,0.00,0.00,,0.00,,0.00,EastMoney,2026-08-04T16:42:36+08:00
BK0524,2026-08-04T00:00:00Z,2984218,2979522,2988787,2962135,2977614,1908,0.06,16333063,19720255016,0.89,0.90,0.00,0,7627183,8705880,2912051568000,2381525424000,-879476640,2623474336,3307881024,-684406688,4850704896,5045774848,-195069952,6146575872,5970052352,176523520,5724018432,5021065472,702952960,-4.46,-3.47,-0.99,0.90,3.56,0,46,18,27,1,0,0,11.56,0.00,0.00,0.00,,0.00,,0.00,EastMoney,2026-08-04T16:42:36+08:00
BK0525,2026-08-04T00:00:00Z,1155108,1153790,1156774,1146933,1152797,993,0.09,86527278,93476218273,0.98,0.94,0.00,0,39940674,46586604,11432331008000,9422962944000,-2996128768,11332382208,12048720896,-716338688,21025974528,23305764608,-2279790080,28673027328,27907823616,765203712,30742766080,28501837568,2240928512,-3.21,-0.77,-2.44,0.82,2.40,0,228,90,120,18,0,0,12.00,0.00,0.00,0.00,,0.00,,0.00,EastMoney,2026-08-04T16:42:36+08:00
BK0528,2026-08-04T00:00:00Z,1187032,1200141,1203633,1182502,1182573,17568,1.49,58075916,110519427953,1.47,0.99,0.00,0,27209736,30866180,6007318784000,5427360768000,706782720,10749572096,10056972800,692599296,25168779008,25154595584,14183424,37137214208,38054134784,-916920576,35561762816,35351624960,210137856,0.64,0.63,0.01,-0.83,0.19,0,322,185,129,8,0,0,27.77,0.00,0.00,0.00,,0.00,,0.00,EastMoney,2026-08-04T16:42:36+08:00
BK0534,2026-08-04T00:00:00Z,2034535,2044451,2047969,2023401,2025606,18845,0.93,24544253,31330624497,1.59,0.99,0.00,0,11129303,13414951,1972644032000,1789125152000,-167643776,3481999888,3132744080,349255808,6832482304,7349381888,-516899584,9725570816,9880582400,-155011584,10743122176,10420466944,322655232,-0.54,1.11,-1.65,-0.49,1.03,0,85,39,43,3,0,0,22.35,0.00,0.00,0.00,,0.00,,0.00,EastMoney,2026-08-04T16:42:36+08:00
BK0535,2026-08-04T00:00:00Z,2155648,2194215,2197780,2152175,2141828,52387,2.45,126005967,235056547344,3.82,1.03,0.00,0,63580244,62425723,6797185792000,4892746240000,11724738560,35201074688,24817296896,10383777792,57820751872,56479791104,1340960768,68025206272,73116033024,-5090826752,69859639296,76493553664,-6633914368,4.99,4.42,0.57,-2.17,-2.82,0,700,541,139,20,0,0,32.71,0.00,0.00,0.00,,0.00,,0.00,EastMoney,2026-08-04T16:42:36+08:00
BK0536,2026-08-04T00:00:00Z,1398430,1462471,1472622,1388903,1376911,85560,6.21,22980983,333336444339,4.65,1.02,0.00,0,12023909,10957075,8156388352000,7555631616000,25530699776,98411573248,72440422400,25971150848,104983089152,105423540224,-440451072,90558574592,107576328192,-17017753600,33739131136,42252079872,-8512948736,7.66,7.79,-0.13,-5.11,-2.55,0,61,54,7,0,0,0,67.63,0.00,0.00,0.00,,0.00,,0.00,EastMoney,2026-08-04T16:42:36+08:00
BK0538,2026-08-04T00:00:00Z,2950251,2987315,2992964,2936413,2938921,48394,1.65,22287586,37851740273,2.60,0.89,0.00,0,11112870,11174717,1655264016000,1505108544000,-465111872,2841644992,3398110464,-556465472,8392133632,8300780032,91353600,12292981248,12158539776,134441472,13344387072,13034284800,310102272,-1.23,-1.47,0.24,0.36,0.82,0,183,133,42,8,0,0,34.95,0.00,0.00,0.00,,0.00,,0.00,EastMoney,2026-08-04T16:42:36+08:00
BK0539,2026-08-04T00:00:00Z,1151453,1154217,1157181,1146172,1149239,4978,0.43,4706269,4426390999,2.32,0.80,0.00,0,2302620,2403649,207569734000,195727061000,183521392,650200864,378040816,272160048,901778768,990417424,-88638656,1298618976,1385141536,-86522560,1502769920,1599768768,-96998848,4.15,6.15,-2.00,-1.95,-2.19,0,22,9,13,0,0,0,-209.80,0.00,0.00,0.00,,0.00,,0.00,EastMoney,2026-08-04T16:42:36+08:00
BK0545,2026-08-04T00:00:00Z,4534480,4640116,4648194,4514060,4505759,134357,2.98,42780931,69816005478,4.89,1.30,0.00,0,21539732,21241199,2123022352000,1524473056000,1796399104,7581030912,6388800512,1192230400,17055065344,16450896640,604168704,20777643520,21448425472,-670781952,22040122624,23072511232,-1032388608,2.57,1.71,0.87,-0.96,-1.48,0,256,209,37,10,0,0,83.33,0.00,0.00,0.00,,0.00,,0.00,EastMoney,2026-08-04T16:42:36+08:00
BK0546,2026-08-04T00:00:00Z,6111432,6249678,6272338,6059723,6071312,178366,2.94,8583608,24262399108,4.22,0.91,0.00,0,4637296,3946312,545780544000,437010576000,1090327712,4347577088,3315676000,1031901088,5867758080,5809331456,58426624,6953696256,7392582912,-438886656,6750184192,7401624832,-651440640,4.49,4.25,0.24,-1.81,-2.68,0,17,12,3,2,0,0,89.68,0.00,0.00,0.00,,0.00,,0.00,EastMoney,2026-08-04T16:42:36+08:00
BK0547,2026-08-04T00:00:00Z,1871393,1880070,1885238,1861006,1866277,13793,0.74,30594768,45388514906,1.76,0.94,0.00,0,15199933,15394835,3016594288000,2573248624000,-668593408,6015794176,5586460416,429333760,10764890368,11862817536,-1097927168,13630916096,14041686272,-410770176,14191097344,13111734016,1079363328,-1.47,0.95,-2.42,-0.91,2.38,0,71,40,27,4,0,0,19.11,0.00,0.00,0.00,,0.00,,0.00,EastMoney,2026-08-04T16:42:36+08:00
BK0548,2026-08-04T00:00:00Z,2553617,2565346,2578855,2553252,2546831,18515,0.73,13879961,17097786565,2.01,0.98,0.00,0,6918130,6961831,957901840000,839428960000,-197953120,1051638288,1208856272,-157217984,3744270544,3785005680,-40735136,5838844672,5771419904,67424768,6123873024,5998332672,125540352,-1.16,-0.92,-0.24,0.39,0.73,0,69,38,29,2,0,0,62.94,0.00,0.00,0.00,,0.00,,0.00,EastMoney,2026-08-04T16:42:36+08:00
BK0549,2026-08-04T00:00:00Z,3643487,3712013,3720842,3634236,3617704,94309,2.61,81626713,179303520769,1.87,0.98,0.00,0,40311817,41314896,10608857088000,8808633856000,4549022464,25627045632,22184681728,3442363904,44131450368,43024791808,1106658560,54788239104,57322354688,-2534115584,51797530368,53804302848,-2006772480,2.54,1.92,0.62,-1.41,-1.12,0,347,250,92,5,0,0,24.38,0.00,0.00,0.00,,0.00,,0.00,EastMoney,2026-08-04T16:42:36+08:00
BK0552,2026-08-04T00:00:00Z,1615978,1631495,1634417,1611738,1607656,23839,1.48,318597227,465837622137,1.05,1.00,0.00,0,149274847,169322381,42639324672000,33032974848000,809385216,62520892416,58158599936,4362292480,112832282624,116385189888,-3552907264,148248915968,153104429056,-4855513088,133197889536,129041215488,4156674048,0.17,0.94,-0.76,-1.04,0.89,0,1128,681,417,30,0,0,13.26,0.00,0.00,0.00,,0.00,,0.00,EastMoney,2026-08-04T16:42:36+08:00
BK0554,2026-08-04T00:00:00Z,1547446,1577064,1580742,1541265,1535416,41648,2.71,113401890,265490902305,3.07,1.00,0.00,0,60318807,53083083,10040424960000,7357410560000,15079421952,46384566016,34285667840,12098898176,65435921920,62455398144,2980523776,78003326976,83870736384,-5867409408,70531481600,79699558400,-9168076800,5.68,4.56,1.12,-2.21,-3.45,0,378,309,61,8,0,0,31.24,0.00,0.00,0.00,,0.00,,0.00,EastMoney,2026-08-04T16:42:36+08:00
BK0556,2026-08-04T00:00:00Z,1135029,1145321,1147416,1131613,1129358,15963,1.41,19340809,35626996708,1.97,0.91,0.00,0,9402171,9938639,3025382672000,969465840000,1446394960,4742675200,3781705648,960969552,8146356992,7660931584,485425408,10999912448,11450736640,-450824192,11043520000,12039090688,-995570688,4.06,2.70,1.36,-1.27,-2.79,0,67,50,15,2,0,0,19.85,0.00,0.00,0.00,,0.00,,0.00,EastMoney,2026-08-04T16:42:36+08:00
BK0566,2026-08-04T00:00:00Z,1030577,1030758,1034579,1024593,1025478,5280,0.51,5883549,3456049383,1.72,0.91,0.00,0,2908747,2974801,208788354000,193469964000,20978278,242049190,292965232,-50916042,763662944,691768624,71894320,1089680672,1130457312,-40776640,1292878848,1273080496,19798352,0.61,-1.47,2.08,-1.18,0.57,0,21,8,12,1,0,0,-30.29,0.00,0.00,0.00,,0.00,,0.00,EastMoney,2026-08-04T16:42:36+08:00
BK0567,2026-08-04T00:00:00Z,349853,354507,355524,348817,347289,7218,2.08,48062755,131139771424,2.52,1.08,0.00,0,23968352,24094402,5263452672000,4717639680000,3779316736,18123823616,14378460672,3745362944,33136101632,33102147840,33953792,44675384320,46272588800,-1597204480,32982700800,35164812800,-2182112000,2.88,2.86,0.03,-1.22,-1.66,0,212,147,62,3,0,0,41.91,0.00,0.00,0.00,,0.00,,0.00,EastMoney,2026-08-04T16:42:36+08:00
BK0568,2026-08-04T00:00:00Z,139123,140834,141260,138746,138324,2510,1.81,252805937,720217616211,2.19,1.02,0.00,0,128359334,124446603,29909540608000,25566363136000,36747812864,139782500352,108178792448,31603707904,188144562176,183000457216,5144104960,212380667904,235878035456,-23497367552,167789494272,181039943680,-13250449408,5.10,4.39,0.71,-3.26,-1.84,0,500,298,198,4,0,0,33.29,0.00,0.00,0.00,,0.00,,0.00,EastMoney,2026-08-04T16:42:36+08:00
BK0574,2026-08-04T00:00:00Z,389895,396821,397811,388430,388104,8717,2.25,102866543,218333877214,2.37,0.93,0.00,0,51913336,50953207,10930855936000,9333701120000,3091594240,27389406208,23704889344,3684516864,51908182784,52501105408,-592922624,68237051904,70639202304,-2402150400,66697745920,67400436480,-702690560,1.42,1.69,-0.27,-1.10,-0.32,0,426,331,87,8,0,0,32.89,0.00,0.00,0.00,,0.00,,0.00,EastMoney,2026-08-04T16:42:36+08:00
BK0577,2026-08-04T00:00:00Z,268185,270544,270803,266817,266480,4064,1.53,95591581,100914366321,2.10,1.35,0.00,0,44979354,50612227,4842613248000,4055649840000,885445376,11408893440,10521301504,887591936,21982094592,21984241152,-2146560,31084000768,31597624320,-513623552,33578745856,33950465536,-371719680,0.88,0.88,0.00,-0.51,-0.37,0,201,116,79,6,0,0,27.38,0.00,0.00,0.00,,0.00,,0.00,EastMoney,2026-08-04T16:42:36+08:00
BK0578,2026-08-04T00:00:00Z,326765,331627,332578,325504,325014,6613,2.03,15891621,27512913098,1.89,0.94,0.00,0,7817459,8074162,1131872032000,1012951280000,991403552,3211080000,2557175328,653904672,6713612544,6376113664,337498880,8579955968,8901718016,-321762048,8507608832,9175692288,-668083456,3.60,2.38,1.23,-1.17,-2.43,0,46,39,6,1,0,0,29.76,0.00,0.00,0.00,,0.00,,0.00,EastMoney,2026-08-04T16:42:36+08:00
BK0579,2026-08-04T00:00:00Z,322110,329863,330497,322110,318298,11565,3.63,56144699,132637105645,2.53,1.13,0.00,0,28708767,27435932,7004592128000,4602903552000,7138370304,23047112960,17649901568,5397211392,33693608192,31952449280,1741158912,39862672896,43188468992,-3325796096,33108007424,36854616064,-3746608640,5.38,4.07,1.31,-2.51,-2.82,0,144,128,15,1,0,0,27.33,0.00,0.00,0.00,,0.00,,0.00,EastMoney,2026-08-04T16:42:36+08:00
BK0580,2026-08-04T00:00:00Z,435312,447747,449526,433313,432160,15587,3.61,38040705,71240658657,3.77,0.93,0.00,0,21852774,16187931,1996134432000,1744889200000,7043425024,17772909568,10417406976,7355502592,17265385728,17577463296,-312077568,21303237376,24044055808,-2740818432,13822965760,18125859840,-4302894080,9.89,10.32,-0.44,-3.85,-6.04,0,91,84,7,0,0,0,88.88,0.00,0.00,0.00,,0.00,,0.00,EastMoney,2026-08-04T16:42:36+08:00
BK0581,2026-08-04T00:00:00Z,201240,204110,204460,200435,199582,4528,2.27,57415751,82099183756,3.76,1.08,0.00,0,28816808,28598944,2626990688000,2279070592000,1718654976,8412807168,6634059264,1778747904,17781858048,17841950976,-60092928,25877858816,27140381952,-1262523136,28187415808,28640475648,-453059840,2.09,2.17,-0.07,-1.54,-0.55,0,198,160,28,10,0,0,43.16,0.00,0.00,0.00,,0.00,,0.00,EastMoney,2026-08-04T16:42:36+08:00
BK0588,2026-08-04T00:00:00Z,380305,384906,385550,378748,378091,6815,1.80,132641005,182899205588,2.09,0.94,0.00,0,64915464,67725542,9239909376000,7547005184000,1346044160,20670117888,18558845696,2111272192,41401291264,42166519296,-765228032,58027318528,59552962048,-1525643520,58898777856,58706424832,192353024,0.74,1.15,-0.42,-0.83,0.11,0,438,273,146,19,0,0,44.66,0.00,0.00,0.00,,0.00,,0.00,EastMoney,2026-08-04T16:42:36+08:00
BK0590,2026-08-04T00:00:00Z,325497,328023,328435,324668,323926,4097,1.26,147261698,238014860800,1.84,1.00,0.00,0,71105050,76156648,12431358464000,11402388224000,5791707136,35862896384,29599795968,6263100416,61393239296,61864632576,-471393280,71469404160,76603228160,-5133824000,64262844160,64923267584,-660423424,2.43,2.63,-0.20,-2.16,-0.28,0,608,350,232,26,0,0,32.83,0.00,0.00,0.00,,0.00,,0.00,EastMoney,2026-08-04T16:42:36+08:00
BK0592,2026-08-04T00:00:00Z,255611,256692,257005,254434,254393,2299,0.90,29986193,32768785954,1.08,1.02,0.00,0,13326923,16659271,2974934080000,2536252576000,297955680,3511796624,3170704432,341092192,7391249152,7434385664,-43136512,10142426624,10207569152,-65142528,11000808192,11230899456,-230091264,0.91,1.04,-0.13,-0.20,-0.70,0,127,69,54,4,0,0,16.15,0.00,0.00,0.00,,0.00,,0.00,EastMoney,2026-08-04T16:42:36+08:00
BK0594,2026-08-04T00:00:00Z,271971,272781,273272,270593,270909,1872,0.69,138922163,202581550743,1.92,1.02,0.00,0,67665452,71256711,9423141632000,8098145536000,8863119360,34656678656,25449280000,9207398656,47315667200,47659946496,-344279296,59883837952,64310350336,-4426512384,57322140672,61758747904,-4436607232,4.38,4.55,-0.17,-2.19,-2.19,0,408,198,189,21,0,0,20.36,0.00,0.00,0.00,,0.00,,0.00,EastMoney,2026-08-04T16:42:36+08:00
BK0595,2026-08-04T00:00:00Z,254515,255673,256008,252939,253046,2627,1.04,97883860,142969004049,1.84,0.98,0.00,0,45875953,52007908,8370230784000,5788074496000,1946829056,19202701824,16675787520,2526914304,32553965824,33134051072,-580085248,43455590656,44959026432,-1503435776,44952622080,45408900096,-456278016,1.36,1.77,-0.41,-1.05,-0.32,0,240,135,95,10,0,0,20.34,0.00,0.00,0.00,,0.00,,0.00,EastMoney,2026-08-04T16:42:36+08:00
BK0596,2026-08-04T00:00:00Z,292070,296307,296953,291309,290531,5776,1.99,978576624,2008703164520,1.52,1.00,0.00,0,477090644,501485979,118438559744000,90436141056000,56600924160,312685948928,258714157056,53971791872,504949858304,502320726016,2629132288,614048239616,653272072192,-39223832576,534977392640,551802171392,-16824778752,2.82,2.69,0.13,-1.95,-0.84,0,3843,2531,1233,79,0,0,21.13,0.00,0.00,0.00,,0.00,,0.00,EastMoney,2026-08-04T16:42:36+08:00
BK0597,2026-08-04T00:00:00Z,190739,191677,191982,189892,189836,1841,0.97,50024352,42528289549,2.26,1.30,0.00,0,23297084,26727267,2173412688000,1994987312000,-528254464,4504738816,4588079360,-83340544,9002089216,9447003136,-444913920,12995190784,13044088576,-48897792,14948365568,14379422464,568943104,-1.24,-0.20,-1.05,-0.11,1.34,0,110,66,40,4,0,0,19.60,0.00,0.00,0.00,,0.00,,0.00,EastMoney,2026-08-04T16:42:36+08:00
BK0600,2026-08-04T00:00:00Z,284177,286487,287064,283432,282934,3553,1.26,47352460,49088002141,3.38,1.17,0.00,0,23149019,24203442,1502911856000,1399801952000,249824768,5275760896,5204801024,70959872,11124390144,10945525248,178864896,15094564864,15410817536,-316252672,16498987008,16432558848,66428160,0.51,0.14,0.36,-0.64,0.14,0,104,65,37,2,0,0,42.72,0.00,0.00,0.00,,0.00,,0.00,EastMoney,2026-08-04T16:42:36+08:00
BK0601,2026-08-04T00:00:00Z,213934,215235,215591,212682,212397,2838,1.34,29294769,52754734587,2.10,1.08,0.00,0,13695642,15599127,2068901600000,1669216928000,1486777856,7638343680,6184346624,1453997056,12385872128,12353091328,32780800,16115494912,16533047296,-417552384,15517683456,16599329792,-1081646336,2.82,2.76,0.06,-0.79,-2.05,0,76,42,30,4,0,0,33.93,0.00,0.00,0.00,,0.00,,0.00,EastMoney,2026-08-04T16:42:36+08:00
BK0603,2026-08-04T00:00:00Z,258057,259780,260357,256510,257887,1893,0.73,16220451,12585929141,0.50,0.97,0.00,0,7595028,8625423,3082496464000,2638328784000,-359830608,1321141040,1596917888,-275776848,2736700384,2820754144,-84053760,4137608608,4137373984,234624,4156044720,3797964272,358080448,-2.86,-2.19,-0.67,0.00,2.85,0,32,17,14,1,0,0,15.18,0.00,0.00,0.00,,0.00,,0.00,EastMoney,2026-08-04T16:42:36+08:00
BK0604,2026-08-04T00:00:00Z,262265,261405,262510,260304,261670,-265,-0.10,49986299,39687605561,0.79,1.12,0.00,0,22750917,27235381,6389866752000,5341109248000,-951174912,4719449344,5093951488,-374502144,8796260352,9372933120,-576672768,11870718208,11729786880,140931328,13344578048,12534334464,810243584,-2.40,-0.94,-1.45,0.36,2.04,0,75,29,46,0,0,0,10.47,0.00,0.00,0.00,,0.00,,0.00,EastMoney,2026-08-04T16:42:36+08:00
BK0606,2026-08-04T00:00:00Z,202804,204065,204706,201746,202346,1719,0.85,10745695,13588349789,1.53,0.90,0.00,0,5282905,5462790,2119145776000,595638032000,-325201648,807202464,1036337600,-229135136,2883722064,2979788576,-96066512,4498117632,4584040704,-85923072,4921398784,4542014976,379383808,-2.39,-1.69,-0.71,-0.63,2.79,0,51,30,20,1,0,0,14.11,0.00,0.00,0.00,,0.00,,0.00,EastMoney,2026-08-04T16:42:36+08:00
BK0610,2026-08-04T00:00:00Z,246067,244425,246108,244114,245770,-1345,-0.55,36003510,100253683626,0.50,1.02,0.00,0,15171543,20831967,16602336256000,11456814592000,-1275093760,18437243648,18320892416,116351232,26000997120,27392442112,-1391444992,29208532480,29424696832,-216164352,24678293248,23187035136,1491258112,-1.27,0.12,-1.39,-0.22,1.49,0,50,16,34,0,0,0,10.01,0.00,0.00,0.00,,0.00,,0.00,EastMoney,2026-08-04T16:42:36+08:00
BK0611,2026-08-04T00:00:00Z,209878,208852,209963,208287,209736,-884,-0.42,61034778,195111348624,0.38,0.98,0.00,0,24448718,36586060,27876865536000,22440516352000,-3723293696,45296453888,42778273536,2518180352,58061371648,64302845696,-6241474048,53795082752,53999185920,-204103168,34097268992,30169871872,3927397120,-1.91,1.29,-3.20,-0.10,2.01,0,50,14,34,2,0,0,11.41,0.00,0.00,0.00,,0.00,,0.00,EastMoney,2026-08-04T16:42:36+08:00
BK0612,2026-08-04T00:00:00Z,172325,171750,172403,171058,172037,-287,-0.17,153956687,365945186691,0.55,0.98,0.00,0,63940956,90015731,48995516672000,36149249536000,-1508883200,71713120256,66879658752,4833461504,101665873920,108008218624,-6342344704,108012752896,109819211776,-1806458880,78021107712,74705760256,3315347456,-0.41,1.32,-1.73,-0.49,0.91,0,180,60,116,4,0,0,11.96,0.00,0.00,0.00,,0.00,,0.00,EastMoney,2026-08-04T16:42:36+08:00
BK0614,2026-08-04T00:00:00Z,687825,695212,697361,687780,685570,9642,1.41,7388380,9608226488,2.41,0.96,0.00,0,3636681,3751699,388372336000,324980000000,-59133984,551482832,500551072,50931760,1853113696,1963179440,-110065744,3130277264,3224446784,-94169520,3867064976,3714849248,152215728,-0.62,0.53,-1.15,-0.98,1.58,0,50,34,14,2,0,0,75.39,0.00,0.00,0.00,,0.00,,0.00,EastMoney,2026-08-04T16:42:36+08:00
BK0615,2026-08-04T00:00:00Z,211532,212597,213892,211532,210639,1958,0.93,31668889,29665406095,2.33,1.00,0.00,0,16022145,15646744,1831116704000,1714715168000,-519042112,2240823440,2321933776,-81110336,6020109824,6458041600,-437931776,9868838912,9909191168,-40352256,10957113344,10399364864,557748480,-1.75,-0.27,-1.48,-0.14,1.88,0,144,78,58,8,0,0,32.26,0.00,0.00,0.00,,0.00,,0.00,EastMoney,2026-08-04T16:42:36+08:00
BK0617,2026-08-04T00:00:00Z,252321,255666,256394,251295,250994,4672,1.86,20336972,30745691581,2.69,1.03,0.00,0,10079332,10257639,980842432000,882857056000,643059856,3739745456,3065994784,673750672,7057850880,7088541696,-30690816,9315133696,9662414080,-347280384,10099938560,10412213760,-312275200,2.09,2.19,-0.10,-1.13,-1.02,0,69,44,23,2,0,0,294.02,0.00,0.00,0.00,,0.00,,0.00,EastMoney,2026-08-04T16:42:36+08:00
BK0619,2026-08-04T00:00:00Z,762520,782435,785148,758231,757781,24654,3.25,16196370,59748232215,3.44,1.00,0.00,0,8529775,7666595,1304746864000,1113967088000,5531951872,9560599808,5959703808,3600896000,14691532288,12760476416,1931055872,18512136192,21843121920,-3330985728,15677993216,17862964736,-2184971520,9.26,6.03,3.23,-5.58,-3.66,0,76,67,9,0,0,0,79.80,0.00,0.00,0.00,,0.00,,0.00,EastMoney,2026-08-04T16:42:36+08:00
BK0622,2026-08-04T00:00:00Z,568534,582781,584981,564825,561038,21743,3.88,2642309,4092066762,3.78,1.01,0.00,0,1375761,1266548,116501647000,114481753000,405645648,550177952,366232000,183945952,958251552,736551856,221699696,1229019952,1277818880,-48798928,1284029584,1640876304,-356846720,9.91,4.50,5.42,-1.19,-8.72,0,9,7,2,0,0,0,47.75,0.00,0.00,0.00,,0.00,,0.00,EastMoney,2026-08-04T16:42:36+08:00
BK0623,2026-08-04T00:00:00Z,313739,315119,315679,312081,311936,3183,1.02,36516820,52681082511,1.92,1.05,0.00,0,17090633,19426186,2213969824000,1928540592000,769677824,6526019584,5749116672,776902912,12026290176,12033515264,-7225088,16408402432,16612324864,-203922432,16645182976,17214793728,-569610752,1.46,1.47,-0.01,-0.39,-1.08,0,112,59,46,7,0,0,22.92,0.00,0.00,0.00,,0.00,,0.00,EastMoney,2026-08-04T16:42:36+08:00
BK0625,2026-08-04T00:00:00Z,522434,523053,524096,517610,520859,2194,0.42,11513174,10963839750,1.30,1.04,0.00,0,5130228,6382946,883011440000,748229344000,-28399024,824344160,904016896,-79672736,2427506976,2376233264,51273712,3585454656,3388093760,197360896,3937091952,4105974800,-168882848,-0.26,-0.73,0.47,1.80,-1.54,0,36,15,21,0,0,0,-53.35,0.00,0.00,0.00,,0.00,,0.00,EastMoney,2026-08-04T16:42:36+08:00
BK0628,2026-08-04T00:00:00Z,513945,525671,526552,513575,510536,15135,2.96,62533693,83236422928,3.37,1.03,0.00,0,33378504,29155189,2558682976000,2350449760000,3967367424,11442075648,8518056448,2924019200,19366790400,18323442176,1043348224,25325427456,26782890496,-1457463040,25166162432,27550252288,-2384089856,4.77,3.51,1.25,-1.75,-2.86,0,217,183,30,4,0,0,101.29,0.00,0.00,0.00,,0.00,,0.00,EastMoney,2026-08-04T16:42:36+08:00
BK0629,2026-08-04T00:00:00Z,595257,606184,607531,592894,591815,14369,2.43,18563134,25073753018,1.84,1.11,0.00,0,9045420,9517714,1157216912000,982784896000,1089041008,2445092640,1648988336,796104304,5494618368,5201681664,292936704,7763790080,8234242816,-470452736,8863508736,9468344832,-604836096,4.34,3.18,1.17,-1.88,-2.41,0,75,62,11,2,0,0,117.38,0.00,0.00,0.00,,0.00,,0.00,EastMoney,2026-08-04T16:42:36+08:00
BK0632,2026-08-04T00:00:00Z,161524,161351,162151,160143,161432,-81,-0.05,12227415,6070212444,1.62,0.96,0.00,0,6032740,6194675,385441296000,342245808000,-73361984,311269504,381489072,-70219568,1292396480,1295538896,-3142416,1924052304,1883405840,40646464,2422468560,2389753024,32715536,-1.21,-1.16,-0.05,0.67,0.54,0,44,16,24,4,0,0,-71.08,0.00,0.00,0.00,,0.00,,0.00,EastMoney,2026-08-04T16:42:36+08:00
BK0634,2026-08-04T00:00:00Z,489214,499076,500287,489130,485608,13468,2.77,105194421,189208966166,3.10,1.06,0.00,0,54089405,51105016,5892089088000,5537678848000,8619558656,29387397888,22836990208,6550407680,46386732800,44317581824,2069150976,57551780352,60967822848,-3416042496,52276926208,57452523520,-5175597312,4.56,3.46,1.09,-1.81,-2.74,0,295,248,42,5,0,0,52.01,0.00,0.00,0.00,,0.00,,0.00,EastMoney,2026-08-04T16:42:36+08:00
BK0636,2026-08-04T00:00:00Z,89014,89049,89084,88696,88864,185,0.21,555261,103860815,0.21,1.09,0.00,0,265320,289941,679847152000,108748116000,-6388569,0,2763277,-2763277,20638522,24263814,-3625292,38992501,40704105,-1711604,41465481,33365308,8100173,-6.15,-2.66,-3.49,-1.65,7.80,0,79,37,24,18,0,0,27.49,0.00,0.00,0.00,,0.00,,0.00,EastMoney,2026-08-04T16:42:36+08:00
BK0637,2026-08-04T00:00:00Z,499197,500031,501434,497653,498089,1942,0.39,108379548,116924816489,0.65,0.96,0.00,0,47644339,60735209,20598543360000,14502100992000,-3419085824,15483364608,17878814208,-2395449600,27928220416,28951856640,-1023636224,35842911232,35310149632,532761600,35388204288,32493337600,2894866688,-2.92,-2.05,-0.88,0.46,2.48,0,191,90,94,7,0,0,8.38,0.00,0.00,0.00,,0.00,,0.00,EastMoney,2026-08-04T16:42:36+08:00
BK0638,2026-08-04T00:00:00Z,230635,237525,238538,229924,228340,9185,4.02,44203367,305124249109,3.65,1.06,0.00,0,22866360,21337007,10205706240000,8644109056000,21269266688,72352313344,55727275776,16625037568,87081213952,82436984832,4644229120,88691232768,104028778496,-15337545728,51740375808,57672093696,-5931717888,6.97,5.45,1.52,-5.03,-1.94,0,100,81,19,0,0,0,43.67,0.00,0.00,0.00,,0.00,,0.00,EastMoney,2026-08-04T16:42:36+08:00
BK0641,2026-08-04T00:00:00Z,374275,384772,386159,371937,371247,13525,3.64,53249777,148180968515,3.75,0.94,0.00,0,29651575,23598203,3793743872000,3451613344000,8553103104,28089893376,21108020224,6981873152,38194520064,36623290112,1571229952,44208767744,47896470016,-3687702272,34796992768,39643691520,-4846698752,5.77,4.71,1.06,-2.49,-3.27,0,129,113,15,1,0,0,49.08,0.00,0.00,0.00,,0.00,,0.00,EastMoney,2026-08-04T16:42:36+08:00
BK0643,2026-08-04T00:00:00Z,320524,322797,323624,319591,319653,3144,0.98,5432133,10661750135,0.77,0.89,0.00,0,2573385,2858748,933802928000,758924256000,420750032,1296512112,1082509440,214002672,2615740864,2408993504,206747360,3742996944,3996780864,-253783920,2843317920,3010284048,-166966128,3.95,2.01,1.94,-2.38,-1.57,0,35,17,17,1,0,0,24.67,0.00,0.00,0.00,,0.00,,0.00,EastMoney,2026-08-04T16:42:36+08:00
BK0644,2026-08-04T00:00:00Z,621280,631554,633411,617854,618150,13404,2.17,47883003,139502933864,2.39,0.97,0.00,0,24477123,23405881,6417843712000,5761746176000,9606740480,26124964864,17094635776,9030329088,34175355392,33598944000,576411392,38927220480,43934523136,-5007302656,37848052224,42448241152,-4600188928,6.89,6.47,0.41,-3.59,-3.30,0,215,161,51,3,0,0,29.23,0.00,0.00,0.00,,0.00,,0.00,EastMoney,2026-08-04T16:42:36+08:00
BK0653,2026-08-04T00:00:00Z,256570,257662,258097,255729,255643,2019,0.79,36491797,35756978367,2.01,1.05,0.00,0,17027442,19464355,2724414000000,2039788944000,-987687632,3743557568,4113489296,-369931728,7841110784,8458866688,-617755904,11373446144,11246860032,126586112,12184695040,11323593472,861101568,-2.76,-1.03,-1.73,0.35,2.41,0,129,70,51,8,0,0,18.12,0.00,0.00,0.00,,0.00,,0.00,EastMoney,2026-08-04T16:42:36+08:00
BK0655,2026-08-04T00:00:00Z,427670,436353,437198,426960,423900,12453,2.94,47485503,96172914018,2.57,1.02,0.00,0,24145250,23340253,4739439872000,2494601344000,4728060160,14759225600,11133763584,3625462016,23156639488,22054041344,1102598144,28920962048,31301332736,-2380370688,27706716928,30046315776,-2339598848,4.92,3.77,1.15,-2.48,-2.43,0,130,116,11,3,0,0,25.74,0.00,0.00,0.00,,0.00,,0.00,EastMoney,2026-08-04T16:42:36+08:00
BK0656,2026-08-04T00:00:00Z,122999,123802,124267,122471,122609,1193,0.97,3955996,4273487995,1.39,0.86,0.00,0,1894320,2061676,291646560000,273288064000,-203115904,350692816,535023744,-184330928,929314416,948099392,-18784976,1386049152,1342666560,43382592,1531064320,1371331008,159733312,-4.75,-4.31,-0.44,1.02,3.74,0,13,8,5,0,0,0,28.16,0.00,0.00,0.00,,0.00,,0.00,EastMoney,2026-08-04T16:42:36+08:00
BK0662,2026-08-04T00:00:00Z,194637,198007,198317,194433,193396,4611,2.38,48399666,61128475311,4.47,1.27,0.00,0,25385176,23014490,1366277424000,1226084768000,1571176704,7672222464,6267570688,1404651776,14816769536,14650244608,166524928,19243701248,19870936320,-627235072,17956176128,18892166656,-935990528,2.57,2.30,0.27,-1.03,-1.53,0,112,85,27,0,0,0,86.55,0.00,0.00,0.00,,0.00,,0.00,EastMoney,2026-08-04T16:42:36+08:00
BK0664,2026-08-04T00:00:00Z,160341,160985,161338,159920,159630,1355,0.85,23557237,22077008961,2.18,0.91,0.00,0,11016877,12540359,1195498928000,1094388368000,-174095488,1447821520,1199865680,247955840,4297884928,4719936256,-422051328,6915593728,7115883776,-200290048,8948126720,8567552768,380573952,-0.79,1.12,-1.91,-0.91,1.72,0,154,85,64,5,0,0,21.63,0.00,0.00,0.00,,0.00,,0.00,EastMoney,2026-08-04T16:42:36+08:00
BK0665,2026-08-04T00:00:00Z,213205,214167,214647,212179,212476,1691,0.80,76761931,86845832069,2.14,0.97,0.00,0,37738213,39023717,5627706624000,5018971648000,-813370624,9552534272,8627630080,924904192,18255486208,19993761024,-1738274816,27712239872,27763706368,-51466496,29521089792,28651951872,869137920,-0.94,1.06,-2.00,-0.06,1.00,0,345,177,160,8,0,0,36.96,0.00,0.00,0.00,,0.00,,0.00,EastMoney,2026-08-04T16:42:36+08:00
BK0666,2026-08-04T00:00:00Z,456917,473972,476042,455149,452724,21248,4.69,48673480,123611993800,3.11,0.95,0.00,0,27356679,21316802,4867847680000,4519315968000,12123682048,27330293248,16399788032,10930505216,29660637184,28467460352,1193176832,33800709888,39262637312,-5461927424,30992031488,37638642944,-6646611456,9.81,8.84,0.97,-4.42,-5.38,0,126,113,11,2,0,0,47.43,0.00,0.00,0.00,,0.00,,0.00,EastMoney,2026-08-04T16:42:36+08:00
BK0667,2026-08-04T00:00:00Z,304557,310846,311593,303378,302271,8575,2.84,25056553,45611198556,2.87,0.99,0.00,0,12783692,12272861,1723656768000,1593425408000,1290362112,5250503168,4671735040,578768128,11222595584,10511001600,711593984,14118122240,14725095168,-606972928,14002443264,14670224384,-667781120,2.83,1.27,1.56,-1.33,-1.46,0,115,97,14,4,0,0,57.99,0.00,0.00,0.00,,0.00,,0.00,EastMoney,2026-08-04T16:42:36+08:00
BK0668,2026-08-04T00:00:00Z,399121,404672,405437,399121,396852,7820,1.97,49179525,95827057887,2.22,0.95,0.00,0,24967592,24211933,4824082176000,4241820304000,1880825600,9675950336,7807756544,1868193792,21946199808,21933568000,12631808,31748647936,32774402560,-1025754624,30581234688,31445967104,-864732416,1.96,1.95,0.01,-1.07,-0.90,0,335,246,80,9,0,0,35.16,0.00,0.00,0.00,,0.00,,0.00,EastMoney,2026-08-04T16:42:36+08:00
BK0669,2026-08-04T00:00:00Z,138762,138149,139126,137478,138432,-283,-0.20,6207685,4546770198,1.59,0.90,0.00,0,2846274,3361411,266111599000,231296029000,-296962157,230298595,381375952,-151077357,879002256,1024887056,-145884800,1417669264,1359313056,58356208,1941725360,1703119424,238605936,-6.53,-3.32,-3.21,1.28,5.25,0,39,18,21,0,0,0,26.72,0.00,0.00,0.00,,0.00,,0.00,EastMoney,2026-08-04T16:42:36+08:00
BK0671,2026-08-04T00:00:00Z,252958,253695,254554,251432,251673,2022,0.80,4543049,3532472422,1.98,0.92,0.00,0,2182871,2360178,152130744000,145904219000,-61482035,146618015,184483490,-37865475,666516464,690133024,-23616560,1193326496,1121009920,72316576,1450449680,1461284224,-10834544,-1.74,-1.07,-0.67,2.05,-0.31,0,19,10,9,0,0,0,103.45,0.00,0.00,0.00,,0.00,,0.00,EastMoney,2026-08-04T16:42:36+08:00
BK0672,2026-08-04T00:00:00Z,239140,237221,239930,236686,238793,-1572,-0.66,7432780,6908032060,0.81,0.89,0.00,0,3249025,4183755,800767104000,720585872000,-222402064,440158768,539508720,-99349952,1325827360,1448879472,-123052112,2245870064,2245318704,551360,2763440944,2541590256,221850688,-3.22,-1.44,-1.78,0.01,3.21,0,39,9,28,2,0,0,18.18,0.00,0.00,0.00,,0.00,,0.00,EastMoney,2026-08-04T16:42:36+08:00
BK0674,2026-08-04T00:00:00Z,362145,374613,376325,359528,359175,15438,4.30,11181925,28956416016,3.79,0.99,0.00,0,5779671,5402254,709004592000,674175312000,1766792224,4933166592,3567544544,1365622048,7333529344,6932359168,401170176,8848708096,9576575744,-727867648,7317982208,8364278272,-1046296064,6.10,4.72,1.39,-2.51,-3.61,0,18,16,2,0,0,0,1381.51,0.00,0.00,0.00,,0.00,,0.00,EastMoney,2026-08-04T16:42:36+08:00
BK0675,2026-08-04T00:00:00Z,252952,254754,255947,252952,251595,3159,1.26,15801364,20590994697,1.77,0.98,0.00,0,7828016,7973348,1219232800000,1087277104000,-66575424,1644293792,1502691808,141601984,4471501824,4679679232,-208177408,6767718400,6972973056,-205254656,7275772416,7005576960,270195456,-0.32,0.69,-1.01,-1.00,1.31,0,109,70,35,4,0,0,119.42,0.00,0.00,0.00,,0.00,,0.00,EastMoney,2026-08-04T16:42:36+08:00
BK0676,2026-08-04T00:00:00Z,239266,240430,241863,239266,238230,2200,0.92,6200582,7322714260,1.49,0.84,0.00,0,2992363,3208219,674549952000,600945904000,-153175632,430891680,450012608,-19120928,1453965008,1588019712,-134054704,2511785104,2565124352,-53339248,2813312896,2606798000,206514896,-2.09,-0.26,-1.83,-0.73,2.82,0,43,23,19,1,0,0,51.24,0.00,0.00,0.00,,0.00,,0.00,EastMoney,2026-08-04T16:42:36+08:00
BK0677,2026-08-04T00:00:00Z,302757,304271,304791,301274,301786,2485,0.82,17098089,14135127814,1.66,0.98,0.00,0,7947852,9150237,1017244544000,874901264000,-714077840,855679488,1175978368,-320298880,2955822384,3349601344,-393778960,4507038976,4305925888,201113088,5530265600,5015776256,514489344,-5.05,-2.27,-2.79,1.42,3.64,0,76,37,35,4,0,0,30.02,0.00,0.00,0.00,,0.00,,0.00,EastMoney,2026-08-04T16:42:36+08:00
BK0679,2026-08-04T00:00:00Z,616119,629422,630434,613724,612049,17373,2.84,12114223,23146660107,2.32,1.13,0.00,0,5925478,6188745,528800528000,483867488000,2502086480,4923604736,2421663408,2501941328,5198923264,5198778112,145152,6395602432,7521127168,-1125524736,6300191488,7675587840,-1375396352,10.81,10.81,0.00,-4.86,-5.94,0,19,15,4,0,0,0,31.38,0.00,0.00,0.00,,0.00,,0.00,EastMoney,2026-08-04T16:42:36+08:00
BK0680,2026-08-04T00:00:00Z,277849,281419,281974,276684,276340,5079,1.84,30237326,74219649298,2.05,0.94,0.00,0,14899785,15337540,3916618144000,3439002464000,1344314112,10160495104,8439236608,1721258496,18255402496,18632346880,-376944384,23694853632,24737471488,-1042617856,20801620992,21106000384,-304379392,1.81,2.32,-0.51,-1.40,-0.41,0,165,112,48,5,0,0,69.17,0.00,0.00,0.00,,0.00,,0.00,EastMoney,2026-08-04T16:42:36+08:00
BK0682,2026-08-04T00:00:00Z,394490,400849,401489,392598,392580,8269,2.11,36340476,67767731706,2.06,0.95,0.00,0,17685378,18655098,3007368176000,2553219792000,2537376000,8583587072,6748121856,1835465216,16729416960,16027506176,701910784,20724742144,21971929088,-1247186944,20714168832,22011499008,-1297330176,3.74,2.71,1.04,-1.84,-1.91,0,142,99,40,3,0,0,42.96,0.00,0.00,0.00,,0.00,,0.00,EastMoney,2026-08-04T16:42:36+08:00
BK0683,2026-08-04T00:00:00Z,468631,469274,470084,465878,467055,2219,0.48,447177095,549535117520,1.21,0.97,0.00,0,210770993,236406103,48436357888000,36418103040000,868135936,67199762688,62660803840,4538958848,125278965760,128949788672,-3670822912,174272806912,177262411776,-2989604864,172571533312,170444218368,2127314944,0.16,0.83,-0.67,-0.54,0.39,0,1442,642,744,56,0,0,17.92,0.00,0.00,0.00,,0.00,,0.00,EastMoney,2026-08-04T16:42:36+08:00
BK0684,2026-08-04T00:00:00Z,165817,166220,166576,164581,165542,678,0.41,22005262,13996474185,1.87,1.03,0.00,0,10606450,11398812,700268944000,598495952000,-62275392,933227072,933034816,192256,2902183632,2964651280,-62467648,4496507392,4538248448,-41741056,5285512192,5163265536,122246656,-0.44,0.00,-0.45,-0.30,0.87,0,60,23,34,3,0,0,-21.90,0.00,0.00,0.00,,0.00,,0.00,EastMoney,2026-08-04T16:42:36+08:00
BK0685,2026-08-04T00:00:00Z,273830,278569,279061,272986,268470,10099,3.76,1364258,2256410141,2.21,1.38,0.00,0,651118,713140,95634301000,88805865000,-4108752,176095200,180206432,-4111232,505204800,505202320,2480,703519872,725569776,-22049904,819354720,793196064,26158656,-0.18,-0.18,0.00,-0.98,1.16,0,13,11,2,0,0,0,30.78,0.00,0.00,0.00,,0.00,,0.00,EastMoney,2026-08-04T16:42:36+08:00
BK0689,2026-08-04T00:00:00Z,246917,251983,252593,246502,245162,6821,2.78,78077879,170216050613,2.95,1.06,0.00,0,39944837,38133042,8675661312000,4865061376000,2961005568,32366237696,29355039232,3011198464,51668953344,51719146240,-50192896,46570613760,48678213376,-2107599616,36358818304,37185253120,-826434816,1.74,1.77,-0.03,-1.24,-0.49,0,173,134,37,2,0,0,61.44,0.00,0.00,0.00,,0.00,,0.00,EastMoney,2026-08-04T16:42:36+08:00
BK0690,2026-08-04T00:00:00Z,546509,560081,561830,545402,543776,16305,3.00,15400832,38095099670,2.44,0.82,0.00,0,7775571,7625261,1173359328000,942411808000,1016862464,5128037888,4436921088,691116800,9682702592,9356956928,325745664,12735093504,12946484736,-211391232,10001570048,10807041536,-805471488,2.67,1.81,0.86,-0.55,-2.11,0,40,35,4,1,0,0,42.78,0.00,0.00,0.00,,0.00,,0.00,EastMoney,2026-08-04T16:42:36+08:00
BK0692,2026-08-04T00:00:00Z,145021,145565,145830,144031,144884,681,0.47,16251318,9479481306,2.35,0.97,0.00,0,8119973,8131345,361763728000,319028640000,-55588320,690227920,606368208,83859712,1918252880,2057700912,-139448032,3140861728,3092472384,48389344,3578121360,3570922400,7198960,-0.59,0.88,-1.47,0.51,0.08,0,54,24,28,2,0,0,-9.62,0.00,0.00,0.00,,0.00,,0.00,EastMoney,2026-08-04T16:42:36+08:00
BK0693,2026-08-04T00:00:00Z,173144,175511,175702,173144,172285,3226,1.87,20255256,14644878553,7.24,1.60,0.00,0,9903053,10352204,405533376000,317967120000,-221900624,1466088384,1679548192,-213459808,3232676096,3241116912,-8440816,4474501376,4590862848,-116361472,5002258688,4668332800,333925888,-1.52,-1.46,-0.06,-0.79,2.28,0,41,32,8,1,0,0,-2506.39,0.00,0.00,0.00,,0.00,,0.00,EastMoney,2026-08-04T16:42:36+08:00
BK0695,2026-08-04T00:00:00Z,400666,408582,409681,400128,398953,9629,2.41,50720207,94476683476,1.84,0.96,0.00,0,25490673,25229534,5012048640000,4090998400000,3577177856,13406011904,10150617856,3255394048,23199164672,22877380864,321783808,28399072512,30007720448,-1608647936,27967670528,29935074048,-1967403520,3.79,3.45,0.34,-1.70,-2.08,0,116,100,15,1,0,0,21.05,0.00,0.00,0.00,,0.00,,0.00,EastMoney,2026-08-04T16:42:36+08:00
BK0696,2026-08-04T00:00:00Z,318589,325037,325655,318170,315908,9129,2.89,58077090,98509341494,3.87,1.11,0.00,0,29542759,28534332,2923609840000,2598129456000,2097245952,13869536512,11499878400,2369658112,23503674112,23776086272,-272412160,31342981888,32509700864,-1166718976,27554059776,28451195136,-897135360,2.13,2.41,-0.28,-1.18,-0.91,0,234,208,23,3,0,0,166.46,0.00,0.00,0.00,,0.00,,0.00,EastMoney,2026-08-04T16:42:36+08:00
BK0697,2026-08-04T00:00:00Z,315481,313782,315717,312675,315346,-1564,-0.50,17881056,25172299513,1.36,0.94,0.00,0,8189905,9691151,2267912352000,1824266112000,-797361536,3544883776,3864060608,-319176832,5811350272,6289534976,-478184704,7705935104,7587720704,118214400,7668844544,6989697536,679147008,-3.17,-1.27,-1.90,0.47,2.70,0,55,13,38,4,0,0,11.49,0.00,0.00,0.00,,0.00,,0.00,EastMoney,2026-08-04T16:42:36+08:00
BK0698,2026-08-04T00:00:00Z,141810,142238,143689,141810,140859,1379,0.98,5411880,7513757292,1.42,1.00,0.00,0,2701879,2710001,499561888000,436504064000,-86083296,381546672,460204560,-78657888,1615995520,1623420928,-7425408,2740819888,2720511744,20308144,2666313008,2600537856,65775152,-1.15,-1.05,-0.10,0.27,0.88,0,45,30,14,1,0,0,42.74,0.00,0.00,0.00,,0.00,,0.00,EastMoney,2026-08-04T16:42:36+08:00
BK0699,2026-08-04T00:00:00Z,272810,279653,279730,271760,270786,8867,3.27,3662342,9223745515,3.53,0.96,0.00,0,1904795,1757547,213235607000,201345872000,897699312,1729940096,1041560752,688379344,2267567632,2058247664,209319968,2693486224,3012107248,-318621024,2365927648,2945005952,-579078304,9.73,7.46,2.27,-3.45,-6.28,0,11,10,1,0,0,0,393.30,0.00,0.00,0.00,,0.00,,0.00,EastMoney,2026-08-04T16:42:36+08:00
BK0700,2026-08-04T00:00:00Z,292476,297402,297874,291022,290203,7199,2.48,69985168,126147089413,3.08,1.05,0.00,0,35187502,34797667,4813113856000,3945855184000,2594051072,14169886464,12057578240,2112308224,28920817664,28439074816,481742848,39138588416,41009735680,-1871147264,41518400000,42241080832,-722680832,2.06,1.67,0.38,-1.48,-0.57,0,261,192,64,5,0,0,36.68,0.00,0.00,0.00,,0.00,,0.00,EastMoney,2026-08-04T16:42:36+08:00
BK0701,2026-08-04T00:00:00Z,249724,251760,252801,248846,248494,3266,1.31,203534896,443792059037,1.84,1.03,0.00,0,100969280,102565616,18092128000000,15345811712000,15853115904,62067107328,48798776320,13268331008,112552607744,109967822848,2584784896,141899550720,149899825152,-8000274432,119996211200,127849054208,-7852843008,3.57,2.99,0.58,-1.80,-1.77,0,500,267,227,6,0,0,35.66,0.00,0.00,0.00,,0.00,,0.00,EastMoney,2026-08-04T16:42:36+08:00
BK0703,2026-08-04T00:00:00Z,509080,523702,525276,506985,506490,17212,3.40,13932518,42856234940,3.50,0.98,0.00,0,7313018,6619499,938022240000,876124480000,1374418944,6575807232,5405664000,1170143232,10178573312,9974297600,204275712,12862929664,13426919680,-563990016,12555448064,13365877248,-810429184,3.21,2.73,0.48,-1.32,-1.89,0,37,30,7,0,0,0,58.00,0.00,0.00,0.00,,0.00,,0.00,EastMoney,2026-08-04T16:42:36+08:00
BK0704,2026-08-04T00:00:00Z,238513,242689,243331,237380,237082,5607,2.37,42229226,82869378744,2.76,0.97,0.00,0,21270987,20958239,3526713760000,3103910496000,2572390144,8201311232,6648439296,1552871936,18755843072,17736324864,1019518208,26804645888,27428004864,-623358976,27603483648,29547361792,-1943878144,3.10,1.87,1.23,-0.75,-2.35,0,222,171,49,2,0,0,55.89,0.00,0.00,0.00,,0.00,,0.00,EastMoney,2026-08-04T16:42:36+08:00
BK0705,2026-08-04T00:00:00Z,286850,287939,289224,285695,285840,2099,0.73,108905567,218816912394,1.43,0.95,0.00,0,53162598,55742969,12074255104000,10368239616000,4054075648,27025848832,22910618368,4115230464,56412857344,56474012160,-61154816,72757202944,76333465600,-3576262656,59159694336,59637507072,-477812736,1.85,1.88,-0.03,-1.63,-0.22,0,380,174,201,5,0,0,29.51,0.00,0.00,0.00,,0.00,,0.00,EastMoney,2026-08-04T16:42:36+08:00
BK0706,2026-08-04T00:00:00Z,515573,526943,527593,515573,511486,15457,3.02,15114954,24052605140,4.01,0.91,0.00,0,7912309,7202645,746678144000,662745312000,746908448,2314754528,1838927296,475827232,5558770176,5287688960,271081216,8014428928,8099584000,-85155072,7716575488,8378328832,-661753344,3.11,1.98,1.13,-0.35,-2.75,0,50,45,5,0,0,0,63.39,0.00,0.00,0.00,,0.00,,0.00,EastMoney,2026-08-04T16:42:36+08:00
BK0707,2026-08-04T00:00:00Z,239504,242132,242785,238974,238354,3778,1.59,478697783,911444200960,1.05,0.97,0.00,0,224203476,254494307,72667058176000,57170941440000,12503134208,135236288512,117470699520,17765588992,231048437760,236310892544,-5262454784,285877792768,297131511808,-11253719040,243802546176,245051957248,-1249411072,1.37,1.95,-0.58,-1.23,-0.14,0,1639,921,688,30,0,0,15.90,0.00,0.00,0.00,,0.00,,0.00,EastMoney,2026-08-04T16:42:36+08:00
BK0708,2026-08-04T00:00:00Z,130428,131322,131554,129877,129832,1490,1.15,12837170,12511283819,1.75,0.88,0.00,0,6338507,6498663,784739264000,614211184000,284076688,1198750288,1030143936,168606352,2722702544,2607232208,115470336,3773200032,3860134928,-86934896,4489146880,4678019328,-188872448,2.27,1.35,0.92,-0.69,-1.51,0,74,43,27,4,0,0,29.77,0.00,0.00,0.00,,0.00,,0.00,EastMoney,2026-08-04T16:42:36+08:00
BK0710,2026-08-04T00:00:00Z,308280,315247,315967,307494,305802,9445,3.09,22876470,65169873559,1.41,1.06,0.00,0,11445810,11430660,2335785680000,2148710064000,4815401728,11874387200,8064732928,3809654272,16488934656,15483187200,1005747456,18994608128,21329015040,-2334406912,16565186304,19039540224,-2474353920,7.39,5.85,1.54,-3.58,-3.80,0,59,46,10,3,0,0,34.73,0.00,0.00,0.00,,0.00,,0.00,EastMoney,2026-08-04T16:42:36+08:00
BK0711,2026-08-04T00:00:00Z,109403,109303,109988,109138,109281,22,0.02,22857699,30272375024,0.80,0.82,0.00,0,10703307,12154391,3914085360000,3302647536000,-1526108208,4232743376,5499649024,-1266905648,7668551424,7927753984,-259202560,9655912704,9137170688,518742016,8128386816,7121020672,1007366144,-5.04,-4.19,-0.86,1.71,3.33,0,55,23,30,2,0,0,15.84,0.00,0.00,0.00,,0.00,,0.00,EastMoney,2026-08-04T16:42:36+08:00
BK0712,2026-08-04T00:00:00Z,150418,150804,151013,149575,149881,923,0.62,165847562,203884466757,1.04,1.02,0.00,0,74892001,90955561,16153190912000,13702097152000,1691539968,27668532480,23972006656,3696525824,46740841472,48745827328,-2004985856,62070206464,63580126976,-1509920512,63533453056,63743378432,-209925376,0.83,1.81,-0.98,-0.74,-0.10,0,514,245,252,17,0,0,15.10,0.00,0.00,0.00,,0.00,,0.00,EastMoney,2026-08-04T16:42:36+08:00
BK0714,2026-08-04T00:00:00Z,181173,187413,187933,180434,179169,8244,4.60,113641117,427725704659,3.04,1.01,0.00,0,59934290,53706828,13651194624000,10594757120000,39588046592,100505939968,68187150592,32318789376,113515704320,106246447104,7269257216,117010038784,139376496640,-22366457856,89834041344,107024097280,-17190055936,9.26,7.56,1.70,-5.23,-4.02,0,323,306,16,1,0,0,40.59,0.00,0.00,0.00,,0.00,,0.00,EastMoney,2026-08-04T16:42:36+08:00
BK0715,2026-08-04T00:00:00Z,91592,92005,92277,91074,91338,667,0.73,8459960,15702045106,1.32,0.97,0.00,0,3760533,4699426,1042534864000,1013541712000,-291649232,1452551824,1672611920,-220060096,3433799792,3505388928,-71589136,5201996544,4800558336,401438208,5400286208,5510075392,-109789184,-1.86,-1.40,-0.46,2.56,-0.70,0,32,17,15,0,0,0,43.09,0.00,0.00,0.00,,0.00,,0.00,EastMoney,2026-08-04T16:42:36+08:00
BK0718,2026-08-04T00:00:00Z,138658,137538,138761,137251,138642,-1104,-0.80,113397051,170543377819,0.54,0.96,0.00,0,46725041,66672011,32285540352000,24438701568000,-8778365696,24101101312,28505079808,-4403978496,42668634112,47043021312,-4374387200,53529336576,51273142784,2256193792,47337372160,40815201024,6522171136,-5.15,-2.58,-2.56,1.32,3.82,0,181,48,130,3,0,0,10.83,0.00,0.00,0.00,,0.00,,0.00,EastMoney,2026-08-04T16:42:36+08:00
BK0721,2026-08-04T00:00:00Z,74251,74408,74523,73850,74059,349,0.47,47477491,31839563602,1.44,1.11,0.00,0,20950096,26527395,2162550224000,1930342352000,-443371200,3063504368,3414986928,-351482560,7069233920,7161122560,-91888640,10184842496,9649509376,535333120,10844019968,10935981824,-91961856,-1.39,-1.10,-0.29,1.68,-0.29,0,146,70,70,6,0,0,32.45,0.00,0.00,0.00,,0.00,,0.00,EastMoney,2026-08-04T16:42:36+08:00
BK0722,2026-08-04T00:00:00Z,116252,119313,119711,115918,115436,3877,3.36,89172329,125376012559,3.58,1.05,0.00,0,48506168,40666160,3895967888000,3592482112000,5115548672,17560705280,13465235968,4095469312,30502459904,29482380544,1020079360,39335634944,41528909056,-2193274112,35651088128,38559727104,-2908638976,4.08,3.27,0.81,-1.75,-2.32,0,219,189,27,3,0,0,55.14,0.00,0.00,0.00,,0.00,,0.00,EastMoney,2026-08-04T16:42:36+08:00
BK0724,2026-08-04T00:00:00Z,94443,94557,94564,93395,94086,471,0.50,21957224,11838452594,4.49,1.49,0.00,0,10361984,11595240,253468880000,235299485000,-317729936,1180950304,1472677392,-291727088,2597659824,2623662672,-26002848,3489268464,3528500784,-39232320,4191209552,3834247280,356962272,-2.68,-2.46,-0.22,-0.33,3.02,0,36,14,20,2,0,0,196.90,0.00,0.00,0.00,,0.00,,0.00,EastMoney,2026-08-04T16:42:36+08:00
BK0725,2026-08-04T00:00:00Z,78514,80019,80225,78185,77862,2157,2.77,3809157,2997748569,2.32,0.96,0.00,0,1900666,1908491,98556929000,87337876000,-32746331,253567806,202392249,51175557,562432608,646354496,-83921888,971309376,951627216,19682160,1132704048,1119639888,13064160,-1.09,1.71,-2.80,0.66,0.44,0,21,16,5,0,0,0,-76.15,0.00,0.00,0.00,,0.00,,0.00,EastMoney,2026-08-04T16:42:36+08:00
BK0726,2026-08-04T00:00:00Z,77146,78247,78247,76879,76829,1418,1.85,6301934,9577324693,4.26,0.90,0.00,0,3244354,3057580,208898768000,183643555000,-328385312,986457712,1234128224,-247670512,1832270448,1912985248,-80714800,2974096000,2830462464,143633536,3566077296,3386476080,179601216,-3.43,-2.59,-0.84,1.50,1.88,0,46,30,14,2,0,0,52.92,0.00,0.00,0.00,,0.00,,0.00,EastMoney,2026-08-04T16:42:36+08:00
BK0727,2026-08-04T00:00:00Z,125993,130357,130572,125993,123605,6752,5.46,11935033,34443141539,3.07,1.18,0.00,0,5949839,5985194,1103762384000,902090368000,2870014464,8804889600,5857207808,2947681792,8124685056,8202352384,-77667328,8969179648,10675267328,-1706087680,7442971904,8591726848,-1148754944,8.33,8.56,-0.23,-4.95,-3.34,0,54,48,5,1,0,0,35.83,0.00,0.00,0.00,,0.00,,0.00,EastMoney,2026-08-04T16:42:36+08:00
BK0728,2026-08-04T00:00:00Z,52111,52559,52650,51969,51935,624,1.20,19775641,17961262529,2.04,1.20,0.00,0,9633589,10142052,826492848000,743384704000,116477536,1680094064,1448646336,231447728,3751375408,3866345600,-114970192,5592278016,5562052096,30225920,6580825344,6730733056,-149907712,0.65,1.29,-0.64,0.17,-0.83,0,134,81,49,4,0,0,34.83,0.00,0.00,0.00,,0.00,,0.00,EastMoney,2026-08-04T16:42:36+08:00
BK0729,2026-08-04T00:00:00Z,115678,116190,116390,114701,115352,838,0.73,6303314,8373804464,1.26,0.93,0.00,0,2631067,3672247,721971184000,543679136000,-453288016,1100302400,1413521056,-313218656,1962809088,2102878448,-140069360,2624772720,2462484976,162287744,2541034480,2250034208,291000272,-5.41,-3.74,-1.67,1.94,3.48,0,15,7,7,1,0,0,29.67,0.00,0.00,0.00,,0.00,,0.00,EastMoney,2026-08-04T16:42:36+08:00
BK0730,2026-08-04T00:00:00Z,115213,115344,115641,114329,115002,342,0.30,5366080,5003139805,2.04,0.95,0.00,0,2761114,2604966,282679648000,259761564000,41828581,280010000,257713307,22296693,1027811200,1008279312,19531888,1672059072,1631158000,40901072,1923533936,2007121808,-83587872,0.84,0.45,0.39,0.82,-1.67,0,45,22,21,2,0,0,37.53,0.00,0.00,0.00,,0.00,,0.00,EastMoney,2026-08-04T16:42:36+08:00
BK0731,2026-08-04T00:00:00Z,161395,161019,161737,159830,161287,-268,-0.17,11297177,13702382013,1.78,0.87,0.00,0,5392573,5904604,917664160000,864462816000,-307785200,1301992416,1331822816,-29830400,2910147856,3188102656,-277954800,4305152256,4477592064,-172439808,4958361344,4484556288,473805056,-2.25,-0.22,-2.03,-1.26,3.46,0,63,26,34,3,0,0,22.65,0.00,0.00,0.00,,0.00,,0.00,EastMoney,2026-08-04T16:42:36+08:00
BK0732,2026-08-04T00:00:00Z,219139,220091,220957,216964,218682,1409,0.64,6143944,14637901308,2.71,0.81,0.00,0,3054637,3089306,587111760000,535455280000,9559104,1578194064,1519171888,59022176,3501733312,3551196384,-49463072,4520345344,4726383616,-206038272,4778421504,4581942272,196479232,0.07,0.40,-0.34,-1.41,1.34,0,13,8,5,0,0,0,21.56,0.00,0.00,0.00,,0.00,,0.00,EastMoney,2026-08-04T16:42:36+08:00
BK0733,2026-08-04T00:00:00Z,119121,120246,120315,118354,118820,1426,1.20,5143188,4128368413,2.41,0.90,0.00,0,2593580,2549607,142304074000,131154268000,50505812,256326024,217086292,39239732,776520384,765254304,11266080,1268637520,1293095776,-24458256,1742585984,1766629296,-24043312,1.22,0.95,0.27,-0.59,-0.58,0,28,17,10,1,0,0,62.04,0.00,0.00,0.00,,0.00,,0.00,EastMoney,2026-08-04T16:42:36+08:00
BK0734,2026-08-04T00:00:00Z,37577,37485,37735,37220,37636,-151,-0.40,3168938,1763559923,2.65,1.36,0.00,0,1582893,1586044,105567978000,100399607000,-70749555,42319617,97097284,-54777667,271353216,287325104,-15971888,528779488,546856528,-18077040,807791744,718965152,88826592,-4.01,-3.11,-0.91,-1.03,5.04,0,18,6,11,1,0,0,20.02,0.00,0.00,0.00,,0.00,,0.00,EastMoney,2026-08-04T16:42:36+08:00
BK0735,2026-08-04T00:00:00Z,152058,155194,155439,151170,150706,4488,2.98,12528089,33283677502,2.57,0.95,0.00,0,6411573,6116516,1461372960000,1195386016000,1458599184,4350834176,3537832944,813001232,7905075712,7259477760,645597952,10622358784,11246239744,-623880960,9595352832,10387984384,-792631552,4.38,2.44,1.94,-1.87,-2.38,0,89,78,9,2,0,0,46.44,0.00,0.00,0.00,,0.00,,0.00,EastMoney,2026-08-04T16:42:36+08:00
BK0736,2026-08-04T00:00:00Z,103044,105747,105794,103037,101898,3849,3.78,15608978,20114868351,1.19,1.16,0.00,0,7770377,7838600,3151333008000,1037943728000,-13979808,2054504464,2164744624,-110240160,4801938688,4705678336,96260352,6514252800,6570515456,-56262656,6366749440,6288416000,78333440,-0.07,-0.55,0.48,-0.28,0.39,0,39,36,3,0,0,0,17.67,0.00,0.00,0.00,,0.00,,0.00,EastMoney,2026-08-04T16:42:36+08:00
BK0737,2026-08-04T00:00:00Z,105114,107444,107689,104989,104176,3268,3.14,28756877,62524253668,4.07,1.07,0.00,0,14554667,14202211,1626972976000,1416782480000,769109760,9337731840,8159164672,1178567168,15116113152,15525570560,-409457408,19882489088,20419241728,-536752640,16734656256,16927269888,-192613632,1.23,1.88,-0.65,-0.86,-0.31,0,134,120,10,4,0,0,337.85,0.00,0.00,0.00,,0.00,,0.00,EastMoney,2026-08-04T16:42:36+08:00
BK0738,2026-08-04T00:00:00Z,57857,57496,57972,57386,57784,-288,-0.50,6308233,4314433657,0.83,0.81,0.00,0,2802628,3505605,514038544000,490953296000,-257118549,252794843,482172736,-229377893,874717648,902458304,-27740656,1368051888,1306096224,61955664,1746441376,1551278496,195162880,-5.96,-5.32,-0.64,1.44,4.52,0,26,4,21,1,0,0,20.48,0.00,0.00,0.00,,0.00,,0.00,EastMoney,2026-08-04T16:42:36+08:00
BK0739,2026-08-04T00:00:00Z,213801,213662,214196,211525,213112,550,0.26,8050929,8655668665,1.74,1.23,0.00,0,3754166,4296762,763562304000,684387808000,-698895136,675423472,918861600,-243438128,1693713280,2149170288,-455457008,2851996672,2657103120,194893552,3245365600,2755369632,489995968,-8.07,-2.81,-5.26,2.25,5.66,0,35,17,18,0,0,0,22.48,0.00,0.00,0.00,,0.00,,0.00,EastMoney,2026-08-04T16:42:36+08:00
BK0740,2026-08-04T00:00:00Z,58427,59909,59938,58259,58138,1771,3.05,6466003,3814729946,4.66,1.01,0.00,0,3472247,2993756,82085887000,77691550000,106142592,394044352,283582160,110462192,842230400,846550000,-4319600,1139441584,1216910880,-77469296,1256851760,1285525040,-28673280,2.78,2.90,-0.11,-2.03,-0.75,0,16,11,5,0,0,0,-443.07,0.00,0.00,0.00,,0.00,,0.00,EastMoney,2026-08-04T16:42:36+08:00
BK0742,2026-08-04T00:00:00Z,178128,182377,182819,177527,176900,5477,3.10,211106623,601613215161,3.96,1.05,0.00,0,109742989,101363634,18350079232000,14749299200000,27110465536,97692172288,76205514752,21486657536,151641612288,146017804288,5623808000,184209530880,202099904512,-17890373632,157612498944,166832586752,-9220087808,4.51,3.57,0.93,-2.97,-1.53,0,1353,1148,186,19,0,0,60.17,0.00,0.00,0.00,,0.00,,0.00,EastMoney,2026-08-04T16:42:36+08:00
BK0743,2026-08-04T00:00:00Z,129629,130730,131015,129308,128884,1846,1.43,76921972,325490482014,1.61,0.93,0.00,0,39299014,37622959,17639165184000,15099748608000,21594673408,84588957696,64537411328,20051546368,92322725888,90779598848,1543127040,90374987776,107037052928,-16662065152,52924906240,57857517056,-4932610816,6.63,6.16,0.47,-5.12,-1.52,0,100,53,47,0,0,0,28.24,0.00,0.00,0.00,,0.00,,0.00,EastMoney,2026-08-04T16:42:36+08:00
BK0800,2026-08-04T00:00:00Z,169601,173202,173617,169192,168246,4956,2.95,221562786,414919921481,3.14,1.09,0.00,0,113797097,107765689,13798081792000,12438063616000,15778388736,67758411008,53729452544,14028958464,108735483904,106986053632,1749430272,121182003200,128339894272,-7157891072,108248338432,116609740800,-8361402368,3.80,3.38,0.42,-1.73,-2.02,0,712,579,122,11,0,0,51.08,0.00,0.00,0.00,,0.00,,0.00,EastMoney,2026-08-04T16:42:36+08:00
BK0801,2026-08-04T00:00:00Z,129377,132863,133340,128807,128167,4696,3.66,12540563,23513373352,2.87,1.04,0.00,0,6693232,5847331,762867232000,708839008000,306536528,2585692224,2462330864,123361360,5654541056,5471365888,183175168,7741671168,8215712512,-474041344,7116367616,6947728640,168638976,1.30,0.52,0.78,-2.02,0.72,0,45,38,7,0,0,0,51.53,0.00,0.00,0.00,,0.00,,0.00,EastMoney,2026-08-04T16:42:36+08:00
BK0802,2026-08-04T00:00:00Z,195447,199063,199651,194550,194176,4887,2.52,66313853,189614248970,2.46,1.07,0.00,0,33160405,33153448,7183724800000,6016270080000,8897468928,40300764928,32541625856,7759139072,49932955136,48794625280,1138329856,55980829952,63417645568,-7436815616,40138143744,41506045184,-1367901440,4.69,4.09,0.60,-3.92,-0.72,0,274,200,70,4,0,0,42.40,0.00,0.00,0.00,,0.00,,0.00,EastMoney,2026-08-04T16:42:36+08:00
BK0803,2026-08-04T00:00:00Z,69750,70957,71005,69588,69238,1719,2.48,7494377,5606502915,2.51,1.01,0.00,0,3753712,3740666,177578889000,161490046000,115832189,336726528,216035683,120690845,1098107360,1102966016,-4858656,1859585776,1938002848,-78417072,2143238096,2178663264,-35425168,2.07,2.15,-0.09,-1.40,-0.63,0,41,30,10,1,0,0,-79.32,0.00,0.00,0.00,,0.00,,0.00,EastMoney,2026-08-04T16:42:36+08:00
BK0804,2026-08-04T00:00:00Z,116503,118303,118559,116104,115786,2517,2.17,553811728,1099904369429,2.68,1.02,0.00,0,279854612,273957115,41112057856000,34573899008000,43747520512,172682399744,134763360256,37919039488,268438159360,262609678336,5828481024,331967557632,359198490624,-27230932992,307290382336,323806973952,-16516591616,3.98,3.45,0.53,-2.48,-1.50,0,1875,1287,554,34,0,0,39.41,0.00,0.00,0.00,,0.00,,0.00,EastMoney,2026-08-04T16:42:36+08:00
BK0805,2026-08-04T00:00:00Z,131116,131455,132065,130637,130813,642,0.49,2517475,2591954744,1.16,0.85,0.00,0,1136407,1381068,190811086000,181053033000,38315279,281759744,240001649,41758095,591305984,594748800,-3442816,751809264,805458864,-53649600,927644704,912310368,15334336,1.48,1.61,-0.13,-2.07,0.59,0,12,3,7,2,0,0,72.05,0.00,0.00,0.00,,0.00,,0.00,EastMoney,2026-08-04T16:42:36+08:00
BK0806,2026-08-04T00:00:00Z,99762,100799,100988,99762,99295,1504,1.51,7485871,9705415679,2.22,1.03,0.00,0,3638020,3847850,530697136000,451772960000,87585936,550960832,468024256,82936576,2047607104,2042957744,4649360,3349160976,3418839888,-69678912,3606411200,3624318208,-17907008,0.90,0.85,0.05,-0.72,-0.18,0,44,32,11,1,0,0,-282.96,0.00,0.00,0.00,,0.00,,0.00,EastMoney,2026-08-04T16:42:36+08:00
BK0807,2026-08-04T00:00:00Z,84105,83781,84166,82994,83361,420,0.50,3734815,3584709472,1.84,0.83,0.00,0,1799877,1934938,219124098000,198667359000,21920055,178026268,216292885,-38266617,778570928,718384256,60186672,1133015168,1140599424,-7584256,1428523552,1442859360,-14335808,0.61,-1.07,1.68,-0.21,-0.40,0,19,9,8,2,0,0,40.45,0.00,0.00,0.00,,0.00,,0.00,EastMoney,2026-08-04T16:42:36+08:00
BK0808,2026-08-04T00:00:00Z,181725,184298,184777,180745,180758,3540,1.96,41665260,67594275465,2.44,1.02,0.00,0,20769563,20895697,3105665936000,2938205760000,1348222720,6767953152,5323933952,1444019200,14699225088,14795021568,-95796480,21712025600,22331973376,-619947776,23263815424,23990651136,-726835712,1.99,2.14,-0.14,-0.92,-1.08,0,177,132,41,4,0,0,53.55,0.00,0.00,0.00,,0.00,,0.00,EastMoney,2026-08-04T16:42:36+08:00
BK0809,2026-08-04T00:00:00Z,112325,114937,115212,112319,111480,3457,3.10,81927775,104378925595,5.59,1.39,0.00,0,41703525,40224251,2079735520000,1874821152000,2587690496,14316297984,12284154880,2032143104,25259304960,24703757568,555547392,32120974592,33574068736,-1453094144,30095756800,31189690880,-1093934080,2.48,1.95,0.53,-1.39,-1.05,0,151,126,23,2,0,0,110.51,0.00,0.00,0.00,,0.00,,0.00,EastMoney,2026-08-04T16:42:36+08:00
BK0811,2026-08-04T00:00:00Z,218897,216671,219066,216313,218968,-2297,-1.05,10283996,32059567956,1.08,0.91,0.00,0,4483012,5800984,7385858816000,4536759040000,-4432807712,3594894560,5809159168,-2214264608,7455211264,9673754368,-2218543104,11308168960,9744774912,1563394048,9202707968,6333294848,2869413120,-13.83,-6.91,-6.92,4.88,8.95,0,32,5,27,0,0,0,22.16,0.00,0.00,0.00,,0.00,,0.00,EastMoney,2026-08-04T16:42:36+08:00
BK0812,2026-08-04T00:00:00Z,158409,160247,160558,158178,157675,2572,1.63,25127681,113289042429,2.03,0.96,0.00,0,12540426,12587256,4363137024000,3654334192000,5701268480,30864493824,24628097536,6236396288,30787973888,31323101696,-535127808,31138264320,37108256256,-5969991936,18253622272,17986216704,267405568,5.03,5.50,-0.47,-5.27,0.24,0,184,119,60,5,0,0,27.96,0.00,0.00,0.00,,0.00,,0.00,EastMoney,2026-08-04T16:42:36+08:00
BK0813,2026-08-04T00:00:00Z,93216,93514,93736,92651,92831,683,0.74,44416665,33980750643,1.62,1.08,0.00,0,20405686,24010979,2138269520000,1821884736000,-613294624,2848249088,3057210400,-208961312,7188688128,7593021440,-404333312,10901084416,10958220288,-57135872,12314878720,11646570240,668308480,-1.80,-0.61,-1.19,-0.17,1.97,0,147,75,65,7,0,0,239.74,0.00,0.00,0.00,,0.00,,0.00,EastMoney,2026-08-04T16:42:36+08:00
BK0814,2026-08-04T00:00:00Z,167286,168850,169293,166525,166470,2380,1.43,23498525,33752953442,1.95,1.04,0.00,0,11112996,12385529,1902071920000,1640832352000,454743120,2718115568,2474292128,243823440,7569113344,7358193664,210919680,11238665472,11297430016,-58764544,11629498112,12024954880,-395456768,1.35,0.72,0.62,-0.17,-1.17,0,100,68,31,1,0,0,52.10,0.00,0.00,0.00,,0.00,,0.00,EastMoney,2026-08-04T16:42:36+08:00
BK0815,2026-08-04T00:00:00Z,15047649,15241520,15244121,14874974,14632997,608523,4.16,66370820,66201301945,11.15,1.21,0.00,0,32746666,33624155,755611952000,699143824000,682463232,7738912512,7067422464,671490048,13982224896,13971251712,10973184,19813353728,19796717568,16636160,22236688896,22935788544,-699099648,1.03,1.01,0.02,0.03,-1.06,0,78,62,14,2,0,0,-93.65,0.00,0.00,0.00,,0.00,,0.00,EastMoney,2026-08-04T16:42:36+08:00
BK0816,2026-08-04T00:00:00Z,2347557,2387777,2398365,2322892,2260555,127222,5.63,26665274,22985643559,18.51,3.13,0.00,0,13028430,13636843,155725352000,146363331000,12043504,3509881664,3322016592,187865072,5151080704,5326902272,-175821568,6449091072,6591773696,-142682624,6905584896,6774945536,130639360,0.05,0.82,-0.76,-0.62,0.57,0,13,10,3,0,0,0,287.39,0.00,0.00,0.00,,0.00,,0.00,EastMoney,2026-08-04T16:42:36+08:00
BK0817,2026-08-04T00:00:00Z,1529,1571,1572,1517,1539,32,2.08,8126898,10982572698,7.07,0.36,0.00,0,4089402,4037496,154917368000,150169519000,73649760,970234256,873315280,96918976,2365671408,2388940624,-23269216,3553290832,3531316624,21974208,3685149360,3780773312,-95623952,0.67,0.88,-0.21,0.20,-0.87,0,22,15,7,0,0,0,-53.55,0.00,0.00,0.00,,0.00,,0.00,EastMoney,2026-08-04T16:42:36+08:00
BK0818,2026-08-04T00:00:00Z,149659,148853,149914,147962,149347,-494,-0.33,2398229,1393054915,0.80,0.81,0.00,0,1097802,1300427,216656237000,154263106000,-73947673,48883929,76267337,-27383408,263219543,309783808,-46564265,464559760,447979648,16580112,591139360,533771808,57367552,-5.31,-1.97,-3.34,1.19,4.12,0,9,3,6,0,0,0,22.28,0.00,0.00,0.00,,0.00,,0.00,EastMoney,2026-08-04T16:42:36+08:00
BK0821,2026-08-04T00:00:00Z,143923,144969,145389,143464,143209,1760,1.23,396130585,1075939075502,1.02,1.01,0.00,0,187643645,208486940,78928494592000,61936453888000,36918325248,217129869312,178358042624,38771826688,294681337856,296534839296,-1853501440,318883307520,346297241600,-27413934080,227115622400,236620013568,-9504391168,3.43,3.60,-0.17,-2.55,-0.88,0,572,294,271,7,0,0,15.84,0.00,0.00,0.00,,0.00,,0.00,EastMoney,2026-08-04T16:42:36+08:00
BK0822,2026-08-04T00:00:00Z,63263,62705,63545,62486,63404,-699,-1.10,8163673,4502449603,1.62,1.03,0.00,0,2929481,5234192,289296512000,274474720000,-312800864,467039952,550854336,-83814384,931014432,1160000912,-228986480,1397470672,1375530848,21939824,1633529792,1342668768,290861024,-6.95,-1.86,-5.09,0.49,6.46,0,17,5,10,2,0,0,-2.87,0.00,0.00,0.00,,0.00,,0.00,EastMoney,2026-08-04T16:42:36+08:00
BK0823,2026-08-04T00:00:00Z,159460,161104,161575,159176,158810,2294,1.44,37039232,92428484474,1.60,0.94,0.00,0,18051641,18987591,5141398272000,4302983424000,2077617408,10569473536,8710316032,1859157504,20769714688,20551254784,218459904,29808697600,31218946304,-1410248704,29926476544,30593844992,-667368448,2.25,2.01,0.24,-1.53,-0.72,0,197,109,85,3,0,0,24.58,0.00,0.00,0.00,,0.00,,0.00,EastMoney,2026-08-04T16:42:36+08:00
BK0825,2026-08-04T00:00:00Z,93944,93897,94240,93300,93804,93,0.10,49557081,43803769005,2.34,0.91,0.00,0,26036216,23520865,2218093904000,2071158144000,-315418112,5542497280,4849500160,692997120,9400202496,10408617728,-1008415232,13233202688,13261022976,-27820288,14725957632,14382757376,343200256,-0.72,1.58,-2.30,-0.06,0.78,0,153,66,83,4,0,0,40.77,0.00,0.00,0.00,,0.00,,0.00,EastMoney,2026-08-04T16:42:36+08:00
BK0830,2026-08-04T00:00:00Z,105312,106849,107046,105227,104734,2115,2.02,113227099,158155096716,1.70,1.11,0.00,0,55784607,57442493,9245643008000,7840309248000,1745087488,21704893184,20025021952,1679871232,39352548352,39287332096,65216256,50568825600,51407404288,-838578688,43347431424,44245257472,-897826048,1.10,1.06,0.04,-0.53,-0.57,0,229,176,48,5,0,0,13.33,0.00,0.00,0.00,,0.00,,0.00,EastMoney,2026-08-04T16:42:36+08:00
BK0832,2026-08-04T00:00:00Z,243037,247838,248346,242341,241772,6066,2.51,54637857,110291656870,2.25,1.01,0.00,0,27386033,27251824,5708814080000,5078979072000,5014556928,15842678016,11512070400,4330607616,27049822464,26365873152,683949312,35252687616,37785692160,-2533004544,30107161088,32511379200,-2404218112,4.55,3.93,0.62,-2.30,-2.18,0,201,154,45,2,0,0,31.22,0.00,0.00,0.00,,0.00,,0.00,EastMoney,2026-08-04T16:42:36+08:00
BK0833,2026-08-04T00:00:00Z,221980,228363,229060,220775,220356,8007,3.63,96745434,196057235941,4.03,1.03,0.00,0,50998390,45747044,8221231360000,4109325264000,9210253056,41081078528,33392093440,7688985088,50564641536,49043373568,1521267968,55618402560,59542892800,-3924490240,45154304768,50437896448,-5283591680,4.70,3.92,0.78,-2.00,-2.69,0,232,201,30,1,0,0,62.41,0.00,0.00,0.00,,0.00,,0.00,EastMoney,2026-08-04T16:42:36+08:00
BK0834,2026-08-04T00:00:00Z,146754,147714,148020,146107,146477,1237,0.84,34402245,27406119116,2.04,1.05,0.00,0,16115887,18286359,1492097120000,1195950912000,-940814848,2064650224,2461374192,-396723968,5664321792,6208412672,-544090880,8902842368,8574952192,327890176,10160353792,9552186624,608167168,-3.43,-1.45,-1.99,1.20,2.22,0,147,70,72,5,0,0,54.99,0.00,0.00,0.00,,0.00,,0.00,EastMoney,2026-08-04T16:42:36+08:00
BK0835,2026-08-04T00:00:00Z,198124,200473,200958,197790,197156,3317,1.68,45782751,87044176765,2.47,1.01,0.00,0,23042993,22739759,4640223232000,4036122320000,3289028352,16076494592,12629500672,3446993920,20841040640,20999006208,-157965568,25165572096,27403908864,-2238336768,22996859392,24047551232,-1050691840,3.78,3.96,-0.18,-2.57,-1.21,0,103,62,39,2,0,0,18.85,0.00,0.00,0.00,,0.00,,0.00,EastMoney,2026-08-04T16:42:36+08:00
BK0837,2026-08-04T00:00:00Z,95864,96887,97069,95668,95452,1435,1.50,27123641,36188249336,2.14,1.06,0.00,0,13425034,13698608,4328130560000,1800807504000,-1014795392,3975373744,4277046576,-301672832,7991041024,8704163584,-713122560,11421783296,11507889664,-86106368,12043319808,10822422784,1220897024,-2.80,-0.83,-1.97,-0.24,3.37,0,97,68,26,3,0,0,14.60,0.00,0.00,0.00,,0.00,,0.00,EastMoney,2026-08-04T16:42:36+08:00
BK0838,2026-08-04T00:00:00Z,113751,113570,114066,112814,113295,275,0.24,17837063,16489928133,2.11,1.01,0.00,0,8636682,9200380,665188880000,650810336000,-821060704,1267296256,1646113312,-378817056,3216943088,3659186736,-442243648,5073037312,5150136064,-77098752,6553966848,5655807488,898159360,-4.98,-2.30,-2.68,-0.47,5.45,0,56,24,30,2,0,0,28.12,0.00,0.00,0.00,,0.00,,0.00,EastMoney,2026-08-04T16:42:36+08:00
BK0839,2026-08-04T00:00:00Z,190219,195451,196026,190219,189021,6430,3.40,12792883,14925678438,4.78,1.56,0.00,0,7077921,5714962,331340704000,295506016000,843257440,1693854992,1071563952,622291040,3636524256,3415557856,220966400,4666596096,4841087744,-174491648,4551678464,5202214144,-650535680,5.65,4.17,1.48,-1.17,-4.36,0,43,34,6,3,0,0,405.20,0.00,0.00,0.00,,0.00,,0.00,EastMoney,2026-08-04T16:42:36+08:00
BK0840,2026-08-04T00:00:00Z,365430,381179,382443,363799,362074,19105,5.28,63824409,140282339760,3.97,0.93,0.00,0,35741934,28082475,3445120304000,2873045120000,12376125696,28756629504,17831466752,10925162752,33736545024,32285582080,1450962944,39751197696,44965537024,-5214339328,35944291072,43104943104,-7160652032,8.82,7.79,1.03,-3.72,-5.10,0,124,120,4,0,0,0,70.36,0.00,0.00,0.00,,0.00,,0.00,EastMoney,2026-08-04T16:42:36+08:00
BK0841,2026-08-04T00:00:00Z,124209,125456,125718,124209,123515,1941,1.57,6387413,12768277288,1.64,0.93,0.00,0,3114781,3272632,758943168000,717758208000,-26522272,971908592,898239136,73669456,2595995952,2696187680,-100191728,4300864256,4310404864,-9540608,4662916352,4626747904,36168448,-0.21,0.58,-0.78,-0.07,0.28,0,69,49,19,1,0,0,52.29,0.00,0.00,0.00,,0.00,,0.00,EastMoney,2026-08-04T16:42:36+08:00
BK0843,2026-08-04T00:00:00Z,165807,166329,166638,165003,165242,1087,0.66,32869692,36295957793,0.75,0.92,0.00,0,14979525,17890167,5745292288000,3781159568000,-602446272,3424760352,3925707488,-500947136,7786265856,7887764992,-101499136,11601866240,11646022656,-44156416,12829607168,12170877952,658729216,-1.66,-1.38,-0.28,-0.12,1.81,0,128,62,60,6,0,0,15.32,0.00,0.00,0.00,,0.00,,0.00,EastMoney,2026-08-04T16:42:36+08:00
BK0845,2026-08-04T00:00:00Z,161505,165020,165297,161333,160495,4525,2.82,85045371,123252867493,4.86,1.23,0.00,0,42636719,42408652,3206986544000,2849845680000,3702985728,16543789312,13494308864,3049480448,30464226304,29810721024,653505280,39327126528,41258568704,-1931442176,34393230336,36155960320,-1762729984,3.00,2.47,0.53,-1.57,-1.43,0,149,125,23,1,0,0,158.65,0.00,0.00,0.00,,0.00,,0.00,EastMoney,2026-08-04T16:42:36+08:00
BK0847,2026-08-04T00:00:00Z,87318,89458,89670,87257,87064,2394,2.75,22528407,17050085692,3.10,1.19,0.00,0,12117350,10411057,520616896000,470988272000,773214592,2050081280,1188214512,861866768,3939592544,4028244720,-88652176,5159568896,5533725696,-374156800,5468675328,5849502976,-380827648,4.53,5.05,-0.52,-2.19,-2.23,0,64,53,8,3,0,0,-839.87,0.00,0.00,0.00,,0.00,,0.00,EastMoney,2026-08-04T16:42:36+08:00
BK0852,2026-08-04T00:00:00Z,196048,196198,196703,195030,195555,643,0.33,23505794,29147015998,1.71,0.98,0.00,0,10870956,12634838,1561025072000,1391928576000,419832320,2768946080,2352718496,416227584,6240050176,6236445440,3604736,9015613696,9375830272,-360216576,10571292416,10633184768,-61892352,1.44,1.43,0.01,-1.24,-0.21,0,115,54,58,3,0,0,31.60,0.00,0.00,0.00,,0.00,,0.00,EastMoney,2026-08-04T16:42:36+08:00
BK0853,2026-08-04T00:00:00Z,133841,136609,136762,133233,133425,3184,2.39,37246761,31631227043,3.69,1.09,0.00,0,20586792,16659969,2856569216000,809529728000,1197612800,5851363328,4377932800,1473430528,7364023040,7639840768,-275817728,9097790976,9444611328,-346820352,8636367616,9466691072,-830323456,3.79,4.66,-0.87,-1.10,-2.63,0,34,25,9,0,0,0,17.94,0.00,0.00,0.00,,0.00,,0.00,EastMoney,2026-08-04T16:42:36+08:00
BK0854,2026-08-04T00:00:00Z,397326,407852,408818,396151,394146,13706,3.48,263875796,538086428418,3.33,1.04,0.00,0,136303434,127572362,17426783232000,15205981440000,30503429120,90957058048,64225000448,26732057600,132097212416,128325840896,3771371520,160942637056,174797357056,-13854720000,144220090368,160600707072,-16380616704,5.67,4.97,0.70,-2.57,-3.04,0,751,635,107,9,0,0,51.17,0.00,0.00,0.00,,0.00,,0.00,EastMoney,2026-08-04T16:42:36+08:00
BK0855,2026-08-04T00:00:00Z,320075,338272,338567,318645,315618,22654,7.18,5341452,10165215783,7.09,1.44,0.00,0,2941938,2399513,108843165000,98753325000,789828736,3454991856,2240276960,1214714896,2288051664,2712937824,-424886160,2260678768,2648111472,-387432704,1975095792,2377491824,-402396032,7.77,11.95,-4.18,-3.81,-3.96,0,7,7,0,0,0,0,-1139.40,0.00,0.00,0.00,,0.00,,0.00,EastMoney,2026-08-04T16:42:36+08:00
BK0856,2026-08-04T00:00:00Z,180782,182809,183091,180737,179831,2978,1.66,7000377,6815536802,1.92,0.93,0.00,0,3521687,3478690,381225424000,352798240000,-67959536,516006336,472246576,43759760,1400095856,1511815152,-111719296,2237820624,2229283216,8537408,2555108160,2495686016,59422144,-1.00,0.64,-1.64,0.13,0.87,0,35,21,12,2,0,0,40.25,0.00,0.00,0.00,,0.00,,0.00,EastMoney,2026-08-04T16:42:36+08:00
BK0859,2026-08-04T00:00:00Z,202358,207862,208623,201657,201070,6792,3.38,52042320,97039529403,3.17,1.07,0.00,0,29300441,22741879,2872264208000,2512130432000,5692474880,18286786304,13810334720,4476451584,24052849408,22836826112,1216023296,27278113792,29281198592,-2003084800,25377006080,29048165888,-3671159808,5.87,4.61,1.25,-2.06,-3.78,0,99,90,9,0,0,0,61.69,0.00,0.00,0.00,,0.00,,0.00,EastMoney,2026-08-04T16:42:36+08:00
BK0860,2026-08-04T00:00:00Z,202309,206715,207122,201769,200311,6404,3.20,37378369,92949236468,2.21,1.10,0.00,0,19094508,18283861,3333393488000,3045130016000,3662820096,17689826304,13761108992,3928717312,29478925312,29744822528,-265897216,23488253952,25782739200,-2294485248,20700862208,22066405376,-1365543168,3.94,4.23,-0.29,-2.47,-1.47,0,125,108,16,1,0,0,54.36,0.00,0.00,0.00,,0.00,,0.00,EastMoney,2026-08-04T16:42:36+08:00
BK0861,2026-08-04T00:00:00Z,149690,152683,152983,149017,148446,4237,2.85,19643702,26467701873,2.22,1.09,0.00,0,9519301,10124402,943612080000,884051248000,826597184,2697299872,2185558624,511741248,6294841600,5979985664,314855936,8775680000,9057335808,-281655808,8190224128,8735910912,-545686784,3.12,1.93,1.19,-1.06,-2.06,0,86,71,13,2,0,0,25.76,0.00,0.00,0.00,,0.00,,0.00,EastMoney,2026-08-04T16:42:36+08:00
BK0864,2026-08-04T00:00:00Z,139577,141200,141483,139065,138917,2283,1.64,80439914,99620894320,1.53,0.97,0.00,0,37465161,42974753,5556334592000,4677109504000,1383649792,10152862208,9187319808,965542400,22198620928,21780513536,418107392,31040671488,32387462656,-1346791168,34335435264,34369460224,-34024960,1.39,0.97,0.42,-1.35,-0.03,0,273,172,96,5,0,0,29.58,0.00,0.00,0.00,,0.00,,0.00,EastMoney,2026-08-04T16:42:36+08:00
BK0865,2026-08-04T00:00:00Z,237082,244878,245800,235974,235132,9746,4.14,11394179,32898883054,2.69,0.91,0.00,0,5937963,5456216,1304226912000,1227632144000,1818516496,4513308672,3192166384,1321142288,8190174464,7692800256,497374208,10092730112,10784203008,-691472896,9574778112,10702267648,-1127489536,5.53,4.02,1.51,-2.10,-3.43,0,53,45,6,2,0,0,39.76,0.00,0.00,0.00,,0.00,,0.00,EastMoney,2026-08-04T16:42:36+08:00
BK0866,2026-08-04T00:00:00Z,117420,119427,119557,117130,116745,2682,2.30,5690055,4680375606,3.80,0.98,0.00,0,3110504,2579552,188773913000,179047661000,277711024,590497328,361742112,228755216,1082774016,1033818208,48955808,1383370896,1515513952,-132143056,1572951184,1718519136,-145567952,5.93,4.89,1.05,-2.82,-3.11,0,18,13,5,0,0,0,21.42,0.00,0.00,0.00,,0.00,,0.00,EastMoney,2026-08-04T16:42:36+08:00
BK0867,2026-08-04T00:00:00Z,174490,175062,175446,173739,173911,1151,0.66,591904443,1082225723200,1.30,0.99,0.00,0,283107226,308797217,71559200768000,59791720448000,33965035520,192207224832,157561057280,34646167552,271689670656,272370802688,-681132032,322561642496,347441860608,-24880218112,276609679360,285694496768,-9084817408,3.14,3.20,-0.06,-2.30,-0.84,0,1281,615,638,28,0,0,16.72,0.00,0.00,0.00,,0.00,,0.00,EastMoney,2026-08-04T16:42:36+08:00
BK0868,2026-08-04T00:00:00Z,105280,104249,105613,104039,105262,-1013,-0.96,5959273,11819496533,0.96,0.89,0.00,0,2538777,3420496,1513981744000,1375525088000,-847123888,1461452912,1863342208,-401889296,2784120624,3229355216,-445234592,3638307088,3646082784,-7775696,3765149424,2910249840,854899584,-7.17,-3.40,-3.77,-0.07,7.23,0,11,3,7,1,0,0,12.23,0.00,0.00,0.00,,0.00,,0.00,EastMoney,2026-08-04T16:42:36+08:00
BK0870,2026-08-04T00:00:00Z,162092,163168,164423,162092,160886,2282,1.42,9630824,19454795010,2.04,1.11,0.00,0,4940408,4690416,1636903040000,1120960624000,-334945552,1684099408,1895218528,-211119120,4507764992,4631591424,-123826432,7019493888,6930886144,88607744,5948451072,5702113536,246337536,-1.72,-1.09,-0.64,0.46,1.27,0,49,34,14,1,0,0,42.87,0.00,0.00,0.00,,0.00,,0.00,EastMoney,2026-08-04T16:42:36+08:00
BK0872,2026-08-04T00:00:00Z,195028,196248,197459,195028,191168,5080,2.66,1762179,3749442061,1.50,1.12,0.00,0,856082,906097,311176880000,284424784000,284052288,661910928,427212272,234698656,936343216,886989584,49353632,1039221584,1211278032,-172056448,1008696336,1120692176,-111995840,7.58,6.26,1.32,-4.59,-2.99,0,11,6,5,0,0,0,17.96,0.00,0.00,0.00,,0.00,,0.00,EastMoney,2026-08-04T16:42:36+08:00
BK0873,2026-08-04T00:00:00Z,153394,153618,153937,152675,152943,675,0.44,19532556,16823324029,1.97,1.07,0.00,0,9377559,10154997,811703472000,746475488000,114599696,1517094208,1285453728,231640480,3505221280,3622262064,-117040784,5279816960,5293393152,-13576192,6183363328,6286090496,-102727168,0.68,1.38,-0.70,-0.08,-0.61,0,96,46,48,2,0,0,30.41,0.00,0.00,0.00,,0.00,,0.00,EastMoney,2026-08-04T16:42:36+08:00
BK0875,2026-08-04T00:00:00Z,166885,168576,168934,166449,166125,2451,1.48,9571915,11034704457,2.70,1.03,0.00,0,4860281,4711634,358872928000,343934576000,111611264,1146767184,942662448,204104736,2417421392,2509914864,-92493472,3438488736,3618856832,-180368096,3866639280,3798687568,67951712,1.01,1.85,-0.84,-1.63,0.62,0,43,32,10,1,0,0,622.16,0.00,0.00,0.00,,0.00,,0.00,EastMoney,2026-08-04T16:42:36+08:00
BK0877,2026-08-04T00:00:00Z,334129,351376,352634,332072,330376,21000,6.36,46962028,186873624235,4.47,0.99,0.00,0,25774489,21187539,5011150080000,4125805072000,20063929856,37615321344,21666700800,15948620544,45689244160,41573934848,4115309312,52722761728,62184646144,-9461884416,47523266048,58025703936,-10502437888,10.74,8.53,2.20,-5.06,-5.62,0,167,164,3,0,0,0,88.53,0.00,0.00,0.00,,0.00,,0.00,EastMoney,2026-08-04T16:42:36+08:00
BK0879,2026-08-04T00:00:00Z,167820,167777,168101,166704,167399,378,0.23,512050719,770098312356,1.16,0.98,0.00,0,241784394,270266325,63430689792000,52810955520000,13106995200,122571689984,105095233536,17476456448,183465676800,187835138048,-4369461248,228859224064,239348060160,-10488836096,221499179008,224117342208,-2618163200,1.70,2.27,-0.57,-1.36,-0.34,0,1049,417,605,27,0,0,14.87,0.00,0.00,0.00,,0.00,,0.00,EastMoney,2026-08-04T16:42:36+08:00
BK0880,2026-08-04T00:00:00Z,166196,168790,169341,165315,165026,3764,2.28,21911464,18364790126,4.57,0.97,0.00,0,13027622,8883842,455091056000,426598320000,1531793664,3855719072,2425386832,1430332240,4179198272,4077736848,101461424,5193660416,5663913984,-470253568,4771759360,5833299200,-1061539840,8.34,7.79,0.55,-2.56,-5.78,0,19,16,3,0,0,0,54.81,0.00,0.00,0.00,,0.00,,0.00,EastMoney,2026-08-04T16:42:36+08:00
BK0881,2026-08-04T00:00:00Z,151463,156253,156776,150515,149890,6363,4.25,7524177,15440386467,3.45,1.00,0.00,0,3785333,3738844,398420336000,379390688000,1776010176,2734173952,1447688560,1286485392,4020031024,3530506240,489524784,4533221632,5042991872,-509770240,3891348544,5157588480,-1266239936,11.50,8.33,3.17,-3.30,-8.20,0,15,13,1,1,0,0,138.85,0.00,0.00,0.00,,0.00,,0.00,EastMoney,2026-08-04T16:42:36+08:00
BK0882,2026-08-04T00:00:00Z,113239,112317,113356,111977,112934,-617,-0.55,8204395,7866049509,1.57,0.94,0.00,0,3400171,4804224,714225728000,589066848000,-533128240,686093872,868928880,-182835008,1618709840,1969003072,-350293232,2509255872,2416343680,92912192,2926529168,2489708624,436820544,-6.78,-2.32,-4.45,1.18,5.55,0,36,10,25,1,0,0,87.54,0.00,0.00,0.00,,0.00,,0.00,EastMoney,2026-08-04T16:42:36+08:00
BK0883,2026-08-04T00:00:00Z,165682,167680,168090,165603,164843,2837,1.72,22306443,30152733768,2.65,0.95,0.00,0,10850149,11456294,927919504000,891101424000,173682800,2515928896,2598719952,-82791056,6876314368,6619840512,256473856,10247684352,10603888640,-356204288,9897508608,9706444544,191064064,0.58,-0.27,0.85,-1.18,0.63,0,82,63,15,4,0,0,-50.32,0.00,0.00,0.00,,0.00,,0.00,EastMoney,2026-08-04T16:42:36+08:00
BK0884,2026-08-04T00:00:00Z,413888,436271,438451,411206,408773,27498,6.73,6903965,45220433042,4.49,0.67,0.00,0,3799854,3104111,1334544272000,1158065168000,1503261696,6842569472,5318061824,1524507648,12322233600,12343479552,-21245952,17264920576,18143910912,-878990336,8160877824,8769211136,-608333312,3.32,3.37,-0.05,-1.94,-1.35,0,40,38,1,1,0,0,99.33,0.00,0.00,0.00,,0.00,,0.00,EastMoney,2026-08-04T16:42:36+08:00
BK0885,2026-08-04T00:00:00Z,110659,113552,113635,110639,109102,4450,4.08,6499116,14632877312,4.52,1.04,0.00,0,3401519,3097597,339387312000,298110992000,620366352,1674493504,1406007008,268486496,3724482832,3372602976,351879856,4900238080,5171075072,-270836992,4029096496,4378626048,-349529552,4.24,1.83,2.40,-1.85,-2.39,0,19,18,0,1,0,0,257.33,0.00,0.00,0.00,,0.00,,0.00,EastMoney,2026-08-04T16:42:36+08:00
BK0886,2026-08-04T00:00:00Z,131479,134938,135387,131454,130480,4458,3.42,17690316,25231380634,3.44,1.03,0.00,0,8853218,8837098,632798576000,572508064000,1342044512,2746961408,1602868384,1144093024,5366658304,5168706816,197951488,7894885888,8443001856,-548115968,8626417152,9303563264,-677146112,5.32,4.53,0.78,-2.17,-2.68,0,86,71,12,3,0,0,-89.61,0.00,0.00,0.00,,0.00,,0.00,EastMoney,2026-08-04T16:42:36+08:00
BK0887,2026-08-04T00:00:00Z,70723,69759,70766,69593,70593,-834,-1.18,3129664,3166131921,1.17,1.05,0.00,0,1349238,1780426,323474160000,302150064000,-263002539,138908165,301059024,-162150859,569211168,670062848,-100851680,1077448288,1023940064,53508224,1333606512,1124112176,209494336,-8.31,-5.12,-3.19,1.69,6.62,0,20,4,16,0,0,0,86.92,0.00,0.00,0.00,,0.00,,0.00,EastMoney,2026-08-04T16:42:36+08:00
BK0888,2026-08-04T00:00:00Z,219243,218614,219763,217359,218966,-352,-0.16,13301340,10317788361,1.90,1.00,0.00,0,6197897,7103443,710710896000,639802320000,-441885024,465026240,659366464,-194340224,1921855776,2169400576,-247544800,3531419088,3367148496,164270592,4085754304,3828893040,256861264,-4.28,-1.88,-2.40,1.59,2.49,0,86,34,51,1,0,0,24.24,0.00,0.00,0.00,,0.00,,0.00,EastMoney,2026-08-04T16:42:36+08:00
BK0889,2026-08-04T00:00:00Z,170691,172636,172905,170691,169732,2904,1.71,29242505,29099799513,2.83,0.97,0.00,0,16531277,12711228,1078932960000,960185696000,1643537760,5283668992,3737893536,1545775456,7044700928,6946938624,97762304,9135860736,9908624384,-772763648,7051643392,7924051968,-872408576,5.65,5.31,0.34,-2.66,-3.00,0,76,51,23,2,0,0,40.02,0.00,0.00,0.00,,0.00,,0.00,EastMoney,2026-08-04T16:42:36+08:00
BK0890,2026-08-04T00:00:00Z,442756,462327,463850,434632,440769,21558,4.89,14197168,58695503012,7.03,1.02,0.00,0,7468285,6728883,926651616000,831433712000,1644806400,9357487872,8137495552,1219992320,15450496512,15025682432,424814080,17829158144,18769399552,-940241408,15075585792,15775960320,-700374528,2.80,2.08,0.72,-1.60,-1.19,0,33,33,0,0,0,0,72.16,0.00,0.00,0.00,,0.00,,0.00,EastMoney,2026-08-04T16:42:36+08:00
BK0891,2026-08-04T00:00:00Z,432821,446882,448812,430523,428497,18385,4.29,126823479,493779227242,3.86,0.96,0.00,0,68525363,58298115,18738670336000,12404078080000,21012287488,94851026944,75595280384,19255746560,139702513664,137945972736,1756540928,146883698688,155279876096,-8396177408,104115097600,116717129728,-12602032128,4.26,3.90,0.36,-1.70,-2.55,0,381,341,35,5,0,0,75.37,0.00,0.00,0.00,,0.00,,0.00,EastMoney,2026-08-04T16:42:36+08:00
BK0892,2026-08-04T00:00:00Z,96848,96821,97833,96619,97187,-366,-0.38,6277266,6845476869,2.05,0.98,0.00,0,2814620,3462646,407682736000,385711632000,-476129552,498322112,572149760,-73827648,1274873552,1677175456,-402301904,2159662016,2126907872,32754144,2725623936,2289837424,435786512,-6.96,-1.08,-5.88,0.48,6.37,0,32,11,21,0,0,0,26.74,0.00,0.00,0.00,,0.00,,0.00,EastMoney,2026-08-04T16:42:36+08:00
BK0893,2026-08-04T00:00:00Z,227152,233159,234025,225584,225196,7963,3.54,21377060,86356636626,3.06,0.90,0.00,0,11044699,10332361,2881252608000,2561335568000,4188228864,15985824768,13025466624,2960358144,22359175680,21131304960,1227870720,25561672704,27437802240,-1876129536,20748669696,23040772352,-2292102656,4.85,3.43,1.42,-2.17,-2.65,0,80,69,10,1,0,0,42.73,0.00,0.00,0.00,,0.00,,0.00,EastMoney,2026-08-04T16:42:36+08:00
BK0894,2026-08-04T00:00:00Z,184659,186063,187128,184659,183525,2538,1.38,4248283,4311508625,2.89,0.89,0.00,0,2096156,2152127,238926563000,205030863000,-46894015,178812607,195026686,-16214079,919686800,950366736,-30679936,1516884640,1509426112,7458528,1621338096,1581902608,39435488,-1.09,-0.38,-0.71,0.17,0.91,0,21,16,5,0,0,0,35.77,0.00,0.00,0.00,,0.00,,0.00,EastMoney,2026-08-04T16:42:36+08:00
BK0895,2026-08-04T00:00:00Z,181772,182219,183850,181567,180810,1409,0.78,7077633,7812724719,2.19,0.98,0.00,0,3571399,3506234,464541680000,442467920000,-32415104,522221808,604690800,-82468992,1665209488,1615155600,50053888,2573620480,2537889344,35731136,2864784816,2866402576,-1617760,-0.41,-1.06,0.64,0.46,-0.02,0,33,17,14,2,0,0,21.28,0.00,0.00,0.00,,0.00,,0.00,EastMoney,2026-08-04T16:42:36+08:00
BK0896,2026-08-04T00:00:00Z,189085,187652,189201,186849,188596,-944,-0.50,7416017,16622833621,1.26,0.85,0.00,0,3399686,4016331,2738144448000,2720145392000,-1710772016,1688878144,2601594688,-912716544,3704568784,4502624256,-798055472,6346080256,5497159680,848920576,4546175744,3684324208,861851536,-10.29,-5.49,-4.80,5.11,5.18,0,45,10,34,1,0,0,31.33,0.00,0.00,0.00,,0.00,,0.00,EastMoney,2026-08-04T16:42:36+08:00
BK0897,2026-08-04T00:00:00Z,131924,133623,133972,131507,130949,2674,2.04,10640046,22135914034,2.09,0.91,0.00,0,5331017,5309028,588305968000,552309968000,520958240,3392042576,3306985520,85057056,5700087808,5264186624,435901184,6610062592,6751521024,-141458432,6024013824,6403513600,-379499776,2.35,0.38,1.97,-0.64,-1.71,0,13,12,1,0,0,0,109.89,0.00,0.00,0.00,,0.00,,0.00,EastMoney,2026-08-04T16:42:36+08:00
BK0898,2026-08-04T00:00:00Z,216080,217607,218397,215324,215229,2378,1.10,3742420,6036039467,2.02,0.92,0.00,0,1870790,1871630,318935536000,307067056000,103177904,696224864,517284336,178940528,1320983856,1396746480,-75762624,1885964160,1985271040,-99306880,2041158928,2045029952,-3871024,1.71,2.96,-1.26,-1.65,-0.06,0,28,17,11,0,0,0,27.33,0.00,0.00,0.00,,0.00,,0.00,EastMoney,2026-08-04T16:42:36+08:00
BK0899,2026-08-04T00:00:00Z,183142,192534,192540,183142,179152,13382,7.47,7846345,31359494035,4.35,1.50,0.00,0,4095991,3750354,956585296000,767872112000,2908875008,8743877888,5716465152,3027412736,7441682432,7560220160,-118537728,7908649216,9702650624,-1794001408,6245032704,7357162752,-1112130048,9.28,9.65,-0.38,-5.72,-3.55,0,41,40,1,0,0,0,30.75,0.00,0.00,0.00,,0.00,,0.00,EastMoney,2026-08-04T16:42:36+08:00
BK0900,2026-08-04T00:00:00Z,225452,228975,229515,224209,224125,4850,2.16,158593320,327983208496,2.72,1.06,0.00,0,79504051,79089269,14772963840000,12473082368000,13097804032,49617053952,36970858496,12646195456,77913387008,77461778432,451608576,97249136640,104972603392,-7723466752,97136582656,102543572992,-5406990336,3.99,3.86,0.14,-2.35,-1.65,0,689,509,164,16,0,0,29.77,0.00,0.00,0.00,,0.00,,0.00,EastMoney,2026-08-04T16:42:36+08:00
BK0901,2026-08-04T00:00:00Z,157549,162269,163124,156123,156205,6064,3.88,4885080,15294624540,3.11,1.12,0.00,0,2758888,2126192,681982112000,642313808000,702513008,2251025840,1912076256,338949584,4307897088,3944333664,363563424,4872102144,4961155584,-89053440,3593947920,4207407376,-613459456,4.59,2.22,2.38,-0.58,-4.01,0,9,8,1,0,0,0,32.24,0.00,0.00,0.00,,0.00,,0.00,EastMoney,2026-08-04T16:42:36+08:00
BK0902,2026-08-04T00:00:00Z,224586,232218,233040,223802,222730,9488,4.26,40060950,60385423363,3.54,0.97,0.00,0,22952468,17108482,1826022160000,1431656496000,7580077568,16718335488,9319950848,7398384640,14085844224,13904151296,181692928,14997548544,18142694912,-3145146368,13662461440,18095442944,-4432981504,12.55,12.25,0.30,-5.21,-7.34,0,68,63,5,0,0,0,114.19,0.00,0.00,0.00,,0.00,,0.00,EastMoney,2026-08-04T16:42:36+08:00
BK0905,2026-08-04T00:00:00Z,199640,204551,205250,198630,198142,6409,3.23,24994646,82510722944,3.68,0.93,0.00,0,13257112,11737534,2353587264000,1881066928000,4493358848,13741845248,10502252800,3239592448,19997391104,18743624704,1253766400,24029091584,25337041920,-1307950336,22998525184,26187485184,-3188960000,5.45,3.93,1.52,-1.59,-3.86,0,131,109,21,1,0,0,58.22,0.00,0.00,0.00,,0.00,,0.00,EastMoney,2026-08-04T16:42:36+08:00
BK0906,2026-08-04T00:00:00Z,157044,158414,159114,157044,156044,2370,1.52,26015846,29370618612,2.51,1.05,0.00,0,13204791,12811055,1388432608000,1267284976000,-92519728,2362575840,2121315856,241259984,6108777728,6442557440,-333779712,9810892032,9884541184,-73649152,10545974784,10379805952,166168832,-0.32,0.82,-1.14,-0.25,0.57,0,124,82,35,7,0,0,35.00,0.00,0.00,0.00,,0.00,,0.00,EastMoney,2026-08-04T16:42:36+08:00
BK0907,2026-08-04T00:00:00Z,128205,127277,128425,126628,128124,-847,-0.66,3348382,2055393911,1.96,0.92,0.00,0,1517140,1831243,119615345000,97837618000,-23958295,99812709,84977596,14835113,418351056,457144464,-38793408,664725296,659800416,4924880,796104512,781544432,14560080,-1.17,0.72,-1.89,0.24,0.71,0,17,5,12,0,0,0,-58.88,0.00,0.00,0.00,,0.00,,0.00,EastMoney,2026-08-04T16:42:36+08:00
BK0908,2026-08-04T00:00:00Z,271192,276767,277762,269899,269558,7209,2.67,15991807,19969785817,2.83,0.98,0.00,0,7619182,8372625,631507824000,591032688000,262478544,2343812832,2129526544,214286288,4666824704,4618632448,48192256,6641401088,7330468096,-689067008,5910037248,5486674176,423363072,1.31,1.07,0.24,-3.45,2.12,0,39,28,9,2,0,0,-19.79,0.00,0.00,0.00,,0.00,,0.00,EastMoney,2026-08-04T16:42:36+08:00
BK0909,2026-08-04T00:00:00Z,188121,189411,189733,186893,187784,1627,0.87,13317489,13319087809,1.74,0.96,0.00,0,6436655,6880834,765112576000,696789440000,-7875200,962804928,1074286080,-111481152,2853444224,2749838272,103605952,4177895120,4219467360,-41572240,4915575040,4897073920,18501120,-0.06,-0.84,0.78,-0.31,0.14,0,65,42,23,0,0,0,38.74,0.00,0.00,0.00,,0.00,,0.00,EastMoney,2026-08-04T16:42:36+08:00
BK0910,2026-08-04T00:00:00Z,315719,320118,320635,314238,314165,5953,1.89,22526926,38467869755,2.21,1.05,0.00,0,10935582,11591344,1566825200000,1333035088000,719684464,3021474336,2647023792,374450544,8121735424,7776501504,345233920,12715872768,13177550592,-461677824,13766900736,14036839936,-269939200,1.87,0.97,0.90,-1.20,-0.70,0,204,136,63,5,0,0,45.96,0.00,0.00,0.00,,0.00,,0.00,EastMoney,2026-08-04T16:42:36+08:00
BK0914,2026-08-04T00:00:00Z,118718,119013,119349,118346,118369,644,0.54,5597399,3916178855,1.86,0.95,0.00,0,2560319,3037079,200907737000,181349292000,7795890,265656466,288505744,-22849278,800146080,769500912,30645168,1246965440,1236466656,10498784,1522718064,1541844656,-19126592,0.20,-0.58,0.78,0.27,-0.49,0,32,16,13,3,0,0,42.32,0.00,0.00,0.00,,0.00,,0.00,EastMoney,2026-08-04T16:42:36+08:00
BK0915,2026-08-04T00:00:00Z,142383,146252,146492,140814,140583,5669,4.03,10720339,31296872714,2.25,0.82,0.00,0,5331623,5388716,769852352000,713130592000,1688649344,4698915840,3641243008,1057672832,7943750400,7312773888,630976512,9390534400,10190561792,-800027392,8671672320,9556473088,-884800768,5.40,3.38,2.02,-2.56,-2.83,0,32,30,2,0,0,0,50.59,0.00,0.00,0.00,,0.00,,0.00,EastMoney,2026-08-04T16:42:36+08:00
BK0916,2026-08-04T00:00:00Z,170033,175984,176820,169050,168458,7526,4.47,15636831,46701400799,4.19,1.02,0.00,0,8518478,7118353,1402820832000,1334395712000,2180395264,6209163520,4570904064,1638259456,11966462976,11424327168,542135808,16107730688,16898967040,-791236352,11765200640,13154359296,-1389158656,4.67,3.51,1.16,-1.69,-2.97,0,48,44,3,1,0,0,-243.75,0.00,0.00,0.00,,0.00,,0.00,EastMoney,2026-08-04T16:42:36+08:00
BK0917,2026-08-04T00:00:00Z,247446,257336,258508,245912,245083,12253,5.00,135073458,559275958788,3.73,0.97,0.00,0,72152709,62920749,21000052736000,13178395648000,19151810560,98176270336,80630755328,17545515008,156942819328,155336523776,1606295552,172990881792,182302363648,-9311481856,121248972800,130948902912,-9699930112,3.42,3.14,0.29,-1.66,-1.73,0,516,472,38,6,0,0,109.25,0.00,0.00,0.00,,0.00,,0.00,EastMoney,2026-08-04T16:42:36+08:00
BK0918,2026-08-04T00:00:00Z,259619,262962,263513,257908,257118,5844,2.27,35001229,59920392255,2.58,1.09,0.00,0,17147985,17853245,1838268768000,1669362256000,2237575680,8833990656,6828987136,2005003520,13876879872,13644307712,232572160,18005084928,19109891584,-1104806656,18072701440,19220361984,-1147660544,3.73,3.35,0.39,-1.84,-1.92,0,89,67,19,3,0,0,31.01,0.00,0.00,0.00,,0.00,,0.00,EastMoney,2026-08-04T16:42:36+08:00
BK0920,2026-08-04T00:00:00Z,137592,139859,140187,137157,136733,3126,2.29,49891017,110917446854,2.19,0.97,0.00,0,24887468,25003549,5753753088000,4871463936000,2490219520,15357687552,13655318784,1702368768,27066018048,26278167296,787850752,33611261952,35352246528,-1740984576,32800448768,33438084352,-637635584,2.25,1.53,0.71,-1.57,-0.57,0,217,165,45,7,0,0,38.73,0.00,0.00,0.00,,0.00,,0.00,EastMoney,2026-08-04T16:42:36+08:00
BK0921,2026-08-04T00:00:00Z,178277,183195,183851,177644,176669,6526,3.69,29756022,59187291490,1.67,1.09,0.00,0,15174117,14581904,2465132656000,2148029408000,2340745216,7295032576,5772606464,1522426112,13971681536,13153362432,818319104,18433045248,19347331584,-914286336,18361839872,19763924480,-1402084608,3.95,2.57,1.38,-1.54,-2.37,0,94,91,3,0,0,0,56.10,0.00,0.00,0.00,,0.00,,0.00,EastMoney,2026-08-04T16:42:36+08:00
BK0922,2026-08-04T00:00:00Z,194617,199367,199747,194099,192843,6524,3.38,102189578,248315339606,2.63,1.06,0.00,0,52134449,50055129,10402105344000,7354857216000,14696345856,47456702976,33432796416,14023906560,67284594432,66612155136,672439296,69805522944,76968464384,-7162941440,59101862912,66466077952,-7364215040,5.92,5.65,0.27,-2.88,-2.97,0,278,240,32,6,0,0,31.30,0.00,0.00,0.00,,0.00,,0.00,EastMoney,2026-08-04T16:42:36+08:00
BK0923,2026-08-04T00:00:00Z,142047,145894,146331,141960,141133,4761,3.37,74976208,130236804827,7.79,1.31,0.00,0,38437349,36538859,6063414016000,2326665264000,2509550592,22957718016,21005221376,1952496640,34687906816,34130852864,557053952,39914097664,40831797504,-917699840,29934164480,31515723776,-1581559296,1.93,1.50,0.43,-0.70,-1.21,0,96,86,9,1,0,0,148.61,0.00,0.00,0.00,,0.00,,0.00,EastMoney,2026-08-04T16:42:36+08:00
BK0924,2026-08-04T00:00:00Z,180449,180068,180797,179238,180272,-204,-0.11,7916375,8659423329,1.96,0.89,0.00,0,3662681,4253694,420797424000,384211456000,-244928064,756623328,907598352,-150975024,1905683136,1999636176,-93953040,2687079760,2700283904,-13204144,3138819568,2880687360,258132208,-2.83,-1.74,-1.08,-0.15,2.98,0,30,13,16,1,0,0,25.04,0.00,0.00,0.00,,0.00,,0.00,EastMoney,2026-08-04T16:42:36+08:00
BK0925,2026-08-04T00:00:00Z,207759,209624,210243,207495,206959,2665,1.29,7840505,8723713338,2.75,1.03,0.00,0,3893425,3947080,308891168000,280586464000,4706032,692957120,744494064,-51536944,1868194896,1811951920,56242976,2714205536,2846671424,-132465888,3291075472,3163315600,127759872,0.05,-0.59,0.64,-1.52,1.46,0,25,16,7,2,0,0,46.74,0.00,0.00,0.00,,0.00,,0.00,EastMoney,2026-08-04T16:42:36+08:00
BK0926,2026-08-04T00:00:00Z,219695,224270,224626,218804,218720,5550,2.54,6670822,23637709787,2.67,0.87,0.00,0,3368180,3302642,625828320000,586068432000,2371718720,4597847552,2567521216,2030326336,5696916480,5355524096,341392384,6754349312,7601633280,-847283968,6250594048,7775028736,-1524434688,10.03,8.59,1.44,-3.58,-6.45,0,28,21,7,0,0,0,107.32,0.00,0.00,0.00,,0.00,,0.00,EastMoney,2026-08-04T16:42:36+08:00
BK0927,2026-08-04T00:00:00Z,115399,113927,115508,113607,115262,-1335,-1.16,5518961,5628432895,0.76,0.95,0.00,0,2222015,3296946,625825504000,583472192000,-500330272,450612944,665134208,-214521264,1234383488,1520192496,-285809008,1715503824,1632275184,83228640,2151984864,1734883232,417101632,-8.89,-3.81,-5.08,1.48,7.41,0,18,4,14,0,0,0,22.98,0.00,0.00,0.00,,0.00,,0.00,EastMoney,2026-08-04T16:42:36+08:00
BK0932,2026-08-04T00:00:00Z,177179,181091,181240,176455,176226,4865,2.76,6220010,11583696523,2.99,0.95,0.00,0,3218953,3001056,304290816000,283301248000,582909584,945811152,645289408,300521744,2436510320,2154122480,282387840,3678567328,3676447760,2119568,4342652928,4927951104,-585298176,5.03,2.59,2.44,0.02,-5.05,0,35,30,5,0,0,0,92.55,0.00,0.00,0.00,,0.00,,0.00,EastMoney,2026-08-04T16:42:36+08:00
BK0933,2026-08-04T00:00:00Z,114391,114950,115461,113608,114396,554,0.48,2515969,2032292296,1.43,0.68,0.00,0,1099293,1416677,141119204000,137694719000,-79429352,156146887,144377023,11769864,346501376,437700592,-91199216,610188080,674341888,-64153808,887160896,743577728,143583168,-3.91,0.58,-4.49,-3.16,7.07,0,12,5,7,0,0,0,216.84,0.00,0.00,0.00,,0.00,,0.00,EastMoney,2026-08-04T16:42:36+08:00
BK0935,2026-08-04T00:00:00Z,229637,239840,241619,227392,227460,12380,5.44,19814451,129135508733,3.83,0.88,0.00,0,10631403,9183047,4353737216000,3265629920000,2099525632,20438716672,17028223488,3410493184,35978817280,37289784832,-1310967552,47472560640,47926742784,-454182144,23418923264,25038603008,-1619679744,1.63,2.64,-1.02,-0.35,-1.25,0,66,63,3,0,0,0,129.87,0.00,0.00,0.00,,0.00,,0.00,EastMoney,2026-08-04T16:42:36+08:00
BK0936,2026-08-04T00:00:00Z,104420,104981,105248,104094,103977,1004,0.97,3074474,3008052535,2.69,0.87,0.00,0,1452697,1621777,146126255000,126085823000,-53353484,117419997,162777593,-45357596,624611136,632607024,-7995888,1039531312,1025977440,13553872,1178748208,1137740592,41007616,-1.77,-1.51,-0.27,0.45,1.36,0,15,9,6,0,0,0,68.24,0.00,0.00,0.00,,0.00,,0.00,EastMoney,2026-08-04T16:42:36+08:00
BK0937,2026-08-04T00:00:00Z,73441,73511,73847,73110,73351,160,0.22,26649935,37679293294,0.85,0.93,0.00,0,11975148,14674787,5711857920000,4768402688000,-682070528,6021776128,5805845248,215930880,9505981696,10403983104,-898001408,10658461952,11087925760,-429463808,10631556608,9520022016,1111534592,-1.81,0.57,-2.38,-1.14,2.95,0,61,35,26,0,0,0,10.32,0.00,0.00,0.00,,0.00,,0.00,EastMoney,2026-08-04T16:42:36+08:00
BK0938,2026-08-04T00:00:00Z,102763,103348,104100,102666,103144,204,0.20,2009000,3705900056,2.02,0.96,0.00,0,976867,1032133,148873470000,144268725000,89114310,315544160,212017674,103526486,760348656,774760832,-14412176,1114716656,1230929392,-116212736,1437493568,1410395136,27098432,2.40,2.79,-0.39,-3.14,0.73,0,15,5,10,0,0,0,24.23,0.00,0.00,0.00,,0.00,,0.00,EastMoney,2026-08-04T16:42:36+08:00
BK0939,2026-08-04T00:00:00Z,100549,101724,101877,100549,99989,1735,1.74,8253093,11235638265,2.25,0.99,0.00,0,4023495,4229597,496392176000,445970304000,35018688,995474928,822778256,172696672,2428152128,2565830112,-137677984,3571002992,3717296992,-146294000,4074005392,3962730080,111275312,0.31,1.54,-1.23,-1.30,0.99,0,53,37,14,2,0,0,52.90,0.00,0.00,0.00,,0.00,,0.00,EastMoney,2026-08-04T16:42:36+08:00
BK0940,2026-08-04T00:00:00Z,69439,70318,70517,69138,69163,1155,1.67,67027267,57422999134,4.52,1.25,0.00,0,33909183,33118084,1223588640000,1087844256000,476993536,6523675648,5964402944,559272704,13252398592,13334677760,-82279168,17905462016,18222815744,-317353728,18424413952,18584091648,-159677696,0.83,0.97,-0.14,-0.55,-0.28,0,133,83,47,3,0,0,83.38,0.00,0.00,0.00,,0.00,,0.00,EastMoney,2026-08-04T16:42:36+08:00
BK0943,2026-08-04T00:00:00Z,119977,120897,120969,119379,119797,1100,0.92,4732609,3718672365,1.53,1.01,0.00,0,2341220,2391389,229117870000,190676004000,152866832,353950720,301505440,52445280,864954208,764532656,100421552,1150000016,1179838624,-29838608,1275920000,1401882496,-125962496,4.11,1.41,2.70,-0.80,-3.39,0,18,10,8,0,0,0,-42.63,0.00,0.00,0.00,,0.00,,0.00,EastMoney,2026-08-04T16:42:36+08:00
BK0944,2026-08-04T00:00:00Z,84499,84722,85535,84499,84206,516,0.61,2170331,2509129240,1.41,0.98,0.00,0,1083501,1086830,188063357000,168471845000,-27956773,101989917,134659090,-32669173,588096640,583384240,4712400,894552976,872419744,22133232,884091760,878268208,5823552,-1.11,-1.30,0.19,0.88,0.23,0,13,9,3,1,0,0,27.40,0.00,0.00,0.00,,0.00,,0.00,EastMoney,2026-08-04T16:42:36+08:00
BK0945,2026-08-04T00:00:00Z,100654,100765,100856,99839,100305,460,0.46,24247243,14772843208,1.19,0.98,0.00,0,9846090,14401153,1203917792000,1040016992000,-687394288,1105903856,1465078496,-359174640,3030665088,3358884736,-328219648,4771195392,4448773376,322422016,5567490304,5204673024,362817280,-4.65,-2.43,-2.22,2.18,2.46,0,89,46,42,1,0,0,-60.26,0.00,0.00,0.00,,0.00,,0.00,EastMoney,2026-08-04T16:42:36+08:00
BK0946,2026-08-04T00:00:00Z,138450,141659,142853,137293,136727,4932,3.61,2174008,12700276630,2.37,1.38,0.00,0,1164136,1009872,335670896000,214717240000,3061790336,1984257920,456216688,1528041232,3239411728,1705662624,1533749104,3826815488,6220941312,-2394125824,3114637616,3782302048,-667664432,24.11,12.03,12.08,-18.85,-5.26,0,12,10,2,0,0,0,-90.08,0.00,0.00,0.00,,0.00,,0.00,EastMoney,2026-08-04T16:42:36+08:00
BK0947,2026-08-04T00:00:00Z,86600,88213,88477,86254,86171,2042,2.37,25615582,17908740270,3.76,0.95,0.00,0,15195634,10419948,540238816000,498551984000,1335290224,4345457920,3098665008,1246792912,4369592320,4281095008,88497312,4807716352,5245400320,-437683968,4041527536,4939133952,-897606416,7.46,6.96,0.49,-2.44,-5.01,0,9,9,0,0,0,0,46.00,0.00,0.00,0.00,,0.00,,0.00,EastMoney,2026-08-04T16:42:36+08:00
BK0948,2026-08-04T00:00:00Z,125359,128955,129454,124737,124334,4621,3.72,31034120,25761179984,3.49,0.92,0.00,0,18151699,12882422,841128512000,725460688000,1991001024,5278612224,3476681024,1801931200,6149756160,5960686336,189069824,7090937088,7919467008,-828529920,6796860928,7959331840,-1162470912,7.73,6.99,0.73,-3.22,-4.51,0,35,33,2,0,0,0,399.82,0.00,0.00,0.00,,0.00,,0.00,EastMoney,2026-08-04T16:42:36+08:00
BK0949,2026-08-04T00:00:00Z,264464,275361,276245,261994,261889,13472,5.14,5261620,11379011323,4.19,0.89,0.00,0,2615642,2645978,295541936000,251569055000,361593808,1295823968,997830112,297993856,2453252080,2389652128,63599952,3771176160,3762186912,8989248,3712855536,4083438608,-370583072,3.18,2.62,0.56,0.08,-3.26,0,17,17,0,0,0,0,48.06,0.00,0.00,0.00,,0.00,,0.00,EastMoney,2026-08-04T16:42:36+08:00
BK0950,2026-08-04T00:00:00Z,164194,162837,164605,162071,164275,-1438,-0.88,3085160,3077338718,1.53,0.92,0.00,0,1420933,1664227,175731246000,170452363000,49633136,333694240,272786976,60907264,686444112,697718240,-11274128,978219360,959263232,18956128,1037660304,1106249568,-68589264,1.61,1.98,-0.37,0.62,-2.23,0,13,2,10,1,0,0,34.83,0.00,0.00,0.00,,0.00,,0.00,EastMoney,2026-08-04T16:42:36+08:00
BK0951,2026-08-04T00:00:00Z,299570,304698,306101,297774,297472,7226,2.43,2799699,10692012709,2.51,0.93,0.00,0,1380923,1418776,1006414976000,468210480000,-1273473488,1153663984,1922714784,-769050800,2496150864,3000573552,-504422688,3542260624,3081509696,460750928,3350182800,2537460256,812722544,-11.91,-7.19,-4.72,4.31,7.60,0,12,9,2,1,0,0,32.63,0.00,0.00,0.00,,0.00,,0.00,EastMoney,2026-08-04T16:42:36+08:00
BK0952,2026-08-04T00:00:00Z,208867,217196,218171,207927,206494,10702,5.18,41792747,104015249088,5.53,1.21,0.00,0,21752231,20040517,2739016192000,2460902272000,5237776640,15528126464,10994907648,4533218816,25142380800,24437822976,704557824,32333417984,35043903744,-2710485760,28978479104,31481127424,-2502648320,5.04,4.36,0.68,-2.61,-2.41,0,108,100,7,1,0,0,4991.99,0.00,0.00,0.00,,0.00,,0.00,EastMoney,2026-08-04T16:42:36+08:00
BK0953,2026-08-04T00:00:00Z,142535,145121,145317,142237,141368,3753,2.65,35165688,56845199712,3.61,1.02,0.00,0,17630860,17534829,2384623472000,2000083632000,411179008,5574669056,5394793216,179875840,13332500736,13101197568,231303168,18364708096,18416593920,-51885824,18232874240,18577256192,-344381952,0.72,0.32,0.41,-0.09,-0.61,0,123,108,14,1,0,0,33.67,0.00,0.00,0.00,,0.00,,0.00,EastMoney,2026-08-04T16:42:36+08:00
BK0954,2026-08-04T00:00:00Z,131610,132733,133258,130770,129963,2770,2.13,3162228,5186504415,4.56,1.05,0.00,0,1534272,1627956,113328952000,87611667000,45007920,482939520,418271232,64668288,1220790992,1240451360,-19660368,1758889872,1702293664,56596208,1601555136,1703159248,-101604112,0.87,1.25,-0.38,1.09,-1.96,0,12,8,4,0,0,0,210.90,0.00,0.00,0.00,,0.00,,0.00,EastMoney,2026-08-04T16:42:36+08:00
BK0955,2026-08-04T00:00:00Z,128012,128880,129197,127400,127354,1526,1.20,7292067,7024764515,1.83,0.92,0.00,0,3583352,3708715,270650816000,248138809000,86050048,448667056,378370096,70296960,1511806720,1496053632,15753088,2360925744,2285451984,75473760,2567071312,2728595104,-161523792,1.22,1.00,0.22,1.07,-2.30,0,37,21,15,1,0,0,60.23,0.00,0.00,0.00,,0.00,,0.00,EastMoney,2026-08-04T16:42:36+08:00
BK0957,2026-08-04T00:00:00Z,150636,153513,153914,150332,149705,3808,2.54,6913002,8021524276,4.21,1.04,0.00,0,3512302,3400700,181210788000,156310013000,-28181952,365662400,445309040,-79646640,1652305088,1600840400,51464688,2783142416,2623154400,159988016,3038699072,3160975088,-122276016,-0.35,-0.99,0.64,1.99,-1.52,0,28,22,5,1,0,0,115.48,0.00,0.00,0.00,,0.00,,0.00,EastMoney,2026-08-04T16:42:36+08:00
BK0958,2026-08-04T00:00:00Z,210533,212929,213310,209842,208926,4003,1.92,19876342,22231184487,1.88,1.05,0.00,0,9442400,10433942,1064488688000,959892080000,419601360,2097755968,1758010224,339745744,4902551552,4822695936,79855616,7063042304,7443052544,-380010240,7700142080,7739012352,-38870272,1.89,1.53,0.36,-1.71,-0.17,0,73,57,13,3,0,0,30.20,0.00,0.00,0.00,,0.00,,0.00,EastMoney,2026-08-04T16:42:36+08:00
BK0959,2026-08-04T00:00:00Z,150738,153196,153455,150738,150208,2988,1.99,4913035,6380852271,2.63,1.13,0.00,0,2592615,2320420,176274340000,160404162000,169072240,530555136,420144496,110410640,1444372752,1385711152,58661600,2155954640,2045359168,110595472,2139285456,2418953184,-279667728,2.65,1.73,0.92,1.73,-4.38,0,19,12,7,0,0,0,49.53,0.00,0.00,0.00,,0.00,,0.00,EastMoney,2026-08-04T16:42:36+08:00
BK0960,2026-08-04T00:00:00Z,306287,311509,312826,304061,303957,7552,2.48,12643849,38060964294,3.18,1.02,0.00,0,6409154,6234695,2117639072000,1480258720000,-164290304,4880930816,4959980288,-79049472,9416434432,9501675264,-85240832,12039685120,12155507456,-115822336,11067075584,10786962688,280112896,-0.43,-0.21,-0.22,-0.30,0.74,0,40,31,8,1,0,0,32.79,0.00,0.00,0.00,,0.00,,0.00,EastMoney,2026-08-04T16:42:36+08:00
BK0961,2026-08-04T00:00:00Z,169659,172828,173288,169038,168987,3841,2.27,6350199,10952384008,2.83,0.99,0.00,0,3310883,3039317,413747456000,368494912000,235601744,929768288,826892032,102876256,2544708960,2411983472,132725488,3529823376,3627953008,-98129632,3762699408,3896117104,-133417696,2.15,0.94,1.21,-0.90,-1.22,0,35,29,6,0,0,0,67.18,0.00,0.00,0.00,,0.00,,0.00,EastMoney,2026-08-04T16:42:36+08:00
BK0963,2026-08-04T00:00:00Z,222492,227233,227802,221202,220662,6571,2.98,67795747,168140989988,2.61,1.07,0.00,0,34134534,33661213,5521810176000,4888801792000,8714132992,22927915776,16731877888,6196037888,40767379712,38249284608,2518095104,52910754048,57056089600,-4145335552,48245558016,52776998656,-4531440640,5.18,3.69,1.50,-2.47,-2.70,0,305,256,47,2,0,0,60.91,0.00,0.00,0.00,,0.00,,0.00,EastMoney,2026-08-04T16:42:36+08:00
BK0964,2026-08-04T00:00:00Z,188233,193190,193952,187472,186280,6910,3.71,13667294,40421274445,4.24,1.09,0.00,0,7115535,6551759,2954427808000,866940272000,1865779456,6371800576,5033664256,1338136320,10058077952,9530434816,527643136,11973324032,13021664512,-1048340480,11332831232,12144125952,-811294720,4.62,3.31,1.31,-2.59,-2.01,0,36,34,2,0,0,0,19.67,0.00,0.00,0.00,,0.00,,0.00,EastMoney,2026-08-04T16:42:36+08:00
BK0965,2026-08-04T00:00:00Z,82071,81800,82527,81585,82058,-258,-0.31,10325397,6727743689,2.09,0.84,0.00,0,4785515,5539882,487999120000,339141152000,-270459696,285417216,389156528,-103739312,1178938512,1345658896,-166720384,2101066544,2163463280,-62396736,2997752384,2664895968,332856416,-4.02,-1.54,-2.48,-0.93,4.95,0,38,15,21,2,0,0,104.65,0.00,0.00,0.00,,0.00,,0.00,EastMoney,2026-08-04T16:42:36+08:00
BK0966,2026-08-04T00:00:00Z,175797,176755,177126,175358,175043,1712,0.98,40716106,38987915634,1.21,0.98,0.00,0,18501256,22214850,2620887152000,2282322288000,-70509072,3832226416,3939978368,-107751952,8332072192,8294829312,37242880,12417412352,12260548352,156864000,13677196032,13762532864,-85336832,-0.18,-0.28,0.10,0.40,-0.22,0,139,71,59,9,0,0,30.86,0.00,0.00,0.00,,0.00,,0.00,EastMoney,2026-08-04T16:42:36+08:00
BK0967,2026-08-04T00:00:00Z,82088,81558,82373,81225,81946,-388,-0.47,3720585,2870977853,2.05,1.06,0.00,0,1676031,2044554,194003119000,189496152000,-100839549,187753051,180947704,6805347,541948032,649592928,-107644896,936780944,972564272,-35783328,1131362336,994739440,136622896,-3.51,0.24,-3.75,-1.25,4.76,0,16,6,9,1,0,0,-28.86,0.00,0.00,0.00,,0.00,,0.00,EastMoney,2026-08-04T16:42:36+08:00
BK0968,2026-08-04T00:00:00Z,229509,234048,234847,228652,228645,5403,2.36,52948706,131863513868,2.46,0.94,0.00,0,26589281,26359425,6283795456000,5469673216000,3160475904,17396096512,14087642624,3308453888,32066669312,32214647296,-147977984,41028997376,42950767616,-1921770240,38893342208,40154163712,-1260821504,2.40,2.51,-0.11,-1.46,-0.96,0,219,175,41,3,0,0,32.25,0.00,0.00,0.00,,0.00,,0.00,EastMoney,2026-08-04T16:42:36+08:00
BK0969,2026-08-04T00:00:00Z,140351,145318,146221,139316,139109,6209,4.46,19047146,91431120459,3.21,0.92,0.00,0,10253291,8793855,1943664080000,1837163152000,4356420864,16384357888,13038543872,3345814016,23483101952,22472495104,1010606848,28208912128,30451532544,-2242620416,21622572288,23732454400,-2109882112,4.76,3.66,1.11,-2.45,-2.31,0,72,64,8,0,0,0,283.33,0.00,0.00,0.00,,0.00,,0.00,EastMoney,2026-08-04T16:42:36+08:00
BK0970,2026-08-04T00:00:00Z,159219,163135,163618,159194,158099,5036,3.19,13315402,34266663494,2.87,1.06,0.00,0,7112586,6202816,1151594784000,1051155904000,1854462624,4909596160,3592769632,1316826528,8459374848,7921738752,537636096,10252357376,10953313536,-700956160,10041016064,11193789184,-1152773120,5.41,3.84,1.57,-2.05,-3.36,0,51,48,3,0,0,0,45.00,0.00,0.00,0.00,,0.00,,0.00,EastMoney,2026-08-04T16:42:36+08:00
BK0972,2026-08-04T00:00:00Z,148241,153003,153288,148241,147290,5713,3.88,37270320,37833955498,11.76,1.59,0.00,0,18838116,18432204,312563456000,283847824000,425125376,5032345088,4824730368,207614720,9238922496,9021411840,217510656,11717438976,11752001024,-34562048,10884496896,11265530112,-381033216,1.12,0.55,0.57,-0.09,-1.01,0,33,29,4,0,0,0,-197.93,0.00,0.00,0.00,,0.00,,0.00,EastMoney,2026-08-04T16:42:36+08:00
BK0974,2026-08-04T00:00:00Z,112045,112713,113171,112045,111774,939,0.84,7065020,10673918562,1.95,0.88,0.00,0,3350239,3714781,600808832000,518439568000,-230454176,519285680,602696832,-83411152,2115365696,2262408720,-147043024,3670147488,3617718064,52429424,3965442976,3775471792,189971184,-2.16,-0.78,-1.38,0.49,1.78,0,64,35,27,2,0,0,56.28,0.00,0.00,0.00,,0.00,,0.00,EastMoney,2026-08-04T16:42:36+08:00
BK0975,2026-08-04T00:00:00Z,210938,211883,212311,210014,210149,1734,0.83,11758106,18337669949,1.66,1.22,0.00,0,5347255,6410851,797763312000,682002544000,1592383696,3689557808,1877856752,1811701056,3878662880,4097980240,-219317360,5235564800,5912976128,-677411328,5304181760,6219153920,-914972160,8.68,9.88,-1.20,-3.69,-4.99,0,30,17,12,1,0,0,15.62,0.00,0.00,0.00,,0.00,,0.00,EastMoney,2026-08-04T16:42:36+08:00
BK0976,2026-08-04T00:00:00Z,223199,232413,233364,219955,221268,11145,5.04,10800848,51245314824,7.09,0.94,0.00,0,5669002,5131846,830307184000,750370016000,1213322240,8392982528,7427575808,965406720,13356754176,13108838656,247915520,15506072064,16274320384,-768248320,13162179072,13608101632,-445922560,2.37,1.88,0.48,-1.50,-0.87,0,30,27,2,1,0,0,63.09,0.00,0.00,0.00,,0.00,,0.00,EastMoney,2026-08-04T16:42:36+08:00
BK0977,2026-08-04T00:00:00Z,189922,197807,198760,188988,188057,9750,5.18,14289706,42246738541,3.47,0.94,0.00,0,7604127,6685579,1286352976000,1086108384000,2358513568,5745238528,3851051616,1894186912,10327324160,9862997504,464326656,12859833344,14201948160,-1342114816,12579741952,13602685184,-1022943232,5.58,4.48,1.10,-3.18,-2.42,0,47,45,1,1,0,0,92.95,0.00,0.00,0.00,,0.00,,0.00,EastMoney,2026-08-04T16:42:36+08:00
BK0979,2026-08-04T00:00:00Z,94873,92750,94980,92459,94675,-1925,-2.03,4662200,1655813862,0.70,1.09,0.00,0,1659870,3002330,256671329000,245754862000,-72907679,195952126,250714781,-54762655,401883728,420028752,-18145024,486956112,437213296,49742816,543987088,520822224,23164864,-4.40,-3.31,-1.10,3.00,1.40,0,7,0,7,0,0,0,24.96,0.00,0.00,0.00,,0.00,,0.00,EastMoney,2026-08-04T16:42:36+08:00
BK0980,2026-08-04T00:00:00Z,106557,106201,106804,105706,106249,-48,-0.05,16425685,13272374883,1.23,0.90,0.00,0,7502874,8922811,961097152000,894460896000,-153763744,1258756272,1268532352,-9776080,2892454144,3036441808,-143987664,4250749280,4213252096,37497184,4575789568,4461644800,114144768,-1.16,-0.07,-1.08,0.28,0.86,0,58,20,32,6,0,0,22.65,0.00,0.00,0.00,,0.00,,0.00,EastMoney,2026-08-04T16:42:36+08:00
BK0981,2026-08-04T00:00:00Z,253387,261149,262013,251631,251741,9408,3.74,6784471,25474864002,2.25,0.88,0.00,0,3463966,3320504,713999328000,537814944000,314047088,3563678528,3359063760,204614768,6524571904,6415139584,109432320,8784030208,8678882304,105147904,6227226112,6635439360,-408213248,1.23,0.80,0.43,0.41,-1.60,0,30,24,6,0,0,0,72.42,0.00,0.00,0.00,,0.00,,0.00,EastMoney,2026-08-04T16:42:36+08:00
BK0982,2026-08-04T00:00:00Z,120122,121164,121441,119823,119684,1480,1.24,3693936,2970901833,2.78,0.92,0.00,0,1810719,1883217,133962914000,111777194000,53385641,187662087,169182238,18479849,685338192,650432400,34905792,962458800,1037809792,-75350992,1081500608,1059535248,21965360,1.80,0.62,1.17,-2.54,0.74,0,18,13,5,0,0,0,-51.44,0.00,0.00,0.00,,0.00,,0.00,EastMoney,2026-08-04T16:42:36+08:00
BK0983,2026-08-04T00:00:00Z,161834,164056,164498,160745,161151,2905,1.80,6490542,6471011538,1.15,1.03,0.00,0,2935247,3555295,406596560000,334744080000,173047280,434607760,368957632,65650128,1394643392,1287246240,107397152,2113297904,2085030608,28267296,2374192496,2580198352,-206005856,2.67,1.01,1.66,0.44,-3.18,0,31,19,12,0,0,0,37.05,0.00,0.00,0.00,,0.00,,0.00,EastMoney,2026-08-04T16:42:36+08:00
BK0984,2026-08-04T00:00:00Z,206860,209705,210299,205594,205900,3805,1.85,28797556,42286561333,2.51,1.18,0.00,0,14316556,14481000,1803711536000,1625359392000,150469712,3703497968,3546211232,157286736,9425908736,9432725760,-6817024,13326050816,13812386048,-486335232,14970974720,14649388800,321585920,0.36,0.37,-0.02,-1.15,0.76,0,125,80,43,2,0,0,41.54,0.00,0.00,0.00,,0.00,,0.00,EastMoney,2026-08-04T16:42:36+08:00
BK0985,2026-08-04T00:00:00Z,147481,149842,150360,147132,146553,3289,2.24,9743901,14923929080,1.95,0.95,0.00,0,4612209,5131692,766850096000,744234160000,174166448,1507062368,1348401104,158661264,3277761744,3262256560,15505184,4546719232,5018164736,-471445504,5327642880,5030051584,297591296,1.17,1.06,0.10,-3.16,1.99,0,42,26,14,2,0,0,37.54,0.00,0.00,0.00,,0.00,,0.00,EastMoney,2026-08-04T16:42:36+08:00
BK0986,2026-08-04T00:00:00Z,110595,112891,113403,110595,109337,3554,3.25,6649490,17513291210,3.47,1.16,0.00,0,3334994,3314496,726253968000,587223008000,1730044080,6526080768,4311143424,2214937344,3468558240,3953451504,-484893264,3691600928,4892360448,-1200759520,3081997840,3609993392,-527995552,9.88,12.65,-2.77,-6.86,-3.01,0,25,20,5,0,0,0,45.67,0.00,0.00,0.00,,0.00,,0.00,EastMoney,2026-08-04T16:42:36+08:00
BK0988,2026-08-04T00:00:00Z,160307,161949,162435,159697,159736,2213,1.39,17596449,39858614000,1.81,0.82,0.00,0,8725342,8871106,3108231888000,2792716096000,757661440,5970954496,4825658368,1145296128,9926407680,10314042368,-387634688,11614649088,12328479232,-713830144,11506333440,11552614400,-46280960,1.90,2.87,-0.97,-1.79,-0.12,0,72,53,18,1,0,0,26.15,0.00,0.00,0.00,,0.00,,0.00,EastMoney,2026-08-04T16:42:36+08:00
BK0989,2026-08-04T00:00:00Z,214839,217579,217994,213991,213432,4147,1.94,123959897,207991337582,2.01,0.96,0.00,0,59242532,64717365,11560536064000,9809042944000,2308291584,24346471168,21096925952,3249545216,47713439232,48654692864,-941253632,64471747072,66640360704,-2168613632,67190920448,67312230656,-121310208,1.11,1.56,-0.45,-1.04,-0.06,0,464,322,126,16,0,0,31.18,0.00,0.00,0.00,,0.00,,0.00,EastMoney,2026-08-04T16:42:36+08:00
BK0990,2026-08-04T00:00:00Z,106576,106902,107144,105962,106107,795,0.75,7550693,6469819871,1.50,0.98,0.00,0,3456650,4094043,570478016000,498808384000,-49104400,527311760,509317008,17994752,1257525632,1324624784,-67099152,2024781008,2005399184,19381824,2544258640,2511434784,32823856,-0.76,0.28,-1.04,0.30,0.51,0,40,20,19,1,0,0,18.90,0.00,0.00,0.00,,0.00,,0.00,EastMoney,2026-08-04T16:42:36+08:00
BK0991,2026-08-04T00:00:00Z,157464,157522,157760,156191,157059,463,0.29,11859556,12768327222,1.39,1.19,0.00,0,5333827,6525729,1097482288000,950233408000,-752762256,906301472,1248457200,-342155728,2646037680,3056644208,-410606528,4257093056,3982150400,274942656,4681616384,4215374080,466242304,-5.90,-2.68,-3.22,2.15,3.65,0,57,26,29,2,0,0,16.67,0.00,0.00,0.00,,0.00,,0.00,EastMoney,2026-08-04T16:42:36+08:00
BK0992,2026-08-04T00:00:00Z,74391,73480,74544,73304,74298,-818,-1.10,10606636,6328499473,1.23,0.98,0.00,0,3972320,6634316,633331120000,588292560000,-509271408,655979520,869193472,-213213952,1271138576,1567196032,-296057456,2007535760,1886364352,121171408,2278792608,1890692608,388100000,-8.05,-3.37,-4.68,1.91,6.13,0,24,3,17,4,0,0,-10.69,0.00,0.00,0.00,,0.00,,0.00,EastMoney,2026-08-04T16:42:36+08:00
BK0993,2026-08-04T00:00:00Z,81232,81909,82080,81211,80974,935,1.15,6295474,8895477066,2.10,0.98,0.00,0,3073572,3221902,378361200000,332584320000,25233696,604923504,493344848,111578656,1751976848,1838321808,-86344960,2881075008,2884626928,-3551920,3455348368,3467449952,-12101584,0.28,1.25,-0.97,-0.04,-0.14,0,69,41,27,1,0,0,166.76,0.00,0.00,0.00,,0.00,,0.00,EastMoney,2026-08-04T16:42:36+08:00
BK0994,2026-08-04T00:00:00Z,204014,206938,207727,203635,202961,3977,1.96,3699974,7112843646,2.68,1.06,0.00,0,1918047,1781927,279766592000,260472044000,176708464,513609440,443117248,70492192,1532412784,1426196512,106216272,2366559808,2379033872,-12474064,2571351424,2735585808,-164234384,2.48,0.99,1.49,-0.18,-2.31,0,20,17,2,1,0,0,264.42,0.00,0.00,0.00,,0.00,,0.00,EastMoney,2026-08-04T16:42:36+08:00
BK0995,2026-08-04T00:00:00Z,142806,147430,148098,142663,141661,5769,4.07,17041767,25365526094,4.87,1.21,0.00,0,9239166,7802601,607946480000,532940912000,1378132400,2495340768,1635290416,860050352,6101354752,5583272704,518082048,8152901888,8683437568,-530535680,8140819200,8974893568,-834074368,5.43,3.39,2.04,-2.09,-3.29,0,50,48,2,0,0,0,137.31,0.00,0.00,0.00,,0.00,,0.00,EastMoney,2026-08-04T16:42:36+08:00
BK0996,2026-08-04T00:00:00Z,95570,95906,96827,95570,95311,595,0.62,2743378,2426052862,1.83,0.89,0.00,0,1338675,1404702,120116073000,103711591000,-83764352,82255678,121588926,-39333248,466212592,510643696,-44431104,799594640,838249488,-38654848,1025120128,902700912,122419216,-3.45,-1.62,-1.83,-1.59,5.05,0,18,13,4,1,0,0,55.36,0.00,0.00,0.00,,0.00,,0.00,EastMoney,2026-08-04T16:42:36+08:00
BK0998,2026-08-04T00:00:00Z,182546,186945,187605,181570,181205,5740,3.17,11757062,32578679100,2.81,0.95,0.00,0,5982192,5774870,1027508496000,874803744000,1069853376,3160355280,2527665680,632689600,7464840192,7027676416,437163776,10729711872,10738373376,-8661504,10591056640,11653381376,-1062324736,3.28,1.94,1.34,-0.03,-3.26,0,96,79,16,1,0,0,86.16,0.00,0.00,0.00,,0.00,,0.00,EastMoney,2026-08-04T16:42:36+08:00
BK0999,2026-08-04T00:00:00Z,74032,73528,74055,73320,73850,-322,-0.44,20340248,122237340817,1.12,0.91,0.00,0,9018568,11321680,13626729472000,11403315456000,-4040910080,24864980480,24786649088,78331392,33393893120,37513134592,-4119241472,38368779520,38158006272,210773248,22967103488,19136966400,3830137088,-3.31,0.06,-3.37,0.17,3.13,0,42,11,31,0,0,0,20.46,0.00,0.00,0.00,,0.00,,0.00,EastMoney,2026-08-04T16:42:36+08:00
BK1000,2026-08-04T00:00:00Z,64201,64543,64797,64089,63502,1041,1.64,8948906,71332142977,1.86,1.01,0.00,0,4155501,4793405,5317902592000,4444972800000,1017909248,17517067264,14454127104,3062940160,19714793728,21759824640,-2045030912,22357004032,23633357056,-1276353024,9944019200,9685575424,258443776,1.43,4.29,-2.87,-1.79,0.36,0,24,12,12,0,0,0,29.56,0.00,0.00,0.00,,0.00,,0.00,EastMoney,2026-08-04T16:42:36+08:00
BK1001,2026-08-04T00:00:00Z,120155,119939,120530,119335,119762,177,0.15,31082212,27867957939,1.72,0.88,0.00,0,14877871,16204341,1270407360000,1179891808000,298088928,4154186400,3100647616,1053538784,5458055168,6213505024,-755449856,8044336896,8419232256,-374895360,9665967872,9589161472,76806400,1.07,3.78,-2.71,-1.35,0.28,0,161,65,89,7,0,0,107.17,0.00,0.00,0.00,,0.00,,0.00,EastMoney,2026-08-04T16:42:36+08:00
BK1002,2026-08-04T00:00:00Z,227775,236306,237122,226679,225039,11267,5.01,9561976,36294346692,3.21,0.99,0.00,0,5194116,4367860,889463808000,776149392000,3487303904,6247054592,3363894304,2883160288,9554052608,8949908992,604143616,10702042112,12236780800,-1534738688,9302155776,11254720512,-1952564736,9.61,7.94,1.66,-4.23,-5.38,0,42,39,3,0,0,0,77.72,0.00,0.00,0.00,,0.00,,0.00,EastMoney,2026-08-04T16:42:36+08:00
BK1003,2026-08-04T00:00:00Z,182350,182533,182884,180794,180853,1680,0.93,18978330,26930910008,1.59,1.05,0.00,0,8664605,10313725,1730649968000,1617381472000,-138993440,3357221184,3298187360,59033824,6084305408,6282332672,-198027264,8172473088,8357310464,-184837376,8786436096,8461220096,325216000,-0.52,0.22,-0.74,-0.69,1.21,0,39,19,18,2,0,0,20.22,0.00,0.00,0.00,,0.00,,0.00,EastMoney,2026-08-04T16:42:36+08:00
BK1004,2026-08-04T00:00:00Z,200583,204917,205616,199287,198506,6411,3.23,16373635,44865280174,2.38,1.04,0.00,0,8195828,8177807,1765871360000,1454574560000,2098027264,5541833216,4066049792,1475783424,10752038656,10129794816,622243840,14050131968,14398697984,-348566016,13782432000,15538207488,-1755775488,4.68,3.29,1.39,-0.78,-3.91,0,84,65,18,1,0,0,32.38,0.00,0.00,0.00,,0.00,,0.00,EastMoney,2026-08-04T16:42:36+08:00
BK1005,2026-08-04T00:00:00Z,150195,153981,154354,149571,149084,4897,3.28,95091861,385556552677,3.43,1.00,0.00,0,49238456,45853404,12113641216000,9716093952000,15803710976,48881354752,36030528000,12850826752,93664890880,90712006656,2952884224,127970189312,136831295488,-8861106176,105108668416,111636398080,-6527729664,4.10,3.33,0.77,-2.30,-1.69,0,1253,1067,163,23,0,0,89.76,0.00,0.00,0.00,,0.00,,0.00,EastMoney,2026-08-04T16:42:36+08:00
BK1006,2026-08-04T00:00:00Z,108464,110846,111174,107796,108147,2699,2.50,4094369,5225313004,2.28,0.96,0.00,0,2066946,2027423,183266813000,166993734000,5914336,461839616,466999344,-5159728,1168675664,1157601600,11074064,1602435952,1587725616,14710336,1895857760,1916482432,-20624672,0.11,-0.10,0.21,0.28,-0.39,0,21,15,5,1,0,0,706.02,0.00,0.00,0.00,,0.00,,0.00,EastMoney,2026-08-04T16:42:36+08:00
BK1007,2026-08-04T00:00:00Z,106217,108256,108644,105766,105766,2490,2.35,4664356,4857279440,3.16,0.98,0.00,0,2527528,2136829,165607080000,148387668000,230489344,512385856,330048448,182337408,1058331808,1010179872,48151936,1493103584,1566680336,-73576752,1714394080,1871306656,-156912576,4.75,3.75,0.99,-1.51,-3.23,0,19,18,1,0,0,0,-145.30,0.00,0.00,0.00,,0.00,,0.00,EastMoney,2026-08-04T16:42:36+08:00
BK1008,2026-08-04T00:00:00Z,150526,152915,153560,150143,148754,4161,2.80,7523646,18345461912,3.15,1.05,0.00,0,3857329,3666317,459105968000,452181216000,1140485360,2762161552,1986070848,776090704,4393161472,4028766816,364394656,5618228736,6086516736,-468288000,5151412224,5823609600,-672197376,6.22,4.23,1.99,-2.55,-3.66,0,20,17,3,0,0,0,-181.24,0.00,0.00,0.00,,0.00,,0.00,EastMoney,2026-08-04T16:42:36+08:00
BK1009,2026-08-04T00:00:00Z,204795,209822,210356,204230,203250,6572,3.23,70986394,101210858040,4.54,1.25,0.00,0,36938531,34047863,4228109408000,2035343984000,3103814400,12785263616,10775698688,2009564928,25139957504,24045708032,1094249472,32087023360,32797865216,-710841856,29286980096,31685523968,-2398543872,3.07,1.99,1.08,-0.70,-2.37,0,142,121,18,3,0,0,31.84,0.00,0.00,0.00,,0.00,,0.00,EastMoney,2026-08-04T16:42:36+08:00
BK1010,2026-08-04T00:00:00Z,93605,94145,94435,93027,93462,683,0.73,12611962,23372162573,1.54,0.91,0.00,0,5930247,6681715,1258311136000,1106910928000,-45422368,3295776416,2931271360,364505056,5356781312,5766708736,-409927424,7150955776,7290752000,-139796224,7192751616,7002442496,190309120,-0.19,1.56,-1.75,-0.60,0.81,0,49,28,20,1,0,0,20.24,0.00,0.00,0.00,,0.00,,0.00,EastMoney,2026-08-04T16:42:36+08:00
BK1011,2026-08-04T00:00:00Z,65124,65689,65828,64930,64917,772,1.19,6018682,8510311570,1.71,0.83,0.00,0,2909256,3109426,600951920000,590422864000,-284863504,825516624,1012205168,-186688544,1969719696,2067894656,-98174960,2631871680,2670225136,-38353456,2927245632,2602935696,324309936,-3.35,-2.19,-1.15,-0.45,3.81,0,23,16,7,0,0,0,24.33,0.00,0.00,0.00,,0.00,,0.00,EastMoney,2026-08-04T16:42:36+08:00
BK1012,2026-08-04T00:00:00Z,124147,127498,127867,123905,123483,4015,3.25,4567206,12733512503,2.62,0.87,0.00,0,2420330,2146876,481576592000,463083360000,552438624,1655273680,1227838560,427435120,3125461936,3000458432,125003504,4002529536,4229124784,-226595248,3816146416,4141989792,-325843376,4.34,3.36,0.98,-1.78,-2.56,0,16,14,2,0,0,0,39.88,0.00,0.00,0.00,,0.00,,0.00,EastMoney,2026-08-04T16:42:36+08:00
BK1013,2026-08-04T00:00:00Z,109837,111439,111711,109801,108994,2445,2.24,2236502,5702290200,3.20,0.98,0.00,0,1188301,1048201,188965813000,167971083000,151314816,391051600,398295792,-7244192,1291414560,1132855552,158559008,1835216960,1946065328,-110848368,2024932496,2056856496,-31924000,2.65,-0.13,2.78,-1.94,-0.56,0,15,15,0,0,0,0,-1207.38,0.00,0.00,0.00,,0.00,,0.00,EastMoney,2026-08-04T16:42:36+08:00
BK1014,2026-08-04T00:00:00Z,160867,161677,162025,159903,160304,1373,0.86,2456966,2974093873,1.38,0.98,0.00,0,1183663,1273302,177943529000,155132087000,139767531,158525721,113239726,45285995,626524240,532042704,94481536,950702192,954716064,-4013872,1184663376,1320417040,-135753664,4.70,1.52,3.18,-0.13,-4.56,0,23,12,11,0,0,0,41.42,0.00,0.00,0.00,,0.00,,0.00,EastMoney,2026-08-04T16:42:36+08:00
BK1015,2026-08-04T00:00:00Z,79287,80924,81300,79194,79209,1715,2.17,2898166,10979027300,3.44,0.84,0.00,0,1567919,1330246,418120208000,346935904000,606097696,1216628336,803696928,412931408,2709423888,2516257600,193166288,3509006992,3714914464,-205907472,3371442384,3771632576,-400190192,5.52,3.76,1.76,-1.88,-3.65,0,11,11,0,0,0,0,24.55,0.00,0.00,0.00,,0.00,,0.00,EastMoney,2026-08-04T16:42:36+08:00
BK1016,2026-08-04T00:00:00Z,89533,89823,90291,88931,89370,453,0.51,1032063,662882354,1.44,0.94,0.00,0,510971,521092,33127853000,32114233000,-16933062,44381188,51377664,-6996476,133661583,143598169,-9936586,185224362,200981247,-15756885,289172416,258159355,31013061,-2.55,-1.06,-1.50,-2.38,4.68,0,9,3,5,1,0,0,144.45,0.00,0.00,0.00,,0.00,,0.00,EastMoney,2026-08-04T16:42:36+08:00
BK1017,2026-08-04T00:00:00Z,160314,161121,162037,159065,160135,986,0.62,7600199,7003921970,1.18,0.89,0.00,0,3567402,4032797,438135488000,374368512000,-361307040,445212464,592983584,-147771120,1475783168,1689319088,-213535920,2274599552,2258274544,16325008,2519497216,2181033856,338463360,-5.16,-2.11,-3.05,0.23,4.83,0,22,13,9,0,0,0,12.26,0.00,0.00,0.00,,0.00,,0.00,EastMoney,2026-08-04T16:42:36+08:00
BK1018,2026-08-04T00:00:00Z,132822,133522,134088,132402,132360,1162,0.88,1846686,2288565942,2.37,1.00,0.00,0,888359,958327,111214457000,95905305000,-11204368,78430243,86384307,-7954064,465568960,468819264,-3250304,740636464,771352560,-30716096,930858704,904419440,26439264,-0.49,-0.35,-0.14,-1.34,1.16,0,23,12,10,1,0,0,94.74,0.00,0.00,0.00,,0.00,,0.00,EastMoney,2026-08-04T16:42:36+08:00
BK1019,2026-08-04T00:00:00Z,98811,99263,99394,98398,98583,680,0.69,13165954,13395118548,1.69,0.87,0.00,0,6221059,6944895,792476304000,744790304000,101780784,1161816816,991624608,170192208,2760170784,2828582208,-68411424,4059420016,4248354080,-188934064,5173804544,5083699456,90105088,0.76,1.27,-0.51,-1.41,0.67,0,65,26,36,3,0,0,33.76,0.00,0.00,0.00,,0.00,,0.00,EastMoney,2026-08-04T16:42:36+08:00
BK1020,2026-08-04T00:00:00Z,173131,176832,177316,172378,171681,5151,3.00,779660,3120808792,2.39,0.92,0.00,0,412058,367602,107110901000,98867603000,63635889,201562547,192436706,9125841,652428112,597918064,54510048,980487120,987570000,-7082880,1152154576,1193782896,-41628320,2.04,0.29,1.75,-0.23,-1.33,0,14,10,3,1,0,0,-385.83,0.00,0.00,0.00,,0.00,,0.00,EastMoney,2026-08-04T16:42:36+08:00
BK1022,2026-08-04T00:00:00Z,123710,125929,125929,123445,122930,2999,2.44,23440339,26369852035,4.41,1.17,0.00,0,11945594,11494745,608696432000,570556848000,-79225056,3184129408,3186222176,-2092768,6304958464,6382090752,-77132288,8336694784,8268236032,68458752,7877899776,7870895872,7003904,-0.30,-0.01,-0.29,0.26,0.03,0,67,48,18,1,0,0,20.73,0.00,0.00,0.00,,0.00,,0.00,EastMoney,2026-08-04T16:42:36+08:00
BK1023,2026-08-04T00:00:00Z,245538,253269,254672,243502,243137,10132,4.17,3812375,7156733721,2.68,0.93,0.00,0,2000529,1811846,247745315000,232024101000,251304544,568432448,431286352,137146096,1551524224,1437365776,114158448,2168029440,2261643840,-93614400,2619070768,2758407040,-139336272,3.51,1.92,1.60,-1.31,-1.95,0,18,15,3,0,0,0,-88.32,0.00,0.00,0.00,,0.00,,0.00,EastMoney,2026-08-04T16:42:36+08:00
BK1024,2026-08-04T00:00:00Z,127663,127488,128088,126749,127058,430,0.34,82503613,69077479033,1.56,0.92,0.00,0,37922333,44581280,6353348864000,4099195728000,-2407745280,6843921920,8049041408,-1205119488,14076961024,15279586816,-1202625792,21553451008,21497280768,56170240,24973712640,22627350784,2346361856,-3.49,-1.74,-1.74,0.08,3.40,0,171,69,94,8,0,0,18.32,0.00,0.00,0.00,,0.00,,0.00,EastMoney,2026-08-04T16:42:36+08:00
BK1025,2026-08-04T00:00:00Z,100478,100116,100680,99611,100320,-204,-0.20,14584737,7667179041,2.07,0.85,0.00,0,6905540,7679197,586033280000,428071856000,-128508032,436196208,406332128,29864080,1466092832,1624464944,-158372112,2435305248,2478047760,-42742512,3145594880,2974685904,170908976,-1.68,0.39,-2.07,-0.56,2.23,0,65,23,40,2,0,0,144.34,0.00,0.00,0.00,,0.00,,0.00,EastMoney,2026-08-04T16:42:36+08:00
BK1026,2026-08-04T00:00:00Z,95170,94948,95477,94462,95185,-237,-0.25,5868891,6690537384,1.82,0.96,0.00,0,2907310,2961581,643244784000,483022736000,77639840,557735728,481668976,76066752,1317211088,1315638000,1573088,2057195904,2192383168,-135187264,2607729136,2557770624,49958512,1.16,1.14,0.02,-2.02,0.75,0,33,8,25,0,0,0,30.03,0.00,0.00,0.00,,0.00,,0.00,EastMoney,2026-08-04T16:42:36+08:00
BK1027,2026-08-04T00:00:00Z,355646,365428,366221,355350,353403,12025,3.40,7698564,27277679325,3.23,1.09,0.00,0,4091677,3606887,1050593744000,805023728000,2783890096,4755389440,2678667600,2076721840,6914468096,6207299840,707168256,8053573120,8893352448,-839779328,7107523328,9050507776,-1942984448,10.21,7.61,2.59,-3.08,-7.12,0,26,24,2,0,0,0,46.67,0.00,0.00,0.00,,0.00,,0.00,EastMoney,2026-08-04T16:42:36+08:00
BK1028,2026-08-04T00:00:00Z,186588,186467,187247,185470,185472,995,0.54,3891900,3611252842,1.45,0.74,0.00,0,1739663,2152237,261880408000,249995436000,24024448,343626288,282305536,61320752,656359168,693655472,-37296304,1106448016,1084086816,22361200,1394934640,1426474160,-31539520,0.67,1.70,-1.03,0.62,-0.87,0,31,14,17,0,0,0,21.79,0.00,0.00,0.00,,0.00,,0.00,EastMoney,2026-08-04T16:42:36+08:00
BK1029,2026-08-04T00:00:00Z,147158,145147,147357,144784,147427,-2280,-1.55,11371465,17190791947,1.33,0.89,0.00,0,4771669,6599796,1704020176000,1106821264000,-2379077136,1662847024,3126350512,-1463503488,3799997296,4715570944,-915573648,5462027264,4991026944,471000320,6005175552,4097098896,1908076656,-13.84,-8.51,-5.33,2.74,11.10,0,26,5,21,0,0,0,31.00,0.00,0.00,0.00,,0.00,,0.00,EastMoney,2026-08-04T16:42:36+08:00
BK1030,2026-08-04T00:00:00Z,231706,234172,234198,229509,231164,3008,1.30,4429458,8216835953,3.86,1.47,0.00,0,2254359,2175099,250817031000,216137524000,43599328,653965616,633094864,20870752,1743856672,1721128096,22728576,2657346832,2687777536,-30430704,2931612688,2946993728,-15381040,0.53,0.25,0.28,-0.37,-0.19,0,27,20,6,1,0,0,54.48,0.00,0.00,0.00,,0.00,,0.00,EastMoney,2026-08-04T16:42:36+08:00
BK1031,2026-08-04T00:00:00Z,113025,113863,114309,112372,112643,1220,1.08,16184977,26142144113,2.09,1.00,0.00,0,7792526,8392451,1346734608000,1206635072000,236405248,2232237520,2251237840,-19000320,5985166080,5729760512,255405568,8310217728,8754145280,-443927552,9000240640,8815682560,184558080,0.90,-0.07,0.98,-1.70,0.71,0,68,39,27,2,0,0,-41.91,0.00,0.00,0.00,,0.00,,0.00,EastMoney,2026-08-04T16:42:36+08:00
BK1032,2026-08-04T00:00:00Z,128613,129143,129447,127820,128314,829,0.65,6219296,9449132103,2.63,0.92,0.00,0,2841257,3378039,383313568000,294049392000,70837712,702624160,728344112,-25719952,2111351296,2014793632,96557664,2943499280,3050585696,-107086416,3454490544,3431001120,23489424,0.75,-0.27,1.02,-1.13,0.25,0,31,16,15,0,0,0,59.06,0.00,0.00,0.00,,0.00,,0.00,EastMoney,2026-08-04T16:42:36+08:00
BK1033,2026-08-04T00:00:00Z,127876,129683,130152,127298,127452,2231,1.75,16552305,51039184919,2.56,0.85,0.00,0,8382041,8170264,3483161056000,3145432944000,1053329664,6641974784,5232194816,1409779968,12190031360,12546481664,-356450304,15606542592,16231409408,-624866816,15302338560,15753480704,-451142144,2.06,2.76,-0.70,-1.22,-0.88,0,106,83,20,3,0,0,29.25,0.00,0.00,0.00,,0.00,,0.00,EastMoney,2026-08-04T16:42:36+08:00
BK1034,2026-08-04T00:00:00Z,274977,281991,282939,273695,272435,9556,3.51,8707354,18585254505,2.72,1.19,0.00,0,4195110,4512244,638831216000,507908880000,890636864,2392644400,1721150624,671493776,4205218080,3986074992,219143088,5735497984,6245890304,-510392320,5903915776,6284731392,-380815616,4.79,3.61,1.18,-2.75,-2.05,0,35,32,3,0,0,0,61.29,0.00,0.00,0.00,,0.00,,0.00,EastMoney,2026-08-04T16:42:36+08:00
BK1035,2026-08-04T00:00:00Z,88625,88771,89306,88408,88558,213,0.24,2171577,4457188757,1.83,0.88,0.00,0,989356,1182221,265803048000,215196320000,-132589596,180748436,269284176,-88535740,891158352,935212208,-44053856,1425608160,1378078656,47529504,1668264096,1567121424,101142672,-2.97,-1.99,-0.99,1.07,2.27,0,33,17,14,2,0,0,33.91,0.00,0.00,0.00,,0.00,,0.00,EastMoney,2026-08-04T16:42:36+08:00
BK1036,2026-08-04T00:00:00Z,235674,246970,248706,233636,232985,13985,6.00,42702028,339655089103,4.88,0.87,0.00,0,23211818,19490211,13884432384000,7659603968000,11053993728,67576369408,56344510976,11231858432,103999705088,104177569792,-177864704,105450012672,110721974272,-5271961600,57026039808,62770485504,-5744445696,3.25,3.31,-0.05,-1.55,-1.69,0,185,177,5,3,0,0,154.26,0.00,0.00,0.00,,0.00,,0.00,EastMoney,2026-08-04T16:42:36+08:00
BK1037,2026-08-04T00:00:00Z,183839,189292,189831,183182,182424,6868,3.76,18960704,67072210718,2.30,0.94,0.00,0,9976849,8983855,3273068288000,2972373264000,3941515008,12039219456,8915792128,3123427328,16605095680,15787008000,818087680,19658633728,21424516352,-1765882624,17464214016,19620376832,-2156162816,5.88,4.66,1.22,-2.63,-3.21,0,99,88,11,0,0,0,36.73,0.00,0.00,0.00,,0.00,,0.00,EastMoney,2026-08-04T16:42:36+08:00
BK1038,2026-08-04T00:00:00Z,185491,190968,191638,185016,183922,7046,3.83,44917989,44315450859,3.46,0.98,0.00,0,25756290,19161699,1401241392000,1096060848000,2738110976,7038656000,4828443904,2210212096,10407763968,9879865088,527898880,12992251904,13929452800,-937200896,12884498688,14646869760,-1762371072,6.18,4.99,1.19,-2.11,-3.98,0,99,92,5,2,0,0,155.11,0.00,0.00,0.00,,0.00,,0.00,EastMoney,2026-08-04T16:42:36+08:00
BK1039,2026-08-04T00:00:00Z,270805,285645,286998,268539,268087,17558,6.55,9025143,33758677525,6.23,0.88,0.00,0,4969137,4056006,639194816000,512561024000,475048624,3964827264,3375798224,589029040,8192073984,8306054400,-113980416,11183660544,11794970880,-611310336,9929638656,9785129216,144509440,1.41,1.74,-0.34,-1.81,0.43,0,37,37,0,0,0,0,100.35,0.00,0.00,0.00,,0.00,,0.00,EastMoney,2026-08-04T16:42:36+08:00
BK1040,2026-08-04T00:00:00Z,132952,133270,134094,132779,132418,852,0.64,11071397,11218884459,1.81,0.96,0.00,0,5551517,5519880,790726928000,759476528000,-201651488,641380560,631001696,10378864,2088331888,2300362240,-212030352,3771811776,3821768160,-49956384,4498025984,4247263648,250762336,-1.80,0.09,-1.89,-0.45,2.24,0,66,32,31,3,0,0,27.32,0.00,0.00,0.00,,0.00,,0.00,EastMoney,2026-08-04T16:42:36+08:00
BK1041,2026-08-04T00:00:00Z,88361,89189,89336,88361,87955,1234,1.40,8274537,19728468217,1.91,0.97,0.00,0,4216212,4058325,1259719824000,1127136048000,-412555408,1139312896,1277498112,-138185216,3956756800,4231126992,-274370192,6903459584,6946622464,-43162880,7292594432,6841025280,451569152,-2.09,-0.70,-1.39,-0.22,2.29,0,139,97,38,4,0,0,48.42,0.00,0.00,0.00,,0.00,,0.00,EastMoney,2026-08-04T16:42:36+08:00
BK1042,2026-08-04T00:00:00Z,108818,108544,109349,108021,108424,120,0.11,4110668,3798673279,1.49,1.00,0.00,0,1967033,2143635,306498208000,266439332000,-14129209,125292612,144149709,-18857097,650921648,646193760,4727888,1244528784,1298851216,-54322432,1704409280,1635957648,68451632,-0.37,-0.50,0.12,-1.43,1.80,0,32,14,15,3,0,0,16.81,0.00,0.00,0.00,,0.00,,0.00,EastMoney,2026-08-04T16:42:36+08:00
BK1043,2026-08-04T00:00:00Z,137023,139054,139392,136609,136301,2753,2.02,2716567,4167130759,2.08,0.94,0.00,0,1334487,1382080,198721862000,160214695000,-10038342,284494656,230478374,54016282,811522528,875577152,-64054624,1347789472,1429116336,-81326864,1625278960,1536427648,88851312,-0.24,1.30,-1.54,-1.95,2.13,0,33,21,11,1,0,0,28.95,0.00,0.00,0.00,,0.00,,0.00,EastMoney,2026-08-04T16:42:36+08:00
BK1044,2026-08-04T00:00:00Z,92054,94115,94438,92048,91481,2634,2.88,5261526,11523466343,1.46,1.04,0.00,0,2669549,2591978,852065792000,738636784000,-52407856,910980160,796699648,114280512,2473952416,2640640784,-166688368,3993377840,4256508256,-263130416,3902779168,3574517792,328261376,-0.45,0.99,-1.45,-2.28,2.85,0,58,46,12,0,0,0,-288.95,0.00,0.00,0.00,,0.00,,0.00,EastMoney,2026-08-04T16:42:36+08:00
BK1045,2026-08-04T00:00:00Z,102232,102389,102671,101237,102210,179,0.18,2249232,820987709,1.43,0.93,0.00,0,908933,1340299,59915402000,55140705000,-38036894,19804895,41622630,-21817735,157778552,173997711,-16219159,271073760,240190312,30883448,356155792,349002336,7153456,-4.63,-2.66,-1.98,3.76,0.87,0,15,4,5,6,0,0,-9.12,0.00,0.00,0.00,,0.00,,0.00,EastMoney,2026-08-04T16:42:36+08:00
BK1046,2026-08-04T00:00:00Z,132478,136232,136523,132115,131816,4416,3.35,12477297,16686521941,3.81,1.01,0.00,0,6633644,5843653,441207408000,400260848000,298757904,2072321056,1791170928,281150128,4243130960,4225523184,17607776,5272644608,5348326656,-75682048,4790505472,5013581056,-223075584,1.79,1.68,0.11,-0.45,-1.34,0,24,23,1,0,0,0,25.38,0.00,0.00,0.00,,0.00,,0.00,EastMoney,2026-08-04T16:42:36+08:00
BK1047,2026-08-04T00:00:00Z,91524,93547,93753,91504,90732,2815,3.10,20717210,35134926929,2.45,0.97,0.00,0,10374618,10342592,1079552544000,1011512592000,753474016,4635195136,3890141216,745053920,8698663168,8690243072,8420096,11405051648,11811174656,-406123008,9672069632,10018687488,-346617856,2.14,2.12,0.02,-1.16,-0.99,0,81,70,8,3,0,0,103.09,0.00,0.00,0.00,,0.00,,0.00,EastMoney,2026-08-04T16:42:36+08:00
BK1048,2026-08-04T00:00:00Z,93248,95784,96130,92874,92508,3276,3.54,28054569,46663776430,4.24,1.39,0.00,0,13687803,14366766,2017360480000,1422890576000,-112964096,6047868416,6030403584,17464832,10820957952,10951386880,-130428928,14334330368,14537468672,-203138304,14532185856,14205250304,326935552,-0.24,0.04,-0.28,-0.44,0.70,0,43,35,8,0,0,0,45.99,0.00,0.00,0.00,,0.00,,0.00,EastMoney,2026-08-04T16:42:36+08:00
BK1049,2026-08-04T00:00:00Z,163099,168192,168230,161924,161085,7107,4.41,4381699,18294761279,3.34,1.08,0.00,0,2332133,2049565,366484912000,353048320000,1137277584,3844870608,3200554304,644316304,4924380160,4431418880,492961280,5160585728,5619013632,-458427904,4012875184,4691724800,-678849616,6.22,3.52,2.69,-2.51,-3.71,0,14,12,0,2,0,0,117.46,0.00,0.00,0.00,,0.00,,0.00,EastMoney,2026-08-04T16:42:36+08:00
BK1050,2026-08-04T00:00:00Z,11333860,11467106,11468538,11209236,10962844,504262,4.60,67118766,66900137669,10.99,1.20,0.00,0,33046812,34071955,776653664000,717830960000,744939264,7914032128,7163426560,750605568,14112756736,14118423040,-5666304,19932857344,19952236032,-19378688,22329595136,23055155712,-725560576,1.11,1.12,-0.01,-0.03,-1.08,0,83,67,14,2,0,0,-94.68,0.00,0.00,0.00,,0.00,,0.00,EastMoney,2026-08-04T16:42:36+08:00
BK1051,2026-08-04T00:00:00Z,4100993,4181991,4185838,4056206,3920859,261132,6.66,28147049,23897643771,17.74,2.95,0.00,0,13735828,14411221,174816445000,162704635000,39972032,3725374672,3436901648,288473024,5279530240,5528031232,-248500992,6639373056,6807886592,-168513536,7092384256,6963842816,128541440,0.17,1.21,-1.04,-0.71,0.54,0,17,14,3,0,0,0,384.02,0.00,0.00,0.00,,0.00,,0.00,EastMoney,2026-08-04T16:42:36+08:00
BK1052,2026-08-04T00:00:00Z,84992,86286,86513,84777,84748,1538,1.81,11003705,32454373169,2.01,0.95,0.00,0,5645404,5358301,2860643936000,2538337712000,1761941024,5782991360,4148881632,1634109728,8957469696,8829638400,127831296,9092926976,10181322496,-1088395520,7894508544,8569977856,-675469312,5.43,5.04,0.39,-3.35,-2.08,0,46,35,11,0,0,0,27.66,0.00,0.00,0.00,,0.00,,0.00,EastMoney,2026-08-04T16:42:36+08:00
BK1053,2026-08-04T00:00:00Z,106121,105929,106379,105207,105922,7,0.01,116769622,25687955785,1.50,0.90,0.00,0,53962235,62807388,1868664752000,1634702752000,-469740448,2583799680,2690316576,-106516896,6234930432,6598153984,-363223552,7834179584,7685617408,148562176,8377344000,8059849472,317494528,-1.83,-0.41,-1.41,0.58,1.24,0,224,81,109,34,0,0,-9.10,0.00,0.00,0.00,,0.00,,0.00,EastMoney,2026-08-04T16:42:36+08:00
BK1054,2026-08-04T00:00:00Z,92033,93435,93740,91983,91356,2079,2.28,4509590,3973434738,3.13,1.05,0.00,0,2275590,2234000,130191478000,120979821000,26044455,232750921,192075026,40675895,805184704,819816144,-14631440,1305245968,1316801968,-11556000,1562865888,1577354336,-14488448,0.66,1.02,-0.37,-0.29,-0.36,0,18,18,0,0,0,0,-40.24,0.00,0.00,0.00,,0.00,,0.00,EastMoney,2026-08-04T16:42:36+08:00
BK1055,2026-08-04T00:00:00Z,121174,124715,125083,121086,120266,4449,3.70,65078950,69676939619,7.09,1.48,0.00,0,33652542,31426408,3208946352000,1104406624000,1599805440,8878916864,7753383168,1125533696,17026706432,16552434688,474271744,21825703936,22495162368,-669458432,20361359872,21291706624,-930346752,2.30,1.62,0.68,-0.96,-1.34,0,85,73,11,1,0,0,22.99,0.00,0.00,0.00,,0.00,,0.00,EastMoney,2026-08-04T16:42:36+08:00
BK1056,2026-08-04T00:00:00Z,92813,94005,94367,92813,92211,1794,1.95,7624069,8428441155,2.44,1.13,0.00,0,3783843,3840226,438125008000,387727232000,-60069360,511537120,411070288,100466832,1674787680,1835323872,-160536192,2858628400,2878249312,-19620912,3234021376,3154331104,79690272,-0.71,1.19,-1.90,-0.23,0.95,0,51,38,10,3,0,0,73.83,0.00,0.00,0.00,,0.00,,0.00,EastMoney,2026-08-04T16:42:36+08:00
BK1057,2026-08-04T00:00:00Z,96011,98309,98600,96011,95697,2612,2.73,28131416,15590750479,3.75,0.97,0.00,0,16542284,11589132,566448992000,390290080000,1233403216,3649997696,2474154624,1175843072,3767028960,3709468816,57560144,4227839776,4559527424,-331687648,3637350576,4539066112,-901715536,7.91,7.54,0.37,-2.13,-5.78,0,15,14,1,0,0,0,40.00,0.00,0.00,0.00,,0.00,,0.00,EastMoney,2026-08-04T16:42:36+08:00
BK1058,2026-08-04T00:00:00Z,111949,112014,112236,111131,111507,507,0.45,7101438,5780966182,1.38,1.01,0.00,0,3181031,3920407,388096288000,362160592000,-143916247,258302601,319428144,-61125543,1125841488,1208632192,-82790704,1888477968,1878890768,9587200,2391301056,2250241472,141059584,-2.49,-1.06,-1.43,0.17,2.44,0,53,25,24,4,0,0,26.43,0.00,0.00,0.00,,0.00,,0.00,EastMoney,2026-08-04T16:42:36+08:00
BK1059,2026-08-04T00:00:00Z,80840,84600,85068,80386,79661,4939,6.20,24123068,542180980448,3.61,0.88,0.00,0,12709787,11413281,21291418624000,16563456000000,39090630656,143072858112,105260548096,37812310016,165538320384,164259999744,1278320640,160802983936,185523609600,-24720625664,62805602304,76896854016,-14091251712,7.21,6.97,0.24,-4.56,-2.60,0,170,150,20,0,0,0,53.49,0.00,0.00,0.00,,0.00,,0.00,EastMoney,2026-08-04T16:42:36+08:00
BK1061,2026-08-04T00:00:00Z,120032,122103,122398,119849,119218,2885,2.42,56436570,78578071699,3.69,1.12,0.00,0,27657416,28779155,1873311024000,1737301104000,2302708224,8963337472,7415223552,1548113920,18218655232,17464060928,754594304,24621009664,25781582848,-1160573184,24743133440,25783039232,-1039905792,2.93,1.97,0.96,-1.48,-1.32,0,186,143,35,8,0,0,-84.94,0.00,0.00,0.00,,0.00,,0.00,EastMoney,2026-08-04T16:42:36+08:00
BK1063,2026-08-04T00:00:00Z,88528,91947,92150,88515,87752,4195,4.78,2185871,5170279195,2.93,1.24,0.00,0,1132821,1053050,226241302000,181079088000,146121424,543589264,303032608,240556656,1067016160,1161451392,-94435232,1758283840,1830518544,-72234704,1606323712,1669954192,-63630480,2.83,4.65,-1.83,-1.40,-1.23,0,20,18,2,0,0,0,46.76,0.00,0.00,0.00,,0.00,,0.00,EastMoney,2026-08-04T16:42:36+08:00
BK1064,2026-08-04T00:00:00Z,175856,182401,182694,175856,173631,8770,5.05,39272334,71419983977,3.89,1.16,0.00,0,19408267,19864067,1664336704000,1420650624000,4885540352,10950171904,7728879104,3221292800,17653390080,15989142528,1664247552,21484691456,22969049344,-1484357888,19613817856,22833874688,-3220056832,6.84,4.51,2.33,-2.08,-4.51,0,69,63,6,0,0,0,62.14,0.00,0.00,0.00,,0.00,,0.00,EastMoney,2026-08-04T16:42:36+08:00
BK1066,2026-08-04T00:00:00Z,145760,145508,145922,144114,144947,561,0.39,6145573,6658118818,1.16,1.03,0.00,0,2620526,3525046,346623840000,299882384000,-368079984,699104672,1024887440,-325782768,1551524896,1593822112,-42297216,2109653408,1958121984,151531424,2095884192,1879335632,216548560,-5.53,-4.89,-0.64,2.28,3.25,0,22,11,11,0,0,0,23.46,0.00,0.00,0.00,,0.00,,0.00,EastMoney,2026-08-04T16:42:36+08:00
BK1068,2026-08-04T00:00:00Z,118569,119786,120087,118156,118369,1417,1.20,4046323,9183289401,1.35,1.03,0.00,0,1914891,2131432,1167595600000,1025103088000,-939242464,922942976,1116986560,-194043584,2300645104,3045843984,-745198880,3068770240,2713587616,355182624,2739844464,2155784640,584059824,-10.23,-2.11,-8.11,3.87,6.36,0,21,10,11,0,0,0,12.46,0.00,0.00,0.00,,0.00,,0.00,EastMoney,2026-08-04T16:42:36+08:00
BK1069,2026-08-04T00:00:00Z,158391,161104,161376,157726,156861,4243,2.70,5444214,5214725740,3.87,0.91,0.00,0,2771113,2673101,139293472000,124987243000,135130336,486105936,385467520,100638416,1081058240,1046566320,34491920,1601023728,1664606704,-63582976,1944916528,2016504288,-71587760,2.59,1.93,0.66,-1.22,-1.37,0,27,21,5,1,0,0,-84.70,0.00,0.00,0.00,,0.00,,0.00,EastMoney,2026-08-04T16:42:36+08:00
BK1070,2026-08-04T00:00:00Z,96027,96397,96713,95660,95705,692,0.72,6987338,4534818978,2.15,0.99,0.00,0,3215780,3771558,222416600000,208988492000,-57952859,194161676,225528311,-31366635,926639472,953225696,-26586224,1522026304,1431516048,90510256,1783767648,1814516320,-30748672,-1.28,-0.69,-0.59,2.00,-0.68,0,35,19,13,3,0,0,123.60,0.00,0.00,0.00,,0.00,,0.00,EastMoney,2026-08-04T16:42:36+08:00
BK1071,2026-08-04T00:00:00Z,149961,150434,151122,149412,149708,726,0.48,42519071,44579037986,0.41,0.93,0.00,0,17834758,24684314,13101548288000,8315747840000,-1856327424,5808336640,7154164736,-1345828096,10726890752,11237390080,-510499328,13290670848,13208029184,82641664,13779526144,11997297664,1782228480,-4.16,-3.02,-1.15,0.19,4.00,0,64,42,21,1,0,0,7.50,0.00,0.00,0.00,,0.00,,0.00,EastMoney,2026-08-04T16:42:36+08:00
BK1072,2026-08-04T00:00:00Z,149962,150705,151004,149675,149251,1454,0.97,11516050,12632804100,1.80,1.01,0.00,0,5511138,6004912,655088336000,544998496000,341480720,1100451104,910080912,190370192,2595172688,2444062160,151110528,3972711488,4216552272,-243840784,4588969216,4702074880,-113105664,2.70,1.51,1.20,-1.93,-0.90,0,82,46,34,2,0,0,34.84,0.00,0.00,0.00,,0.00,,0.00,EastMoney,2026-08-04T16:42:36+08:00
BK1073,2026-08-04T00:00:00Z,113568,112684,113847,112117,113485,-801,-0.71,2982009,3139126906,1.60,0.77,0.00,0,1354802,1627207,236521614000,194366592000,-108791700,98739174,151090026,-52350852,561247104,617687952,-56440848,976137664,1036113216,-59975552,1439443248,1270675984,168767264,-3.47,-1.67,-1.80,-1.91,5.38,0,19,5,13,1,0,0,21.02,0.00,0.00,0.00,,0.00,,0.00,EastMoney,2026-08-04T16:42:36+08:00
BK1074,2026-08-04T00:00:00Z,85100,85895,86105,84481,85244,651,0.76,795372,602466179,2.69,1.36,0.00,0,369422,425950,25040024000,23231163000,-17840867,15731281,28895694,-13164413,100557143,105233597,-4676454,199809558,177482212,22327346,276180240,280666720,-4486480,-2.96,-2.19,-0.78,3.71,-0.74,0,6,4,2,0,0,0,102.00,0.00,0.00,0.00,,0.00,,0.00,EastMoney,2026-08-04T16:42:36+08:00
BK1075,2026-08-04T00:00:00Z,102813,104575,104955,102749,102006,2569,2.52,8243438,10842011583,3.95,1.06,0.00,0,4113432,4130005,302235216000,270127120000,142418464,694162768,711783040,-17620272,2295336928,2135298192,160038736,3625289680,3733072272,-107782592,4030506016,4065141904,-34635888,1.31,-0.16,1.48,-0.99,-0.32,0,39,34,3,2,0,0,-239.35,0.00,0.00,0.00,,0.00,,0.00,EastMoney,2026-08-04T16:42:36+08:00
BK1076,2026-08-04T00:00:00Z,105254,106411,106525,104850,104358,2053,1.97,10185007,8224230734,3.55,1.14,0.00,0,5220288,4964720,241869063000,214581018000,193720688,628581360,451569728,177011632,1610591888,1593882832,16709056,2516053728,2559478848,-43425120,3265454848,3416338352,-150883504,2.36,2.15,0.20,-0.53,-1.83,0,46,30,13,3,0,0,-80.70,0.00,0.00,0.00,,0.00,,0.00,EastMoney,2026-08-04T16:42:36+08:00
BK1077,2026-08-04T00:00:00Z,121271,120753,121419,120212,121017,-264,-0.22,9528537,5777499201,1.29,0.86,0.00,0,4410308,5118230,396657408000,351591072000,-135009520,285227008,329384832,-44157824,1106572368,1197424064,-90851696,1901323872,1832673056,68650816,2308617648,2247402368,61215280,-2.34,-0.76,-1.57,1.19,1.06,0,44,16,24,4,0,0,31.79,0.00,0.00,0.00,,0.00,,0.00,EastMoney,2026-08-04T16:42:36+08:00
BK1078,2026-08-04T00:00:00Z,131081,131966,132849,131081,129987,1979,1.52,15241485,17417313415,4.09,1.02,0.00,0,7922289,7319197,595576976000,529838624000,-264569616,1234969312,1305307168,-70337856,3775490704,3969722464,-194231760,6029522944,5859464704,170058240,6053758464,5959246848,94511616,-1.52,-0.40,-1.12,0.98,0.54,0,56,37,16,3,0,0,148.82,0.00,0.00,0.00,,0.00,,0.00,EastMoney,2026-08-04T16:42:36+08:00
BK1079,2026-08-04T00:00:00Z,131847,132655,133016,131338,131410,1245,0.95,2684486,2038430602,1.59,0.84,0.00,0,1279782,1404704,126860139000,110094783000,-10333041,116986593,109552866,7433727,428996832,446763600,-17766768,611152288,637605536,-26453248,849126416,813272704,35853712,-0.51,0.36,-0.87,-1.30,1.76,0,26,15,9,2,0,0,41.74,0.00,0.00,0.00,,0.00,,0.00,EastMoney,2026-08-04T16:42:36+08:00
BK1080,2026-08-04T00:00:00Z,102188,103854,103936,101891,101724,2130,2.09,17710890,17901190763,2.51,1.05,0.00,0,8416477,9294413,495730080000,434717840000,795444368,1951210272,1219024176,732186096,3858897408,3795639136,63258272,5527238400,5716725760,-189487360,6155755264,6762300160,-606544896,4.44,4.09,0.35,-1.06,-3.39,0,103,62,36,5,0,0,-41.33,0.00,0.00,0.00,,0.00,,0.00,EastMoney,2026-08-04T16:42:36+08:00
BK1082,2026-08-04T00:00:00Z,154699,157983,158509,153732,153406,4577,2.98,1438224,1467255935,4.52,1.01,0.00,0,700711,737512,43024047000,35429987000,-39478687,89891765,75097348,14794417,322191888,376464992,-54273104,474992960,513224272,-38231312,557169776,479459792,77709984,-2.69,1.01,-3.70,-2.61,5.30,0,9,8,1,0,0,0,64.82,0.00,0.00,0.00,,0.00,,0.00,EastMoney,2026-08-04T16:42:36+08:00
BK1086,2026-08-04T00:00:00Z,68387,67687,68507,67466,68269,-582,-0.85,5269485,2812288430,1.85,1.00,0.00,0,2323254,2946231,196764509000,169003446000,-59070161,103913499,121116860,-17203361,506895488,548762288,-41866800,936724016,878995872,57728144,1180769392,1181612064,-842672,-2.10,-0.61,-1.49,2.05,-0.03,0,30,4,26,0,0,0,28.88,0.00,0.00,0.00,,0.00,,0.00,EastMoney,2026-08-04T16:42:36+08:00
BK1087,2026-08-04T00:00:00Z,147174,146978,147571,145732,146645,333,0.23,23610719,19594179639,1.46,0.98,0.00,0,10271603,13339115,1234396752000,1024016592000,-459076992,1888508656,2161528480,-273019824,4239214896,4425272064,-186057168,6160040960,6222898688,-62857728,6900724992,6378790144,521934848,-2.34,-1.39,-0.95,-0.32,2.66,0,49,16,30,3,0,0,17.59,0.00,0.00,0.00,,0.00,,0.00,EastMoney,2026-08-04T16:42:36+08:00
BK1088,2026-08-04T00:00:00Z,424944,439321,440583,421489,416788,22533,5.41,10920097,96868768926,2.55,1.03,0.00,0,5625353,5294744,2044482576000,1944799648000,10052560896,31620539648,23120020736,8500518912,27719570688,26167528704,1552041984,24810271488,31457529088,-6647257600,11070020608,14475323648,-3405303040,10.38,8.78,1.60,-6.86,-3.52,0,25,22,3,0,0,0,53.17,0.00,0.00,0.00,,0.00,,0.00,EastMoney,2026-08-04T16:42:36+08:00
BK1089,2026-08-04T00:00:00Z,183777,186165,186601,182529,182866,3299,1.80,11869333,21541298242,2.21,1.00,0.00,0,5972648,5896685,950271072000,808751568000,526649600,1919450688,1447847488,471603200,4726424576,4671378176,55046400,6776197120,7157822720,-381625600,7717737472,7863914496,-146177024,2.44,2.19,0.26,-1.77,-0.68,0,96,65,25,6,0,0,34.99,0.00,0.00,0.00,,0.00,,0.00,EastMoney,2026-08-04T16:42:36+08:00
BK1090,2026-08-04T00:00:00Z,188474,191774,192244,187372,187357,4417,2.36,147466047,335705944286,2.54,1.07,0.00,0,74282132,73183914,13037994496000,11177613568000,10239771648,43842724864,36098105344,7744619520,81839783936,79344631808,2495152128,105618681856,110222278656,-4603596800,97873342464,103477743616,-5604401152,3.05,2.31,0.74,-1.37,-1.67,0,715,554,151,10,0,0,38.03,0.00,0.00,0.00,,0.00,,0.00,EastMoney,2026-08-04T16:42:36+08:00
BK1092,2026-08-04T00:00:00Z,171741,175953,177079,170538,170358,5595,3.28,1380538,13042014772,1.51,0.90,0.00,0,747038,633501,1940617616000,1785170352000,622542560,3507116976,2427326784,1079790192,3806874640,4264122272,-457247632,2910279200,3514182352,-603903152,2423160336,2441799744,-18639408,4.77,8.28,-3.51,-4.63,-0.14,0,8,8,0,0,0,0,22.28,0.00,0.00,0.00,,0.00,,0.00,EastMoney,2026-08-04T16:42:36+08:00
BK1093,2026-08-04T00:00:00Z,123446,124675,125122,122710,123049,1626,1.32,3928402,8032499235,2.37,1.01,0.00,0,1915837,2012566,311317328000,285150720000,-20611600,638182096,663413088,-25230992,1719622128,1715002736,4619392,2658897504,2650794096,8103408,2887787200,2875278992,12508208,-0.26,-0.31,0.06,0.10,0.16,0,28,17,9,2,0,0,48.61,0.00,0.00,0.00,,0.00,,0.00,EastMoney,2026-08-04T16:42:36+08:00
BK1094,2026-08-04T00:00:00Z,91933,93887,94188,91551,91401,2486,2.72,34495627,26464050914,3.79,1.00,0.00,0,19060862,15434765,807525120000,756006288000,1143135232,4235653728,3113952864,1121700864,5786293760,5764859392,21434368,7918598656,8405778176,-487179520,7986638592,8641681408,-655042816,4.32,4.24,0.08,-1.84,-2.48,0,48,40,6,2,0,0,-31.06,0.00,0.00,0.00,,0.00,,0.00,EastMoney,2026-08-04T16:42:36+08:00
BK1095,2026-08-04T00:00:00Z,130800,130585,131103,129832,130401,184,0.14,12086216,7250083052,1.36,0.89,0.00,0,6058926,6027290,538087328000,491769840000,-14218144,1021568160,991798256,29769904,1655477584,1699465632,-43988048,2117268320,2099912400,17355920,2295835456,2298973248,-3137792,-0.20,0.41,-0.61,0.24,-0.04,0,21,5,12,4,0,0,39.37,0.00,0.00,0.00,,0.00,,0.00,EastMoney,2026-08-04T16:42:36+08:00
BK1097,2026-08-04T00:00:00Z,82631,84123,84374,82362,82232,1891,2.30,15468768,19166358130,2.76,0.97,0.00,0,7554774,7913995,663876592000,621052512000,128053088,1882249952,1717941952,164308000,4285856576,4322111488,-36254912,5974850816,6198853888,-224003072,6700770304,6604820224,95950080,0.67,0.86,-0.19,-1.17,0.50,0,45,32,11,2,0,0,-21.13,0.00,0.00,0.00,,0.00,,0.00,EastMoney,2026-08-04T16:42:36+08:00
BK1098,2026-08-04T00:00:00Z,106710,106219,106918,105884,106183,36,0.03,5028307,4087565675,1.97,0.94,0.00,0,2343561,2684747,235343729000,209030061000,-62024834,264663614,283168688,-18505074,870894528,914414288,-43519760,1300973712,1286660304,14313408,1581248624,1533537200,47711424,-1.52,-0.45,-1.06,0.35,1.17,0,29,10,18,1,0,0,22.45,0.00,0.00,0.00,,0.00,,0.00,EastMoney,2026-08-04T16:42:36+08:00
BK1099,2026-08-04T00:00:00Z,97726,97320,97837,96416,97368,-48,-0.05,725300,1008021412,1.97,0.99,0.00,0,333437,391864,59305999000,52321869000,-38140572,28126981,48692545,-20565564,174223679,191798687,-17575008,346885200,330737344,16147856,438311376,416318656,21992720,-3.78,-2.04,-1.74,1.60,2.18,0,9,4,4,1,0,0,27.60,0.00,0.00,0.00,,0.00,,0.00,EastMoney,2026-08-04T16:42:36+08:00
BK1100,2026-08-04T00:00:00Z,166679,169058,169502,165085,165925,3133,1.89,19680065,29107035946,3.39,1.40,0.00,0,10354380,9325684,1064024464000,918490080000,1157453440,2967795584,2256903424,710892160,6978517504,6531956224,446561280,10012329472,10411720960,-399391488,8379953152,9128382464,-748429312,3.98,2.44,1.53,-1.37,-2.57,0,87,73,13,1,0,0,63.54,0.00,0.00,0.00,,0.00,,0.00,EastMoney,2026-08-04T16:42:36+08:00
BK1101,2026-08-04T00:00:00Z,291663,307057,308491,289323,288363,18694,6.48,36777064,110956252134,5.91,0.93,0.00,0,21475560,15301504,2899933536000,2259908352000,5718615296,24805118464,18040528896,6764589568,35558900992,36604875264,-1045974272,28466032640,30663414272,-2197381632,19867846144,23292875776,-3425029632,5.15,6.10,-0.94,-1.98,-3.09,0,61,59,1,1,0,0,96.66,0.00,0.00,0.00,,0.00,,0.00,EastMoney,2026-08-04T16:42:36+08:00
BK1102,2026-08-04T00:00:00Z,155654,157756,158108,154779,154582,3174,2.05,6822346,17932494784,1.65,0.97,0.00,0,3216515,3605831,1553782976000,1349062032000,-434666432,1932652880,1934502160,-1849280,4353459968,4786277120,-432817152,5643949824,5534280448,109669376,5739536128,5414539008,324997120,-2.42,-0.01,-2.41,0.61,1.81,0,35,19,13,3,0,0,14.80,0.00,0.00,0.00,,0.00,,0.00,EastMoney,2026-08-04T16:42:36+08:00
BK1103,2026-08-04T00:00:00Z,103875,104833,104987,102725,102309,2524,2.47,2068781,2768961727,1.98,1.07,0.00,0,1032102,1036679,108689285000,106385312000,220223552,389378544,287815120,101563424,645728080,527067952,118660128,825930768,859731280,-33800512,833553136,1020885840,-187332704,7.95,3.67,4.29,-1.22,-6.77,0,11,7,4,0,0,0,22.26,0.00,0.00,0.00,,0.00,,0.00,EastMoney,2026-08-04T16:42:36+08:00
BK1104,2026-08-04T00:00:00Z,172428,176454,176782,172302,170725,5729,3.36,65171116,143577584414,4.20,1.13,0.00,0,33193031,31978085,3975869856000,3596072416000,5414896640,20290370560,15712997120,4577373440,35293634304,34456111104,837523200,46541262080,49343742976,-2802480896,38236196096,40705305344,-2469109248,3.77,3.19,0.58,-1.95,-1.72,0,243,217,22,4,0,0,155.16,0.00,0.00,0.00,,0.00,,0.00,EastMoney,2026-08-04T16:42:36+08:00
BK1106,2026-08-04T00:00:00Z,137762,139704,140261,137762,136461,3243,2.38,37113336,68327175145,2.48,0.99,0.00,0,18692502,18420834,3756370032000,2946690448000,1896129536,11105576960,8464731648,2640845312,15076139264,15820855040,-744715776,21311174400,22902046976,-1590872576,19127592192,19406792704,-279200512,2.78,3.87,-1.09,-2.33,-0.41,0,189,143,42,4,0,0,54.72,0.00,0.00,0.00,,0.00,,0.00,EastMoney,2026-08-04T16:42:36+08:00
BK1107,2026-08-04T00:00:00Z,144737,144214,145463,143946,144548,-334,-0.23,7320398,10903606732,0.61,0.86,0.00,0,3113363,4207035,1910688592000,1599315184000,-885854032,1567747728,2201991520,-634243792,2684725472,2936335712,-251610240,3508827104,3197429184,311397920,2941309184,2366853040,574456144,-8.12,-5.82,-2.31,2.86,5.27,0,14,4,9,1,0,0,12.53,0.00,0.00,0.00,,0.00,,0.00,EastMoney,2026-08-04T16:42:36+08:00
BK1108,2026-08-04T00:00:00Z,125779,128347,128986,125779,125118,3229,2.58,5856994,36877894662,1.35,0.89,0.00,0,2954165,2902829,2361852896000,1517245104000,-898275840,5891630080,5882160384,9469696,10907882496,11815628032,-907745536,14085239552,13291902464,793337088,5422371584,5317432832,104938752,-2.44,0.03,-2.46,2.15,0.28,0,45,35,9,1,0,0,124.36,0.00,0.00,0.00,,0.00,,0.00,EastMoney,2026-08-04T16:42:36+08:00
BK1109,2026-08-04T00:00:00Z,100527,99700,100968,99400,100455,-755,-0.75,3473592,2501636027,1.52,0.87,0.00,0,1709442,1764150,126238514000,114519824000,-181382239,175790193,282835616,-107045423,517074384,591411200,-74336816,807339792,741603648,65736144,961443712,845797632,115646080,-7.25,-4.28,-2.97,2.63,4.62,0,14,2,12,0,0,0,108.82,0.00,0.00,0.00,,0.00,,0.00,EastMoney,2026-08-04T16:42:36+08:00
BK1110,2026-08-04T00:00:00Z,165273,170318,170915,165273,164354,5964,3.63,35798081,42063741845,8.09,1.47,0.00,0,18603472,17194609,479717584000,447985856000,1094466816,5241486848,4438852608,802634240,10316385792,10024553216,291832576,13494165504,13735179264,-241013760,12112224256,12965677312,-853453056,2.60,1.91,0.69,-0.57,-2.03,0,49,42,6,1,0,0,-96.71,0.00,0.00,0.00,,0.00,,0.00,EastMoney,2026-08-04T16:42:36+08:00
BK1111,2026-08-04T00:00:00Z,188026,193954,194396,188026,186635,7319,3.92,79672320,104946873001,6.55,1.34,0.00,0,41088321,38583999,2051674688000,1810143104000,2329329152,14891332096,13393829120,1497502976,26333465088,25501638912,831826176,32510231296,33223423744,-713192448,28589793536,30116387840,-1526594304,2.22,1.43,0.79,-0.68,-1.45,0,118,104,14,0,0,0,67.50,0.00,0.00,0.00,,0.00,,0.00,EastMoney,2026-08-04T16:42:36+08:00
BK1112,2026-08-04T00:00:00Z,143541,141860,143707,141600,143486,-1626,-1.13,154263963,88479720661,0.62,0.91,0.00,0,61865848,92398114,21476444160000,15779592960000,-4232380928,9991221248,13488624896,-3497403648,19906836224,20641813504,-734977280,26980580096,25342419200,1638160896,29806392832,27213479424,2592913408,-4.78,-3.95,-0.83,1.85,2.93,0,410,48,347,15,0,0,9.30,0.00,0.00,0.00,,0.00,,0.00,EastMoney,2026-08-04T16:42:36+08:00
BK1113,2026-08-04T00:00:00Z,156993,165301,165924,155505,155104,10197,6.57,8112233,15903900502,3.82,1.03,0.00,0,4384119,3728114,425036928000,370772224000,693511248,1733406864,1071970640,661436224,3307175440,3275100416,32075024,4726236416,5092295680,-366059264,5920208384,6247660288,-327451904,4.36,4.16,0.20,-2.30,-2.06,0,30,28,1,1,0,0,163.43,0.00,0.00,0.00,,0.00,,0.00,EastMoney,2026-08-04T16:42:36+08:00
BK1115,2026-08-04T00:00:00Z,139744,141034,141229,139270,139155,1879,1.35,41054150,49772001450,3.08,1.20,0.00,0,20369247,20684903,1539975936000,1273852128000,673118720,7826687488,6232952576,1593734912,11002926336,11923542528,-920616192,14596513536,15054789120,-458275584,14923763968,15104797952,-181033984,1.35,3.20,-1.85,-0.92,-0.36,0,168,94,70,4,0,0,35.84,0.00,0.00,0.00,,0.00,,0.00,EastMoney,2026-08-04T16:42:36+08:00
BK1116,2026-08-04T00:00:00Z,141304,143078,143512,141135,140700,2378,1.69,2022192,2780312067,2.04,0.91,0.00,0,1040118,982074,118003494000,93707118000,129161335,322282224,202311945,119970279,652690976,643499920,9191056,795658208,883741408,-88083200,981272512,1022350640,-41078128,4.65,4.31,0.33,-3.17,-1.48,0,16,9,6,1,0,0,43.39,0.00,0.00,0.00,,0.00,,0.00,EastMoney,2026-08-04T16:42:36+08:00
BK1118,2026-08-04T00:00:00Z,133377,136964,137310,133377,132981,3983,3.00,12859687,14116744563,6.21,1.44,0.00,0,6337526,6522160,231159775000,220347132000,166628640,1387737936,1152067760,235670176,3140701840,3209743376,-69041536,4581843712,4593087488,-11243776,4706286848,4861671680,-155384832,1.18,1.67,-0.49,-0.08,-1.10,0,33,28,5,0,0,0,-49.20,0.00,0.00,0.00,,0.00,,0.00,EastMoney,2026-08-04T16:42:36+08:00
BK1119,2026-08-04T00:00:00Z,144806,146905,147881,143715,143813,3092,2.15,1182600,5842105068,1.64,0.92,0.00,0,613765,568835,366446016000,320320624000,117277216,780439328,692249824,88189504,1487615456,1458527744,29087712,1876578176,1997230144,-120651968,1591203712,1587828960,3374752,2.01,1.51,0.50,-2.07,0.06,0,10,9,1,0,0,0,49.04,0.00,0.00,0.00,,0.00,,0.00,EastMoney,2026-08-04T16:42:36+08:00
BK1121,2026-08-04T00:00:00Z,203454,214227,216155,203247,202155,12072,5.97,1480750,3853571922,1.54,0.85,0.00,0,718613,762137,99629783000,85095959000,153098464,348159184,303473856,44685328,995755632,887342496,108413136,1299381248,1356366976,-56985728,1166390368,1262503104,-96112736,3.97,1.16,2.81,-1.48,-2.49,0,4,3,0,1,0,0,69.68,0.00,0.00,0.00,,0.00,,0.00,EastMoney,2026-08-04T16:42:36+08:00
BK1124,2026-08-04T00:00:00Z,199240,203065,203835,198456,197284,5781,2.93,14920857,50760274174,3.96,0.92,0.00,0,7738585,7182272,1129913232000,1014217712000,3879363072,8909980672,5428163072,3481817600,12128738816,11731193344,397545472,14776549120,16456245760,-1679696640,13844650752,16021200128,-2176549376,7.64,6.86,0.78,-3.31,-4.29,0,54,46,8,0,0,0,40.29,0.00,0.00,0.00,,0.00,,0.00,EastMoney,2026-08-04T16:42:36+08:00
BK1125,2026-08-04T00:00:00Z,152668,154712,155116,151510,151452,3260,2.15,4599237,9945637038,2.69,1.14,0.00,0,2381234,2218003,328300656000,276137456000,414390912,981506176,888754288,92751888,2524872096,2203233072,321639024,3253867680,3171245888,82621792,2995821488,3492834208,-497012720,4.17,0.93,3.23,0.83,-5.00,0,26,23,2,1,0,0,-3685.99,0.00,0.00,0.00,,0.00,,0.00,EastMoney,2026-08-04T16:42:36+08:00
BK1126,2026-08-04T00:00:00Z,188773,195426,196312,188773,187275,8151,4.35,41588679,63940555929,6.46,1.36,0.00,0,21862513,19726166,1162667424000,1006521024000,2075809024,8608588288,7042907136,1565681152,16127200768,15617072896,510127872,20104684288,20981660416,-876976128,17755152384,18953985280,-1198832896,3.25,2.45,0.80,-1.37,-1.87,0,62,56,6,0,0,0,243.43,0.00,0.00,0.00,,0.00,,0.00,EastMoney,2026-08-04T16:42:36+08:00
BK1127,2026-08-04T00:00:00Z,172822,178143,178745,171518,170968,7175,4.20,13298543,62683259832,3.02,0.83,0.00,0,7106014,6192529,2884987776000,2259109200000,2183466240,13758710784,11058766592,2699944192,24024896000,24541373952,-516477952,14981894400,16426118656,-1444224256,8953833216,9679638016,-725804800,3.48,4.31,-0.82,-2.30,-1.16,0,39,37,2,0,0,0,182.91,0.00,0.00,0.00,,0.00,,0.00,EastMoney,2026-08-04T16:42:36+08:00
BK1128,2026-08-04T00:00:00Z,717428,759717,761862,712988,701702,58015,8.27,36659488,262365535955,4.51,0.98,0.00,0,20005577,16653911,6246075392000,5771949312000,29619463168,73900216320,49845115904,24055100416,75878342656,70313979904,5564362752,69370081280,87047946240,-17677864960,38746165760,50538590976,-11792425216,11.29,9.17,2.12,-6.74,-4.49,0,65,65,0,0,0,0,55.32,0.00,0.00,0.00,,0.00,,0.00,EastMoney,2026-08-04T16:42:36+08:00
BK1129,2026-08-04T00:00:00Z,93332,96586,96797,93332,92910,3676,3.96,6247544,6304660048,5.20,1.11,0.00,0,3077503,3170042,99023302000,91750782000,305323296,523588096,324593648,198994448,1451776016,1345447168,106328848,2112632736,2173304032,-60671296,2098660848,2343312864,-244652016,4.84,3.16,1.69,-0.96,-3.88,0,18,16,2,0,0,0,-21.20,0.00,0.00,0.00,,0.00,,0.00,EastMoney,2026-08-04T16:42:36+08:00
BK1130,2026-08-04T00:00:00Z,135396,138536,138626,134730,134397,4139,3.08,5404452,7952709199,3.37,0.99,0.00,0,2632264,2772188,279170592000,252219250000,558726592,944940576,503469600,441470976,1796116160,1678860544,117255616,2464926608,2740295216,-275368608,2603792640,2885493840,-281701200,7.03,5.55,1.47,-3.46,-3.54,0,27,23,3,1,0,0,-515.81,0.00,0.00,0.00,,0.00,,0.00,EastMoney,2026-08-04T16:42:36+08:00
BK1131,2026-08-04T00:00:00Z,210875,215716,216047,208641,210719,4997,2.37,2398438,5292729855,5.00,1.15,0.00,0,1263666,1134772,101362613000,97595932000,64974384,556929568,546169344,10760224,1264152784,1209938624,54214160,1657691744,1694679952,-36988208,1703265472,1731251632,-27986160,1.23,0.20,1.02,-0.70,-0.53,0,7,7,0,0,0,0,43.16,0.00,0.00,0.00,,0.00,,0.00,EastMoney,2026-08-04T16:42:36+08:00
BK1132,2026-08-04T00:00:00Z,103648,104327,104669,102550,102012,2315,2.27,2992442,5962294048,4.61,1.13,0.00,0,1501826,1490616,141090634000,137017607000,-2518016,578793936,658629840,-79835904,1555061984,1477744096,77317888,2044386336,2015358304,29028032,1687560144,1714070160,-26510016,-0.04,-1.34,1.30,0.49,-0.44,0,10,9,1,0,0,0,74.56,0.00,0.00,0.00,,0.00,,0.00,EastMoney,2026-08-04T16:42:36+08:00
BK1133,2026-08-04T00:00:00Z,129539,132208,132585,129377,128224,3984,3.11,6054035,9796261031,4.24,1.31,0.00,0,3189355,2864680,252614566000,222154725000,17617056,1069533584,1051818336,17715248,2225806512,2225904704,-98192,3140932016,3090975152,49956864,3133798288,3203049104,-69250816,0.18,0.18,0.00,0.51,-0.71,0,23,19,3,1,0,0,83.35,0.00,0.00,0.00,,0.00,,0.00,EastMoney,2026-08-04T16:42:36+08:00
BK1134,2026-08-04T00:00:00Z,180580,186805,187076,180420,178446,8359,4.68,84436376,296750250347,2.72,1.14,0.00,0,43387136,41049240,11541471744000,8452347904000,23102293248,75730788352,55653485312,20077303040,89051013120,86026022912,3024990208,79281512448,94704058368,-15422545920,47140165888,54639904000,-7499738112,7.79,6.77,1.02,-5.20,-2.53,0,211,195,14,2,0,0,40.29,0.00,0.00,0.00,,0.00,,0.00,EastMoney,2026-08-04T16:42:36+08:00
BK1135,2026-08-04T00:00:00Z,109905,112703,112996,109905,109182,3521,3.22,49005108,65503579896,3.37,1.20,0.00,0,25328723,23676385,1936093264000,1674421696000,1112558080,6971905280,6333541632,638363648,15491748864,15017554432,474194432,21212892416,21258005248,-45112832,20472228096,21520530688,-1048302592,1.70,0.97,0.72,-0.07,-1.60,0,162,133,25,4,0,0,63.90,0.00,0.00,0.00,,0.00,,0.00,EastMoney,2026-08-04T16:42:36+08:00
BK1136,2026-08-04T00:00:00Z,320298,337757,338830,318531,314151,23606,7.51,38756022,261917272733,5.14,1.10,0.00,0,21020507,17735515,5803130624000,5072484096000,30054153216,77485617152,51020661760,26464955392,77633470464,74044272640,3589197824,65828894208,84067876864,-18238982656,36492836352,48105937920,-11613101568,11.47,10.10,1.37,-6.96,-4.43,0,97,97,0,0,0,0,73.48,0.00,0.00,0.00,,0.00,,0.00,EastMoney,2026-08-04T16:42:36+08:00
BK1137,2026-08-04T00:00:00Z,249476,260874,262489,247397,246626,14248,5.78,46869042,291050605802,5.18,0.85,0.00,0,25428192,21440850,11261970432000,5830376704000,9662064128,57820284672,48691286272,9128998400,78196080640,77663014912,533065728,91938578432,95952683008,-4014104576,58027878912,63654169344,-5626290432,3.32,3.14,0.18,-1.38,-1.93,0,135,133,2,0,0,0,110.57,0.00,0.00,0.00,,0.00,,0.00,EastMoney,2026-08-04T16:42:36+08:00
BK1138,2026-08-04T00:00:00Z,184402,190983,191553,183582,182384,8599,4.71,64679541,174152753576,3.98,1.17,0.00,0,33678823,31000718,6363439872000,5903959552000,9468229120,27304147712,20165797376,7138350336,43819289600,41489410816,2329878784,52455882496,56618133760,-4162251264,47569630208,52858465536,-5288835328,5.44,4.10,1.34,-2.39,-3.04,0,153,143,10,0,0,0,30.81,0.00,0.00,0.00,,0.00,,0.00,EastMoney,2026-08-04T16:42:36+08:00
BK1139,2026-08-04T00:00:00Z,119429,118350,119608,118125,119220,-870,-0.73,83675951,84628723789,0.42,1.03,0.00,0,32943996,50731955,25339116800000,15709564160000,-2672155136,12303886848,14431868928,-2127982080,19819464192,20363637248,-544173056,25389266944,24907453440,481813504,25578358784,23388017152,2190341632,-3.16,-2.51,-0.64,0.57,2.59,0,81,19,61,1,0,0,10.12,0.00,0.00,0.00,,0.00,,0.00,EastMoney,2026-08-04T16:42:36+08:00
BK1141,2026-08-04T00:00:00Z,172456,177973,178648,171717,170701,7272,4.26,32206631,40678899103,4.52,1.09,0.00,0,18419312,13787320,1368761248000,1262135744000,2151970560,7014942208,5086174720,1928767488,9790103040,9566899968,223203072,12163687680,12849674496,-685986816,10927640576,12393624064,-1465983488,5.29,4.74,0.55,-1.69,-3.60,0,33,30,3,0,0,0,39.12,0.00,0.00,0.00,,0.00,,0.00,EastMoney,2026-08-04T16:42:36+08:00
BK1142,2026-08-04T00:00:00Z,114164,116819,117277,113706,113428,3391,2.99,22474997,14807525332,4.27,0.99,0.00,0,13393075,9081921,352732784000,326349584000,1183190336,3401936368,2136941552,1264994816,3244367360,3326171840,-81804480,3963403248,4302117376,-338714128,3902113824,4746589952,-844476128,7.99,8.54,-0.55,-2.29,-5.70,0,24,22,2,0,0,0,58.94,0.00,0.00,0.00,,0.00,,0.00,EastMoney,2026-08-04T16:42:36+08:00
BK1143,2026-08-04T00:00:00Z,140974,145353,145473,140615,139964,5389,3.85,3790796,8565883651,3.19,1.12,0.00,0,1930856,1859940,162833698000,137875839000,738060368,1403617712,737768496,665849216,1973025840,1900814688,72211152,2467803696,2799024000,-331220304,2561140928,2966324240,-405183312,8.62,7.77,0.84,-3.87,-4.73,0,24,19,5,0,0,0,-5054.27,0.00,0.00,0.00,,0.00,,0.00,EastMoney,2026-08-04T16:42:36+08:00
BK1144,2026-08-04T00:00:00Z,140229,143168,143543,139251,139110,4058,2.92,13209112,34605489618,3.84,1.00,0.00,0,6590977,6618135,762036080000,681794192000,829451312,4796287488,4192383184,603904304,8115112704,7889565696,225547008,10347751680,10993808640,-646056960,10670766336,10854160896,-183394560,2.40,1.75,0.65,-1.87,-0.53,0,58,49,7,2,0,0,46.18,0.00,0.00,0.00,,0.00,,0.00,EastMoney,2026-08-04T16:42:36+08:00
BK1145,2026-08-04T00:00:00Z,194601,198386,198914,192478,193823,4563,2.35,4778093,20176713733,2.50,1.08,0.00,0,2456951,2321141,657848848000,610336400000,753981552,2266447536,1923262528,343185008,5269237248,4858440704,410796544,7189012480,7624594688,-435582208,5046412800,5364812032,-318399232,3.74,1.70,2.04,-2.16,-1.58,0,35,32,3,0,0,0,48.51,0.00,0.00,0.00,,0.00,,0.00,EastMoney,2026-08-04T16:42:36+08:00
BK1146,2026-08-04T00:00:00Z,117680,120702,120847,117680,116194,4508,3.88,7309448,18615995912,2.34,1.20,0.00,0,3760415,3549033,961617344000,869395600000,360697760,2154130848,1909288704,244842144,4478718464,4362862848,115855616,6155929088,6264894720,-108965632,5477920000,5730504704,-252584704,1.94,1.32,0.62,-0.59,-1.36,0,39,33,6,0,0,0,97.48,0.00,0.00,0.00,,0.00,,0.00,EastMoney,2026-08-04T16:42:36+08:00
BK1147,2026-08-04T00:00:00Z,93927,94468,95001,93833,93626,842,0.90,2099504,1993069371,1.75,0.94,0.00,0,1065592,1033913,146087232000,116867876000,23019723,76783612,69610769,7172843,337125616,321278736,15846880,657651760,675262768,-17611008,882641856,888050576,-5408720,1.15,0.36,0.80,-0.88,-0.27,0,14,9,4,1,0,0,20.24,0.00,0.00,0.00,,0.00,,0.00,EastMoney,2026-08-04T16:42:36+08:00
BK1148,2026-08-04T00:00:00Z,113912,116795,117113,113472,113067,3728,3.30,8164221,16373245769,2.16,0.99,0.00,0,3927021,4237200,554986192000,534262976000,618503584,2183272304,1657834032,525438272,4034145440,3941080128,93065312,5831803136,6649982720,-818179584,3950947936,3762318256,188629680,3.78,3.21,0.57,-5.00,1.15,0,27,17,9,1,0,0,-21.84,0.00,0.00,0.00,,0.00,,0.00,EastMoney,2026-08-04T16:42:36+08:00
BK1150,2026-08-04T00:00:00Z,139331,142513,142779,138704,138312,4201,3.04,21164099,50986565864,2.20,1.06,0.00,0,10879479,10284620,2840358848000,2649765104000,3456042240,8279459840,5483708160,2795751680,12343707392,11683416832,660290560,15241076736,16623664896,-1382588160,14221477632,16299507968,-2078030336,6.78,5.48,1.30,-2.71,-4.08,0,103,83,17,3,0,0,39.21,0.00,0.00,0.00,,0.00,,0.00,EastMoney,2026-08-04T16:42:36+08:00
BK1151,2026-08-04T00:00:00Z,115028,119764,120156,115028,114590,5174,4.52,37974986,44598746316,7.01,1.52,0.00,0,20100413,17874573,560164352000,504560336000,1661378304,6508221696,4981703168,1526518528,11272392192,11137532416,134859776,13872472064,14211810560,-339338496,12025647104,13347686400,-1322039296,3.73,3.42,0.30,-0.76,-2.96,0,41,36,4,1,0,0,-290.92,0.00,0.00,0.00,,0.00,,0.00,EastMoney,2026-08-04T16:42:36+08:00
BK1152,2026-08-04T00:00:00Z,215536,226570,228337,213273,213056,13514,6.34,7310098,66802548436,5.95,0.91,0.00,0,4049003,3261095,1986558656000,1818937600000,1082624256,11124958208,8987149824,2137808384,19260498432,20315682560,-1055184128,26397367808,26567622400,-170254592,9142967296,10043683328,-900716032,1.62,3.20,-1.58,-0.25,-1.35,0,28,28,0,0,0,0,108.94,0.00,0.00,0.00,,0.00,,0.00,EastMoney,2026-08-04T16:42:36+08:00
BK1153,2026-08-04T00:00:00Z,118170,122014,122416,118170,117165,4849,4.14,30912200,47664640740,5.65,1.55,0.00,0,16360123,14552077,1101705776000,908924688000,1709709280,5382217728,4238546976,1143670752,11848244736,11282206208,566038528,15139239680,15652747264,-513507584,14251830016,15429508608,-1177678592,3.59,2.40,1.19,-1.08,-2.47,0,70,65,5,0,0,0,82.56,0.00,0.00,0.00,,0.00,,0.00,EastMoney,2026-08-04T16:42:36+08:00
BK1155,2026-08-04T00:00:00Z,151436,153218,153643,150555,150717,2501,1.66,19894964,64543679175,2.32,0.98,0.00,0,9940548,9954416,4528319744000,3603170912000,587420160,10514390272,9052081920,1462308352,16164092928,17038981120,-874888192,18711158528,19728825088,-1017666560,17779857920,17373494016,406363904,0.91,2.27,-1.36,-1.58,0.63,0,107,76,31,0,0,0,28.73,0.00,0.00,0.00,,0.00,,0.00,EastMoney,2026-08-04T16:42:36+08:00
BK1156,2026-08-04T00:00:00Z,165833,168366,168984,164614,165177,3189,1.93,9992830,28518673395,3.65,0.92,0.00,0,5332971,4659859,831814944000,671154560000,1020880432,4312307968,3647242192,665065776,6842742272,6486927616,355814656,8543282432,8847240448,-303958016,8353197568,9073916160,-720718592,3.58,2.33,1.25,-1.07,-2.53,0,46,36,10,0,0,0,43.64,0.00,0.00,0.00,,0.00,,0.00,EastMoney,2026-08-04T16:42:36+08:00
BK1157,2026-08-04T00:00:00Z,184009,186665,187108,182778,183115,3550,1.94,14696200,27170747760,2.38,1.09,0.00,0,7278736,7417464,1022500880000,880470896000,666940320,2346954400,2060553216,286401184,6159488512,5778949376,380539136,8537461504,8875404800,-337943296,9546256128,9882515968,-336259840,2.45,1.05,1.40,-1.24,-1.24,0,86,57,28,1,0,0,129.99,0.00,0.00,0.00,,0.00,,0.00,EastMoney,2026-08-04T16:42:36+08:00
BK1158,2026-08-04T00:00:00Z,331737,334893,336043,331676,329672,5221,1.58,21518500,18975839478,2.62,1.00,0.00,0,10561720,10956780,805509056000,701643840000,-271179952,419583328,400592896,18990432,2328716896,2618887280,-290170384,5717796352,5668785664,49010688,10187111936,9964942592,222169344,-1.43,0.10,-1.53,0.26,1.17,0,400,319,71,10,0,0,-60.34,0.00,0.00,0.00,,0.00,,0.00,EastMoney,2026-08-04T16:42:36+08:00
BK1160,2026-08-04T00:00:00Z,190521,197205,197984,189378,188755,8450,4.48,41298287,61712905753,3.78,0.94,0.00,0,23519792,17778495,1555231360000,1393770608000,3634168320,9759826688,6644662784,3115163904,14653252608,14134248192,519004416,18515612160,19996000512,-1480388352,17776131328,19929911040,-2153779712,5.89,5.05,0.84,-2.40,-3.49,0,76,75,1,0,0,0,74.70,0.00,0.00,0.00,,0.00,,0.00,EastMoney,2026-08-04T16:42:36+08:00
BK1161,2026-08-04T00:00:00Z,192568,200711,201462,191939,189451,11260,5.94,19785265,88742008563,3.49,0.97,0.00,0,10768400,9016865,3115583360000,2707324256000,6755157760,17327760640,12343799808,4983960832,23519590656,21748393728,1771196928,26238700032,29480571904,-3241871872,19774931968,23139041536,-3364109568,7.61,5.62,2.00,-3.65,-3.79,0,60,59,1,0,0,0,46.21,0.00,0.00,0.00,,0.00,,0.00,EastMoney,2026-08-04T16:42:36+08:00
BK1162,2026-08-04T00:00:00Z,169839,174666,175452,168863,168426,6240,3.70,7543883,32105816356,2.94,0.91,0.00,0,3844480,3699402,1039729776000,927420896000,1207945472,5460316416,4534560256,925756160,8459209728,8177020416,282189312,10689582848,11308132096,-618549248,6972060672,7561456896,-589396224,3.76,2.88,0.88,-1.93,-1.84,0,30,29,1,0,0,0,43.18,0.00,0.00,0.00,,0.00,,0.00,EastMoney,2026-08-04T16:42:36+08:00
BK1163,2026-08-04T00:00:00Z,223690,228227,228788,222588,221951,6276,2.83,40957167,72007624810,2.17,1.19,0.00,0,19811240,21145926,2140051312000,1940543344000,5205161984,11618412800,7525547264,4092865536,17209501440,16097204992,1112296448,21927734272,24203234816,-2275500544,19796903680,22749921792,-2953018112,7.23,5.68,1.54,-3.16,-4.10,0,80,61,18,1,0,0,33.61,0.00,0.00,0.00,,0.00,,0.00,EastMoney,2026-08-04T16:42:36+08:00
BK1164,2026-08-04T00:00:00Z,233133,240557,241505,231992,230640,9917,4.30,12740504,56364658358,3.31,0.86,0.00,0,6756070,5984434,1574816816000,1354726848000,2712087296,9930755328,7680453376,2250301952,14356515840,13894730496,461785344,17570268672,18541505792,-971237120,13422964992,15138065664,-1715100672,4.81,3.99,0.82,-1.72,-3.04,0,44,42,2,0,0,0,42.26,0.00,0.00,0.00,,0.00,,0.00,EastMoney,2026-08-04T16:42:36+08:00
BK1166,2026-08-04T00:00:00Z,150121,152211,152529,149498,149327,2884,1.93,55839670,89639735757,2.35,1.05,0.00,0,27726200,28113470,3894798496000,3416871840000,2317131776,8615773696,7093588480,1522185216,20057463040,19262516480,794946560,28201538560,29336351488,-1134812928,30645583616,31733207552,-1087623936,2.58,1.70,0.89,-1.27,-1.21,0,297,208,82,7,0,0,152.71,0.00,0.00,0.00,,0.00,,0.00,EastMoney,2026-08-04T16:42:36+08:00
BK1168,2026-08-04T00:00:00Z,225036,234072,234621,223700,222472,11600,5.21,12402581,45735644830,3.59,1.03,0.00,0,6693560,5709021,1208497072000,1131843792000,3942836992,7199773952,4710599424,2489174528,11846622720,10392960256,1453662464,13964291584,15106950912,-1142659328,11673041152,14321719296,-2648678144,8.62,5.44,3.18,-2.50,-5.79,0,41,41,0,0,0,0,41.90,0.00,0.00,0.00,,0.00,,0.00,EastMoney,2026-08-04T16:42:36+08:00
BK1169,2026-08-04T00:00:00Z,107178,110924,111331,106627,105640,5284,5.00,8206594,24756529888,7.08,1.28,0.00,0,4253690,3952904,436942928000,408726192000,403307408,3453505200,3262469920,191035280,6775647232,6563375104,212272128,8712698880,8326658560,386040320,5316968448,6106316032,-789347584,1.63,0.77,0.86,1.56,-3.19,0,16,16,0,0,0,0,32.41,0.00,0.00,0.00,,0.00,,0.00,EastMoney,2026-08-04T16:42:36+08:00
BK1170,2026-08-04T00:00:00Z,124645,127823,128104,124645,123678,4145,3.35,14601717,22371309919,3.31,1.04,0.00,0,7419917,7181800,665890784000,593233072000,523972208,2226504512,1806545104,419959408,5371296256,5267283456,104012800,7117311488,7532028416,-414716928,7311518720,7420774144,-109255424,2.34,1.88,0.46,-1.85,-0.49,0,62,51,11,0,0,0,99.87,0.00,0.00,0.00,,0.00,,0.00,EastMoney,2026-08-04T16:42:36+08:00
BK1171,2026-08-04T00:00:00Z,154573,156730,157058,153664,153637,3093,2.01,10106881,17354380813,2.87,1.24,0.00,0,5041933,5064948,517243936000,457612224000,885303056,2473769568,1783934640,689834928,3905089488,3709621360,195468128,5190410496,5407715584,-217305088,5478306048,6150096896,-671790848,5.10,3.97,1.13,-1.25,-3.87,0,42,28,14,0,0,0,49.92,0.00,0.00,0.00,,0.00,,0.00,EastMoney,2026-08-04T16:42:36+08:00
BK1172,2026-08-04T00:00:00Z,101147,104699,105089,101147,100643,4056,4.03,38219351,32556641960,9.09,1.67,0.00,0,19815254,18404097,426433072000,385939664000,879272848,3876415312,3217155776,659259536,7801315840,7581302528,220013312,10119846144,10382277376,-262431232,9956053248,10572894976,-616841728,2.70,2.02,0.68,-0.81,-1.89,0,34,30,3,1,0,0,198.46,0.00,0.00,0.00,,0.00,,0.00,EastMoney,2026-08-04T16:42:36+08:00
BK1173,2026-08-04T00:00:00Z,181345,183939,184675,181345,181024,2915,1.61,13943836,44113699493,1.77,0.91,0.00,0,6953785,6990052,4011903744000,3581981440000,328980480,7711644416,6184135424,1527508992,11474071040,12672599552,-1198528512,12541566464,13245456896,-703890432,11490385408,11115475456,374909952,0.75,3.46,-2.72,-1.60,0.85,0,37,29,7,1,0,0,21.00,0.00,0.00,0.00,,0.00,,0.00,EastMoney,2026-08-04T16:42:36+08:00
BK1174,2026-08-04T00:00:00Z,119724,121752,121976,119724,119083,2669,2.24,19342697,30483605950,2.69,1.08,0.00,0,9775213,9567484,1360671216000,1140172672000,482969472,3087275360,2515465440,571809920,6748954112,6837794560,-88840448,9875668992,10012071680,-136402688,10140428544,10480720640,-340292096,1.58,1.88,-0.29,-0.45,-1.12,0,119,86,31,2,0,0,35.53,0.00,0.00,0.00,,0.00,,0.00,EastMoney,2026-08-04T16:42:36+08:00
BK1175,2026-08-04T00:00:00Z,223392,234175,235491,222199,220497,13678,6.20,32103986,62901320506,4.63,0.98,0.00,0,18942641,13161345,1308402688000,1221001392000,5145398016,11366370816,6980398336,4385972480,15084110592,14324685056,759425536,18023734528,19826309632,-1802575104,17168057856,20461822720,-3293764864,8.18,6.97,1.21,-2.87,-5.24,0,48,48,0,0,0,0,60.00,0.00,0.00,0.00,,0.00,,0.00,EastMoney,2026-08-04T16:42:36+08:00
BK1176,2026-08-04T00:00:00Z,158161,162982,163374,158161,157087,5895,3.75,12444821,21189389760,4.43,1.09,0.00,0,6351433,6093388,441872432000,397660944000,728465008,2603200096,1988863216,614336880,4731102976,4616974848,114128128,6610369536,6958641664,-348272128,6727485952,7016378368,-288892416,3.44,2.90,0.54,-1.64,-1.36,0,41,34,6,1,0,0,-140.23,0.00,0.00,0.00,,0.00,,0.00,EastMoney,2026-08-04T16:42:36+08:00
BK1177,2026-08-04T00:00:00Z,199406,205607,206718,198286,198172,7435,3.75,34428999,66793212961,4.58,0.88,0.00,0,19633684,14795315,4896876288000,1262818768000,1133769728,15164894720,14150816000,1014078720,18234511360,18114820352,119691008,18135875840,18317025536,-181149696,13984325888,14936945664,-952619776,1.70,1.52,0.18,-0.27,-1.43,0,55,48,7,0,0,0,107.64,0.00,0.00,0.00,,0.00,,0.00,EastMoney,2026-08-04T16:42:36+08:00
BK1178,2026-08-04T00:00:00Z,203527,209878,210781,202484,201670,8208,4.07,35404044,135572784996,3.04,0.93,0.00,0,18960129,16443915,3682752736000,3312774016000,5546729216,24104304896,20599044352,3505260544,35203639808,33162171136,2041468672,40505508352,42959868928,-2454360576,33124636672,36184262400,-3059625728,4.09,2.59,1.51,-1.81,-2.26,0,131,117,12,2,0,0,47.34,0.00,0.00,0.00,,0.00,,0.00,EastMoney,2026-08-04T16:42:36+08:00
BK1179,2026-08-04T00:00:00Z,129389,130285,130504,128930,128885,1400,1.09,6277316,4866296544,2.00,0.93,0.00,0,2773785,3503531,236367846000,212487864000,-77931577,209858294,227226111,-17367817,931393488,991957248,-60563760,1584933824,1537667168,47266656,2015722080,1986970848,28751232,-1.60,-0.36,-1.24,0.97,0.59,0,40,22,14,4,0,0,250.83,0.00,0.00,0.00,,0.00,,0.00,EastMoney,2026-08-04T16:42:36+08:00
BK1180,2026-08-04T00:00:00Z,181408,186915,187625,180160,179536,7379,4.11,12594092,49067069843,5.09,0.87,0.00,0,6890753,5703338,1192506928000,1138422752000,2934340608,8129384704,5499012096,2630372608,12757778944,12453810944,303968000,16614873344,17888006656,-1273133312,10754395648,12388946688,-1634551040,5.98,5.36,0.62,-2.59,-3.33,0,40,39,1,0,0,0,741.28,0.00,0.00,0.00,,0.00,,0.00,EastMoney,2026-08-04T16:42:36+08:00
BK1181,2026-08-04T00:00:00Z,120850,123251,123386,120421,120170,3081,2.56,19404487,34519505606,1.61,0.96,0.00,0,9434410,9970077,2410232992000,1630636592000,445049872,4363188224,3878674672,484513552,8288306176,8327769856,-39463680,11448063744,12318387456,-870323712,9761240832,9338716672,422524160,1.29,1.40,-0.11,-2.52,1.22,0,95,66,28,1,0,0,29.41,0.00,0.00,0.00,,0.00,,0.00,EastMoney,2026-08-04T16:42:36+08:00
BK1182,2026-08-04T00:00:00Z,111512,114857,115242,111512,109976,4881,4.44,18760333,29469972218,7.50,1.38,0.00,0,9931716,8828617,398305456000,356115024000,711045760,3873445968,3406540240,466905728,7302225664,7058085632,244140032,9292931584,9272501248,20430336,8043379968,8698198784,-654818816,2.41,1.58,0.83,0.07,-2.22,0,34,33,1,0,0,0,78.77,0.00,0.00,0.00,,0.00,,0.00,EastMoney,2026-08-04T16:42:36+08:00
BK1183,2026-08-04T00:00:00Z,97975,100122,100510,97975,97527,2595,2.66,29104715,24742506699,4.22,1.25,0.00,0,15269671,13835044,566998656000,513531808000,983828560,3114417200,1941258464,1173158736,5606363136,5795693312,-189330176,7428197120,7862898688,-434701568,7961896960,8485372928,-523475968,3.98,4.74,-0.77,-1.76,-2.12,0,78,55,21,2,0,0,576.87,0.00,0.00,0.00,,0.00,,0.00,EastMoney,2026-08-04T16:42:36+08:00
BK1184,2026-08-04T00:00:00Z,158479,162227,162686,157191,157567,4660,2.96,57585027,163166147638,2.81,1.15,0.00,0,29402641,28182385,5843232512000,4923778816000,6640944640,24657836288,19901565952,4756270336,40506524416,38621850112,1884674304,49123931392,51982950656,-2859019264,45456324608,49235590656,-3779266048,4.07,2.91,1.16,-1.75,-2.32,0,265,221,41,3,0,0,44.28,0.00,0.00,0.00,,0.00,,0.00,EastMoney,2026-08-04T16:42:36+08:00
BK1185,2026-08-04T00:00:00Z,93786,93934,94220,93358,93561,373,0.40,8776444,7837994093,2.23,1.02,0.00,0,4120996,4655449,300877408000,279598912000,186744272,728478608,602108032,126370576,1663518928,1603145232,60373696,2441152000,2499645456,-58493456,2872895776,3001146592,-128250816,2.38,1.61,0.77,-0.75,-1.64,0,42,16,25,1,0,0,-15.67,0.00,0.00,0.00,,0.00,,0.00,EastMoney,2026-08-04T16:42:36+08:00
BK1186,2026-08-04T00:00:00Z,95967,97569,97896,95600,95590,1979,2.07,12155097,10193315094,2.97,1.04,0.00,0,5990752,6164345,303941296000,274440992000,301034784,834444352,623585488,210858864,2212344448,2122168528,90175920,3337688496,3383668096,-45979600,3644719744,3899812624,-255092880,2.95,2.07,0.88,-0.45,-2.50,0,41,24,15,2,0,0,-91.96,0.00,0.00,0.00,,0.00,,0.00,EastMoney,2026-08-04T16:42:36+08:00
BK1187,2026-08-04T00:00:00Z,115517,117664,117872,115248,114960,2704,2.35,44994275,43079181108,8.07,1.53,0.00,0,22546977,22447298,714988576000,498420768000,68059136,5038783232,4963640320,75142912,9943639296,9950723072,-7083776,13801230336,13805297920,-4067584,13213165056,13277194496,-64029440,0.16,0.17,-0.02,-0.01,-0.15,0,75,51,22,2,0,0,166.64,0.00,0.00,0.00,,0.00,,0.00,EastMoney,2026-08-04T16:42:36+08:00
BK1188,2026-08-04T00:00:00Z,120323,122894,123260,120281,119438,3456,2.89,80552379,148926245160,3.81,1.11,0.00,0,41645999,38906380,4402884608000,3838527920000,5824665344,19814912000,15852737024,3962174976,36819852032,34957361664,1862490368,47519738624,49763060480,-2243321856,41551175424,45040519424,-3489344000,3.91,2.66,1.25,-1.51,-2.34,0,257,209,46,2,0,0,77.26,0.00,0.00,0.00,,0.00,,0.00,EastMoney,2026-08-04T16:42:36+08:00
BK1189,2026-08-04T00:00:00Z,100081,103005,103109,99769,98914,4091,4.14,7702924,23401197080,4.34,1.16,0.00,0,4053510,3649414,582491744000,471505152000,1204670640,3456553008,2374771072,1081781936,5884767232,5761878528,122888704,7045690624,7672591360,-626900736,6526647552,7104417536,-577769984,5.15,4.62,0.53,-2.68,-2.47,0,20,19,1,0,0,0,66.45,0.00,0.00,0.00,,0.00,,0.00,EastMoney,2026-08-04T16:42:36+08:00
BK1190,2026-08-04T00:00:00Z,127041,131560,131914,126842,126352,5208,4.12,8418664,26366696529,3.81,0.98,0.00,0,4161760,4256904,674739328000,540333072000,-396543536,4156429264,4698245376,-541816112,6846748416,6701475840,145272576,8078628608,7933343232,145285376,6736033024,6486896640,249136384,-1.50,-2.05,0.55,0.55,0.94,0,16,15,1,0,0,0,40.89,0.00,0.00,0.00,,0.00,,0.00,EastMoney,2026-08-04T16:42:36+08:00
BK1192,2026-08-04T00:00:00Z,119187,118704,119262,117544,118521,183,0.15,30920687,28788041402,1.43,1.09,0.00,0,13470230,17450456,1792052736000,1477605456000,-780301424,3276947056,3683755488,-406808432,6349347840,6722840832,-373492992,8911316992,8630906368,280410624,9606173184,9114491392,491681792,-2.71,-1.41,-1.30,0.97,1.71,0,55,24,31,0,0,0,16.09,0.00,0.00,0.00,,0.00,,0.00,EastMoney,2026-08-04T16:42:36+08:00
BK1193,2026-08-04T00:00:00Z,91782,91879,92150,91236,91361,518,0.57,29484759,23437640214,1.46,0.90,0.00,0,13371877,16112882,1175845984000,1048326048000,280979072,2613257328,2208934384,404322944,5309816320,5433160192,-123343872,7347307776,7500974336,-153666560,7768103936,7894937600,-126833664,1.20,1.73,-0.53,-0.66,-0.54,0,85,44,40,1,0,0,99.65,0.00,0.00,0.00,,0.00,,0.00,EastMoney,2026-08-04T16:42:36+08:00
BK1197,2026-08-04T00:00:00Z,98678,98404,98833,97743,98475,-71,-0.07,56325898,51000361459,1.23,0.93,0.00,0,26016746,30309152,4889032448000,4167802176000,-1357076320,4289837984,5025495808,-735657824,11273464832,11894883328,-621418496,16143639552,15906318080,237321472,18368260864,17252181504,1116079360,-2.66,-1.44,-1.22,0.47,2.19,0,158,62,92,4,0,0,53.04,0.00,0.00,0.00,,0.00,,0.00,EastMoney,2026-08-04T16:42:36+08:00
BK1198,2026-08-04T00:00:00Z,98985,100488,100812,98850,98483,2005,2.04,21468566,62552150901,1.89,0.94,0.00,0,10684383,10784183,3682666640000,3088403072000,2622081536,9489212416,7440497664,2048714752,15646021888,15072655104,573366784,19374866944,20336744960,-961878016,17148836096,18809039360,-1660203264,4.19,3.28,0.92,-1.54,-2.65,0,90,56,31,3,0,0,14.39,0.00,0.00,0.00,,0.00,,0.00,EastMoney,2026-08-04T16:42:36+08:00
BK1199,2026-08-04T00:00:00Z,110121,112325,112996,109338,109423,2902,2.65,1679813,2287199834,4.68,0.96,0.00,0,903047,776766,59722053000,57160007000,72121552,161299268,148294580,13004688,570029344,510912480,59116864,691476320,730372560,-38896240,820796016,850272976,-29476960,3.15,0.57,2.58,-1.70,-1.29,0,8,7,1,0,0,0,81.65,0.00,0.00,0.00,,0.00,,0.00,EastMoney,2026-08-04T16:42:36+08:00
BK1200,2026-08-04T00:00:00Z,584939,592121,593211,581670,581707,10414,1.79,91899280,166597737927,3.03,1.04,0.00,0,45053110,46846171,7781413120000,6906999552000,2489846528,17358722560,14466774016,2891948544,37288094720,37690196736,-402102016,52285869056,54703243520,-2417374464,55432461056,55567987968,-135526912,1.49,1.74,-0.24,-1.45,-0.08,0,410,302,97,11,0,0,50.35,0.00,0.00,0.00,,0.00,,0.00,EastMoney,2026-08-04T16:42:36+08:00
BK1201,2026-08-04T00:00:00Z,1125059,1171909,1177236,1118396,1113539,58370,5.24,143232113,615368847220,3.93,0.93,0.00,0,78831450,64400663,22477051904000,15046024192000,33490100224,120675147776,91414331392,29260816384,172434558976,168205275136,4229283840,184720199680,201077129216,-16356929536,127012966400,144013729792,-17000763392,5.44,4.76,0.69,-2.66,-2.76,0,520,493,22,5,0,0,92.72,0.00,0.00,0.00,,0.00,,0.00,EastMoney,2026-08-04T16:42:36+08:00
BK1202,2026-08-04T00:00:00Z,188903,188697,189354,187213,188634,63,0.03,32919107,14423599374,1.58,0.98,0.00,0,14752064,18167043,909926576000,854287696000,-407291264,1229731584,1401851072,-172119488,3073992400,3309164176,-235171776,4459240448,4417616128,41624320,5383380736,5017714176,365666560,-2.82,-1.19,-1.63,0.29,2.54,0,105,35,51,19,0,0,-4.50,0.00,0.00,0.00,,0.00,,0.00,EastMoney,2026-08-04T16:42:36+08:00
BK1203,2026-08-04T00:00:00Z,244081,243207,245050,242873,243902,-695,-0.28,31058214,40359317153,0.74,0.84,0.00,0,14009532,17048682,6954390528000,5496724736000,-3029901056,5436513280,7512303104,-2075789824,9850158080,10804269312,-954111232,12522363392,11659458816,862904576,11826883840,9659887616,2166996224,-7.51,-5.14,-2.36,2.14,5.37,0,80,25,52,3,0,0,10.32,0.00,0.00,0.00,,0.00,,0.00,EastMoney,2026-08-04T16:42:36+08:00
BK1204,2026-08-04T00:00:00Z,529418,536209,537816,526548,526721,9488,1.80,18232802,48145713235,1.88,0.91,0.00,0,8982419,9250383,2941601856000,2432574112000,103309456,3938074320,4015384128,-77309808,11015122688,10834503424,180619264,15972917248,16164974848,-192057600,16380905728,16283952640,96953088,0.21,-0.16,0.38,-0.40,0.20,0,141,108,31,2,0,0,79.03,0.00,0.00,0.00,,0.00,,0.00,EastMoney,2026-08-04T16:42:36+08:00
BK1205,2026-08-04T00:00:00Z,430202,438231,439057,428301,427762,10469,2.45,87348835,163729624201,2.75,1.16,0.00,0,42983014,44365821,6119121920000,4992011776000,4332803840,18107205632,14865809408,3241396224,38699357184,37607949568,1091407616,51981689088,54456665088,-2474976000,50319334912,52101394944,-1782060032,2.65,1.98,0.67,-1.51,-1.09,0,621,458,144,19,0,0,47.21,0.00,0.00,0.00,,0.00,,0.00,EastMoney,2026-08-04T16:42:36+08:00
BK1206,2026-08-04T00:00:00Z,338549,342076,342643,337026,337331,4745,1.41,66087715,94458085908,2.24,0.93,0.00,0,32232135,33855580,4471960832000,4040458384000,233579008,8274972416,7930446336,344526080,20251497728,20362444800,-110947072,29689287424,30309160192,-619872768,34131104256,33768873216,362231040,0.25,0.36,-0.12,-0.66,0.38,0,452,285,150,17,0,0,35.21,0.00,0.00,0.00,,0.00,,0.00,EastMoney,2026-08-04T16:42:36+08:00
BK1207,2026-08-04T00:00:00Z,769920,787744,789257,768840,762565,25179,3.30,79072340,152706421417,3.86,1.06,0.00,0,40101470,38970870,4466323712000,3800222368000,5221112576,20862373888,16694731776,4167642112,36448773632,35395303168,1053470464,47881338624,50303426560,-2422087936,43390909952,45916772608,-2525862656,3.42,2.73,0.69,-1.59,-1.65,0,361,323,32,6,0,0,150.20,0.00,0.00,0.00,,0.00,,0.00,EastMoney,2026-08-04T16:42:36+08:00
BK1208,2026-08-04T00:00:00Z,349051,350828,351151,346628,347327,3501,1.01,15682118,30963269562,2.02,0.92,0.00,0,7845608,7836510,1051320560000,872599424000,804536544,4641548800,3684080160,957468640,7148333056,7301265152,-152932096,9103350016,9514678784,-411328768,9604775936,9997984000,-393208064,2.60,3.09,-0.49,-1.33,-1.27,0,78,43,28,7,0,0,90.32,0.00,0.00,0.00,,0.00,,0.00,EastMoney,2026-08-04T16:42:36+08:00
BK1209,2026-08-04T00:00:00Z,281901,283982,284391,280615,280355,3627,1.29,39511607,31585243641,1.40,1.04,0.00,0,17146731,22364876,1750366304000,1545251840000,-884823376,2978703184,3627715488,-649012304,6313036288,6548847360,-235811072,9815807488,9343524608,472282880,11701478400,11301291264,400187136,-2.80,-2.05,-0.75,1.50,1.27,0,158,87,64,7,0,0,13.39,0.00,0.00,0.00,,0.00,,0.00,EastMoney,2026-08-04T16:42:36+08:00
BK1210,2026-08-04T00:00:00Z,242922,240140,242922,239678,242472,-2332,-0.96,33889010,22255187180,0.75,0.97,0.00,0,13868598,20020412,3207519728000,2797567072000,-749907088,1886094160,2376586720,-490492560,4531313152,4790727680,-259414528,6969552896,6566785024,402767872,8412337664,8070341632,341996032,-3.37,-2.20,-1.17,1.81,1.54,0,134,26,104,4,0,0,17.85,0.00,0.00,0.00,,0.00,,0.00,EastMoney,2026-08-04T16:42:36+08:00
BK1211,2026-08-04T00:00:00Z,376753,378622,379273,374285,375495,3127,0.83,44710320,64127635808,1.89,1.07,0.00,0,21527836,23182484,4425797632000,3318936336000,-1861171968,5245612288,6034349056,-788736768,13758624256,14831059456,-1072435200,20189660672,20485281792,-295621120,23587711744,21498646784,2089064960,-2.90,-1.23,-1.67,-0.46,3.26,0,329,179,139,11,0,0,28.38,0.00,0.00,0.00,,0.00,,0.00,EastMoney,2026-08-04T16:42:36+08:00
BK1212,2026-08-04T00:00:00Z,308817,311555,311982,307791,307525,4030,1.31,19253006,15940858632,2.14,1.00,0.00,0,9295468,9957538,959361472000,824432720000,79616080,801681456,745978672,55702784,2883342400,2859429104,23913296,5081208064,5051658496,29549568,6771061504,6878372864,-107311360,0.50,0.35,0.15,0.19,-0.67,0,170,96,69,5,0,0,62.74,0.00,0.00,0.00,,0.00,,0.00,EastMoney,2026-08-04T16:42:36+08:00
BK1213,2026-08-04T00:00:00Z,212552,213019,213671,211157,211863,1156,0.55,20305594,16144589532,1.57,0.78,0.00,0,9590982,10714611,867671600000,811756848000,-585023600,1006656304,1117199040,-110542736,3146454976,3620935840,-474480864,5119701504,5156541184,-36839680,6448469760,5819059456,629410304,-3.62,-0.68,-2.94,-0.23,3.90,0,101,50,47,4,0,0,-72.78,0.00,0.00,0.00,,0.00,,0.00,EastMoney,2026-08-04T16:42:36+08:00
BK1214,2026-08-04T00:00:00Z,401763,404592,404985,400902,400566,4026,1.01,14037643,11839590740,2.84,0.94,0.00,0,7030267,7007376,482664816000,422445568000,-85309936,782044256,695964032,86080224,2277687168,2449077328,-171390160,3750699712,3864317728,-113618016,4665089536,4468675584,196413952,-0.72,0.73,-1.45,-0.96,1.66,0,89,43,44,2,0,0,49.54,0.00,0.00,0.00,,0.00,,0.00,EastMoney,2026-08-04T16:42:36+08:00
BK1215,2026-08-04T00:00:00Z,685913,708738,710475,685073,675974,32764,4.85,40409210,211238426979,2.24,1.09,0.00,0,20816443,19592766,7247032832000,4643861760000,22247595776,58213660928,40282543104,17931117824,60138298112,55821820160,4316477952,57386741248,72236888064,-14850146816,31691780608,38915096320,-7223315712,10.53,8.49,2.04,-7.03,-3.42,0,130,125,5,0,0,0,31.81,0.00,0.00,0.00,,0.00,,0.00,EastMoney,2026-08-04T16:42:36+08:00
BK1216,2026-08-04T00:00:00Z,437856,443637,444406,437856,434772,8865,2.04,67956791,119476260299,2.20,1.04,0.00,0,34252776,33704014,6639353600000,5503274240000,1988097792,14793475072,11836893952,2956581120,25947026432,26915509760,-968483328,38381916672,40351990528,-1970073856,37523264768,37508949504,14315264,1.66,2.47,-0.81,-1.65,0.01,0,508,366,126,16,0,0,45.92,0.00,0.00,0.00,,0.00,,0.00,EastMoney,2026-08-04T16:42:36+08:00
BK1217,2026-08-04T00:00:00Z,1151453,1154217,1157181,1146172,1149239,4978,0.43,4706269,4426390999,2.32,0.80,0.00,0,2302620,2403649,207569734000,195727061000,183521392,650200864,378040816,272160048,901778768,990417424,-88638656,1298618976,1385141536,-86522560,1502769920,1599768768,-96998848,4.15,6.15,-2.00,-1.95,-2.19,0,22,9,13,0,0,0,-209.80,0.00,0.00,0.00,,0.00,,0.00,EastMoney,2026-08-04T16:42:36+08:00
BK1218,2026-08-04T00:00:00Z,187318,188052,188830,186579,186952,1100,0.59,3202035,3215497886,1.13,1.03,0.00,0,1618497,1583537,246519127000,230055605000,49732548,175944734,139565466,36379268,586968928,573615648,13353280,947700816,1010870928,-63170112,1431706112,1418268560,13437552,1.55,1.13,0.42,-1.96,0.42,0,28,10,17,1,0,0,18.43,0.00,0.00,0.00,,0.00,,0.00,EastMoney,2026-08-04T16:42:36+08:00
BK1219,2026-08-04T00:00:00Z,120467,121945,122406,119485,120101,1844,1.54,3386272,1871964570,1.62,1.01,0.00,0,1806464,1579808,126168829000,119285483000,-9460403,117885048,74756475,43128573,350213008,402801984,-52588976,518728672,563010160,-44281488,722355200,650383200,71972000,-0.51,2.30,-2.81,-2.37,3.84,0,13,9,4,0,0,0,-52.72,0.00,0.00,0.00,,0.00,,0.00,EastMoney,2026-08-04T16:42:36+08:00
BK1220,2026-08-04T00:00:00Z,459807,476692,477730,459807,457634,19058,4.16,28428291,31119943886,7.91,1.50,0.00,0,14392603,14035688,311173024000,288215488000,249702016,4160596320,3829982944,330613376,7494947840,7575859200,-80911360,9868315648,9795316224,72999424,8906480896,9229182208,-322701312,0.80,1.06,-0.26,0.23,-1.04,0,30,29,1,0,0,0,113.53,0.00,0.00,0.00,,0.00,,0.00,EastMoney,2026-08-04T16:42:36+08:00
BK1221,2026-08-04T00:00:00Z,625925,648654,650025,624432,621822,26832,4.32,5511457,12919714128,7.19,1.31,0.00,0,2810044,2701412,193869169000,167721799000,561531200,1333806288,931845616,401960672,3275432016,3115861488,159570528,4390473984,4378200832,12273152,3682695904,4256500192,-573804288,4.35,3.11,1.24,0.09,-4.44,0,15,15,0,0,0,0,-278.09,0.00,0.00,0.00,,0.00,,0.00,EastMoney,2026-08-04T16:42:36+08:00
BK1222,2026-08-04T00:00:00Z,326452,338616,340797,326212,325497,13119,4.03,11298756,7519374691,5.67,1.44,0.00,0,6470751,4828005,170487351000,161195912000,620471344,1165913728,549811392,616102336,1792990560,1788621552,4369008,2154529760,2504429488,-349899728,2264180960,2534752608,-270571648,8.25,8.19,0.06,-4.65,-3.60,0,18,17,0,1,0,0,-50.39,0.00,0.00,0.00,,0.00,,0.00,EastMoney,2026-08-04T16:42:36+08:00
BK1223,2026-08-04T00:00:00Z,1307977,1350374,1357366,1297606,1293157,57217,4.42,6008023,16050716965,4.44,0.86,0.00,0,3231525,2776497,383016848000,343692544000,531697824,1563326544,1163030112,400296432,3504453440,3373052048,131401392,5107971840,5348894720,-240922880,5626755328,5917530112,-290774784,3.31,2.49,0.82,-1.50,-1.81,0,33,32,1,0,0,0,52.21,0.00,0.00,0.00,,0.00,,0.00,EastMoney,2026-08-04T16:42:36+08:00
BK1224,2026-08-04T00:00:00Z,250554,251123,251848,249438,249721,1402,0.56,4403632,4183848347,2.28,1.03,0.00,0,2091341,2312290,186381606000,178164910000,29594736,357344576,299069824,58274752,828154352,856834368,-28680016,1299647680,1395242272,-95594592,1619448720,1553492816,65955904,0.71,1.39,-0.69,-2.28,1.58,0,33,15,18,0,0,0,21.08,0.00,0.00,0.00,,0.00,,0.00,EastMoney,2026-08-04T16:42:36+08:00
BK1225,2026-08-04T00:00:00Z,228124,229237,229628,226900,227296,1941,0.85,6820511,5552333668,1.68,0.87,0.00,0,3244725,3575786,309683920000,277582912000,-178221038,234399233,264292527,-29893294,1012193328,1160521072,-148327744,1755158368,1742775712,12382656,2436013760,2270213072,165800688,-3.21,-0.54,-2.67,0.22,2.99,0,61,39,21,1,0,0,36.44,0.00,0.00,0.00,,0.00,,0.00,EastMoney,2026-08-04T16:42:36+08:00
BK1226,2026-08-04T00:00:00Z,77505,76226,77615,76057,77384,-1158,-1.50,14263790,4651404897,0.93,0.93,0.00,0,5934946,8328845,518786272000,474026208000,-52547952,545202976,638558496,-93355520,1100226448,1059418880,40807568,1364407840,1321259008,43148832,1543903152,1534504016,9399136,-1.13,-2.01,0.88,0.93,0.20,0,24,1,22,1,0,0,-411.16,0.00,0.00,0.00,,0.00,,0.00,EastMoney,2026-08-04T16:42:36+08:00
BK1227,2026-08-04T00:00:00Z,201639,199567,201957,198033,201568,-2001,-0.99,2803448,1832479320,1.20,1.21,0.00,0,1259650,1543799,173691747000,170333201000,-53635075,88742532,130505127,-41762595,348632736,360505216,-11872480,614452016,571013456,43438560,746680160,736483632,10196528,-2.93,-2.28,-0.65,2.37,0.56,0,12,2,9,1,0,0,21.14,0.00,0.00,0.00,,0.00,,0.00,EastMoney,2026-08-04T16:42:36+08:00
BK1228,2026-08-04T00:00:00Z,363956,361980,364350,358967,361605,375,0.10,1972257,1325784122,0.98,0.90,0.00,0,893214,1079042,151652354000,140093907000,-43804938,64064505,83948755,-19884250,279091920,303012608,-23920688,394548960,384096048,10452912,561216624,527864576,33352048,-3.30,-1.50,-1.80,0.79,2.52,0,9,3,5,1,0,0,33.97,0.00,0.00,0.00,,0.00,,0.00,EastMoney,2026-08-04T16:42:36+08:00
BK1229,2026-08-04T00:00:00Z,342156,347900,348511,340075,341841,6059,1.77,2037359,3880967568,2.25,0.74,0.00,0,1032395,1004964,132056887000,130983378000,-12089193,194302104,171683249,22618855,755595632,790303680,-34708048,1327409792,1387956752,-60546960,1527993856,1455357696,72636160,-0.31,0.58,-0.89,-1.56,1.87,0,12,9,3,0,0,0,148.66,0.00,0.00,0.00,,0.00,,0.00,EastMoney,2026-08-04T16:42:36+08:00
BK1230,2026-08-04T00:00:00Z,486727,486944,488252,482279,485510,1434,0.30,2170204,5547991970,1.64,0.84,0.00,0,946165,1224039,511862720000,369276304000,-476337312,773246144,1078755504,-305509360,1308412752,1479240704,-170827952,1731821360,1611738736,120082624,1645974000,1289719296,356254704,-8.59,-5.51,-3.08,2.16,6.42,0,10,4,6,0,0,0,30.80,0.00,0.00,0.00,,0.00,,0.00,EastMoney,2026-08-04T16:42:36+08:00
BK1231,2026-08-04T00:00:00Z,403888,405364,406302,401229,401878,3486,0.87,4924909,12944033272,1.38,0.96,0.00,0,2266958,2657951,1098614928000,887736576000,-161255120,824312400,966495200,-142182800,2914726416,2933798736,-19072320,4349980672,4207487296,142493376,4627008256,4603789568,23218688,-1.25,-1.10,-0.15,1.10,0.18,0,49,29,19,1,0,0,65.82,0.00,0.00,0.00,,0.00,,0.00,EastMoney,2026-08-04T16:42:36+08:00
BK1232,2026-08-04T00:00:00Z,465575,475335,475973,461384,460650,14685,3.19,1930942,5751152525,1.95,1.13,0.00,0,1076013,854929,361368144000,283104608000,128740112,499538544,396713072,102825472,1299399376,1273484736,25914640,1949456272,1995200624,-45744352,1908042144,1991037904,-82995760,2.24,1.79,0.45,-0.80,-1.44,0,9,9,0,0,0,0,391.84,0.00,0.00,0.00,,0.00,,0.00,EastMoney,2026-08-04T16:42:36+08:00
BK1233,2026-08-04T00:00:00Z,604346,616646,619569,601138,600946,15700,2.61,7169389,20021567898,2.47,0.91,0.00,0,3660888,3508501,837699168000,761473264000,624251152,1646675104,1401737104,244938000,4736988672,4357675520,379313152,6614248960,6962591488,-348342528,6671887616,6944047872,-272160256,3.12,1.22,1.89,-1.74,-1.36,0,61,57,3,1,0,0,399.02,0.00,0.00,0.00,,0.00,,0.00,EastMoney,2026-08-04T16:42:36+08:00
BK1234,2026-08-04T00:00:00Z,329354,335554,335805,327952,327695,7859,2.40,6686422,6604377709,5.72,2.14,0.00,0,3475331,3211091,145119812000,137264344000,163277488,945470208,724154000,221316208,1423399248,1481437968,-58038720,1920828208,1886421200,34407008,2170118320,2369538048,-199419728,2.47,3.35,-0.88,0.52,-3.02,0,26,18,8,0,0,0,74.95,0.00,0.00,0.00,,0.00,,0.00,EastMoney,2026-08-04T16:42:36+08:00
BK1235,2026-08-04T00:00:00Z,228952,230355,230863,228399,228268,2087,0.91,13089219,11356884820,1.54,0.98,0.00,0,6158258,6930961,681373040000,606120352000,-46799968,734623856,724492352,10131504,2327976160,2384907632,-56931472,3671449728,3675630992,-4181264,4410706944,4361195008,49511936,-0.41,0.09,-0.50,-0.04,0.44,0,108,63,41,4,0,0,31.27,0.00,0.00,0.00,,0.00,,0.00,EastMoney,2026-08-04T16:42:36+08:00
BK1236,2026-08-04T00:00:00Z,166291,166201,166748,165271,165733,468,0.28,4615773,3479975934,0.90,0.97,0.00,0,1758559,2857214,411685328000,346229696000,-177433736,267080504,350593120,-83512616,742732400,836653520,-93921120,1186442608,1024701408,161741200,1224220592,1213667520,10553072,-5.10,-2.40,-2.70,4.65,0.30,0,31,11,18,2,0,0,19.51,0.00,0.00,0.00,,0.00,,0.00,EastMoney,2026-08-04T16:42:36+08:00
BK1237,2026-08-04T00:00:00Z,986721,1016281,1019493,980755,979621,36660,3.74,9374277,43310104367,3.14,0.99,0.00,0,4994976,4379301,1254026784000,1103886160000,2693049088,6562196480,4560530432,2001666048,11086110720,10394727680,691383040,14449733632,16148884480,-1699150848,10042725376,11023006464,-980281088,6.22,4.62,1.60,-3.92,-2.26,0,95,85,8,2,0,0,84.47,0.00,0.00,0.00,,0.00,,0.00,EastMoney,2026-08-04T16:42:36+08:00
BK1238,2026-08-04T00:00:00Z,778382,798388,799905,778382,770145,28243,3.67,37787373,56898490246,4.41,1.09,0.00,0,19135231,18652143,1377977888000,1188053888000,2993403648,7173807872,4997734144,2176073728,13427584512,12610254592,817329920,17376490752,18637945344,-1261454592,17060900864,18601518336,-1540617472,5.26,3.82,1.44,-2.22,-2.71,0,138,125,13,0,0,0,-210.36,0.00,0.00,0.00,,0.00,,0.00,EastMoney,2026-08-04T16:42:36+08:00
BK1239,2026-08-04T00:00:00Z,323620,320835,323908,319565,323334,-2499,-0.77,2303295,7943700150,0.88,0.93,0.00,0,1024317,1278978,1162058288000,1010072032000,-1040321296,862469168,1114845040,-252375872,2021927920,2809873344,-787945424,2619135232,2264409504,354725728,2333549024,1647953456,685595568,-13.10,-3.18,-9.92,4.47,8.63,0,13,2,9,2,0,0,13.79,0.00,0.00,0.00,,0.00,,0.00,EastMoney,2026-08-04T16:42:36+08:00
BK1240,2026-08-04T00:00:00Z,550465,552363,553719,546611,547400,4963,0.91,747141,893007826,1.57,0.86,0.00,0,345662,401479,48217510000,44942637000,-4263066,29538778,21704476,7834302,153482291,165579659,-12097368,326382528,299651312,26731216,356956768,379424912,-22468144,-0.48,0.88,-1.35,2.99,-2.52,0,9,3,5,1,0,0,30.36,0.00,0.00,0.00,,0.00,,0.00,EastMoney,2026-08-04T16:42:36+08:00
BK1241,2026-08-04T00:00:00Z,387170,392763,393930,386152,386195,6568,1.70,2157964,2063432081,1.62,0.98,0.00,0,1115585,1042378,140239969000,137793911000,-26798944,170341917,137931389,32410528,409796400,469005872,-59209472,646712784,638347408,8365376,798087136,779653568,18433568,-1.30,1.57,-2.87,0.41,0.89,0,9,7,2,0,0,0,29.27,0.00,0.00,0.00,,0.00,,0.00,EastMoney,2026-08-04T16:42:36+08:00
BK1242,2026-08-04T00:00:00Z,475209,485593,485773,473142,472484,13109,2.77,3787071,7043983501,2.28,0.93,0.00,0,1962589,1824482,351318096000,302836848000,45536928,578341264,518479984,59861280,1488710592,1503034944,-14324352,2237857312,2275098272,-37240960,2582388064,2573996288,8391776,0.65,0.85,-0.20,-0.53,0.12,0,35,30,4,1,0,0,38.01,0.00,0.00,0.00,,0.00,,0.00,EastMoney,2026-08-04T16:42:36+08:00
BK1243,2026-08-04T00:00:00Z,111162,111052,112187,110273,110794,258,0.23,207715,120373693,1.44,1.14,0.00,0,97566,110149,9726329000,8852282000,-3038589,0,4555208,-4555208,24490241,22973622,1516619,38245281,38298514,-53233,55930485,52838663,3091822,-2.52,-3.78,1.26,-0.04,2.57,0,3,2,1,0,0,0,51.68,0.00,0.00,0.00,,0.00,,0.00,EastMoney,2026-08-04T16:42:36+08:00
BK1244,2026-08-04T00:00:00Z,211340,211345,211898,209934,210219,1126,0.54,1130801,1971908646,1.19,0.92,0.00,0,543415,587386,199537003000,190935883000,-74789623,70914499,104219914,-33305415,372002640,413486848,-41484208,632294608,655996784,-23702176,776658992,691017232,85641760,-3.79,-1.69,-2.10,-1.20,4.34,0,24,12,11,1,0,0,24.71,0.00,0.00,0.00,,0.00,,0.00,EastMoney,2026-08-04T16:42:36+08:00
BK1245,2026-08-04T00:00:00Z,262046,265733,266957,260831,261242,4491,1.72,1109328,1147048185,1.34,1.11,0.00,0,567713,541614,81685631000,61992872000,-32262911,68879386,58571193,10308193,214027415,256598519,-42571104,344530256,340396864,4133392,484574096,458110928,26463168,-2.81,0.90,-3.71,0.36,2.31,0,15,10,4,1,0,0,66.66,0.00,0.00,0.00,,0.00,,0.00,EastMoney,2026-08-04T16:42:36+08:00
BK1246,2026-08-04T00:00:00Z,184185,182987,184365,182240,183693,-706,-0.38,5547362,2408779039,0.93,0.94,0.00,0,2072397,3474965,261368234000,251319543000,-70800624,289546000,374452240,-84906240,588870704,574765088,14105616,755521488,660484080,95037408,725033280,749270080,-24236800,-2.94,-3.52,0.59,3.95,-1.01,0,8,3,4,1,0,0,7.27,0.00,0.00,0.00,,0.00,,0.00,EastMoney,2026-08-04T16:42:36+08:00
BK1247,2026-08-04T00:00:00Z,208873,208856,209510,206985,208202,654,0.31,15225716,7719775471,1.11,1.14,0.00,0,6103469,9122247,791993136000,658880848000,-547197456,714781840,1132938032,-418156192,1598346688,1727387952,-129041264,2409177632,2162400208,246777424,2772274720,2479326800,292947920,-7.09,-5.42,-1.67,3.20,3.79,0,44,18,24,2,0,0,10.27,0.00,0.00,0.00,,0.00,,0.00,EastMoney,2026-08-04T16:42:36+08:00
BK1248,2026-08-04T00:00:00Z,344596,346030,346822,341464,341597,4433,1.30,8627439,8881615867,1.57,1.12,0.00,0,3825846,4801593,389549232000,364070016000,94306352,734349824,683804736,50545088,1731115920,1687354656,43761264,2705703088,2738550592,-32847504,3505389088,3566578352,-61189264,1.06,0.57,0.49,-0.37,-0.69,0,39,20,17,2,0,0,25.88,0.00,0.00,0.00,,0.00,,0.00,EastMoney,2026-08-04T16:42:36+08:00
BK1249,2026-08-04T00:00:00Z,74760,74585,75309,73620,74510,75,0.10,1815394,625223252,1.24,0.89,0.00,0,840886,974508,52888635000,52858244000,-27250924,16748019,35218434,-18470415,107381147,116161656,-8780509,193536753,175103874,18432879,296676688,287858640,8818048,-4.36,-2.95,-1.40,2.95,1.41,0,7,5,2,0,0,0,-15.13,0.00,0.00,0.00,,0.00,,0.00,EastMoney,2026-08-04T16:42:36+08:00
BK1250,2026-08-04T00:00:00Z,178162,177794,178794,175506,177891,-97,-0.05,9230157,9787657018,0.95,0.94,0.00,0,4506653,4723504,2102644992000,1663523920000,-593952272,547372160,782608704,-235236544,2010270192,2368985920,-358715728,3113696272,3112978592,717680,3972086640,3378852032,593234608,-6.07,-2.40,-3.66,0.01,6.06,0,27,12,15,0,0,0,18.32,0.00,0.00,0.00,,0.00,,0.00,EastMoney,2026-08-04T16:42:36+08:00
BK1251,2026-08-04T00:00:00Z,62095,61562,62380,61365,62028,-466,-0.75,636827,990744383,1.54,0.86,0.00,0,290397,346430,72376959000,60211323000,-17026811,17781959,28159828,-10377869,150916721,157565663,-6648942,299970512,272753584,27216928,503672240,513862352,-10190112,-1.72,-1.05,-0.67,2.75,-1.03,0,13,5,7,1,0,0,27.58,0.00,0.00,0.00,,0.00,,0.00,EastMoney,2026-08-04T16:42:36+08:00
BK1252,2026-08-04T00:00:00Z,192096,194294,195309,192040,192013,2281,1.19,1355626,2590381209,2.23,0.89,0.00,0,625723,729903,122275478000,104593764000,-53360748,104057321,119297685,-15240364,527236640,565357024,-38120384,815675776,825163184,-9487408,935776112,855210608,80565504,-2.06,-0.59,-1.47,-0.37,3.11,0,16,10,5,1,0,0,32.11,0.00,0.00,0.00,,0.00,,0.00,EastMoney,2026-08-04T16:42:36+08:00
BK1253,2026-08-04T00:00:00Z,108858,108670,109438,108007,108761,-91,-0.08,179124,876063164,1.07,0.85,0.00,0,73236,105888,71150609000,50391232000,-62202029,58909155,121826657,-62917502,213004998,212289525,715473,309961888,280161904,29799984,228815744,198048450,30767294,-7.10,-7.18,0.08,3.40,3.51,0,4,2,2,0,0,0,50.61,0.00,0.00,0.00,,0.00,,0.00,EastMoney,2026-08-04T16:42:36+08:00
BK1254,2026-08-04T00:00:00Z,430770,432563,433511,427539,429807,2756,0.64,667674,834002623,1.33,1.21,0.00,0,355991,311683,57959393000,52747306000,31700547,29006025,26838412,2167613,195580152,166047218,29532934,302894752,289512368,13382384,282520240,332274352,-49754112,3.80,0.26,3.54,1.60,-5.97,0,12,5,6,1,0,0,39.68,0.00,0.00,0.00,,0.00,,0.00,EastMoney,2026-08-04T16:42:36+08:00
BK1255,2026-08-04T00:00:00Z,416678,421700,423451,416515,416080,5620,1.35,1956306,1256212111,7.56,1.30,0.00,0,960149,996157,19155014000,18884552000,29379154,117509006,98904808,18604198,238603273,227828317,10774956,418087168,379610608,38476560,451595856,519451568,-67855712,2.34,1.48,0.86,3.06,-5.40,0,4,3,1,0,0,0,-44.60,0.00,0.00,0.00,,0.00,,0.00,EastMoney,2026-08-04T16:42:36+08:00
BK1256,2026-08-04T00:00:00Z,213899,213723,215088,212728,213525,198,0.09,2423579,2492343405,1.61,0.93,0.00,0,1135898,1287681,277555808000,134190428000,-40528758,144764672,176216102,-31451430,496789152,505866480,-9077328,840012368,798933136,41079232,930401888,937124640,-6722752,-1.63,-1.26,-0.36,1.65,-0.27,0,28,10,16,2,0,0,46.05,0.00,0.00,0.00,,0.00,,0.00,EastMoney,2026-08-04T16:42:36+08:00
BK1257,2026-08-04T00:00:00Z,214458,213223,214910,212274,214927,-1704,-0.79,221950,98079513,1.14,0.97,0.00,0,87396,134554,9778440000,8686366000,-5134436,2085422,7106152,-5020730,19385427,19499133,-113706,32342120,28156530,4185590,37659706,38955816,-1296110,-5.23,-5.12,-0.12,4.27,-1.32,0,3,0,3,0,0,0,49.65,0.00,0.00,0.00,,0.00,,0.00,EastMoney,2026-08-04T16:42:36+08:00
BK1258,2026-08-04T00:00:00Z,322247,318712,323557,317566,321147,-2435,-0.76,2252789,2176821266,1.27,0.97,0.00,0,922420,1330369,194765953000,179118332000,-129009600,69034288,106737904,-37703616,390259968,481565952,-91305984,714068320,719387424,-5319104,961091920,827237536,133854384,-5.93,-1.73,-4.19,-0.24,6.15,0,17,6,10,1,0,0,-125.61,0.00,0.00,0.00,,0.00,,0.00,EastMoney,2026-08-04T16:42:36+08:00
BK1259,2026-08-04T00:00:00Z,360372,358078,361422,356674,359749,-1671,-0.46,4470286,5517758988,1.39,0.94,0.00,0,1880563,2589723,473448576000,351401424000,-457201184,587599248,781170592,-193571344,1177534016,1441163856,-263629840,1744944400,1626740160,118204240,1922467760,1583470832,338996928,-8.29,-3.51,-4.78,2.14,6.14,0,22,5,17,0,0,0,59.06,0.00,0.00,0.00,,0.00,,0.00,EastMoney,2026-08-04T16:42:36+08:00
BK1260,2026-08-04T00:00:00Z,92534,91845,92980,91180,92193,-348,-0.38,844608,316751229,1.88,0.81,0.00,0,368859,475749,16633507000,16370441000,-18686838,4421402,3354924,1066478,41304111,61057427,-19753316,97988858,101551745,-3562887,164800958,142551234,22249724,-5.90,0.34,-6.24,-1.12,7.02,0,7,1,5,1,0,0,-11.18,0.00,0.00,0.00,,0.00,,0.00,EastMoney,2026-08-04T16:42:36+08:00
BK1261,2026-08-04T00:00:00Z,227647,226221,228004,224867,227351,-1130,-0.50,4735274,2829045660,2.50,1.10,0.00,0,2206990,2528284,133792775000,128140783000,-111450625,105272529,162670802,-57398273,505223584,559275936,-54052352,956119328,873992400,82126928,1168336192,1143836624,24499568,-3.94,-2.03,-1.91,2.90,0.87,0,21,7,14,0,0,0,50.43,0.00,0.00,0.00,,0.00,,0.00,EastMoney,2026-08-04T16:42:36+08:00
BK1262,2026-08-04T00:00:00Z,381609,375026,382426,374383,383209,-8183,-2.14,5237008,11450343885,1.10,0.88,0.00,0,2058279,3178729,1371591072000,785231616000,-2023882592,1209425584,2364161024,-1154735440,2466802544,3335949696,-869147152,3746426064,3220120720,526305344,3862388336,2364811088,1497577248,-17.68,-10.08,-7.59,4.60,13.08,0,9,1,8,0,0,0,32.34,0.00,0.00,0.00,,0.00,,0.00,EastMoney,2026-08-04T16:42:36+08:00
BK1263,2026-08-04T00:00:00Z,366271,362332,366271,359797,362405,-73,-0.02,1456546,2647374203,1.33,1.07,0.00,0,651893,804653,237648042000,199873599000,-45754164,112811850,183431230,-70619380,571114528,546249312,24865216,895556896,898689424,-3132528,1009265312,958349296,50916016,-1.73,-2.67,0.94,-0.12,1.92,0,20,7,12,1,0,0,27.27,0.00,0.00,0.00,,0.00,,0.00,EastMoney,2026-08-04T16:42:36+08:00
BK1264,2026-08-04T00:00:00Z,263881,260024,264106,259586,264240,-4216,-1.60,4232401,5105654514,1.56,0.87,0.00,0,1796991,2435411,275962976000,267161352000,-365956784,410085296,704501744,-294416448,1175654928,1247195264,-71540336,1525722464,1572153760,-46431296,1909651760,1497263680,412388080,-7.17,-5.77,-1.40,-0.91,8.08,0,14,2,12,0,0,0,28.53,0.00,0.00,0.00,,0.00,,0.00,EastMoney,2026-08-04T16:42:36+08:00
BK1265,2026-08-04T00:00:00Z,344365,349624,349808,343117,343384,6240,1.82,6144532,5439096959,2.28,0.89,0.00,0,3112383,3032149,239390711000,199197645000,120515056,347519344,282067936,65451408,1043379584,988315936,55063648,1686799040,1720183744,-33384704,2221410288,2303265088,-81854800,2.22,1.20,1.01,-0.61,-1.50,0,47,33,13,1,0,0,51.80,0.00,0.00,0.00,,0.00,,0.00,EastMoney,2026-08-04T16:42:36+08:00
BK1266,2026-08-04T00:00:00Z,307213,308480,309377,305709,304844,3636,1.19,1777622,1856056349,2.31,0.86,0.00,0,835069,942553,105052217000,93383731000,-20498166,76316244,69645722,6670522,279302240,306470928,-27168688,572741680,592685808,-19944128,867467856,827025536,40442320,-1.10,0.36,-1.46,-1.07,2.18,0,21,14,7,0,0,0,54.96,0.00,0.00,0.00,,0.00,,0.00,EastMoney,2026-08-04T16:42:36+08:00
BK1267,2026-08-04T00:00:00Z,245011,244882,245827,242741,244066,816,0.33,6336903,3217626795,2.38,1.31,0.00,0,3002821,3334082,160861916000,152900731000,4542772,158565224,197700292,-39135068,627008448,583330608,43677840,1088312944,979000000,109312944,1262471712,1375805712,-113334000,0.14,-1.22,1.36,3.40,-3.52,0,25,10,15,0,0,0,-45.72,0.00,0.00,0.00,,0.00,,0.00,EastMoney,2026-08-04T16:42:36+08:00
BK1268,2026-08-04T00:00:00Z,263117,270559,271230,262170,261237,9322,3.57,3551290,4020677800,2.11,0.88,0.00,0,1806607,1744682,118046417000,95897363000,3471821,246376392,203785003,42591389,772543760,811663328,-39119568,1286095872,1343104896,-57009024,1532138400,1471054288,61084112,0.09,1.06,-0.97,-1.42,1.52,0,18,16,1,1,0,0,42.47,0.00,0.00,0.00,,0.00,,0.00,EastMoney,2026-08-04T16:42:36+08:00
BK1269,2026-08-04T00:00:00Z,640979,632487,644378,630289,642799,-10312,-1.60,562721,2216879581,1.47,0.82,0.00,0,243409,319312,127183833000,120063088000,-312279692,195527492,318946336,-123418844,551485296,740346144,-188860848,715080272,635703632,79376640,723806448,490903392,232903056,-14.09,-5.57,-8.52,3.58,10.51,0,2,0,2,0,0,0,39.83,0.00,0.00,0.00,,0.00,,0.00,EastMoney,2026-08-04T16:42:36+08:00
BK1270,2026-08-04T00:00:00Z,132749,132012,132980,131122,132166,-154,-0.12,934622,983684394,1.96,0.85,0.00,0,426324,508297,46298203000,44499961000,-52370742,25690224,54561850,-28871626,181455818,204954934,-23499116,350106640,330511424,19595216,407349680,374574160,32775520,-5.32,-2.94,-2.39,1.99,3.33,0,7,4,3,0,0,0,96.00,0.00,0.00,0.00,,0.00,,0.00,EastMoney,2026-08-04T16:42:36+08:00
BK1271,2026-08-04T00:00:00Z,214830,212850,216236,212218,215107,-2257,-1.05,1895344,1318952189,3.35,0.96,0.00,0,904884,990460,55727248000,53423884000,-49568801,28634341,69039278,-40404937,222852208,232016072,-9163864,424668272,406547456,18120816,600685440,569237440,31448000,-3.76,-3.06,-0.69,1.37,2.38,0,10,2,8,0,0,0,34.36,0.00,0.00,0.00,,0.00,,0.00,EastMoney,2026-08-04T16:42:36+08:00
BK1272,2026-08-04T00:00:00Z,289555,287618,290845,286809,289232,-1614,-0.56,2288523,2024298013,1.56,0.79,0.00,0,1017357,1271167,129650031000,115088388000,-114402464,45859102,81563294,-35704192,296557056,375255328,-78698272,685315408,643657840,41657568,962528432,889783520,72744912,-5.65,-1.76,-3.89,2.06,3.59,0,27,8,18,1,0,0,65.52,0.00,0.00,0.00,,0.00,,0.00,EastMoney,2026-08-04T16:42:36+08:00
BK1273,2026-08-04T00:00:00Z,85547,85601,86963,85255,85715,-114,-0.13,671205,514479831,3.14,0.89,0.00,0,301291,369914,16479779000,16027042000,-17442904,29011810,31300924,-2289114,104524971,119678761,-15153790,153484990,168085197,-14600207,219744989,187701879,32043110,-3.39,-0.44,-2.95,-2.84,6.23,0,3,1,2,0,0,0,-30.72,0.00,0.00,0.00,,0.00,,0.00,EastMoney,2026-08-04T16:42:36+08:00
BK1274,2026-08-04T00:00:00Z,326273,325665,326790,322558,325490,175,0.05,9547665,7853086177,0.31,0.98,0.00,0,3848610,5699055,3167497024000,2782065536000,-568386224,645752384,1051291760,-405539376,1584359760,1747206608,-162846848,2498295360,2287452752,210842608,3000321696,2642778096,357543600,-7.24,-5.16,-2.07,2.68,4.55,0,30,11,18,1,0,0,15.20,0.00,0.00,0.00,,0.00,,0.00,EastMoney,2026-08-04T16:42:36+08:00
BK1275,2026-08-04T00:00:00Z,187793,188977,190331,186441,187804,1173,0.62,5055931,4984449511,1.25,0.80,0.00,0,2488746,2567185,230751901000,190269120000,-292761860,266861980,360448512,-93586532,1030184288,1229359616,-199175328,1623546752,1635644208,-12097456,1816802752,1519160176,297642576,-5.87,-1.88,-4.00,-0.24,5.97,0,14,8,6,0,0,0,21.67,0.00,0.00,0.00,,0.00,,0.00,EastMoney,2026-08-04T16:42:36+08:00
BK1276,2026-08-04T00:00:00Z,338801,338578,340680,336118,338438,140,0.04,2133472,1883537204,1.30,0.75,0.00,0,947365,1186106,1563673616000,156032313000,-100811678,144197244,251489050,-107291806,432782576,426302448,6480128,551193728,550950624,243104,727287392,626718800,100568592,-5.35,-5.70,0.34,0.01,5.34,0,5,3,2,0,0,0,12.37,0.00,0.00,0.00,,0.00,,0.00,EastMoney,2026-08-04T16:42:36+08:00
BK1277,2026-08-04T00:00:00Z,443842,438170,444509,437416,444901,-6731,-1.51,2196789,13697471370,1.25,0.68,0.00,0,944605,1252184,2509418816000,2504457360000,-1649776336,1564922048,2450192528,-885270480,3156835952,3921341808,-764505856,5390630400,4595126528,795503872,3315348256,2461075952,854272304,-12.04,-6.46,-5.58,5.81,6.24,0,20,1,19,0,0,0,19.96,0.00,0.00,0.00,,0.00,,0.00,EastMoney,2026-08-04T16:42:36+08:00
BK1278,2026-08-04T00:00:00Z,473502,474344,476406,470889,474434,-90,-0.02,3579957,4474346541,2.19,0.99,0.00,0,1875760,1704196,359270016000,345975264000,136092800,425792864,306754512,119038352,878240160,861185712,17054448,1327006208,1503213072,-176206864,1754348480,1719005056,35343424,3.04,2.66,0.38,-3.94,0.79,0,15,5,10,0,0,0,29.07,0.00,0.00,0.00,,0.00,,0.00,EastMoney,2026-08-04T16:42:36+08:00
BK1279,2026-08-04T00:00:00Z,200490,198473,200576,197554,199685,-1212,-0.61,1411525,2018575909,1.11,0.84,0.00,0,628927,782598,219958754000,172512049000,-106980900,46457083,88414319,-41957236,334451216,399474880,-65023664,628856608,669924768,-41068160,970472352,822423296,148049056,-5.30,-2.08,-3.22,-2.03,7.33,0,18,6,11,1,0,0,22.92,0.00,0.00,0.00,,0.00,,0.00,EastMoney,2026-08-04T16:42:36+08:00
BK1280,2026-08-04T00:00:00Z,407749,406709,408600,404694,408673,-1964,-0.48,4634491,3423483209,2.82,0.93,0.00,0,2059447,2575044,229370326000,208047526000,-58188452,128545921,129114725,-568804,678144416,735764064,-57619648,1174686160,1158191968,16494192,1367912128,1328799120,39113008,-1.70,-0.02,-1.68,0.48,1.14,0,27,10,17,0,0,0,33.50,0.00,0.00,0.00,,0.00,,0.00,EastMoney,2026-08-04T16:42:36+08:00
BK1281,2026-08-04T00:00:00Z,208480,205949,208621,205535,208252,-2303,-1.11,1855042,2744187993,2.03,0.85,0.00,0,809173,1045869,160850158000,147441951000,-116036991,87409258,113849625,-26440367,422336704,511933328,-89596624,921085568,900460656,20624912,1262034528,1166622464,95412064,-4.23,-0.96,-3.26,0.75,3.48,0,23,4,19,0,0,0,23.09,0.00,0.00,0.00,,0.00,,0.00,EastMoney,2026-08-04T16:42:36+08:00
BK1282,2026-08-04T00:00:00Z,219297,219979,221621,219140,220164,-185,-0.08,5050798,7881739555,2.33,0.94,0.00,0,2379963,2670834,438966016000,426177312000,-331103456,657824224,670051728,-12227504,1543368832,1862244784,-318875952,2422710416,2414024304,8686112,3047669456,2732841008,314828448,-4.20,-0.16,-4.05,0.11,3.99,0,27,10,17,0,0,0,21.62,0.00,0.00,0.00,,0.00,,0.00,EastMoney,2026-08-04T16:42:36+08:00
BK1283,2026-08-04T00:00:00Z,433449,423237,433575,423237,434954,-11717,-2.69,49724315,37622965148,0.37,0.95,0.00,0,19172629,30551685,15194870272000,10009734400000,-1904451584,5693618176,7298357248,-1604739072,9327136256,9626848768,-299712512,10852263936,10397820160,454443776,11003416320,9553408256,1450008064,-5.06,-4.27,-0.80,1.21,3.85,0,42,0,42,0,0,0,6.93,0.00,0.00,0.00,,0.00,,0.00,EastMoney,2026-08-04T16:42:36+08:00
BK1287,2026-08-04T00:00:00Z,311781,315946,316207,310494,310538,5408,1.74,28824182,39932134976,1.83,0.96,0.00,0,14940655,13883526,2954712624000,2305376112000,-531311616,5679930880,5208669440,471261440,9827645696,10830218752,-1002573056,11891520768,12235350528,-343829760,11837906432,10962966784,874939648,-1.33,1.18,-2.51,-0.86,2.19,0,58,49,7,2,0,0,15.53,0.00,0.00,0.00,,0.00,,0.00,EastMoney,2026-08-04T16:42:36+08:00
BK1288,2026-08-04T00:00:00Z,528712,541957,543361,524691,524944,17013,3.24,4640209,11838098982,3.15,1.03,0.00,0,2414733,2225476,383714368000,318400416000,491082784,1228309248,899308256,329000992,2653204368,2491122576,162081792,3615495568,3899689952,-284194384,4064136304,4270762688,-206626384,4.15,2.78,1.37,-2.40,-1.75,0,36,32,3,1,0,0,70.85,0.00,0.00,0.00,,0.00,,0.00,EastMoney,2026-08-04T16:42:36+08:00
BK1289,2026-08-04T00:00:00Z,162854,164822,165313,162854,162508,2314,1.42,2016863,2255051325,1.34,1.05,0.00,0,1002104,1014759,123115476000,112377214000,90811763,166113301,91472258,74641043,424908144,408737424,16170720,680698608,711728112,-31029504,930978272,990760528,-59782256,4.03,3.31,0.72,-1.38,-2.65,0,18,9,8,1,0,0,32.68,0.00,0.00,0.00,,0.00,,0.00,EastMoney,2026-08-04T16:42:36+08:00
BK1290,2026-08-04T00:00:00Z,216064,213734,216412,212911,215708,-1974,-0.92,1185172,960446561,0.90,0.99,0.00,0,616394,568778,123403650000,117678390000,-41079207,9831433,48093208,-38261775,162060790,164878222,-2817432,267002217,299142816,-32140599,500727840,427508032,73219808,-4.28,-3.98,-0.29,-3.35,7.62,0,10,1,9,0,0,0,12.85,0.00,0.00,0.00,,0.00,,0.00,EastMoney,2026-08-04T16:42:36+08:00
BK1291,2026-08-04T00:00:00Z,120467,121945,122406,119485,120101,1844,1.54,3386272,1871964570,1.62,1.01,0.00,0,1806464,1579808,126168829000,119285483000,-9460403,117885048,74756475,43128573,350213008,402801984,-52588976,518728672,563010160,-44281488,722355200,650383200,71972000,-0.51,2.30,-2.81,-2.37,3.84,0,13,9,4,0,0,0,-52.72,0.00,0.00,0.00,,0.00,,0.00,EastMoney,2026-08-04T16:42:36+08:00
BK1292,2026-08-04T00:00:00Z,228866,230864,233555,226782,227669,3195,1.40,2365347,1222156725,1.50,0.91,0.00,0,1081702,1283645,84487466000,83996606000,-108451507,115434221,152921287,-37487066,248139319,319103760,-70964441,363324400,344171840,19152560,477210784,387911856,89298928,-8.87,-3.07,-5.81,1.57,7.31,0,3,2,1,0,0,0,25.99,0.00,0.00,0.00,,0.00,,0.00,EastMoney,2026-08-04T16:42:36+08:00
BK1293,2026-08-04T00:00:00Z,437280,454699,455610,437280,435239,19460,4.47,26062944,29897787161,12.91,1.59,0.00,0,13310900,12752044,226685552000,204218881000,358153552,4045162096,3677061664,368100432,7246808576,7256755456,-9946880,9504991232,9451144448,53846784,8429270016,8841270272,-412000256,1.20,1.23,-0.03,0.18,-1.38,0,27,27,0,0,0,0,-444.61,0.00,0.00,0.00,,0.00,,0.00,EastMoney,2026-08-04T16:42:36+08:00
BK1294,2026-08-04T00:00:00Z,293463,300217,301121,292042,291111,9106,3.13,2121835,6347123286,5.05,1.08,0.00,0,1040984,1080850,110409132000,101504598000,308840800,662018896,447037072,214981824,1673446016,1579587040,93858976,2128281584,2217418752,-89137168,1748476704,1968180336,-219703632,4.87,3.39,1.48,-1.40,-3.46,0,9,9,0,0,0,0,-97.66,0.00,0.00,0.00,,0.00,,0.00,EastMoney,2026-08-04T16:42:36+08:00
BK1295,2026-08-04T00:00:00Z,85746,92424,94043,84619,84971,7453,8.77,1045657,1439638689,15.53,1.75,0.00,0,552983,492674,10299244000,9413804000,88029636,183343358,99672218,83671140,297178688,292820192,4358496,477814448,474252640,3561808,466589904,558181344,-91591440,6.11,5.81,0.30,0.25,-6.36,0,2,2,0,0,0,0,-67.07,0.00,0.00,0.00,,0.00,,0.00,EastMoney,2026-08-04T16:42:36+08:00
BK1296,2026-08-04T00:00:00Z,79427,80587,82134,77783,78895,1692,2.14,338461,559605205,3.31,1.63,0.00,0,177271,161190,31184915000,17031738000,32284917,50422079,27991937,22430142,166261808,156407033,9854775,188155064,188157247,-2183,147700297,179983029,-32282732,5.77,4.01,1.76,0.00,-5.77,0,1,1,0,0,0,0,29.76,0.00,0.00,0.00,,0.00,,0.00,EastMoney,2026-08-04T16:42:36+08:00
BK1297,2026-08-04T00:00:00Z,306155,316962,316962,306155,305479,11483,3.76,535618,989631088,7.92,1.23,0.00,0,282610,253007,13149838000,12691054000,25749884,75885734,70088753,5796981,237175402,217222499,19952903,338834288,341792704,-2958416,321719376,344510848,-22791472,2.60,0.59,2.02,-0.30,-2.30,0,1,1,0,0,0,0,43.25,0.00,0.00,0.00,,0.00,,0.00,EastMoney,2026-08-04T16:42:36+08:00
BK1298,2026-08-04T00:00:00Z,255729,272640,273279,255729,255848,16792,6.56,1469886,3583715858,13.37,1.45,0.00,0,756195,713691,28826037000,27080603000,106625968,362136208,287055616,75080592,901370096,869824720,31545376,1257388592,1156579552,100809040,998209632,1205644624,-207434992,2.98,2.10,0.88,2.81,-5.79,0,2,2,0,0,0,0,-37.69,0.00,0.00,0.00,,0.00,,0.00,EastMoney,2026-08-04T16:42:36+08:00
BK1299,2026-08-04T00:00:00Z,335725,349628,352181,335662,334889,14739,4.40,10277608,6498762453,6.23,1.51,0.00,0,5857552,4420056,134281781000,125456964000,616295712,1041898288,478760560,563137728,1586723968,1533565984,53157984,1854031456,2136452432,-282420976,1891765520,2225640240,-333874720,9.48,8.67,0.82,-4.35,-5.14,0,14,13,0,1,0,0,-49.86,0.00,0.00,0.00,,0.00,,0.00,EastMoney,2026-08-04T16:42:36+08:00
BK1300,2026-08-04T00:00:00Z,56723,58014,58298,56552,56471,1543,2.73,1021148,1020612237,2.97,0.99,0.00,0,613199,407949,36205570000,35738947000,4175646,124015445,71050830,52964615,206266596,255055565,-48788969,300498320,367977056,-67478736,372415456,309112352,63303104,0.41,5.19,-4.78,-6.61,6.20,0,4,4,0,0,0,0,-52.43,0.00,0.00,0.00,,0.00,,0.00,EastMoney,2026-08-04T16:42:36+08:00
BK1301,2026-08-04T00:00:00Z,132478,136232,136523,132115,131816,4416,3.35,12477297,16686521941,3.81,1.01,0.00,0,6633644,5843653,441207408000,400260848000,298757904,2072321056,1791170928,281150128,4243130960,4225523184,17607776,5272644608,5348326656,-75682048,4790505472,5013581056,-223075584,1.79,1.68,0.11,-0.45,-1.34,0,24,23,1,0,0,0,25.38,0.00,0.00,0.00,,0.00,,0.00,EastMoney,2026-08-04T16:42:36+08:00
BK1302,2026-08-04T00:00:00Z,1058036,1071408,1075614,1054961,1056491,14917,1.41,7365318,17820406190,2.34,0.81,0.00,0,3703964,3661354,811017600000,704831904000,14291152,1366368432,1372961376,-6592944,4018481168,3997597072,20884096,5999497728,5852166656,147331072,6014913536,6175104000,-160190464,0.08,-0.04,0.12,0.83,-0.90,0,44,36,8,0,0,0,41.48,0.00,0.00,0.00,,0.00,,0.00,EastMoney,2026-08-04T16:42:36+08:00
BK1303,2026-08-04T00:00:00Z,1681515,1704565,1712617,1671478,1673190,31375,1.88,6072011,26879145865,2.64,0.90,0.00,0,3165537,2906474,2438188576000,2231465072000,888465664,4843269888,3525267968,1318001920,6884157440,7313693696,-429536256,7483943424,8300820224,-816876800,7007947008,7085206272,-77259264,3.31,4.90,-1.60,-3.04,-0.29,0,33,24,8,1,0,0,24.82,0.00,0.00,0.00,,0.00,,0.00,EastMoney,2026-08-04T16:42:36+08:00
BK1304,2026-08-04T00:00:00Z,2042634,2082882,2087348,2030529,2032737,50145,2.47,1328389,3515989980,2.50,0.95,0.00,0,643159,685230,154337140000,134519615000,84383284,232940278,191756738,41183540,751731312,708531568,43199744,1163354048,1121120384,42233664,1212230224,1356842304,-144612080,2.40,1.17,1.23,1.20,-4.11,0,18,16,1,1,0,0,80.23,0.00,0.00,0.00,,0.00,,0.00,EastMoney,2026-08-04T16:42:36+08:00
BK1305,2026-08-04T00:00:00Z,25500,25675,25866,25221,25441,234,0.92,25742,44914227,1.31,0.99,0.00,0,12243,13499,4211716000,3428232000,-718950,498727,0,498727,8256794,9474471,-1217677,14145572,13975152,170420,21568743,21020214,548529,-1.60,1.11,-2.71,0.38,1.22,0,1,1,0,0,0,0,-6.69,0.00,0.00,0.00,,0.00,,0.00,EastMoney,2026-08-04T16:42:36+08:00
BK1306,2026-08-04T00:00:00Z,216974,219752,220693,215936,216233,3519,1.63,1760845,2778728656,3.74,0.82,0.00,0,857138,903707,75406026000,71188128000,66908328,198897368,142208848,56688520,527404672,517184864,10219808,945601728,943327120,2274608,1045678960,1115307792,-69628832,2.41,2.04,0.37,0.08,-2.51,0,10,6,3,1,0,0,-3718.73,0.00,0.00,0.00,,0.00,,0.00,EastMoney,2026-08-04T16:42:36+08:00
BK1307,2026-08-04T00:00:00Z,231706,234172,234198,229509,231164,3008,1.30,4429458,8216835953,3.86,1.47,0.00,0,2254359,2175099,250817031000,216137524000,43599328,653965616,633094864,20870752,1743856672,1721128096,22728576,2657346832,2687777536,-30430704,2931612688,2946993728,-15381040,0.53,0.25,0.28,-0.37,-0.19,0,27,20,6,1,0,0,54.48,0.00,0.00,0.00,,0.00,,0.00,EastMoney,2026-08-04T16:42:36+08:00
BK1308,2026-08-04T00:00:00Z,247159,250330,250694,246464,245699,4631,1.88,1749625,2134672861,2.52,1.16,0.00,0,821855,927771,83641662000,73753375000,29195074,113458558,79708588,33749970,423347184,427902080,-4554896,725634304,732770720,-7136416,816487216,842332752,-25845536,1.37,1.58,-0.21,-0.33,-1.21,0,14,13,1,0,0,0,37.05,0.00,0.00,0.00,,0.00,,0.00,EastMoney,2026-08-04T16:42:36+08:00
BK1309,2026-08-04T00:00:00Z,648428,660133,661823,646882,643608,16525,2.57,4849737,8617970956,2.30,0.95,0.00,0,2366303,2483434,486021648000,468854416000,209539008,818918048,561216208,257701840,1933028336,1981191168,-48162832,2680033296,2909617552,-229584256,2970021280,2942216608,27804672,2.43,2.99,-0.56,-2.66,0.32,0,30,25,4,1,0,0,31.40,0.00,0.00,0.00,,0.00,,0.00,EastMoney,2026-08-04T16:42:36+08:00
BK1310,2026-08-04T00:00:00Z,337789,342099,342101,336456,335684,6415,1.91,4277112,5016404567,3.34,1.30,0.00,0,2153556,2123556,213845540000,180822612000,-68603909,287306640,252819349,34487291,936469456,1039560656,-103091200,1632125520,1751641872,-119516352,2028228016,1842660080,185567936,-1.37,0.69,-2.06,-2.38,3.70,0,28,22,5,1,0,0,26.33,0.00,0.00,0.00,,0.00,,0.00,EastMoney,2026-08-04T16:42:36+08:00
BK1311,2026-08-04T00:00:00Z,407887,414277,414287,403351,404478,9799,2.42,12249077,19970388631,4.99,1.09,0.00,0,6058048,6191029,553201312000,503788464000,29927424,2123898400,1795213856,328684544,4326564352,4625321472,-298757120,6510703360,6794552064,-283848704,6477892352,6208453120,269439232,0.15,1.65,-1.50,-1.42,1.35,0,31,22,7,2,0,0,38.09,0.00,0.00,0.00,,0.00,,0.00,EastMoney,2026-08-04T16:42:36+08:00
BK1312,2026-08-04T00:00:00Z,359790,361211,361950,355761,355455,5756,1.62,16680339,17425749314,5.82,1.14,0.00,0,8188056,8492283,341845424000,309616832000,-5019984,1391694464,1211793648,179900816,3433061792,3617982592,-184920800,5484268032,5544853248,-60585216,6547233792,6500435968,46797824,-0.03,1.03,-1.06,-0.35,0.27,0,40,30,9,1,0,0,59.99,0.00,0.00,0.00,,0.00,,0.00,EastMoney,2026-08-04T16:42:36+08:00
BK1313,2026-08-04T00:00:00Z,191758,192859,193290,190809,191367,1492,0.78,3877331,5742921067,2.69,0.86,0.00,0,1719912,2157419,228542028000,157588124000,40740768,318323120,300578288,17744832,1258598272,1235602336,22995936,1774945568,1856642000,-81696432,2220017680,2191821280,28196400,0.71,0.31,0.40,-1.42,0.49,0,26,13,13,0,0,0,86.11,0.00,0.00,0.00,,0.00,,0.00,EastMoney,2026-08-04T16:42:36+08:00
BK1314,2026-08-04T00:00:00Z,157128,156458,158090,155116,156534,-76,-0.05,2341965,3706211035,2.54,1.06,0.00,0,1121345,1220620,154771538000,136461273000,30096960,384301040,427765824,-43464784,852753024,779191280,73561744,1168553712,1193943696,-25389984,1234472864,1239179840,-4706976,0.81,-1.17,1.98,-0.69,-0.13,0,5,3,2,0,0,0,40.35,0.00,0.00,0.00,,0.00,,0.00,EastMoney,2026-08-04T16:42:36+08:00
BK1315,2026-08-04T00:00:00Z,230337,231284,231630,228417,229526,1758,0.77,7852759,6306316062,2.12,0.98,0.00,0,3840424,4012335,312054832000,293334240000,-198126160,269347520,423743408,-154395888,1343863680,1387593952,-43730272,2084807632,2036060000,48747632,2449275808,2308434480,140841328,-3.14,-2.45,-0.69,0.77,2.23,0,22,13,8,1,0,0,-12.44,0.00,0.00,0.00,,0.00,,0.00,EastMoney,2026-08-04T16:42:36+08:00
BK1316,2026-08-04T00:00:00Z,225116,226180,227335,224075,224404,1776,0.79,2191150,3342492879,2.17,1.13,0.00,0,1118341,1072809,163951751000,153752586000,10736915,200466336,169502189,30964147,622444512,642671744,-20227232,1035447744,1037120608,-1672864,1403876384,1416770128,-12893744,0.32,0.93,-0.61,-0.05,-0.39,0,18,9,9,0,0,0,1053.66,0.00,0.00,0.00,,0.00,,0.00,EastMoney,2026-08-04T16:42:36+08:00
BK1317,2026-08-04T00:00:00Z,616582,628932,632752,613742,614039,14893,2.43,912357,4565978735,2.13,0.92,0.00,0,471266,441091,197567836000,157831859000,99028432,288319888,295228608,-6908720,974248592,868311440,105937152,1403178528,1537926864,-134748336,1775776624,1750653696,25122928,2.17,-0.15,2.32,-2.95,0.55,0,11,8,3,0,0,0,40.83,0.00,0.00,0.00,,0.00,,0.00,EastMoney,2026-08-04T16:42:36+08:00
BK1318,2026-08-04T00:00:00Z,1122058,1111744,1124633,1106116,1121044,-9300,-0.83,2168146,2817532329,1.79,1.12,0.00,0,910712,1257433,156850927000,156850828000,-153606160,305205584,373298832,-68093248,598241168,683754080,-85512912,865835312,882400352,-16565040,963264144,793092928,170171216,-5.45,-2.42,-3.04,-0.59,6.04,0,2,0,2,0,0,0,-9.61,0.00,0.00,0.00,,0.00,,0.00,EastMoney,2026-08-04T16:42:36+08:00
BK1319,2026-08-04T00:00:00Z,178725,181616,182756,178077,179435,2181,1.22,2021926,1670050192,2.21,0.97,0.00,0,940943,1080982,93889092000,93281386000,-88319791,125594399,224426110,-98831711,377764320,367252400,10511920,578703408,580220064,-1516656,545482880,455646432,89836448,-5.29,-5.92,0.63,-0.09,5.38,0,5,3,2,0,0,0,-7.39,0.00,0.00,0.00,,0.00,,0.00,EastMoney,2026-08-04T16:42:36+08:00
BK1320,2026-08-04T00:00:00Z,1439441,1446082,1455569,1430960,1429642,16440,1.15,1038639,7439773915,2.21,0.84,0.00,0,510840,527800,422420176000,351584176000,566692256,1043303808,765038688,278265120,2068603888,1780176752,288427136,2342245184,2680417344,-338172160,1862564848,2091084928,-228520080,7.62,3.74,3.88,-4.55,-3.07,0,10,6,3,1,0,0,24.88,0.00,0.00,0.00,,0.00,,0.00,EastMoney,2026-08-04T16:42:36+08:00
BK1321,2026-08-04T00:00:00Z,144083,146800,147230,142908,143956,2844,1.98,1044924,925851110,3.42,0.95,0.00,0,517611,527313,25663294000,23648198000,9322757,45842109,27960870,17881239,196646726,205205208,-8558482,312988880,328975472,-15986592,343928288,337264448,6663840,1.01,1.93,-0.92,-1.73,0.72,0,4,3,1,0,0,0,51.06,0.00,0.00,0.00,,0.00,,0.00,EastMoney,2026-08-04T16:42:36+08:00
BK1322,2026-08-04T00:00:00Z,805483,827782,831034,801284,796877,30905,3.88,5709016,14007067727,4.04,1.32,0.00,0,2815159,2893857,409367952000,333838128000,712114992,1830113280,1230800144,599313136,3017814704,2905012848,112801856,4339656960,4757831168,-418174208,4560002816,4854514688,-294511872,5.08,4.28,0.81,-2.99,-2.10,0,29,28,1,0,0,0,93.82,0.00,0.00,0.00,,0.00,,0.00,EastMoney,2026-08-04T16:42:36+08:00
BK1323,2026-08-04T00:00:00Z,125126,126004,127003,122971,124518,1486,1.19,1953414,3652335667,1.31,1.02,0.00,0,862340,1091074,203799976000,150422559000,169199136,516689008,462389600,54299408,990756656,875856928,114899728,1082852272,1159083728,-76231456,999984672,1092952336,-92967664,4.63,1.49,3.15,-2.09,-2.55,0,2,1,1,0,0,0,36.67,0.00,0.00,0.00,,0.00,,0.00,EastMoney,2026-08-04T16:42:36+08:00
BK1325,2026-08-04T00:00:00Z,1068685,1131429,1139815,1056846,1054403,77026,7.31,6738451,36500237370,6.27,0.93,0.00,0,3610568,3127883,911628192000,505958576000,1404388512,4831377152,3914706016,916671136,9301324800,8813607424,487717376,12208522496,12779256576,-570734080,9512088832,10312075520,-799986688,3.85,2.51,1.34,-1.56,-2.19,0,31,31,0,0,0,0,448.54,0.00,0.00,0.00,,0.00,,0.00,EastMoney,2026-08-04T16:42:36+08:00
BK1326,2026-08-04T00:00:00Z,4148822,4380420,4421467,4091309,4121073,259347,6.29,3447367,57202568393,4.04,0.89,0.00,0,1861217,1586150,1931764704000,1796306528000,335234816,9377134336,7744380928,1632753408,17027888640,18325407232,-1297518592,24925036544,24939557376,-14520832,5124964864,5445678848,-320713984,0.59,2.85,-2.27,-0.03,-0.56,0,25,23,1,1,0,0,121.90,0.00,0.00,0.00,,0.00,,0.00,EastMoney,2026-08-04T16:42:36+08:00
BK1327,2026-08-04T00:00:00Z,1325912,1402815,1412148,1322460,1305290,97525,7.47,3810350,26815270537,4.46,1.08,0.00,0,2122222,1688127,534719600000,515239568000,1283826432,5804958464,4387173632,1417784832,10817055744,10951014144,-133958400,6018350592,6923293696,-904943104,3785316416,4164199744,-378883328,4.79,5.29,-0.50,-3.37,-1.41,0,18,18,0,0,0,0,-91.69,0.00,0.00,0.00,,0.00,,0.00,EastMoney,2026-08-04T16:42:36+08:00
BK1328,2026-08-04T00:00:00Z,718086,756450,759611,711662,707250,49200,6.96,8567620,28810221740,8.08,0.88,0.00,0,4830092,3737529,378172368000,364035120000,2280870144,4809945856,2861176320,1948769536,6796928256,6464827648,332100608,8412817408,9027355136,-614537728,8329390592,9991804416,-1662413824,7.92,6.76,1.15,-2.13,-5.77,0,13,13,0,0,0,0,80.56,0.00,0.00,0.00,,0.00,,0.00,EastMoney,2026-08-04T16:42:36+08:00
BK1329,2026-08-04T00:00:00Z,331944,347974,351512,329458,328627,19347,5.89,3195224,19784516707,2.57,0.84,0.00,0,1798380,1396844,1933510256000,575432880000,617729504,3439405360,2742027088,697378272,5858923264,5938572032,-79648768,7221657088,7769600768,-547943680,3037525536,3107311552,-69786016,3.12,3.52,-0.40,-2.77,-0.35,0,8,8,0,0,0,0,218.25,0.00,0.00,0.00,,0.00,,0.00,EastMoney,2026-08-04T16:42:36+08:00
BK1330,2026-08-04T00:00:00Z,558123,583918,588149,554229,552133,31785,5.76,2882516,14746015575,3.00,1.04,0.00,0,1617326,1265190,548446496000,484051776000,588804912,1675657808,1322328800,353329008,3411141072,3175665168,235475904,5024748800,5389830144,-365081344,4457598464,4681321984,-223723520,3.99,2.40,1.60,-2.48,-1.52,0,36,35,0,1,0,0,699.14,0.00,0.00,0.00,,0.00,,0.00,EastMoney,2026-08-04T16:42:36+08:00
BK1331,2026-08-04T00:00:00Z,2271863,2349850,2366107,2247951,2247473,102377,4.56,14060501,155796258780,5.19,0.77,0.00,0,7372014,6688488,7646190848000,3418579616000,4543138560,37637890560,33372718336,4265172224,50786441728,50508475392,277966336,41638879488,43893079296,-2254199808,22779154944,25068093696,-2288938752,2.92,2.74,0.18,-1.45,-1.47,0,54,49,4,1,0,0,120.26,0.00,0.00,0.00,,0.00,,0.00,EastMoney,2026-08-04T16:42:36+08:00
BK1332,2026-08-04T00:00:00Z,270805,285645,286998,268539,268087,17558,6.55,9025143,33758677525,6.23,0.88,0.00,0,4969137,4056006,639194816000,512561024000,475048624,3964827264,3375798224,589029040,8192073984,8306054400,-113980416,11183660544,11794970880,-611310336,9929638656,9785129216,144509440,1.41,1.74,-0.34,-1.81,0.43,0,37,37,0,0,0,0,100.35,0.00,0.00,0.00,,0.00,,0.00,EastMoney,2026-08-04T16:42:36+08:00
BK1333,2026-08-04T00:00:00Z,678142,691856,694168,674764,673805,18051,2.68,7593741,7869768572,3.55,1.01,0.00,0,4141641,3452100,241814377000,211212229000,222504080,689694272,548465952,141228320,1743163840,1661888080,81275760,2482613456,2561499920,-78886464,2830670880,2974288496,-143617616,2.83,1.79,1.03,-1.00,-1.82,0,30,29,1,0,0,0,-143.40,0.00,0.00,0.00,,0.00,,0.00,EastMoney,2026-08-04T16:42:36+08:00
BK1334,2026-08-04T00:00:00Z,1342889,1406289,1414208,1334406,1323287,83002,6.27,4613039,15236332067,4.52,1.13,0.00,0,2591340,2021699,339531328000,310502240000,857618368,2106954544,1514277632,592676912,3605399120,3340457664,264941456,4620174848,4963368448,-343193600,4438486272,4915506432,-477020160,5.63,3.89,1.74,-2.25,-3.13,0,27,26,0,1,0,0,189.45,0.00,0.00,0.00,,0.00,,0.00,EastMoney,2026-08-04T16:42:36+08:00
BK1335,2026-08-04T00:00:00Z,297695,305178,306032,297538,295878,9300,3.14,32711209,21209350218,3.33,0.96,0.00,0,19023308,13687900,819895696000,574346384000,1657988416,4242007120,2765700368,1476306752,5059201024,4877519360,181681664,5889463808,6404584448,-515120640,5615341568,6757074944,-1141733376,7.82,6.96,0.86,-2.43,-5.38,0,42,37,4,1,0,0,91.83,0.00,0.00,0.00,,0.00,,0.00,EastMoney,2026-08-04T16:42:36+08:00
BK1336,2026-08-04T00:00:00Z,1307977,1350374,1357366,1297606,1293157,57217,4.42,6008023,16050716965,4.44,0.86,0.00,0,3231525,2776497,383016848000,343692544000,531697824,1563326544,1163030112,400296432,3504453440,3373052048,131401392,5107971840,5348894720,-240922880,5626755328,5917530112,-290774784,3.31,2.49,0.82,-1.50,-1.81,0,33,32,1,0,0,0,52.21,0.00,0.00,0.00,,0.00,,0.00,EastMoney,2026-08-04T16:42:36+08:00
BK1337,2026-08-04T00:00:00Z,256500,258647,259295,255443,256211,2436,0.95,1062491,4788900661,2.54,1.05,0.00,0,504843,557648,275162592000,194924196000,-174624880,547140256,639184256,-92044000,1165580640,1248161520,-82580880,1590792672,1549831984,40960688,1417051984,1285008848,132043136,-3.65,-1.92,-1.72,0.86,2.76,0,11,7,4,0,0,0,34.44,0.00,0.00,0.00,,0.00,,0.00,EastMoney,2026-08-04T16:42:36+08:00
BK1338,2026-08-04T00:00:00Z,1185891,1224194,1227909,1181480,1175797,48397,4.12,17898213,62283310056,2.29,0.94,0.00,0,9472006,8426207,2997905696000,2777449056000,4116139520,11492079104,8276608000,3215471104,15439514880,14538846464,900668416,18067841024,19874684416,-1806843392,16047162112,18335367936,-2288205824,6.61,5.16,1.45,-2.90,-3.67,0,88,81,7,0,0,0,36.95,0.00,0.00,0.00,,0.00,,0.00,EastMoney,2026-08-04T16:42:36+08:00
BK1339,2026-08-04T00:00:00Z,1143691,1201789,1205772,1133994,1133022,68767,6.07,6832489,31325683693,7.56,0.95,0.00,0,3584953,3247535,533383632000,497904384000,1010448128,5669700608,4954493952,715206656,8415115776,8119874304,295241472,8970228480,9425347328,-455118848,7700901888,8240792320,-539890432,3.23,2.28,0.94,-1.45,-1.72,0,19,19,0,0,0,0,68.38,0.00,0.00,0.00,,0.00,,0.00,EastMoney,2026-08-04T16:42:36+08:00
BK1340,2026-08-04T00:00:00Z,921466,976768,979991,916190,908112,68656,7.56,14785738,83191018355,5.28,0.99,0.00,0,8100878,6684860,2362714400000,1963828032000,13739288320,22823050496,11832263680,10990786816,21310353408,18561851904,2748501504,21357439232,28431973376,-7074534144,16380916736,23032544768,-6651628032,16.52,13.21,3.30,-8.50,-8.00,0,48,48,0,0,0,0,71.47,0.00,0.00,0.00,,0.00,,0.00,EastMoney,2026-08-04T16:42:36+08:00
BK1341,2026-08-04T00:00:00Z,126704,125709,127284,124251,126643,-934,-0.74,1165678,276993261,2.02,1.02,0.00,0,394114,771565,16875421000,16798363000,-21699872,7191395,25347620,-18156225,72530590,76074237,-3543647,81594814,77436776,4158038,110884942,93343109,17541833,-7.83,-6.55,-1.28,1.50,6.33,0,3,0,1,2,0,0,-30.39,0.00,0.00,0.00,,0.00,,0.00,EastMoney,2026-08-04T16:42:36+08:00
BK1342,2026-08-04T00:00:00Z,132487,133248,134390,131725,133248,0,0.00,106978,37415557,1.25,0.68,0.00,0,45215,61763,3871259000,2987112000,1745979,1100750,0,1100750,5485416,4840187,645229,8633977,11453587,-2819610,21741243,20667612,1073631,4.67,2.94,1.72,-7.54,2.87,0,1,0,0,1,0,0,62.42,0.00,0.00,0.00,,0.00,,0.00,EastMoney,2026-08-04T16:42:36+08:00
BK1343,2026-08-04T00:00:00Z,165694,166310,166615,164362,165581,729,0.44,976576,506578891,1.07,0.88,0.00,0,469604,506971,39168720000,35355228000,-18083002,11512750,16275010,-4762260,79762545,93083287,-13320742,180844966,151299949,29545017,223529604,234991618,-11462014,-3.57,-0.94,-2.63,5.83,-2.26,0,11,4,4,3,0,0,-6.45,0.00,0.00,0.00,,0.00,,0.00,EastMoney,2026-08-04T16:42:36+08:00
BK1344,2026-08-04T00:00:00Z,229099,229640,230568,227991,228962,678,0.30,2020925,1451686471,1.28,1.15,0.00,0,1194067,826858,126753798000,122131409000,-20078008,119276372,107924108,11352264,331787616,363217888,-31430272,478179360,486013904,-7834544,488072768,460160208,27912560,-1.38,0.78,-2.17,-0.54,1.92,0,14,4,9,1,0,0,-6.43,0.00,0.00,0.00,,0.00,,0.00,EastMoney,2026-08-04T16:42:36+08:00
BK1345,2026-08-04T00:00:00Z,123333,121836,123915,121337,123249,-1413,-1.15,3977685,2213667333,1.15,1.17,0.00,0,1512819,2464866,191411887000,174492698000,-197773711,153652769,255241616,-101588847,439375920,535560784,-96184864,705074816,689339328,15735488,869249296,687211088,182038208,-8.93,-4.59,-4.35,0.71,8.22,0,12,3,7,2,0,0,-9.98,0.00,0.00,0.00,,0.00,,0.00,EastMoney,2026-08-04T16:42:36+08:00
BK1346,2026-08-04T00:00:00Z,180691,180622,181049,179076,180323,299,0.17,24671265,9937257860,1.73,0.95,0.00,0,11136245,13535020,531845488000,502522880000,-151402640,936997552,997062720,-60065168,2145050320,2236387792,-91337472,3004912624,3002072528,2840096,3669902960,3521340416,148562544,-1.52,-0.60,-0.92,0.03,1.50,0,64,24,30,10,0,0,-3.39,0.00,0.00,0.00,,0.00,,0.00,EastMoney,2026-08-04T16:42:36+08:00
BK1347,2026-08-04T00:00:00Z,41666,40196,41666,39937,41431,-1235,-2.98,41083,141524397,0.35,1.01,0.00,0,15976,25107,39876390000,39876128000,-14179256,3798152,17240358,-13442206,19866249,20603299,-737050,38752268,46726833,-7974565,77569745,55415923,22153822,-10.02,-9.50,-0.52,-5.63,15.65,0,1,0,1,0,0,0,14.10,0.00,0.00,0.00,,0.00,,0.00,EastMoney,2026-08-04T16:42:36+08:00
BK1348,2026-08-04T00:00:00Z,278505,281969,282978,276101,275776,6193,2.25,530592,1006044480,3.09,1.00,0.00,0,265376,265216,22830241000,20838837000,107717077,220553747,96188718,124365029,225769819,242417771,-16647952,247767679,330172240,-82404561,295417440,320773920,-25356480,10.71,12.36,-1.65,-8.19,-2.52,0,4,2,2,0,0,0,24.13,0.00,0.00,0.00,,0.00,,0.00,EastMoney,2026-08-04T16:42:36+08:00
BK1349,2026-08-04T00:00:00Z,255645,254362,256452,252793,254456,-94,-0.04,1640813,1422424620,2.40,0.90,0.00,0,828850,811963,47064926000,46542062000,-33954938,86737516,141434678,-54697162,308754752,288012528,20742224,443511872,443569328,-57456,549726656,515714256,34012400,-2.39,-3.85,1.46,0.00,2.39,0,9,3,6,0,0,0,18.42,0.00,0.00,0.00,,0.00,,0.00,EastMoney,2026-08-04T16:42:36+08:00
BK1350,2026-08-04T00:00:00Z,186544,187191,187940,185521,185817,1374,0.74,1690627,1118105905,2.32,1.23,0.00,0,742500,948127,60485413000,54783245000,-16278592,38108015,24201700,13906315,192505126,222690033,-30184907,388398864,403949248,-15550384,483355440,451526480,31828960,-1.46,1.24,-2.70,-1.39,2.85,0,15,8,7,0,0,0,30.54,0.00,0.00,0.00,,0.00,,0.00,EastMoney,2026-08-04T16:42:36+08:00
BK1351,2026-08-04T00:00:00Z,148944,150959,151606,148944,150290,669,0.45,500517,495748943,2.15,0.97,0.00,0,238639,261878,16124635000,16124635000,-13709550,8147151,20004374,-11857223,81258411,83110738,-1852327,181216982,170824626,10392356,213379422,210062227,3317195,-2.77,-2.39,-0.37,2.10,0.67,0,4,2,2,0,0,0,30.41,0.00,0.00,0.00,,0.00,,0.00,EastMoney,2026-08-04T16:42:36+08:00
BK1352,2026-08-04T00:00:00Z,201063,201626,202020,199837,200603,1023,0.51,4741734,3424042008,1.44,0.87,0.00,0,2197357,2544378,224923648000,201087974000,-162956310,106670979,151803577,-45132598,549185120,667008832,-117823712,1094823808,1108963488,-14139680,1601499264,1424403280,177095984,-4.76,-1.32,-3.44,-0.41,5.17,0,39,21,18,0,0,0,32.67,0.00,0.00,0.00,,0.00,,0.00,EastMoney,2026-08-04T16:42:36+08:00
BK1353,2026-08-04T00:00:00Z,407212,407818,410559,404762,405983,1835,0.45,346816,405349441,1.38,0.94,0.00,0,148246,198570,31285287000,27693543000,-8554470,31372775,16637112,14735663,53581812,76871945,-23290133,119620511,115483421,4137090,187793829,183414142,4379687,-2.11,3.64,-5.75,1.02,1.08,0,7,4,2,1,0,0,20.61,0.00,0.00,0.00,,0.00,,0.00,EastMoney,2026-08-04T16:42:36+08:00
BK1354,2026-08-04T00:00:00Z,63200,64055,64294,62751,62752,1303,2.08,820402,927503881,2.53,0.81,0.00,0,425537,394865,38277198000,34486553000,-23065127,24195971,30937800,-6741829,195730250,212053548,-16323298,310431072,275808528,34622544,378210224,389767632,-11557408,-2.49,-0.73,-1.76,3.73,-1.25,0,11,11,0,0,0,0,-269.99,0.00,0.00,0.00,,0.00,,0.00,EastMoney,2026-08-04T16:42:36+08:00
BK1355,2026-08-04T00:00:00Z,260551,262413,263950,258919,258411,4002,1.55,911558,795438336,4.75,0.93,0.00,0,473585,437973,15197792000,14314847000,16354876,72159507,64914037,7245470,213696144,204586738,9109406,230282973,242520270,-12237297,268510432,272628016,-4117584,2.06,0.91,1.15,-1.54,-0.52,0,4,3,1,0,0,0,64.43,0.00,0.00,0.00,,0.00,,0.00,EastMoney,2026-08-04T16:42:36+08:00
BK1356,2026-08-04T00:00:00Z,53063,54618,54872,52976,54521,97,0.18,1155249,234613233,7.42,8.49,0.00,0,749047,406202,4877801000,4856645000,7645052,5201299,11045491,-5844192,39836572,26347328,13489244,60008706,48334804,11673902,43713061,63032015,-19318954,3.26,-2.49,5.75,4.98,-8.23,0,2,1,1,0,0,0,-22.74,0.00,0.00,0.00,,0.00,,0.00,EastMoney,2026-08-04T16:42:36+08:00
BK1357,2026-08-04T00:00:00Z,186000,184831,186546,183998,185709,-878,-0.47,2013688,1528946690,1.93,0.92,0.00,0,833846,1179842,100690176000,95542961000,-78394606,37118318,86051793,-48933475,231516639,260977770,-29461131,468770784,498521728,-29750944,764078672,655933136,108145536,-5.13,-3.20,-1.93,-1.95,7.07,0,16,5,10,1,0,0,18.35,0.00,0.00,0.00,,0.00,,0.00,EastMoney,2026-08-04T16:42:36+08:00
BK1358,2026-08-04T00:00:00Z,137085,134138,137350,134082,137513,-3375,-2.45,3222350,10478254097,0.42,1.15,0.00,0,1095208,2127142,2857246464000,1960357840000,-1239845856,1663280080,2353687680,-690407600,2625575888,3175014144,-549438256,3095781984,2804368592,291413392,2943214848,1994782368,948432480,-11.83,-6.59,-5.24,2.78,9.05,0,5,0,5,0,0,0,6.95,0.00,0.00,0.00,,0.00,,0.00,EastMoney,2026-08-04T16:42:36+08:00
BK1359,2026-08-04T00:00:00Z,203167,201178,203696,200839,203040,-1862,-0.92,2311760,1506128413,0.63,0.83,0.00,0,937240,1374521,246638492000,246597171000,-124415068,100917937,219394125,-118476188,325563952,331502832,-5938880,469853680,433434112,36419568,584943616,496948128,87995488,-8.26,-7.87,-0.39,2.42,5.84,0,9,0,9,0,0,0,19.42,0.00,0.00,0.00,,0.00,,0.00,EastMoney,2026-08-04T16:42:36+08:00
BK1360,2026-08-04T00:00:00Z,461129,467440,468417,460998,460916,6524,1.42,756494,932626448,2.81,0.62,0.00,0,371596,384898,35696707000,32298300000,-23462488,70517324,93744700,-23227376,194471571,194706683,-235112,323982416,315446944,8535472,327691760,312764736,14927024,-2.52,-2.49,-0.03,0.92,1.60,0,3,3,0,0,0,0,30.84,0.00,0.00,0.00,,0.00,,0.00,EastMoney,2026-08-04T16:42:36+08:00
BK1361,2026-08-04T00:00:00Z,50755,50392,51163,50232,50725,-333,-0.66,298157,412286388,0.90,0.81,0.00,0,146033,152125,50347918000,45639950000,-43728757,6331697,24296839,-17965142,44199737,69963352,-25763615,126029031,128839850,-2810819,228752283,182212706,46539577,-10.61,-4.36,-6.25,-0.68,11.29,0,4,0,4,0,0,0,23.93,0.00,0.00,0.00,,0.00,,0.00,EastMoney,2026-08-04T16:42:36+08:00
BK1363,2026-08-04T00:00:00Z,200297,197241,200975,197241,199786,-2545,-1.27,1172113,385005425,0.72,0.85,0.00,0,509342,662771,70869646000,59537593000,-27311858,11650162,21339068,-9688906,72175530,89798482,-17622952,124124269,116183013,7941256,166727899,147357296,19370603,-7.09,-2.52,-4.58,2.06,5.03,0,3,0,3,0,0,0,14.58,0.00,0.00,0.00,,0.00,,0.00,EastMoney,2026-08-04T16:42:36+08:00
BK1364,2026-08-04T00:00:00Z,338815,339038,340676,335674,337903,1135,0.34,296881,284232439,0.85,0.72,0.00,0,150672,146209,36072451000,36022250000,265441,10873603,11926861,-1053258,46076779,44758080,1318699,80042082,90039215,-9997133,143067685,133335992,9731693,0.09,-0.37,0.46,-3.52,3.42,0,4,1,2,1,0,0,50.76,0.00,0.00,0.00,,0.00,,0.00,EastMoney,2026-08-04T16:42:36+08:00
BK1365,2026-08-04T00:00:00Z,297678,293394,297896,292791,297203,-3809,-1.28,1472828,794154541,1.12,0.92,0.00,0,687746,785082,74413322000,70858027000,-38465819,52504120,111471145,-58967025,192230083,171728877,20501206,244020400,222153071,21867329,295258128,278659648,16598480,-4.84,-7.43,2.58,2.75,2.09,0,3,0,3,0,0,0,20.85,0.00,0.00,0.00,,0.00,,0.00,EastMoney,2026-08-04T16:42:36+08:00
BK1366,2026-08-04T00:00:00Z,14104649,14099670,14184823,14073596,14092663,7007,0.05,21527631,25566629398,0.81,0.82,0.00,0,10111696,11415935,3583105536000,3045413632000,-1532936240,3520438480,4676442624,-1156004144,6349864704,6726796800,-376932096,8058529536,7548994048,509535488,7137227776,6113826560,1023401216,-6.00,-4.52,-1.47,1.99,4.00,0,49,21,26,2,0,0,15.09,0.00,0.00,0.00,,0.00,,0.00,EastMoney,2026-08-04T16:42:36+08:00
BK1367,2026-08-04T00:00:00Z,84852,83481,84997,83244,84717,-1236,-1.46,12823408,4143925619,0.91,0.93,0.00,0,5360614,7462794,474700864000,430272736000,-48685088,512300720,616021184,-103720464,1015341104,960305728,55035376,1218956144,1168343584,50612560,1307020944,1308948400,-1927456,-1.17,-2.50,1.33,1.22,-0.05,0,18,1,16,1,0,0,15272.13,0.00,0.00,0.00,,0.00,,0.00,EastMoney,2026-08-04T16:42:36+08:00
BK1368,2026-08-04T00:00:00Z,60372,59620,60458,59462,60372,-752,-1.25,863563,360628419,1.46,0.96,0.00,0,336468,527095,25947429000,25677141000,-8228970,28740758,20599983,8140775,60550489,76920234,-16369745,109110390,111790203,-2679813,157339982,146431198,10908784,-2.28,2.26,-4.54,-0.74,3.02,0,3,0,3,0,0,0,15.13,0.00,0.00,0.00,,0.00,,0.00,EastMoney,2026-08-04T16:42:36+08:00
BK1369,2026-08-04T00:00:00Z,54243,53019,54450,52782,54085,-1066,-1.97,576819,146850858,0.75,0.87,0.00,0,237863,338956,18137977000,18076326000,4366097,4161488,1937332,2224156,24334854,22192913,2141941,36341303,41125216,-4783913,79542225,79124409,417816,2.97,1.51,1.46,-3.26,0.28,0,3,0,3,0,0,0,-6.03,0.00,0.00,0.00,,0.00,,0.00,EastMoney,2026-08-04T16:42:36+08:00
BK1370,2026-08-04T00:00:00Z,201639,199567,201957,198033,201568,-2001,-0.99,2803448,1832479320,1.20,1.21,0.00,0,1259650,1543799,173691747000,170333201000,-53635075,88742532,130505127,-41762595,348632736,360505216,-11872480,614452016,571013456,43438560,746680160,736483632,10196528,-2.93,-2.28,-0.65,2.37,0.56,0,12,2,9,1,0,0,21.14,0.00,0.00,0.00,,0.00,,0.00,EastMoney,2026-08-04T16:42:36+08:00
BK1371,2026-08-04T00:00:00Z,170331,169733,170736,167999,168497,1236,0.73,572157,713790146,1.42,0.83,0.00,0,302747,269409,66963365000,59076351000,-4062406,28123640,38190972,-10067332,131300343,125295417,6004926,201651615,206873556,-5221941,338621168,329336832,9284336,-0.57,-1.41,0.84,-0.73,1.30,0,5,3,2,0,0,0,38.63,0.00,0.00,0.00,,0.00,,0.00,EastMoney,2026-08-04T16:42:36+08:00
BK1372,2026-08-04T00:00:00Z,595959,591277,597234,587386,595349,-4072,-0.68,1400100,611993976,0.87,0.94,0.00,0,590467,809633,84688988000,81017555000,-39742542,35940865,45757782,-9816917,147791572,177717197,-29925625,192897342,177222498,15674844,222595443,198527745,24067698,-6.49,-1.60,-4.89,2.56,3.93,0,4,0,3,1,0,0,31.01,0.00,0.00,0.00,,0.00,,0.00,EastMoney,2026-08-04T16:42:36+08:00
BK1373,2026-08-04T00:00:00Z,340496,336504,341851,335424,338643,-2139,-0.63,4544410,3275361108,1.59,0.97,0.00,0,2036862,2507548,211641025000,206313223000,-170815697,132908120,222473609,-89565489,613639248,694889456,-81250208,1103465936,1079174704,24291232,1354226576,1207702096,146524480,-5.22,-2.73,-2.48,0.74,4.47,0,15,3,11,1,0,0,25.45,0.00,0.00,0.00,,0.00,,0.00,EastMoney,2026-08-04T16:42:36+08:00
BK1374,2026-08-04T00:00:00Z,211145,210144,211862,208872,209395,749,0.36,8756853,6706501484,1.30,0.82,0.00,0,3739354,5017499,777230080000,402801312000,-327489376,575986768,657626720,-81639952,1249876048,1495725472,-245849424,2190703216,2120267712,70435504,2487649584,2230595728,257053856,-4.88,-1.22,-3.67,1.05,3.83,0,16,4,11,1,0,0,32.68,0.00,0.00,0.00,,0.00,,0.00,EastMoney,2026-08-04T16:42:36+08:00
BK1375,2026-08-04T00:00:00Z,332322,333201,334078,329925,330505,2696,0.82,8190416,3645385762,3.09,0.76,0.00,0,4081686,4108729,128900713000,121776328000,442279,239420683,242145588,-2724905,748102160,744934976,3167184,1173882944,1211186864,-37303920,1409342512,1372480880,36861632,0.01,-0.07,0.09,-1.02,1.01,0,13,9,4,0,0,0,-340.78,0.00,0.00,0.00,,0.00,,0.00,EastMoney,2026-08-04T16:42:36+08:00
BK1376,2026-08-04T00:00:00Z,62556,61774,62643,61580,62643,-869,-1.39,2833733,1795965495,0.45,1.12,0.00,0,1108876,1724857,490859168000,358599936000,-77526941,178359875,221270672,-42910797,363138336,397754480,-34616144,612662048,551207888,61454160,594193664,578120880,16072784,-4.32,-2.39,-1.93,3.42,0.89,0,3,0,3,0,0,0,23.36,0.00,0.00,0.00,,0.00,,0.00,EastMoney,2026-08-04T16:42:36+08:00
BK1377,2026-08-04T00:00:00Z,252166,251135,254766,249942,250922,213,0.08,29888716,21002255139,1.88,0.93,0.00,0,14198563,15690153,1058761568000,895462064000,-859171168,1977973776,2378277616,-400303840,4199763072,4658630400,-458867328,6481246208,6581786112,-100539904,7860161280,6900450304,959710976,-4.09,-1.91,-2.18,-0.48,4.57,0,34,12,19,3,0,0,13.47,0.00,0.00,0.00,,0.00,,0.00,EastMoney,2026-08-04T16:42:36+08:00
BK1378,2026-08-04T00:00:00Z,146616,145266,147015,144371,145721,-455,-0.31,199255,77745330,0.69,1.06,0.00,0,80015,119240,10869054000,9570155000,-7295944,0,2260700,-2260700,17689808,22725052,-5035244,24089908,23118960,970948,34528668,28203672,6324996,-9.38,-2.91,-6.48,1.25,8.14,0,2,0,1,1,0,0,31.51,0.00,0.00,0.00,,0.00,,0.00,EastMoney,2026-08-04T16:42:36+08:00
BK1379,2026-08-04T00:00:00Z,304258,305336,305605,302030,302679,2657,0.88,4385056,3978689974,3.10,0.95,0.00,0,2266974,2118082,125686558000,119954972000,66685864,296526928,203928040,92598888,782774688,808687712,-25913024,1296444176,1335338464,-38894288,1523606960,1551398544,-27791584,1.68,2.33,-0.65,-0.98,-0.70,0,18,10,7,1,0,0,45.49,0.00,0.00,0.00,,0.00,,0.00,EastMoney,2026-08-04T16:42:36+08:00
BK1380,2026-08-04T00:00:00Z,404578,402928,408019,401171,404130,-1202,-0.30,4401472,7237625069,0.65,0.96,0.00,0,1976873,2424598,1254702448000,1189341040000,-525746912,891565024,970225024,-78660000,1504795584,1951882496,-447086912,2190608464,2269945104,-79336640,2553801456,1948717904,605083552,-7.26,-1.09,-6.18,-1.10,8.36,0,11,5,5,1,0,0,20.19,0.00,0.00,0.00,,0.00,,0.00,EastMoney,2026-08-04T16:42:36+08:00
BK1381,2026-08-04T00:00:00Z,186588,186467,187247,185470,185472,995,0.54,3891900,3611252842,1.45,0.74,0.00,0,1739663,2152237,261880408000,249995436000,24024448,343626288,282305536,61320752,656359168,693655472,-37296304,1106448016,1084086816,22361200,1394934640,1426474160,-31539520,0.67,1.70,-1.03,0.62,-0.87,0,31,14,17,0,0,0,21.79,0.00,0.00,0.00,,0.00,,0.00,EastMoney,2026-08-04T16:42:36+08:00
BK1382,2026-08-04T00:00:00Z,342156,347900,348511,340075,341841,6059,1.77,2037359,3880967568,2.25,0.74,0.00,0,1032395,1004964,132056887000,130983378000,-12089193,194302104,171683249,22618855,755595632,790303680,-34708048,1327409792,1387956752,-60546960,1527993856,1455357696,72636160,-0.31,0.58,-0.89,-1.56,1.87,0,12,9,3,0,0,0,148.66,0.00,0.00,0.00,,0.00,,0.00,EastMoney,2026-08-04T16:42:36+08:00
BK1383,2026-08-04T00:00:00Z,486727,486944,488252,482279,485510,1434,0.30,2170204,5547991970,1.64,0.84,0.00,0,946165,1224039,511862720000,369276304000,-476337312,773246144,1078755504,-305509360,1308412752,1479240704,-170827952,1731821360,1611738736,120082624,1645974000,1289719296,356254704,-8.59,-5.51,-3.08,2.16,6.42,0,10,4,6,0,0,0,30.80,0.00,0.00,0.00,,0.00,,0.00,EastMoney,2026-08-04T16:42:36+08:00
BK1384,2026-08-04T00:00:00Z,403888,405364,406302,401229,401878,3486,0.87,4924909,12944033272,1.38,0.96,0.00,0,2266958,2657951,1098614928000,887736576000,-161255120,824312400,966495200,-142182800,2914726416,2933798736,-19072320,4349980672,4207487296,142493376,4627008256,4603789568,23218688,-1.25,-1.10,-0.15,1.10,0.18,0,49,29,19,1,0,0,65.82,0.00,0.00,0.00,,0.00,,0.00,EastMoney,2026-08-04T16:42:36+08:00
BK1385,2026-08-04T00:00:00Z,465575,475335,475973,461384,460650,14685,3.19,1930942,5751152525,1.95,1.13,0.00,0,1076013,854929,361368144000,283104608000,128740112,499538544,396713072,102825472,1299399376,1273484736,25914640,1949456272,1995200624,-45744352,1908042144,1991037904,-82995760,2.24,1.79,0.45,-0.80,-1.44,0,9,9,0,0,0,0,391.84,0.00,0.00,0.00,,0.00,,0.00,EastMoney,2026-08-04T16:42:36+08:00
BK1386,2026-08-04T00:00:00Z,604346,616646,619569,601138,600946,15700,2.61,7169389,20021567898,2.47,0.91,0.00,0,3660888,3508501,837699168000,761473264000,624251152,1646675104,1401737104,244938000,4736988672,4357675520,379313152,6614248960,6962591488,-348342528,6671887616,6944047872,-272160256,3.12,1.22,1.89,-1.74,-1.36,0,61,57,3,1,0,0,399.02,0.00,0.00,0.00,,0.00,,0.00,EastMoney,2026-08-04T16:42:36+08:00
BK1387,2026-08-04T00:00:00Z,329354,335554,335805,327952,327695,7859,2.40,6686422,6604377709,5.72,2.14,0.00,0,3475331,3211091,145119812000,137264344000,163277488,945470208,724154000,221316208,1423399248,1481437968,-58038720,1920828208,1886421200,34407008,2170118320,2369538048,-199419728,2.47,3.35,-0.88,0.52,-3.02,0,26,18,8,0,0,0,74.95,0.00,0.00,0.00,,0.00,,0.00,EastMoney,2026-08-04T16:42:36+08:00
BK1388,2026-08-04T00:00:00Z,295945,298506,299665,294447,294682,3824,1.30,298074,315356921,2.06,0.83,0.00,0,143007,155067,16786522000,15131196000,6727365,13217221,15825548,-2608327,64608721,55273029,9335692,102796986,105017845,-2220859,124615114,129719085,-5103971,2.13,-0.83,2.96,-0.70,-1.62,0,7,7,0,0,0,0,-58.95,0.00,0.00,0.00,,0.00,,0.00,EastMoney,2026-08-04T16:42:36+08:00
BK1389,2026-08-04T00:00:00Z,290339,290967,291810,289049,289396,1571,0.54,4862655,5389405088,1.55,0.95,0.00,0,2398872,2463783,325229616000,276877520000,-24414688,439381536,402661328,36720208,1074338048,1135472944,-61134896,1721928032,1760480608,-38552576,2053961632,1991866192,62095440,-0.45,0.68,-1.13,-0.72,1.15,0,35,18,16,1,0,0,23.87,0.00,0.00,0.00,,0.00,,0.00,EastMoney,2026-08-04T16:42:36+08:00
BK1390,2026-08-04T00:00:00Z,189992,191485,191925,189519,189467,2018,1.07,5494093,4173078417,1.29,1.02,0.00,0,2395798,3098295,273361904000,254538418000,-32347325,203202870,223722323,-20519453,823432912,835260784,-11827872,1348450576,1345251872,3198704,1722436272,1693287648,29148624,-0.78,-0.49,-0.28,0.08,0.70,0,51,27,22,2,0,0,23.73,0.00,0.00,0.00,,0.00,,0.00,EastMoney,2026-08-04T16:42:36+08:00
BK1391,2026-08-04T00:00:00Z,163267,164627,165522,163209,162851,1776,1.09,2434397,1479044392,2.52,0.99,0.00,0,1220581,1213816,65995003000,59573218000,3234700,78822230,82283146,-3460916,365596480,358900864,6695616,498274144,464880656,33393488,509693952,546322144,-36628192,0.22,-0.23,0.45,2.26,-2.48,0,15,11,3,1,0,0,-21.51,0.00,0.00,0.00,,0.00,,0.00,EastMoney,2026-08-04T16:42:36+08:00
BK1392,2026-08-04T00:00:00Z,1467618,1487183,1490028,1463837,1463251,23932,1.64,333487,1331364315,1.08,0.89,0.00,0,165907,167581,200757575000,187125065000,-7835101,50696499,65394937,-14698438,261525079,254661742,6863337,469803152,489822864,-20019712,500047376,477015488,23031888,-0.59,-1.10,0.52,-1.50,1.73,0,13,11,2,0,0,0,50.61,0.00,0.00,0.00,,0.00,,0.00,EastMoney,2026-08-04T16:42:36+08:00
BK1393,2026-08-04T00:00:00Z,436682,432790,437229,429841,435210,-2420,-0.56,7717441,7324304350,1.78,1.25,0.00,0,3588259,4129182,562804720000,497262736000,-691060048,624726976,853466672,-228739696,1432188192,1894508544,-462320352,2382193536,2167280256,214913280,2745318240,2278354144,466964096,-9.44,-3.12,-6.31,2.93,6.38,0,22,6,16,0,0,0,18.76,0.00,0.00,0.00,,0.00,,0.00,EastMoney,2026-08-04T16:42:36+08:00
BK1394,2026-08-04T00:00:00Z,166291,166201,166748,165271,165733,468,0.28,4615773,3479975934,0.90,0.97,0.00,0,1758559,2857214,411685328000,346229696000,-177433736,267080504,350593120,-83512616,742732400,836653520,-93921120,1186442608,1024701408,161741200,1224220592,1213667520,10553072,-5.10,-2.40,-2.70,4.65,0.30,0,31,11,18,2,0,0,19.51,0.00,0.00,0.00,,0.00,,0.00,EastMoney,2026-08-04T16:42:36+08:00
BK1395,2026-08-04T00:00:00Z,165722,169154,169470,165085,164810,4344,2.64,1696942,2571472886,1.76,0.87,0.00,0,858382,838560,124354463000,101190300000,-83903267,112540498,123398933,-10858435,487922640,560967472,-73044832,859421440,873218304,-13796864,1069573968,973001536,96572432,-3.26,-0.42,-2.84,-0.54,3.76,0,20,16,3,1,0,0,65.59,0.00,0.00,0.00,,0.00,,0.00,EastMoney,2026-08-04T16:42:36+08:00
BK1396,2026-08-04T00:00:00Z,509151,519684,520659,506075,506219,13465,2.66,23901753,29611025417,7.62,1.53,0.00,0,11724852,12176900,747346896000,506673808000,476365680,2558172800,2450142736,108030064,6675851264,6307515648,368335616,9026771712,9337514240,-310742528,10160717568,10298257152,-137539584,1.61,0.36,1.24,-1.05,-0.46,0,81,67,10,4,0,0,79.44,0.00,0.00,0.00,,0.00,,0.00,EastMoney,2026-08-04T16:42:36+08:00
BK1397,2026-08-04T00:00:00Z,765961,788107,789982,759501,757888,30219,3.99,2748339,5062675023,5.52,1.03,0.00,0,1545807,1202532,117865015000,100934199000,210646944,404501632,305129024,99372608,1132525056,1021250720,111274336,1525243088,1585921376,-60678288,1768437168,1899244784,-130807616,4.16,1.96,2.20,-1.20,-2.58,0,14,13,1,0,0,0,-12376.40,0.00,0.00,0.00,,0.00,,0.00,EastMoney,2026-08-04T16:42:36+08:00
BK1398,2026-08-04T00:00:00Z,527673,537231,538455,525507,524495,12736,2.43,7581489,11576461477,3.71,1.13,0.00,0,3970579,3610911,389478672000,328989360000,400133024,827963728,629825232,198138496,2676429856,2474435328,201994528,3758599072,3826626864,-68027792,3832430144,4157257456,-324827312,3.46,1.71,1.74,-0.59,-2.81,0,57,43,13,1,0,0,59.73,0.00,0.00,0.00,,0.00,,0.00,EastMoney,2026-08-04T16:42:36+08:00
BK1400,2026-08-04T00:00:00Z,393868,404377,405285,392065,390990,13387,3.42,2629427,5791706563,4.02,1.17,0.00,0,1301800,1327627,159716193000,127806138000,474994304,676588368,493378736,183209632,1396985072,1105200400,291784672,1705371760,1817973808,-112602048,1913471328,2276614032,-363142704,8.20,3.16,5.04,-1.94,-6.27,0,20,15,3,2,0,0,51.02,0.00,0.00,0.00,,0.00,,0.00,EastMoney,2026-08-04T16:42:36+08:00
BK1401,2026-08-04T00:00:00Z,338492,341095,341535,336541,336770,4325,1.28,1651855,1530270634,2.48,0.87,0.00,0,831150,820705,76589548000,74484628000,-10753038,127220780,76013574,51207206,231448524,293408768,-61960244,430862688,490159632,-59296944,689321776,619271808,70049968,-0.70,3.35,-4.05,-3.87,4.58,0,13,7,5,1,0,0,82.41,0.00,0.00,0.00,,0.00,,0.00,EastMoney,2026-08-04T16:42:36+08:00
BK1402,2026-08-04T00:00:00Z,213371,216024,217003,212503,212730,3294,1.55,882613,906473452,1.25,0.92,0.00,0,421488,461125,75456507000,68484435000,-19491605,24909716,33697227,-8787511,144485748,155189842,-10704094,307809088,284297856,23511232,409510496,414178448,-4667952,-2.15,-0.97,-1.18,2.59,-0.51,0,16,10,5,1,0,0,34.66,0.00,0.00,0.00,,0.00,,0.00,EastMoney,2026-08-04T16:42:36+08:00
BK1403,2026-08-04T00:00:00Z,201824,203002,203514,200948,201186,1816,0.90,8977767,10523745192,1.60,0.99,0.00,0,4160162,4817606,541305472000,452287120000,126093552,927897440,877597232,50300208,2275032528,2199239184,75793344,3386222048,3577411520,-191189472,3696947664,3643640912,53306752,1.20,0.48,0.72,-1.82,0.51,0,63,33,29,1,0,0,36.29,0.00,0.00,0.00,,0.00,,0.00,EastMoney,2026-08-04T16:42:36+08:00
BK1404,2026-08-04T00:00:00Z,160478,160087,161644,159115,160281,-194,-0.12,967588,567457572,2.67,1.14,0.00,0,426353,541235,45730579000,29422761000,-23950812,1370304,2178906,-808602,84806991,107949201,-23142210,183265462,181977375,1288087,270239376,251601305,18638071,-4.22,-0.14,-4.08,0.23,3.28,0,10,5,5,0,0,0,109.91,0.00,0.00,0.00,,0.00,,0.00,EastMoney,2026-08-04T16:42:36+08:00
BK1405,2026-08-04T00:00:00Z,507713,519342,520019,504851,504251,15091,2.99,9255908,23867887891,3.65,1.18,0.00,0,4708808,4547100,778070144000,668968192000,665571680,1869684816,1604209136,265475680,5188801792,4788705792,400096000,8088985856,8294868736,-205882880,8254256640,8702917120,-448660480,2.79,1.11,1.68,-0.86,-1.88,0,90,72,17,1,0,0,71.83,0.00,0.00,0.00,,0.00,,0.00,EastMoney,2026-08-04T16:42:36+08:00
BK1406,2026-08-04T00:00:00Z,215565,218001,218058,214246,214412,3589,1.67,791195,1072035011,2.56,0.88,0.00,0,387621,403574,49672957000,39387950000,-17785298,70391270,53327724,17063546,197159801,232008645,-34848844,318727456,348835664,-30108208,446624704,405230192,41394512,-1.66,1.59,-3.25,-2.81,3.86,0,12,9,2,1,0,0,10.30,0.00,0.00,0.00,,0.00,,0.00,EastMoney,2026-08-04T16:42:36+08:00
BK1407,2026-08-04T00:00:00Z,535855,548204,549524,533028,532562,15642,2.94,3185865,9377504833,2.41,0.98,0.00,0,1715176,1470689,462375584000,409206016000,464691280,1332077104,947759968,384317136,2335425904,2255051760,80374144,2828768768,3113305984,-284537216,2694059376,2871155312,-177095936,4.96,4.10,0.86,-3.03,-1.89,0,32,28,3,1,0,0,52.22,0.00,0.00,0.00,,0.00,,0.00,EastMoney,2026-08-04T16:42:36+08:00
BK1408,2026-08-04T00:00:00Z,918476,937587,939752,906342,914628,22959,2.51,2805170,11071866483,3.82,0.98,0.00,0,1448812,1356359,236689656000,210172149000,525209024,1307536896,1083171344,224365552,2976363328,2675519856,300843472,4201468624,4446392320,-244923696,2280212000,2562321040,-282109040,4.74,2.03,2.72,-2.21,-2.55,0,22,19,2,1,0,0,-1441.08,0.00,0.00,0.00,,0.00,,0.00,EastMoney,2026-08-04T16:42:36+08:00
BK1409,2026-08-04T00:00:00Z,1517877,1600682,1607619,1506092,1496324,104358,6.97,1922906,13983089018,4.70,1.01,0.00,0,1074944,847962,284617776000,273130400000,1217310368,2626509232,1688361600,938147632,3568380976,3289218240,279162736,4324885504,4838322176,-513436672,3260980736,3964854560,-703873824,8.71,6.71,2.00,-3.67,-5.03,0,11,11,0,0,0,0,82.04,0.00,0.00,0.00,,0.00,,0.00,EastMoney,2026-08-04T16:42:36+08:00
BK1410,2026-08-04T00:00:00Z,601174,621989,625038,598596,596470,25519,4.28,1460336,8877644031,2.82,1.00,0.00,0,756044,704292,270343776000,211377603000,485838464,1296073184,841237504,454835680,2205940512,2174937728,31002784,3094610528,3750864048,-656253520,1807473280,1624675584,182797696,5.47,5.12,0.35,-7.39,2.06,0,30,27,3,0,0,0,100.60,0.00,0.00,0.00,,0.00,,0.00,EastMoney,2026-08-04T16:42:36+08:00
BK1411,2026-08-04T00:00:00Z,173131,176832,177316,172378,171681,5151,3.00,779660,3120808792,2.39,0.92,0.00,0,412058,367602,107110901000,98867603000,63635889,201562547,192436706,9125841,652428112,597918064,54510048,980487120,987570000,-7082880,1152154576,1193782896,-41628320,2.04,0.29,1.75,-0.23,-1.33,0,14,10,3,1,0,0,-385.83,0.00,0.00,0.00,,0.00,,0.00,EastMoney,2026-08-04T16:42:36+08:00
BK1412,2026-08-04T00:00:00Z,278336,273806,278336,264746,275316,-1510,-0.55,521633,563159405,1.05,1.05,0.00,0,261034,260599,53992477000,53877657000,3552937,32360647,19581872,12778775,106288964,115514802,-9225838,160987528,203855402,-42867874,255817641,216502706,39314935,0.63,2.27,-1.64,-7.61,6.98,0,1,0,1,0,0,0,18.90,0.00,0.00,0.00,,0.00,,0.00,EastMoney,2026-08-04T16:42:36+08:00
BK1413,2026-08-04T00:00:00Z,154993,154442,155288,153304,154599,-157,-0.10,1131133,827232527,1.22,1.16,0.00,0,451398,679734,73030932000,59943699000,-8632399,31473087,21675871,9797216,115332991,133762606,-18429615,266874269,263300537,3573732,403079664,398020992,5058672,-1.04,1.18,-2.23,0.43,0.61,0,10,4,5,1,0,0,46.21,0.00,0.00,0.00,,0.00,,0.00,EastMoney,2026-08-04T16:42:36+08:00
BK1414,2026-08-04T00:00:00Z,57232,56642,57232,56216,56632,10,0.02,392189,279401478,1.25,1.00,0.00,0,168756,223433,22416168000,19180997000,-3458704,9241860,10527455,-1285595,62358910,64532019,-2173109,93076004,85208038,7867966,109392344,113801608,-4409264,-1.24,-0.46,-0.78,2.82,-1.58,0,5,1,4,0,0,0,144172.39,0.00,0.00,0.00,,0.00,,0.00,EastMoney,2026-08-04T16:42:36+08:00
BK1415,2026-08-04T00:00:00Z,297019,300223,301331,295683,295551,4672,1.58,880883,1123313829,1.83,0.79,0.00,0,422604,458279,93171655000,74987451000,-55076021,51728239,69513444,-17785205,208220648,245511464,-37290816,361189584,350562528,10627056,452858256,413043616,39814640,-4.90,-1.58,-3.32,0.95,3.54,0,8,6,2,0,0,0,57.92,0.00,0.00,0.00,,0.00,,0.00,EastMoney,2026-08-04T16:42:36+08:00
BK1416,2026-08-04T00:00:00Z,140586,140624,142327,138302,140434,190,0.14,1435834,614623585,2.88,1.08,0.00,0,624854,810980,21408692000,21402982000,-1736371,49743081,51283276,-1540195,130894825,131091001,-196176,187198167,196596830,-9398663,238879498,227744463,11135035,-0.28,-0.25,-0.03,-1.53,1.81,0,3,1,2,0,0,0,66.17,0.00,0.00,0.00,,0.00,,0.00,EastMoney,2026-08-04T16:42:36+08:00
BK1417,2026-08-04T00:00:00Z,99448,97441,99616,97099,99130,-1689,-1.70,1721881,1016249605,2.30,1.03,0.00,0,741711,980170,46738866000,44338225000,3043540,61299280,102935417,-41636137,238555904,193876227,44679677,309518320,290489536,19028784,390472816,412545152,-22072336,0.30,-4.10,4.40,1.87,-2.17,0,5,0,4,1,0,0,-180.61,0.00,0.00,0.00,,0.00,,0.00,EastMoney,2026-08-04T16:42:36+08:00
BK1418,2026-08-04T00:00:00Z,209118,210181,210822,208623,209041,1140,0.55,4104939,2778554822,1.50,0.78,0.00,0,1985431,2119508,149559297000,143677122000,123958262,297544016,189711130,107832886,641643472,625518096,16125376,846656704,886665232,-40008528,945178496,1029128224,-83949728,4.46,3.88,0.58,-1.44,-3.02,0,15,4,11,0,0,0,53.86,0.00,0.00,0.00,,0.00,,0.00,EastMoney,2026-08-04T16:42:36+08:00
BK1419,2026-08-04T00:00:00Z,184279,184975,185219,183205,184881,94,0.05,3362492,3272740687,1.99,0.89,0.00,0,1624812,1737680,246474781000,244788701000,-55048973,242777892,218123297,24654595,654225632,733929200,-79703568,1024052064,1073087344,-49035280,1288658928,1184574672,104084256,-1.68,0.75,-2.44,-1.50,3.18,0,10,5,5,0,0,0,17.61,0.00,0.00,0.00,,0.00,,0.00,EastMoney,2026-08-04T16:42:36+08:00
BK1420,2026-08-04T00:00:00Z,288384,290367,290777,287204,287099,3268,1.14,1555853,2456233654,1.38,0.93,0.00,0,712163,843690,159763861000,153231658000,9421548,238312436,164540888,73771548,463878144,528228144,-64350000,705083376,804333696,-99250320,1002990880,910210352,92780528,0.38,3.00,-2.62,-4.04,3.78,0,18,9,8,1,0,0,34.91,0.00,0.00,0.00,,0.00,,0.00,EastMoney,2026-08-04T16:42:36+08:00
BK1421,2026-08-04T00:00:00Z,185499,184045,186108,182724,185326,-1281,-0.69,998428,631722115,1.27,0.79,0.00,0,436764,561664,68842944000,61825234000,-46283602,6011052,15414449,-9403397,107224894,144105099,-36880205,206799026,201012563,5786463,295677632,255180488,40497144,-7.33,-1.49,-5.84,0.92,6.41,0,6,0,5,1,0,0,147.08,0.00,0.00,0.00,,0.00,,0.00,EastMoney,2026-08-04T16:42:36+08:00
BK1422,2026-08-04T00:00:00Z,272170,277276,278456,269708,270325,6951,2.57,1422361,3239617662,2.00,0.94,0.00,0,720178,702183,121096558000,96929362000,66690048,315872144,300899424,14972720,654642752,602925424,51717328,967310528,992765712,-25455184,1250825680,1292060544,-41234864,2.06,0.46,1.60,-0.79,-1.27,0,11,8,3,0,0,0,63.23,0.00,0.00,0.00,,0.00,,0.00,EastMoney,2026-08-04T16:42:36+08:00
BK1423,2026-08-04T00:00:00Z,146788,147667,148239,145805,146648,1019,0.69,3429738,3032685717,4.24,0.72,0.00,0,1646468,1783270,97278682000,87514427000,-163472935,157202441,182182368,-24979927,598452848,736945856,-138493008,1084089696,1035841376,48248320,1131188208,1015963616,115224592,-5.39,-0.82,-4.57,1.59,3.80,0,13,8,5,0,0,0,30.95,0.00,0.00,0.00,,0.00,,0.00,EastMoney,2026-08-04T16:42:36+08:00
BK1424,2026-08-04T00:00:00Z,1307804,1340835,1343644,1306598,1304343,36492,2.80,3065851,9321972934,3.34,0.82,0.00,0,1631828,1434024,304763616000,286844880000,271959552,1034207296,893308800,140898496,2324101008,2193039952,131061056,3050619008,3123962144,-73343136,2815337888,3013954320,-198616432,2.92,1.51,1.41,-0.79,-2.13,0,10,9,0,1,0,0,31.06,0.00,0.00,0.00,,0.00,,0.00,EastMoney,2026-08-04T16:42:36+08:00
BK1425,2026-08-04T00:00:00Z,253585,258139,259291,251751,251967,6172,2.45,499002,753932988,4.61,0.78,0.00,0,258554,240448,18027962000,17342702000,-20898059,42411961,38097442,4314519,127556734,152769312,-25212578,247421263,256216418,-8795155,324027072,294333856,29693216,-2.77,0.57,-3.34,-1.17,3.94,0,5,5,0,0,0,0,36.96,0.00,0.00,0.00,,0.00,,0.00,EastMoney,2026-08-04T16:42:36+08:00
BK1426,2026-08-04T00:00:00Z,337179,336436,337179,331938,337282,-846,-0.25,1387859,3714190337,2.50,0.89,0.00,0,613380,774479,268085863000,258263560000,-277109472,375680048,575820992,-200140944,900116640,977085168,-76968528,1145569456,1076587344,68982112,1066052928,891996784,174056144,-7.46,-5.39,-2.07,1.86,4.69,0,10,7,3,0,0,0,19.30,0.00,0.00,0.00,,0.00,,0.00,EastMoney,2026-08-04T16:42:36+08:00
BK1427,2026-08-04T00:00:00Z,429274,426139,429274,422265,425364,775,0.18,1815449,3970726542,1.84,1.19,0.00,0,881036,934413,121758631000,115535442000,-344039984,393927328,711776976,-317849648,981484000,1007674336,-26190336,1263106880,1123714720,139392160,1191946624,987298800,204647824,-8.66,-8.00,-0.66,3.51,5.15,0,13,5,8,0,0,0,40.21,0.00,0.00,0.00,,0.00,,0.00,EastMoney,2026-08-04T16:42:36+08:00
BK1428,2026-08-04T00:00:00Z,388114,394577,395606,386093,386412,8165,2.11,7211251,9645381989,2.71,0.94,0.00,0,3688350,3522901,427350464000,347603280000,49741264,456358304,470932000,-14573696,1887359648,1823044688,64314960,3094370704,3048880704,45490000,3934946800,4013597856,-78651056,0.52,-0.15,0.67,0.47,-0.82,0,80,64,11,5,0,0,84.61,0.00,0.00,0.00,,0.00,,0.00,EastMoney,2026-08-04T16:42:36+08:00
BK1429,2026-08-04T00:00:00Z,198539,198049,199368,197333,198504,-455,-0.23,2018801,2423026800,1.24,0.87,0.00,0,868416,1150385,238346971000,227038763000,-11311679,81344315,138858442,-57514127,504226384,458023936,46202448,791260288,801795488,-10535200,982402816,963632864,18769952,-0.47,-2.37,1.91,-0.43,0.77,0,25,9,14,2,0,0,17.95,0.00,0.00,0.00,,0.00,,0.00,EastMoney,2026-08-04T16:42:36+08:00
BK1430,2026-08-04T00:00:00Z,342801,353621,354512,339167,339926,13695,4.03,1436010,2886437382,3.93,1.16,0.00,0,768321,667690,79862931000,66253489000,-3559062,206180430,264813012,-58632582,591874512,536800992,55073520,915305744,975754544,-60448800,1108244832,1044236976,64007856,-0.12,-2.03,1.91,-2.09,2.22,0,17,16,1,0,0,0,107.96,0.00,0.00,0.00,,0.00,,0.00,EastMoney,2026-08-04T16:42:36+08:00
BK1431,2026-08-04T00:00:00Z,304733,310540,311555,303530,304186,6354,2.09,1423624,2103385580,2.56,0.90,0.00,0,756517,667107,99788899000,98712000000,33578436,94332856,122320436,-27987580,476961808,415395792,61566016,701238208,715786928,-14548720,790240016,809269744,-19029728,1.60,-1.33,2.93,-0.69,-0.90,0,10,10,0,0,0,0,-48.22,0.00,0.00,0.00,,0.00,,0.00,EastMoney,2026-08-04T16:42:36+08:00
BK1432,2026-08-04T00:00:00Z,185532,184547,186475,183136,185967,-1420,-0.76,2229397,1644715416,2.33,0.78,0.00,0,1051255,1178143,92604201000,90981006000,-76418855,89913183,118154742,-28241559,296577376,344754672,-48177296,542960272,610281968,-67321696,690461328,546720752,143740576,-4.65,-1.72,-2.93,-4.09,8.74,0,6,2,4,0,0,0,26.88,0.00,0.00,0.00,,0.00,,0.00,EastMoney,2026-08-04T16:42:36+08:00
BK1433,2026-08-04T00:00:00Z,315602,312657,316727,311757,315648,-2991,-0.95,1607064,1046770315,1.88,0.94,0.00,0,799170,807894,77194112000,61023475000,-52059983,54689563,84836183,-30146620,199688639,221602002,-21913363,314270256,303822160,10448096,448892752,412763024,36129728,-4.97,-2.88,-2.09,1.00,3.45,0,10,2,8,0,0,0,15.08,0.00,0.00,0.00,,0.00,,0.00,EastMoney,2026-08-04T16:42:36+08:00
BK1434,2026-08-04T00:00:00Z,241383,240284,242316,237760,241600,-1316,-0.54,938194,3565968779,1.07,0.76,0.00,0,473887,464307,339990736000,332523504000,-234372784,409177312,510387904,-101210592,803714464,936876656,-133162192,1074611312,1116810096,-42198784,1241349648,964778080,276571568,-6.57,-2.84,-3.73,-1.18,7.76,0,4,2,1,1,0,0,18.66,0.00,0.00,0.00,,0.00,,0.00,EastMoney,2026-08-04T16:42:36+08:00
BK1435,2026-08-04T00:00:00Z,301200,304146,305085,298693,301149,2997,1.00,3282303,4040482695,1.85,0.96,0.00,0,1553051,1729251,196990879000,187523412000,115150416,595787968,434913792,160874176,956845952,1002569712,-45723760,1223831280,1346390416,-122559136,1201919520,1194510800,7408720,2.85,3.98,-1.13,-3.03,0.18,0,9,5,3,1,0,0,24.80,0.00,0.00,0.00,,0.00,,0.00,EastMoney,2026-08-04T16:42:36+08:00
BK1436,2026-08-04T00:00:00Z,277595,276849,278331,274992,277109,-260,-0.09,3240219,3404444807,1.74,0.85,0.00,0,1515210,1725009,210884230000,192411416000,-60083996,152424391,183530195,-31105804,653321424,682299616,-28978192,1149479200,1100287344,49191856,1375738016,1365783712,9954304,-1.76,-0.91,-0.85,1.44,0.29,0,34,15,18,1,0,0,36.43,0.00,0.00,0.00,,0.00,,0.00,EastMoney,2026-08-04T16:42:36+08:00
BK1437,2026-08-04T00:00:00Z,622326,633870,635372,618250,619150,14720,2.38,2004831,3901358641,2.74,1.00,0.00,0,1040920,963912,154449276000,128744151000,104402336,422645904,394352080,28293824,915879312,839770800,76108512,1161330368,1197741664,-36411296,1330269568,1405140928,-74871360,2.68,0.73,1.95,-0.93,-1.92,0,22,20,2,0,0,0,49.11,0.00,0.00,0.00,,0.00,,0.00,EastMoney,2026-08-04T16:42:36+08:00
BK1438,2026-08-04T00:00:00Z,774704,806067,806243,767267,768060,38007,4.95,3522471,6398508190,9.16,1.92,0.00,0,1824988,1697483,164871403000,143110463000,521934208,1034444656,554770832,479673824,1395914176,1353653792,42260384,1876357696,2039824832,-163467136,2011417328,2369884384,-358467056,8.16,7.50,0.66,-2.55,-5.60,0,13,11,2,0,0,0,72.39,0.00,0.00,0.00,,0.00,,0.00,EastMoney,2026-08-04T16:42:36+08:00
BK1439,2026-08-04T00:00:00Z,326927,335726,335770,323764,325890,9836,3.02,5148583,7948209698,5.12,1.05,0.00,0,2613132,2535451,201837808000,141948884000,285583632,886015504,670162240,215853264,1690802736,1621072368,69730368,2440794416,2536712912,-95918496,2760504192,2936278384,-175774192,3.59,2.72,0.88,-1.21,-2.21,0,21,20,1,0,0,0,158.06,0.00,0.00,0.00,,0.00,,0.00,EastMoney,2026-08-04T16:42:36+08:00
BK1440,2026-08-04T00:00:00Z,437995,445358,446890,436764,435704,9654,2.22,1673094,2443662979,1.89,0.86,0.00,0,797530,875564,103052445000,88127529000,5694120,171872278,138200382,33671896,445355904,473333680,-27977776,762802336,791949264,-29146928,1009319552,987713088,21606464,0.23,1.38,-1.14,-1.19,0.88,0,21,15,6,0,0,0,60.22,0.00,0.00,0.00,,0.00,,0.00,EastMoney,2026-08-04T16:42:36+08:00
BK1441,2026-08-04T00:00:00Z,386053,387149,389103,384717,384436,2713,0.71,1136246,918543132,2.54,1.16,0.00,0,522154,614092,50223394000,37003615000,-30312089,20674411,33181893,-12507482,173516176,191320783,-17804607,289062672,313462144,-24399472,381766224,342535856,39230368,-3.30,-1.36,-1.94,-2.66,4.27,0,15,8,7,0,0,0,569.82,0.00,0.00,0.00,,0.00,,0.00,EastMoney,2026-08-04T16:42:36+08:00
BK1442,2026-08-04T00:00:00Z,164957,165581,166427,164397,164761,820,0.50,422853,355250470,1.87,0.89,0.00,0,211788,211065,23616753000,21757549000,-6124041,8069983,6936895,1133088,62931636,70188765,-7257129,119146278,112551661,6594617,159115451,159586027,-470576,-1.72,0.32,-2.04,1.86,-0.13,0,6,2,3,1,0,0,77.13,0.00,0.00,0.00,,0.00,,0.00,EastMoney,2026-08-04T16:42:36+08:00
BK1443,2026-08-04T00:00:00Z,378087,388634,391098,376466,376212,12422,3.30,287587,1014772340,2.75,0.73,0.00,0,154417,133170,37374309000,37144140000,25231756,49685849,46265519,3420330,229121139,207309713,21811426,332427520,345338736,-12911216,389977024,402297552,-12320528,2.49,0.34,2.15,-1.27,-1.21,0,2,2,0,0,0,0,47.94,0.00,0.00,0.00,,0.00,,0.00,EastMoney,2026-08-04T16:42:36+08:00
BK1444,2026-08-04T00:00:00Z,778382,798388,799905,778382,770145,28243,3.67,37787373,56898490246,4.41,1.09,0.00,0,19135231,18652143,1377977888000,1188053888000,2993403648,7173807872,4997734144,2176073728,13427584512,12610254592,817329920,17376490752,18637945344,-1261454592,17060900864,18601518336,-1540617472,5.26,3.82,1.44,-2.22,-2.71,0,138,125,13,0,0,0,-210.36,0.00,0.00,0.00,,0.00,,0.00,EastMoney,2026-08-04T16:42:36+08:00
BK1445,2026-08-04T00:00:00Z,481603,493911,493911,477491,477888,16023,3.35,3351700,8367219464,1.90,1.00,0.00,0,1744351,1607349,531341824000,498179328000,236647440,1115352688,1069544256,45808432,2122825696,1931986688,190839008,2463398768,2555927168,-92528400,2461952416,2600399280,-138446864,2.83,0.55,2.28,-1.11,-1.65,0,26,23,2,1,0,0,24.37,0.00,0.00,0.00,,0.00,,0.00,EastMoney,2026-08-04T16:42:36+08:00
BK1446,2026-08-04T00:00:00Z,772160,786490,788661,768524,764914,21576,2.82,9176389,24916458038,2.96,0.94,0.00,0,4667222,4509167,930031136000,697206688000,1221951872,3235481392,2468288688,767192704,5782250240,5327491072,454759168,8158959872,8690312448,-531352576,7133400320,7787585024,-654184704,4.90,3.08,1.83,-2.13,-2.63,0,63,55,7,1,0,0,96.18,0.00,0.00,0.00,,0.00,,0.00,EastMoney,2026-08-04T16:42:36+08:00
BK1447,2026-08-04T00:00:00Z,815691,833559,835874,815473,809297,24262,3.00,19030638,37505451221,3.96,1.10,0.00,0,9662396,9368242,1052129536000,886382560000,684670720,5923191296,4794546432,1128644864,8598178816,9042152960,-443974144,11518230272,12091481088,-573250816,10609007872,10680684032,-71676160,1.83,3.01,-1.18,-1.53,-0.19,0,100,89,9,2,0,0,387.60,0.00,0.00,0.00,,0.00,,0.00,EastMoney,2026-08-04T16:42:36+08:00
BK1448,2026-08-04T00:00:00Z,618829,633036,633537,615391,611284,21752,3.56,9726239,25018802447,4.31,1.04,0.00,0,4892271,4833969,574843456000,530399920000,84439120,3414540752,3364618368,49922384,6517934336,6483417600,34516736,8364259072,8327760640,36498432,6125648384,6246585856,-120937472,0.34,0.20,0.14,0.15,-0.48,0,34,31,1,2,0,0,273.58,0.00,0.00,0.00,,0.00,,0.00,EastMoney,2026-08-04T16:42:36+08:00
BK1449,2026-08-04T00:00:00Z,186498,185247,186921,184197,186313,-1066,-0.57,1044983,1525026965,0.84,0.88,0.00,0,442092,602891,246254602000,173182270000,-187088404,113693693,157805921,-44112228,321176256,464152432,-142976176,468249024,485827424,-17578400,601358864,396692048,204666816,-12.27,-2.89,-9.38,-1.15,13.42,0,9,2,5,2,0,0,32.17,0.00,0.00,0.00,,0.00,,0.00,EastMoney,2026-08-04T16:42:36+08:00
BK1450,2026-08-04T00:00:00Z,1511032,1491580,1511032,1487905,1510062,-18482,-1.22,1258312,6418673185,0.91,0.98,0.00,0,582225,676087,915803680000,836889760000,-853232880,748775472,957039120,-208263648,1700751664,2345720896,-644969232,2150886208,1778582080,372304128,1732190176,1251261408,480928768,-13.29,-3.24,-10.05,5.80,7.49,0,4,0,4,0,0,0,11.95,0.00,0.00,0.00,,0.00,,0.00,EastMoney,2026-08-04T16:42:36+08:00
BK1451,2026-08-04T00:00:00Z,811235,819100,821778,807727,806354,12746,1.58,580810,773475950,1.99,0.92,0.00,0,271347,309462,33930431000,31257382000,5194670,29538778,21704476,7834302,144672046,147311678,-2639632,285625200,264566533,21058667,289208544,315461888,-26253344,0.67,1.01,-0.34,2.72,-3.39,0,6,3,2,1,0,0,33.83,0.00,0.00,0.00,,0.00,,0.00,EastMoney,2026-08-04T16:42:36+08:00
BK1452,2026-08-04T00:00:00Z,130381,129199,130737,128668,129771,-572,-0.44,166332,119531876,0.90,0.70,0.00,0,74315,92017,14287079000,13685254000,-9457736,0,0,0,8810245,18267981,-9457736,40757323,35084780,5672543,67748209,63963016,3785193,-7.91,0.00,-7.91,4.75,3.17,0,3,0,3,0,0,0,24.41,0.00,0.00,0.00,,0.00,,0.00,EastMoney,2026-08-04T16:42:36+08:00
BK1453,2026-08-04T00:00:00Z,413745,420187,421272,410949,411869,8318,2.02,1595263,1437735525,1.50,1.00,0.00,0,813514,781749,105412624000,105229815000,1331095,160001387,121302900,38698487,297437600,334804992,-37367392,433995008,434409200,-414192,518828656,519745568,-916912,0.09,2.69,-2.60,-0.03,-0.06,0,4,3,1,0,0,0,24.19,0.00,0.00,0.00,,0.00,,0.00,EastMoney,2026-08-04T16:42:36+08:00
BK1454,2026-08-04T00:00:00Z,255832,259296,260452,255053,255602,3694,1.45,562701,625696555,2.06,0.92,0.00,0,302072,260629,34827344000,32564095000,-28130041,10340530,16628489,-6287959,112358797,134200879,-21842082,212717774,203938204,8779570,279258464,259907998,19350466,-4.50,-1.00,-3.49,1.40,3.09,0,5,4,1,0,0,0,80.17,0.00,0.00,0.00,,0.00,,0.00,EastMoney,2026-08-04T16:42:36+08:00
BK1455,2026-08-04T00:00:00Z,475209,485593,485773,473142,472484,13109,2.77,3787071,7043983501,2.28,0.93,0.00,0,1962589,1824482,351318096000,302836848000,45536928,578341264,518479984,59861280,1488710592,1503034944,-14324352,2237857312,2275098272,-37240960,2582388064,2573996288,8391776,0.65,0.85,-0.20,-0.53,0.12,0,35,30,4,1,0,0,38.01,0.00,0.00,0.00,,0.00,,0.00,EastMoney,2026-08-04T16:42:36+08:00
BK1456,2026-08-04T00:00:00Z,111162,111052,112187,110273,110794,258,0.23,207715,120373693,1.44,1.14,0.00,0,97566,110149,9726329000,8852282000,-3038589,0,4555208,-4555208,24490241,22973622,1516619,38245281,38298514,-53233,55930485,52838663,3091822,-2.52,-3.78,1.26,-0.04,2.57,0,3,2,1,0,0,0,51.68,0.00,0.00,0.00,,0.00,,0.00,EastMoney,2026-08-04T16:42:36+08:00
BK1457,2026-08-04T00:00:00Z,203442,202766,204308,202103,202465,301,0.15,631567,529539986,1.18,0.97,0.00,0,297455,334112,72945810000,70180831000,-19447384,10614058,14399016,-3784958,77508040,93170466,-15662426,167453781,161190459,6263322,260866430,246408131,14458299,-3.67,-0.71,-2.96,1.18,2.73,0,11,4,6,1,0,0,22.09,0.00,0.00,0.00,,0.00,,0.00,EastMoney,2026-08-04T16:42:36+08:00
BK1458,2026-08-04T00:00:00Z,79821,79981,80937,79227,79105,876,1.11,91275,215699639,1.38,0.79,0.00,0,43037,48237,19232900000,18396453000,4718238,1049617,1029680,19937,42244346,37546045,4698301,59315378,58083169,1232209,65146339,68880687,-3734348,2.19,0.01,2.18,0.57,-1.73,0,4,3,1,0,0,0,40.89,0.00,0.00,0.00,,0.00,,0.00,EastMoney,2026-08-04T16:42:36+08:00
BK1459,2026-08-04T00:00:00Z,200139,200784,201505,197981,199281,1503,0.75,407960,1226669020,1.18,0.87,0.00,0,202923,205037,107358292000,102358598000,-60060480,59250824,88791218,-29540394,252250250,282770336,-30520086,405525440,436723152,-31197712,450646224,375728416,74917808,-4.90,-2.41,-2.49,-2.54,6.11,0,9,5,4,0,0,0,24.96,0.00,0.00,0.00,,0.00,,0.00,EastMoney,2026-08-04T16:42:36+08:00
BK1460,2026-08-04T00:00:00Z,262046,265733,266957,260831,261242,4491,1.72,1109328,1147048185,1.34,1.11,0.00,0,567713,541614,81685631000,61992872000,-32262911,68879386,58571193,10308193,214027415,256598519,-42571104,344530256,340396864,4133392,484574096,458110928,26463168,-2.81,0.90,-3.71,0.36,2.31,0,15,10,4,1,0,0,66.66,0.00,0.00,0.00,,0.00,,0.00,EastMoney,2026-08-04T16:42:36+08:00
BK1461,2026-08-04T00:00:00Z,184698,184618,185050,183589,184016,602,0.33,1875429,877080267,1.75,0.93,0.00,0,902742,972687,52463666000,46103620000,-42450672,38205039,83642444,-45437405,186033552,183046819,2986733,282547424,268685472,13861952,357272336,328683616,28588720,-4.84,-5.18,0.34,1.58,3.26,0,9,4,3,2,0,0,-31.67,0.00,0.00,0.00,,0.00,,0.00,EastMoney,2026-08-04T16:42:36+08:00
BK1462,2026-08-04T00:00:00Z,1354713,1420282,1431336,1339100,1341470,78812,5.88,6708178,23385318840,6.97,0.90,0.00,0,3734554,2973625,493316864000,390906944000,1132777952,4309371904,3232033568,1077338336,5681724416,5626284800,55439616,6671148800,7123897344,-452748544,6392911872,7072941312,-680029440,4.84,4.61,0.24,-1.94,-2.91,0,8,8,0,0,0,0,63.72,0.00,0.00,0.00,,0.00,,0.00,EastMoney,2026-08-04T16:42:36+08:00
BK1463,2026-08-04T00:00:00Z,194792,194065,195726,193459,193721,344,0.18,769877,387077920,1.45,0.91,0.00,0,372492,397386,27986609000,27567973000,-17151074,12379335,12346261,33074,61349910,78534058,-17184148,116682071,112124522,4557549,189262583,176669058,12593525,-4.43,0.01,-4.44,1.18,3.25,0,9,5,3,1,0,0,-26.37,0.00,0.00,0.00,,0.00,,0.00,EastMoney,2026-08-04T16:42:36+08:00
BK1464,2026-08-04T00:00:00Z,200494,199261,200567,197510,200174,-913,-0.46,2758117,2594413779,0.89,0.96,0.00,0,1133193,1624924,244004059000,201624458000,-174419974,151368878,184124660,-32755782,537015856,678680048,-141664192,839597728,783125008,56472720,1029252784,911305552,117947232,-6.72,-1.26,-5.46,2.18,4.55,0,14,3,11,0,0,0,69.13,0.00,0.00,0.00,,0.00,,0.00,EastMoney,2026-08-04T16:42:36+08:00
BK1465,2026-08-04T00:00:00Z,651671,662145,662269,640472,648392,13753,2.12,792937,796058026,2.55,1.07,0.00,0,373066,419871,38002844000,30564656000,-52328648,24624985,30009915,-5384930,149454326,196398044,-46943718,256270602,256380104,-109502,351424016,298985856,52438160,-6.57,-0.68,-5.90,-0.01,6.59,0,3,2,1,0,0,0,-235.62,0.00,0.00,0.00,,0.00,,0.00,EastMoney,2026-08-04T16:42:36+08:00
BK1466,2026-08-04T00:00:00Z,180968,179761,180968,177864,179757,4,0.00,767571,635229071,1.49,1.01,0.00,0,376561,391010,33542329000,30126534000,-11177952,27795688,53975025,-26179337,124502862,109501477,15001385,206140105,211719480,-5579375,266116407,249359080,16757327,-1.76,-4.12,2.36,-0.88,2.64,0,7,2,4,1,0,0,86.80,0.00,0.00,0.00,,0.00,,0.00,EastMoney,2026-08-04T16:42:36+08:00
BK1467,2026-08-04T00:00:00Z,191824,192465,192819,190908,191217,1248,0.65,471675,280532158,1.12,0.79,0.00,0,231193,240482,31818649000,27500904000,-17165184,8876900,18515769,-9638869,52656915,60183230,-7526315,89580316,93097013,-3516697,108768329,88087028,20681301,-6.12,-3.44,-2.68,-1.25,7.37,0,9,7,0,2,0,0,66.99,0.00,0.00,0.00,,0.00,,0.00,EastMoney,2026-08-04T16:42:36+08:00
BK1468,2026-08-04T00:00:00Z,436634,439981,440271,433094,434330,5651,1.30,1406415,1786361998,1.92,0.89,0.00,0,663883,742532,106951868000,94970659000,-11577977,68074143,64207256,3866887,319746000,335190864,-15444864,563662816,586142368,-22479552,807868688,773811168,34057520,-0.65,0.22,-0.86,-1.26,1.91,0,17,12,4,1,0,0,35.71,0.00,0.00,0.00,,0.00,,0.00,EastMoney,2026-08-04T16:42:36+08:00
BK1469,2026-08-04T00:00:00Z,92864,91462,92864,90225,91878,-416,-0.45,131917,221197499,1.00,0.66,0.00,0,57925,73992,23233661000,23233661000,-1970434,851762,5225268,-4373506,35848993,33445921,2403072,77720205,79507461,-1787256,101899138,98141448,3757690,-0.89,-1.98,1.09,-0.81,1.70,0,2,0,2,0,0,0,-38.13,0.00,0.00,0.00,,0.00,,0.00,EastMoney,2026-08-04T16:42:36+08:00
BK1470,2026-08-04T00:00:00Z,184185,182987,184365,182240,183693,-706,-0.38,5547362,2408779039,0.93,0.94,0.00,0,2072397,3474965,261368234000,251319543000,-70800624,289546000,374452240,-84906240,588870704,574765088,14105616,755521488,660484080,95037408,725033280,749270080,-24236800,-2.94,-3.52,0.59,3.95,-1.01,0,8,3,4,1,0,0,7.27,0.00,0.00,0.00,,0.00,,0.00,EastMoney,2026-08-04T16:42:36+08:00
BK1471,2026-08-04T00:00:00Z,77146,78247,78247,76879,76829,1418,1.85,6301934,9577324693,4.26,0.90,0.00,0,3244354,3057580,208898768000,183643555000,-328385312,986457712,1234128224,-247670512,1832270448,1912985248,-80714800,2974096000,2830462464,143633536,3566077296,3386476080,179601216,-3.43,-2.59,-0.84,1.50,1.88,0,46,30,14,2,0,0,52.92,0.00,0.00,0.00,,0.00,,0.00,EastMoney,2026-08-04T16:42:36+08:00
BK1472,2026-08-04T00:00:00Z,202256,200484,202715,200153,201733,-1249,-0.62,11846869,6682299723,0.95,1.19,0.00,0,4575948,7270922,748890240000,620909792000,-529462960,678477216,1099177664,-420700448,1355393456,1464155968,-108762512,2077253200,1838955136,238298064,2367954272,2084261488,283692784,-7.92,-6.30,-1.63,3.57,4.25,0,28,8,19,1,0,0,8.76,0.00,0.00,0.00,,0.00,,0.00,EastMoney,2026-08-04T16:42:36+08:00
BK1473,2026-08-04T00:00:00Z,325124,330026,331233,322817,323724,6302,1.95,3378846,1037475747,2.65,0.98,0.00,0,1527521,1851325,43102904000,37971051000,-17734496,36304630,33760376,2544254,242953236,263231986,-20278750,331924416,323445056,8479360,404320448,395065312,9255136,-1.71,0.25,-1.95,0.82,0.89,0,16,10,5,1,0,0,-5.15,0.00,0.00,0.00,,0.00,,0.00,EastMoney,2026-08-04T16:42:36+08:00
BK1474,2026-08-04T00:00:00Z,265766,262083,266220,261182,264616,-2533,-0.96,1364587,855686552,1.47,0.97,0.00,0,629413,735174,58074048000,47184329000,-42400476,31786489,31175288,611201,133642406,176654083,-43011677,272789968,273334256,-544288,404286240,361769952,42516288,-4.96,0.07,-5.03,-0.06,4.97,0,10,3,7,0,0,0,55.38,0.00,0.00,0.00,,0.00,,0.00,EastMoney,2026-08-04T16:42:36+08:00
BK1475,2026-08-04T00:00:00Z,250586,247622,250586,246214,249948,-2326,-0.93,931309,759172428,1.47,0.99,0.00,0,436538,494771,50308411000,49416703000,2223520,44137459,30761848,13375611,150543810,161695901,-11152091,254683232,256794367,-2111135,289567648,289680032,-112384,0.29,1.76,-1.47,-0.28,-0.01,0,4,2,2,0,0,0,12.52,0.00,0.00,0.00,,0.00,,0.00,EastMoney,2026-08-04T16:42:36+08:00
BK1476,2026-08-04T00:00:00Z,240392,240885,241498,238579,236030,4855,2.06,1094456,910065832,1.33,1.11,0.00,0,371446,723010,70775610000,69406815000,-28856883,135894531,179096744,-43202213,212897922,198552592,14345330,271794352,261353607,10440745,264805730,246389590,18416140,-3.17,-4.75,1.58,1.15,2.02,0,6,3,3,0,0,0,9.58,0.00,0.00,0.00,,0.00,,0.00,EastMoney,2026-08-04T16:42:36+08:00
BK1477,2026-08-04T00:00:00Z,315219,320770,321676,312077,312296,8474,2.71,5237086,6356691053,1.70,1.20,0.00,0,2388448,2848638,210391156000,198062175000,163340208,522531344,442770848,79760496,1234031792,1150452080,83579712,1906435536,1947068352,-40632816,2546729472,2668738784,-122009312,2.57,1.25,1.31,-0.64,-1.92,0,19,12,5,2,0,0,81.01,0.00,0.00,0.00,,0.00,,0.00,EastMoney,2026-08-04T16:42:36+08:00
BK1478,2026-08-04T00:00:00Z,78514,80019,80225,78185,77862,2157,2.77,3809157,2997748569,2.32,0.96,0.00,0,1900666,1908491,98556929000,87337876000,-32746331,253567806,202392249,51175557,562432608,646354496,-83921888,971309376,951627216,19682160,1132704048,1119639888,13064160,-1.09,1.71,-2.80,0.66,0.44,0,21,16,5,0,0,0,-76.15,0.00,0.00,0.00,,0.00,,0.00,EastMoney,2026-08-04T16:42:36+08:00
BK1479,2026-08-04T00:00:00Z,137889,135807,137897,135097,137576,-1769,-1.29,6290447,2613635228,0.69,0.93,0.00,0,2101662,4188785,447902016000,351069728000,-77636672,408886928,416577488,-7690560,583000768,652946880,-69946112,747166832,723078672,24088160,817400352,763851840,53548512,-2.97,-0.29,-2.68,0.92,2.05,0,9,1,8,0,0,0,31.44,0.00,0.00,0.00,,0.00,,0.00,EastMoney,2026-08-04T16:42:36+08:00
BK1480,2026-08-04T00:00:00Z,185714,182357,185752,182061,185185,-2828,-1.53,1324708,797632119,0.80,0.91,0.00,0,554754,769953,134466765000,125921098000,6368119,58388736,68608657,-10219921,188316484,171728444,16588040,226272082,224459663,1812419,313159936,321340480,-8180544,0.80,-1.28,2.08,0.23,-1.03,0,5,0,5,0,0,0,27.58,0.00,0.00,0.00,,0.00,,0.00,EastMoney,2026-08-04T16:42:36+08:00
BK1481,2026-08-04T00:00:00Z,164120,161324,164262,160948,163983,-2659,-1.62,5164923,2416613560,0.51,0.98,0.00,0,2220142,2944781,512263808000,469405040000,-37669062,169364833,181200839,-11836006,509688528,535521584,-25833056,733244016,704525600,28718416,959846976,950896336,8950640,-1.56,-0.49,-1.07,1.19,0.37,0,17,1,16,0,0,0,13.02,0.00,0.00,0.00,,0.00,,0.00,EastMoney,2026-08-04T16:42:36+08:00
BK1482,2026-08-04T00:00:00Z,156296,155052,156615,154618,155929,-877,-0.56,7356613,6984060980,1.27,0.98,0.00,0,3231089,4125524,672495056000,563914384000,-224060112,731209408,850721440,-119512032,1485898608,1590446688,-104548080,2196436480,2123233680,73202800,2409188976,2261208896,147980080,-3.21,-1.71,-1.50,1.05,2.12,0,20,6,14,0,0,0,13.34,0.00,0.00,0.00,,0.00,,0.00,EastMoney,2026-08-04T16:42:36+08:00
BK1483,2026-08-04T00:00:00Z,273863,268535,273913,268133,273690,-5155,-1.88,2920349,1749191054,0.68,1.04,0.00,0,1145118,1775230,362635248000,318142096000,-34866543,67804928,95507613,-27702685,266945310,274109168,-7163858,537355520,502027120,35328400,843112896,843574768,-461872,-1.99,-1.58,-0.41,2.02,-0.03,0,21,0,21,0,0,0,14.40,0.00,0.00,0.00,,0.00,,0.00,EastMoney,2026-08-04T16:42:36+08:00
BK1484,2026-08-04T00:00:00Z,146130,145761,146679,145435,145741,20,0.01,900151,467409505,2.09,1.16,0.00,0,414175,485977,27854533000,24240313000,-17816811,33252644,36334559,-3081915,85427082,100161978,-14734896,151910425,136855164,15055261,184275403,181513853,2761550,-3.81,-0.66,-3.15,3.22,0.59,0,8,3,4,1,0,0,108.36,0.00,0.00,0.00,,0.00,,0.00,EastMoney,2026-08-04T16:42:36+08:00
BK1485,2026-08-04T00:00:00Z,152264,149693,152348,149447,151943,-2250,-1.48,4309615,2317886999,0.53,0.93,0.00,0,1717882,2591733,403724784000,399381664000,-201507841,228987327,422464864,-193477537,516925680,524955984,-8030304,777026016,643451072,133574944,757459616,689526736,67932880,-8.69,-8.35,-0.35,5.76,2.93,0,7,1,6,0,0,0,18.53,0.00,0.00,0.00,,0.00,,0.00,EastMoney,2026-08-04T16:42:36+08:00
BK1486,2026-08-04T00:00:00Z,391283,390426,392845,387553,388816,1610,0.41,539722,473853858,1.16,1.03,0.00,0,249087,290635,32647693000,32390164000,7772847,22845155,25856103,-3010948,82444747,71660952,10783795,155748378,136720384,19027994,204539219,231340060,-26800841,1.64,-0.64,2.28,4.02,-5.66,0,6,3,3,0,0,0,46.12,0.00,0.00,0.00,,0.00,,0.00,EastMoney,2026-08-04T16:42:36+08:00
BK1487,2026-08-04T00:00:00Z,419856,425000,426248,418741,419371,5629,1.34,437810,235673477,1.09,0.87,0.00,0,215820,221990,23253420000,23219957000,7966998,11751847,8019974,3731873,40523552,36288427,4235125,70079119,73367288,-3288169,108501620,113180449,-4678829,3.38,1.58,1.80,-1.40,-1.99,0,4,2,2,0,0,0,-241.50,0.00,0.00,0.00,,0.00,,0.00,EastMoney,2026-08-04T16:42:36+08:00
BK1488,2026-08-04T00:00:00Z,159247,157743,159410,157102,159029,-1286,-0.81,1112819,883496771,0.88,0.98,0.00,0,488857,623962,172636073000,99106144000,-29733799,23272864,23412438,-139574,112496020,142090245,-29594225,266405890,270000592,-3594702,460175504,429113216,31062288,-3.37,-0.02,-3.35,-0.41,3.52,0,14,3,10,1,0,0,15.06,0.00,0.00,0.00,,0.00,,0.00,EastMoney,2026-08-04T16:42:36+08:00
BK1489,2026-08-04T00:00:00Z,552258,541680,553314,540862,550415,-8735,-1.59,945305,1680714678,0.76,0.94,0.00,0,420824,524481,286857184000,269265872000,-152563647,84188103,182620182,-98432079,333742112,387873680,-54131568,579708304,521531328,58176976,650570480,556183792,94386688,-9.08,-5.86,-3.22,3.46,5.62,0,4,0,4,0,0,0,14.95,0.00,0.00,0.00,,0.00,,0.00,EastMoney,2026-08-04T16:42:36+08:00
BK1490,2026-08-04T00:00:00Z,282165,278143,282178,277352,282180,-4037,-1.43,1895294,1069378989,1.13,1.04,0.00,0,790079,1105215,109020253000,103019960000,6749442,34266309,56146394,-21880085,227929928,199300401,28629527,356383520,338954192,17429328,428532496,452711264,-24178768,0.63,-2.05,2.68,1.63,-2.26,0,12,2,8,2,0,0,-13.58,0.00,0.00,0.00,,0.00,,0.00,EastMoney,2026-08-04T16:42:36+08:00
BK1491,2026-08-04T00:00:00Z,149501,150158,150926,148773,148891,1267,0.85,691255,565639956,2.65,0.87,0.00,0,319110,372145,21762901000,18490646000,-2910190,11875078,9116166,2758912,97974237,103643339,-5669102,171816239,168580177,3236062,275574112,275899984,-325872,-0.51,0.49,-1.00,0.57,-0.06,0,7,4,3,0,0,0,58.18,0.00,0.00,0.00,,0.00,,0.00,EastMoney,2026-08-04T16:42:36+08:00
BK1492,2026-08-04T00:00:00Z,74760,74585,75309,73620,74510,75,0.10,1815394,625223252,1.24,0.89,0.00,0,840886,974508,52888635000,52858244000,-27250924,16748019,35218434,-18470415,107381147,116161656,-8780509,193536753,175103874,18432879,296676688,287858640,8818048,-4.36,-2.95,-1.40,2.95,1.41,0,7,5,2,0,0,0,-15.13,0.00,0.00,0.00,,0.00,,0.00,EastMoney,2026-08-04T16:42:36+08:00
BK1493,2026-08-04T00:00:00Z,228338,228188,229536,225122,227822,366,0.16,6525486,7735565231,0.90,0.97,0.00,0,3202597,3322889,1900971504000,1462369424000,-594299120,430285984,621129808,-190843824,1599431808,2002887104,-403455296,2470503344,2492197360,-21694016,3118771856,2502778720,615993136,-7.68,-2.47,-5.22,-0.28,7.96,0,17,8,9,0,0,0,17.13,0.00,0.00,0.00,,0.00,,0.00,EastMoney,2026-08-04T16:42:36+08:00
BK1494,2026-08-04T00:00:00Z,116005,115488,116440,114021,115975,-487,-0.42,2704671,2052091787,1.09,0.88,0.00,0,1304056,1400615,201673478000,201154500000,346840,117086174,161478902,-44392728,410838400,366098832,44739568,643192912,620781232,22411680,853314784,876073312,-22758528,0.02,-2.16,2.18,1.09,-1.11,0,10,4,6,0,0,0,52.92,0.00,0.00,0.00,,0.00,,0.00,EastMoney,2026-08-04T16:42:36+08:00
BK1495,2026-08-04T00:00:00Z,116624,115894,117265,115499,116566,-672,-0.58,505317,778668900,1.57,0.90,0.00,0,233312,272005,53345652000,47945388000,-1711421,16390637,17932205,-1541568,128233368,128403221,-169853,239715460,212094446,27621014,379173776,405083376,-25909600,-0.22,-0.20,-0.02,3.55,-3.33,0,9,4,5,0,0,0,26.63,0.00,0.00,0.00,,0.00,,0.00,EastMoney,2026-08-04T16:42:36+08:00
BK1496,2026-08-04T00:00:00Z,56077,55301,56383,55087,55943,-642,-1.15,131510,212075483,1.44,0.73,0.00,0,57085,74425,19031307000,12265934000,-15315390,1391322,10227623,-8836301,22683353,29162442,-6479089,60255044,60659130,-404086,124498465,108778989,15719476,-7.22,-4.17,-3.06,-0.19,7.41,0,4,1,2,1,0,0,30.68,0.00,0.00,0.00,,0.00,,0.00,EastMoney,2026-08-04T16:42:36+08:00
BK1497,2026-08-04T00:00:00Z,202034,207626,207895,201513,202318,5308,2.62,583982,809444113,2.38,1.03,0.00,0,277596,306386,29493871000,24017565000,1763191,41055747,45765565,-4709818,177817296,171344287,6473009,203232264,200976117,2256147,213848670,200150670,13698000,0.22,-0.58,0.80,0.28,1.69,0,8,6,1,1,0,0,58.48,0.00,0.00,0.00,,0.00,,0.00,EastMoney,2026-08-04T16:42:36+08:00
BK1498,2026-08-04T00:00:00Z,147200,146801,148890,146437,146901,-100,-0.07,771644,1780937095,2.13,0.81,0.00,0,348127,423518,92781607000,80576199000,-55123938,63001574,73532120,-10530546,349419344,394012736,-44593392,612443504,624187056,-11743552,721927440,655059936,66867504,-3.10,-0.59,-2.50,-0.66,3.75,0,8,4,4,0,0,0,28.08,0.00,0.00,0.00,,0.00,,0.00,EastMoney,2026-08-04T16:42:36+08:00
BK1499,2026-08-04T00:00:00Z,60097,59908,60850,59343,59720,188,0.31,73248,23337800,0.79,1.20,0.00,0,25111,48137,5684226000,2942353000,1185622,0,1600000,-1600000,6997956,4212334,2785622,10737455,12346318,-1608863,5282005,4858763,423242,5.08,-6.86,11.94,-6.89,1.81,0,1,1,0,0,0,0,-9.19,0.00,0.00,0.00,,0.00,,0.00,EastMoney,2026-08-04T16:42:36+08:00
BK1500,2026-08-04T00:00:00Z,147966,147780,148673,146733,148102,-322,-0.22,105876,852725364,1.43,0.71,0.00,0,48125,57751,65466383000,47448878000,-63387650,58909155,120226657,-61317502,206007042,208077190,-2070148,299224432,267815579,31408853,223533739,193189686,30344053,-7.43,-7.19,-0.24,3.68,3.56,0,3,1,2,0,0,0,32.34,0.00,0.00,0.00,,0.00,,0.00,EastMoney,2026-08-04T16:42:36+08:00
BK1501,2026-08-04T00:00:00Z,430770,432563,433511,427539,429807,2756,0.64,667674,834002623,1.33,1.21,0.00,0,355991,311683,57959393000,52747306000,31700547,29006025,26838412,2167613,195580152,166047218,29532934,302894752,289512368,13382384,282520240,332274352,-49754112,3.80,0.26,3.54,1.60,-5.97,0,12,5,6,1,0,0,39.68,0.00,0.00,0.00,,0.00,,0.00,EastMoney,2026-08-04T16:42:36+08:00
BK1502,2026-08-04T00:00:00Z,416678,421700,423451,416515,416080,5620,1.35,1956306,1256212111,7.56,1.30,0.00,0,960149,996157,19155014000,18884552000,29379154,117509006,98904808,18604198,238603273,227828317,10774956,418087168,379610608,38476560,451595856,519451568,-67855712,2.34,1.48,0.86,3.06,-5.40,0,4,3,1,0,0,0,-44.60,0.00,0.00,0.00,,0.00,,0.00,EastMoney,2026-08-04T16:42:36+08:00
BK1503,2026-08-04T00:00:00Z,286713,289134,289958,284619,285459,3675,1.29,469066,679233959,1.66,0.89,0.00,0,220834,248232,39434388000,35717791000,16901108,38137718,39449925,-1312207,144928639,126715324,18213315,231143157,237737709,-6594552,237100109,250569584,-13469475,2.49,-0.19,2.68,-0.97,-1.98,0,6,4,2,0,0,0,54.54,0.00,0.00,0.00,,0.00,,0.00,EastMoney,2026-08-04T16:42:36+08:00
BK1504,2026-08-04T00:00:00Z,132075,131171,132642,130964,132045,-874,-0.66,393142,447104099,1.35,0.95,0.00,0,172313,220828,165487913000,30115827000,-29272632,13321560,36832662,-23511102,79958318,85719848,-5761530,138758539,131585578,7172961,207902943,185803270,22099673,-6.55,-5.26,-1.29,1.60,4.94,0,9,1,7,1,0,0,41.35,0.00,0.00,0.00,,0.00,,0.00,EastMoney,2026-08-04T16:42:36+08:00
BK1505,2026-08-04T00:00:00Z,230559,230338,232235,229106,230193,145,0.06,1561371,1366005346,1.67,0.94,0.00,0,742750,818621,72633510000,68356809000,-28157224,93305394,99933514,-6628120,271902192,293431296,-21529104,470110656,429609856,40500800,485398832,500751792,-15352960,-2.06,-0.49,-1.58,2.96,-1.12,0,13,5,7,1,0,0,55.79,0.00,0.00,0.00,,0.00,,0.00,EastMoney,2026-08-04T16:42:36+08:00
BK1506,2026-08-04T00:00:00Z,214458,213223,214910,212274,214927,-1704,-0.79,221950,98079513,1.14,0.97,0.00,0,87396,134554,9778440000,8686366000,-5134436,2085422,7106152,-5020730,19385427,19499133,-113706,32342120,28156530,4185590,37659706,38955816,-1296110,-5.23,-5.12,-0.12,4.27,-1.32,0,3,0,3,0,0,0,49.65,0.00,0.00,0.00,,0.00,,0.00,EastMoney,2026-08-04T16:42:36+08:00
BK1507,2026-08-04T00:00:00Z,155342,153863,156066,152914,154538,-675,-0.44,271428,823801310,3.58,0.73,0.00,0,123932,147497,31747454000,21012711000,-67175923,24717097,38224593,-13507496,171897351,225565778,-53668427,266045094,263080182,2964912,337612144,273875456,63736688,-8.15,-1.64,-6.51,0.36,7.74,0,4,1,3,0,0,0,28.98,0.00,0.00,0.00,,0.00,,0.00,EastMoney,2026-08-04T16:42:36+08:00
BK1508,2026-08-04T00:00:00Z,177015,175351,177748,174374,176337,-986,-0.56,1642855,751970237,1.19,1.03,0.00,0,659780,983075,71926105000,67157779000,-27004279,32411076,36848413,-4437337,119650217,142217159,-22566942,228275637,230053771,-1778134,360365856,331583456,28782400,-3.59,-0.59,-3.00,-0.24,3.83,0,9,4,4,1,0,0,-11.22,0.00,0.00,0.00,,0.00,,0.00,EastMoney,2026-08-04T16:42:36+08:00
BK1509,2026-08-04T00:00:00Z,578391,569154,581011,567545,577992,-8838,-1.53,338506,601049718,1.06,0.94,0.00,0,138709,199797,91092393000,90947840000,-34829396,11906115,31664898,-19758783,98712396,113783009,-15070613,219747582,226253473,-6505891,263113916,221778630,41335286,-5.79,-3.29,-2.51,-1.08,6.88,0,4,1,3,0,0,0,24.19,0.00,0.00,0.00,,0.00,,0.00,EastMoney,2026-08-04T16:42:36+08:00
BK1510,2026-08-04T00:00:00Z,75752,76004,76319,75292,75651,353,0.47,273973,81972212,0.87,0.81,0.00,0,134853,139120,8205922000,7843671000,-2920199,1114423,0,1114423,10928329,14962951,-4034622,29755223,30627185,-871962,36169583,32377422,3792161,-3.56,1.36,-4.92,-1.06,4.63,0,3,2,1,0,0,0,-307.74,0.00,0.00,0.00,,0.00,,0.00,EastMoney,2026-08-04T16:42:36+08:00
BK1511,2026-08-04T00:00:00Z,313565,310028,313882,308313,312985,-2957,-0.94,760497,784805208,1.68,0.83,0.00,0,369361,391137,65822530000,54394791000,-41591885,9442334,30301973,-20859639,122018115,142750361,-20732246,248435447,248715569,-280122,391425232,349553216,41872016,-5.30,-2.66,-2.64,-0.04,5.34,0,8,1,7,0,0,0,28.93,0.00,0.00,0.00,,0.00,,0.00,EastMoney,2026-08-04T16:42:36+08:00
BK1512,2026-08-04T00:00:00Z,379518,377458,381676,376387,378853,-1395,-0.37,3435815,4650981568,1.40,0.98,0.00,0,1376349,2059466,399420128000,289162960000,-412689120,577042480,750868624,-173826144,1044587568,1283450544,-238862976,1466753744,1347397408,119356336,1494872960,1201540192,293332768,-8.87,-3.74,-5.14,2.57,6.31,0,11,2,9,0,0,0,69.25,0.00,0.00,0.00,,0.00,,0.00,EastMoney,2026-08-04T16:42:36+08:00
BK1513,2026-08-04T00:00:00Z,101566,100681,102085,99757,101364,-683,-0.67,87963,71458082,1.18,0.91,0.00,0,37656,50307,5355288000,5158789000,-4891692,0,58392,-58392,5068698,9901998,-4833300,22252216,22139303,112913,43291178,38512399,4778779,-6.85,-0.08,-6.76,0.16,6.69,0,3,0,3,0,0,0,46.60,0.00,0.00,0.00,,0.00,,0.00,EastMoney,2026-08-04T16:42:36+08:00
BK1514,2026-08-04T00:00:00Z,61662,61261,62032,60843,61357,-96,-0.16,756645,245293147,2.01,0.80,0.00,0,331203,425442,11278219000,11211652000,-13795146,4421402,3296532,1124870,36235413,51155429,-14920016,75736642,79412442,-3675800,121509780,104038835,17470945,-5.62,0.46,-6.08,-1.50,7.12,0,4,1,2,1,0,0,-7.04,0.00,0.00,0.00,,0.00,,0.00,EastMoney,2026-08-04T16:42:36+08:00
BK1515,2026-08-04T00:00:00Z,90934,90005,91281,89585,91207,-1202,-1.32,269907,296088413,0.86,0.90,0.00,0,123761,146146,33225969000,33225969000,2681616,16251245,19126078,-2874833,58616910,53060461,5556449,82992883,83358003,-365120,134148421,136464917,-2316496,0.91,-0.97,1.88,-0.12,-0.78,0,2,0,2,0,0,0,19.72,0.00,0.00,0.00,,0.00,,0.00,EastMoney,2026-08-04T16:42:36+08:00
BK1516,2026-08-04T00:00:00Z,88480,87980,89012,87120,87824,156,0.18,2283364,1138348407,2.93,1.28,0.00,0,1085129,1198235,39212745000,39212745000,-66244599,46173365,91032753,-44859388,199442782,220827993,-21385211,392175792,329149760,63026032,471308256,468089680,3218576,-5.82,-3.94,-1.88,5.54,0.28,0,5,3,2,0,0,0,-204.90,0.00,0.00,0.00,,0.00,,0.00,EastMoney,2026-08-04T16:42:36+08:00
BK1517,2026-08-04T00:00:00Z,124532,124942,126088,123788,124044,898,0.72,382271,317619627,3.00,1.02,0.00,0,180854,201417,11691575000,10554672000,-9937358,4023738,13475068,-9451330,50303646,50789674,-486028,103707732,92096153,11611579,156393577,158067798,-1674221,-3.13,-2.98,-0.15,3.66,-0.53,0,4,3,1,0,0,0,13.11,0.00,0.00,0.00,,0.00,,0.00,EastMoney,2026-08-04T16:42:36+08:00
BK1518,2026-08-04T00:00:00Z,359328,355868,359626,353604,360038,-4170,-1.16,1799732,1076989212,2.67,0.97,0.00,0,817246,982486,49662484000,45147396000,-37950282,38824180,39036902,-212722,196860249,234597809,-37737560,377242928,369388496,7854432,406485936,381214224,25271712,-3.52,-0.02,-3.50,0.73,2.35,0,10,1,9,0,0,0,185.72,0.00,0.00,0.00,,0.00,,0.00,EastMoney,2026-08-04T16:42:36+08:00
BK1519,2026-08-04T00:00:00Z,496675,488979,498345,486463,501508,-12529,-2.50,2407814,9112213033,2.17,0.87,0.00,0,1030008,1377806,970904944000,444934608000,-1796687264,1071763392,2124700656,-1052937264,2060146160,2803896160,-743750000,3050645168,2460837328,589807840,2793467248,1586587824,1206879424,-19.72,-11.56,-8.16,6.47,13.24,0,3,0,3,0,0,0,33.44,0.00,0.00,0.00,,0.00,,0.00,EastMoney,2026-08-04T16:42:36+08:00
BK1520,2026-08-04T00:00:00Z,261311,256576,261920,256245,261689,-5113,-1.95,2829194,2338130851,0.77,0.89,0.00,0,1028271,1800923,400686128000,340297008000,-227195335,137662194,239460377,-101798183,406656384,532053536,-125397152,695780896,759283392,-63502496,1068921088,778223264,290697824,-9.72,-4.35,-5.36,-2.72,12.43,0,6,1,5,0,0,0,29.94,0.00,0.00,0.00,,0.00,,0.00,EastMoney,2026-08-04T16:42:36+08:00
BK1521,2026-08-04T00:00:00Z,357264,354961,357264,352830,357125,-2164,-0.61,727968,1603334640,0.92,0.84,0.00,0,338313,389655,162140439000,142969850000,-22477124,68769909,106135705,-37365796,319408976,304520304,14888672,537594832,543402432,-5807600,639376016,609061952,30314064,-1.40,-2.33,0.93,-0.36,1.89,0,9,4,5,0,0,0,31.15,0.00,0.00,0.00,,0.00,,0.00,EastMoney,2026-08-04T16:42:36+08:00
BK1522,2026-08-04T00:00:00Z,187874,185139,187874,183563,184206,933,0.51,728578,1044039562,2.38,1.46,0.00,0,313580,414998,75507603000,56903748000,-23277027,44041941,77295525,-33253584,251705558,241729001,9976557,357962064,355286992,2675072,369889296,349287344,20601952,-2.23,-3.19,0.96,0.26,1.97,0,11,3,7,1,0,0,21.05,0.00,0.00,0.00,,0.00,,0.00,EastMoney,2026-08-04T16:42:36+08:00
BK1523,2026-08-04T00:00:00Z,135310,134216,135740,133651,135052,-836,-0.62,416120,156369142,0.86,0.95,0.00,0,183948,232172,18612222000,17720396000,-8240528,6806000,12676960,-5870960,28457736,30827304,-2369568,42035091,41336485,698606,73307971,67442941,5865030,-5.27,-3.75,-1.52,0.45,3.75,0,6,1,4,1,0,0,88.34,0.00,0.00,0.00,,0.00,,0.00,EastMoney,2026-08-04T16:42:36+08:00
BK1524,2026-08-04T00:00:00Z,103793,106482,107562,103267,103623,2859,2.76,615943,506513212,2.63,0.93,0.00,0,327024,288920,14515630000,14393837000,-8692534,37575188,38700704,-1125516,105203847,112770865,-7567018,143189271,159644762,-16455491,215864437,190716413,25148024,-1.72,-0.22,-1.49,-3.25,4.96,0,3,2,1,0,0,0,778.07,0.00,0.00,0.00,,0.00,,0.00,EastMoney,2026-08-04T16:42:36+08:00
BK1525,2026-08-04T00:00:00Z,469853,472313,473656,467135,468658,3655,0.78,3205050,5646091838,1.36,0.91,0.00,0,1535717,1669333,471730464000,393666144000,-10145456,394685056,314192592,80492464,1123161248,1213799168,-90637920,1679958944,1839849200,-159890256,2217432288,2067771584,149660704,-0.18,1.43,-1.61,-2.83,2.65,0,43,23,19,1,0,0,18.06,0.00,0.00,0.00,,0.00,,0.00,EastMoney,2026-08-04T16:42:36+08:00
BK1526,2026-08-04T00:00:00Z,392607,395039,395773,389740,391322,3717,0.95,18511007,21898197732,2.95,1.30,0.00,0,9614090,8896917,1049865568000,862394064000,513056560,2004468688,1424296352,580172336,4803664640,4870780416,-67115776,6975843584,7338028800,-362185216,7623213568,7817218048,-194004480,2.34,2.65,-0.31,-1.65,-0.89,0,115,67,43,5,0,0,30.24,0.00,0.00,0.00,,0.00,,0.00,EastMoney,2026-08-04T16:42:36+08:00
BK1527,2026-08-04T00:00:00Z,274718,272458,274936,271226,273960,-1502,-0.55,2661909,2638821651,1.52,1.06,0.00,0,1186946,1474963,240854529000,195892217000,-138802205,107041885,210245498,-103203613,488260064,523858656,-35598592,897841104,845320960,52520144,1101651232,1015369168,86282064,-5.26,-3.91,-1.35,1.99,3.27,0,21,6,14,1,0,0,17.00,0.00,0.00,0.00,,0.00,,0.00,EastMoney,2026-08-04T16:42:36+08:00
BK1528,2026-08-04T00:00:00Z,438578,445803,446171,436423,436841,8962,2.05,3828455,7359802159,2.17,1.04,0.00,0,1919792,1908663,309015376000,264832959000,234603024,618750672,466008416,152742256,1570479504,1488618736,81860768,2208122336,2395985552,-187863216,2813815824,2864179920,-50364096,3.19,2.08,1.11,-2.55,-0.68,0,56,39,16,1,0,0,44.45,0.00,0.00,0.00,,0.00,,0.00,EastMoney,2026-08-04T16:42:36+08:00
BK1529,2026-08-04T00:00:00Z,341811,345677,346651,339555,340447,5230,1.54,4545880,6718467470,1.99,0.96,0.00,0,2253158,2292723,436001632000,317770144000,-7357488,343962000,316134592,27827408,1425825104,1461010000,-35184896,2074964912,2174152144,-99187232,2761121088,2655524576,105596512,-0.11,0.41,-0.52,-1.48,1.57,0,42,31,10,1,0,0,33.67,0.00,0.00,0.00,,0.00,,0.00,EastMoney,2026-08-04T16:42:36+08:00
BK1530,2026-08-04T00:00:00Z,197867,194511,197892,194211,198093,-3582,-1.81,3335512,4017061729,1.52,0.90,0.00,0,1396379,1939133,185679460000,176895006000,-335046176,361779072,651907136,-290128064,971840224,1016758336,-44918112,1205434880,1168210688,37224192,1405009968,1107187984,297821984,-8.34,-7.22,-1.12,0.93,7.41,0,9,1,8,0,0,0,50.70,0.00,0.00,0.00,,0.00,,0.00,EastMoney,2026-08-04T16:42:36+08:00
BK1531,2026-08-04T00:00:00Z,338497,334980,339230,332940,339090,-4110,-1.21,896889,1088592784,1.74,0.77,0.00,0,400611,496278,90283513000,90266345000,-30910602,48306225,52594605,-4288380,203814707,230436929,-26622222,320287584,403943072,-83655488,504641776,390075680,114566096,-2.84,-0.39,-2.45,-7.68,10.52,0,5,1,4,0,0,0,15.02,0.00,0.00,0.00,,0.00,,0.00,EastMoney,2026-08-04T16:42:36+08:00
BK1532,2026-08-04T00:00:00Z,280051,283359,283527,276986,278727,4632,1.66,1814557,1911625336,2.42,0.80,0.00,0,902113,912444,52576161000,49147054000,-15144634,80651634,100266604,-19614970,368521568,364051232,4470336,592074064,608961472,-16887408,831412112,799380064,32032048,-0.79,-1.03,0.23,-0.88,1.68,0,7,5,2,0,0,0,37.17,0.00,0.00,0.00,,0.00,,0.00,EastMoney,2026-08-04T16:42:36+08:00
BK1533,2026-08-04T00:00:00Z,374262,380814,381256,372927,373709,7105,1.90,887171,930228909,2.07,0.86,0.00,0,418639,468532,40851856000,36803143000,57811848,61813577,22792180,39021397,159408373,140617922,18790451,306649856,285750432,20899424,365638064,442972208,-77334144,6.21,4.19,2.02,2.25,-8.31,0,9,7,2,0,0,0,27.66,0.00,0.00,0.00,,0.00,,0.00,EastMoney,2026-08-04T16:42:36+08:00
BK1534,2026-08-04T00:00:00Z,368268,366883,369437,365738,367204,-321,-0.09,249599,191488858,2.52,1.26,0.00,0,122468,127131,13479967000,8201051000,-1124261,7691748,5024784,2666964,32945087,36736312,-3791225,62247636,60021985,2225651,81621407,84304610,-2683203,-0.59,1.39,-1.98,1.16,-1.40,0,4,1,3,0,0,0,42.99,0.00,0.00,0.00,,0.00,,0.00,EastMoney,2026-08-04T16:42:36+08:00
BK1535,2026-08-04T00:00:00Z,182360,186315,186436,181950,181873,4442,2.44,2835390,2157489400,2.37,0.98,0.00,0,1495203,1340187,117011950000,90972197000,76884597,196072793,151263876,44808917,442983648,410907968,32075680,641740624,687019024,-45278400,831921616,861148832,-29227216,3.56,2.08,1.49,-2.10,-1.35,0,21,14,6,1,0,0,73.89,0.00,0.00,0.00,,0.00,,0.00,EastMoney,2026-08-04T16:42:36+08:00
BK1536,2026-08-04T00:00:00Z,123205,123968,124468,122239,122796,1172,0.95,357816,248264453,1.64,0.73,0.00,0,173961,183855,15470776000,14074198000,2087507,1289587,2720485,-1430898,39520906,36002501,3518405,84086869,78430816,5656053,110817081,115459392,-4642311,0.84,-0.58,1.42,2.28,-1.87,0,6,6,0,0,0,0,-92.46,0.00,0.00,0.00,,0.00,,0.00,EastMoney,2026-08-04T16:42:36+08:00
BK1537,2026-08-04T00:00:00Z,234280,236421,236781,232499,233522,2899,1.24,1359726,1401406389,1.66,0.86,0.00,0,637013,722714,99124200000,87575098000,30494397,59766957,46251301,13515656,257817156,240838415,16978741,467292432,491508848,-24216416,589760768,596971328,-7210560,2.18,0.96,1.21,-1.73,-0.51,0,17,8,8,1,0,0,54.97,0.00,0.00,0.00,,0.00,,0.00,EastMoney,2026-08-04T16:42:36+08:00
BK1538,2026-08-04T00:00:00Z,138051,139777,140800,137052,137207,2570,1.87,833445,925968123,1.80,0.74,0.00,0,415951,417493,71491370000,49306206000,-4743437,31973495,32520034,-546539,164482369,168679267,-4196898,294329568,306582160,-12252592,419930912,402934880,16996032,-0.51,-0.06,-0.45,-1.32,1.84,0,12,7,4,1,0,0,54.24,0.00,0.00,0.00,,0.00,,0.00,EastMoney,2026-08-04T16:42:36+08:00
BK1539,2026-08-04T00:00:00Z,638477,651610,651610,635422,635508,16102,2.53,1108839,1267951516,2.32,1.10,0.00,0,540951,567888,69353147000,62024569000,-3757521,81487053,62899800,18587253,221706787,244051561,-22344774,384120640,361622896,22497744,526780896,548531712,-21750816,-0.30,1.47,-1.76,1.77,-1.72,0,16,8,7,1,0,0,31.21,0.00,0.00,0.00,,0.00,,0.00,EastMoney,2026-08-04T16:42:36+08:00
BK1540,2026-08-04T00:00:00Z,609994,612633,615024,607925,607416,5217,0.86,1331014,1582617992,1.66,0.95,0.00,0,587922,743092,182686481000,153312703000,-41711717,46053142,51680241,-5627099,262048646,298133264,-36084618,512103632,526753776,-14650144,740229584,683867696,56361888,-2.64,-0.36,-2.28,-0.93,3.56,0,25,12,12,1,0,0,28.28,0.00,0.00,0.00,,0.00,,0.00,EastMoney,2026-08-04T16:42:36+08:00
BK1541,2026-08-04T00:00:00Z,61205,61010,61567,60680,61104,-94,-0.15,360924,250134505,1.21,0.97,0.00,0,163358,197566,31401425000,26732030000,-5225311,0,3213345,-3213345,27597162,29609128,-2011966,75508175,73321317,2186858,143009382,139970928,3038454,-2.09,-1.28,-0.80,0.87,1.21,0,7,4,3,0,0,0,66.36,0.00,0.00,0.00,,0.00,,0.00,EastMoney,2026-08-04T16:42:36+08:00
BK1542,2026-08-04T00:00:00Z,268496,269088,271274,266072,267133,1955,0.73,538217,518638646,2.26,1.33,0.00,0,274490,263727,38419059000,36962785000,-3847916,12400179,17024452,-4624273,92303113,91526756,776357,157852495,165074702,-7222207,248671122,237600999,11070123,-0.74,-0.89,0.15,-1.39,2.13,0,5,2,3,0,0,0,21.56,0.00,0.00,0.00,,0.00,,0.00,EastMoney,2026-08-04T16:42:36+08:00
BK1543,2026-08-04T00:00:00Z,241082,242220,243031,240193,239024,3196,1.34,1239405,1337417702,2.33,0.75,0.00,0,560579,678826,66633157000,56420945000,-16650257,63916065,52621270,11294795,186999118,214944170,-27945052,414889184,427611104,-12721920,618796720,589424544,29372176,-1.24,0.84,-2.09,-0.95,2.20,0,16,12,4,0,0,0,514.70,0.00,0.00,0.00,,0.00,,0.00,EastMoney,2026-08-04T16:42:36+08:00
BK1544,2026-08-04T00:00:00Z,193910,192164,194239,191489,193741,-1577,-0.81,2609413,1157074528,1.42,1.04,0.00,0,1019669,1589744,90816282000,85618492000,-35146276,69525064,112270647,-42745583,229963041,222363734,7599307,387219504,345195312,42024192,448725264,455603184,-6877920,-3.04,-3.69,0.66,3.63,-0.59,0,12,2,10,0,0,0,-16.14,0.00,0.00,0.00,,0.00,,0.00,EastMoney,2026-08-04T16:42:36+08:00
BK1545,2026-08-04T00:00:00Z,240066,241807,241826,238379,238481,3326,1.39,3727490,2060552266,4.51,1.60,0.00,0,1983151,1744339,70045633000,67282239000,39689059,89040160,85429645,3610515,397045408,360966864,36078544,701093440,633804688,67288752,813746448,920202528,-106456080,1.93,0.18,1.75,3.27,-5.17,0,13,8,5,0,0,0,33.24,0.00,0.00,0.00,,0.00,,0.00,EastMoney,2026-08-04T16:42:36+08:00
BK1546,2026-08-04T00:00:00Z,212548,217530,218500,211291,211045,6485,3.07,1127550,1517769777,3.31,0.86,0.00,0,568973,558577,38935488000,32492487000,-54205362,42486388,54340566,-11854178,270989008,313340192,-42351184,516072016,524202544,-8130528,659988000,597652096,62335904,-3.57,-0.78,-2.79,-0.54,4.11,0,8,7,1,0,0,0,493.53,0.00,0.00,0.00,,0.00,,0.00,EastMoney,2026-08-04T16:42:36+08:00
BK1547,2026-08-04T00:00:00Z,241832,251437,251718,241223,239797,11640,4.85,2101426,2265592237,6.09,0.90,0.00,0,1094953,1006474,53398178000,37706242000,82102767,196199384,135006729,61192655,432621344,411711232,20910112,687784544,749596304,-61811760,798662816,811406912,-12744096,3.62,2.70,0.92,-2.73,-0.56,0,8,8,0,0,0,0,40.91,0.00,0.00,0.00,,0.00,,0.00,EastMoney,2026-08-04T16:42:36+08:00
BK1548,2026-08-04T00:00:00Z,102133,102312,102774,100682,101894,418,0.41,322313,237315786,0.32,0.81,0.00,0,142681,179632,25712750000,25698633000,-24425559,7690620,14437708,-6747088,68933414,86611885,-17678471,82239310,69306046,12933264,73487578,61995282,11492296,-10.29,-2.84,-7.45,5.45,4.84,0,2,1,0,1,0,0,18.42,0.00,0.00,0.00,,0.00,,0.00,EastMoney,2026-08-04T16:42:36+08:00
BK1549,2026-08-04T00:00:00Z,640979,632487,644378,630289,642799,-10312,-1.60,562721,2216879581,1.47,0.82,0.00,0,243409,319312,127183833000,120063088000,-312279692,195527492,318946336,-123418844,551485296,740346144,-188860848,715080272,635703632,79376640,723806448,490903392,232903056,-14.09,-5.57,-8.52,3.58,10.51,0,2,0,2,0,0,0,39.83,0.00,0.00,0.00,,0.00,,0.00,EastMoney,2026-08-04T16:42:36+08:00
BK1550,2026-08-04T00:00:00Z,963199,957191,966801,953001,960042,-2851,-0.30,1537694,1029926821,0.84,0.78,0.00,0,720915,816779,141705442000,141035961000,-45797941,51718642,43077958,8640684,170676182,225114807,-54438625,316050880,306409392,9641488,468590032,432433568,36156464,-4.45,0.84,-5.29,0.94,3.51,0,14,5,9,0,0,0,20.03,0.00,0.00,0.00,,0.00,,0.00,EastMoney,2026-08-04T16:42:36+08:00
BK1551,2026-08-04T00:00:00Z,183889,185184,185720,182655,183498,1686,0.92,5043971,2536067211,1.72,0.80,0.00,0,2461966,2582006,113727243000,109139173000,38308465,196431572,143834563,52597009,464735888,479024432,-14288544,820006448,849144112,-29137664,1003899952,1013070752,-9170800,1.51,2.07,-0.56,-1.15,-0.36,0,19,10,8,1,0,0,-45.51,0.00,0.00,0.00,,0.00,,0.00,EastMoney,2026-08-04T16:42:36+08:00
BK1552,2026-08-04T00:00:00Z,167021,166977,168363,166069,166708,269,0.16,3091145,1527675043,2.11,0.62,0.00,0,1417342,1673803,68573025000,65775516000,-73992110,71774938,98038984,-26264046,272430064,320158128,-47728064,492514480,500483968,-7969488,659855312,577893728,81961584,-4.84,-1.72,-3.12,-0.52,5.37,0,7,4,2,1,0,0,-28.77,0.00,0.00,0.00,,0.00,,0.00,EastMoney,2026-08-04T16:42:36+08:00
BK1553,2026-08-04T00:00:00Z,139339,138061,139988,137697,138993,-932,-0.67,1658024,1000521567,1.51,0.83,0.00,0,763663,894361,64398746000,58500907000,-33339517,23097437,30991167,-7893730,164069819,189515606,-25445787,302003504,297004512,4998992,495923152,467582640,28340512,-3.33,-0.79,-2.54,0.50,2.83,0,16,5,11,0,0,0,23.79,0.00,0.00,0.00,,0.00,,0.00,EastMoney,2026-08-04T16:42:36+08:00
BK1554,2026-08-04T00:00:00Z,169959,168808,170509,168173,169634,-826,-0.49,3926127,2829157111,1.28,0.80,0.00,0,1750756,2175371,187738684000,176844876000,-109023878,196039608,223963166,-27923558,569058160,650158480,-81100320,837843440,894179376,-56335936,1156906768,991546976,165359792,-3.85,-0.99,-2.87,-1.99,5.84,0,18,6,11,1,0,0,-8.06,0.00,0.00,0.00,,0.00,,0.00,EastMoney,2026-08-04T16:42:36+08:00
BK1555,2026-08-04T00:00:00Z,132749,132012,132980,131122,132166,-154,-0.12,934622,983684394,1.96,0.85,0.00,0,426324,508297,46298203000,44499961000,-52370742,25690224,54561850,-28871626,181455818,204954934,-23499116,350106640,330511424,19595216,407349680,374574160,32775520,-5.32,-2.94,-2.39,1.99,3.33,0,7,4,3,0,0,0,96.00,0.00,0.00,0.00,,0.00,,0.00,EastMoney,2026-08-04T16:42:36+08:00
BK1556,2026-08-04T00:00:00Z,76023,78767,80002,76023,76119,2648,3.48,1116587,303857217,4.05,1.12,0.00,0,610983,505604,9317334000,8368392000,11500287,2238120,5839632,-3601512,86068456,70966657,15101799,111527614,109697323,1830291,99813115,113143693,-13330578,3.78,-1.19,4.97,0.60,-4.39,0,2,2,0,0,0,0,-248.70,0.00,0.00,0.00,,0.00,,0.00,EastMoney,2026-08-04T16:42:36+08:00
BK1557,2026-08-04T00:00:00Z,483396,493065,493401,479471,480223,12842,2.67,4481320,3044575476,4.70,0.92,0.00,0,2407103,2074217,62592096000,59146715000,59224618,292379904,198286342,94093562,638031600,672900544,-34868944,911383744,975135120,-63751376,1031937632,1027410880,4526752,1.95,3.09,-1.15,-2.09,0.15,0,12,8,4,0,0,0,-317.64,0.00,0.00,0.00,,0.00,,0.00,EastMoney,2026-08-04T16:42:36+08:00
BK1558,2026-08-04T00:00:00Z,195461,204650,205611,194752,195187,9463,4.85,868097,466297252,5.41,1.75,0.00,0,454162,413935,10176456000,10176442000,35417681,99426320,79456188,19970132,118130350,102682801,15447549,116530227,132078448,-15548221,125101003,144970462,-19869459,7.60,4.28,3.31,-3.33,-4.26,0,2,1,1,0,0,0,206.61,0.00,0.00,0.00,,0.00,,0.00,EastMoney,2026-08-04T16:42:36+08:00
BK1559,2026-08-04T00:00:00Z,138296,136431,139147,135943,137879,-1448,-1.05,392792,256079614,2.08,0.75,0.00,0,173658,219134,11449282000,10944680000,-23770096,0,8437114,-8437114,35423711,50756693,-15332982,79685425,82443332,-2757907,134408592,107880589,26528003,-9.28,-3.29,-5.99,-1.08,10.36,0,4,0,4,0,0,0,-91.47,0.00,0.00,0.00,,0.00,,0.00,EastMoney,2026-08-04T16:42:36+08:00
BK1560,2026-08-04T00:00:00Z,226417,224978,227987,224100,227364,-2386,-1.05,1502552,1062872575,3.99,1.04,0.00,0,731226,771326,44277965000,42479204000,-25798704,28634341,60602164,-31967823,187428497,181259378,6169119,344982848,324104128,20878720,466276848,461356848,4920000,-2.43,-3.01,0.58,1.96,0.46,0,6,2,4,0,0,0,25.35,0.00,0.00,0.00,,0.00,,0.00,EastMoney,2026-08-04T16:42:36+08:00
BK1561,2026-08-04T00:00:00Z,160947,160166,161641,159371,160430,-264,-0.16,988020,612284543,1.80,0.76,0.00,0,459360,528660,38118618000,30991357000,-39034984,14050451,16449834,-2399383,85847598,122483199,-36635601,189176287,184127964,5048323,314734832,280748176,33986656,-6.38,-0.39,-5.98,0.82,5.55,0,9,5,4,0,0,0,167.19,0.00,0.00,0.00,,0.00,,0.00,EastMoney,2026-08-04T16:42:36+08:00
BK1562,2026-08-04T00:00:00Z,274122,271269,275288,270881,273330,-2061,-0.75,573264,484070727,1.23,0.79,0.00,0,243332,329932,33030445000,32656252000,-34943305,8510638,34169210,-25658572,69442043,78726776,-9284733,162817622,157256016,5561606,235253311,205871612,29381699,-7.22,-5.30,-1.92,1.15,6.07,0,5,1,4,0,0,0,76.91,0.00,0.00,0.00,,0.00,,0.00,EastMoney,2026-08-04T16:42:36+08:00
BK1563,2026-08-04T00:00:00Z,288634,286751,290192,286022,288931,-2180,-0.75,727240,927942742,1.62,0.83,0.00,0,314665,412575,58500968000,51440778000,-40424183,23298013,30944250,-7646237,141267411,174045357,-32777946,333321488,302273856,31047632,412540288,403163744,9376544,-4.36,-0.82,-3.53,3.35,1.01,0,13,2,10,1,0,0,44.28,0.00,0.00,0.00,,0.00,,0.00,EastMoney,2026-08-04T16:42:36+08:00
BK1564,2026-08-04T00:00:00Z,85547,85601,86963,85255,85715,-114,-0.13,671205,514479831,3.14,0.89,0.00,0,301291,369914,16479779000,16027042000,-17442904,29011810,31300924,-2289114,104524971,119678761,-15153790,153484990,168085197,-14600207,219744989,187701879,32043110,-3.39,-0.44,-2.95,-2.84,6.23,0,3,1,2,0,0,0,-30.72,0.00,0.00,0.00,,0.00,,0.00,EastMoney,2026-08-04T16:42:36+08:00
BK1565,2026-08-04T00:00:00Z,119287,123142,124967,117961,117414,5728,4.88,587113,895866920,5.83,0.99,0.00,0,308745,278367,15226786000,11323041000,9845478,55290229,47989328,7300901,186597776,184053199,2544577,333669632,346394096,-12724464,303884400,301005408,2878992,1.10,0.81,0.28,-1.42,0.32,0,3,3,0,0,0,0,32.02,0.00,0.00,0.00,,0.00,,0.00,EastMoney,2026-08-04T16:42:36+08:00
BK1566,2026-08-04T00:00:00Z,742184,748647,750500,739487,739335,9312,1.26,1737653,2613183255,2.05,0.90,0.00,0,851085,886569,147650966000,116266422000,-50134168,154492077,147340453,7151624,514860496,572146288,-57285792,817979440,869042672,-51063232,1056164064,958072448,98091616,-1.92,0.27,-2.19,-1.95,3.75,0,23,14,8,1,0,0,34.49,0.00,0.00,0.00,,0.00,,0.00,EastMoney,2026-08-04T16:42:36+08:00
BK1567,2026-08-04T00:00:00Z,97524,103621,104231,97032,96808,6813,7.04,135677,395908413,2.45,2.07,0.00,0,65301,70376,13841105000,10663752000,42912428,71364385,29473792,41890593,80510987,79489152,1021835,110319453,127095313,-16775860,125138078,150682785,-25544707,10.84,10.58,0.26,-4.24,-6.45,0,4,4,0,0,0,0,57.52,0.00,0.00,0.00,,0.00,,0.00,EastMoney,2026-08-04T16:42:36+08:00
BK1568,2026-08-04T00:00:00Z,193300,189456,193852,189172,192730,-3274,-1.70,256124,262172170,0.84,0.82,0.00,0,109356,146768,22003004000,21961477000,-12662079,3347957,5674800,-2326843,29553274,39888510,-10335236,85820945,86584265,-763320,140092398,126666997,13425401,-4.83,-0.89,-3.94,-0.29,5.12,0,3,0,3,0,0,0,11.78,0.00,0.00,0.00,,0.00,,0.00,EastMoney,2026-08-04T16:42:36+08:00
BK1569,2026-08-04T00:00:00Z,343559,340144,344056,337597,344336,-4192,-1.22,7076845,5747414975,0.24,1.01,0.00,0,2668486,4408359,3028252560000,2648177776000,-508786080,573155328,941723200,-368567872,1192830400,1333048608,-140218208,1799898528,1660090640,139807888,2093841456,1724863264,368978192,-8.85,-6.41,-2.44,2.43,6.42,0,10,2,8,0,0,0,14.64,0.00,0.00,0.00,,0.00,,0.00,EastMoney,2026-08-04T16:42:36+08:00
BK1570,2026-08-04T00:00:00Z,271901,271753,273451,268915,270498,1255,0.46,1896594,1565030694,1.52,0.89,0.00,0,897545,999049,112535881000,108360013000,-47087151,53129832,77881799,-24751967,302248480,324583664,-22335184,523403488,460780848,62622640,658188240,673723728,-15535488,-3.01,-1.58,-1.43,4.00,-0.99,0,14,5,8,1,0,0,163.10,0.00,0.00,0.00,,0.00,,0.00,EastMoney,2026-08-04T16:42:36+08:00
BK1571,2026-08-04T00:00:00Z,291441,293899,294235,289493,290370,3529,1.22,574226,540640507,2.42,0.91,0.00,0,282579,291647,26708581000,25527732000,-12512984,19467219,31686757,-12219538,89280889,89574335,-293446,174993343,166581262,8412081,248292018,244191113,4100905,-2.31,-2.26,-0.05,1.56,0.76,0,6,4,2,0,0,0,32.05,0.00,0.00,0.00,,0.00,,0.00,EastMoney,2026-08-04T16:42:36+08:00
BK1572,2026-08-04T00:00:00Z,174628,176317,177364,173017,173909,2408,1.38,2507158,2789087673,2.02,0.77,0.00,0,1272912,1234246,69016613000,66045023000,-225320560,144003715,240528099,-96524384,581990096,710786272,-128796176,957540576,966746416,-9205840,1045326672,810800272,234526400,-8.08,-3.46,-4.62,-0.33,8.41,0,6,4,2,0,0,0,34.56,0.00,0.00,0.00,,0.00,,0.00,EastMoney,2026-08-04T16:42:36+08:00
BK1573,2026-08-04T00:00:00Z,166092,166717,168163,164910,166626,91,0.05,2548773,2195361837,0.91,0.83,0.00,0,1215834,1332939,161735288000,124224096000,-67441298,122858265,119920411,2937854,448194192,518573344,-70379152,666006176,668897808,-2891632,771476096,708359904,63116192,-3.07,0.13,-3.21,-0.13,2.87,0,8,4,4,0,0,0,18.69,0.00,0.00,0.00,,0.00,,0.00,EastMoney,2026-08-04T16:42:36+08:00
BK1574,2026-08-04T00:00:00Z,338801,338578,340680,336118,338438,140,0.04,2133472,1883537204,1.30,0.75,0.00,0,947365,1186106,1563673616000,156032313000,-100811678,144197244,251489050,-107291806,432782576,426302448,6480128,551193728,550950624,243104,727287392,626718800,100568592,-5.35,-5.70,0.34,0.01,5.34,0,5,3,2,0,0,0,12.37,0.00,0.00,0.00,,0.00,,0.00,EastMoney,2026-08-04T16:42:36+08:00
BK1575,2026-08-04T00:00:00Z,443842,438170,444509,437416,444901,-6731,-1.51,2196789,13697471370,1.25,0.68,0.00,0,944605,1252184,2509418816000,2504457360000,-1649776336,1564922048,2450192528,-885270480,3156835952,3921341808,-764505856,5390630400,4595126528,795503872,3315348256,2461075952,854272304,-12.04,-6.46,-5.58,5.81,6.24,0,20,1,19,0,0,0,19.96,0.00,0.00,0.00,,0.00,,0.00,EastMoney,2026-08-04T16:42:36+08:00
BK1576,2026-08-04T00:00:00Z,473502,474344,476406,470889,474434,-90,-0.02,3579957,4474346541,2.19,0.99,0.00,0,1875760,1704196,359270016000,345975264000,136092800,425792864,306754512,119038352,878240160,861185712,17054448,1327006208,1503213072,-176206864,1754348480,1719005056,35343424,3.04,2.66,0.38,-3.94,0.79,0,15,5,10,0,0,0,29.07,0.00,0.00,0.00,,0.00,,0.00,EastMoney,2026-08-04T16:42:36+08:00
BK1577,2026-08-04T00:00:00Z,245816,242616,246641,241608,245709,-3093,-1.26,621950,1231202793,0.94,0.86,0.00,0,264816,357134,158626731000,118887090000,-63216140,24503947,61403400,-36899453,213591905,239908592,-26316687,398407904,428660000,-30252096,575602192,482133952,93468240,-5.13,-3.00,-2.14,-2.46,7.59,0,7,2,5,0,0,0,18.25,0.00,0.00,0.00,,0.00,,0.00,EastMoney,2026-08-04T16:42:36+08:00
BK1578,2026-08-04T00:00:00Z,148283,147070,148283,146334,147353,-283,-0.19,789575,787373115,1.29,0.83,0.00,0,364111,425464,61332022000,53624959000,-43764762,21953136,27010919,-5057783,120859306,159566285,-38706979,230448698,241264767,-10816069,394870176,340289344,54580832,-5.56,-0.64,-4.92,-1.37,6.93,0,11,4,6,1,0,0,67.68,0.00,0.00,0.00,,0.00,,0.00,EastMoney,2026-08-04T16:42:36+08:00
BK1579,2026-08-04T00:00:00Z,333023,334446,335692,332243,336614,-2168,-0.64,927552,511113150,1.97,0.73,0.00,0,374360,553192,49840122000,37335645000,-17073360,13145828,26431602,-13285774,102564535,106352121,-3787586,184044617,185038889,-994272,193565640,176780976,16784664,-3.34,-2.60,-0.74,-0.19,3.28,0,9,4,5,0,0,0,722.01,0.00,0.00,0.00,,0.00,,0.00,EastMoney,2026-08-04T16:42:36+08:00
BK1580,2026-08-04T00:00:00Z,249372,246289,249372,245939,248652,-2363,-0.95,2377535,1373341550,2.68,0.90,0.00,0,1007120,1370416,116110680000,115236804000,-40325427,62059936,41402739,20657197,286350528,347333152,-60982624,434919984,447249872,-12329888,570393184,517737872,52655312,-2.94,1.50,-4.44,-0.90,3.83,0,7,1,6,0,0,0,28.47,0.00,0.00,0.00,,0.00,,0.00,EastMoney,2026-08-04T16:42:36+08:00
BK1581,2026-08-04T00:00:00Z,610038,608931,611209,604421,609226,-295,-0.05,1329404,1539028508,4.65,1.28,0.00,0,677968,651436,63419523000,55475076000,-789651,53340157,61280384,-7940227,289229360,282078784,7150576,555721552,525903200,29818352,603953312,634280272,-30326960,-0.05,-0.52,0.46,1.94,-1.97,0,11,5,6,0,0,0,23.50,0.00,0.00,0.00,,0.00,,0.00,EastMoney,2026-08-04T16:42:36+08:00
BK1582,2026-08-04T00:00:00Z,69156,68417,69394,68326,69121,-704,-1.02,489437,516090754,1.28,0.85,0.00,0,212469,276968,38109080000,36632415000,-6290356,4330096,8690757,-4360661,62257458,64187153,-1929695,164466613,165020632,-554019,274734560,267890178,6844382,-1.22,-0.84,-0.37,-0.11,1.33,0,9,3,6,0,0,0,28.84,0.00,0.00,0.00,,0.00,,0.00,EastMoney,2026-08-04T16:42:36+08:00
BK1583,2026-08-04T00:00:00Z,190547,188348,190732,187830,190311,-1963,-1.03,943199,1756785643,2.48,0.69,0.00,0,407417,535781,101085656000,89722030000,-120982032,64223705,90167878,-25944173,253730429,348768288,-95037859,616101776,615393296,708480,794127376,673853840,120273536,-6.89,-1.48,-5.41,0.04,6.85,0,11,1,10,0,0,0,18.39,0.00,0.00,0.00,,0.00,,0.00,EastMoney,2026-08-04T16:42:36+08:00
BK1584,2026-08-04T00:00:00Z,210240,206306,210593,205355,209754,-3448,-1.64,422406,471311595,2.76,1.69,0.00,0,189287,233119,21655421000,21087506000,11235396,18855457,14990990,3864467,106348821,98977892,7370929,140517174,120046721,20470453,193172595,224878445,-31705850,2.38,0.82,1.56,4.34,-6.73,0,3,0,3,0,0,0,146.92,0.00,0.00,0.00,,0.00,,0.00,EastMoney,2026-08-04T16:42:36+08:00
BK1585,2026-08-04T00:00:00Z,212616,213810,216358,212616,213669,141,0.07,3937942,4810591801,2.59,0.99,0.00,0,1871672,2066270,254037681000,249392897000,-253739328,380952032,347193984,33758048,884676960,1172174336,-287497376,1435817840,1468360928,-32543088,1954897600,1676204064,278693536,-5.27,0.70,-5.98,-0.68,5.79,0,19,8,11,0,0,0,20.31,0.00,0.00,0.00,,0.00,,0.00,EastMoney,2026-08-04T16:42:36+08:00
BK1586,2026-08-04T00:00:00Z,188106,187577,188323,186033,188408,-831,-0.44,1112855,3071147754,1.72,0.81,0.00,0,508291,604564,184928327000,176784415000,-77364112,276872176,322857728,-45985552,658691888,690070448,-31378560,986892576,945663376,41229200,1092771856,1056636944,36134912,-2.52,-1.50,-1.02,1.34,1.18,0,8,2,6,0,0,0,23.71,0.00,0.00,0.00,,0.00,,0.00,EastMoney,2026-08-04T16:42:36+08:00
BK1587,2026-08-04T00:00:00Z,104580,102796,105669,102545,104981,-2185,-2.08,4202472,3793530726,0.38,1.10,0.00,0,1665604,2536868,2806073888000,713863008000,-615777408,421717840,911354496,-489636656,745964576,872105328,-126140752,1176407664,1087271984,89135680,1400841232,874199520,526641712,-16.23,-12.91,-3.33,2.35,13.88,0,3,0,3,0,0,0,15.93,0.00,0.00,0.00,,0.00,,0.00,EastMoney,2026-08-04T16:42:36+08:00
BK1588,2026-08-04T00:00:00Z,260596,268610,268880,260596,258267,10343,4.00,4047181,4545274480,5.25,1.19,0.00,0,2036819,2010362,89986721000,79966870000,72104848,418125488,283543264,134582224,917843488,980320864,-62477376,1457882848,1460456816,-2573968,1629844272,1691284416,-61440144,1.59,2.96,-1.37,-0.06,-1.35,0,19,19,0,0,0,0,-51.54,0.00,0.00,0.00,,0.00,,0.00,EastMoney,2026-08-04T16:42:36+08:00
BK1589,2026-08-04T00:00:00Z,454040,467081,467980,451899,446722,20359,4.56,7359325,11776063144,5.12,1.18,0.00,0,4067954,3291370,255272397000,244113863000,529692608,1214661120,969846864,244814256,3138130576,2853252224,284878352,3879962288,4022786672,-142824384,3336063824,3722932064,-386868240,4.50,2.08,2.42,-1.21,-3.29,0,17,17,0,0,0,0,64.45,0.00,0.00,0.00,,0.00,,0.00,EastMoney,2026-08-04T16:42:36+08:00
BK1590,2026-08-04T00:00:00Z,495593,506914,509413,495593,492177,14737,2.99,996091,1789691720,2.43,1.07,0.00,0,522752,473339,78235924000,63942291000,62007761,104708440,88443463,16264977,380593728,334850944,45742784,584034176,604421216,-20387040,690338896,730851456,-40512560,3.46,0.91,2.56,-1.14,-2.26,0,14,12,2,0,0,0,88.21,0.00,0.00,0.00,,0.00,,0.00,EastMoney,2026-08-04T16:42:36+08:00
BK1591,2026-08-04T00:00:00Z,1219395,1284711,1289306,1216516,1195754,88957,7.44,10387498,143265010812,4.55,1.11,0.00,0,5450319,4937179,3041140272000,2793638416000,17836493312,46716426496,32575648000,14140778496,43822490880,40126776064,3695714816,37153649408,50072988160,-12919338752,12928117504,17696095744,-4767978240,12.45,9.87,2.58,-9.02,-3.33,0,37,37,0,0,0,0,85.93,0.00,0.00,0.00,,0.00,,0.00,EastMoney,2026-08-04T16:42:36+08:00
BK1592,2026-08-04T00:00:00Z,1959832,2033551,2044748,1951009,1924465,109086,5.67,9194424,33916410619,8.43,1.13,0.00,0,4948376,4246048,601156704000,457704912000,3565672448,7524889856,4318717952,3206171904,8336391168,7976890624,359500544,9324023040,10743751424,-1419728384,8218746112,10362366976,-2143620864,10.51,9.45,1.06,-4.19,-6.32,0,13,13,0,0,0,0,80.24,0.00,0.00,0.00,,0.00,,0.00,EastMoney,2026-08-04T16:42:36+08:00
BK1593,2026-08-04T00:00:00Z,364340,371167,372370,362964,358948,12219,3.40,4222219,12152445475,3.95,0.82,0.00,0,2124619,2097600,375166976000,290632480000,797402608,1813131712,1134989232,678142480,2796883968,2677623840,119260128,3810781776,4245209824,-434428048,3487828624,3837366160,-349537536,6.56,5.58,0.98,-3.57,-2.88,0,27,27,0,0,0,0,65.83,0.00,0.00,0.00,,0.00,,0.00,EastMoney,2026-08-04T16:42:36+08:00
BK1594,2026-08-04T00:00:00Z,367477,371661,373843,367477,364876,6785,1.86,22310188,31215083804,2.78,1.07,0.00,0,11352568,10957620,1995904080000,1416537536000,-151659024,2714924848,2658129472,56795376,7093758208,7302212608,-208454400,11027190528,10922349568,104840960,9851402496,9800789248,50613248,-0.49,0.18,-0.67,0.34,0.16,0,113,89,20,4,0,0,51.93,0.00,0.00,0.00,,0.00,,0.00,EastMoney,2026-08-04T16:42:36+08:00
BK1595,2026-08-04T00:00:00Z,351488,357987,358430,351488,348741,9246,2.65,4993441,7548542657,2.30,0.94,0.00,0,2546060,2447382,330676400000,292957520000,-49513984,456694304,472207680,-15513376,1558620176,1592620784,-34000608,2472368480,2430623616,41744864,2831081696,2817669120,13412576,-0.66,-0.21,-0.45,0.55,0.18,0,46,40,5,1,0,0,64.71,0.00,0.00,0.00,,0.00,,0.00,EastMoney,2026-08-04T16:42:36+08:00
BK1596,2026-08-04T00:00:00Z,711042,733989,737236,711042,704704,29285,4.16,3069380,8987904794,1.98,1.14,0.00,0,1662510,1406869,602356320000,516418416000,55181712,808790928,627061104,181729824,1945848656,2072396768,-126548112,3156629360,3424832304,-268202944,2927634912,2697554400,230080512,0.61,2.02,-1.41,-2.98,2.56,0,39,36,3,0,0,0,81.85,0.00,0.00,0.00,,0.00,,0.00,EastMoney,2026-08-04T16:42:36+08:00
BK1597,2026-08-04T00:00:00Z,430241,427793,432324,427340,429140,-1347,-0.31,714299,552989111,0.65,0.80,0.00,0,322052,392247,86229700000,85985203000,-9750268,16725032,29299383,-12574351,105892703,103068620,2824083,182624688,171096765,11527923,236738486,238516142,-1777656,-1.76,-2.27,0.51,2.08,-0.32,0,6,2,4,0,0,0,30.86,0.00,0.00,0.00,,0.00,,0.00,EastMoney,2026-08-04T16:42:36+08:00
BK1598,2026-08-04T00:00:00Z,381639,383708,386181,381125,381710,1998,0.52,1477848,1982572437,1.58,1.00,0.00,0,684986,792862,163479768000,136233164000,-97839306,85464202,140339172,-54874970,422211072,465175408,-42964336,654123792,660579184,-6455392,738405760,638447264,99958496,-4.93,-2.77,-2.17,-0.33,5.04,0,13,8,5,0,0,0,-12.48,0.00,0.00,0.00,,0.00,,0.00,EastMoney,2026-08-04T16:42:36+08:00
BK1599,2026-08-04T00:00:00Z,395302,409747,413324,395302,392827,16920,4.31,520888,562716322,2.87,1.14,0.00,0,276926,243962,20341827000,19790331000,-5187728,6924866,8306104,-1381238,88108037,91914527,-3806490,174793372,171744532,3048840,250787600,233476876,17310724,-0.92,-0.25,-0.68,0.54,3.08,0,5,5,0,0,0,0,-56.42,0.00,0.00,0.00,,0.00,,0.00,EastMoney,2026-08-04T16:42:36+08:00
BK1600,2026-08-04T00:00:00Z,700566,735292,735632,700566,680470,54822,8.06,6306729,28565641054,5.69,1.57,0.00,0,3296661,3010068,840162544000,661046160000,2639329792,8208346624,5481021696,2727324928,6844690432,6932685568,-87995136,7082287104,8690839552,-1608552448,5453006080,6483783168,-1030777088,9.24,9.55,-0.31,-5.63,-3.61,0,29,29,0,0,0,0,30.40,0.00,0.00,0.00,,0.00,,0.00,EastMoney,2026-08-04T16:42:36+08:00
BK1601,2026-08-04T00:00:00Z,628207,631863,635949,628197,623624,8239,1.32,4271639,3948311192,1.79,0.86,0.00,0,1991820,2279820,195780911000,176805979000,129937536,437096400,289882672,147213728,881036544,898312736,-17276192,1279877136,1349474064,-69596928,1287417216,1347757856,-60340640,3.29,3.73,-0.44,-1.76,-1.53,0,15,9,5,1,0,0,45.78,0.00,0.00,0.00,,0.00,,0.00,EastMoney,2026-08-04T16:42:36+08:00
BK1602,2026-08-04T00:00:00Z,530482,546753,548037,529361,525738,21015,4.00,835776,1366472969,4.04,1.30,0.00,0,384432,451344,47477103000,44447910000,105935077,152521742,77997273,74524469,310850224,279439616,31410608,432222064,463209088,-30987024,451760912,526708960,-74948048,7.75,5.45,2.30,-2.27,-5.48,0,5,5,0,0,0,0,-63.94,0.00,0.00,0.00,,0.00,,0.00,EastMoney,2026-08-04T16:42:36+08:00
BK1603,2026-08-04T00:00:00Z,321612,322634,324554,320775,320149,2485,0.78,2109163,4964528773,1.45,0.93,0.00,0,1015903,1093259,274755632000,261255814000,-25123184,373945248,342850416,31094832,987670304,1043888320,-56218016,1624840960,1639374352,-14533392,1867627136,1827865200,39761936,-0.51,0.63,-1.13,-0.29,0.80,0,40,26,12,2,0,0,98.79,0.00,0.00,0.00,,0.00,,0.00,EastMoney,2026-08-04T16:42:36+08:00
BK1604,2026-08-04T00:00:00Z,419149,422256,423393,419066,417320,4936,1.18,3012626,6741711954,1.90,0.95,0.00,0,1483125,1529501,416989168000,350888656000,-110296704,357971856,364032816,-6060960,1365489904,1469725648,-104235744,2392446208,2434302608,-41856400,2458521472,2307739152,150782320,-1.64,-0.09,-1.55,-0.62,2.24,0,55,34,20,1,0,0,43.78,0.00,0.00,0.00,,0.00,,0.00,EastMoney,2026-08-04T16:42:36+08:00
BK1605,2026-08-04T00:00:00Z,553250,562993,564702,553250,550507,12486,2.27,3152748,8022227489,2.42,1.03,0.00,0,1717184,1435564,567975024000,514991584000,-277135552,407395776,570614880,-163219104,1603596592,1717513040,-113916448,2886172512,2872945408,13227104,2966445856,2705420896,261024960,-3.45,-2.03,-1.42,0.16,3.25,0,44,37,6,1,0,0,41.42,0.00,0.00,0.00,,0.00,,0.00,EastMoney,2026-08-04T16:42:36+08:00
BK1606,2026-08-04T00:00:00Z,351522,348145,352081,346448,350383,-2238,-0.64,694092,1103186889,1.59,1.06,0.00,0,335501,358591,80983033000,74217288000,-30398380,18541788,39403252,-20861464,167649221,177186137,-9536916,332988960,376406576,-43417616,568343904,494527904,73816000,-2.76,-1.89,-0.86,-3.94,6.69,0,8,3,5,0,0,0,19.17,0.00,0.00,0.00,,0.00,,0.00,EastMoney,2026-08-04T16:42:36+08:00
BK1607,2026-08-04T00:00:00Z,201379,201346,202727,200372,200623,723,0.36,3416576,2695486390,1.48,0.99,0.00,0,1631532,1785045,225515171000,192222043000,16269183,106750824,104746457,2004367,483272432,469007616,14264816,911539808,922444640,-10904832,1136065392,1141429744,-5364352,0.60,0.07,0.53,-0.40,-0.20,0,24,11,10,3,0,0,16.09,0.00,0.00,0.00,,0.00,,0.00,EastMoney,2026-08-04T16:42:36+08:00
BK1608,2026-08-04T00:00:00Z,132952,133270,134094,132779,132418,852,0.64,11071397,11218884459,1.81,0.96,0.00,0,5551517,5519880,790726928000,759476528000,-201651488,641380560,631001696,10378864,2088331888,2300362240,-212030352,3771811776,3821768160,-49956384,4498025984,4247263648,250762336,-1.80,0.09,-1.89,-0.45,2.24,0,66,32,31,3,0,0,27.32,0.00,0.00,0.00,,0.00,,0.00,EastMoney,2026-08-04T16:42:36+08:00
BK1609,2026-08-04T00:00:00Z,164570,160626,164680,160626,164873,-4247,-2.58,9736463,7765165265,0.77,0.92,0.00,0,3856201,5880262,1266913424000,1228143344000,-233029680,825539904,945193264,-119653360,1758311856,1871688176,-113376320,2492591872,2448609200,43982672,2570462272,2381415280,189046992,-3.00,-1.54,-1.46,0.57,2.43,0,17,0,17,0,0,0,6.00,0.00,0.00,0.00,,0.00,,0.00,EastMoney,2026-08-04T16:42:36+08:00
BK1610,2026-08-04T00:00:00Z,244528,239952,244632,239662,245477,-5525,-2.25,13132290,12018678228,0.52,0.89,0.00,0,5259001,7873289,2881766656000,2495602496000,-504390944,1675678176,2326570160,-650891984,3266699040,3120198000,146501040,3379720304,3629546112,-249825808,3475728624,2721511872,754216752,-4.20,-5.42,1.22,-2.08,6.28,0,9,0,9,0,0,0,5.76,0.00,0.00,0.00,,0.00,,0.00,EastMoney,2026-08-04T16:42:36+08:00
BK1611,2026-08-04T00:00:00Z,320292,312429,320292,312400,323144,-10715,-3.32,22108653,15495516696,0.24,1.02,0.00,0,8167347,13941306,10785858048000,6046624512000,-1170263840,2963325376,3766925248,-803599872,3776385424,4143049392,-366663968,4286246832,3650474384,635772448,4104896672,3570405280,534491392,-7.55,-5.19,-2.37,4.10,3.45,0,6,0,6,0,0,0,7.51,0.00,0.00,0.00,,0.00,,0.00,EastMoney,2026-08-04T16:42:36+08:00
BK1612,2026-08-04T00:00:00Z,47984,46706,48049,46706,48111,-1405,-2.92,4746909,2343604958,1.13,0.93,0.00,0,1890080,2856829,260332115000,239364092000,3232775,229074652,259668645,-30593993,525739824,491913056,33826768,693704880,669190416,24514464,852328704,880075936,-27747232,0.14,-1.31,1.44,1.05,-1.18,0,10,0,10,0,0,0,5.90,0.00,0.00,0.00,,0.00,,0.00,EastMoney,2026-08-04T16:42:36+08:00
BK1613,2026-08-04T00:00:00Z,252888,256032,256039,251423,251650,4382,1.74,12235332,13794123202,1.97,0.88,0.00,0,6146040,6089291,890926080000,604387840000,-220906160,1549523328,1580073536,-30550208,3311430016,3501785968,-190355952,4160577424,4328508416,-167930992,4522562304,4133725152,388837152,-1.60,-0.22,-1.38,-1.22,2.82,0,30,23,5,2,0,0,12.64,0.00,0.00,0.00,,0.00,,0.00,EastMoney,2026-08-04T16:42:36+08:00
BK1614,2026-08-04T00:00:00Z,240117,244371,244881,239852,239354,5017,2.10,4884598,5325297349,2.70,1.19,0.00,0,2660363,2224235,186057600000,177808915000,255996368,739205744,532977216,206228528,1255040240,1205272400,49767840,1629990032,1728278896,-98288864,1611975216,1769884512,-157909296,4.81,3.87,0.93,-1.85,-2.97,0,11,11,0,0,0,0,24.31,0.00,0.00,0.00,,0.00,,0.00,EastMoney,2026-08-04T16:42:36+08:00
BK1615,2026-08-04T00:00:00Z,357965,362321,363733,355092,356927,5394,1.51,11704252,20812714424,1.52,0.97,0.00,0,6134252,5570000,1877728960000,1523179360000,-566401856,3391201808,3095618640,295583168,5261175296,6123160320,-861985024,6100953344,6178563328,-77609984,5703368960,5059357184,644011776,-2.72,1.42,-4.14,-0.37,3.09,0,17,15,2,0,0,0,16.76,0.00,0.00,0.00,,0.00,,0.00,EastMoney,2026-08-04T16:42:36+08:00
BK1616,2026-08-04T00:00:00Z,418890,432464,433095,418729,416580,15884,3.81,2193448,4444166304,4.60,0.88,0.00,0,1214525,978924,100554902000,95814346000,336878656,565011280,393922560,171088720,1226761760,1060971824,165789936,1291029296,1465689360,-174660064,1280214304,1442432896,-162218592,7.58,3.85,3.73,-3.93,-3.65,0,3,3,0,0,0,0,25.22,0.00,0.00,0.00,,0.00,,0.00,EastMoney,2026-08-04T16:42:36+08:00
BK1617,2026-08-04T00:00:00Z,580676,578290,582799,573184,580065,-1775,-0.31,3950496,10193735004,2.21,0.78,0.00,0,1840113,2110383,486556864000,439640944000,-327319568,1013182768,1125249328,-112066560,2274971552,2490224560,-215253008,3229316064,3260694208,-31378144,3498207184,3139509472,358697712,-3.21,-1.10,-2.11,-0.31,3.52,0,10,5,5,0,0,0,20.93,0.00,0.00,0.00,,0.00,,0.00,EastMoney,2026-08-04T16:42:36+08:00
BK1618,2026-08-04T00:00:00Z,504923,517337,518874,501815,500328,17009,3.40,1941696,4624072626,2.87,0.90,0.00,0,1026025,915671,177623770000,138661999000,80058624,440817520,370791408,70026112,989056080,979023568,10032512,1380597728,1519459216,-138861488,1737668912,1678866048,58802864,1.73,1.51,0.22,-3.00,1.27,0,15,14,0,1,0,0,54.17,0.00,0.00,0.00,,0.00,,0.00,EastMoney,2026-08-04T16:42:36+08:00
BK1619,2026-08-04T00:00:00Z,338884,347487,348319,335848,336949,10538,3.13,2698513,7214026356,3.40,1.15,0.00,0,1388708,1309805,206090598000,179738420000,411024144,787491728,528516864,258974864,1664148288,1512099008,152049280,2234897840,2380230736,-145332896,2326467392,2591896640,-265429248,5.70,3.59,2.11,-2.01,-3.68,0,21,18,3,0,0,0,96.44,0.00,0.00,0.00,,0.00,,0.00,EastMoney,2026-08-04T16:42:36+08:00
BK1620,2026-08-04T00:00:00Z,104640,105895,106436,104125,104095,1800,1.73,117975,482818360,2.16,0.89,0.00,0,67813,50161,28135943000,21828505000,-9147513,19815988,18956957,859031,106058945,116065489,-10006544,168906539,155045032,13861507,179394175,184108169,-4713994,-1.89,0.18,-2.07,2.87,-0.98,0,2,2,0,0,0,0,16.13,0.00,0.00,0.00,,0.00,,0.00,EastMoney,2026-08-04T16:42:36+08:00
BK1621,2026-08-04T00:00:00Z,1439497,1470935,1478354,1438531,1439859,31076,2.16,2173629,8047328721,3.63,0.78,0.00,0,1160662,1012967,312766208000,248130783000,433086016,779046032,526519664,252526368,1989495216,1808935568,180559648,2594015296,2737700080,-143684784,2563392080,2852793312,-289401232,5.38,3.14,2.24,-1.79,-3.60,0,8,8,0,0,0,0,39.45,0.00,0.00,0.00,,0.00,,0.00,EastMoney,2026-08-04T16:42:36+08:00
BK1622,2026-08-04T00:00:00Z,473943,487450,488406,473943,472867,14583,3.08,606562,2448880218,3.21,1.14,0.00,0,339444,267118,77218052000,76976621000,182159166,417766304,258220306,159545998,613869712,591256544,22613168,746085152,822169360,-76084208,628656112,734731088,-106074976,7.44,6.52,0.92,-3.11,-4.33,0,1,1,0,0,0,0,10.50,0.00,0.00,0.00,,0.00,,0.00,EastMoney,2026-08-04T16:42:36+08:00
BK1623,2026-08-04T00:00:00Z,137994,142681,143237,137994,137443,5238,3.81,871588,2090392344,1.92,1.19,0.00,0,487122,384466,151777352000,108775464000,76653496,192105533,194319749,-2214216,570734848,491867136,78867712,653639024,680407664,-26768640,642570336,692455184,-49884848,3.67,-0.11,3.77,-1.28,-2.39,0,3,3,0,0,0,0,29.77,0.00,0.00,0.00,,0.00,,0.00,EastMoney,2026-08-04T16:42:36+08:00
BK1624,2026-08-04T00:00:00Z,478378,489663,490514,477614,475408,14255,3.00,3255732,10951250297,4.04,0.98,0.00,0,1663946,1591786,400461504000,244628648000,1265008640,2428798816,1226304480,1202494336,2465702256,2403187952,62514304,2981257232,3436438816,-455181584,2853071392,3661772320,-808700928,11.55,10.98,0.57,-4.16,-7.38,0,15,13,2,0,0,0,55.69,0.00,0.00,0.00,,0.00,,0.00,EastMoney,2026-08-04T16:42:36+08:00
BK1625,2026-08-04T00:00:00Z,717905,757320,761970,715575,712018,45302,6.36,2213373,9353090899,4.95,1.34,0.00,0,1253049,960324,235801911000,189066622000,1265219792,1485313520,750776592,734536928,2597972144,2067289280,530682864,2813385072,3126970160,-313585088,2349691184,3301325904,-951634720,13.53,7.85,5.67,-3.35,-10.17,0,4,4,0,0,0,0,39.32,0.00,0.00,0.00,,0.00,,0.00,EastMoney,2026-08-04T16:42:36+08:00
BK1626,2026-08-04T00:00:00Z,898806,907700,910976,892627,892951,14749,1.65,1357870,4882945783,2.01,1.00,0.00,0,687560,670310,262552987000,262552987000,177008080,649171520,507266784,141904736,1280058768,1244955424,35103344,1605291728,1649535760,-44244032,1262190288,1394954336,-132764048,3.63,2.91,0.72,-0.91,-2.72,0,4,4,0,0,0,0,62.13,0.00,0.00,0.00,,0.00,,0.00,EastMoney,2026-08-04T16:42:36+08:00
BK1627,2026-08-04T00:00:00Z,1151453,1154217,1157181,1146172,1149239,4978,0.43,4706269,4426390999,2.32,0.80,0.00,0,2302620,2403649,207569734000,195727061000,183521392,650200864,378040816,272160048,901778768,990417424,-88638656,1298618976,1385141536,-86522560,1502769920,1599768768,-96998848,4.15,6.15,-2.00,-1.95,-2.19,0,22,9,13,0,0,0,-209.80,0.00,0.00,0.00,,0.00,,0.00,EastMoney,2026-08-04T16:42:36+08:00
BK1628,2026-08-04T00:00:00Z,81614,83809,83895,81361,80782,3027,3.75,2972868,4791662526,1.87,1.01,0.00,0,1484222,1488646,130115252000,117375940000,225744640,590889920,465086384,125803536,1223322864,1123381760,99941104,1595805568,1601639152,-5833584,1271824896,1495309072,-223484176,4.71,2.63,2.09,-0.12,-4.66,0,11,9,2,0,0,0,151.35,0.00,0.00,0.00,,0.00,,0.00,EastMoney,2026-08-04T16:42:36+08:00
BK1629,2026-08-04T00:00:00Z,74172,76212,76363,74172,73552,2660,3.62,104267789,151982261477,5.39,1.45,0.00,0,53830930,50436859,3583568624000,3183997248000,2537532672,20210245120,18750139648,1460105472,38021346560,36943919360,1077427200,48009533952,48573052928,-563518976,41972368640,43803705088,-1831336448,1.67,0.96,0.71,-0.37,-1.20,0,213,196,16,1,0,0,57.62,0.00,0.00,0.00,,0.00,,0.00,EastMoney,2026-08-04T16:42:36+08:00
BK1630,2026-08-04T00:00:00Z,495273,498737,498737,487566,480126,18611,3.88,35966879,39740375190,8.37,0.90,0.00,0,17867961,18098918,568651984000,523581952000,626899072,3738100176,3389908304,348191872,8165166336,7886459136,278707200,12362148608,12121976576,240172032,14143931648,15011002880,-867071232,1.58,0.88,0.70,0.60,-2.18,0,61,49,11,1,0,0,-62.00,0.00,0.00,0.00,,0.00,,0.00,EastMoney,2026-08-04T16:42:36+08:00
BK1631,2026-08-04T00:00:00Z,49357,50743,50756,48949,49647,1096,2.21,7602376,10288649568,7.21,0.41,0.00,0,3830373,3772003,142056481000,137308757000,76728384,926453744,794267008,132186736,2193871168,2249329520,-55458352,3326266128,3299284192,26981936,3458218400,3561928704,-103710304,0.75,1.28,-0.54,0.26,-1.01,0,20,14,6,0,0,0,-57.73,0.00,0.00,0.00,,0.00,,0.00,EastMoney,2026-08-04T16:42:36+08:00
BK1632,2026-08-04T00:00:00Z,49779,51999,52000,49437,49510,2489,5.03,65551758,90394025004,20.35,1.21,0.00,0,33292918,32258840,565077488000,475068992000,-1172646656,12029257728,12336365312,-307107584,20204276224,21069815296,-865539072,27739632896,27709671936,29960960,28025263616,26882578176,1142685440,-1.30,-0.34,-0.96,0.03,1.26,0,43,41,2,0,0,0,115.51,0.00,0.00,0.00,,0.00,,0.00,EastMoney,2026-08-04T16:42:36+08:00
BK1633,2026-08-04T00:00:00Z,77006,79178,79194,76492,76232,2946,3.86,203374003,446567738177,5.90,0.67,0.00,0,102792269,100581734,9706982400000,8286840320000,20140477440,72536203264,53623354368,18912848896,105397678080,104170049536,1227628544,134495973376,142921723904,-8425750528,124915105792,136629833728,-11714727936,4.51,4.24,0.27,-1.89,-2.62,0,411,340,69,2,0,0,64.57,0.00,0.00,0.00,,0.00,,0.00,EastMoney,2026-08-04T16:42:36+08:00
BK1635,2026-08-04T00:00:00Z,92616,91487,92654,91335,92666,-1179,-1.27,95032337,51570669221,0.64,0.98,0.00,0,37789748,57242589,14403138816000,9171894272000,-2089783040,6471981824,8181751040,-1709769216,12072359936,12452373760,-380013824,15600786944,14720376320,880410624,16390833664,15185797120,1205036544,-4.05,-3.32,-0.74,1.71,2.34,0,186,26,152,8,0,0,8.90,0.00,0.00,0.00,,0.00,,0.00,EastMoney,2026-08-04T16:42:36+08:00
BK1636,2026-08-04T00:00:00Z,106292,104353,106345,104155,106523,-2170,-2.04,44570168,31363242548,0.35,0.99,0.00,0,16805919,27764250,13485680640000,8610337536000,-1862919424,4866566144,6160929024,-1294362880,7223240192,7791796736,-568556544,9186461952,8392891136,793570816,9480073472,8410724608,1069348864,-5.94,-4.13,-1.81,2.53,3.41,0,42,4,38,0,0,0,7.61,0.00,0.00,0.00,,0.00,,0.00,EastMoney,2026-08-04T16:42:36+08:00
BK1637,2026-08-04T00:00:00Z,289937,295815,295838,287069,281874,13941,4.95,145529885,341781716340,7.60,1.06,0.00,0,75564797,69965088,10598086656000,6787154944000,14452850688,84328435712,70463479808,13864955904,88191123456,87603228672,587894784,93018394624,101360816128,-8342421504,67575172608,73685602304,-6110429696,4.23,4.06,0.17,-2.44,-1.79,0,100,87,12,1,0,0,49.80,0.00,0.00,0.00,,0.00,,0.00,EastMoney,2026-08-04T16:42:36+08:00
BK1638,2026-08-04T00:00:00Z,199750,205200,205231,198644,195613,9587,4.90,112836479,153651678880,9.56,1.15,0.00,0,56597184,56239295,2046715584000,1880346768000,3987193088,20832069632,16700771584,4131298048,34000102656,34144207616,-144104960,46230643712,47324882176,-1094238464,47795457536,50687831552,-2892374016,2.59,2.69,-0.09,-0.71,-1.88,0,175,151,19,5,0,0,-432.73,0.00,0.00,0.00,,0.00,,0.00,EastMoney,2026-08-04T16:42:36+08:00
BK1639,2026-08-04T00:00:00Z,91375,91520,91726,90948,91195,325,0.36,90323588,216729149512,0.93,0.94,0.00,0,43517335,46806253,23579479552000,18235218176000,5821443584,45719846912,37479185408,8240661504,56240973312,58660191232,-2419217920,60717204736,65754590208,-5037385472,50704901120,51488959232,-784058112,2.69,3.80,-1.12,-2.32,-0.36,0,100,42,55,3,0,0,15.46,0.00,0.00,0.00,,0.00,,0.00,EastMoney,2026-08-04T16:42:36+08:00
BK1640,2026-08-04T00:00:00Z,97242,95816,97339,95718,97213,-1397,-1.44,39543691,44469471242,0.75,0.94,0.00,0,16259560,23284131,9945213696000,5876624896000,-2762365952,4395649280,6092668928,-1697019648,10324226304,11389572608,-1065346304,13778014208,13419313920,358700288,15230934784,12831196160,2399738624,-6.21,-3.82,-2.40,0.81,5.40,0,100,10,87,3,0,0,10.12,0.00,0.00,0.00,,0.00,,0.00,EastMoney,2026-08-04T16:42:36+08:00
BK1641,2026-08-04T00:00:00Z,100101,98735,100137,98521,100146,-1411,-1.41,61517338,55108131932,0.39,1.00,0.00,0,24718533,36798805,19329017600000,13405680128000,-3343961344,7351846656,9134104832,-1782258176,12376525568,13938228736,-1561703168,16401657088,15494899200,906757888,18019691776,15582488320,2437203456,-6.07,-3.23,-2.83,1.65,4.42,0,100,13,84,3,0,0,8.57,0.00,0.00,0.00,,0.00,,0.00,EastMoney,2026-08-04T16:42:36+08:00
BK1642,2026-08-04T00:00:00Z,78220,79312,79526,77932,77826,1486,1.91,20487957,20210616689,2.13,1.08,0.00,0,9967119,10520838,1008480304000,929807008000,-88412928,1328746752,1414584672,-85837920,4201693984,4204268992,-2575008,6443425792,6504294144,-60868352,7861021440,7711752448,149268992,-0.44,-0.42,-0.01,-0.30,0.74,0,100,69,30,1,0,0,351.14,0.00,0.00,0.00,,0.00,,0.00,EastMoney,2026-08-04T16:42:36+08:00
BK1643,2026-08-04T00:00:00Z,83321,84479,84765,83066,82859,1620,1.96,276966506,418602299076,2.28,1.00,0.00,0,138367775,138598731,14924007168000,13207580928000,11166862336,44663005184,34957726720,9705278464,93326118912,91864535040,1461583872,130536681472,136968900608,-6432219136,142221287424,146921754624,-4700467200,2.67,2.32,0.35,-1.54,-1.12,0,1000,613,376,11,0,0,50.74,0.00,0.00,0.00,,0.00,,0.00,EastMoney,2026-08-04T16:42:36+08:00
BK1644,2026-08-04T00:00:00Z,81839,82363,82868,81794,81434,929,1.14,2135712,2505415686,2.76,1.05,0.00,0,1018878,1116834,110185271000,93102639000,-21773739,18530445,23029443,-4498998,256696347,273971088,-17274741,726893136,698730832,28162304,1463082656,1469471232,-6388576,-0.87,-0.18,-0.69,1.12,-0.25,0,54,38,15,1,0,0,38.86,0.00,0.00,0.00,,0.00,,0.00,EastMoney,2026-08-04T16:42:36+08:00
BK1645,2026-08-04T00:00:00Z,1128542,1176201,1183860,1117037,1096401,79800,7.28,2826969,6322009125,18.05,0.82,0.00,0,1445376,1381593,40102893000,37312281000,-304410944,907074512,1027189184,-120114672,1432958336,1617254608,-184296272,1879177696,1809833776,69343920,1726118544,1491051520,235067024,-4.82,-1.90,-2.92,1.10,3.72,0,5,5,0,0,0,0,95.18,0.00,0.00,0.00,,0.00,,0.00,EastMoney,2026-08-04T16:42:36+08:00
BK1646,2026-08-04T00:00:00Z,92836,95588,95967,92239,92037,3551,3.86,69388828,182227427296,3.76,0.95,0.00,0,38014795,31374033,5247792128000,4444368128000,10162456320,31230877440,23440952832,7789924608,45510946304,43138414592,2372531712,55248899840,59318957056,-4070057216,46423531264,52428070400,-6004539136,5.58,4.27,1.30,-2.23,-3.30,0,194,170,21,3,0,0,47.13,0.00,0.00,0.00,,0.00,,0.00,EastMoney,2026-08-04T16:42:36+08:00
BK1647,2026-08-04T00:00:00Z,79369,80496,80666,79074,78739,1757,2.23,69354900,105604963049,3.69,1.08,0.00,0,34725669,34629231,2995057456000,2680884784000,2853430784,12265806080,9527845888,2737960192,23450338816,23334868224,115470592,32775561984,34541198080,-1765636096,34865019392,35965705984,-1100686592,2.70,2.59,0.11,-1.67,-1.04,0,229,184,36,9,0,0,39.14,0.00,0.00,0.00,,0.00,,0.00,EastMoney,2026-08-04T16:42:36+08:00
BK1648,2026-08-04T00:00:00Z,85086,86461,86671,84731,84670,1791,2.12,145678419,298300637564,2.24,0.94,0.00,0,73254999,72423420,13846980096000,11989400320000,4541908480,38093869568,33150118912,4943750656,72104738816,72506580992,-401842176,93526138880,96635633664,-3109494784,89264492544,90726174720,-1461682176,1.52,1.66,-0.13,-1.04,-0.49,0,581,433,133,15,0,0,33.35,0.00,0.00,0.00,,0.00,,0.00,EastMoney,2026-08-04T16:42:36+08:00
BK1649,2026-08-04T00:00:00Z,80184,80387,80538,79762,79958,429,0.54,40094717,36717797064,0.80,0.92,0.00,0,18673546,21421171,6050747648000,4080817584000,-854300160,2913239920,3479177328,-565937408,7566562304,7854925056,-288362752,11940297728,11844550912,95746816,13386580736,12643000064,743580672,-2.33,-1.54,-0.79,0.26,2.03,0,156,73,75,8,0,0,15.39,0.00,0.00,0.00,,0.00,,0.00,EastMoney,2026-08-04T16:42:36+08:00
BK1650,2026-08-04T00:00:00Z,91756,94975,95256,91359,90654,4321,4.77,124399473,498883802689,3.22,1.01,0.00,0,65687626,58711847,14049565696000,10941894400000,44481462272,115284627456,78691352576,36593274880,135344431104,127456243712,7888187392,136071913472,161054035968,-24982122496,103667421184,122940686336,-19273265152,8.92,7.34,1.58,-5.01,-3.86,0,382,361,20,1,0,0,45.33,0.00,0.00,0.00,,0.00,,0.00,EastMoney,2026-08-04T16:42:36+08:00
BK1651,2026-08-04T00:00:00Z,86435,89004,89285,86251,85902,3102,3.61,32589977,29575357029,3.52,0.93,0.00,0,18863060,13726917,853526816000,778781648000,1734954352,5322572032,3628662928,1693909104,6828191744,6787146496,41045248,8548663552,9258700288,-710036736,8377347328,9402264832,-1024917504,5.87,5.73,0.14,-2.40,-3.47,0,48,46,2,0,0,0,58.51,0.00,0.00,0.00,,0.00,,0.00,EastMoney,2026-08-04T16:42:36+08:00
BK1652,2026-08-04T00:00:00Z,84821,85356,85522,84730,84416,940,1.11,11554264,15962313521,2.06,0.96,0.00,0,5620374,5933890,731103920000,637208448000,-208109648,1046625952,1078002480,-31376528,3453325184,3630058304,-176733120,5382539776,5243928576,138611200,5693195776,5622330112,70865664,-1.30,-0.20,-1.11,0.87,0.44,0,82,54,26,2,0,0,66.95,0.00,0.00,0.00,,0.00,,0.00,EastMoney,2026-08-04T16:42:36+08:00
BK1653,2026-08-04T00:00:00Z,87945,87562,88110,87206,87905,-343,-0.39,14847072,27832338722,1.91,0.95,0.00,0,6930469,7916603,3551812768000,3463212192000,-1845989184,2584037936,3346362992,-762325056,5863873536,6947537664,-1083664128,9828851712,9186209280,642642432,8978552576,7782794752,1195757824,-6.63,-2.74,-3.89,2.31,4.30,0,90,27,63,0,0,0,21.00,0.00,0.00,0.00,,0.00,,0.00,EastMoney,2026-08-04T16:42:36+08:00
BK1654,2026-08-04T00:00:00Z,82398,83914,84161,81995,82174,1740,2.12,45475365,53495070858,4.63,1.30,0.00,0,23588529,21886837,1052962048000,967053504000,1271387648,6957452544,5644832000,1312620544,13088137728,13129370624,-41232896,16699184128,17105890048,-406705920,15676089600,16540771328,-864681728,2.38,2.45,-0.08,-0.76,-1.62,0,92,59,31,2,0,0,63.09,0.00,0.00,0.00,,0.00,,0.00,EastMoney,2026-08-04T16:42:36+08:00
BK1655,2026-08-04T00:00:00Z,82729,82876,83166,82442,82552,324,0.39,13236099,14480122947,1.20,0.86,0.00,0,6059367,7176731,3046083424000,960227712000,-806056512,1056416848,1396730480,-340313632,3007176528,3472919408,-465742880,4632310784,4567354112,64956672,5559095296,4817995520,741099776,-5.57,-2.35,-3.22,0.45,5.12,0,62,29,32,1,0,0,18.62,0.00,0.00,0.00,,0.00,,0.00,EastMoney,2026-08-04T16:42:36+08:00
BK1656,2026-08-04T00:00:00Z,89778,90133,90734,89778,89407,726,0.81,6425637,6873871864,1.58,0.87,0.00,0,3107091,3318546,583470048000,536207136000,-164637296,381636768,419403600,-37766832,1392700416,1519570880,-126870464,2369014096,2341157472,27856624,2624240800,2487460144,136780656,-2.40,-0.55,-1.85,0.41,1.99,0,40,22,17,1,0,0,23.33,0.00,0.00,0.00,,0.00,,0.00,EastMoney,2026-08-04T16:42:36+08:00
BK1657,2026-08-04T00:00:00Z,90223,91365,91592,90223,89619,1746,1.95,28940157,37584299416,2.83,1.03,0.00,0,14556027,14384131,1649495264000,1466875472000,36771088,3424340864,2838083952,586256912,7891985664,8441471488,-549485824,12332112384,12573795072,-241682688,13181212160,12977935616,203276544,0.10,1.56,-1.46,-0.64,0.54,0,168,122,41,5,0,0,110.15,0.00,0.00,0.00,,0.00,,0.00,EastMoney,2026-08-04T16:42:36+08:00
BK1658,2026-08-04T00:00:00Z,89860,92067,92178,89860,88705,3362,3.79,18844837,44734314340,2.65,1.16,0.00,0,9379310,9465527,1547129312000,1325864704000,2614142464,9755307776,6874811136,2880496640,10414674944,10681029120,-266354176,12234866944,14081170432,-1846303488,11034112768,11799208704,-765095936,5.84,6.44,-0.60,-4.13,-1.71,0,79,65,12,2,0,0,32.94,0.00,0.00,0.00,,0.00,,0.00,EastMoney,2026-08-04T16:42:36+08:00
BK1659,2026-08-04T00:00:00Z,86330,87342,87504,86330,85959,1383,1.61,6355892,12474573322,1.75,0.98,0.00,0,3066964,3288928,732313024000,690251328000,-46330720,942694416,907854560,34839856,2590823168,2671993744,-81170576,4264656576,4279652432,-14995856,4387904256,4330808320,57095936,-0.37,0.28,-0.65,-0.12,0.46,0,62,43,19,0,0,0,49.15,0.00,0.00,0.00,,0.00,,0.00,EastMoney,2026-08-04T16:42:36+08:00
BK1660,2026-08-04T00:00:00Z,98237,102336,102738,97884,96786,5550,5.73,50189908,149292267764,3.60,1.04,0.00,0,27696750,22493157,3283489600000,2980306896000,14962221312,34499190016,21796046080,12703143936,42736038144,40476960768,2259077376,38440684288,44676655616,-6235971328,31010407680,39587481600,-8577073920,10.02,8.51,1.51,-4.18,-5.75,0,70,66,4,0,0,0,54.39,0.00,0.00,0.00,,0.00,,0.00,EastMoney,2026-08-04T16:42:36+08:00
BK1661,2026-08-04T00:00:00Z,94615,94791,94909,94011,94316,475,0.50,83775981,266822393657,0.80,0.96,0.00,0,40251545,43524435,30688817152000,22257869056000,3699280384,64964538624,56104265472,8860273152,71112851456,76273844224,-5160992768,74466402304,81258369024,-6791966720,51265279232,48172591616,3092687616,1.39,3.32,-1.93,-2.55,1.16,0,96,39,57,0,0,0,16.41,0.00,0.00,0.00,,0.00,,0.00,EastMoney,2026-08-04T16:42:36+08:00
BK1662,2026-08-04T00:00:00Z,103832,104120,104365,103432,103494,626,0.60,59494562,271016820288,0.36,1.00,0.00,0,24475502,35019061,40984869120000,27404628736000,6214218496,75979198464,65342561536,10636636928,84315639808,88738058240,-4422418432,71932825600,82490945536,-10558119936,33776301056,29432397312,4343903744,2.29,3.92,-1.63,-3.90,1.60,0,50,20,30,0,0,0,12.34,0.00,0.00,0.00,,0.00,,0.00,EastMoney,2026-08-04T16:42:36+08:00
BK1663,2026-08-04T00:00:00Z,96742,97484,97710,96454,96307,1177,1.22,243997447,805411480767,0.75,0.97,0.00,0,110767885,133229563,71273259008000,52796161536000,27814088704,182371590144,149757358080,32614232064,229149302784,233949446144,-4800143360,230239637504,252621418496,-22381780992,150170583040,155602890752,-5432307712,3.45,4.05,-0.60,-2.78,-0.67,0,300,140,158,2,0,0,14.66,0.00,0.00,0.00,,0.00,,0.00,EastMoney,2026-08-04T16:42:36+08:00
BK1664,2026-08-04T00:00:00Z,95057,96312,96648,94818,94510,1802,1.91,220467596,474842253916,1.97,1.04,0.00,0,110632333,109835263,18809963520000,16489025024000,16425237760,63258453760,51009690112,12248763648,116488593408,112312119296,4176474112,155457015808,163878461440,-8421445632,131461124096,139326820352,-7865696256,3.46,2.58,0.88,-1.77,-1.66,0,500,303,191,6,0,0,44.84,0.00,0.00,0.00,,0.00,,0.00,EastMoney,2026-08-04T16:42:36+08:00
BK1665,2026-08-04T00:00:00Z,98408,101422,101825,98174,97278,4144,4.26,52875455,482852618336,1.46,1.40,0.00,0,26036990,26838465,21803004416000,17755128832000,36307369984,132247822336,97317216256,34930606080,149744791552,148368027648,1376763904,131146248192,154581254144,-23435005952,61510534912,74382893056,-12872358144,7.52,7.23,0.29,-4.85,-2.67,0,108,83,25,0,0,0,45.62,0.00,0.00,0.00,,0.00,,0.00,EastMoney,2026-08-04T16:42:36+08:00
BK1666,2026-08-04T00:00:00Z,96370,95224,96418,95092,96473,-1249,-1.29,99688352,115034039736,0.49,0.98,0.00,0,39661342,60027010,29095187200000,18844096512000,-6814055936,15464070656,19459710464,-3995639808,27502282752,30320698880,-2818416128,34866614272,33687080192,1179534080,35318420992,29683899648,5634521344,-5.92,-3.47,-2.45,1.03,4.90,0,93,16,75,2,0,0,9.50,0.00,0.00,0.00,,0.00,,0.00,EastMoney,2026-08-04T16:42:36+08:00
BK1667,2026-08-04T00:00:00Z,87622,90237,90557,87371,86891,3346,3.85,93613772,191431578919,3.00,0.88,0.00,0,48272215,45341557,5558807040000,4672807680000,7197171456,22792366592,16506702592,6285664000,43580272128,42668764672,911507456,59787153152,64161520384,-4374367232,61614982656,64403602944,-2788620288,3.76,3.28,0.48,-2.29,-1.46,0,364,303,58,3,0,0,63.48,0.00,0.00,0.00,,0.00,,0.00,EastMoney,2026-08-04T16:42:36+08:00
BK1668,2026-08-04T00:00:00Z,91991,91689,92058,91377,91743,-54,-0.06,89015417,88451864832,1.70,0.99,0.00,0,42436376,46579042,4609581312000,4232246448000,1189493504,9836122624,7922425856,1913696768,18324205568,19048408832,-724203264,26771030528,27656759552,-885729024,31845882624,32149646848,-303764224,1.34,2.16,-0.82,-1.00,-0.34,0,312,102,207,3,0,0,31.20,0.00,0.00,0.00,,0.00,,0.00,EastMoney,2026-08-04T16:42:36+08:00
BK1669,2026-08-04T00:00:00Z,97010,99956,100372,96737,96166,3790,3.94,108139265,304401311284,3.40,1.24,0.00,0,56328684,51810581,8676566272000,7212558080000,14227754752,46120356352,35444669184,10675687168,77648961536,74096893952,3552067584,101078183936,107831156736,-6752972800,74284634112,81610240000,-7325605888,4.67,3.51,1.17,-2.22,-2.41,0,210,171,38,1,0,0,65.94,0.00,0.00,0.00,,0.00,,0.00,EastMoney,2026-08-04T16:42:36+08:00
BK1670,2026-08-04T00:00:00Z,96535,95931,96645,95463,96334,-403,-0.42,54946469,65447620095,1.28,0.94,0.00,0,25803035,29143434,4528956160000,4224592096000,-46706688,6438110464,6519125248,-81014784,14624353280,14590045184,34308096,20449248512,20928097536,-478849024,22707600384,22193126144,514474240,-0.07,-0.12,0.05,-0.73,0.79,0,135,46,87,2,0,0,37.90,0.00,0.00,0.00,,0.00,,0.00,EastMoney,2026-08-04T16:42:36+08:00
BK1671,2026-08-04T00:00:00Z,67511,67929,67946,67258,67392,537,0.80,15270184,12362225877,3.04,0.71,0.00,0,6932706,8337477,508854000000,426331520000,-410044880,636123664,822625184,-186501520,2589273328,2812816688,-223543360,4264331744,4192936976,71394768,4044849568,3733020672,311828896,-3.32,-1.51,-1.81,0.58,2.52,0,123,76,41,6,0,0,-10.37,0.00,0.00,0.00,,0.00,,0.00,EastMoney,2026-08-04T16:42:36+08:00
BK1672,2026-08-04T00:00:00Z,89664,90734,90877,89590,89268,1466,1.64,119848759,82499813794,1.77,0.93,0.00,0,56778217,63070543,4602084864000,3971792096000,-395814144,5269404160,4700215808,569188352,16052734464,17017736960,-965002496,26696428032,26929130752,-232702720,32575502336,31952506624,622995712,-0.48,0.69,-1.17,-0.28,0.76,0,812,554,223,35,0,0,-115.64,0.00,0.00,0.00,,0.00,,0.00,EastMoney,2026-08-04T16:42:36+08:00
BK1673,2026-08-04T00:00:00Z,91032,91488,91649,90634,90694,794,0.88,213629275,208646813878,1.68,0.95,0.00,0,101536973,112092303,12053446144000,10411976448000,853150976,20616616704,19026543872,1590072832,45996251136,46733172992,-736921856,65519725056,67298475008,-1778749952,72601890816,71680925696,920965120,0.41,0.76,-0.35,-0.85,0.44,0,863,454,376,33,0,0,46.98,0.00,0.00,0.00,,0.00,,0.00,EastMoney,2026-08-04T16:42:36+08:00
BK1674,2026-08-04T00:00:00Z,133906,132353,134164,132353,133596,-1243,-0.93,14012015,12093081202,1.33,0.77,0.00,0,5935850,8076165,763190736000,684195248000,-366322512,1224549824,1512628112,-288078288,2632756608,2711000832,-78244224,3639780608,3575650256,64130352,4111898928,3809706752,302192176,-3.03,-2.38,-0.65,0.53,2.50,0,28,5,23,0,0,0,7.84,0.00,0.00,0.00,,0.00,,0.00,EastMoney,2026-08-04T16:42:36+08:00
BK1676,2026-08-04T00:00:00Z,142874,143276,144515,142190,141675,1601,1.13,6318585,7214734759,1.96,0.54,0.00,0,2854520,3464065,207731256000,187829595000,-257405904,687166256,895322960,-208156704,1627406784,1676655984,-49249200,2180015424,2125906976,54108448,2343686752,2140389296,203297456,-3.57,-2.89,-0.68,0.75,2.82,0,12,5,7,0,0,0,10.73,0.00,0.00,0.00,,0.00,,0.00,EastMoney,2026-08-04T16:42:36+08:00
BK1680,2026-08-04T00:00:00Z,90966,93125,93426,90737,90111,3014,3.34,33132760,133192242900,2.83,0.95,0.00,0,17606139,15526621,4188554128000,3429877328000,10287534080,29089563904,19764962048,9324601856,34636969728,33674037504,962932224,37620336384,41764587776,-4144251392,29766843392,35915057408,-6148214016,7.72,7.00,0.72,-3.11,-4.62,0,110,84,26,0,0,0,32.52,0.00,0.00,0.00,,0.00,,0.00,EastMoney,2026-08-04T16:42:36+08:00
BK1681,2026-08-04T00:00:00Z,86391,87240,87655,85825,85955,1285,1.49,1411271,3496070784,2.01,0.80,0.00,0,662104,749167,167566052000,120972922000,220595928,393913184,265634232,128278952,891617056,799300080,92316976,1069915392,1196341872,-126426480,1097045072,1191214512,-94169440,6.31,3.67,2.64,-3.62,-2.69,0,12,7,5,0,0,0,40.59,0.00,0.00,0.00,,0.00,,0.00,EastMoney,2026-08-04T16:42:36+08:00
BK1682,2026-08-04T00:00:00Z,92252,95281,95862,92109,91443,3838,4.20,1785199,14965273783,3.78,1.08,0.00,0,941343,843856,434877744000,187862787000,658722688,2778518496,2195059504,583458992,3719513008,3644249312,75263696,4449117952,4591348992,-142231040,3540957808,4031477760,-490519952,4.40,3.90,0.50,-0.95,-3.28,0,11,10,1,0,0,0,57.40,0.00,0.00,0.00,,0.00,,0.00,EastMoney,2026-08-04T16:42:36+08:00
BK1693,2026-08-04T00:00:00Z,106000,109426,109441,106000,104960,4466,4.25,13093952,12161374850,2.88,1.15,0.00,0,6196582,6897370,511412144000,324359184000,694300016,2010331280,1211855792,798475488,2808238288,2912413760,-104175472,3602933616,4015968112,-413034496,3352609008,3633874528,-281265520,5.71,6.57,-0.86,-3.40,-2.31,0,66,59,4,3,0,0,16.76,0.00,0.00,0.00,,0.00,,0.00,EastMoney,2026-08-04T16:42:36+08:00
BK1698,2026-08-04T00:00:00Z,102702,103248,103453,102377,102375,873,0.85,13519917,28145871006,0.45,0.86,0.00,0,6263530,7256388,4973238528000,3690392816000,716709056,3093999040,2253820160,840178880,6191326720,6314796544,-123469824,9286297344,9854941184,-568643840,9117901056,9266034944,-148133888,2.55,2.99,-0.44,-2.02,-0.53,0,85,40,43,2,0,0,19.90,0.00,0.00,0.00,,0.00,,0.00,EastMoney,2026-08-04T16:42:36+08:00
BK1699,2026-08-04T00:00:00Z,105196,107210,107399,105057,104532,2678,2.56,117858012,174977342990,3.97,1.06,0.00,0,59729905,58128107,4004553232000,3512556672000,9854079488,34510288896,26061402880,8448886016,46290388992,44885195520,1405193472,50681938688,57276281088,-6594342400,39982231808,43248368640,-3266136832,5.63,4.83,0.80,-3.77,-1.87,0,229,176,46,7,0,0,41.27,0.00,0.00,0.00,,0.00,,0.00,EastMoney,2026-08-04T16:42:36+08:00
BK1700,2026-08-04T00:00:00Z,98550,102044,102356,98075,97607,4437,4.55,24870925,46749707785,2.79,0.91,0.00,0,14598861,10272064,2053846192000,1860757136000,3360251648,8732880384,6012986880,2719893504,11604979456,10964621312,640358144,14502800128,15864552960,-1361752832,11248643072,13247141632,-1998498560,7.19,5.82,1.37,-2.91,-4.27,0,36,28,8,0,0,0,22.85,0.00,0.00,0.00,,0.00,,0.00,EastMoney,2026-08-04T16:42:36+08:00
BK1710,2026-08-04T00:00:00Z,85885,87292,87546,85532,85430,1862,2.18,45979966,161232142440,1.66,1.08,0.00,0,21872076,24107890,10773508096000,8653357568000,2156594176,25368352768,21953318400,3415034368,41400557056,42658997248,-1258440192,50392736768,53457606912,-3064870144,41385561344,40477285376,908275968,1.34,2.12,-0.78,-1.90,0.56,0,100,59,38,3,0,0,32.54,0.00,0.00,0.00,,0.00,,0.00,EastMoney,2026-08-04T16:42:36+08:00
BK1711,2026-08-04T00:00:00Z,95084,94528,95146,94105,94985,-457,-0.48,24254364,55805110995,1.20,0.84,0.00,0,11265715,12988649,6823355392000,6187934208000,-3841196800,5349613568,7003014400,-1653400832,12599666432,14787462400,-2187795968,18731039488,17733153792,997885696,18186053376,15344377088,2841676288,-6.88,-2.96,-3.92,1.79,5.09,0,100,25,75,0,0,0,19.58,0.00,0.00,0.00,,0.00,,0.00,EastMoney,2026-08-04T16:42:36+08:00
BK1712,2026-08-04T00:00:00Z,105239,105650,106362,105239,104325,1325,1.27,18681631,61740117054,1.51,1.06,0.00,0,9158629,9523002,4389204992000,3511678960000,1599217664,11024738816,8784198912,2240539904,14482973696,15124295936,-641322240,19030169088,20626477824,-1596308736,15731480576,15734389504,-2908928,2.59,3.63,-1.04,-2.59,0.00,0,100,54,46,0,0,0,36.74,0.00,0.00,0.00,,0.00,,0.00,EastMoney,2026-08-04T16:42:36+08:00
BK1713,2026-08-04T00:00:00Z,83883,87476,87969,83397,82746,4730,5.72,80612364,548067157979,2.43,0.92,0.00,0,43876280,36736084,20550790400000,15018578688000,40340422656,141396840448,104414912512,36981927936,165985542144,162627047424,3358494720,157773778944,180940763136,-23166984192,74314883072,91488317440,-17173434368,7.36,6.75,0.61,-4.23,-3.13,0,100,92,8,0,0,0,45.90,0.00,0.00,0.00,,0.00,,0.00,EastMoney,2026-08-04T16:42:36+08:00
BK1714,2026-08-04T00:00:00Z,105832,104825,105934,104759,105944,-1119,-1.06,79647724,79219657212,0.46,0.93,0.00,0,32440722,47207001,22152464128000,15500193024000,-4939728640,11508975104,15072322048,-3563346944,19509045504,20885427200,-1376381696,23776165376,22448495360,1327670016,22952581632,19340523520,3612058112,-6.24,-4.50,-1.74,1.68,4.56,0,100,23,74,3,0,0,8.04,0.00,0.00,0.00,,0.00,,0.00,EastMoney,2026-08-04T16:42:36+08:00
BK1715,2026-08-04T00:00:00Z,82314,81192,82323,81153,82292,-1100,-1.34,82066758,96267747912,0.46,1.08,0.00,0,35374327,46692431,22736263168000,17468003328000,-5321652992,11618125056,13965182464,-2347057408,21703071488,24677667072,-2974595584,29124913152,29174358528,-49445376,32028178944,26657080576,5371098368,-5.53,-2.44,-3.09,-0.05,5.58,0,153,26,127,0,0,0,9.60,0.00,0.00,0.00,,0.00,,0.00,EastMoney,2026-08-04T16:42:36+08:00
BK1716,2026-08-04T00:00:00Z,68647,69236,69317,68358,68286,950,1.39,30742971,34024899678,4.66,1.73,0.00,0,15042287,15700684,764528992000,704245904000,-1178763392,2638642448,3127804560,-489162112,6709833984,7399435264,-689601280,10920175616,10786004736,134170880,12486745088,11462430464,1024314624,-3.46,-1.44,-2.03,0.39,3.01,0,78,45,32,1,0,0,139.57,0.00,0.00,0.00,,0.00,,0.00,EastMoney,2026-08-04T16:42:36+08:00
BK1717,2026-08-04T00:00:00Z,115081,118201,118210,114130,111851,6350,5.68,57361811,65732827749,15.66,1.33,0.00,0,28710081,28651730,488714992000,462794160000,-232469504,9060459520,8653590272,406869248,14716524032,15355862784,-639338752,19640023296,20010141184,-370117888,19978251008,19375663616,602587392,-0.35,0.62,-0.97,-0.56,0.92,0,33,28,5,0,0,0,270.23,0.00,0.00,0.00,,0.00,,0.00,EastMoney,2026-08-04T16:42:36+08:00
BK1721,2026-08-04T00:00:00Z,101572,103642,103924,101263,100805,2837,2.81,44892736,147097812096,2.63,0.93,0.00,0,24948480,19944256,5284233472000,4104749728000,7955151616,42895135232,34212529664,8682605568,45490168832,46217622784,-727453952,35258602496,41550413056,-6291810560,20626257152,22287521280,-1661264128,5.41,5.90,-0.49,-4.28,-1.13,0,100,73,26,1,0,0,42.44,0.00,0.00,0.00,,0.00,,0.00,EastMoney,2026-08-04T16:42:36+08:00
BK1722,2026-08-04T00:00:00Z,99381,103135,103379,99231,98006,5129,5.23,63388925,380420792968,4.81,0.95,0.00,0,32729761,30659164,13684129024000,8180081408000,27115008000,102313177088,76581617664,25731559424,119834255360,118450806784,1383448576,106264596480,124514394112,-18249797632,44665458688,53222959104,-8557500416,7.13,6.76,0.36,-4.80,-2.25,0,200,182,16,2,0,0,195.03,0.00,0.00,0.00,,0.00,,0.00,EastMoney,2026-08-04T16:42:36+08:00
BK1723,2026-08-04T00:00:00Z,104838,103319,104955,103162,104808,-1489,-1.42,100244522,52051824203,0.62,0.96,0.00,0,39427924,60816599,14654576128000,9551933184000,-2415346944,6576114432,8626231808,-2050117376,11783104256,12148333824,-365229568,15550920192,14502610688,1048309504,17196078848,15828690944,1367387904,-4.64,-3.94,-0.70,2.01,2.63,0,200,21,172,7,0,0,8.95,0.00,0.00,0.00,,0.00,,0.00,EastMoney,2026-08-04T16:42:36+08:00
BK1743,2026-08-04T00:00:00Z,97415,98972,99233,96922,96449,2523,2.62,10814887,140925748247,1.29,0.61,0.00,0,5226872,5588015,8687086848000,7292303872000,5967557120,47150482944,37798772736,9351710208,47612908032,50997061120,-3384153088,34020027904,40472626688,-6452598784,9270653440,8785612288,485041152,4.23,6.64,-2.40,-4.58,0.34,0,19,12,7,0,0,0,29.46,0.00,0.00,0.00,,0.00,,0.00,EastMoney,2026-08-04T16:42:36+08:00
BK1749,2026-08-04T00:00:00Z,95510,97635,97874,95245,94875,2760,2.91,222820076,653620029609,2.59,0.96,0.00,0,115913055,106907022,24439425536000,20807084288000,39156965376,128582062080,92373573632,36208488448,170580553728,167632076800,2948476928,189021782016,209781485568,-20759703552,153598541824,171947270144,-18348728320,5.99,5.54,0.45,-3.18,-2.81,0,570,415,147,8,0,0,25.70,0.00,0.00,0.00,,0.00,,0.00,EastMoney,2026-08-04T16:42:36+08:00
BK1750,2026-08-04T00:00:00Z,90137,91413,91596,90030,89625,1788,1.99,61468082,100979886168,2.93,0.87,0.00,0,29946295,31521788,5986375168000,2159540544000,218385152,17321877760,17200706304,121171456,25702296320,25605082624,97213696,30188456448,30577901568,-389445120,25586426112,25413445376,172980736,0.22,0.12,0.10,-0.39,0.17,0,200,146,47,7,0,0,236.91,0.00,0.00,0.00,,0.00,,0.00,EastMoney,2026-08-04T16:42:36+08:00
BK1751,2026-08-04T00:00:00Z,97576,98406,98514,97346,97049,1357,1.40,63920974,55897255866,2.40,1.05,0.00,0,30925276,32995698,2165486480000,1904400832000,1349768192,5724572928,4378780160,1345792768,11580408064,11576432640,3975424,17018810112,17589741568,-570931456,20479626496,21258463232,-778836736,2.41,2.41,0.01,-1.02,-1.39,0,278,163,99,16,0,0,-45.44,0.00,0.00,0.00,,0.00,,0.00,EastMoney,2026-08-04T16:42:36+08:00
BK1752,2026-08-04T00:00:00Z,100453,100682,100911,99887,99935,747,0.75,58702606,50076221790,2.28,1.27,0.00,0,28129912,30572693,2264470544000,2107271296000,-517755136,4662279168,4782954496,-120675328,10419885312,10816965120,-397079808,15192464128,15634693632,-442229504,18642822144,17682837760,959984384,-1.03,-0.24,-0.79,-0.88,1.92,0,212,100,104,8,0,0,33.13,0.00,0.00,0.00,,0.00,,0.00,EastMoney,2026-08-04T16:42:36+08:00
BK1753,2026-08-04T00:00:00Z,95770,99602,99953,95173,94940,4662,4.91,10117324,33286186698,4.51,0.88,0.00,0,5544587,4572737,755834608000,630355216000,1217271120,3948187184,3150318304,797868880,8031932672,7612530432,419402240,10685804288,11368830464,-683026176,10140017920,10666347264,-526329344,3.66,2.40,1.26,-2.05,-1.58,0,58,56,2,0,0,0,69.58,0.00,0.00,0.00,,0.00,,0.00,EastMoney,2026-08-04T16:42:36+08:00
