symbol,trade_date,open,close,high,low,pre_close,change,change_percent,volume,amount,turnover_rate,volume_ratio,bid_ratio,bid_diff,buy_volume,sell_volume,total_market_cap,circ_market_cap,main_net_inflow,xlarge_inflow,xlarge_outflow,xlarge_net_inflow,large_inflow,large_outflow,large_net_inflow,mid_inflow,mid_outflow,mid_net_inflow,small_inflow,small_outflow,small_net_inflow,main_net_flow_ratio,xlarge_net_flow_ratio,large_net_flow_ratio,mid_net_flow_ratio,small_net_flow_ratio,total_stocks,trading_stocks,up_stocks,down_stocks,flat_stocks,limit_up_stocks,limit_down_stocks,pe,pb,median_pe,median_pb,leader_up_symbol,leader_up_change,leader_down_symbol,leader_down_change,data_source,created_at
BK0420,2026-06-01T00:00:00Z,445722,447497,450032,440747,446723,774,0.17,12730462,5361691902,1.19,1.10,0.00,0,7214862,5515599,612434832000,506246720000,76223120,838116768,794588144,43528624,1306514768,1273820272,32694496,1432265360,1510715824,-78450464,1613617680,1611390336,2227344,1.42,0.81,0.61,-1.46,0.04,0,14,7,7,0,0,0,32.03,0.00,0.00,0.00,,0.00,,0.00,EastMoney,2026-06-01T20:41:54+08:00
BK0421,2026-06-01T00:00:00Z,860490,872745,873798,852366,863345,9400,1.09,9067729,5026509289,0.70,1.02,0.00,0,4863645,4204084,820964208000,765642272000,52168800,583696992,528459024,55237968,974936048,978005216,-3069168,1504752032,1591855328,-87103296,1880167760,1845233248,34934512,1.04,1.10,-0.06,-1.73,0.70,0,36,29,5,2,0,0,17.38,0.00,0.00,0.00,,0.00,,0.00,EastMoney,2026-06-01T20:41:54+08:00
BK0422,2026-06-01T00:00:00Z,715188,733943,734875,712389,716340,17603,2.46,6878563,5682694711,1.30,1.11,0.00,0,3848822,3029741,668661296000,563914672000,15041616,358355472,337541264,20814208,1097875952,1103648544,-5772592,1737594960,1847176848,-109581888,2405259392,2310287696,94971696,0.26,0.37,-0.10,-1.93,1.67,0,47,42,5,0,0,0,28.34,0.00,0.00,0.00,,0.00,,0.00,EastMoney,2026-06-01T20:41:54+08:00
BK0424,2026-06-01T00:00:00Z,2780931,2829408,2839143,2758133,2787071,42337,1.52,4596176,3447887474,1.26,1.01,0.00,0,2487164,2109012,302160432000,257340208000,-15652758,279430688,256458710,22971978,680707472,719332208,-38624736,1051207040,1126978528,-75771488,1369665728,1278241472,91424256,-0.45,0.67,-1.12,-2.20,2.65,0,23,19,4,0,0,0,113.33,0.00,0.00,0.00,,0.00,,0.00,EastMoney,2026-06-01T20:41:54+08:00
BK0425,2026-06-01T00:00:00Z,2741516,2778091,2793532,2733504,2745691,32400,1.18,31599875,24025432559,1.36,1.01,0.00,0,16373287,15226588,1451433680000,1279082448000,561929376,3988346816,3280954656,707392160,5490491392,5635954176,-145462784,6898952704,7434422784,-535470080,7130077440,7154120192,-24042752,2.34,2.94,-0.61,-2.23,-0.10,0,68,50,17,1,0,0,11.18,0.00,0.00,0.00,,0.00,,0.00,EastMoney,2026-06-01T20:41:54+08:00
BK0427,2026-06-01T00:00:00Z,1108097,1122530,1123311,1077367,1101554,20976,1.90,176153438,140762542239,3.92,1.39,0.00,0,89767606,86385832,4788939520000,4029827120000,-1923238144,18932025600,18726263552,205762048,32617529600,34746529792,-2129000192,43361068544,44187742208,-826673664,42252025856,39497793792,2754232064,-1.37,0.15,-1.51,-0.59,1.96,0,143,104,37,2,0,0,23.55,0.00,0.00,0.00,,0.00,,0.00,EastMoney,2026-06-01T20:41:54+08:00
BK0428,2026-06-01T00:00:00Z,2357133,2370689,2372180,2266274,2340507,30182,1.29,170121299,135036382153,4.03,1.41,0.00,0,86312187,83809112,4492606720000,3748121120000,-2128038656,18513785088,18416236032,97549056,31437292032,33662879744,-2225587712,41530914304,42252861440,-721947136,40068143104,37218157056,2849986048,-1.58,0.07,-1.65,-0.53,2.11,0,111,73,37,1,0,0,23.51,0.00,0.00,0.00,,0.00,,0.00,EastMoney,2026-06-01T20:41:54+08:00
BK0429,2026-06-01T00:00:00Z,1017167,1038992,1042534,1015196,1020689,18303,1.79,5992986,7789255916,1.07,0.97,0.00,0,3003263,2989723,628206688000,523564160000,108321360,873532272,768740560,104791712,1656709456,1653179808,3529648,2501516688,2725047904,-223531216,2601785216,2486480560,115304656,1.39,1.35,0.05,-2.87,1.48,0,51,42,9,0,0,0,18.74,0.00,0.00,0.00,,0.00,,0.00,EastMoney,2026-06-01T20:41:54+08:00
BK0433,2026-06-01T00:00:00Z,1393487,1441485,1441485,1389747,1395170,46315,3.32,19069203,17089399889,1.94,1.08,0.00,0,10656204,8412999,1246228416000,963896800000,685005728,1497164144,1137666192,359497952,3915250160,3589742384,325507776,5450997760,5612260096,-161262336,5759279360,6234295552,-475016192,4.01,2.10,1.90,-0.94,-2.78,0,115,108,5,2,0,0,84.38,0.00,0.00,0.00,,0.00,,0.00,EastMoney,2026-06-01T20:41:54+08:00
BK0436,2026-06-01T00:00:00Z,1391251,1423486,1426970,1383743,1392578,30908,2.22,14188518,11902906927,1.98,1.00,0.00,0,7648318,6540200,647948640000,596923168000,166637232,752369472,713858320,38511152,2286651088,2158525008,128126080,3628492144,3717924768,-89432624,5026950656,5099082496,-72131840,1.40,0.32,1.08,-0.75,-0.61,0,112,88,22,2,0,0,28.68,0.00,0.00,0.00,,0.00,,0.00,EastMoney,2026-06-01T20:41:54+08:00
BK0437,2026-06-01T00:00:00Z,1356405,1439805,1440271,1344633,1352916,86889,6.42,28754643,27975725652,2.59,1.78,0.00,0,16595332,12159311,2466957776000,1983553088000,3181000848,4931862016,2804043632,2127818384,7303197184,6250014720,1053182464,8376059392,9327842048,-951782656,7044127488,9273346048,-2229218560,11.37,7.61,3.76,-3.40,-7.97,0,34,34,0,0,0,0,22.16,0.00,0.00,0.00,,0.00,,0.00,EastMoney,2026-06-01T20:41:54+08:00
BK0438,2026-06-01T00:00:00Z,2722300,2780498,2780995,2706293,2741295,39203,1.43,20006704,38982985648,2.14,1.08,0.00,0,10488519,9518184,4020580272000,3893088352000,-339672848,3809924752,3915076512,-105151760,9214293760,9448814848,-234521088,13493223936,12916543744,576680192,11382067968,11598614016,-216546048,-0.87,-0.27,-0.60,1.48,-0.56,0,130,98,31,1,0,0,22.13,0.00,0.00,0.00,,0.00,,0.00,EastMoney,2026-06-01T20:41:54+08:00
BK0440,2026-06-01T00:00:00Z,4934194,5064278,5079190,4918973,4945254,119024,2.41,6340216,7576911582,2.25,0.97,0.00,0,3460557,2879659,510504448000,420542080000,-94546976,356810144,440447408,-83637264,1401295584,1412205296,-10909712,2332258672,2341607376,-9348704,3342132768,3234467552,107665216,-1.25,-1.10,-0.14,-0.12,1.42,0,76,67,8,1,0,0,42.50,0.00,0.00,0.00,,0.00,,0.00,EastMoney,2026-06-01T20:41:54+08:00
BK0447,2026-06-01T00:00:00Z,3056566,3149463,3187881,3054252,3058156,91307,2.99,40567006,73641828436,3.93,0.96,0.00,0,21145299,19421708,1997789456000,1723010736000,1047690752,8498827520,7581582848,917244672,18063857920,17933411840,130446080,23788562432,24615257856,-826695424,22002974208,22204008192,-201033984,1.42,1.25,0.18,-1.12,-0.27,0,146,128,18,0,0,0,123.46,0.00,0.00,0.00,,0.00,,0.00,EastMoney,2026-06-01T20:41:54+08:00
BK0448,2026-06-01T00:00:00Z,2541562,2501474,2569280,2495897,2551788,-50314,-1.97,22816315,204217579025,4.81,0.92,0.00,0,11076658,11739657,4756890368000,4200662016000,-8803981824,48423891456,56032687360,-7608795904,57184530688,58379716608,-1195185920,62062454528,57252769280,4809685248,31660073984,27867670016,3792403968,-4.31,-3.73,-0.59,2.36,1.86,0,91,39,51,1,0,0,95.36,0.00,0.00,0.00,,0.00,,0.00,EastMoney,2026-06-01T20:41:54+08:00
BK0450,2026-06-01T00:00:00Z,1179225,1201162,1202786,1174124,1178327,22835,1.94,17955566,13276096063,1.12,1.20,0.00,0,9735323,8220243,1190535184000,1033829408000,684983312,2167279888,1722893072,444386816,3015903136,2775306640,240596496,3874379824,4066209856,-191830032,3958352288,4435897344,-477545056,5.16,3.35,1.81,-1.44,-3.60,0,37,30,7,0,0,0,13.31,0.00,0.00,0.00,,0.00,,0.00,EastMoney,2026-06-01T20:41:54+08:00
BK0451,2026-06-01T00:00:00Z,1441552,1474065,1478463,1427480,1451684,22381,1.54,48754053,22230473500,2.52,1.20,0.00,0,24916371,23837682,980324016000,923232576000,-266787424,2392006272,2668127712,-276121440,5186230016,5176896000,9334016,6772099840,6917280512,-145180672,7279097088,6867129088,411968000,-1.20,-1.24,0.04,-0.65,1.85,0,92,68,19,5,0,0,-4.95,0.00,0.00,0.00,,0.00,,0.00,EastMoney,2026-06-01T20:41:54+08:00
BK0454,2026-06-01T00:00:00Z,2235762,2254345,2290154,2235762,2244594,9751,0.43,13677549,28934612923,4.60,0.82,0.00,0,6656284,7021265,741575344000,595896688000,-1247929728,3457714880,3880542016,-422827136,6518967808,7344070400,-825102592,8857941504,8821582592,36358912,9133600256,8009882880,1123717376,-4.31,-1.46,-2.85,0.13,3.88,0,78,47,30,1,0,0,85.77,0.00,0.00,0.00,,0.00,,0.00,EastMoney,2026-06-01T20:41:54+08:00
BK0456,2026-06-01T00:00:00Z,2444746,2470879,2488875,2439811,2448658,22221,0.91,14267113,29769578847,1.77,0.85,0.00,0,7175763,7091350,2074301984000,1829815488000,-732313568,2749738016,3239586560,-489848544,7236163328,7478628352,-242465024,9677275904,9577935872,99340032,9490382592,8852876544,637506048,-2.46,-1.65,-0.81,0.33,2.14,0,108,76,28,4,0,0,18.98,0.00,0.00,0.00,,0.00,,0.00,EastMoney,2026-06-01T20:41:54+08:00
BK0457,2026-06-01T00:00:00Z,4284842,4328421,4384749,4269342,4291877,36544,0.85,32729186,69865617986,3.60,0.98,0.00,0,16813444,15915743,2028045648000,1843780848000,442133504,8982458112,8403609344,578848768,16528077312,16664792576,-136715264,22091833344,22410014208,-318180864,20418809344,20443516672,-24707328,0.63,0.83,-0.20,-0.46,-0.04,0,140,96,43,1,0,0,44.28,0.00,0.00,0.00,,0.00,,0.00,EastMoney,2026-06-01T20:41:54+08:00
BK0458,2026-06-01T00:00:00Z,2141697,2154619,2188885,2138982,2148406,6213,0.29,4250408,18002806034,2.94,0.80,0.00,0,2144831,2105577,608274400000,394210336000,-832061920,2567018368,3657051744,-1090033376,5442792448,5184820992,257971456,5091162112,4655575552,435586560,4510230784,4108604768,401626016,-4.62,-6.05,1.43,2.42,2.23,0,65,36,29,0,0,0,122.89,0.00,0.00,0.00,,0.00,,0.00,EastMoney,2026-06-01T20:41:54+08:00
BK0459,2026-06-01T00:00:00Z,6025310,5876269,6131242,5869497,6050046,-173777,-2.87,30731982,197287901842,8.56,1.06,0.00,0,14947122,15784860,3290357584000,2906710992000,-9744407040,43145475840,51783232256,-8637756416,52444146176,53550796800,-1106650624,53481866752,51720551168,1761315584,43645586176,35659294464,7986291712,-4.94,-4.38,-0.56,0.89,4.05,0,65,17,48,0,0,0,84.03,0.00,0.00,0.00,,0.00,,0.00,EastMoney,2026-06-01T20:41:54+08:00
BK0464,2026-06-01T00:00:00Z,663282,676869,680646,661587,661573,15296,2.31,17485272,15239779300,0.48,0.88,0.00,0,9266143,8219129,5104359424000,3129675104000,461508992,1544345328,1229420656,314924672,3465313232,3318728912,146584320,4967291648,4899639552,67652096,5007977728,5533405696,-525427968,3.03,2.07,0.96,0.44,-3.45,0,49,44,5,0,0,0,14.77,0.00,0.00,0.00,,0.00,,0.00,EastMoney,2026-06-01T20:41:54+08:00
BK0465,2026-06-01T00:00:00Z,3489953,3501157,3531112,3483677,3488681,12476,0.36,18579840,34135035348,1.84,1.00,0.00,0,9412232,9167608,2251573312000,1671544832000,-644670880,2779730400,3318206080,-538475680,7946825472,8053020672,-106195200,11716888832,11457774592,259114240,11004874496,10630945792,373928704,-1.89,-1.58,-0.31,0.76,1.10,0,160,108,49,3,0,0,51.85,0.00,0.00,0.00,,0.00,,0.00,EastMoney,2026-06-01T20:41:54+08:00
BK0470,2026-06-01T00:00:00Z,1027996,1049759,1052928,1025930,1031109,18650,1.81,6447924,5218741230,2.05,0.82,0.00,0,3316313,3131611,266432162000,232363480000,177405632,664755728,475711216,189044512,1016887056,1028525936,-11638880,1558125312,1708865552,-150740240,1852967696,1882225344,-29257648,3.40,3.62,-0.22,-2.89,-0.56,0,40,34,5,1,0,0,-212.73,0.00,0.00,0.00,,0.00,,0.00,EastMoney,2026-06-01T20:41:54+08:00
BK0471,2026-06-01T00:00:00Z,1783540,1819498,1835464,1775832,1793884,25614,1.43,8376244,6562638744,3.10,1.18,0.00,0,4322649,4053595,286948064000,246218469000,-261299200,535962384,782175504,-246213120,1376914768,1392000848,-15086080,2113962896,1932429776,181533120,2371988960,2295839600,76149360,-3.98,-3.75,-0.23,2.77,1.16,0,27,20,7,0,0,0,52.09,0.00,0.00,0.00,,0.00,,0.00,EastMoney,2026-06-01T20:41:54+08:00
BK0473,2026-06-01T00:00:00Z,13439306,13520030,13546836,13364096,13475909,44121,0.33,27013133,32514398218,1.01,0.90,0.00,0,13410866,13602267,3401180768000,2891397760000,-470197248,5497691392,5482921216,14770176,8668423168,9153390592,-484967424,9828553728,9501510912,327042816,8017008384,7873853952,143154432,-1.45,0.05,-1.49,1.01,0.44,0,49,34,14,1,0,0,14.39,0.00,0.00,0.00,,0.00,,0.00,EastMoney,2026-06-01T20:41:54+08:00
BK0474,2026-06-01T00:00:00Z,125567,125637,126641,123907,126185,-548,-0.43,2155327,7854838736,0.28,0.81,0.00,0,1038887,1116439,2718034112000,1857801088000,394305440,1389524240,1443258048,-53733808,2454826304,2006787056,448039248,2277527056,2470249408,-192722352,1592369360,1793952432,-201583072,5.02,-0.68,5.70,-2.45,-2.57,0,5,1,3,1,0,0,6.61,0.00,0.00,0.00,,0.00,,0.00,EastMoney,2026-06-01T20:41:54+08:00
BK0475,2026-06-01T00:00:00Z,404726,411424,411544,402855,404723,6701,1.66,39931284,30985343510,0.30,1.31,0.00,0,23982822,15948462,14984435200000,9847108864000,2785233920,6622653184,5077509376,1545143808,8580045312,7339955200,1240090112,8511860224,9411267584,-899407360,6743511040,8629337600,-1885826560,8.99,4.99,4.00,-2.90,-6.09,0,42,39,3,0,0,0,6.84,0.00,0.00,0.00,,0.00,,0.00,EastMoney,2026-06-01T20:41:54+08:00
BK0476,2026-06-01T00:00:00Z,1679810,1727248,1731093,1676214,1680199,47049,2.80,5945288,6610457988,2.84,1.19,0.00,0,3047454,2897834,278316080000,245734733000,101993408,517994448,433035184,84959264,1460776608,1443742464,17034144,2123837616,2084482064,39355552,2334644208,2472998800,-138354592,1.54,1.29,0.26,0.60,-2.09,0,38,33,5,0,0,0,90.20,0.00,0.00,0.00,,0.00,,0.00,EastMoney,2026-06-01T20:41:54+08:00
BK0477,2026-06-01T00:00:00Z,4182752,4244562,4250761,4149451,4216326,28236,0.67,5497983,19971401289,1.79,0.97,0.00,0,2813510,2684473,2787731760000,2729644448000,-551154960,2249543504,2493467488,-243923984,5237197056,5544428032,-307230976,7309401600,6990177280,319224320,4535862784,4303931648,231931136,-2.76,-1.22,-1.54,1.60,1.16,0,39,25,13,1,0,0,20.60,0.00,0.00,0.00,,0.00,,0.00,EastMoney,2026-06-01T20:41:54+08:00
BK0478,2026-06-01T00:00:00Z,2935113,2939928,2997609,2935113,2943137,-3209,-0.11,56590134,133587481416,2.50,0.79,0.00,0,27607640,28982494,5872915456000,4694600704000,-4710862848,15910766592,19703263488,-3792496896,31491150336,32409516288,-918365952,41722484480,41154740992,567743488,42162661376,38018376448,4144284928,-3.53,-2.84,-0.69,0.42,3.10,0,144,68,74,2,0,0,22.66,0.00,0.00,0.00,,0.00,,0.00,EastMoney,2026-06-01T20:41:54+08:00
BK0479,2026-06-01T00:00:00Z,836477,848714,852259,831554,838213,10501,1.25,19619912,9011961337,0.99,0.91,0.00,0,10819391,8800522,910722464000,845331856000,369654944,1104167168,816172176,287994992,2096276848,2014616896,81659952,2591812224,2847108240,-255296016,3055890592,3170249520,-114358928,4.10,3.20,0.91,-2.83,-1.27,0,46,37,9,0,0,0,78.37,0.00,0.00,0.00,,0.00,,0.00,EastMoney,2026-06-01T20:41:54+08:00
BK0480,2026-06-01T00:00:00Z,5725875,5720682,5782886,5707671,5729571,-8889,-0.16,7379654,20615957525,1.86,0.79,0.00,0,3598890,3780765,1392381712000,1052749488000,-1138563360,1607474960,2023573472,-416098512,4121223600,4843688448,-722464848,6703779328,6792700928,-88921600,7722997248,6493327872,1229669376,-5.52,-2.02,-3.50,-0.43,5.96,0,54,32,21,1,0,0,101.77,0.00,0.00,0.00,,0.00,,0.00,EastMoney,2026-06-01T20:41:54+08:00
BK0481,2026-06-01T00:00:00Z,4850930,4898546,4940970,4840132,4855811,42735,0.88,32436373,62153911648,2.31,0.80,0.00,0,16267236,16169137,2917240064000,2324148800000,-1008580096,5729423104,6149493504,-420070400,13470244352,14058754048,-588509696,19923694592,20104924160,-181229568,21798791936,20607443200,1191348736,-1.62,-0.68,-0.95,-0.29,1.92,0,273,174,97,2,0,0,30.69,0.00,0.00,0.00,,0.00,,0.00,EastMoney,2026-06-01T20:41:54+08:00
BK0482,2026-06-01T00:00:00Z,1703069,1755365,1759626,1694474,1717561,37804,2.20,27391012,14866561028,3.14,1.15,0.00,0,13984726,13406286,484204048000,457755392000,42888944,1312069776,1283897200,28172576,3185834240,3171117872,14716368,4712509440,4993015552,-280506112,5233848320,4996231168,237617152,0.29,0.19,0.10,-1.89,1.60,0,60,50,8,2,0,0,-19.02,0.00,0.00,0.00,,0.00,,0.00,EastMoney,2026-06-01T20:41:54+08:00
BK0484,2026-06-01T00:00:00Z,1063533,1090281,1094138,1056050,1066014,24267,2.28,2977949,2467893967,1.57,0.96,0.00,0,1541725,1436224,164656835000,163727796000,-16250268,142747645,121476569,21271076,459388080,496909424,-37521344,821209872,824305472,-3095600,985758816,966412944,19345872,-0.66,0.86,-1.52,-0.13,0.78,0,16,11,4,1,0,0,23.34,0.00,0.00,0.00,,0.00,,0.00,EastMoney,2026-06-01T20:41:54+08:00
BK0485,2026-06-01T00:00:00Z,1455800,1485031,1486026,1447104,1460354,24677,1.69,4604534,8113645987,2.08,1.09,0.00,0,2535940,2068593,327163248000,299909248000,-82996272,813616848,1076907920,-263291072,1855348976,1675054176,180294800,2698561376,2637513920,61047456,2543943984,2521995152,21948832,-1.02,-3.25,2.22,0.75,0.27,0,38,36,2,0,0,0,42.51,0.00,0.00,0.00,,0.00,,0.00,EastMoney,2026-06-01T20:41:54+08:00
BK0486,2026-06-01T00:00:00Z,1017252,1051039,1058204,1017252,1018278,32761,3.22,51963516,65957619972,3.58,1.21,0.00,0,28997108,22966409,1596745520000,1471330592000,4489158656,8974818304,6151844864,2822973440,17013072128,15346886912,1666185216,20869198592,22376345600,-1507147008,17911166976,20870518528,-2959351552,6.81,4.28,2.53,-2.29,-4.49,0,129,117,10,2,0,0,59.24,0.00,0.00,0.00,,0.00,,0.00,EastMoney,2026-06-01T20:41:54+08:00
BK0490,2026-06-01T00:00:00Z,8575261,8624833,8740057,8575089,8603415,21418,0.25,85329341,201546162164,2.83,0.81,0.00,0,42869169,42460173,6541900032000,5676925440000,-5592066048,23854139904,26182179072,-2328039168,47203763456,50467790336,-3264026880,63121148160,63616741120,-495592960,62671678208,56570687232,6100990976,-2.77,-1.16,-1.62,-0.25,3.03,0,424,245,176,3,0,0,95.36,0.00,0.00,0.00,,0.00,,0.00,EastMoney,2026-06-01T20:41:54+08:00
BK0492,2026-06-01T00:00:00Z,1145721,1183267,1183902,1144404,1145710,37557,3.28,36451737,42364181096,2.10,1.33,0.00,0,20601163,15850573,3172570336000,2723205984000,2744995792,5896739584,4145683504,1751056080,10859392768,9865453056,993939712,13047028480,13786229248,-739200768,11927944192,13927589888,-1999645696,6.48,4.13,2.35,-1.74,-4.72,0,73,66,7,0,0,0,21.11,0.00,0.00,0.00,,0.00,,0.00,EastMoney,2026-06-01T20:41:54+08:00
BK0493,2026-06-01T00:00:00Z,2021229,2039857,2050889,2002887,2018951,20906,1.04,150788230,175360030251,3.54,1.10,0.00,0,76400970,74387260,7657628160000,4881258752000,-3548106752,22405598464,23081619456,-676020992,40362770944,43234856704,-2872085760,55920223744,56276240640,-356016896,52855376896,48938545920,3916830976,-2.02,-0.39,-1.64,-0.20,2.23,0,214,136,74,4,0,0,30.87,0.00,0.00,0.00,,0.00,,0.00,EastMoney,2026-06-01T20:41:54+08:00
BK0494,2026-06-01T00:00:00Z,1580821,1602952,1614331,1578144,1582419,20533,1.30,100425678,165724842896,2.47,0.95,0.00,0,50477489,49948190,6174781184000,5484588544000,-4442966784,26319087872,28428015616,-2108927744,40561458688,42895497728,-2334039040,50222009856,49455964160,766045696,45156006144,41455865088,3700141056,-2.68,-1.27,-1.41,0.46,2.23,0,422,299,117,6,0,0,42.79,0.00,0.00,0.00,,0.00,,0.00,EastMoney,2026-06-01T20:41:54+08:00
BK0498,2026-06-01T00:00:00Z,1147845,1168561,1170839,1139838,1147136,21425,1.87,62546798,39232114499,3.70,0.98,0.00,0,33286785,29260014,1357588752000,1101999632000,-729022464,8423631360,8054464256,369167104,8434174208,9532363776,-1098189568,10607111424,10983274752,-376163328,10667253504,9562067712,1105185792,-1.86,0.94,-2.80,-0.96,2.82,0,72,58,12,2,0,0,72.30,0.00,0.00,0.00,,0.00,,0.00,EastMoney,2026-06-01T20:41:54+08:00
BK0499,2026-06-01T00:00:00Z,949472,950635,955230,946503,949570,1065,0.11,145029681,338014374814,0.64,1.07,0.00,0,75418355,69611326,43044588032000,27220347392000,-5492254208,66275002880,71144050688,-4869047808,91945336832,92568543232,-623206400,107102203904,103620526080,3481677824,65931832064,63921252608,2010579456,-1.62,-1.44,-0.18,1.03,0.59,0,189,109,76,4,0,0,12.43,0.00,0.00,0.00,,0.00,,0.00,EastMoney,2026-06-01T20:41:54+08:00
BK0500,2026-06-01T00:00:00Z,1234577,1236085,1243873,1231026,1234588,1497,0.12,296134051,823984849005,0.90,1.01,0.00,0,153034440,143099611,68401585408000,52671760384000,-16505454592,178451005440,190942040064,-12491034624,233270243328,237284663296,-4014419968,249683300352,242348744704,7334555648,146859028480,137688129536,9170898944,-2.00,-1.52,-0.49,0.89,1.11,0,300,165,129,6,0,0,14.52,0.00,0.00,0.00,,0.00,,0.00,EastMoney,2026-06-01T20:41:54+08:00
BK0501,2026-06-01T00:00:00Z,2838978,2816773,2874120,2810851,2848718,-31945,-1.12,7862638,54431843421,8.62,0.92,0.00,0,3750240,4112398,3732487856000,412314272000,-4099900416,8444668160,11371482112,-2926813952,15895134464,17068220928,-1173086464,17308743936,15370897152,1937846784,8036201728,6556083968,1480117760,-7.53,-5.38,-2.16,3.56,2.72,0,135,72,63,0,0,0,97.76,0.00,0.00,0.00,,0.00,,0.00,EastMoney,2026-06-01T20:41:54+08:00
BK0505,2026-06-01T00:00:00Z,913006,923015,924246,910785,912773,10242,1.12,66180501,86089995377,0.60,1.02,0.00,0,34276776,31903725,16321720576000,10346599680000,535989248,13482474240,12597191680,885282560,20756822272,21106115584,-349293312,26261293568,26750323200,-489029632,24047385856,24094154496,-46768640,0.62,1.03,-0.41,-0.57,-0.05,0,102,77,22,3,0,0,12.79,0.00,0.00,0.00,,0.00,,0.00,EastMoney,2026-06-01T20:41:54+08:00
BK0506,2026-06-01T00:00:00Z,1832777,1865260,1876585,1830300,1835123,30137,1.64,107462651,197374582288,2.77,0.97,0.00,0,55091543,52371108,5836248064000,5452713728000,-3992813568,34419277824,36118849536,-1699571712,46769141504,49062383360,-2293241856,57595488256,58193413632,-597925376,55187010560,50596271616,4590738944,-2.02,-0.86,-1.16,-0.30,2.33,0,294,216,74,4,0,0,39.50,0.00,0.00,0.00,,0.00,,0.00,EastMoney,2026-06-01T20:41:54+08:00
BK0509,2026-06-01T00:00:00Z,1329250,1360438,1376294,1329250,1331675,28763,2.16,25681510,34783938732,2.90,1.02,0.00,0,13968783,11712727,1131871632000,1065000352000,1737420064,4249818944,3485125408,764693536,8692925696,7720199168,972726528,11241958912,11817755392,-575796480,10088229376,11249853184,-1161623808,4.99,2.20,2.80,-1.66,-3.34,0,67,54,11,2,0,0,55.93,0.00,0.00,0.00,,0.00,,0.00,EastMoney,2026-06-01T20:41:54+08:00
BK0511,2026-06-01T00:00:00Z,691278,710062,710062,690045,692931,17131,2.47,42671779,19199066474,2.11,0.93,0.00,0,22473345,20198434,1061005440000,960032656000,-14777248,1372799504,1683083696,-310284192,6392226304,6096719360,295506944,6833216256,6739920384,93295872,3864777840,3941812112,-77034272,-0.08,-1.62,1.54,0.49,-0.40,0,248,187,41,20,0,0,-10.67,0.00,0.00,0.00,,0.00,,0.00,EastMoney,2026-06-01T20:41:54+08:00
BK0512,2026-06-01T00:00:00Z,2856655,2906745,2932351,2853777,2857449,49296,1.73,17336214,34216114202,2.25,0.95,0.00,0,9144850,8191364,1473735504000,1388318288000,1071008032,4590724096,3916731872,673992224,8266825216,7869809408,397015808,10558107136,10787935232,-229828096,10320430080,11161609984,-841179904,3.13,1.97,1.16,-0.67,-2.46,0,77,60,16,1,0,0,25.28,0.00,0.00,0.00,,0.00,,0.00,EastMoney,2026-06-01T20:41:54+08:00
BK0514,2026-06-01T00:00:00Z,1451069,1473523,1476076,1443824,1454204,19319,1.33,48791296,59702785533,1.56,1.00,0.00,0,25611884,23179411,3854105584000,3182553216000,-577389568,7561617920,8157005824,-595387904,14607450880,14589452544,17998336,18538185216,19031260672,-493075456,17824770560,16754305280,1070465280,-0.97,-1.00,0.03,-0.83,1.79,0,127,98,26,3,0,0,13.32,0.00,0.00,0.00,,0.00,,0.00,EastMoney,2026-06-01T20:41:54+08:00
BK0519,2026-06-01T00:00:00Z,3737910,3806282,3831609,3737910,3741756,64526,1.72,46187015,86227126922,2.20,0.92,0.00,0,23511470,22675545,5203456768000,4452111616000,-306096128,12052720128,12969714944,-916994816,21510328832,20899430144,610898688,26873531648,26690371072,183160576,24456753408,24333818112,122935296,-0.35,-1.06,0.71,0.21,0.14,0,78,54,24,0,0,0,21.23,0.00,0.00,0.00,,0.00,,0.00,EastMoney,2026-06-01T20:41:54+08:00
BK0520,2026-06-01T00:00:00Z,1458116,1471201,1492021,1458023,1457304,13897,0.95,1316621,4081145770,2.13,0.87,0.00,0,674561,642060,185289319000,146946388000,-15670352,432917264,424722736,8194528,853886640,877751520,-23864880,1166877600,1214185280,-47307680,1568831712,1505853664,62978048,-0.38,0.20,-0.58,-1.16,1.54,0,15,10,5,0,0,0,27.15,0.00,0.00,0.00,,0.00,,0.00,EastMoney,2026-06-01T20:41:54+08:00
BK0523,2026-06-01T00:00:00Z,4158682,4183858,4246733,4158682,4168974,14884,0.36,115793814,311618438239,3.69,0.86,0.00,0,57432666,58361149,7640657664000,6877445632000,-12799350016,46215310336,53159870720,-6944560384,76003270656,81858060288,-5854789632,93884428288,93636259840,248168448,89167405056,76638597120,12528807936,-4.11,-2.23,-1.88,0.08,4.02,0,383,223,160,0,0,0,53.92,0.00,0.00,0.00,,0.00,,0.00,EastMoney,2026-06-01T20:41:54+08:00
BK0524,2026-06-01T00:00:00Z,3095511,3142655,3147838,3080118,3101406,41249,1.33,21732788,25836599943,1.19,0.90,0.00,0,10832901,10899888,2813972096000,2298654896000,-418930960,4175587408,3912999520,262587888,6494669056,7176187904,-681518848,7794519296,7496321280,298198016,6972331520,6851598592,120732928,-1.62,1.02,-2.64,1.15,0.47,0,46,30,16,0,0,0,11.17,0.00,0.00,0.00,,0.00,,0.00,EastMoney,2026-06-01T20:41:54+08:00
BK0525,2026-06-01T00:00:00Z,1212974,1236338,1237263,1208612,1215248,21090,1.74,100340163,108998064400,1.13,0.96,0.00,0,52758305,47581857,11601765632000,9628518400000,1186949376,16115950080,14416824832,1699125248,26889812992,27401988864,-512175872,32974957568,33933456128,-958498560,31051478016,31278565120,-227087104,1.09,1.56,-0.47,-0.88,-0.21,0,229,186,41,2,0,0,12.11,0.00,0.00,0.00,,0.00,,0.00,EastMoney,2026-06-01T20:41:54+08:00
BK0528,2026-06-01T00:00:00Z,1312509,1326620,1337485,1311649,1313196,13424,1.02,78339678,156634913643,1.94,0.95,0.00,0,40275318,38064360,6422897152000,5833309184000,-3168271872,18474800640,21393701376,-2918900736,38616341760,38865712896,-249371136,50455834880,50132421632,323413248,46648540672,43803682048,2844858624,-2.02,-1.86,-0.16,0.21,1.82,0,325,214,109,2,0,0,31.73,0.00,0.00,0.00,,0.00,,0.00,EastMoney,2026-06-01T20:41:54+08:00
BK0534,2026-06-01T00:00:00Z,2209603,2237139,2247157,2202832,2217453,19686,0.89,30250513,37775059600,1.96,1.08,0.00,0,15583752,14666761,2181769040000,1976209920000,8207360,3912418704,3933282448,-20863744,9171185408,9142114304,29071104,12125863424,12371891968,-246028544,11764398592,11526577408,237821184,0.02,-0.06,0.08,-0.65,0.63,0,85,59,25,1,0,0,24.75,0.00,0.00,0.00,,0.00,,0.00,EastMoney,2026-06-01T20:41:54+08:00
BK0535,2026-06-01T00:00:00Z,2482884,2532837,2559197,2477782,2491875,40962,1.64,129243971,281821166031,3.97,0.99,0.00,0,67550605,61693367,7548172544000,5470033408000,-3509773568,39428261376,41938397952,-2510136576,70520614912,71520251904,-999636992,87126278144,85694046208,1432231936,79486398464,77408854016,2077544448,-1.25,-0.89,-0.35,0.51,0.74,0,709,513,190,6,0,0,36.79,0.00,0.00,0.00,,0.00,,0.00,EastMoney,2026-06-01T20:41:54+08:00
BK0536,2026-06-01T00:00:00Z,1538649,1501489,1550126,1499422,1538505,-37016,-2.41,29395657,360654477189,3.64,0.92,0.00,0,14361926,15033731,9341973248000,8744549888000,-18473431040,86972207104,100969873408,-13997666304,108764106752,113239871488,-4475764736,115541368832,104616935424,10924433408,42642060288,35100000000,7542060288,-5.12,-3.88,-1.24,3.03,2.09,0,101,25,76,0,0,0,57.74,0.00,0.00,0.00,,0.00,,0.00,EastMoney,2026-06-01T20:41:54+08:00
BK0538,2026-06-01T00:00:00Z,3302200,3366141,3389894,3298860,3308906,57235,1.73,22933856,47268620382,2.70,0.88,0.00,0,11875379,11058477,1790987888000,1616589472000,850974976,5651941376,5013627136,638314240,11102635520,10889974784,212660736,14614943488,14824016128,-209072640,15059636480,15684257280,-624620800,1.80,1.35,0.45,-0.44,-1.32,0,181,137,42,2,0,0,38.58,0.00,0.00,0.00,,0.00,,0.00,EastMoney,2026-06-01T20:41:54+08:00
BK0539,2026-06-01T00:00:00Z,1207645,1238457,1244057,1206039,1209842,28615,2.37,4009343,5296826355,2.05,1.06,0.00,0,2239328,1770015,212680888000,200437427000,372995504,680352928,581071520,99281408,1496582592,1222868496,273714096,1487745920,1715835680,-228089760,1533936000,1678841728,-144905728,7.04,1.87,5.17,-4.31,-2.74,0,19,16,3,0,0,0,-107.20,0.00,0.00,0.00,,0.00,,0.00,EastMoney,2026-06-01T20:41:54+08:00
BK0545,2026-06-01T00:00:00Z,5223873,5263016,5332033,5223873,5239479,23537,0.45,34537476,80288026401,3.99,0.87,0.00,0,17456136,17081340,2365429584000,1753142784000,-3136822272,8358114816,10536036864,-2177922048,18977708800,19936609024,-958900224,24142324736,23829362176,312962560,26117518592,23423064832,2694453760,-3.91,-2.71,-1.19,0.39,3.36,0,255,146,107,2,0,0,97.96,0.00,0.00,0.00,,0.00,,0.00,EastMoney,2026-06-01T20:41:54+08:00
BK0546,2026-06-01T00:00:00Z,7161830,7159232,7282714,7093374,7268635,-109403,-1.51,11020671,23150226371,5.43,0.94,0.00,0,5339169,5681502,627194288000,530820912000,-1437505824,3681825248,4297891840,-616066592,5990841600,6812280832,-821439232,6869800192,6946133760,-76333568,6249387776,4735548672,1513839104,-6.21,-2.66,-3.55,-0.33,6.54,0,17,7,9,1,0,0,103.06,0.00,0.00,0.00,,0.00,,0.00,EastMoney,2026-06-01T20:41:54+08:00
BK0547,2026-06-01T00:00:00Z,1968177,1998556,2015931,1968177,1978463,20093,1.02,32794682,47833869159,1.89,0.82,0.00,0,16779501,16015180,3061851488000,2627121504000,-53982720,6366526720,6277955840,88570880,10915687936,11058241536,-142553600,14550812160,14720648448,-169836288,15164483840,14940664832,223819008,-0.11,0.19,-0.30,-0.36,0.47,0,71,46,22,3,0,0,19.63,0.00,0.00,0.00,,0.00,,0.00,EastMoney,2026-06-01T20:41:54+08:00
BK0548,2026-06-01T00:00:00Z,2521636,2554799,2559898,2515404,2525307,29492,1.17,8708529,11497075526,1.31,0.92,0.00,0,4649037,4059492,901497264000,800843184000,-336841392,611052624,879470848,-268418224,2480859872,2549283040,-68423168,3814427792,4015032480,-200604688,4353857024,3816075232,537781792,-2.93,-2.33,-0.60,-1.74,4.68,0,69,52,16,1,0,0,97.41,0.00,0.00,0.00,,0.00,,0.00,EastMoney,2026-06-01T20:41:54+08:00
BK0549,2026-06-01T00:00:00Z,4161148,4187134,4241395,4158211,4155544,31590,0.76,113182482,274517691956,2.61,1.04,0.00,0,56008963,57173519,11667812352000,9803250944000,-8082546432,40587818752,47079790080,-6491971328,69182906368,70773481472,-1590575104,82489556992,83140071424,-650514432,77182787584,68383921664,8798865920,-2.94,-2.36,-0.58,-0.24,3.21,0,348,206,136,6,0,0,26.87,0.00,0.00,0.00,,0.00,,0.00,EastMoney,2026-06-01T20:41:54+08:00
BK0552,2026-06-01T00:00:00Z,1791786,1820754,1833565,1789122,1796055,24699,1.38,380685381,570070614981,1.25,1.06,0.00,0,197921482,182763899,44251450624000,34549228288000,-2624233472,82430943232,83255357440,-824414208,141794504704,143594323968,-1799819264,179731001344,179468308480,262692864,154696671232,152337809408,2358861824,-0.46,-0.14,-0.32,0.05,0.41,0,1143,814,311,18,0,0,13.61,0.00,0.00,0.00,,0.00,,0.00,EastMoney,2026-06-01T20:41:54+08:00
BK0554,2026-06-01T00:00:00Z,1765531,1782947,1810278,1764467,1766237,16710,0.95,160209475,381124533866,4.34,0.89,0.00,0,80675620,79533855,11250536960000,8418238208000,-12707995648,71100309504,78609907712,-7509598208,93027786752,98226184192,-5198397440,113318600704,113019449344,299151360,95645192192,83253682176,12391510016,-3.33,-1.97,-1.36,0.08,3.25,0,380,253,125,2,0,0,35.27,0.00,0.00,0.00,,0.00,,0.00,EastMoney,2026-06-01T20:41:54+08:00
BK0556,2026-06-01T00:00:00Z,1214725,1242068,1254146,1214725,1214785,27283,2.25,23198522,49208276572,2.37,1.04,0.00,0,12373899,10824623,3182766896000,1068187504000,-1314195200,8074714624,8422723328,-348008704,11692250624,12658437120,-966186496,14543143680,15109890816,-566747136,13947852800,12066910464,1880942336,-2.67,-0.71,-1.96,-1.15,3.82,0,68,56,11,1,0,0,20.89,0.00,0.00,0.00,,0.00,,0.00,EastMoney,2026-06-01T20:41:54+08:00
BK0566,2026-06-01T00:00:00Z,1100727,1117141,1122295,1094792,1101655,15486,1.41,9649398,6863926774,2.82,1.03,0.00,0,4976967,4672431,226462159000,210742434000,-7404816,513536608,540765440,-27228832,1623961568,1604137552,19824016,2226974144,2355539136,-128564992,2354476928,2218507104,135969824,-0.11,-0.40,0.29,-1.87,1.98,0,21,16,5,0,0,0,-32.85,0.00,0.00,0.00,,0.00,,0.00,EastMoney,2026-06-01T20:41:54+08:00
BK0567,2026-06-01T00:00:00Z,382963,386290,390298,382699,383036,3254,0.85,49541641,156866892342,2.61,1.00,0.00,0,25966691,23574950,5462726912000,4903126016000,-3382136064,21986340096,24483686400,-2497346304,40191483136,41076272896,-884789760,53748577536,51632544512,2116033024,38398531840,37132428800,1266103040,-2.16,-1.59,-0.56,1.35,0.81,0,212,141,70,1,0,0,44.83,0.00,0.00,0.00,,0.00,,0.00,EastMoney,2026-06-01T20:41:54+08:00
BK0568,2026-06-01T00:00:00Z,150706,150565,152322,150216,150684,-119,-0.08,297417676,877135600256,2.55,0.94,0.00,0,152926574,144491102,31676197888000,27421501952000,-27415699456,158258814976,176878858240,-18620043264,229675917312,238471573504,-8795656192,272094543872,266539188224,5555355648,200290328576,178429984768,21860343808,-3.13,-2.12,-1.00,0.63,2.49,0,500,278,218,4,0,0,36.11,0.00,0.00,0.00,,0.00,,0.00,EastMoney,2026-06-01T20:41:54+08:00
BK0574,2026-06-01T00:00:00Z,467617,469239,477301,467617,467705,1534,0.33,128006079,331137212515,3.03,0.89,0.00,0,63867382,64138697,12103696128000,10362320128000,-5524418816,44659437568,49188073728,-4528636160,83098021888,84093804544,-995782656,105137115136,103906205696,1230909440,91281133568,86993395712,4287737856,-1.67,-1.37,-0.30,0.37,1.29,0,415,240,171,4,0,0,38.51,0.00,0.00,0.00,,0.00,,0.00,EastMoney,2026-06-01T20:41:54+08:00
BK0577,2026-06-01T00:00:00Z,301709,304637,307245,301187,302393,2244,0.74,107270735,122039238877,2.44,1.10,0.00,0,55900250,51370485,5378067456000,4424625152000,-1001097984,17062957568,16199669504,863288064,28197095168,30061481216,-1864386048,37253116160,37957909760,-704793600,36564370432,34813454336,1750916096,-0.82,0.71,-1.53,-0.58,1.43,0,198,134,63,1,0,0,30.95,0.00,0.00,0.00,,0.00,,0.00,EastMoney,2026-06-01T20:41:54+08:00
BK0578,2026-06-01T00:00:00Z,358005,356093,362559,354702,358751,-2658,-0.74,17728133,32856666416,2.04,0.66,0.00,0,8321090,9407043,1332249632000,1192024224000,-1777080416,3151428256,4575455232,-1424026976,7386369280,7739422720,-353053440,10301462272,10078114816,223347456,11359941888,9823154432,1536787456,-5.41,-4.33,-1.07,0.68,4.68,0,53,22,30,1,0,0,33.55,0.00,0.00,0.00,,0.00,,0.00,EastMoney,2026-06-01T20:41:54+08:00
BK0579,2026-06-01T00:00:00Z,349020,357630,362877,349020,348990,8640,2.48,43154910,132121404344,2.01,0.98,0.00,0,22099029,21055881,7258763008000,4806194688000,-278901248,22230124544,23263028992,-1032904448,34321251328,33567248128,754003200,42019979520,40805768448,1214211072,30875271680,31801440768,-926169088,-0.21,-0.78,0.57,0.92,-0.70,0,141,115,25,1,0,0,28.84,0.00,0.00,0.00,,0.00,,0.00,EastMoney,2026-06-01T20:41:54+08:00
BK0580,2026-06-01T00:00:00Z,521804,515818,529761,515058,523677,-7859,-1.50,67800755,125488254676,6.22,0.80,0.00,0,34368313,33432442,2360676240000,2076150784000,-8866869248,24840364288,29182208000,-4341843712,30074665984,34599691520,-4525025536,38818685184,36851084800,1967600384,29533671936,22648841472,6884830464,-7.07,-3.46,-3.61,1.57,5.49,0,99,44,54,1,0,0,88.54,0.00,0.00,0.00,,0.00,,0.00,EastMoney,2026-06-01T20:41:54+08:00
BK0581,2026-06-01T00:00:00Z,239071,241250,244112,238405,239630,1620,0.68,59641688,120799343299,3.99,0.95,0.00,0,29914647,29727040,3159426512000,2707882160000,-2140934656,15550304512,16621329408,-1071024896,28616086016,29685995776,-1069909760,37753119232,38373005312,-619886080,36474709504,33703499008,2771210496,-1.77,-0.89,-0.89,-0.51,2.29,0,196,130,64,2,0,0,52.19,0.00,0.00,0.00,,0.00,,0.00,EastMoney,2026-06-01T20:41:54+08:00
BK0588,2026-06-01T00:00:00Z,451849,454581,459719,449932,451685,2896,0.64,227753075,340943322425,3.70,1.07,0.00,0,115340175,112412900,10614709760000,8724160256000,-9365211648,47944500992,50670813440,-2726312448,81521262592,88160161792,-6638899200,107501510656,106470703104,1030807552,96243503104,88059392000,8184111104,-2.75,-0.80,-1.95,0.30,2.40,0,434,253,174,7,0,0,53.52,0.00,0.00,0.00,,0.00,,0.00,EastMoney,2026-06-01T20:41:54+08:00
BK0590,2026-06-01T00:00:00Z,353823,359355,361030,353320,354680,4675,1.32,172940908,283558596887,2.17,0.98,0.00,0,89668155,83272754,13389709312000,12231586560000,-4402754816,37394207232,40825267968,-3431060736,72502382592,73474076672,-971694080,88896442368,88446451712,449990656,78478184448,74497728512,3980455936,-1.55,-1.21,-0.34,0.16,1.40,0,608,441,159,8,0,0,35.62,0.00,0.00,0.00,,0.00,,0.00,EastMoney,2026-06-01T20:41:54+08:00
BK0592,2026-06-01T00:00:00Z,280522,284919,286483,280522,281537,3382,1.20,30331363,42177827112,1.09,0.89,0.00,0,15281670,15049693,3294657664000,2806961184000,-740684032,5890931712,6180375808,-289444096,9875549952,10326789888,-451239936,12721971968,12954259712,-232287744,12880717824,11902927872,977789952,-1.76,-0.69,-1.07,-0.55,2.32,0,126,98,24,4,0,0,17.89,0.00,0.00,0.00,,0.00,,0.00,EastMoney,2026-06-01T20:41:54+08:00
BK0594,2026-06-01T00:00:00Z,292085,297265,298416,291328,292861,4404,1.50,157186518,276746950326,2.18,0.98,0.00,0,80409843,76776675,9907162624000,8567666176000,-9740858368,49779114240,55436388608,-5657274368,66490348544,70573932544,-4083584000,81100644352,81009303552,91340800,74228355072,64578831104,9649523968,-3.52,-2.04,-1.48,0.03,3.49,0,411,307,98,6,0,0,21.80,0.00,0.00,0.00,,0.00,,0.00,EastMoney,2026-06-01T20:41:54+08:00
BK0595,2026-06-01T00:00:00Z,300807,302484,304403,297584,300629,1855,0.62,170458528,241834376675,3.28,1.17,0.00,0,86642412,83816116,9576428800000,6763578880000,-6010026752,37279194880,39930411520,-2651216640,58141326336,61500136448,-3358810112,72793681920,73621938176,-828256256,68185201664,61330480896,6854720768,-2.49,-1.10,-1.39,-0.34,2.83,0,236,143,89,4,0,0,23.68,0.00,0.00,0.00,,0.00,,0.00,EastMoney,2026-06-01T20:41:54+08:00
BK0596,2026-06-01T00:00:00Z,325700,328060,331356,325566,325950,2110,0.65,1157154935,2576918782222,1.82,0.98,0.00,0,595627274,561527660,121508032512000,95929274368000,-58479747072,407481323520,445199106048,-37717782528,655805841408,676567805952,-20761964544,811858087936,796988264448,14869823488,644177702912,600518483968,43659218944,-2.27,-1.46,-0.81,0.58,1.69,0,3784,2425,1327,32,0,0,22.01,0.00,0.00,0.00,,0.00,,0.00,EastMoney,2026-06-01T20:41:54+08:00
BK0597,2026-06-01T00:00:00Z,211737,215623,216851,210969,212272,3351,1.58,44185861,45150186288,2.00,1.02,0.00,0,23113113,21072748,2348928816000,2152791376000,947423488,5495634432,4553069568,942564864,10166951424,10162092800,4858624,14034221056,14820244480,-786023424,14381924864,14550631424,-168706560,2.10,2.09,0.01,-1.74,-0.37,0,110,83,26,1,0,0,21.18,0.00,0.00,0.00,,0.00,,0.00,EastMoney,2026-06-01T20:41:54+08:00
BK0600,2026-06-01T00:00:00Z,302668,307678,309462,302236,304065,3613,1.19,36138991,46211457947,2.62,0.90,0.00,0,18590285,17548706,1603476448000,1477301488000,-307434240,4874154240,5083274752,-209120512,10246523648,10344837376,-98313728,14736310272,15058155776,-321845504,15577335040,14948055296,629279744,-0.67,-0.45,-0.21,-0.70,1.36,0,104,75,28,1,0,0,45.58,0.00,0.00,0.00,,0.00,,0.00,EastMoney,2026-06-01T20:41:54+08:00
BK0601,2026-06-01T00:00:00Z,243169,246429,248479,243169,243555,2874,1.18,33906827,78635914199,2.44,1.00,0.00,0,17403642,16503185,2486692272000,2014675376000,-1334005504,14439559168,15692203520,-1252644352,19540275456,19621636608,-81361152,22069317376,22151860224,-82542848,20686897920,19261074432,1425823488,-1.70,-1.59,-0.10,-0.10,1.81,0,76,54,22,0,0,0,40.79,0.00,0.00,0.00,,0.00,,0.00,EastMoney,2026-06-01T20:41:54+08:00
BK0603,2026-06-01T00:00:00Z,272466,277393,279085,271580,272060,5333,1.96,26412444,15142772112,0.81,1.30,0.00,0,14007222,12405222,3077691168000,2633575360000,485331936,2687078896,2241030528,446048368,4224068912,4184785344,39283568,4399947520,4545689856,-145742336,3636561584,3976615184,-340053600,3.21,2.95,0.26,-0.96,-2.25,0,31,27,4,0,0,0,15.21,0.00,0.00,0.00,,0.00,,0.00,EastMoney,2026-06-01T20:41:54+08:00
BK0604,2026-06-01T00:00:00Z,262563,267685,268235,261445,262274,5411,2.06,41858994,33891059830,0.66,1.13,0.00,0,21888046,19970948,6304689664000,5285790208000,936674192,5127082240,4022231664,1104850576,7708843008,7877019392,-168176384,10197026560,10769526272,-572499712,10200649728,10564824320,-364174592,2.76,3.26,-0.50,-1.69,-1.07,0,75,63,11,1,0,0,10.34,0.00,0.00,0.00,,0.00,,0.00,EastMoney,2026-06-01T20:41:54+08:00
BK0606,2026-06-01T00:00:00Z,224226,228745,229623,223986,224145,4600,2.05,10499642,16190265458,1.50,0.95,0.00,0,5715303,4784340,2318963728000,639182048000,460901232,1888517136,1613772848,274744288,4098186512,3912029568,186156944,5060624640,5332903424,-272278784,4718260480,4907088384,-188827904,2.85,1.70,1.15,-1.68,-1.17,0,50,43,6,1,0,0,15.45,0.00,0.00,0.00,,0.00,,0.00,EastMoney,2026-06-01T20:41:54+08:00
BK0610,2026-06-01T00:00:00Z,244617,244757,245754,243568,245055,-298,-0.12,31264430,108765065315,0.44,1.08,0.00,0,16409268,14855162,16670608384000,11510905600000,-764542720,23154820864,23365066496,-210245632,29712432384,30266729472,-554297088,34642602240,35363391744,-720789504,19174184192,17688851968,1485332224,-0.70,-0.19,-0.51,-0.66,1.37,0,50,31,19,0,0,0,10.06,0.00,0.00,0.00,,0.00,,0.00,EastMoney,2026-06-01T20:41:54+08:00
BK0611,2026-06-01T00:00:00Z,207224,207109,208279,206448,207659,-550,-0.26,59735341,182645392370,0.36,1.07,0.00,0,31274117,28461224,27672338944000,22230775552000,-4966039552,37923157248,41784316160,-3861158912,58863842048,59968722688,-1104880640,56442737664,51412874496,5029863168,26122504960,26186328576,-63823616,-2.72,-2.11,-0.60,2.75,-0.03,0,50,23,25,2,0,0,11.23,0.00,0.00,0.00,,0.00,,0.00,EastMoney,2026-06-01T20:41:54+08:00
BK0612,2026-06-01T00:00:00Z,174535,175191,175676,173874,174588,603,0.35,175895871,428659756026,0.64,1.12,0.00,0,91427827,84468043,49513134080000,36354534400000,-2991104000,89732812800,92186378240,-2453565440,123531481088,124069019648,-537538560,131289505792,127774789632,3514716160,76042842112,76566454272,-523612160,-0.70,-0.57,-0.13,0.82,-0.12,0,180,107,68,5,0,0,12.07,0.00,0.00,0.00,,0.00,,0.00,EastMoney,2026-06-01T20:41:54+08:00
BK0614,2026-06-01T00:00:00Z,720271,738124,742858,719558,723610,14514,2.01,8574505,10989147245,2.79,0.89,0.00,0,4479173,4095333,418921840000,348422608000,-476282240,677596000,966911264,-289315264,2182339360,2369306336,-186966976,3660824208,3608374160,52450048,4251435504,3819080336,432355168,-4.33,-2.63,-1.70,0.48,3.93,0,50,41,9,0,0,0,81.32,0.00,0.00,0.00,,0.00,,0.00,EastMoney,2026-06-01T20:41:54+08:00
BK0615,2026-06-01T00:00:00Z,211933,214969,215090,211104,212192,2777,1.31,19387089,22236430106,1.43,0.96,0.00,0,10101641,9285448,1805983280000,1687443104000,-424206352,1813809040,2137306784,-323497744,4881361664,4982070272,-100708608,7157250304,7131850752,25399552,7935346688,7528661760,406684928,-1.91,-1.45,-0.45,0.11,1.83,0,144,111,29,4,0,0,31.89,0.00,0.00,0.00,,0.00,,0.00,EastMoney,2026-06-01T20:41:54+08:00
BK0617,2026-06-01T00:00:00Z,292992,295823,299411,292992,292499,3324,1.14,25809672,51124591912,3.47,0.91,0.00,0,12944233,12865439,1198647584000,1078096000000,-1296863232,7798174464,8505683968,-707509504,12701831168,13291184896,-589353728,15403738880,15012376832,391362048,14167560448,13243667712,923892736,-2.54,-1.38,-1.15,0.77,1.81,0,69,51,17,1,0,0,314.53,0.00,0.00,0.00,,0.00,,0.00,EastMoney,2026-06-01T20:41:54+08:00
BK0619,2026-06-01T00:00:00Z,890213,889178,907618,887032,891436,-2258,-0.25,16646927,71831492986,4.34,0.84,0.00,0,8141772,8505155,1287504816000,1209008736000,-4156640256,11784616960,14374473728,-2589856768,18213265152,19780048640,-1566783488,22006685952,21588433408,418252544,18619987456,14864287488,3755699968,-5.79,-3.61,-2.18,0.58,5.23,0,73,38,34,1,0,0,100.19,0.00,0.00,0.00,,0.00,,0.00,EastMoney,2026-06-01T20:41:54+08:00
BK0622,2026-06-01T00:00:00Z,686806,684551,693349,681563,689080,-4529,-0.66,4149373,7383520070,5.94,0.99,0.00,0,2079332,2070041,137314468000,134719551000,236774800,1265786064,816819808,448966256,1499674640,1711866096,-212191456,2118561456,2440423472,-321862016,2398301056,2313213840,85087216,3.21,6.08,-2.87,-4.36,1.15,0,9,4,5,0,0,0,56.73,0.00,0.00,0.00,,0.00,,0.00,EastMoney,2026-06-01T20:41:54+08:00
BK0623,2026-06-01T00:00:00Z,345239,350772,353018,345239,345451,5321,1.54,43714471,66043219813,2.30,1.01,0.00,0,22744328,20970142,2439330096000,2116227264000,290324224,9775363840,9386568704,388795136,16059510272,16157981184,-98470912,19813079808,20657117440,-844037632,19006005760,18418713344,587292416,0.44,0.59,-0.15,-1.28,0.89,0,112,89,23,0,0,0,26.37,0.00,0.00,0.00,,0.00,,0.00,EastMoney,2026-06-01T20:41:54+08:00
BK0625,2026-06-01T00:00:00Z,561615,565744,571424,560978,562866,2878,0.51,14247565,14259251163,1.61,0.87,0.00,0,6830743,7416822,962200960000,833635456000,-563096944,1259357456,1452544784,-193187328,2985711328,3355620944,-369909616,4438979840,4673663232,-234683392,5261116416,4463012608,798103808,-3.95,-1.35,-2.59,-1.65,5.60,0,36,26,9,1,0,0,-58.13,0.00,0.00,0.00,,0.00,,0.00,EastMoney,2026-06-01T20:41:54+08:00
BK0628,2026-06-01T00:00:00Z,567327,579911,585283,566518,568725,11186,1.97,76371874,94602582941,4.10,0.87,0.00,0,39952848,36419027,2676029536000,2447961536000,-612445952,14233661440,13807550208,426111232,21700578048,22739135232,-1038557184,28383300608,29194422272,-811121664,28191730688,26729668352,1462062336,-0.65,0.45,-1.10,-0.86,1.55,0,219,173,41,5,0,0,113.52,0.00,0.00,0.00,,0.00,,0.00,EastMoney,2026-06-01T20:41:54+08:00
BK0629,2026-06-01T00:00:00Z,706493,710001,719894,705187,708867,1134,0.16,22783648,37702191760,2.26,0.86,0.00,0,11612960,11170689,1411001280000,1191037680000,-1719972944,3971920560,4555322368,-583401808,7952534528,9089105664,-1136571136,11692767488,11789220864,-96453376,13353105920,11534941696,1818164224,-4.56,-1.55,-3.01,-0.26,4.82,0,75,41,33,1,0,0,143.08,0.00,0.00,0.00,,0.00,,0.00,EastMoney,2026-06-01T20:41:54+08:00
BK0632,2026-06-01T00:00:00Z,173044,177187,177547,172194,173462,3725,2.15,12617245,6558219844,1.67,0.93,0.00,0,6863597,5753648,423984144000,378212880000,14402016,497687584,526232448,-28544864,1442319856,1399372976,42946880,2033959792,2085410592,-51450800,2485438368,2448389600,37048768,0.22,-0.44,0.65,-0.78,0.56,0,44,37,7,0,0,0,-78.74,0.00,0.00,0.00,,0.00,,0.00,EastMoney,2026-06-01T20:41:54+08:00
BK0634,2026-06-01T00:00:00Z,540005,552910,559088,539558,540497,12413,2.30,100294391,220059401718,2.96,0.97,0.00,0,51728655,48565736,6520469504000,6149750272000,809941504,34210860800,34743377920,-532517120,55255912192,53913453568,1342458624,66761663488,68162040832,-1400377344,59643368448,59031976192,611392256,0.37,-0.24,0.61,-0.64,0.28,0,297,236,58,3,0,0,58.48,0.00,0.00,0.00,,0.00,,0.00,EastMoney,2026-06-01T20:41:54+08:00
BK0636,2026-06-01T00:00:00Z,86046,86365,86437,85539,85895,470,0.55,690787,122803385,0.27,0.86,0.00,0,317564,373223,667996928000,108476303000,-5233208,1190786,153488,1037298,23690938,29961444,-6270506,49556959,48624445,932514,46272471,41971778,4300693,-4.26,0.84,-5.11,0.76,3.50,0,79,48,23,8,0,0,27.87,0.00,0.00,0.00,,0.00,,0.00,EastMoney,2026-06-01T20:41:54+08:00
BK0637,2026-06-01T00:00:00Z,499839,510252,511956,498823,501132,9120,1.82,102445230,123748024345,0.62,1.06,0.00,0,55786734,46658496,20374612480000,14343831552000,4921764096,20691012352,18045128704,2645883648,32876125696,30600245248,2275880448,36795300352,38893573632,-2098273280,31305574400,34128781312,-2823206912,3.98,2.14,1.84,-1.70,-2.28,0,196,165,29,2,0,0,8.30,0.00,0.00,0.00,,0.00,,0.00,EastMoney,2026-06-01T20:41:54+08:00
BK0638,2026-06-01T00:00:00Z,257402,254776,260587,254419,257151,-2375,-0.92,39735915,308144723666,3.23,0.95,0.00,0,20396030,19339885,10661228800000,9252449280000,-10453102080,65614119424,73765916672,-8151797248,87869231104,90170535936,-2301304832,97530761216,93393440768,4137320448,51144979712,44829200384,6315779328,-3.39,-2.65,-0.75,1.34,2.05,0,100,38,62,0,0,0,47.29,0.00,0.00,0.00,,0.00,,0.00,EastMoney,2026-06-01T20:41:54+08:00
BK0641,2026-06-01T00:00:00Z,445921,446076,457141,445414,445231,845,0.19,83448792,239032297285,5.89,0.84,0.00,0,41921972,41526820,4424249344000,4090197024000,-4954542592,50758779136,52007197696,-1248418560,60253273856,63959397888,-3706124032,72273932288,73438212096,-1164279808,50715696896,44573373440,6142323456,-2.07,-0.52,-1.55,-0.49,2.57,0,127,68,59,0,0,0,58.14,0.00,0.00,0.00,,0.00,,0.00,EastMoney,2026-06-01T20:41:54+08:00
BK0643,2026-06-01T00:00:00Z,338237,342058,343748,336609,338837,3221,0.95,5508338,11697254775,0.82,0.86,0.00,0,2798884,2709454,922903216000,747506688000,-432823840,1496797680,1833322752,-336525072,2915264928,3011563696,-96298768,4572441088,4403613952,168827136,2535067552,2271070800,263996752,-3.70,-2.88,-0.82,1.44,2.26,0,34,21,12,1,0,0,29.48,0.00,0.00,0.00,,0.00,,0.00,EastMoney,2026-06-01T20:41:54+08:00
BK0644,2026-06-01T00:00:00Z,750803,750478,762448,748839,749724,754,0.10,64272181,238547133618,3.24,0.82,0.00,0,31029082,33243098,7435277824000,6666135808000,-12195479040,43458183168,51121698560,-7663515392,59290556928,63822520576,-4531963648,70279139328,68120508416,2158630912,60934050304,50877095168,10056955136,-5.11,-3.21,-1.90,0.90,4.22,0,213,107,105,1,0,0,35.06,0.00,0.00,0.00,,0.00,,0.00,EastMoney,2026-06-01T20:41:54+08:00
BK0653,2026-06-01T00:00:00Z,266665,272711,273620,265498,267713,4998,1.87,38662821,35970318202,2.15,1.12,0.00,0,20246291,18416530,2772324160000,2083027008000,577440528,4101836960,3842104464,259732496,8482503680,8164795648,317708032,11186857728,11763929600,-577071872,11452164864,11452533248,-368384,1.61,0.72,0.88,-1.60,0.00,0,128,105,21,2,0,0,18.62,0.00,0.00,0.00,,0.00,,0.00,EastMoney,2026-06-01T20:41:54+08:00
BK0655,2026-06-01T00:00:00Z,464184,472530,479790,464184,463802,8728,1.88,39973187,103681474975,2.16,0.97,0.00,0,20443134,19530053,4921546752000,2615922112000,181705984,15928197632,16689434368,-761236736,24956487168,24013544448,942942720,30778117888,31681127424,-903009536,29945207552,29220957696,724249856,0.18,-0.73,0.91,-0.87,0.70,0,132,102,27,3,0,0,26.77,0.00,0.00,0.00,,0.00,,0.00,EastMoney,2026-06-01T20:41:54+08:00
BK0656,2026-06-01T00:00:00Z,136115,136435,138382,136038,136336,99,0.07,5608313,8571911489,1.97,0.70,0.00,0,2792028,2816286,333426240000,312658368000,-419324352,1007696464,1180705104,-173008640,1957106176,2203421888,-246315712,2668091136,2712763456,-44672320,2778513456,2314516800,463996656,-4.89,-2.02,-2.87,-0.52,5.41,0,13,7,5,1,0,0,32.12,0.00,0.00,0.00,,0.00,,0.00,EastMoney,2026-06-01T20:41:54+08:00
BK0662,2026-06-01T00:00:00Z,204170,210598,211748,204170,204550,6048,2.96,42614533,58220108275,3.93,1.17,0.00,0,22627660,19986873,1459823824000,1313250672000,2445310976,7506070784,6106414080,1399656704,15080046336,14034392064,1045654272,18484181248,19705673984,-1221492736,16038778368,17257276416,-1218498048,4.20,2.40,1.80,-2.10,-2.09,0,113,101,11,1,0,0,92.41,0.00,0.00,0.00,,0.00,,0.00,EastMoney,2026-06-01T20:41:54+08:00
BK0664,2026-06-01T00:00:00Z,169003,172963,173485,168656,169525,3438,2.03,22870482,22620757190,2.12,1.15,0.00,0,12471372,10399110,1252759888000,1144690464000,320805008,1469138272,1266148816,202989456,4682027520,4564211968,117815552,7351968768,7343960832,8007936,8648066560,8969543680,-321477120,1.42,0.90,0.52,0.04,-1.42,0,154,133,18,3,0,0,22.70,0.00,0.00,0.00,,0.00,,0.00,EastMoney,2026-06-01T20:41:54+08:00
BK0665,2026-06-01T00:00:00Z,227566,233630,234105,226983,228216,5414,2.37,98752637,115048085555,2.72,1.04,0.00,0,50821343,47931294,5993547008000,5350684672000,1686519040,13580309760,12492877568,1087432192,26643290624,26044203776,599086848,37069685504,37140727552,-71042048,35318008320,36916214016,-1598205696,1.47,0.95,0.52,-0.06,-1.39,0,346,283,56,7,0,0,38.49,0.00,0.00,0.00,,0.00,,0.00,EastMoney,2026-06-01T20:41:54+08:00
BK0666,2026-06-01T00:00:00Z,599889,590073,609425,588925,601039,-10966,-1.82,83504016,248014422059,5.31,0.85,0.00,0,41886231,41617785,5984270080000,5589352192000,-12394849024,52063288064,59618044928,-7554756864,62089122816,66929214976,-4840092160,68674486272,68242256384,432229888,60027329792,48124270080,11903059712,-5.00,-3.05,-1.95,0.17,4.80,0,127,42,85,0,0,0,58.73,0.00,0.00,0.00,,0.00,,0.00,EastMoney,2026-06-01T20:41:54+08:00
BK0667,2026-06-01T00:00:00Z,331649,336878,340821,331168,331991,4887,1.47,22265733,45946382422,2.56,0.95,0.00,0,11469280,10796453,1757047440000,1619436736000,74625280,5319799808,5041751296,278048512,11348779264,11552202496,-203423232,14497379584,15020972032,-523592448,14032895232,13570614016,462281216,0.16,0.61,-0.44,-1.14,1.01,0,116,88,28,0,0,0,62.74,0.00,0.00,0.00,,0.00,,0.00,EastMoney,2026-06-01T20:41:54+08:00
BK0668,2026-06-01T00:00:00Z,427053,431368,434307,426312,427720,3648,0.85,46726194,107298001097,2.12,0.86,0.00,0,23619976,23106218,4991465472000,4376445952000,-2567561728,11958097920,13532701696,-1574603776,25145117952,26138075904,-992957952,35743483904,34992131584,751352320,32397967616,30581713408,1816254208,-2.39,-1.47,-0.93,0.70,1.69,0,336,238,91,7,0,0,36.40,0.00,0.00,0.00,,0.00,,0.00,EastMoney,2026-06-01T20:41:54+08:00
BK0669,2026-06-01T00:00:00Z,145788,149898,150055,144774,145795,4103,2.81,9631114,7173708949,2.47,1.03,0.00,0,5179313,4451802,284843424000,247943803000,-42107424,493240896,499115104,-5874208,1519359424,1555592640,-36233216,2267629152,2398375568,-130746416,2766890720,2594036880,172853840,-0.59,-0.08,-0.51,-1.82,2.41,0,39,35,4,0,0,0,28.62,0.00,0.00,0.00,,0.00,,0.00,EastMoney,2026-06-01T20:41:54+08:00
BK0671,2026-06-01T00:00:00Z,291709,301683,302484,290202,292200,9483,3.25,6445383,7506877324,2.81,0.91,0.00,0,3356111,3089272,179752981000,176067203000,613404432,1175890480,650439920,525450560,1757932560,1669978688,87953872,2354143600,2584328016,-230184416,2115760768,2498980784,-383220016,8.17,7.00,1.17,-3.07,-5.10,0,19,16,2,1,0,0,122.23,0.00,0.00,0.00,,0.00,,0.00,EastMoney,2026-06-01T20:41:54+08:00
BK0672,2026-06-01T00:00:00Z,248806,253650,254094,247205,249721,3929,1.57,9791765,7848315630,1.06,0.85,0.00,0,5024656,4767109,856770784000,769219808000,-59586032,703509296,704315280,-805984,1661175712,1719955760,-58780048,2542068496,2534678320,7390176,2747968960,2695773104,52195856,-0.76,-0.01,-0.75,0.09,0.67,0,40,32,7,1,0,0,19.43,0.00,0.00,0.00,,0.00,,0.00,EastMoney,2026-06-01T20:41:54+08:00
BK0674,2026-06-01T00:00:00Z,473497,459626,478725,458683,473675,-14049,-2.97,18114176,56444131531,6.13,0.79,0.00,0,8846790,9267386,888766992000,848439488000,-2257964544,10837261312,11775013888,-937752576,14676517376,15996729344,-1320211968,16400677632,16863274752,-462597120,13487134720,10766573056,2720561664,-4.00,-1.66,-2.34,-0.82,4.82,0,18,2,15,1,0,0,1997.33,0.00,0.00,0.00,,0.00,,0.00,EastMoney,2026-06-01T20:41:54+08:00
BK0675,2026-06-01T00:00:00Z,258196,259734,260728,257209,258521,1213,0.47,14896862,18449750338,1.67,0.84,0.00,0,7416200,7480662,1216565040000,1082785936000,-537339760,924669328,1384029824,-459360496,3901954288,3979933552,-77979264,6169367552,6123032064,46335488,7015684864,6535716864,479968000,-2.91,-2.49,-0.42,0.25,2.60,0,110,74,33,3,0,0,121.54,0.00,0.00,0.00,,0.00,,0.00,EastMoney,2026-06-01T20:41:54+08:00
BK0676,2026-06-01T00:00:00Z,235508,237344,237497,234589,235516,1828,0.78,5053128,6695173812,1.22,1.03,0.00,0,2693598,2359530,658583504000,584491776000,148426784,480898864,446081088,34817776,1400332864,1286723856,113609008,2218737424,2243917776,-25180352,2481194240,2604440688,-123246448,2.22,0.52,1.70,-0.38,-1.84,0,43,30,12,1,0,0,50.22,0.00,0.00,0.00,,0.00,,0.00,EastMoney,2026-06-01T20:41:54+08:00
BK0677,2026-06-01T00:00:00Z,324137,331134,332385,322623,325502,5632,1.73,25167321,19307555878,2.46,1.27,0.00,0,13706911,11460411,1082709488000,925041088000,518787152,1805410288,1571774112,233636176,4614023168,4328872192,285150976,5903992576,6357943296,-453950720,6525303040,6601915648,-76612608,2.69,1.21,1.48,-2.35,-0.40,0,76,58,15,3,0,0,31.76,0.00,0.00,0.00,,0.00,,0.00,EastMoney,2026-06-01T20:41:54+08:00
BK0679,2026-06-01T00:00:00Z,743954,744798,760349,741036,748004,-3206,-0.43,13079985,29299655877,2.52,0.89,0.00,0,6499740,6580245,648701584000,593649536000,-1542968016,4192164144,5233813760,-1041649616,7331862784,7833181184,-501318400,9074390272,8992536832,81853440,8170937856,6709537280,1461400576,-5.27,-3.56,-1.71,0.28,4.99,0,19,9,10,0,0,0,38.56,0.00,0.00,0.00,,0.00,,0.00,EastMoney,2026-06-01T20:41:54+08:00
BK0680,2026-06-01T00:00:00Z,317613,320552,324264,317527,317594,2958,0.93,38952460,117492540477,2.68,0.91,0.00,0,19449976,19502484,4286188304000,3796013824000,-1409234688,20406610432,21222166272,-815555840,30109582848,30703261696,-593678848,34947121408,35443421440,-496300032,29943823104,28033517056,1910306048,-1.20,-0.69,-0.51,-0.42,1.63,0,162,100,61,1,0,0,78.36,0.00,0.00,0.00,,0.00,,0.00,EastMoney,2026-06-01T20:41:54+08:00
BK0682,2026-06-01T00:00:00Z,453435,457179,463390,453435,453722,3457,0.76,42114486,94531383206,2.39,0.92,0.00,0,21637828,20476658,3476672368000,2936029376000,-2955273472,11717592576,12911323392,-1193730816,23007160832,24768703488,-1761542656,29557224192,29717249536,-160025344,28670685440,25549156352,3121529088,-3.13,-1.26,-1.86,-0.17,3.30,0,144,91,51,2,0,0,49.82,0.00,0.00,0.00,,0.00,,0.00,EastMoney,2026-06-01T20:41:54+08:00
BK0683,2026-06-01T00:00:00Z,502607,510745,512171,501691,503446,7299,1.45,611466018,767188803047,1.55,1.05,0.00,0,316959176,294506842,53364909056000,40346722304000,-7047995392,110280593408,111158525952,-877932544,183083917312,189253980160,-6170062848,239192182784,241116798976,-1924616192,218199961600,209235017728,8964943872,-0.92,-0.11,-0.80,-0.25,1.17,0,1437,1089,326,22,0,0,17.46,0.00,0.00,0.00,,0.00,,0.00,EastMoney,2026-06-01T20:41:54+08:00
BK0684,2026-06-01T00:00:00Z,181666,185642,186196,181185,182192,3450,1.89,27460175,19551683008,2.32,0.91,0.00,0,14301598,13158578,792930272000,682940192000,31461552,1753217456,1684195840,69021616,4541275136,4578835200,-37560064,6209414144,6327831552,-118417408,6537686272,6428069888,109616384,0.16,0.35,-0.19,-0.61,0.56,0,61,47,13,1,0,0,-24.76,0.00,0.00,0.00,,0.00,,0.00,EastMoney,2026-06-01T20:41:54+08:00
BK0685,2026-06-01T00:00:00Z,290789,289416,295587,288490,291911,-2495,-0.85,550325,1289319632,0.58,0.90,0.00,0,258447,291878,103877020000,100344951000,-95432324,58781482,125640313,-66858831,252299659,280873152,-28573493,467723408,442886128,24837280,492588368,421993328,70595040,-7.40,-5.19,-2.22,1.93,5.48,0,6,3,3,0,0,0,14.56,0.00,0.00,0.00,,0.00,,0.00,EastMoney,2026-06-01T20:41:54+08:00
BK0689,2026-06-01T00:00:00Z,270055,276025,278988,269552,269613,6412,2.38,60107421,155324851067,2.35,1.01,0.00,0,31523136,28584284,5300018944000,4826511872000,-1052189184,26815066880,27983910656,-1168843776,46593297664,46476643072,116654592,46595607552,45562834688,1032772864,32430501376,32380669184,49832192,-0.68,-0.75,0.08,0.66,0.03,0,167,130,35,2,0,0,48.17,0.00,0.00,0.00,,0.00,,0.00,EastMoney,2026-06-01T20:41:54+08:00
BK0690,2026-06-01T00:00:00Z,596390,603323,614883,596390,596214,7109,1.19,16855173,42698920217,2.75,0.79,0.00,0,8588873,8266299,1169797088000,963395552000,229615616,6731443200,6798483712,-67040512,10946088960,10649432832,296656128,12930138880,13204640768,-274501888,11349047040,11304161024,44886016,0.54,-0.16,0.69,-0.64,0.11,0,37,25,12,0,0,0,43.35,0.00,0.00,0.00,,0.00,,0.00,EastMoney,2026-06-01T20:41:54+08:00
BK0692,2026-06-01T00:00:00Z,156492,160149,160456,155670,157337,2812,1.79,17483614,10533831717,2.58,1.09,0.00,0,9228833,8254780,395961776000,353243376000,172831856,592722848,538563248,54159600,2369946096,2251273840,118672256,3645835488,3661318784,-15483296,3700897248,3858245808,-157348560,1.64,0.51,1.13,-0.15,-1.49,0,52,43,7,2,0,0,-10.67,0.00,0.00,0.00,,0.00,,0.00,EastMoney,2026-06-01T20:41:54+08:00
BK0693,2026-06-01T00:00:00Z,182782,184913,186233,182068,183792,1121,0.61,9714555,10023355717,3.48,0.95,0.00,0,5136853,4577702,373445024000,330864816000,-46016032,817779168,872313680,-54534512,2246722320,2238203840,8518480,3427657568,3410136128,17521440,3331379776,3302821232,28558544,-0.46,-0.54,0.08,0.17,0.28,0,40,28,10,2,0,0,-798.83,0.00,0.00,0.00,,0.00,,0.00,EastMoney,2026-06-01T20:41:54+08:00
BK0695,2026-06-01T00:00:00Z,449469,449774,457872,449110,450734,-960,-0.21,55675801,119832023860,2.08,0.79,0.00,0,26894476,28781325,5141153792000,4263372208000,-5451465728,14891632384,19047049984,-4155417600,28286625024,29582673152,-1296048128,37158038528,36346536960,811501568,37414878720,32774620160,4640258560,-4.55,-3.47,-1.08,0.68,3.87,0,111,52,56,3,0,0,22.68,0.00,0.00,0.00,,0.00,,0.00,EastMoney,2026-06-01T20:41:54+08:00
BK0696,2026-06-01T00:00:00Z,343964,354337,358241,343964,343924,10413,3.03,52545114,108234299663,3.52,0.99,0.00,0,27904333,24640781,3117557856000,2772131728000,4656964096,15509658112,11965015040,3544643072,27468376320,26356055296,1112321024,34415502080,37307145728,-2891643648,28968460032,30710513664,-1742053632,4.30,3.27,1.03,-2.67,-1.61,0,234,199,35,0,0,0,176.84,0.00,0.00,0.00,,0.00,,0.00,EastMoney,2026-06-01T20:41:54+08:00
BK0697,2026-06-01T00:00:00Z,334659,340093,340717,333660,335156,4937,1.47,22503855,36476776742,1.72,0.88,0.00,0,11648265,10855591,2389505488000,1942883584000,-1140092672,5993398784,6509058048,-515659264,9046275840,9670709248,-624433408,11150132992,10766307072,383825920,9556523008,8800256256,756266752,-3.13,-1.41,-1.71,1.05,2.07,0,55,44,11,0,0,0,12.16,0.00,0.00,0.00,,0.00,,0.00,EastMoney,2026-06-01T20:41:54+08:00
BK0698,2026-06-01T00:00:00Z,143713,144544,145513,143284,143764,780,0.54,6277174,6947166428,1.77,0.84,0.00,0,3129072,3148102,439015984000,389590560000,-188714912,350424880,483710528,-133285648,1524401296,1579830560,-55429264,2463875552,2475961232,-12085680,2495542992,2294742384,200800608,-2.72,-1.92,-0.80,-0.17,2.89,0,44,29,14,1,0,0,75.35,0.00,0.00,0.00,,0.00,,0.00,EastMoney,2026-06-01T20:41:54+08:00
BK0699,2026-06-01T00:00:00Z,313229,317532,322573,313229,313163,4369,1.40,3436675,15674119165,3.31,0.98,0.00,0,1863136,1573539,266567512000,254529914000,-1140731120,3290486448,3793155008,-502668560,3637843824,4275906384,-638062560,4644769024,4324641536,320127488,3766312352,2945708832,820603520,-7.28,-3.21,-4.07,2.04,5.24,0,11,7,4,0,0,0,491.66,0.00,0.00,0.00,,0.00,,0.00,EastMoney,2026-06-01T20:41:54+08:00
BK0700,2026-06-01T00:00:00Z,345168,347451,351025,343563,344985,2466,0.71,84766816,209346023257,3.78,0.97,0.00,0,43095800,41671016,5675950592000,4687316736000,-6035310336,29947710208,32670074112,-2722363904,50576988928,53889935360,-3312946432,64640871680,64813377024,-172505344,59921818368,53645552384,6276265984,-2.88,-1.30,-1.58,-0.08,3.00,0,259,160,96,3,0,0,44.06,0.00,0.00,0.00,,0.00,,0.00,EastMoney,2026-06-01T20:41:54+08:00
BK0701,2026-06-01T00:00:00Z,264388,264401,266905,263439,264336,65,0.02,258175027,584223622422,2.29,1.02,0.00,0,132095245,126079782,19490850048000,16939087104000,-16747429888,84619636736,95310356480,-10690719744,144902467584,150959177728,-6056710144,193224744960,189275983872,3948761088,151083626496,138284957696,12798668800,-2.87,-1.83,-1.04,0.68,2.19,0,500,303,193,4,0,0,36.38,0.00,0.00,0.00,,0.00,,0.00,EastMoney,2026-06-01T20:41:54+08:00
BK0703,2026-06-01T00:00:00Z,608863,616593,625857,608863,614369,2224,0.36,18965429,70901811552,5.14,1.09,0.00,0,9564800,9400628,1058176928000,989327568000,-659727360,13717698048,15383757824,-1666059776,19861847296,18855514880,1006332416,19210201344,20272239616,-1062038272,16260836608,14539070976,1721765632,-0.93,-2.35,1.42,-1.50,2.43,0,32,20,11,1,0,0,69.45,0.00,0.00,0.00,,0.00,,0.00,EastMoney,2026-06-01T20:41:54+08:00
BK0704,2026-06-01T00:00:00Z,276918,278007,282200,276918,277605,402,0.14,48878382,118424618194,3.28,0.82,0.00,0,24190206,24688175,3856523152000,3327590592000,-4916467712,13110742272,15092271104,-1981528832,26365936128,29300875008,-2934938880,37830862080,37575433472,255428608,39029790208,34372622080,4657168128,-4.15,-1.67,-2.48,0.22,3.93,0,219,134,83,2,0,0,68.58,0.00,0.00,0.00,,0.00,,0.00,EastMoney,2026-06-01T20:41:54+08:00
BK0705,2026-06-01T00:00:00Z,300396,301644,303497,299963,300592,1052,0.35,160482054,326135064013,2.21,1.03,0.00,0,82695956,77786097,12243997696000,10975539968000,-8327016448,47076765696,52816826368,-5740060672,79989067776,82576023552,-2586955776,109139693568,106828742656,2310950912,84117774336,78101708800,6016065536,-2.55,-1.76,-0.79,0.71,1.84,0,380,248,130,2,0,0,31.70,0.00,0.00,0.00,,0.00,,0.00,EastMoney,2026-06-01T20:41:54+08:00
BK0706,2026-06-01T00:00:00Z,545194,550969,557859,545163,546803,4166,0.76,9613559,24304926711,2.67,0.91,0.00,0,5240790,4372769,829831632000,733787936000,917690096,3912626688,3395152400,517474288,6559626240,6159410432,400215808,7341686272,7846676992,-504990720,6099643904,6512343296,-412699392,3.78,2.13,1.65,-2.08,-1.70,0,49,37,12,0,0,0,67.90,0.00,0.00,0.00,,0.00,,0.00,EastMoney,2026-06-01T20:41:54+08:00
BK0707,2026-06-01T00:00:00Z,263300,264600,266716,263076,263431,1169,0.44,582564130,1176584308119,1.29,1.04,0.00,0,302224166,280339964,75072131072000,59346076416000,-21679046656,194976546816,208778067968,-13801521152,305120948224,312998473728,-7877525504,376390369280,366941749248,9448620032,278483673088,266253246464,12230426624,-1.84,-1.17,-0.67,0.80,1.04,0,1527,958,553,16,0,0,16.49,0.00,0.00,0.00,,0.00,,0.00,EastMoney,2026-06-01T20:41:54+08:00
BK0708,2026-06-01T00:00:00Z,144704,148688,149034,144226,145461,3227,2.22,16137515,18213984882,2.20,0.98,0.00,0,8837510,7300005,830995984000,659569200000,319768880,1495989440,1295684880,200304560,3916524864,3797060544,119464320,5960886528,6185612288,-224725760,6502336256,6590523392,-88187136,1.76,1.10,0.66,-1.23,-0.48,0,73,60,10,3,0,0,31.78,0.00,0.00,0.00,,0.00,,0.00,EastMoney,2026-06-01T20:41:54+08:00
BK0710,2026-06-01T00:00:00Z,371557,372883,380568,371557,370866,2017,0.54,23737782,99644252631,1.48,0.92,0.00,0,11819330,11918451,2601068416000,2423026864000,-2730949888,19562360832,21487138048,-1924777216,25241383424,26047556096,-806172672,29411511296,29181544192,229967104,23271737856,20777383424,2494354432,-2.74,-1.93,-0.81,0.23,2.50,0,55,32,22,1,0,0,39.22,0.00,0.00,0.00,,0.00,,0.00,EastMoney,2026-06-01T20:41:54+08:00
BK0711,2026-06-01T00:00:00Z,104917,105583,105823,104341,105174,409,0.39,28565444,39306533132,1.00,0.90,0.00,0,14247528,14317916,3735888960000,3153782560000,-177074176,6712129024,6585124096,127004928,10552668928,10856748032,-304079104,12051197952,11872784640,178413312,9405328128,9406667264,-1339136,-0.45,0.32,-0.77,0.45,0.00,0,55,39,15,1,0,0,15.18,0.00,0.00,0.00,,0.00,,0.00,EastMoney,2026-06-01T20:41:54+08:00
BK0712,2026-06-01T00:00:00Z,163861,166725,167573,163627,164225,2500,1.52,196304096,245928200667,1.23,1.02,0.00,0,102834524,93469572,16875025408000,14322599424000,-1380955648,36726694144,36546195712,180498432,58617134848,60178588928,-1561454080,73783160832,74923597824,-1140436992,71888539648,69390958592,2497581056,-0.56,0.07,-0.63,-0.46,1.02,0,512,401,107,4,0,0,15.86,0.00,0.00,0.00,,0.00,,0.00,EastMoney,2026-06-01T20:41:54+08:00
BK0714,2026-06-01T00:00:00Z,222600,221131,226334,220570,223016,-1885,-0.85,140953178,624506038995,3.78,0.90,0.00,0,69257239,71695939,15780008960000,12612068864000,-28430626816,127071825920,149404971008,-22333145088,162605776896,168703258624,-6097481728,182124466176,175825899520,6298566656,139597950976,117443616768,22154334208,-4.55,-3.58,-0.98,1.01,3.55,0,325,138,181,6,0,0,46.98,0.00,0.00,0.00,,0.00,,0.00,EastMoney,2026-06-01T20:41:54+08:00
BK0715,2026-06-01T00:00:00Z,103956,103887,105461,103801,104040,-153,-0.15,9506917,20403906563,1.48,0.86,0.00,0,4625999,4880917,1162020592000,1131671216000,-320841792,2166293712,2177647888,-11354176,4490325248,4799812864,-309487616,6520658688,6741223424,-220564736,6907945472,6366538752,541406720,-1.57,-0.06,-1.52,-1.08,2.65,0,32,17,14,1,0,0,48.03,0.00,0.00,0.00,,0.00,,0.00,EastMoney,2026-06-01T20:41:54+08:00
BK0718,2026-06-01T00:00:00Z,139804,141140,141223,139114,140079,1061,0.76,154433961,234044708258,0.72,1.11,0.00,0,78790057,75643904,33159858944000,25301250560000,716055808,39908084736,38614452224,1293632512,62173555968,62751132672,-577576704,71377387520,72150466560,-773079040,56522475264,56465453824,57021440,0.31,0.55,-0.25,-0.33,0.02,0,189,130,57,2,0,0,10.94,0.00,0.00,0.00,,0.00,,0.00,EastMoney,2026-06-01T20:41:54+08:00
BK0721,2026-06-01T00:00:00Z,80548,82148,82329,80319,80455,1693,2.10,55930675,36957863990,1.72,1.12,0.00,0,27950095,27980579,2272433088000,2022667184000,-49176480,4212675216,4116004656,96670560,8432151296,8577998336,-145847040,11355206400,11474002432,-118796032,12181748480,12013776128,167972352,-0.13,0.26,-0.39,-0.32,0.45,0,145,113,30,2,0,0,34.76,0.00,0.00,0.00,,0.00,,0.00,EastMoney,2026-06-01T20:41:54+08:00
BK0722,2026-06-01T00:00:00Z,135711,137602,139730,135711,135918,1684,1.24,117931496,182644871927,4.76,0.89,0.00,0,61477381,56454115,4334916608000,4034879568000,-1103259136,30513634304,29953846784,559787520,45369688576,47032735232,-1663046656,56323406592,57878365952,-1554959360,47212872192,44537829120,2675043072,-0.60,0.31,-0.91,-0.85,1.46,0,217,149,66,2,0,0,62.99,0.00,0.00,0.00,,0.00,,0.00,EastMoney,2026-06-01T20:41:54+08:00
BK0724,2026-06-01T00:00:00Z,103538,105523,105985,103182,103280,2243,2.17,13025074,7834058326,2.67,1.17,0.00,0,6163774,6861300,286661424000,265557577000,270802480,733055632,591134688,141920944,1835540128,1706658592,128881536,2403829552,2550596464,-146766912,2670943920,2794979488,-124035568,3.46,1.81,1.65,-1.87,-1.58,0,36,30,5,1,0,0,220.33,0.00,0.00,0.00,,0.00,,0.00,EastMoney,2026-06-01T20:41:54+08:00
BK0725,2026-06-01T00:00:00Z,92370,94103,94532,91997,92072,2031,2.21,9072006,5998951988,5.40,1.51,0.00,0,4457688,4614318,121626405000,109084976000,-52113216,854642528,993254096,-138611568,1225561840,1139063488,86498352,1722673072,1598766096,123906976,2025553680,2097347456,-71793776,-0.87,-2.31,1.44,2.07,-1.20,0,22,14,6,2,0,0,-92.15,0.00,0.00,0.00,,0.00,,0.00,EastMoney,2026-06-01T20:41:54+08:00
BK0726,2026-06-01T00:00:00Z,83754,85779,86442,83246,84025,1754,2.09,6304209,9336036530,4.36,1.19,0.00,0,3168976,3135233,224287722000,195118119000,586336784,1878824464,1212741904,666082560,1975816992,2055562768,-79745776,2499849824,2868876176,-369026352,2727983360,2969094896,-241111536,6.28,7.13,-0.85,-3.95,-2.58,0,47,38,8,1,0,0,53.38,0.00,0.00,0.00,,0.00,,0.00,EastMoney,2026-06-01T20:41:54+08:00
BK0727,2026-06-01T00:00:00Z,121057,121844,122990,120846,121878,-34,-0.03,7487161,16924495364,1.94,0.89,0.00,0,3847248,3639913,904638160000,744422144000,-497212608,1393210528,1804648720,-411438192,4053789088,4139563504,-85774416,5758212096,5556605184,201606912,5438164736,5139946240,298218496,-2.94,-2.43,-0.51,1.19,1.76,0,54,32,21,1,0,0,30.84,0.00,0.00,0.00,,0.00,,0.00,EastMoney,2026-06-01T20:41:54+08:00
BK0728,2026-06-01T00:00:00Z,58322,59467,59722,58087,58355,1112,1.91,21260760,21673421204,2.29,1.05,0.00,0,11203995,10056765,980732800000,811400992000,-261729344,1520251792,1966766032,-446514240,4705112832,4520327936,184784896,6853958912,6630874368,223084544,8228323840,8187018752,41305088,-1.21,-2.06,0.85,1.03,0.19,0,135,106,27,2,0,0,40.22,0.00,0.00,0.00,,0.00,,0.00,EastMoney,2026-06-01T20:41:54+08:00
BK0729,2026-06-01T00:00:00Z,127832,129288,129916,127832,128193,1095,0.85,8888222,9892774278,1.78,0.90,0.00,0,4566494,4321728,762282064000,608937552000,-147079200,1266642560,1264913152,1729408,2260754064,2409562672,-148808608,3181567600,3062270000,119297600,3023291408,2995509808,27781600,-1.49,0.02,-1.50,1.21,0.28,0,14,7,7,0,0,0,31.49,0.00,0.00,0.00,,0.00,,0.00,EastMoney,2026-06-01T20:41:54+08:00
BK0730,2026-06-01T00:00:00Z,120825,123689,124057,120230,120670,3019,2.50,5320279,5550998001,2.03,0.90,0.00,0,2684053,2636225,300642160000,275821968000,6434048,593947472,529661136,64286336,1138460352,1196312640,-57852288,1701152336,1726540576,-25388240,2029088448,2007272576,21815872,0.12,1.16,-1.04,-0.46,0.39,0,45,43,2,0,0,0,40.35,0.00,0.00,0.00,,0.00,,0.00,EastMoney,2026-06-01T20:41:54+08:00
BK0731,2026-06-01T00:00:00Z,168270,172206,172857,167753,168270,3936,2.34,10804549,14492427081,1.73,0.90,0.00,0,5974902,4829647,967305200000,910035728000,98961200,1358751184,1259273664,99477520,3124842848,3125359168,-516320,4632830720,4606595840,26234880,5169235712,5290895872,-121660160,0.68,0.69,0.00,0.18,-0.84,0,63,57,6,0,0,0,23.88,0.00,0.00,0.00,,0.00,,0.00,EastMoney,2026-06-01T20:41:54+08:00
BK0732,2026-06-01T00:00:00Z,229789,231768,235838,229619,231192,576,0.25,4602215,11339961314,2.03,0.76,0.00,0,2346463,2255752,618047392000,564129392000,-25018064,1178488960,1178101296,387664,2510348480,2535754208,-25405728,3582179520,3684941216,-102761696,3913788640,3786008896,127779744,-0.22,0.00,-0.22,-0.91,1.13,0,13,7,5,1,0,0,22.90,0.00,0.00,0.00,,0.00,,0.00,EastMoney,2026-06-01T20:41:54+08:00
BK0733,2026-06-01T00:00:00Z,131401,134071,134807,131157,131762,2309,1.75,4168026,3871455144,1.96,0.76,0.00,0,2246988,1921038,166593364000,153294673000,-32406918,246533644,229188802,17344842,787741184,837492944,-49751760,1200064512,1267482080,-67417568,1560232352,1462663856,97568496,-0.84,0.45,-1.29,-1.74,2.52,0,28,21,6,1,0,0,73.37,0.00,0.00,0.00,,0.00,,0.00,EastMoney,2026-06-01T20:41:54+08:00
BK0734,2026-06-01T00:00:00Z,39983,40519,40656,39760,40180,339,0.84,1912629,1619977524,1.60,1.03,0.00,0,1066370,846258,113341322000,107446683000,5869212,63045065,70505725,-7460660,297492608,284162736,13329872,460401248,507377952,-46976704,775347200,734239712,41107488,0.36,-0.46,0.82,-2.90,2.54,0,18,12,5,1,0,0,21.49,0.00,0.00,0.00,,0.00,,0.00,EastMoney,2026-06-01T20:41:54+08:00
BK0735,2026-06-01T00:00:00Z,167858,170202,173050,167769,167158,3044,1.82,13533571,41662811414,2.76,0.94,0.00,0,6732946,6800626,1597319504000,1192043664000,-263389952,5306902784,5458292224,-151389440,9917673472,10029673984,-112000512,13664898048,13180970496,483927552,11621112064,11512498944,108613120,-0.63,-0.36,-0.27,1.16,0.26,0,91,67,24,0,0,0,53.66,0.00,0.00,0.00,,0.00,,0.00,EastMoney,2026-06-01T20:41:54+08:00
BK0736,2026-06-01T00:00:00Z,117242,119843,120363,116825,117692,2151,1.83,11287894,16459617065,0.86,0.78,0.00,0,5819617,5468276,3240407712000,1073254080000,303214240,1526329536,1378874784,147454752,3778594896,3622835408,155759488,5308959232,5457555712,-148596480,5536601856,5688273152,-151671296,1.84,0.90,0.95,-0.90,-0.92,0,40,27,12,1,0,0,18.17,0.00,0.00,0.00,,0.00,,0.00,EastMoney,2026-06-01T20:41:54+08:00
BK0737,2026-06-01T00:00:00Z,111456,115192,116764,111456,111397,3795,3.41,22140601,60705267554,3.15,1.06,0.00,0,12039384,10101218,1734292096000,1508599552000,3116281600,8658688512,6461690624,2196997888,15724197120,14804913408,919283712,19588326400,21990899968,-2402573568,15737378816,16438795520,-701416704,5.13,3.62,1.51,-3.96,-1.16,0,135,119,14,2,0,0,361.47,0.00,0.00,0.00,,0.00,,0.00,EastMoney,2026-06-01T20:41:54+08:00
BK0738,2026-06-01T00:00:00Z,60790,61615,61831,60417,60851,764,1.26,7440453,5954083536,0.98,0.99,0.00,0,3980773,3459680,545413072000,520233344000,22331008,532120352,473400240,58720112,1252470416,1288859520,-36389104,1848835712,1937088272,-88252560,2219745504,2153823936,65921568,0.38,0.99,-0.61,-1.48,1.11,0,27,20,7,0,0,0,21.81,0.00,0.00,0.00,,0.00,,0.00,EastMoney,2026-06-01T20:41:54+08:00
BK0739,2026-06-01T00:00:00Z,230564,232444,234522,229765,230796,1648,0.71,6642225,10122206654,1.44,0.89,0.00,0,3418338,3223887,787296336000,702234768000,-134035888,996684784,882259856,114424928,2404107712,2652568528,-248460816,3152413600,3133846944,18566656,3366452528,3270173104,96279424,-1.32,1.13,-2.45,0.18,0.95,0,35,25,10,0,0,0,23.17,0.00,0.00,0.00,,0.00,,0.00,EastMoney,2026-06-01T20:41:54+08:00
BK0740,2026-06-01T00:00:00Z,58412,60128,60277,58278,58587,1541,2.63,3960787,1931982322,2.85,1.24,0.00,0,2047556,1913232,78627409000,74268641000,34702422,98728196,75504046,23224150,507528704,496050432,11478272,661564512,679827504,-18262992,592416336,608855776,-16439440,1.80,1.20,0.59,-0.95,-0.85,0,16,14,2,0,0,0,-182.10,0.00,0.00,0.00,,0.00,,0.00,EastMoney,2026-06-01T20:41:54+08:00
BK0742,2026-06-01T00:00:00Z,204815,206684,209705,204815,205099,1585,0.77,210798809,728530856668,4.06,0.94,0.00,0,107726636,103072173,20913992704000,16737551872000,-20855742464,105410736128,119664320512,-14253584384,184920481792,191522639872,-6602158080,233801351168,228101763072,5699588096,191024955392,175868801024,15156154368,-2.86,-1.96,-0.91,0.78,2.08,0,1342,851,483,8,0,0,70.22,0.00,0.00,0.00,,0.00,,0.00,EastMoney,2026-06-01T20:41:54+08:00
BK0743,2026-06-01T00:00:00Z,138400,137608,139343,137419,138335,-727,-0.53,100875803,372497846115,2.16,0.89,0.00,0,51839158,49036645,18015750400000,15655629312000,-13600329728,85516091392,95996624896,-10480533504,104998248448,108118044672,-3119796224,112278216704,107566657536,4711559168,62382008320,53493237504,8888770816,-3.65,-2.81,-0.84,1.26,2.39,0,100,49,50,1,0,0,31.29,0.00,0.00,0.00,,0.00,,0.00,EastMoney,2026-06-01T20:41:54+08:00
BK0800,2026-06-01T00:00:00Z,185613,189083,191375,185513,185773,3310,1.78,218144129,478950720448,3.12,0.92,0.00,0,113400829,104743299,14880884992000,13465708288000,-2466054144,79785943040,80953094144,-1167151104,125506961408,126805864448,-1298903040,148167028736,149085327360,-918298624,115740413952,111938396160,3802017792,-0.51,-0.24,-0.27,-0.19,0.79,0,704,524,168,12,0,0,57.75,0.00,0.00,0.00,,0.00,,0.00,EastMoney,2026-06-01T20:41:54+08:00
BK0801,2026-06-01T00:00:00Z,154139,155413,157830,153903,154031,1382,0.90,16210963,39621560958,3.72,0.87,0.00,0,8481918,7729045,931273728000,880108800000,-1299162624,5653445632,6360840960,-707395328,9815887616,10407654912,-591767296,12966384128,13057709824,-91325696,10485074688,9094791424,1390283264,-3.28,-1.79,-1.49,-0.23,3.51,0,45,30,15,0,0,0,63.34,0.00,0.00,0.00,,0.00,,0.00,EastMoney,2026-06-01T20:41:54+08:00
BK0802,2026-06-01T00:00:00Z,224105,225006,228582,224049,224421,585,0.26,61780892,204456452758,2.32,0.87,0.00,0,31293570,30487322,7814914048000,6602504960000,-5808105472,36194175488,38893434368,-2699258880,51504008448,54612855040,-3108846592,64372493824,63251508992,1120984832,48380508416,43680807936,4699700480,-2.84,-1.32,-1.52,0.55,2.30,0,272,167,103,2,0,0,47.46,0.00,0.00,0.00,,0.00,,0.00,EastMoney,2026-06-01T20:41:54+08:00
BK0803,2026-06-01T00:00:00Z,78972,81552,81966,78904,79592,1960,2.46,7688364,8079088983,2.58,1.06,0.00,0,4004517,3683847,214924549000,195941492000,69516640,800460624,615771232,184689392,1831714928,1946887680,-115172752,2486646816,2612713136,-126066320,2760944816,2700914912,60029904,0.86,2.29,-1.43,-1.56,0.74,0,41,32,8,1,0,0,-93.17,0.00,0.00,0.00,,0.00,,0.00,EastMoney,2026-06-01T20:41:54+08:00
BK0804,2026-06-01T00:00:00Z,130772,131628,133029,130734,130920,708,0.54,603708176,1368163382624,3.02,0.93,0.00,0,308065549,295642628,44295242496000,37401954560000,-32509677568,209488547840,229098266624,-19609718784,340174114816,353074073600,-12899958784,427662725120,425116880896,2545844224,364786413568,334822580224,29963833344,-2.38,-1.43,-0.94,0.19,2.19,0,1716,1068,631,17,0,0,43.47,0.00,0.00,0.00,,0.00,,0.00,EastMoney,2026-06-01T20:41:54+08:00
BK0805,2026-06-01T00:00:00Z,139198,141651,143838,138898,139615,2036,1.46,3730968,4225663549,1.74,0.93,0.00,0,2014359,1716609,210996633000,201851260000,108109200,573146288,461752320,111393968,937418928,940703696,-3284768,1284916816,1364377664,-79460848,1388075760,1416724096,-28648336,2.56,2.64,-0.08,-1.88,-0.68,0,12,10,2,0,0,0,79.67,0.00,0.00,0.00,,0.00,,0.00,EastMoney,2026-06-01T20:41:54+08:00
BK0806,2026-06-01T00:00:00Z,104436,105157,105882,104129,104577,580,0.55,7101694,11927775708,2.12,0.85,0.00,0,3629363,3472331,551279840000,472216304000,-219847488,896073040,1181361904,-285288864,2987430240,2921988864,65441376,4114811152,4061592144,53219008,3746939024,3580310528,166628496,-1.84,-2.39,0.55,0.45,1.40,0,44,30,12,2,0,0,-291.57,0.00,0.00,0.00,,0.00,,0.00,EastMoney,2026-06-01T20:41:54+08:00
BK0807,2026-06-01T00:00:00Z,89335,90821,91410,88819,89383,1438,1.61,5543989,6203226743,2.74,1.18,0.00,0,2823982,2720007,237173096000,221660109000,-143759776,463147136,525580576,-62433440,1347269872,1428596208,-81326336,1966866144,2006356144,-39490000,2315301280,2132051520,183249760,-2.32,-1.01,-1.31,-0.64,2.95,0,18,16,2,0,0,0,45.27,0.00,0.00,0.00,,0.00,,0.00,EastMoney,2026-06-01T20:41:54+08:00
BK0808,2026-06-01T00:00:00Z,210112,211729,214150,209654,210358,1371,0.65,47929169,104196596099,2.81,0.84,0.00,0,24143285,23785884,3529756624000,3328656832000,-3282378240,11941980928,13132951552,-1190970624,23832914176,25924321792,-2091407616,32246443264,32501673216,-255229952,34221472000,30677497600,3543974400,-3.15,-1.14,-2.01,-0.24,3.40,0,179,101,76,2,0,0,65.39,0.00,0.00,0.00,,0.00,,0.00,EastMoney,2026-06-01T20:41:54+08:00
BK0809,2026-06-01T00:00:00Z,121376,124811,126155,121376,121221,3590,2.96,57468451,85297508445,4.15,1.03,0.00,0,31049813,26418638,2057950720000,1884992192000,5022580224,12009888256,8481793536,3528094720,21236276992,19741791488,1494485504,27001672448,28710708480,-1709036032,23495154432,26436183296,-2941028864,5.89,4.14,1.75,-2.00,-3.45,0,143,122,17,4,0,0,154.11,0.00,0.00,0.00,,0.00,,0.00,EastMoney,2026-06-01T20:41:54+08:00
BK0811,2026-06-01T00:00:00Z,220471,220762,220790,218898,221089,-327,-0.15,10368553,31407640240,1.09,1.18,0.00,0,4921794,5446759,7454471680000,4536327424000,-506547360,4023721568,4343160832,-319439264,8648839424,8835947520,-187108096,11045166336,10663682560,381483776,6996659456,6871595776,125063680,-1.61,-1.02,-0.60,1.21,0.40,0,32,16,15,1,0,0,22.37,0.00,0.00,0.00,,0.00,,0.00,EastMoney,2026-06-01T20:41:54+08:00
BK0812,2026-06-01T00:00:00Z,175241,178911,180014,175094,175416,3495,1.99,29612336,109216036202,2.41,0.93,0.00,0,14331353,15280983,4610840832000,3898459472000,-3360330240,25410322944,27633994240,-2223671296,29048637696,30185296640,-1136658944,32918039808,30397884416,2520155392,19333460480,18485892608,847567872,-3.08,-2.04,-1.04,2.31,0.78,0,185,143,41,1,0,0,30.37,0.00,0.00,0.00,,0.00,,0.00,EastMoney,2026-06-01T20:41:54+08:00
BK0813,2026-06-01T00:00:00Z,102448,104910,105308,102233,102510,2400,2.34,61114039,51735980352,2.25,1.05,0.00,0,31124890,29989149,2428901744000,2058416672000,2559472896,7426315520,4890851072,2535464448,12066292736,12042284288,24008448,15675984128,17115420416,-1439436288,15475190272,16594478592,-1119288320,4.95,4.90,0.05,-2.78,-2.16,0,148,120,25,3,0,0,281.66,0.00,0.00,0.00,,0.00,,0.00,EastMoney,2026-06-01T20:41:54+08:00
BK0814,2026-06-01T00:00:00Z,193605,193576,196094,193136,193775,-199,-0.10,24021775,46014354041,2.01,0.71,0.00,0,11938604,12083171,2170286064000,1859126016000,-1153391616,4595137024,5065601536,-470464512,10502514688,11185441792,-682927104,14508261376,14954421504,-446160128,15577441024,13987468032,1589972992,-2.51,-1.02,-1.48,-0.97,3.46,0,100,50,49,1,0,0,59.44,0.00,0.00,0.00,,0.00,,0.00,EastMoney,2026-06-01T20:41:54+08:00
BK0815,2026-06-01T00:00:00Z,8830761,8924304,8978818,8773757,8723348,200956,2.30,79638389,67647968488,9.19,0.82,0.00,0,39403086,40235302,866746048000,726238416000,-947514880,10228524800,10977636608,-749111808,15756180736,15954583808,-198403072,20137080320,19862263040,274817280,19049396224,18376698368,672697856,-1.40,-1.11,-0.29,0.41,0.99,0,62,42,20,0,0,0,68.00,0.00,0.00,0.00,,0.00,,0.00,EastMoney,2026-06-01T20:41:54+08:00
BK0816,2026-06-01T00:00:00Z,1297904,1311276,1323647,1275296,1275272,36004,2.82,24287322,19886691727,9.04,1.19,0.00,0,11949017,12338305,217476746000,184435170000,-923200528,3157099344,3647823968,-490724624,4456542720,4889018624,-432475904,5511124736,5524567552,-13442816,5968207616,5031564288,936643328,-4.64,-2.47,-2.17,-0.07,4.71,0,13,9,4,0,0,0,-231.59,0.00,0.00,0.00,,0.00,,0.00,EastMoney,2026-06-01T20:41:54+08:00
BK0817,2026-06-01T00:00:00Z,2423,2464,2475,2418,2446,18,0.74,53217334,97699887071,5.61,1.41,0.00,0,26599696,26617637,1122302176000,1063970624000,-1672378368,18830970624,22571534848,-3740564224,25687661312,23619475456,2068185856,26140456960,26071090944,69366016,23614181888,21997435136,1616746752,-1.71,-3.83,2.12,0.07,1.65,0,71,39,30,2,0,0,-7.79,0.00,0.00,0.00,,0.00,,0.00,EastMoney,2026-06-01T20:41:54+08:00
BK0818,2026-06-01T00:00:00Z,162379,163495,164884,161316,162486,1009,0.62,3362137,2144510431,1.13,1.01,0.00,0,1857575,1504562,242700864000,169789772000,-68261870,142021493,154372259,-12350766,448678496,504589600,-55911104,659621088,688702368,-29081280,866290176,768947008,97343168,-3.18,-0.58,-2.61,-1.36,4.54,0,9,7,2,0,0,0,24.96,0.00,0.00,0.00,,0.00,,0.00,EastMoney,2026-06-01T20:41:54+08:00
BK0821,2026-06-01T00:00:00Z,151525,150796,152760,150470,151570,-774,-0.51,480615174,1378685070364,1.25,0.99,0.00,0,247740365,232874809,82305769472000,64918122496000,-34999332864,268909961216,292749660160,-23839698944,376532467712,387692101632,-11159633920,433085825024,419684339712,13401485312,274032058368,252434210816,21597847552,-2.54,-1.73,-0.81,0.97,1.57,0,572,287,275,10,0,0,16.57,0.00,0.00,0.00,,0.00,,0.00,EastMoney,2026-06-01T20:41:54+08:00
BK0822,2026-06-01T00:00:00Z,67782,69106,69292,67204,68559,547,0.80,11504673,6133167546,2.30,1.28,0.00,0,5500662,6004011,336764928000,316342000000,-42963872,725957392,785107344,-59149952,1409834320,1393648240,16186080,1878442880,2063341296,-184898416,1931080176,1703217888,227862288,-0.70,-0.96,0.26,-3.01,3.72,0,17,11,4,2,0,0,-3.33,0.00,0.00,0.00,,0.00,,0.00,EastMoney,2026-06-01T20:41:54+08:00
BK0823,2026-06-01T00:00:00Z,176354,177106,178535,176152,176406,700,0.40,46218011,130434545139,2.03,1.05,0.00,0,23725511,22492500,5572999424000,4574390272000,-2840093952,16988290560,18417225216,-1428934656,31472379648,32883538944,-1411159296,42275392512,41447530240,827862272,37655851776,35643620608,2012231168,-2.18,-1.10,-1.08,0.63,1.54,0,197,121,74,2,0,0,27.06,0.00,0.00,0.00,,0.00,,0.00,EastMoney,2026-06-01T20:41:54+08:00
BK0825,2026-06-01T00:00:00Z,98796,101683,101907,98400,99238,2445,2.46,77178884,60316561048,3.63,0.92,0.00,0,40759834,36419050,2334171312000,2180268528000,909451776,10284943104,9118705408,1166237696,13730700288,13987486208,-256785920,17952168448,18451872000,-499703552,16977517568,17385116672,-407599104,1.51,1.93,-0.43,-0.83,-0.68,0,152,126,23,3,0,0,43.39,0.00,0.00,0.00,,0.00,,0.00,EastMoney,2026-06-01T20:41:54+08:00
BK0830,2026-06-01T00:00:00Z,110883,113691,114651,110813,110995,2696,2.43,91507739,164071610297,1.38,1.01,0.00,0,48657213,42850525,9500189696000,8131314944000,3332372736,26485772032,24971839488,1513932544,42477559040,40659118848,1818440192,51131193856,52879407104,-1748213248,41082380288,42662730752,-1580350464,2.03,0.92,1.11,-1.07,-0.96,0,230,193,31,6,0,0,13.70,0.00,0.00,0.00,,0.00,,0.00,EastMoney,2026-06-01T20:41:54+08:00
BK0832,2026-06-01T00:00:00Z,270606,274555,277580,270042,270611,3944,1.46,69646460,167109120907,2.89,0.87,0.00,0,35808979,33837481,6373459456000,5688713728000,-90198016,27747319296,28059535872,-312216576,42578271744,42356253184,222018560,50917496064,52052573696,-1135077632,42757744128,41517071616,1240672512,-0.05,-0.19,0.13,-0.68,0.74,0,201,149,52,0,0,0,35.62,0.00,0.00,0.00,,0.00,,0.00,EastMoney,2026-06-01T20:41:54+08:00
BK0833,2026-06-01T00:00:00Z,262290,263201,268835,262290,262168,1033,0.39,119010200,249383442629,5.09,0.87,0.00,0,60786437,58223763,5033280000000,4446471680000,-6672592896,48912251392,51343607040,-2431355648,60985068544,65226305792,-4241237248,72172908544,71572459520,600449024,62859846656,56783578112,6076268544,-2.68,-0.97,-1.70,0.24,2.44,0,229,126,102,1,0,0,50.72,0.00,0.00,0.00,,0.00,,0.00,EastMoney,2026-06-01T20:41:54+08:00
BK0834,2026-06-01T00:00:00Z,156230,161054,161415,155850,156469,4585,2.93,37715146,29416090312,2.35,0.95,0.00,0,19398377,18316769,1563188112000,1259234096000,752899360,2458063984,2121110864,336953120,6933447424,6517501184,415946240,9390645248,9794874880,-404229632,9973787136,10331704320,-357917184,2.56,1.15,1.41,-1.37,-1.22,0,145,126,17,2,0,0,52.34,0.00,0.00,0.00,,0.00,,0.00,EastMoney,2026-06-01T20:41:54+08:00
BK0835,2026-06-01T00:00:00Z,219348,221856,223979,219348,219277,2579,1.18,48269136,114846597809,2.61,0.90,0.00,0,24458295,23810841,5091613952000,4488645888000,122977024,18260139264,18928093184,-667953920,29962299648,29171368704,790930944,34850408448,35594593280,-744184832,29714966528,29093758464,621208064,0.11,-0.58,0.69,-0.65,0.54,0,104,70,34,0,0,0,20.81,0.00,0.00,0.00,,0.00,,0.00,EastMoney,2026-06-01T20:41:54+08:00
BK0837,2026-06-01T00:00:00Z,99585,101563,102158,99478,99650,1913,1.92,22722099,35102927322,1.79,0.99,0.00,0,12072220,10649880,4438379776000,1860358432000,1017602912,4279859744,3760897472,518962272,8648854784,8150214144,498640640,10940541952,11597383168,-656841216,10578003712,10925825792,-347822080,2.90,1.48,1.42,-1.87,-0.99,0,97,79,14,4,0,0,14.97,0.00,0.00,0.00,,0.00,,0.00,EastMoney,2026-06-01T20:41:54+08:00
BK0838,2026-06-01T00:00:00Z,119203,121682,121712,118574,119381,2301,1.93,22198334,19723790004,2.64,1.18,0.00,0,11713799,10484535,716140944000,703841792000,-68318560,2321233344,2055324768,265908576,3989209152,4323436288,-334227136,6211530240,6427796480,-216266240,6809696000,6525111040,284584960,-0.35,1.35,-1.69,-1.10,1.44,0,56,48,8,0,0,0,30.28,0.00,0.00,0.00,,0.00,,0.00,EastMoney,2026-06-01T20:41:54+08:00
BK0839,2026-06-01T00:00:00Z,209460,215349,217234,209278,209400,5949,2.84,11097968,15028673914,4.15,1.18,0.00,0,6115687,4982281,370366512000,328956400000,643100608,1929552288,1378820176,550732112,3566670512,3474302016,92368496,4529626624,5008973056,-479346432,4626931200,4768025088,-141093888,4.28,3.66,0.61,-3.19,-0.94,0,43,36,6,1,0,0,452.92,0.00,0.00,0.00,,0.00,,0.00,EastMoney,2026-06-01T20:41:54+08:00
BK0840,2026-06-01T00:00:00Z,441821,437375,451966,436731,443628,-6253,-1.41,106187470,233048760681,6.43,0.82,0.00,0,54107238,52080232,4219844096000,3765654976000,-14209083136,45500576256,53128979712,-7628403456,56982915072,63563594752,-6580679680,69791080448,67124017408,2667063040,56419482368,44877665792,11541816576,-6.10,-3.27,-2.82,1.14,4.95,0,131,51,79,1,0,0,90.48,0.00,0.00,0.00,,0.00,,0.00,EastMoney,2026-06-01T20:41:54+08:00
BK0841,2026-06-01T00:00:00Z,132547,133586,134433,131887,132851,735,0.55,7126139,16750793603,1.84,0.87,0.00,0,3634390,3491749,810543728000,765653024000,-763502784,1445350064,2089348752,-643998688,3899232256,4018736352,-119504096,5603291648,5443200512,160091136,5529804544,4926830080,602974464,-4.56,-3.84,-0.71,0.96,3.60,0,69,49,18,2,0,0,55.96,0.00,0.00,0.00,,0.00,,0.00,EastMoney,2026-06-01T20:41:54+08:00
BK0843,2026-06-01T00:00:00Z,178628,182483,182750,178332,178165,4318,2.42,47104297,48535016797,1.08,1.03,0.00,0,24957462,22146835,5990393600000,3884423456000,324342528,5618761984,5146055936,472706048,11512591872,11660955392,-148363520,15437622272,15836414976,-398792704,15063234304,14982176256,81058048,0.67,0.97,-0.31,-0.82,0.17,0,126,108,17,1,0,0,16.04,0.00,0.00,0.00,,0.00,,0.00,EastMoney,2026-06-01T20:41:54+08:00
BK0845,2026-06-01T00:00:00Z,178563,183425,185586,178523,178501,4924,2.76,64919955,133718897227,3.72,1.03,0.00,0,34270055,30649900,3608544752000,3092717824000,631581952,19807960832,18634679808,1173281024,34200780544,34742479616,-541699072,45210793472,44307585280,903208192,31820395008,33336521728,-1516126720,0.47,0.88,-0.41,0.68,-1.13,0,149,119,30,0,0,0,179.54,0.00,0.00,0.00,,0.00,,0.00,EastMoney,2026-06-01T20:41:54+08:00
BK0847,2026-06-01T00:00:00Z,98067,100465,101352,98067,98408,2057,2.09,21943419,18315117444,3.02,1.03,0.00,0,12014407,9929012,587137360000,533452720000,389098800,1589866576,1422189280,167677296,4511842304,4290420800,221421504,5939503872,6180373760,-240869888,5848336384,5973904640,-125568256,2.12,0.92,1.21,-1.32,-0.69,0,64,51,11,2,0,0,-921.47,0.00,0.00,0.00,,0.00,,0.00,EastMoney,2026-06-01T20:41:54+08:00
BK0852,2026-06-01T00:00:00Z,208067,211315,211896,207353,208255,3060,1.47,27048292,39313936338,1.99,0.95,0.00,0,14259242,12789051,1686181456000,1512452176000,-2034175088,3152834912,4253778896,-1100943984,8808650240,9741881344,-933231104,12703470336,12699534592,3935744,13951995904,11919785472,2032210432,-5.17,-2.80,-2.37,0.01,5.17,0,115,87,26,2,0,0,34.17,0.00,0.00,0.00,,0.00,,0.00,EastMoney,2026-06-01T20:41:54+08:00
BK0853,2026-06-01T00:00:00Z,140990,143670,144992,140209,139976,3694,2.64,52396648,35275934513,5.10,0.89,0.00,0,27129620,25267029,2911265744000,824603152000,1567533568,8731428352,7094996224,1636432128,8164110848,8233009408,-68898560,9490737664,10093638400,-602900736,7910972160,8538975488,-628003328,4.44,4.64,-0.20,-1.71,-1.78,0,34,26,6,2,0,0,18.34,0.00,0.00,0.00,,0.00,,0.00,EastMoney,2026-06-01T20:41:54+08:00
BK0854,2026-06-01T00:00:00Z,456865,460904,467797,456865,457331,3573,0.78,310002548,773017436414,3.94,0.91,0.00,0,158095383,151907165,19591198976000,17151123712000,-21880123392,132921466880,145526448128,-12604981248,194001190912,203276333056,-9275142144,235943964672,234208808960,1735155712,194117185536,174000136192,20117049344,-2.83,-1.63,-1.20,0.22,2.60,0,751,474,272,5,0,0,59.37,0.00,0.00,0.00,,0.00,,0.00,EastMoney,2026-06-01T20:41:54+08:00
BK0855,2026-06-01T00:00:00Z,398501,399579,413318,397807,401842,-2263,-0.56,5881367,9287801144,7.85,0.98,0.00,0,3175495,2705872,123894700000,115277779000,-74117904,1138558320,1066347520,72210800,2131935776,2278264480,-146328704,3007863472,3111013616,-103150144,2821125408,2643857344,177268064,-0.80,0.78,-1.58,-1.11,1.91,0,7,2,5,0,0,0,-968.88,0.00,0.00,0.00,,0.00,,0.00,EastMoney,2026-06-01T20:41:54+08:00
BK0856,2026-06-01T00:00:00Z,187418,190478,190626,186621,187883,2595,1.38,6526154,6373247862,1.79,1.02,0.00,0,3582560,2943594,393216640000,366042608000,-76724112,473651712,486975440,-13323728,1380396560,1443796944,-63400384,2057655488,2124000320,-66344832,2362309168,2219240240,143068928,-1.20,-0.21,-0.99,-1.04,2.24,0,36,29,6,1,0,0,42.21,0.00,0.00,0.00,,0.00,,0.00,EastMoney,2026-06-01T20:41:54+08:00
BK0859,2026-06-01T00:00:00Z,230134,231501,235092,230042,230606,895,0.39,70427531,127206209291,4.27,0.83,0.00,0,37008156,33419374,3130064160000,2738249552000,-2976215296,25870170624,26290450688,-420280064,30609721856,33165657088,-2555935232,39332904960,40088674048,-755769088,28768204544,25013560320,3754644224,-2.34,-0.33,-2.01,-0.59,2.95,0,99,60,36,3,0,0,69.45,0.00,0.00,0.00,,0.00,,0.00,EastMoney,2026-06-01T20:41:54+08:00
BK0860,2026-06-01T00:00:00Z,228486,230710,234386,228234,228600,2110,0.92,35960257,105959811551,2.14,0.80,0.00,0,18067013,17893244,3525989536000,3222343648000,-2981930752,17374272256,20480266240,-3105993984,32281980928,32157917696,124063232,28562224640,27923125504,639099136,25780783872,23430168320,2350615552,-2.81,-2.93,0.12,0.60,2.22,0,125,84,38,3,0,0,59.23,0.00,0.00,0.00,,0.00,,0.00,EastMoney,2026-06-01T20:41:54+08:00
BK0861,2026-06-01T00:00:00Z,166838,170401,172202,166813,167153,3248,1.94,20882627,31324299240,2.37,0.83,0.00,0,10796609,10086018,1028194752000,963283408000,494603744,4135873344,3616773728,519099616,7523023872,7547519744,-24495872,9898179840,10565050880,-666871040,9148180992,8970185216,177995776,1.58,1.66,-0.08,-2.13,0.57,0,86,68,18,0,0,0,28.05,0.00,0.00,0.00,,0.00,,0.00,EastMoney,2026-06-01T20:41:54+08:00
BK0864,2026-06-01T00:00:00Z,160208,161832,163394,160127,160256,1576,0.98,108005881,152948171810,2.10,0.95,0.00,0,55144753,52861128,6414664704000,5302567168000,-4121620224,18295671552,19681218048,-1385546496,35474460672,38210534400,-2736073728,48336945664,48917282560,-580336896,48050747904,43313930496,4736817408,-2.69,-0.91,-1.79,-0.38,3.10,0,267,185,79,3,0,0,35.04,0.00,0.00,0.00,,0.00,,0.00,EastMoney,2026-06-01T20:41:54+08:00
BK0865,2026-06-01T00:00:00Z,290154,291387,296634,290154,289691,1696,0.59,17532786,73515982372,4.17,0.96,0.00,0,8618203,8914583,1641351184000,1568077248000,-246158336,13831670784,13607617536,224053248,19455115520,19925327104,-470211584,21311757824,22101587712,-789829888,17732185600,16695092992,1037092608,-0.33,0.30,-0.64,-1.07,1.41,0,53,31,22,0,0,0,50.32,0.00,0.00,0.00,,0.00,,0.00,EastMoney,2026-06-01T20:41:54+08:00
BK0866,2026-06-01T00:00:00Z,117186,120598,120842,116738,117755,2843,2.41,6014149,5349076599,4.15,0.80,0.00,0,3025057,2989092,189830830000,180534809000,-176372176,531653408,586116736,-54463328,1133344944,1255253792,-121908848,1654366688,1600553056,53813632,1960510192,1837951648,122558544,-3.30,-1.02,-2.28,1.01,2.29,0,18,16,2,0,0,0,21.50,0.00,0.00,0.00,,0.00,,0.00,EastMoney,2026-06-01T20:41:54+08:00
BK0867,2026-06-01T00:00:00Z,183061,184753,185668,182884,183354,1399,0.76,713725063,1402922985880,1.57,0.98,0.00,0,370894886,342830177,75148308480000,63199346944000,-26053103616,247585452032,264432787456,-16847335424,360459694080,369665462272,-9205768192,430802112512,427875139584,2926972928,337135681536,314009550848,23126130688,-1.86,-1.20,-0.66,0.21,1.65,0,1281,852,409,20,0,0,17.63,0.00,0.00,0.00,,0.00,,0.00,EastMoney,2026-06-01T20:41:54+08:00
BK0868,2026-06-01T00:00:00Z,109057,108685,109910,108318,108924,-239,-0.22,7253721,13558554290,1.17,0.87,0.00,0,3553015,3700706,1520952640000,1383084768000,111242720,1914058096,1786225952,127832144,3368828480,3385417904,-16589424,4222902784,4374626304,-151723520,3811447232,3770966480,40480752,0.82,0.94,-0.12,-1.12,0.30,0,11,6,5,0,0,0,12.29,0.00,0.00,0.00,,0.00,,0.00,EastMoney,2026-06-01T20:41:54+08:00
BK0870,2026-06-01T00:00:00Z,159172,158206,161168,157520,158762,-556,-0.35,6702382,17613889959,1.43,1.01,0.00,0,3280917,3421465,1542380416000,1073460448000,-553989840,1517072576,2141342656,-624270080,4276329760,4206049520,70280240,6232998144,6058559744,174438400,5294723840,4915172608,379551232,-3.15,-3.54,0.40,0.99,2.15,0,49,27,21,1,0,0,40.46,0.00,0.00,0.00,,0.00,,0.00,EastMoney,2026-06-01T20:41:54+08:00
BK0872,2026-06-01T00:00:00Z,184951,187510,188437,184951,185440,2070,1.12,1579338,3711451908,1.35,1.05,0.00,0,851805,727532,293038848000,268438256000,45843419,288840768,243161925,45678843,820678432,820513856,164576,1169839216,1254164272,-84325056,1375058288,1336576656,38481632,1.24,1.23,0.00,-2.27,1.04,0,11,7,3,1,0,0,16.92,0.00,0.00,0.00,,0.00,,0.00,EastMoney,2026-06-01T20:41:54+08:00
BK0873,2026-06-01T00:00:00Z,165396,168432,168987,164747,165119,3313,2.01,21580090,19576744721,2.23,1.07,0.00,0,10597648,10982442,908964672000,816224688000,-196982704,1360680800,1735816208,-375135408,4479686144,4301533440,178152704,6040931328,6045965824,-5034496,7355003392,7151893760,203109632,-1.01,-1.92,0.91,-0.03,1.04,0,97,84,11,2,0,0,34.44,0.00,0.00,0.00,,0.00,,0.00,EastMoney,2026-06-01T20:41:54+08:00
BK0875,2026-06-01T00:00:00Z,184581,188338,190312,184581,185149,3189,1.72,11093263,19885843087,3.14,0.79,0.00,0,5674119,5419144,425026176000,407103888000,-15721584,3007365120,3040419440,-33054320,5196220160,5178887424,17332736,5784253952,6025705216,-241451264,5485315072,5221492224,263822848,-0.08,-0.17,0.09,-1.21,1.33,0,43,33,9,1,0,0,736.84,0.00,0.00,0.00,,0.00,,0.00,EastMoney,2026-06-01T20:41:54+08:00
BK0877,2026-06-01T00:00:00Z,442013,431304,447234,430452,443352,-12048,-2.72,55862832,271942827516,6.08,0.94,0.00,0,26640907,29221925,5320197632000,4504065792000,-16966731776,50172117760,62895618816,-12723501056,70974197760,75217428480,-4243230720,78893715456,76239032320,2654683136,66193715456,51938010880,14255704576,-6.24,-4.68,-1.56,0.98,5.24,0,147,39,108,0,0,0,123.67,0.00,0.00,0.00,,0.00,,0.00,EastMoney,2026-06-01T20:41:54+08:00
BK0879,2026-06-01T00:00:00Z,174645,176578,177097,174300,174898,1680,0.96,636075804,1017217458043,1.45,1.00,0.00,0,326609894,309465910,65774438400000,55052027648000,-11114483712,173638795264,179076763648,-5437968384,252211843072,257888358400,-5676515328,305948999680,309439918080,-3490918400,265719652352,251114250240,14605402112,-1.09,-0.53,-0.56,-0.34,1.44,0,1049,733,297,19,0,0,15.48,0.00,0.00,0.00,,0.00,,0.00,EastMoney,2026-06-01T20:41:54+08:00
BK0880,2026-06-01T00:00:00Z,197338,197101,201099,196671,198501,-1400,-0.71,39300112,36441189362,8.03,0.79,0.00,0,20515714,18784397,538430784000,508012544000,-1850417152,8492275456,8651090176,-158814720,8217803776,9909406208,-1691602432,10126537728,10104793856,21743872,8718618624,6889945088,1828673536,-5.08,-0.44,-4.64,0.06,5.02,0,19,13,6,0,0,0,65.39,0.00,0.00,0.00,,0.00,,0.00,EastMoney,2026-06-01T20:41:54+08:00
BK0881,2026-06-01T00:00:00Z,180199,182953,186532,180199,180448,2505,1.39,10376224,29917307252,4.75,0.73,0.00,0,5339716,5036508,512463248000,489835312000,-469894400,7175864832,6912064768,263800064,7666737664,8400432128,-733694464,8296614656,8514242560,-217627904,6189758976,5502236160,687522816,-1.57,0.88,-2.45,-0.73,2.30,0,15,10,4,1,0,0,185.13,0.00,0.00,0.00,,0.00,,0.00,EastMoney,2026-06-01T20:41:54+08:00
BK0882,2026-06-01T00:00:00Z,112817,115823,115843,112276,113288,2535,2.24,8495517,7380840124,1.62,0.93,0.00,0,4700692,3794825,723845968000,617856432000,79357536,535369088,648844432,-113475344,1735320064,1542487184,192832880,2483837088,2396562768,87274320,2487378816,2653887648,-166508832,1.08,-1.54,2.61,1.18,-2.26,0,36,32,4,0,0,0,90.39,0.00,0.00,0.00,,0.00,,0.00,EastMoney,2026-06-01T20:41:54+08:00
BK0883,2026-06-01T00:00:00Z,175040,179423,181769,175031,174963,4460,2.55,19930309,31086812974,2.38,1.00,0.00,0,10969258,8961051,1017315536000,975510576000,254899952,3293805120,3341591120,-47786000,7703738368,7401052416,302685952,10767532544,11099954432,-332421888,8821614080,8743808512,77805568,0.82,-0.15,0.97,-1.07,0.25,0,82,73,9,0,0,0,-55.36,0.00,0.00,0.00,,0.00,,0.00,EastMoney,2026-06-01T20:41:54+08:00
BK0884,2026-06-01T00:00:00Z,490371,486255,500107,485959,490578,-4323,-0.88,19322277,92588397312,5.15,0.76,0.00,0,9374557,9947720,2153090736000,1883902336000,-6904973056,13125670912,16249342720,-3123671808,22224466432,26005767680,-3781301248,33776989440,31308611584,2468377856,21710366976,17257566208,4452800768,-7.46,-3.37,-4.08,2.67,4.81,0,96,39,55,2,0,0,95.43,0.00,0.00,0.00,,0.00,,0.00,EastMoney,2026-06-01T20:41:54+08:00
BK0885,2026-06-01T00:00:00Z,119819,121902,124135,119778,119456,2446,2.05,4262083,11381058648,2.96,0.81,0.00,0,2254442,2007640,346493024000,304869296000,-100528752,1374762288,1503898896,-129136608,2767773856,2739166000,28607856,3671183648,3706330272,-35146624,3406836880,3271161472,135675408,-0.88,-1.13,0.25,-0.31,1.19,0,19,16,3,0,0,0,262.72,0.00,0.00,0.00,,0.00,,0.00,EastMoney,2026-06-01T20:41:54+08:00
BK0886,2026-06-01T00:00:00Z,141858,146464,147654,141838,141784,4680,3.30,14376160,23952515952,2.79,1.04,0.00,0,7831309,6544851,690410080000,625616816000,958799056,2115593680,1492009216,623584464,5383099136,5047884544,335214592,7705822464,8322172160,-616349696,8283605248,8606050560,-322445312,4.00,2.60,1.40,-2.57,-1.35,0,86,78,8,0,0,0,-99.13,0.00,0.00,0.00,,0.00,,0.00,EastMoney,2026-06-01T20:41:54+08:00
BK0887,2026-06-01T00:00:00Z,72168,74534,74607,71704,71891,2643,3.68,3475428,3855238945,1.29,1.35,0.00,0,2023765,1451664,334658144000,312390960000,-1010132,241075836,298827168,-57751332,825747152,769005952,56741200,1340145072,1291351984,48793088,1395904080,1443687024,-47782944,-0.03,-1.50,1.47,1.27,-1.24,0,20,18,2,0,0,0,94.63,0.00,0.00,0.00,,0.00,,0.00,EastMoney,2026-06-01T20:41:54+08:00
BK0888,2026-06-01T00:00:00Z,231363,238391,238454,230755,231947,6444,2.78,15774674,13508392008,2.28,1.03,0.00,0,8611909,7162764,736132688000,673691872000,189798096,1025698832,809746896,215951936,3039505312,3065659152,-26153840,4370819072,4349732352,21086720,4761383168,4936665600,-175282432,1.41,1.60,-0.19,0.16,-1.30,0,85,76,8,1,0,0,24.95,0.00,0.00,0.00,,0.00,,0.00,EastMoney,2026-06-01T20:41:54+08:00
BK0889,2026-06-01T00:00:00Z,174128,176629,177036,173538,174644,1985,1.14,44860782,36598578027,4.24,0.83,0.00,0,23720692,21140091,1089891376000,985702176000,-764688128,8373227776,7960212480,413015296,8296410880,9474114304,-1177703424,10808185088,10605511168,202673920,8167941120,7616963328,550977792,-2.09,1.13,-3.22,0.55,1.51,0,76,60,16,0,0,0,44.04,0.00,0.00,0.00,,0.00,,0.00,EastMoney,2026-06-01T20:41:54+08:00
BK0890,2026-06-01T00:00:00Z,531538,538259,567056,531538,538331,-72,-0.01,16598660,79640845909,10.96,1.19,0.00,0,8379033,8219627,894725264000,800240416000,-1635991552,16087683328,17648859136,-1561175808,21981186816,22056002560,-74815744,21992024576,22270316032,-278291456,17365189376,15450906368,1914283008,-2.05,-1.96,-0.09,-0.35,2.40,0,24,13,11,0,0,0,99.56,0.00,0.00,0.00,,0.00,,0.00,EastMoney,2026-06-01T20:41:54+08:00
BK0891,2026-06-01T00:00:00Z,510915,503178,518004,502495,511832,-8654,-1.69,161259399,632289234567,4.99,0.82,0.00,0,80039583,81219816,16449328640000,13341893120000,-30245728256,112954077184,130836357120,-17882279936,169902854144,182266302464,-12363448320,206497427456,196050591744,10446835712,130344407040,110563131392,19781275648,-4.78,-2.83,-1.96,1.65,3.13,0,375,135,239,1,0,0,74.38,0.00,0.00,0.00,,0.00,,0.00,EastMoney,2026-06-01T20:41:54+08:00
BK0892,2026-06-01T00:00:00Z,102977,105689,105724,102399,103697,1992,1.92,5104129,5886565719,1.69,1.20,0.00,0,2808081,2296049,418508688000,395486448000,219856992,440707424,341546672,99160752,1395874704,1275178464,120696240,2044803392,1963704112,81099280,1875374848,2170964528,-295589680,3.73,1.68,2.05,1.38,-5.02,0,31,27,4,0,0,0,27.72,0.00,0.00,0.00,,0.00,,0.00,EastMoney,2026-06-01T20:41:54+08:00
BK0893,2026-06-01T00:00:00Z,273862,272865,279649,272397,272518,347,0.13,32748264,147846606371,4.71,0.90,0.00,0,16053751,16694513,3456790224000,3122229888000,-2159094272,30279030272,30541978368,-262948096,37961200384,39857346560,-1896146176,45383898880,46939032832,-1555133952,31423274752,27373257472,4050017280,-1.46,-0.18,-1.28,-1.05,2.74,0,81,39,42,0,0,0,51.43,0.00,0.00,0.00,,0.00,,0.00,EastMoney,2026-06-01T20:41:54+08:00
BK0894,2026-06-01T00:00:00Z,182486,184797,185045,182181,182637,2160,1.18,2753712,3337961108,1.91,1.01,0.00,0,1508320,1245392,244259314000,209640930000,-13253762,246385715,191869605,54516110,725664240,793434112,-67769872,1106351616,1161163424,-54811808,1208085984,1140020416,68065568,-0.40,1.63,-2.03,-1.64,2.04,0,21,16,5,0,0,0,36.64,0.00,0.00,0.00,,0.00,,0.00,EastMoney,2026-06-01T20:41:54+08:00
BK0895,2026-06-01T00:00:00Z,180494,182289,182469,180075,180449,1840,1.02,3993128,6072813147,1.31,0.87,0.00,0,2048078,1945050,453716000000,426967104000,52011504,462424368,424591456,37832912,1340521184,1326342592,14178592,1988372896,1946885968,41486928,2186617344,2280858272,-94240928,0.86,0.62,0.23,0.68,-1.55,0,32,27,4,1,0,0,20.72,0.00,0.00,0.00,,0.00,,0.00,EastMoney,2026-06-01T20:41:54+08:00
BK0896,2026-06-01T00:00:00Z,199501,202221,203133,198000,201133,1088,0.54,11551187,21521580976,1.80,0.98,0.00,0,6087203,5463984,2824930432000,2806253616000,-659634048,2375977472,2603327616,-227350144,5403779072,5836062976,-432283904,7745025536,7358228736,386796800,5340213760,5067376640,272837120,-3.06,-1.06,-2.01,1.80,1.27,0,47,28,19,0,0,0,31.04,0.00,0.00,0.00,,0.00,,0.00,EastMoney,2026-06-01T20:41:54+08:00
BK0897,2026-06-01T00:00:00Z,138143,136629,139577,136574,138155,-1526,-1.10,9236538,19413597828,1.81,0.90,0.00,0,4462698,4773839,593527968000,554751008000,-525238624,2831955456,3168938592,-336983136,4536852992,4725108480,-188255488,5971476224,6060883968,-89407744,5719062528,5104416256,614646272,-2.71,-1.74,-0.97,-0.46,3.17,0,13,7,6,0,0,0,110.19,0.00,0.00,0.00,,0.00,,0.00,EastMoney,2026-06-01T20:41:54+08:00
BK0898,2026-06-01T00:00:00Z,241104,245113,247362,240395,241663,3450,1.43,5298547,10619784206,2.86,0.84,0.00,0,2705731,2592816,366939040000,352547360000,495745424,1276173872,935540480,340633392,2649436928,2494324896,155112032,3372673792,3663842528,-291168736,3192377040,3396953712,-204576672,4.67,3.21,1.46,-2.74,-1.93,0,28,17,11,0,0,0,31.52,0.00,0.00,0.00,,0.00,,0.00,EastMoney,2026-06-01T20:41:54+08:00
BK0899,2026-06-01T00:00:00Z,169325,170181,172524,169157,170491,-310,-0.18,3895907,13862011523,2.22,1.02,0.00,0,1930406,1965501,683884192000,580879120000,-353996304,1192180672,1543251504,-351070832,3368737088,3371662560,-2925472,4732245248,4620965376,111279872,4365470720,4125709696,239761024,-2.55,-2.53,-0.02,0.80,1.73,0,38,22,16,0,0,0,23.51,0.00,0.00,0.00,,0.00,,0.00,EastMoney,2026-06-01T20:41:54+08:00
BK0900,2026-06-01T00:00:00Z,266992,267885,271664,266992,267219,666,0.25,173970544,510296807655,3.02,0.86,0.00,0,86761359,87209185,17045733120000,14385979392000,-16952578048,80483643392,91245539328,-10761895936,126712537088,132903219200,-6190682112,153624489984,152167772160,1456717824,138995556352,123550445568,15445110784,-3.32,-2.11,-1.21,0.29,3.03,0,679,376,299,4,0,0,34.91,0.00,0.00,0.00,,0.00,,0.00,EastMoney,2026-06-01T20:41:54+08:00
BK0901,2026-06-01T00:00:00Z,195944,193492,199800,193202,197396,-3904,-1.98,8386505,33252404381,5.36,0.97,0.00,0,4408332,3978173,801282192000,783905584000,-1179523328,6379324928,7426713344,-1047388416,8973924096,9106059008,-132134912,9460429312,10065328384,-604899072,7877454080,6093031424,1784422656,-3.55,-3.15,-0.40,-1.82,5.37,0,9,3,6,0,0,0,37.88,0.00,0.00,0.00,,0.00,,0.00,EastMoney,2026-06-01T20:41:54+08:00
BK0902,2026-06-01T00:00:00Z,281253,278795,286915,278303,281749,-2954,-1.05,69917614,104735926980,6.22,0.77,0.00,0,35770766,34146848,1882313040000,1625313680000,-5645040896,24659969280,26837196032,-2177226752,24419247616,27887061760,-3467814144,28262407168,27774291968,488115200,25555983104,20399057408,5156925696,-5.39,-2.08,-3.31,0.47,4.92,0,66,30,36,0,0,0,164.58,0.00,0.00,0.00,,0.00,,0.00,EastMoney,2026-06-01T20:41:54+08:00
BK0905,2026-06-01T00:00:00Z,236917,235884,240973,235456,237448,-1564,-0.66,32379739,118043868058,5.01,0.81,0.00,0,15786735,16593005,2600076448000,2047261504000,-4711295744,21270853376,23394618880,-2123765504,28691959040,31279489280,-2587530240,38163410688,37901438208,261972480,27330396928,22932952320,4397444608,-3.99,-1.80,-2.19,0.22,3.73,0,123,58,64,1,0,0,66.56,0.00,0.00,0.00,,0.00,,0.00,EastMoney,2026-06-01T20:41:54+08:00
BK0906,2026-06-01T00:00:00Z,157987,159860,160260,157613,158203,1657,1.05,14991401,20484885542,1.45,0.91,0.00,0,7687278,7304123,1394523040000,1272205536000,-509618448,1422023312,1883389856,-461366544,4342955776,4391207680,-48251904,6813305088,6725051392,88253696,7579467008,7158102016,421364992,-2.49,-2.25,-0.24,0.43,2.06,0,123,93,28,2,0,0,35.30,0.00,0.00,0.00,,0.00,,0.00,EastMoney,2026-06-01T20:41:54+08:00
BK0907,2026-06-01T00:00:00Z,134838,139295,139327,134838,133640,5655,4.23,4351966,2755020161,2.55,1.40,0.00,0,1565419,2786547,136288051000,107206041000,298284002,406286144,218567806,187718338,783527328,672961664,110565664,710735840,846612288,-135876448,734388064,870695440,-136307376,10.83,6.81,4.01,-4.93,-4.95,0,17,16,1,0,0,0,-67.09,0.00,0.00,0.00,,0.00,,0.00,EastMoney,2026-06-01T20:41:54+08:00
BK0908,2026-06-01T00:00:00Z,321589,323673,328153,320718,320334,3339,1.04,17807799,28269006547,3.19,0.79,0.00,0,8841488,8966311,803443232000,714417488000,-945389008,3570713072,4001202112,-430489040,6685245184,7200145152,-514899968,9956556032,9455190272,501365760,7511205888,7065115904,446089984,-3.34,-1.52,-1.82,1.77,1.58,0,40,21,18,1,0,0,-26.28,0.00,0.00,0.00,,0.00,,0.00,EastMoney,2026-06-01T20:41:54+08:00
BK0909,2026-06-01T00:00:00Z,204354,208249,209319,204338,204936,3313,1.62,17330554,19523596881,2.28,0.91,0.00,0,8844227,8486327,832284512000,763474224000,-358374656,1330932768,1531008960,-200076192,4237557664,4395856128,-158298464,6545456640,6383405056,162051584,7026291456,6829809664,196481792,-1.84,-1.02,-0.81,0.83,1.01,0,64,47,16,1,0,0,44.65,0.00,0.00,0.00,,0.00,,0.00,EastMoney,2026-06-01T20:41:54+08:00
BK0910,2026-06-01T00:00:00Z,361660,366752,370228,361217,362407,4345,1.20,23834405,53174782998,2.36,0.86,0.00,0,12123180,11711225,1791147008000,1517992416000,-886399232,6651228160,6843932672,-192704512,12517466624,13211161344,-693694720,16570495488,17013807616,-443312128,16406052608,15054525952,1351526656,-1.67,-0.36,-1.30,-0.83,2.54,0,203,144,56,3,0,0,60.12,0.00,0.00,0.00,,0.00,,0.00,EastMoney,2026-06-01T20:41:54+08:00
BK0914,2026-06-01T00:00:00Z,135483,138420,138687,134816,135599,2821,2.08,6244003,4538336850,2.08,1.08,0.00,0,3498596,2745407,229365443000,204845193000,-38032553,230838583,320454928,-89616345,997975104,946391312,51583792,1465299104,1480030224,-14731120,1767426720,1714364720,53062000,-0.84,-1.97,1.14,-0.32,1.17,0,32,30,2,0,0,0,48.17,0.00,0.00,0.00,,0.00,,0.00,EastMoney,2026-06-01T20:41:54+08:00
BK0915,2026-06-01T00:00:00Z,168524,165337,169725,164994,169016,-3679,-2.18,9379072,37211240395,1.99,0.88,0.00,0,4570111,4808962,816691712000,745363248000,-2651229184,5965850112,7643151872,-1677301760,8752503552,9726430976,-973927424,11095381504,10615441664,479939840,10683319040,8511713536,2171605504,-7.12,-4.51,-2.62,1.29,5.84,0,31,12,19,0,0,0,54.54,0.00,0.00,0.00,,0.00,,0.00,EastMoney,2026-06-01T20:41:54+08:00
BK0916,2026-06-01T00:00:00Z,211700,207772,213763,207393,212288,-4516,-2.13,23491468,74669840075,6.45,0.77,0.00,0,11380319,12111150,1460665760000,1386397680000,-6031257088,9524570880,12488039936,-2963469056,17487537152,20555325184,-3067788032,26290528512,24595945216,1694583296,19922432768,15585758976,4336673792,-8.08,-3.97,-4.11,2.27,5.81,0,47,13,34,0,0,0,-214.47,0.00,0.00,0.00,,0.00,,0.00,EastMoney,2026-06-01T20:41:54+08:00
BK0917,2026-06-01T00:00:00Z,299598,293814,304002,293495,300389,-6575,-2.19,166476443,724991096702,4.88,0.84,0.00,0,80839183,85637260,18431151872000,13821132032000,-42386464768,125666041856,150804992000,-25138950144,193947754496,211195269120,-17247514624,242018500608,225358155776,16660344832,147519942656,122057674752,25462267904,-5.85,-3.47,-2.38,2.30,3.51,0,485,128,353,4,0,0,123.48,0.00,0.00,0.00,,0.00,,0.00,EastMoney,2026-06-01T20:41:54+08:00
BK0918,2026-06-01T00:00:00Z,312426,313695,318347,310758,313926,-231,-0.07,39704617,93143293583,2.92,0.94,0.00,0,20047488,19657128,2315803872000,2091119664000,-2771177728,16127089664,18305699584,-2178609920,22756704256,23349272064,-592567808,27238365952,27384434944,-146068992,24996760576,22079170816,2917589760,-2.98,-2.34,-0.64,-0.16,3.13,0,88,51,37,0,0,0,39.09,0.00,0.00,0.00,,0.00,,0.00,EastMoney,2026-06-01T20:41:54+08:00
BK0920,2026-06-01T00:00:00Z,153630,155920,157802,153630,153740,2180,1.42,52639395,134517422313,2.34,0.92,0.00,0,26960680,25678715,6281148160000,5343655168000,-2033691904,19205585152,20165784576,-960199424,32359450880,33432943360,-1073492480,41264845312,41510641152,-245795840,38960263424,36711813376,2248450048,-1.51,-0.71,-0.80,-0.18,1.67,0,217,163,52,2,0,0,42.68,0.00,0.00,0.00,,0.00,,0.00,EastMoney,2026-06-01T20:41:54+08:00
BK0921,2026-06-01T00:00:00Z,216688,215256,220013,215080,217350,-2094,-0.96,29304060,87332185670,1.70,0.83,0.00,0,14548279,14755781,2718164832000,2319930784000,-4293435136,12218012672,14700977152,-2482964480,20740414208,22550884864,-1810470656,26578206464,26417863168,160343296,26079331328,21929891072,4149440256,-4.92,-2.84,-2.07,0.18,4.75,0,92,40,50,2,0,0,61.25,0.00,0.00,0.00,,0.00,,0.00,EastMoney,2026-06-01T20:41:54+08:00
BK0922,2026-06-01T00:00:00Z,228623,229775,233349,228438,228725,1050,0.46,89739988,251976072460,2.43,0.90,0.00,0,45199652,44540337,10226572032000,7160276224000,-4083000320,41183346944,44519195904,-3335848960,69359882240,70107033600,-747151360,75398549504,75170967552,227581952,60431891968,56788189952,3643702016,-1.62,-1.32,-0.30,0.09,1.45,0,252,155,95,2,0,0,32.76,0.00,0.00,0.00,,0.00,,0.00,EastMoney,2026-06-01T20:41:54+08:00
BK0923,2026-06-01T00:00:00Z,153326,157655,159542,153009,153336,4319,2.82,43577578,90869153750,5.17,1.21,0.00,0,23802956,19774622,2304577696000,1856316912000,1288769280,14469714176,13414762240,1054951936,24280746496,24046929152,233817344,31569842432,30741877760,827964672,18791908864,20886582016,-2094673152,1.42,1.16,0.26,0.91,-2.31,0,90,72,17,1,0,0,294.42,0.00,0.00,0.00,,0.00,,0.00,EastMoney,2026-06-01T20:41:54+08:00
BK0924,2026-06-01T00:00:00Z,194060,198060,198745,193296,194801,3259,1.67,10211095,9182551028,2.54,0.92,0.00,0,5418782,4792312,481613328000,441961520000,-189954944,640975824,776412544,-135436720,2006178896,2060697120,-54518224,2940012928,3059027856,-119014928,3397712928,3088743056,308969872,-2.07,-1.47,-0.59,-1.30,3.36,0,30,23,6,1,0,0,28.62,0.00,0.00,0.00,,0.00,,0.00,EastMoney,2026-06-01T20:41:54+08:00
BK0925,2026-06-01T00:00:00Z,233139,235960,237433,232187,233803,2157,0.92,12204035,17450427950,4.30,1.35,0.00,0,5956478,6247558,371974432000,329601584000,-602057952,2349792992,2681577536,-331784544,4159224192,4429497600,-270273408,5474737664,5224066560,250671104,5108120064,4756733184,351386880,-3.45,-1.90,-1.55,1.44,2.01,0,25,18,7,0,0,0,56.53,0.00,0.00,0.00,,0.00,,0.00,EastMoney,2026-06-01T20:41:54+08:00
BK0926,2026-06-01T00:00:00Z,252185,251548,255723,251130,253399,-1851,-0.73,8461701,38054311995,3.38,0.88,0.00,0,4282316,4179385,734545904000,693923584000,-1323217920,7302030592,7883714560,-581683968,9211952640,9953486592,-741533952,11523814912,11407651584,116163328,9221933312,8014878976,1207054336,-3.48,-1.53,-1.95,0.31,3.17,0,28,17,11,0,0,0,127.28,0.00,0.00,0.00,,0.00,,0.00,EastMoney,2026-06-01T20:41:54+08:00
BK0927,2026-06-01T00:00:00Z,122167,123870,124110,120769,123081,789,0.64,6361742,8635138808,0.89,1.02,0.00,0,3183471,3178271,669833456000,609915840000,-70553216,1038492752,1293314848,-254822096,2064595120,1880326240,184268880,2737269888,2730684480,6585408,2574272736,2510304928,63967808,-0.82,-2.95,2.13,0.08,0.74,0,18,13,5,0,0,0,24.68,0.00,0.00,0.00,,0.00,,0.00,EastMoney,2026-06-01T20:41:54+08:00
BK0932,2026-06-01T00:00:00Z,210788,211961,215069,210551,211090,871,0.41,6535977,14468553528,3.15,0.79,0.00,0,3069500,3466477,362967808000,337042080000,-684024912,1045452944,1382009392,-336556448,2945099824,3292568288,-347468464,4755584768,4642713600,112871168,5417295360,4839248384,578046976,-4.73,-2.33,-2.40,0.78,4.00,0,35,18,17,0,0,0,109.97,0.00,0.00,0.00,,0.00,,0.00,EastMoney,2026-06-01T20:41:54+08:00
BK0933,2026-06-01T00:00:00Z,123381,127430,127544,122140,124246,3184,2.56,4018836,3267881480,2.28,1.08,0.00,0,2087824,1931013,152305071000,148508982000,-38118432,244284228,252738276,-8454048,671410784,701075168,-29664384,1064593632,1067398832,-2805200,1213508624,1172584976,40923648,-1.17,-0.26,-0.91,-0.09,1.25,0,12,11,1,0,0,0,234.02,0.00,0.00,0.00,,0.00,,0.00,EastMoney,2026-06-01T20:41:54+08:00
BK0935,2026-06-01T00:00:00Z,247456,241672,251151,241339,247787,-6115,-2.47,24767958,160253413552,4.85,0.77,0.00,0,11982069,12785889,4231442896000,3179015888000,-10521410304,28110843392,33766405632,-5655562240,43031035904,47896883968,-4865848064,57737345280,52488531968,5248813312,28128329984,22868324864,5260005120,-6.57,-3.53,-3.04,3.28,3.28,0,66,13,53,0,0,0,127.47,0.00,0.00,0.00,,0.00,,0.00,EastMoney,2026-06-01T20:41:54+08:00
BK0936,2026-06-01T00:00:00Z,107066,107954,108062,106297,107654,300,0.28,3548850,3085046058,3.16,0.96,0.00,0,1926978,1621872,145926405000,122040979000,-77091494,156374119,223717533,-67343414,722342368,732090448,-9748080,1064147824,974476368,89671456,1083351328,1093108928,-9757600,-2.50,-2.18,-0.32,2.91,-0.32,0,15,9,5,1,0,0,68.15,0.00,0.00,0.00,,0.00,,0.00,EastMoney,2026-06-01T20:41:54+08:00
BK0937,2026-06-01T00:00:00Z,74801,76329,76659,74705,74848,1481,1.98,25364391,44096971675,0.81,1.05,0.00,0,13917460,11446930,5726490368000,4806857472000,939183872,6663092736,6424705792,238386944,12896422400,12195625472,700796928,14770220544,15532186624,-761966080,8663508992,8840726784,-177217792,2.13,0.54,1.59,-1.73,-0.40,0,61,49,11,1,0,0,10.46,0.00,0.00,0.00,,0.00,,0.00,EastMoney,2026-06-01T20:41:54+08:00
BK0938,2026-06-01T00:00:00Z,111056,113118,113651,110755,111326,1792,1.61,2484273,6090725205,2.50,1.08,0.00,0,1291126,1193147,167249828000,162359005000,132264880,1088301760,980963728,107338032,1661482352,1636555504,24926848,1730823712,1811929664,-81105952,1532014176,1583173120,-51158944,2.17,1.76,0.41,-1.33,-0.84,0,15,12,3,0,0,0,27.22,0.00,0.00,0.00,,0.00,,0.00,EastMoney,2026-06-01T20:41:54+08:00
BK0939,2026-06-01T00:00:00Z,104842,106036,106551,104628,105150,886,0.84,8896024,11418785758,2.14,0.95,0.00,0,4448432,4447593,538475376000,485658576000,-249637504,820071264,942847824,-122776560,2541089392,2667950336,-126860944,3761631280,3814199328,-52568048,4072516928,3770311344,302205584,-2.19,-1.08,-1.11,-0.46,2.65,0,54,41,13,0,0,0,41.44,0.00,0.00,0.00,,0.00,,0.00,EastMoney,2026-06-01T20:41:54+08:00
BK0940,2026-06-01T00:00:00Z,73124,75460,75632,72864,73444,2016,2.74,55093387,53450361637,3.44,1.08,0.00,0,29751985,25341402,1604409088000,1419721568000,2012013568,6467503104,5138074880,1329428224,13139397632,12456812288,682585344,17434607104,17649326848,-214719744,15516476416,17311621120,-1795144704,3.76,2.49,1.28,-0.40,-3.36,0,133,113,16,4,0,0,57.56,0.00,0.00,0.00,,0.00,,0.00,EastMoney,2026-06-01T20:41:54+08:00
BK0943,2026-06-01T00:00:00Z,136207,137896,138806,136207,136344,1552,1.14,4395585,4277424373,1.43,0.83,0.00,0,2146190,2249394,261860357000,215441178000,-156709008,366935600,456379456,-89443856,902978032,970243184,-67265152,1355374480,1302467920,52906560,1582595696,1478143184,104452512,-3.66,-2.09,-1.57,1.24,2.44,0,18,14,4,0,0,0,-48.72,0.00,0.00,0.00,,0.00,,0.00,EastMoney,2026-06-01T20:41:54+08:00
BK0944,2026-06-01T00:00:00Z,84843,85389,85438,84450,84967,422,0.50,1545615,2013665341,1.00,1.04,0.00,0,819629,725985,199309960000,179961544000,-79419542,96340428,127465810,-31125382,452837920,501132080,-48294160,694788368,707154576,-12366208,739397040,647611296,91785744,-3.94,-1.55,-2.40,-0.61,4.56,0,13,9,3,1,0,0,29.03,0.00,0.00,0.00,,0.00,,0.00,EastMoney,2026-06-01T20:41:54+08:00
BK0945,2026-06-01T00:00:00Z,111064,113789,114295,110534,111410,2379,2.14,34576688,20782022154,1.69,1.18,0.00,0,17808899,16767789,1352120032000,1164004576000,348014336,2876607696,2408526544,468081152,4292803072,4412869888,-120066816,6127956992,6280244992,-152288000,6976889344,7175421440,-198532096,1.67,2.25,-0.58,-0.73,-0.96,0,89,73,15,1,0,0,-67.67,0.00,0.00,0.00,,0.00,,0.00,EastMoney,2026-06-01T20:41:54+08:00
BK0946,2026-06-01T00:00:00Z,163575,161044,166515,160951,164199,-3155,-1.92,2787164,13132142066,2.85,0.83,0.00,0,1235443,1551721,271921184000,254422996000,-993371984,1659407680,2204146240,-544738560,3356662768,3805296192,-448633424,4193177984,3906668720,286509264,3682432864,2975570144,706862720,-7.56,-4.15,-3.42,2.18,5.38,0,12,5,7,0,0,0,-121.24,0.00,0.00,0.00,,0.00,,0.00,EastMoney,2026-06-01T20:41:54+08:00
BK0947,2026-06-01T00:00:00Z,94999,97357,99460,94999,95284,2073,2.18,49967679,32713350407,7.33,0.81,0.00,0,26415041,23552638,539712896000,499670912000,264437504,8445122048,7666452736,778669312,7730081792,8244313600,-514231808,8670944256,9183195392,-512251136,7067150592,6819337216,247813376,0.81,2.38,-1.57,-1.57,0.76,0,9,8,1,0,0,0,45.95,0.00,0.00,0.00,,0.00,,0.00,EastMoney,2026-06-01T20:41:54+08:00
BK0948,2026-06-01T00:00:00Z,156569,156240,160490,155908,157023,-783,-0.50,59467959,52507418740,6.71,0.77,0.00,0,30571687,28896272,935771472000,811864368000,-998754048,11737161728,11040694272,696467456,12302507776,13997729280,-1695221504,14563770880,15044261120,-480490240,12820050432,11340806400,1479244032,-1.90,1.33,-3.23,-0.92,2.82,0,34,15,19,0,0,0,469.92,0.00,0.00,0.00,,0.00,,0.00,EastMoney,2026-06-01T20:41:54+08:00
BK0949,2026-06-01T00:00:00Z,280795,279634,285577,279419,279731,-97,-0.03,3199454,8064908985,2.79,0.50,0.00,0,1545900,1653554,246592668000,210797409000,-233230288,567130208,649162464,-82032256,1642560080,1793758112,-151198032,2686069296,2854656912,-168587616,3045089408,2643271520,401817888,-2.89,-1.02,-1.87,-2.09,4.98,0,16,9,7,0,0,0,53.66,0.00,0.00,0.00,,0.00,,0.00,EastMoney,2026-06-01T20:41:54+08:00
BK0950,2026-06-01T00:00:00Z,168419,173520,173836,168140,168152,5368,3.19,3070969,3086486041,1.53,0.95,0.00,0,1687344,1383625,184844863000,179175412000,234831216,469672016,281223472,188448544,661154080,614771408,46382672,946761456,1030055264,-83293808,971857712,1123395104,-151537392,7.61,6.11,1.50,-2.70,-4.91,0,13,13,0,0,0,0,36.64,0.00,0.00,0.00,,0.00,,0.00,EastMoney,2026-06-01T20:41:54+08:00
BK0951,2026-06-01T00:00:00Z,372632,367400,374267,366904,371780,-4380,-1.18,4069903,14484461904,3.65,1.07,0.00,0,1964383,2105520,1080400256000,523020768000,-657499104,1485409600,2023532864,-538123264,3305207280,3424583120,-119375840,4840705280,4472406272,368299008,4634777600,4345577472,289200128,-4.54,-3.72,-0.82,2.54,2.00,0,12,4,8,0,0,0,35.03,0.00,0.00,0.00,,0.00,,0.00,EastMoney,2026-06-01T20:41:54+08:00
BK0952,2026-06-01T00:00:00Z,264179,259035,267106,258569,265072,-6037,-2.28,42918178,155804884587,5.64,0.79,0.00,0,21034850,21883328,3212639616000,2826455120000,-11664075264,21200898304,27540906240,-6340007936,36627195136,41951262464,-5324067328,50757586688,48867778304,1889808384,43821667072,34057118208,9764548864,-7.49,-4.07,-3.42,1.21,6.27,0,109,31,78,0,0,0,-2346.36,0.00,0.00,0.00,,0.00,,0.00,EastMoney,2026-06-01T20:41:54+08:00
BK0953,2026-06-01T00:00:00Z,152423,157176,158905,152423,152343,4833,3.17,30413884,59347476729,3.13,0.84,0.00,0,15587613,14826271,2476790016000,2075877280000,2313873408,8469399040,6500394240,1969004800,14219867392,13874998784,344868608,18273065472,19712394496,-1439329024,17281582080,18085177344,-803595264,3.90,3.32,0.58,-2.43,-1.35,0,124,104,18,2,0,0,35.20,0.00,0.00,0.00,,0.00,,0.00,EastMoney,2026-06-01T20:41:54+08:00
BK0954,2026-06-01T00:00:00Z,146591,150275,151641,146182,146409,3866,2.64,3215020,5212929303,4.64,1.26,0.00,0,1693128,1521892,124821694000,97781635000,192133136,526713760,420619104,106094656,1302323360,1216284880,86038480,1650175184,1793473168,-143297984,1633165728,1682000896,-48835168,3.69,2.04,1.65,-2.75,-0.94,0,12,11,1,0,0,0,232.28,0.00,0.00,0.00,,0.00,,0.00,EastMoney,2026-06-01T20:41:54+08:00
BK0955,2026-06-01T00:00:00Z,140488,144637,145348,140097,140475,4162,2.96,9067199,10016059601,2.28,1.08,0.00,0,4830903,4236297,300582048000,274539872000,577703472,927600544,590948288,336652256,2342852208,2101800992,241051216,3203879472,3320111856,-116232384,3400813040,3862284144,-461471104,5.77,3.36,2.41,-1.16,-4.61,0,37,31,5,1,0,0,66.89,0.00,0.00,0.00,,0.00,,0.00,EastMoney,2026-06-01T20:41:54+08:00
BK0957,2026-06-01T00:00:00Z,166225,172515,174589,165133,166755,5760,3.45,6389848,9869810294,3.91,1.15,0.00,0,3280172,3109675,216447604000,185638962000,389964768,1143099456,804359440,338740016,2237019664,2185794912,51224752,3136542800,3183080128,-46537328,3136994368,3463863040,-326868672,3.95,3.43,0.52,-0.47,-3.31,0,28,21,6,1,0,0,137.93,0.00,0.00,0.00,,0.00,,0.00,EastMoney,2026-06-01T20:41:54+08:00
BK0958,2026-06-01T00:00:00Z,250279,252396,254540,247977,249547,2849,1.14,33635166,40389887112,3.25,1.18,0.00,0,17230480,16404685,1192676464000,1064599280000,-716337264,3980913456,4167590304,-186676848,9439205376,9968865792,-529660416,13398939648,13055615232,343324416,12742338304,12362625536,379712768,-1.77,-0.46,-1.31,0.85,0.94,0,72,50,20,2,0,0,38.89,0.00,0.00,0.00,,0.00,,0.00,EastMoney,2026-06-01T20:41:54+08:00
BK0959,2026-06-01T00:00:00Z,157778,162992,163907,157778,158075,4917,3.11,7283084,6375825289,3.89,1.10,0.00,0,3009366,4273718,189538344000,172542423000,506547072,1241483904,745845504,495638400,1488916928,1478008256,10908672,1755500608,2045039248,-289538640,1792296336,2009304784,-217008448,7.94,7.77,0.17,-4.54,-3.40,0,19,17,2,0,0,0,53.25,0.00,0.00,0.00,,0.00,,0.00,EastMoney,2026-06-01T20:41:54+08:00
BK0960,2026-06-01T00:00:00Z,378328,372721,383552,372429,378994,-6273,-1.66,16285334,68055791856,4.11,0.84,0.00,0,7810414,8474920,2374060000000,1734970192000,-3905735168,10938100480,13562876416,-2624775936,17103351296,18384310528,-1280959232,20067965184,20506761472,-438796288,18792954368,14448422912,4344531456,-5.74,-3.86,-1.88,-0.64,6.38,0,40,16,24,0,0,0,36.77,0.00,0.00,0.00,,0.00,,0.00,EastMoney,2026-06-01T20:41:54+08:00
BK0961,2026-06-01T00:00:00Z,190095,192395,194791,190095,190845,1550,0.81,6942311,15129038894,3.17,0.81,0.00,0,3391632,3550679,484820448000,427034848000,-288411296,1625675312,1730607408,-104932096,3489132656,3672611856,-183479200,4926387968,4730641152,195746816,4843853568,4739322624,104530944,-1.91,-0.69,-1.21,1.29,0.69,0,35,21,14,0,0,0,78.86,0.00,0.00,0.00,,0.00,,0.00,EastMoney,2026-06-01T20:41:54+08:00
BK0963,2026-06-01T00:00:00Z,268436,267788,272810,267360,269040,-1252,-0.47,81630118,243295533545,3.16,0.88,0.00,0,40537899,41092219,6418937600000,5570275328000,-9371834624,36651702016,40427799552,-3776097536,58368940544,63964677632,-5595737088,77002334208,75350609920,1651724288,66254866944,58512076032,7742790912,-3.85,-1.55,-2.30,0.68,3.18,0,303,146,155,2,0,0,70.08,0.00,0.00,0.00,,0.00,,0.00,EastMoney,2026-06-01T20:41:54+08:00
BK0964,2026-06-01T00:00:00Z,242395,239505,246382,238985,243387,-3882,-1.59,16683624,69205314177,5.19,0.91,0.00,0,7922288,8761336,3243846832000,1087353136000,-4438535680,12619998720,15718614016,-3098615296,16807583232,18147503616,-1339920384,19706918656,19217086208,489832448,18455524608,14513133312,3942391296,-6.41,-4.48,-1.94,0.71,5.70,0,36,11,25,0,0,0,21.59,0.00,0.00,0.00,,0.00,,0.00,EastMoney,2026-06-01T20:41:54+08:00
BK0965,2026-06-01T00:00:00Z,84328,86987,87212,83933,85119,1868,2.19,16006703,9551504375,3.25,1.02,0.00,0,8127957,7878746,516220864000,359811520000,65550304,854089392,787366576,66722816,1971840368,1973012880,-1172512,2999169952,3179757872,-180587920,3458453264,3343415664,115037600,0.69,0.70,-0.01,-1.89,1.20,0,38,31,7,0,0,0,111.30,0.00,0.00,0.00,,0.00,,0.00,EastMoney,2026-06-01T20:41:54+08:00
BK0966,2026-06-01T00:00:00Z,200453,203917,204157,199195,200524,3393,1.69,77327009,77872745570,2.30,1.19,0.00,0,40926544,36400465,2855667792000,2493656656000,345718528,11443380224,10586508800,856871424,18120915968,18632068864,-511152896,23563705088,24772026880,-1208321792,22922949376,22053943296,869006080,0.44,1.10,-0.66,-1.55,1.12,0,139,109,29,1,0,0,33.61,0.00,0.00,0.00,,0.00,,0.00,EastMoney,2026-06-01T20:41:54+08:00
BK0967,2026-06-01T00:00:00Z,86397,88831,89006,86159,86689,2142,2.47,3224686,2571724237,1.77,0.98,0.00,0,1758441,1466245,208644641000,203670352000,-58407594,140764506,187793028,-47028522,554133040,565512112,-11379072,886660544,847724272,38936272,956837328,937366000,19471328,-2.27,-1.83,-0.44,1.51,0.76,0,16,14,2,0,0,0,-31.04,0.00,0.00,0.00,,0.00,,0.00,EastMoney,2026-06-01T20:41:54+08:00
BK0968,2026-06-01T00:00:00Z,281925,282167,289197,281772,281720,447,0.16,64239083,205675545159,3.08,0.92,0.00,0,31873606,32365477,7202629888000,6300166144000,-3121716480,28596217856,31075495424,-2479277568,53628515072,54270953984,-642438912,65730767616,65196729344,534038272,53514500352,50933420800,2581079552,-1.52,-1.21,-0.31,0.26,1.25,0,211,123,87,1,0,0,38.79,0.00,0.00,0.00,,0.00,,0.00,EastMoney,2026-06-01T20:41:54+08:00
BK0969,2026-06-01T00:00:00Z,173896,169575,175648,169193,173606,-4031,-2.32,23965452,136521518244,4.22,0.78,0.00,0,11710321,12255131,2301592272000,2173733328000,-6993677312,27213988608,31270617600,-4056628992,34173943808,37110992128,-2937048320,45930107648,43923672576,2006435072,26546707456,21566830592,4979876864,-5.12,-2.97,-2.15,1.47,3.65,0,70,19,51,0,0,0,364.91,0.00,0.00,0.00,,0.00,,0.00,EastMoney,2026-06-01T20:41:54+08:00
BK0970,2026-06-01T00:00:00Z,179741,181816,184850,179702,179924,1892,1.05,17071291,56389766503,3.69,0.99,0.00,0,8860672,8210619,1167290272000,1070209248000,-2651517696,9245560064,10327621888,-1082061824,13643732224,15213188096,-1569455872,16233240320,16953544704,-720304384,16051224064,12673353216,3377870848,-4.70,-1.92,-2.78,-1.28,5.99,0,51,37,14,0,0,0,48.45,0.00,0.00,0.00,,0.00,,0.00,EastMoney,2026-06-01T20:41:54+08:00
BK0972,2026-06-01T00:00:00Z,160128,166273,168158,159787,160020,6253,3.91,21503555,30280663667,6.79,1.33,0.00,0,11945506,9558050,346979008000,318220080000,2031323408,4522426368,3202534384,1319891984,8030174464,7318743040,711431424,9604552192,10090721280,-486169088,7613048064,9141643776,-1528595712,6.71,4.36,2.35,-1.61,-5.05,0,33,30,3,0,0,0,-219.72,0.00,0.00,0.00,,0.00,,0.00,EastMoney,2026-06-01T20:41:54+08:00
BK0974,2026-06-01T00:00:00Z,119470,122627,122965,119152,119870,2757,2.30,6633569,10502718070,1.88,1.15,0.00,0,3568903,3064666,620009104000,534640256000,273822416,999602736,793827792,205774944,2292453120,2224405648,68047472,3331496320,3292607856,38888464,3613080256,3933970448,-320890192,2.61,1.96,0.65,0.37,-3.06,0,61,48,12,1,0,0,59.53,0.00,0.00,0.00,,0.00,,0.00,EastMoney,2026-06-01T20:41:54+08:00
BK0975,2026-06-01T00:00:00Z,231979,234700,237026,231742,233261,1439,0.62,8904369,19901608667,1.27,0.81,0.00,0,4328668,4575701,867332384000,733567920000,402540864,2933048064,2704601792,228446272,5040084736,4865990144,174094592,6101048576,6724510464,-623461888,5521893632,5300972544,220921088,2.02,1.15,0.87,-3.13,1.11,0,29,21,8,0,0,0,17.26,0.00,0.00,0.00,,0.00,,0.00,EastMoney,2026-06-01T20:41:54+08:00
BK0976,2026-06-01T00:00:00Z,273517,273348,284900,272414,275961,-2613,-0.95,14058213,79818816998,9.47,1.03,0.00,0,7072524,6985688,954157456000,866501088000,-1320346624,16197272576,17330776320,-1133503744,22275607808,22462450688,-186842880,21790662656,22530287616,-739624960,17339350528,15279378944,2059971584,-1.65,-1.42,-0.23,-0.93,2.58,0,28,12,15,1,0,0,72.81,0.00,0.00,0.00,,0.00,,0.00,EastMoney,2026-06-01T20:41:54+08:00
BK0977,2026-06-01T00:00:00Z,232130,227671,234453,227242,233188,-5517,-2.37,21365938,72148845636,5.00,0.75,0.00,0,10251023,11114915,1522505664000,1270887008000,-3637613824,10335054336,12373441792,-2038387456,17939888640,19539115008,-1599226368,21755732736,22075246080,-319513344,20578451712,16643241216,3935210496,-5.04,-2.83,-2.22,-0.44,5.45,0,46,11,34,1,0,0,135.32,0.00,0.00,0.00,,0.00,,0.00,EastMoney,2026-06-01T20:41:54+08:00
BK0979,2026-06-01T00:00:00Z,95287,97498,97705,94790,95519,1979,2.07,5079914,1662332699,0.76,1.26,0.00,0,2690892,2389021,265096073000,255859912000,118594402,266646386,217584960,49061426,436441744,366908768,69532976,478459328,552106624,-73647296,454697472,499644576,-44947104,7.13,2.95,4.18,-4.43,-2.70,0,7,6,0,1,0,0,25.78,0.00,0.00,0.00,,0.00,,0.00,EastMoney,2026-06-01T20:41:54+08:00
BK0980,2026-06-01T00:00:00Z,111333,113529,113743,110799,111511,2018,1.81,18739308,16527476055,1.41,1.02,0.00,0,9884555,8854754,1015616704000,946330560000,492436272,2042265072,1621705712,420559360,3947973408,3876096496,71876912,5091859712,5375409408,-283549696,5138982912,5347120640,-208137728,2.98,2.54,0.43,-1.72,-1.26,0,58,47,11,0,0,0,24.00,0.00,0.00,0.00,,0.00,,0.00,EastMoney,2026-06-01T20:41:54+08:00
BK0981,2026-06-01T00:00:00Z,261129,260221,265900,259782,260000,221,0.09,7082204,22242929913,2.43,0.98,0.00,0,3599315,3482889,654548560000,513196240000,-43497888,3862353488,3747464688,114888800,5526709760,5685096448,-158386688,6707331328,7001642752,-294311424,5654732544,5317034752,337697792,-0.20,0.52,-0.71,-1.32,1.52,0,28,16,12,0,0,0,67.22,0.00,0.00,0.00,,0.00,,0.00,EastMoney,2026-06-01T20:41:54+08:00
BK0982,2026-06-01T00:00:00Z,137430,141174,142141,137220,137729,3445,2.50,4746188,4228246100,3.57,0.94,0.00,0,2511499,2234689,147949117000,124791109000,69905932,294232944,245972996,48259948,960573792,938927808,21645984,1448335168,1498014784,-49679616,1449580320,1469806656,-20226336,1.65,1.14,0.51,-1.17,-0.48,0,18,16,2,0,0,0,-56.81,0.00,0.00,0.00,,0.00,,0.00,EastMoney,2026-06-01T20:41:54+08:00
BK0983,2026-06-01T00:00:00Z,186720,188235,189908,186260,187607,628,0.33,5851641,7927726614,1.04,0.66,0.00,0,3182079,2669562,484021328000,397766032000,-331704704,739830832,957386192,-217555360,1835125568,1949274912,-114149344,2334969936,2453907536,-118937600,2821217648,2371725376,449492272,-4.18,-2.74,-1.44,-1.50,5.67,0,31,21,10,0,0,0,44.10,0.00,0.00,0.00,,0.00,,0.00,EastMoney,2026-06-01T20:41:54+08:00
BK0984,2026-06-01T00:00:00Z,242866,245111,248136,242590,243041,2070,0.85,23733882,53912338955,2.13,0.76,0.00,0,12106609,11627273,2032527760000,1832687088000,-888664576,6135409152,6356460544,-221051392,12591138816,13258752000,-667613184,17173718016,17293447680,-119729664,16972356864,15979867648,992489216,-1.65,-0.41,-1.24,-0.22,1.84,0,119,70,47,2,0,0,51.25,0.00,0.00,0.00,,0.00,,0.00,EastMoney,2026-06-01T20:41:54+08:00
BK0985,2026-06-01T00:00:00Z,179875,181421,183311,178941,179936,1485,0.83,10570751,22445788980,2.14,0.92,0.00,0,5426801,5143950,882668336000,848485824000,-900899120,2327458480,2579639008,-252180528,5229246720,5877965312,-648718592,7417012992,7133162240,283850752,6986344960,6367193088,619151872,-4.01,-1.12,-2.89,1.26,2.76,0,42,28,13,1,0,0,43.24,0.00,0.00,0.00,,0.00,,0.00,EastMoney,2026-06-01T20:41:54+08:00
BK0986,2026-06-01T00:00:00Z,107119,107468,108838,107066,107128,340,0.32,2964629,8830652191,1.82,1.06,0.00,0,1494994,1469635,537791872000,435345552000,-315709424,890539808,1113998736,-223458928,2189324368,2281574864,-92250496,3079287088,2900562272,178724816,2557348272,2421056448,136291824,-3.58,-2.53,-1.04,2.02,1.54,0,24,14,10,0,0,0,62.87,0.00,0.00,0.00,,0.00,,0.00,EastMoney,2026-06-01T20:41:54+08:00
BK0988,2026-06-01T00:00:00Z,195051,197512,200040,195051,193809,3703,1.91,27621282,69059214429,3.07,1.10,0.00,0,14740903,12880379,3407564032000,3043974400000,1384801536,10777118976,9973337088,803781888,19115360256,18534340608,581019648,22368342272,22681046016,-312703744,15399920896,16468451072,-1068530176,2.01,1.16,0.84,-0.45,-1.55,0,69,51,17,1,0,0,32.51,0.00,0.00,0.00,,0.00,,0.00,EastMoney,2026-06-01T20:41:54+08:00
BK0989,2026-06-01T00:00:00Z,258065,259425,262566,257669,257940,1485,0.58,175263661,344704765500,2.94,1.01,0.00,0,89407821,85855841,13272925184000,11139938048000,-4916832000,48039863296,49249880832,-1210017536,85173985280,88880799744,-3706814464,108708204544,109421355008,-713150464,95541309440,89819365376,5721944064,-1.43,-0.35,-1.08,-0.21,1.66,0,449,266,179,4,0,0,37.36,0.00,0.00,0.00,,0.00,,0.00,EastMoney,2026-06-01T20:41:54+08:00
BK0990,2026-06-01T00:00:00Z,113041,114886,115362,112377,113213,1673,1.48,8990765,8629812369,1.63,0.92,0.00,0,4677590,4313174,623288176000,553419024000,-301878976,632174784,759935952,-127761168,1721791392,1895909200,-174117808,2693259408,2791547088,-98287680,3425737328,3025411712,400325616,-3.50,-1.48,-2.02,-1.14,4.64,0,41,32,9,0,0,0,18.44,0.00,0.00,0.00,,0.00,,0.00,EastMoney,2026-06-01T20:41:54+08:00
BK0991,2026-06-01T00:00:00Z,171682,173466,174595,171157,172175,1291,0.75,10002304,15179165960,1.17,0.85,0.00,0,5180038,4822266,1160806352000,995438576000,-252868192,1483016336,1414432352,68583984,3520538640,3841990816,-321452176,4772858880,4826648576,-53789696,5112074240,4828243712,283830528,-1.67,0.45,-2.12,-0.35,1.87,0,57,40,17,0,0,0,17.63,0.00,0.00,0.00,,0.00,,0.00,EastMoney,2026-06-01T20:41:54+08:00
BK0992,2026-06-01T00:00:00Z,79275,81127,81203,78848,79966,1161,1.45,20051183,10645111572,2.35,1.49,0.00,0,10187734,9863449,685946192000,640161120000,89947328,1429780128,1415119184,14660944,2479830016,2404543632,75286384,3230422736,3553621456,-323198720,3191068288,2957816896,233251392,0.84,0.14,0.71,-3.04,2.19,0,24,18,5,1,0,0,-11.49,0.00,0.00,0.00,,0.00,,0.00,EastMoney,2026-06-01T20:41:54+08:00
BK0993,2026-06-01T00:00:00Z,84277,87011,87087,84242,84602,2409,2.85,6489404,9237716284,2.18,1.09,0.00,0,3541508,2947896,390761904000,342763168000,105882336,658063824,559024240,99039584,1820996624,1814153872,6842752,2961477264,3020849696,-59372432,3545470720,3576151552,-30680832,1.15,1.07,0.07,-0.64,-0.33,0,69,63,5,1,0,0,169.59,0.00,0.00,0.00,,0.00,,0.00,EastMoney,2026-06-01T20:41:54+08:00
BK0994,2026-06-01T00:00:00Z,245544,244530,248922,244417,245999,-1469,-0.60,3246104,8132028594,2.35,0.71,0.00,0,1528744,1717361,341932320000,317398192000,-453719648,559116096,697924960,-138808864,1502078112,1816988896,-314910784,2646502640,2619019504,27483136,3285652960,2859416448,426236512,-5.58,-1.71,-3.87,0.34,5.24,0,20,9,11,0,0,0,323.99,0.00,0.00,0.00,,0.00,,0.00,EastMoney,2026-06-01T20:41:54+08:00
BK0995,2026-06-01T00:00:00Z,161023,165080,167477,161023,161109,3971,2.46,14151012,27622589743,4.43,1.06,0.00,0,7861218,6289793,596266688000,536919600000,1221196832,3425065008,2401432080,1023632928,6734410496,6536846592,197563904,8648281344,9438677248,-790395904,8329351936,8755020288,-425668352,4.42,3.71,0.72,-2.86,-1.54,0,47,39,8,0,0,0,1427.98,0.00,0.00,0.00,,0.00,,0.00,EastMoney,2026-06-01T20:41:54+08:00
BK0996,2026-06-01T00:00:00Z,96309,97976,98233,95912,96233,1743,1.81,2337589,2075705082,1.59,1.00,0.00,0,1336280,1001308,122466022000,104308319000,19744581,122581635,113397118,9184517,465431856,454871792,10560064,666610176,700941424,-34331248,791017488,776430832,14586656,0.95,0.44,0.51,-1.65,0.70,0,18,16,2,0,0,0,56.44,0.00,0.00,0.00,,0.00,,0.00,EastMoney,2026-06-01T20:41:54+08:00
BK0998,2026-06-01T00:00:00Z,214110,214734,218765,214110,214651,83,0.04,12420460,38904742939,3.31,0.83,0.00,0,6017635,6402825,962099504000,791434624000,-1606978688,3774406272,4709230592,-934824320,8588368896,9260523264,-672154368,12651209984,12643259904,7950080,13040829184,11436193280,1604635904,-4.13,-2.40,-1.73,0.02,4.12,0,88,50,38,0,0,0,146.72,0.00,0.00,0.00,,0.00,,0.00,EastMoney,2026-06-01T20:41:54+08:00
BK0999,2026-06-01T00:00:00Z,72948,72920,73365,72557,73025,-105,-0.14,24166148,154346020056,1.33,0.93,0.00,0,11450609,12715540,13677529600000,11442606592000,-5351027200,27539001344,31239802112,-3700800768,45796593664,47446820096,-1650226432,51730761728,49497901312,2232860416,26238665216,23120498176,3118167040,-3.47,-2.40,-1.07,1.45,2.02,0,42,21,21,0,0,0,20.83,0.00,0.00,0.00,,0.00,,0.00,EastMoney,2026-06-01T20:41:54+08:00
BK1000,2026-06-01T00:00:00Z,64624,63713,64982,63562,64785,-1072,-1.65,9953027,83272394312,2.07,0.83,0.00,0,4568274,5384753,5416257280000,4512425472000,-4793295872,13711209216,16063240192,-2352030976,24019166464,26460431360,-2441264896,31504438784,28986369024,2518069760,12331510528,10056284416,2275226112,-5.76,-2.82,-2.93,3.02,2.73,0,24,7,17,0,0,0,31.42,0.00,0.00,0.00,,0.00,,0.00,EastMoney,2026-06-01T20:41:54+08:00
BK1001,2026-06-01T00:00:00Z,127323,130671,130921,126885,127900,2771,2.17,46504442,39896137438,2.57,1.04,0.00,0,24113562,22390880,1390308112000,1288759328000,246900384,3736169136,3523819280,212349856,8617458944,8582908416,34550528,12664855040,12994467840,-329612800,13954764800,13872052480,82712320,0.62,0.53,0.09,-0.83,0.21,0,162,135,21,6,0,0,116.84,0.00,0.00,0.00,,0.00,,0.00,EastMoney,2026-06-01T20:41:54+08:00
BK1002,2026-06-01T00:00:00Z,297536,292287,301836,291904,298250,-5963,-2.00,15486334,62108031835,5.19,0.81,0.00,0,7497279,7989055,1079324976000,965685376000,-1553022464,10103641600,10755500288,-651858688,16211228416,17112392192,-901163776,20106543104,19686818048,419725056,14619213312,13485915648,1133297664,-2.50,-1.05,-1.45,0.68,1.82,0,43,17,26,0,0,0,92.73,0.00,0.00,0.00,,0.00,,0.00,EastMoney,2026-06-01T20:41:54+08:00
BK1003,2026-06-01T00:00:00Z,215502,217131,217413,210761,215200,1931,0.90,34378917,43946932293,2.88,1.09,0.00,0,17265630,17113287,1923384608000,1784730144000,-94822400,6847748096,6053970688,793777408,10265502208,11154102016,-888599808,13519083264,13777157120,-258073856,12343369472,11988948736,354420736,-0.22,1.81,-2.02,-0.59,0.81,0,39,28,11,0,0,0,22.54,0.00,0.00,0.00,,0.00,,0.00,EastMoney,2026-06-01T20:41:54+08:00
BK1004,2026-06-01T00:00:00Z,237669,236994,241381,236409,238441,-1447,-0.61,18853330,61866099446,2.76,0.82,0.00,0,9537077,9316252,2015292752000,1679912704000,-2628986112,9113222144,10572641792,-1459419648,14850993920,16020560384,-1169566464,18639328768,18355701504,283627264,17959342592,15607440128,2351902464,-4.25,-2.36,-1.89,0.46,3.80,0,84,37,46,1,0,0,37.48,0.00,0.00,0.00,,0.00,,0.00,EastMoney,2026-06-01T20:41:54+08:00
BK1005,2026-06-01T00:00:00Z,176002,176417,179382,176002,176329,88,0.05,99996897,514839735828,3.71,0.81,0.00,0,50023327,49973570,14187698176000,11184596736000,-27360352000,68284094720,85447208960,-17163114240,126456901632,136654139392,-10197237760,182349234176,168905306112,13443928064,123129438208,109429669888,13699768320,-5.31,-3.33,-1.98,2.61,2.66,0,1255,711,538,6,0,0,105.52,0.00,0.00,0.00,,0.00,,0.00,EastMoney,2026-06-01T20:41:54+08:00
BK1006,2026-06-01T00:00:00Z,125983,126886,129091,125983,125801,1085,0.86,6647919,10087529167,4.28,0.82,0.00,0,3259979,3387940,204243289000,187828807000,-136894096,1085985200,1047178144,38807056,2245847904,2421549056,-175701152,3089659296,3392915680,-303256384,3479781888,3039631408,440150480,-1.36,0.38,-1.74,-3.01,4.36,0,19,12,7,0,0,0,206.65,0.00,0.00,0.00,,0.00,,0.00,EastMoney,2026-06-01T20:41:54+08:00
BK1007,2026-06-01T00:00:00Z,128855,128322,131041,128139,129380,-1058,-0.82,6967522,8603324097,4.72,0.67,0.00,0,3244700,3722822,198700403000,178260534000,-331807152,806560736,905766608,-99205872,1931955312,2164556592,-232601280,2833285456,2766099488,67185968,2887967904,2623346720,264621184,-3.86,-1.15,-2.70,0.78,3.08,0,19,9,10,0,0,0,-174.33,0.00,0.00,0.00,,0.00,,0.00,EastMoney,2026-06-01T20:41:54+08:00
BK1008,2026-06-01T00:00:00Z,154950,157136,158922,154416,155151,1985,1.28,5381696,13513958486,2.27,0.85,0.00,0,2706279,2675417,415268416000,406926640000,28762224,1748084080,1748242272,-158192,3083576320,3054655904,28920416,4274274928,4241749840,32525088,4098415760,4159703088,-61287328,0.21,0.00,0.21,0.24,-0.45,0,20,15,5,0,0,0,-163.93,0.00,0.00,0.00,,0.00,,0.00,EastMoney,2026-06-01T20:41:54+08:00
BK1009,2026-06-01T00:00:00Z,223903,229668,232362,223903,224325,5343,2.38,66220138,111953872791,4.24,1.07,0.00,0,35979493,30240644,4489709312000,2228218240000,3391401984,16228026368,13805352192,2422674176,28691480064,27722752256,968727808,34904937472,36957988096,-2053050624,30246117888,31584282112,-1338164224,3.03,2.16,0.87,-1.83,-1.20,0,142,117,24,1,0,0,33.81,0.00,0.00,0.00,,0.00,,0.00,EastMoney,2026-06-01T20:41:54+08:00
BK1010,2026-06-01T00:00:00Z,100073,101825,102699,100073,100197,1628,1.62,12488209,20045696592,1.56,0.82,0.00,0,6516550,5971658,1222895584000,1080570352000,374615872,2402540720,2213868400,188672320,4687847936,4501904384,185943552,6299816192,6370732544,-70916352,6337318912,6640738048,-303419136,1.87,0.94,0.93,-0.35,-1.51,0,46,34,11,1,0,0,19.89,0.00,0.00,0.00,,0.00,,0.00,EastMoney,2026-06-01T20:41:54+08:00
BK1011,2026-06-01T00:00:00Z,70887,72247,73088,70760,70819,1428,2.02,7109054,12309272938,2.03,1.02,0.00,0,3814713,3294341,627485664000,618140688000,281345696,1224161376,1212843536,11317840,3058067520,2788039664,270027856,3901677760,3812850688,88827072,3951950704,4322064640,-370113936,2.29,0.09,2.19,0.72,-3.01,0,23,19,3,1,0,0,25.57,0.00,0.00,0.00,,0.00,,0.00,EastMoney,2026-06-01T20:41:54+08:00
BK1012,2026-06-01T00:00:00Z,136263,140235,141801,136263,136160,4075,2.99,6475692,19371642073,3.72,0.93,0.00,0,3308661,3167031,507788448000,488579584000,936358080,3458243264,2723502336,734740928,5077824768,4876207616,201617152,5480427776,6045693952,-565266176,5079156224,5450247936,-371091712,4.83,3.79,1.04,-2.92,-1.92,0,16,13,3,0,0,0,42.61,0.00,0.00,0.00,,0.00,,0.00,EastMoney,2026-06-01T20:41:54+08:00
BK1013,2026-06-01T00:00:00Z,118265,124709,126563,118265,117880,6829,5.79,2800289,8999715907,4.01,1.21,0.00,0,1561143,1239146,210270212000,187553132000,1040535184,1463463360,603095568,860367792,2172280720,1992113328,180167392,2721512752,3318577456,-597064704,2467567056,2910753872,-443186816,11.56,9.56,2.00,-6.63,-4.92,0,15,15,0,0,0,0,-1343.50,0.00,0.00,0.00,,0.00,,0.00,EastMoney,2026-06-01T20:41:54+08:00
BK1014,2026-06-01T00:00:00Z,174697,179679,180928,174107,174851,4828,2.76,3293443,3915739551,1.86,0.92,0.00,0,1742255,1551188,192025532000,165107050000,84238677,244890145,145518844,99371301,754577728,769710352,-15132624,1205426112,1309260096,-103833984,1655526240,1635930944,19595296,2.15,2.54,-0.39,-2.65,0.50,0,23,18,5,0,0,0,44.69,0.00,0.00,0.00,,0.00,,0.00,EastMoney,2026-06-01T20:41:54+08:00
BK1015,2026-06-01T00:00:00Z,103197,103236,105698,102983,103937,-701,-0.67,3779825,17315655414,4.52,1.06,0.00,0,1856913,1922912,552309776000,457145696000,-733384144,1752827792,2288625168,-535797376,3965060928,4162647696,-197586768,5537650688,5629075200,-91424512,5728472320,4903663616,824808704,-4.24,-3.09,-1.14,-0.53,4.76,0,11,3,8,0,0,0,32.34,0.00,0.00,0.00,,0.00,,0.00,EastMoney,2026-06-01T20:41:54+08:00
BK1016,2026-06-01T00:00:00Z,94092,96430,96928,93973,93991,2439,2.59,1494572,1040392177,1.82,1.05,0.00,0,870931,623641,43987943000,42809185000,-50616352,46225294,83155936,-36930642,224154975,237840685,-13685710,329410464,339160288,-9749824,423982400,363591104,60391296,-4.87,-3.55,-1.32,-0.94,5.80,0,10,9,1,0,0,0,-406.19,0.00,0.00,0.00,,0.00,,0.00,EastMoney,2026-06-01T20:41:54+08:00
BK1017,2026-06-01T00:00:00Z,163340,166608,167813,163340,163040,3568,2.19,5622844,4812082455,1.28,0.90,0.00,0,3149068,2473776,346665520000,298189952000,103588256,439647680,346179088,93468592,1014639520,1004519856,10119664,1439960672,1534821520,-94860848,1760885984,1767931056,-7045072,2.15,1.94,0.21,-1.97,-0.15,0,21,18,3,0,0,0,23.88,0.00,0.00,0.00,,0.00,,0.00,EastMoney,2026-06-01T20:41:54+08:00
BK1018,2026-06-01T00:00:00Z,154362,156830,157281,153813,155068,1762,1.14,2061443,2927900100,2.68,0.71,0.00,0,1051605,1009838,124661258000,106477738000,-31277191,265865064,222264335,43600729,591646064,666523984,-74877920,889250304,946243936,-56993632,1041085008,964425952,76659056,-1.07,1.49,-2.56,-1.95,2.62,0,23,14,9,0,0,0,106.20,0.00,0.00,0.00,,0.00,,0.00,EastMoney,2026-06-01T20:41:54+08:00
BK1019,2026-06-01T00:00:00Z,103057,105810,106378,103003,103027,2783,2.70,13280695,16403246046,1.72,0.90,0.00,0,7293424,5987271,841752064000,794156816000,625835280,1912523856,1522005424,390518432,3740771136,3505454288,235316848,4950629632,5290590208,-339960576,5514365184,5794779648,-280414464,3.82,2.38,1.43,-2.07,-1.71,0,65,59,4,2,0,0,36.02,0.00,0.00,0.00,,0.00,,0.00,EastMoney,2026-06-01T20:41:54+08:00
BK1020,2026-06-01T00:00:00Z,219993,222120,228768,219968,221043,1077,0.49,1218611,8262527308,4.31,0.93,0.00,0,620754,597857,142242579000,133681586000,-565522768,1308612464,1821154880,-512542416,2225209200,2278189552,-52980352,2390908896,2364817920,26090976,1973392752,1451369984,522022768,-6.84,-6.20,-0.64,0.32,6.32,0,12,8,4,0,0,0,159.63,0.00,0.00,0.00,,0.00,,0.00,EastMoney,2026-06-01T20:41:54+08:00
BK1022,2026-06-01T00:00:00Z,133742,136773,137763,133343,133965,2808,2.10,20347494,24697983141,3.87,1.21,0.00,0,10741182,9606312,641282544000,603778768000,1253871440,3043028224,2348733360,694294864,6340905216,5781328640,559576576,7834261504,8213533184,-379271680,7042678528,7908993536,-866315008,5.08,2.81,2.27,-1.54,-3.51,0,68,53,14,1,0,0,21.79,0.00,0.00,0.00,,0.00,,0.00,EastMoney,2026-06-01T20:41:54+08:00
BK1023,2026-06-01T00:00:00Z,297719,295567,302823,291279,299196,-3629,-1.21,6127507,17367556831,4.88,0.88,0.00,0,2964611,3162896,287485616000,268013538000,-1431316912,1932064560,2587796848,-655732288,3801687952,4577272576,-775584624,5419010304,5097551104,321459200,5474771712,4340464896,1134306816,-8.24,-3.78,-4.47,1.85,6.53,0,16,5,11,0,0,0,-88.21,0.00,0.00,0.00,,0.00,,0.00,EastMoney,2026-06-01T20:41:54+08:00
BK1024,2026-06-01T00:00:00Z,145769,147502,147560,143049,145132,2370,1.63,175253775,145217091391,3.40,1.23,0.00,0,89436132,85817643,6916432640000,4450226176000,192714752,21195095296,19419700224,1775395072,34030480640,35613160960,-1582680320,44334980864,45736142592,-1401161728,42157085440,40945251584,1211833856,0.13,1.22,-1.09,-0.96,0.83,0,168,118,48,2,0,0,20.58,0.00,0.00,0.00,,0.00,,0.00,EastMoney,2026-06-01T20:41:54+08:00
BK1025,2026-06-01T00:00:00Z,105731,109265,109265,105171,106294,2971,2.80,20739561,11841563904,2.99,1.00,0.00,0,10874476,9865085,622896752000,456803072000,124211136,936394416,822138144,114256272,2493252416,2483297552,9954864,3739469776,3896346576,-156876800,4274465136,4220932928,53532208,1.05,0.96,0.08,-1.32,0.45,0,64,58,6,0,0,0,161.69,0.00,0.00,0.00,,0.00,,0.00,EastMoney,2026-06-01T20:41:54+08:00
BK1026,2026-06-01T00:00:00Z,97413,99787,99787,97174,97648,2139,2.19,6924399,8326571025,2.15,1.01,0.00,0,3571505,3352894,660715088000,493974736000,38417312,878555776,686364288,192191488,1741198944,1894973120,-153774176,2552496256,2560464192,-7967936,2982141616,3007224448,-25082832,0.46,2.31,-1.85,-0.10,-0.30,0,33,28,5,0,0,0,30.84,0.00,0.00,0.00,,0.00,,0.00,EastMoney,2026-06-01T20:41:54+08:00
BK1027,2026-06-01T00:00:00Z,403789,401615,412151,400897,405797,-4182,-1.03,9458619,41612153331,4.18,0.89,0.00,0,4469905,4988714,1141844544000,864789744000,-2700686848,5444992768,7844585728,-2399592960,10284364288,10585458176,-301093888,13270914560,12641124352,629790208,11880577792,9809387008,2071190784,-6.49,-5.77,-0.72,1.51,4.98,0,25,9,16,0,0,0,52.64,0.00,0.00,0.00,,0.00,,0.00,EastMoney,2026-06-01T20:41:54+08:00
BK1028,2026-06-01T00:00:00Z,195158,202810,203127,194783,194813,7997,4.10,6032139,5726160086,2.25,1.02,0.00,0,3455418,2576722,296332960000,281706000000,204800896,418240640,310027360,108213280,1180237584,1083649968,96587616,1830154240,1934880544,-104726304,2183882848,2279636688,-95753840,3.58,1.89,1.69,-1.83,-1.67,0,32,31,0,1,0,0,24.12,0.00,0.00,0.00,,0.00,,0.00,EastMoney,2026-06-01T20:41:54+08:00
BK1029,2026-06-01T00:00:00Z,155775,157827,158601,154759,156163,1664,1.07,9998021,13592113860,1.18,0.90,0.00,0,5341014,4657007,1847290304000,1221296432000,-858100976,1398522992,1943198848,-544675856,3115874112,3429299232,-313425120,4488847104,4272616400,216230704,4336750080,3694879728,641870352,-6.31,-4.01,-2.31,1.59,4.72,0,26,20,6,0,0,0,33.59,0.00,0.00,0.00,,0.00,,0.00,EastMoney,2026-06-01T20:41:54+08:00
BK1030,2026-06-01T00:00:00Z,275619,277079,280563,274132,276466,613,0.22,3634362,8376291975,3.21,0.60,0.00,0,1773254,1861108,296660672000,254201614000,-86208272,713895472,708066944,5828528,1711352736,1803389536,-92036800,2731056992,2754797376,-23740384,3010456880,2883732112,126724768,-1.03,0.07,-1.10,-0.28,1.51,0,27,12,15,0,0,0,64.44,0.00,0.00,0.00,,0.00,,0.00,EastMoney,2026-06-01T20:41:54+08:00
BK1031,2026-06-01T00:00:00Z,145246,145148,148755,144847,144986,162,0.11,21972361,54056948199,2.83,0.80,0.00,0,10756414,11215948,1808306048000,1560663296000,-2418743296,6163451392,7159421696,-995970304,13088139520,14510912512,-1422772992,17466627328,17214607872,252019456,16315882752,14142158080,2173724672,-4.47,-1.84,-2.63,0.47,4.02,0,69,38,31,0,0,0,-52.84,0.00,0.00,0.00,,0.00,,0.00,EastMoney,2026-06-01T20:41:54+08:00
BK1032,2026-06-01T00:00:00Z,159941,160502,162103,159474,159630,872,0.55,6613915,13111082769,2.85,0.76,0.00,0,3357823,3256091,488010480000,379492272000,-519687968,1235996032,1557898320,-321902288,2923727872,3121513552,-197785680,4165144416,4015888320,149256096,4443663360,4063021504,380641856,-3.96,-2.46,-1.51,1.14,2.90,0,31,18,13,0,0,0,75.19,0.00,0.00,0.00,,0.00,,0.00,EastMoney,2026-06-01T20:41:54+08:00
BK1033,2026-06-01T00:00:00Z,163125,163866,168028,163125,162784,1082,0.66,28808249,104624253571,4.37,0.98,0.00,0,14061560,14746689,4091287360000,3684102960000,1077765888,14399741952,14119049216,280692736,28121497344,27324424192,797073152,34241414144,34183838720,57575424,25423704832,26532791808,-1109086976,1.03,0.27,0.76,0.06,-1.06,0,105,61,44,0,0,0,36.42,0.00,0.00,0.00,,0.00,,0.00,EastMoney,2026-06-01T20:41:54+08:00
BK1034,2026-06-01T00:00:00Z,341695,340886,348465,339588,341756,-870,-0.25,6952685,26627724784,2.29,0.86,0.00,0,3492827,3459858,786086816000,629279616000,-147818816,4327308288,4241399104,85909184,6520059136,6753787136,-233728000,8329500160,8488273152,-158772992,7048935936,6742058240,306877696,-0.56,0.32,-0.88,-0.60,1.15,0,33,12,20,1,0,0,77.22,0.00,0.00,0.00,,0.00,,0.00,EastMoney,2026-06-01T20:41:54+08:00
BK1035,2026-06-01T00:00:00Z,94166,97214,97377,94005,94647,2567,2.71,2201924,4824983656,1.86,1.08,0.00,0,1152459,1049465,283306880000,230172988000,84552976,354593392,295292672,59300720,987566656,962314400,25252256,1533199136,1544380800,-11181664,1774853040,1857970144,-83117104,1.75,1.23,0.52,-0.23,-1.72,0,32,26,6,0,0,0,36.47,0.00,0.00,0.00,,0.00,,0.00,EastMoney,2026-06-01T20:41:54+08:00
BK1036,2026-06-01T00:00:00Z,285002,273644,286736,273435,284955,-11311,-3.97,46986241,396784876085,5.97,0.79,0.00,0,22500147,24486094,10710908160000,7762579456000,-27659464704,75478724608,92912033792,-17433309184,113813250048,124039405568,-10226155520,140179456000,125174034432,15005421568,59232696576,46670616576,12562080000,-6.97,-4.39,-2.58,3.78,3.17,0,177,19,158,0,0,0,175.48,0.00,0.00,0.00,,0.00,,0.00,EastMoney,2026-06-01T20:41:54+08:00
BK1037,2026-06-01T00:00:00Z,231338,232582,237965,231338,229420,3162,1.38,29165012,122871184642,3.63,0.93,0.00,0,14003902,15161110,3995466096000,3629689472000,-1322150912,23889695232,25209981952,-1320286720,32091102208,32092966400,-1864192,34650060288,35291934208,-641873920,29221158656,27159833088,2061325568,-1.08,-1.07,0.00,-0.52,1.68,0,98,58,40,0,0,0,44.71,0.00,0.00,0.00,,0.00,,0.00,EastMoney,2026-06-01T20:41:54+08:00
BK1038,2026-06-01T00:00:00Z,224014,224838,230245,224014,225020,-182,-0.08,83393582,80093741671,6.33,0.79,0.00,0,42357149,41036432,1430778032000,1263025088000,-1648837376,14607117056,13688227584,918889472,18216342528,20784069376,-2567726848,23981903360,24692815360,-710912000,21323001344,18923071744,2399929600,-2.06,1.15,-3.21,-0.89,3.00,0,98,55,41,2,0,0,270.76,0.00,0.00,0.00,,0.00,,0.00,EastMoney,2026-06-01T20:41:54+08:00
BK1039,2026-06-01T00:00:00Z,340456,336284,348480,334716,341064,-4780,-1.40,10357518,41983928865,7.34,0.78,0.00,0,5114572,5242947,700390160000,555413168000,-2043490048,5777296384,7042014976,-1264718592,10514264576,11293036032,-778771456,13733308928,13595219200,138089728,11177456896,9282025216,1895431680,-4.87,-3.01,-1.85,0.33,4.51,0,36,11,24,1,0,0,114.06,0.00,0.00,0.00,,0.00,,0.00,EastMoney,2026-06-01T20:41:54+08:00
BK1040,2026-06-01T00:00:00Z,131024,133151,133151,130427,131470,1681,1.28,7791172,9038529655,1.27,0.98,0.00,0,4099956,3691215,779805792000,747323392000,45561152,672425728,617800784,54624944,1806343200,1815406992,-9063792,2889117152,2944062528,-54945376,3496801168,3485754672,11046496,0.50,0.60,-0.10,-0.61,0.12,0,66,52,13,1,0,0,27.06,0.00,0.00,0.00,,0.00,,0.00,EastMoney,2026-06-01T20:41:54+08:00
BK1041,2026-06-01T00:00:00Z,93838,94667,95349,93602,93903,764,0.81,8433850,23026623929,1.98,0.89,0.00,0,4270566,4163284,1285344992000,1145193104000,-842335344,1865023840,2598132688,-733108848,5237810176,5347036672,-109226496,7882731264,7576910336,305820928,7642152192,7104333312,537818880,-3.66,-3.18,-0.47,1.33,2.34,0,137,100,32,5,0,0,47.39,0.00,0.00,0.00,,0.00,,0.00,EastMoney,2026-06-01T20:41:54+08:00
BK1042,2026-06-01T00:00:00Z,107888,110165,110395,107434,108043,2122,1.96,4261470,3732477353,1.55,0.98,0.00,0,2164593,2096876,307997504000,266737349000,49138519,114230204,150619813,-36389609,757462336,671934208,85528128,1259012064,1271313888,-12301824,1525199776,1562036464,-36836688,1.32,-0.97,2.29,-0.33,-0.99,0,32,27,3,2,0,0,16.89,0.00,0.00,0.00,,0.00,,0.00,EastMoney,2026-06-01T20:41:54+08:00
BK1043,2026-06-01T00:00:00Z,147801,150108,150924,147472,148500,1608,1.08,3098026,5560784066,2.42,1.01,0.00,0,1621752,1476274,230558075000,180798340000,-375309728,399908560,681841680,-281933120,1136088160,1229464768,-93376608,1837278032,1701662304,135615728,2066359856,1825741392,240618464,-6.75,-5.07,-1.68,2.44,4.33,0,34,24,10,0,0,0,34.74,0.00,0.00,0.00,,0.00,,0.00,EastMoney,2026-06-01T20:41:54+08:00
BK1044,2026-06-01T00:00:00Z,95718,95571,97200,95288,95571,0,0.00,6312967,13696960526,1.73,0.90,0.00,0,3128799,3184168,869100880000,736217712000,298684544,1423972512,1447447200,-23474688,3197536576,2875377344,322159232,4672548352,4789557760,-117009408,3896553136,4100184096,-203630960,2.18,-0.17,2.35,-0.85,-1.49,0,58,36,21,1,0,0,-308.60,0.00,0.00,0.00,,0.00,,0.00,EastMoney,2026-06-01T20:41:54+08:00
BK1045,2026-06-01T00:00:00Z,111885,113868,114585,110340,112943,925,0.82,3158419,1476812780,2.50,1.23,0.00,0,1576864,1581555,59469035000,54726976000,-89883721,66624189,124271622,-57647433,287471312,319707600,-32236288,460147056,439344464,20802592,608182400,539101264,69081136,-6.09,-3.90,-2.18,1.41,4.68,0,13,8,4,1,0,0,-11.31,0.00,0.00,0.00,,0.00,,0.00,EastMoney,2026-06-01T20:41:54+08:00
BK1046,2026-06-01T00:00:00Z,135916,139014,140742,135830,135802,3212,2.37,8996708,11842178631,2.72,1.16,0.00,0,5048832,3947876,448097376000,405661824000,1058560272,1605767440,1166307824,439459616,3030299936,2411199280,619100656,3652907184,4036225280,-383318096,3369321824,4044563984,-675242160,8.94,3.71,5.23,-3.24,-5.70,0,25,22,3,0,0,0,25.92,0.00,0.00,0.00,,0.00,,0.00,EastMoney,2026-06-01T20:41:54+08:00
BK1047,2026-06-01T00:00:00Z,98614,101654,102994,98592,98372,3282,3.34,18783944,45376598398,2.22,1.06,0.00,0,10195206,8588738,1192846784000,1117208208000,-486129664,8274990336,8633447168,-358456832,11827809536,11955482368,-127672832,15527117312,14295027456,1232089856,8885704704,9625616384,-739911680,-1.07,-0.79,-0.28,2.72,-1.63,0,82,77,4,1,0,0,114.41,0.00,0.00,0.00,,0.00,,0.00,EastMoney,2026-06-01T20:41:54+08:00
BK1048,2026-06-01T00:00:00Z,115134,113130,116433,112939,116000,-2870,-2.47,21789696,73679584605,3.31,0.86,0.00,0,10685798,11103898,2201325040000,1576410992000,-4685222912,11909288960,14439136000,-2529847040,17876988672,20032364544,-2155375872,21817580800,22051951360,-234370560,20253928192,15410388224,4843539968,-6.36,-3.43,-2.93,-0.32,6.57,0,43,14,29,0,0,0,50.19,0.00,0.00,0.00,,0.00,,0.00,EastMoney,2026-06-01T20:41:54+08:00
BK1049,2026-06-01T00:00:00Z,184422,185672,189546,184177,183516,2156,1.17,4005964,14222547130,3.06,0.95,0.00,0,2038481,1967483,376663952000,360905696000,202705440,2159670384,1854373952,305296432,3379212512,3481803504,-102590992,4390883840,4601884928,-211001088,4097815632,4089520000,8295632,1.43,2.15,-0.72,-1.48,0.06,0,14,9,5,0,0,0,120.72,0.00,0.00,0.00,,0.00,,0.00,EastMoney,2026-06-01T20:41:54+08:00
BK1050,2026-06-01T00:00:00Z,6040761,6111510,6149126,6016167,5949541,161969,2.72,80915769,70538805131,8.73,0.80,0.00,0,39943964,40971804,926595040000,781087840000,-892671232,10775501824,11489588480,-714086656,16452820736,16631405312,-178584576,20884838656,20574371840,310466816,19670176768,19087972096,582204672,-1.27,-1.01,-0.25,0.44,0.83,0,67,47,20,0,0,0,234.43,0.00,0.00,0.00,,0.00,,0.00,EastMoney,2026-06-01T20:41:54+08:00
BK1051,2026-06-01T00:00:00Z,1557985,1570949,1582944,1536066,1521734,49215,3.23,24432509,20014725232,7.54,0.73,0.00,0,11949018,12483491,259850182000,226793168000,-892343088,3225883648,3668072496,-442188848,4476576512,4926730752,-450154240,5518078720,5540590592,-22511872,5969716736,5054861568,914855168,-4.46,-2.21,-2.25,-0.11,4.57,0,16,12,4,0,0,0,-25.59,0.00,0.00,0.00,,0.00,,0.00,EastMoney,2026-06-01T20:41:54+08:00
BK1052,2026-06-01T00:00:00Z,102129,102901,104233,102129,101970,931,0.91,13750511,50854049174,2.63,0.92,0.00,0,6789035,6961476,3181969008000,2807541648000,-697659392,7655695104,8591121920,-935426816,14664409856,14426642432,237767424,16947923712,16993945600,-46021888,10409875456,9665753088,744122368,-1.37,-1.84,0.47,-0.09,1.46,0,43,27,16,0,0,0,32.76,0.00,0.00,0.00,,0.00,,0.00,EastMoney,2026-06-01T20:41:54+08:00
BK1053,2026-06-01T00:00:00Z,110201,113418,113608,109517,110448,2970,2.69,147907669,33131420437,2.06,1.16,0.00,0,79649897,68257772,1830782432000,1608749808000,1402053664,5036995328,4196482016,840513312,9069701888,8508161536,561540352,8964064000,9952496896,-988432896,9107845632,9517013504,-409167872,4.23,2.54,1.69,-2.98,-1.23,0,191,158,16,17,0,0,-10.33,0.00,0.00,0.00,,0.00,,0.00,EastMoney,2026-06-01T20:41:54+08:00
BK1054,2026-06-01T00:00:00Z,99152,101977,103076,99075,99845,2132,2.14,3784214,3779413969,2.64,1.22,0.00,0,2154159,1630056,139126513000,128704203000,69111759,227030241,173307826,53722415,773532736,758143392,15389344,1188015536,1318282496,-130266960,1530165504,1469010304,61155200,1.83,1.42,0.41,-3.45,1.62,0,18,16,2,0,0,0,-43.00,0.00,0.00,0.00,,0.00,,0.00,EastMoney,2026-06-01T20:41:54+08:00
BK1055,2026-06-01T00:00:00Z,132408,137338,138562,132362,132438,4900,3.70,43737410,60480740716,4.99,1.20,0.00,0,24074103,19663307,3365170944000,1199733760000,4019681024,8642366464,5931071744,2711294720,15592919040,14284532736,1308386304,19228693504,20622415616,-1393722112,16093427456,18719386624,-2625959168,6.65,4.48,2.16,-2.30,-4.34,0,84,80,3,1,0,0,24.11,0.00,0.00,0.00,,0.00,,0.00,EastMoney,2026-06-01T20:41:54+08:00
BK1056,2026-06-01T00:00:00Z,95458,96525,96965,95193,95743,782,0.82,5901089,7290760465,1.90,0.88,0.00,0,2949383,2951706,441128512000,390702528000,-272039696,374320944,548120960,-173800016,1428901984,1527141664,-98239680,2439020784,2400160192,38860592,2936032896,2702853776,233179120,-3.73,-2.38,-1.35,0.53,3.20,0,51,37,14,0,0,0,73.83,0.00,0.00,0.00,,0.00,,0.00,EastMoney,2026-06-01T20:41:54+08:00
BK1057,2026-06-01T00:00:00Z,112522,115334,117719,112522,113506,1828,1.61,54864523,29102825913,7.36,0.81,0.00,0,27938411,26926112,399615680000,385262864000,466624000,8106717952,6779720704,1326997248,6837097472,7697470720,-860373248,7449272064,8001279744,-552007680,6029036800,5943653120,85383680,1.60,4.56,-2.96,-1.90,0.29,0,14,9,5,0,0,0,38.51,0.00,0.00,0.00,,0.00,,0.00,EastMoney,2026-06-01T20:41:54+08:00
BK1058,2026-06-01T00:00:00Z,123405,125922,126459,123093,123801,2121,1.71,10636036,9834756023,2.36,1.15,0.00,0,5485171,5150865,394401504000,367257680000,-144300256,799989792,839204240,-39214448,2005625552,2110711360,-105085808,3172883200,3220875344,-47992144,3615946480,3420306848,195639632,-1.47,-0.40,-1.07,-0.49,1.99,0,50,36,14,0,0,0,30.67,0.00,0.00,0.00,,0.00,,0.00,EastMoney,2026-06-01T20:41:54+08:00
BK1059,2026-06-01T00:00:00Z,106401,102639,107167,102531,106446,-3807,-3.58,39200434,805805943266,4.46,0.87,0.00,0,19443198,19757236,25946891264000,20368778240000,-42855809024,173642137600,203880919040,-30238781440,234541273088,247158300672,-12617027584,269336731648,247992799232,21343932416,110456594432,89434836992,21021757440,-5.32,-3.75,-1.57,2.65,2.61,0,280,56,224,0,0,0,60.85,0.00,0.00,0.00,,0.00,,0.00,EastMoney,2026-06-01T20:41:54+08:00
BK1061,2026-06-01T00:00:00Z,128302,132261,133448,128279,128334,3927,3.06,51143784,75369403491,3.37,0.97,0.00,0,26751110,24392674,1907141744000,1763695280000,3147360768,10143565312,7426948352,2716616960,17440304384,17009560576,430743808,23044049408,24933927936,-1889878528,23232585472,24475754752,-1243169280,4.18,3.60,0.57,-2.51,-1.65,0,185,161,21,3,0,0,-84.35,0.00,0.00,0.00,,0.00,,0.00,EastMoney,2026-06-01T20:41:54+08:00
BK1063,2026-06-01T00:00:00Z,91516,90454,93077,90013,91065,-611,-0.67,1453958,3600665877,2.18,1.09,0.00,0,704482,749476,223999814000,171914703000,-14444571,236430813,262277704,-25846891,814721488,803319168,11402320,1131179408,1099186384,31993024,1020370160,1070599696,-50229536,-0.40,-0.72,0.32,0.89,-1.40,0,19,10,9,0,0,0,45.50,0.00,0.00,0.00,,0.00,,0.00,EastMoney,2026-06-01T20:41:54+08:00
BK1064,2026-06-01T00:00:00Z,196950,198415,201649,196404,197195,1220,0.62,34569268,66735923855,3.79,0.89,0.00,0,17059029,17510239,1831189184000,1460095968000,-1838545408,8522627840,9630319360,-1107691520,15686590720,16417444608,-730853888,21148818688,21274003968,-125185280,19976888064,18024866816,1952021248,-2.75,-1.66,-1.10,-0.19,2.92,0,67,40,25,2,0,0,69.91,0.00,0.00,0.00,,0.00,,0.00,EastMoney,2026-06-01T20:41:54+08:00
BK1066,2026-06-01T00:00:00Z,156088,159570,160046,155882,156701,2869,1.83,9296664,7106531772,1.76,0.92,0.00,0,4905206,4391458,383466256000,330420416000,165102208,801858944,643851648,158007296,1605247360,1598152448,7094912,2184430368,2366749216,-182318848,2390637440,2373420816,17216624,2.32,2.22,0.10,-2.57,0.24,0,22,19,3,0,0,0,25.96,0.00,0.00,0.00,,0.00,,0.00,EastMoney,2026-06-01T20:41:54+08:00
BK1068,2026-06-01T00:00:00Z,119278,122504,122742,118820,119412,3092,2.59,4104705,8159302873,1.37,1.16,0.00,0,2169438,1935267,1123954624000,987440960000,534480912,865276592,607417232,257859360,2427831024,2151209472,276621552,2684972784,2844234304,-159261520,2057061952,2432281328,-375219376,6.55,3.16,3.39,-1.95,-4.60,0,21,17,4,0,0,0,11.99,0.00,0.00,0.00,,0.00,,0.00,EastMoney,2026-06-01T20:41:54+08:00
BK1069,2026-06-01T00:00:00Z,176391,177718,180214,175961,176722,996,0.56,6293569,7026478269,4.47,1.06,0.00,0,3249118,3044452,159840562000,143209768000,-154916000,496503296,558667936,-62164640,1479520496,1572271856,-92751360,2327668832,2212166736,115502096,2570660480,2530048304,40612176,-2.20,-0.88,-1.32,1.64,0.58,0,27,19,8,0,0,0,-97.19,0.00,0.00,0.00,,0.00,,0.00,EastMoney,2026-06-01T20:41:54+08:00
BK1070,2026-06-01T00:00:00Z,104498,106974,107325,104147,104120,2854,2.74,10650387,7390047547,3.28,1.34,0.00,0,4758150,5892237,250826469000,235820802000,-357488256,445427072,678635968,-233208896,1721532128,1845811488,-124279360,2408124672,2320172224,87952448,2616967824,2339334432,277633392,-4.84,-3.16,-1.68,1.19,3.76,0,35,28,6,1,0,0,141.85,0.00,0.00,0.00,,0.00,,0.00,EastMoney,2026-06-01T20:41:54+08:00
BK1071,2026-06-01T00:00:00Z,152267,156861,158019,152267,152207,4654,3.06,34288896,42319062508,0.33,1.09,0.00,0,19625589,14663307,12941690112000,8202218240000,3101392128,7434632960,5379354368,2055278592,11437899008,10391785472,1046113536,12338895872,13976663808,-1637767936,10371576832,11834917120,-1463340288,7.33,4.86,2.47,-3.87,-3.46,0,62,58,4,0,0,0,7.41,0.00,0.00,0.00,,0.00,,0.00,EastMoney,2026-06-01T20:41:54+08:00
BK1072,2026-06-01T00:00:00Z,165452,169799,170759,165376,165886,3913,2.36,13562370,18357847549,1.97,0.98,0.00,0,7161954,6400416,745121328000,618908800000,497302848,2297398032,1862490960,434907072,4227378096,4164982320,62395776,5506033920,5944976896,-438942976,5936341504,5991532032,-55190528,2.71,2.37,0.34,-2.39,-0.30,0,83,71,11,1,0,0,33.24,0.00,0.00,0.00,,0.00,,0.00,EastMoney,2026-06-01T20:41:54+08:00
BK1073,2026-06-01T00:00:00Z,127876,129677,129740,127302,128144,1533,1.20,3471682,3706219377,1.88,0.94,0.00,0,1829652,1642029,269265408000,221975265000,43824978,245730878,237035564,8695314,855365440,820235776,35129664,1256140896,1275004928,-18864032,1265133152,1290094096,-24960944,1.18,0.23,0.95,-0.51,-0.67,0,19,15,3,1,0,0,23.94,0.00,0.00,0.00,,0.00,,0.00,EastMoney,2026-06-01T20:41:54+08:00
BK1074,2026-06-01T00:00:00Z,82346,86283,86781,81718,82322,3961,4.81,528783,454965000,1.79,1.19,0.00,0,306071,222712,24862258000,23303094000,35050461,63206794,53231476,9975318,102175457,77100314,25075143,120473080,144986878,-24513798,165684895,176221558,-10536663,7.70,2.19,5.51,-5.39,-2.32,0,6,6,0,0,0,0,101.28,0.00,0.00,0.00,,0.00,,0.00,EastMoney,2026-06-01T20:41:54+08:00
BK1075,2026-06-01T00:00:00Z,110865,113567,115135,110803,110626,2941,2.66,6039124,10388558628,3.09,0.94,0.00,0,3232859,2806265,325204288000,287662624000,268824736,765254464,632174560,133079904,2270652496,2134907664,135744832,3431863184,3627043168,-195179984,3777855536,3851500304,-73644768,2.59,1.28,1.31,-1.88,-0.71,0,38,35,3,0,0,0,-249.27,0.00,0.00,0.00,,0.00,,0.00,EastMoney,2026-06-01T20:41:54+08:00
BK1076,2026-06-01T00:00:00Z,118494,122096,122805,117976,118979,3117,2.62,13682738,13131000310,4.81,0.69,0.00,0,6862809,6819929,296707408000,263330295000,787398224,2406751488,1587912816,818838672,3010920608,3042361056,-31440448,3583276896,4144647920,-561371024,3860544944,4086071264,-225526320,6.00,6.24,-0.24,-4.28,-1.72,0,46,35,9,2,0,0,-98.99,0.00,0.00,0.00,,0.00,,0.00,EastMoney,2026-06-01T20:41:54+08:00
BK1077,2026-06-01T00:00:00Z,130625,133822,134138,130193,131190,2632,2.01,18449927,9634731301,2.53,1.03,0.00,0,9454987,8994940,405333600000,356071952000,64197968,871101824,750084480,121017344,2116532848,2173352224,-56819376,3039323744,3276171408,-236847664,3279998512,3091309120,188689392,0.67,1.26,-0.59,-2.46,1.96,0,42,35,7,0,0,0,35.54,0.00,0.00,0.00,,0.00,,0.00,EastMoney,2026-06-01T20:41:54+08:00
BK1078,2026-06-01T00:00:00Z,129280,130645,130916,128876,129548,1097,0.85,7546309,12663585717,2.03,0.95,0.00,0,3932015,3614295,589090656000,525929952000,-120433472,978777440,1042731168,-63953728,2916262416,2972742160,-56479744,4261154416,4275435440,-14281024,4274749232,4140034704,134714528,-0.95,-0.51,-0.45,-0.11,1.06,0,57,41,15,1,0,0,155.20,0.00,0.00,0.00,,0.00,,0.00,EastMoney,2026-06-01T20:41:54+08:00
BK1079,2026-06-01T00:00:00Z,146338,149829,150770,145655,146716,3113,2.12,4048438,2991183316,2.35,0.98,0.00,0,2213553,1834885,143748727000,125130130000,54949519,168595250,145264147,23331103,582486624,550868208,31618416,938941648,894283424,44658224,1256750016,1355748784,-98998768,1.84,0.78,1.06,1.49,-3.31,0,27,21,6,0,0,0,46.77,0.00,0.00,0.00,,0.00,,0.00,EastMoney,2026-06-01T20:41:54+08:00
BK1080,2026-06-01T00:00:00Z,113673,116799,117316,113419,113727,3072,2.70,22577183,19764268322,3.29,1.19,0.00,0,10873823,11703360,558463472000,481706208000,-400165968,1527184096,1795829808,-268645712,4321599232,4453119488,-131520256,6084463360,6234523648,-150060288,7351487744,6800760576,550727168,-2.02,-1.36,-0.67,-0.76,2.79,0,102,82,18,2,0,0,-45.56,0.00,0.00,0.00,,0.00,,0.00,EastMoney,2026-06-01T20:41:54+08:00
BK1082,2026-06-01T00:00:00Z,187513,189836,193379,187137,188317,1519,0.81,1091259,1821597051,3.51,0.86,0.00,0,537569,553690,52423589000,40018222000,-72012369,176426910,223943087,-47516177,400105872,424602064,-24496192,552256656,507215008,45041648,671729056,644758336,26970720,-3.95,-2.61,-1.34,2.47,1.48,0,9,5,4,0,0,0,78.97,0.00,0.00,0.00,,0.00,,0.00,EastMoney,2026-06-01T20:41:54+08:00
BK1086,2026-06-01T00:00:00Z,70802,73527,73550,70699,71175,2352,3.30,6170505,3743746335,2.14,1.15,0.00,0,3433680,2736824,214969424000,185658356000,130290122,258946303,171082085,87864218,786781888,744355984,42425904,1204453776,1246150128,-41696352,1397612704,1469743376,-72130672,3.48,2.35,1.13,-1.11,-1.93,0,31,30,0,1,0,0,31.62,0.00,0.00,0.00,,0.00,,0.00,EastMoney,2026-06-01T20:41:54+08:00
BK1087,2026-06-01T00:00:00Z,169844,173633,173681,166204,168605,5028,2.98,64289684,55775415404,3.99,1.47,0.00,0,32970027,31319657,1538823568000,1269597792000,1249985024,9212646656,7918108928,1294537728,13409428992,13453981696,-44552704,16536416256,16978387712,-441971456,15247329792,16055343616,-808013824,2.24,2.32,-0.08,-0.79,-1.45,0,49,41,8,0,0,0,21.92,0.00,0.00,0.00,,0.00,,0.00,EastMoney,2026-06-01T20:41:54+08:00
BK1088,2026-06-01T00:00:00Z,531555,518063,536955,517339,532166,-14103,-2.65,9945568,102343971519,2.33,0.94,0.00,0,4821381,5124187,2323050128000,2268853248000,-4198144768,28226882304,31488062464,-3261180160,27718204928,28655169536,-936964608,27685831424,26336795648,1349035776,16263990784,13414881792,2849108992,-4.10,-3.19,-0.92,1.32,2.78,0,25,8,17,0,0,0,60.53,0.00,0.00,0.00,,0.00,,0.00,EastMoney,2026-06-01T20:41:54+08:00
BK1089,2026-06-01T00:00:00Z,220150,221998,224675,220150,220109,1889,0.86,16123096,35805040228,3.07,0.81,0.00,0,8098646,8024450,1140442256000,962039488000,-814239536,3332172112,3790760064,-458587952,8226658560,8582310144,-355651584,11523777024,11417281792,106495232,11917536256,11200180224,717356032,-2.27,-1.28,-0.99,0.30,2.00,0,96,57,39,0,0,0,42.04,0.00,0.00,0.00,,0.00,,0.00,EastMoney,2026-06-01T20:41:54+08:00
BK1090,2026-06-01T00:00:00Z,215848,217514,220334,215848,216127,1387,0.64,164475584,472674807165,2.92,0.89,0.00,0,84311153,80164432,14591416320000,12522329088000,-9904201728,74063118336,83679584256,-9616465920,118519021568,118806757376,-287735808,144561291264,143333220352,1228070912,125500481536,116819222528,8681259008,-2.10,-2.03,-0.06,0.26,1.84,0,700,428,267,5,0,0,45.15,0.00,0.00,0.00,,0.00,,0.00,EastMoney,2026-06-01T20:41:54+08:00
BK1092,2026-06-01T00:00:00Z,236690,233786,240490,233218,235061,-1275,-0.54,2128298,22342003784,2.35,0.88,0.00,0,1008856,1119442,2094968624000,1925602208000,1952464,4119221200,4393070592,-273849392,7612294144,7336492288,275801856,7937889024,7948836864,-10947840,1961354304,1952358976,8995328,0.01,-1.23,1.23,-0.05,0.04,0,8,1,7,0,0,0,25.84,0.00,0.00,0.00,,0.00,,0.00,EastMoney,2026-06-01T20:41:54+08:00
BK1093,2026-06-01T00:00:00Z,139094,140667,142079,138650,139688,979,0.70,3840693,9171464877,2.35,0.84,0.00,0,1995729,1844964,368946112000,333851968000,-170766496,895535840,1031517200,-135981360,2072521664,2107306800,-34785136,2935507392,2941272480,-5765088,3134381184,2957849584,176531600,-1.86,-1.48,-0.38,-0.06,1.92,0,28,19,8,1,0,0,57.61,0.00,0.00,0.00,,0.00,,0.00,EastMoney,2026-06-01T20:41:54+08:00
BK1094,2026-06-01T00:00:00Z,114814,114640,117511,114435,115083,-443,-0.38,50814122,42892248126,5.53,0.81,0.00,0,26248363,24565758,938340496000,876136064000,-1193172992,8091055616,8066497536,24558080,9992069376,11209800448,-1217731072,12848819712,12499486464,349333248,11009102336,10164095488,845006848,-2.78,0.06,-2.84,0.81,1.97,0,47,19,26,2,0,0,-36.01,0.00,0.00,0.00,,0.00,,0.00,EastMoney,2026-06-01T20:41:54+08:00
BK1095,2026-06-01T00:00:00Z,139034,141574,142702,138809,138881,2693,1.94,25870237,12103318245,2.87,1.23,0.00,0,14021989,11848248,588106272000,533456976000,90649440,1621386800,1566393584,54993216,3040940976,3005284752,35656224,3644047728,3701242848,-57195120,3606270944,3639725264,-33454320,0.75,0.45,0.29,-0.47,-0.28,0,22,20,2,0,0,0,46.64,0.00,0.00,0.00,,0.00,,0.00,EastMoney,2026-06-01T20:41:54+08:00
BK1097,2026-06-01T00:00:00Z,104673,104718,107168,104631,104240,478,0.46,17978934,29868364972,3.40,0.84,0.00,0,8726450,9252484,835316656000,738729376000,-1632185568,3368212960,3964150464,-595937504,6748836864,7785084928,-1036248064,9361797376,9384137216,-22339840,9871525120,8216999936,1654525184,-5.46,-2.00,-3.47,-0.07,5.54,0,44,20,22,2,0,0,-25.97,0.00,0.00,0.00,,0.00,,0.00,EastMoney,2026-06-01T20:41:54+08:00
BK1098,2026-06-01T00:00:00Z,116830,119813,119827,115404,116575,3238,2.78,9938004,8409555616,3.91,1.35,0.00,0,5237908,4700096,261401419000,231861667000,14946112,640025344,666668656,-26643312,1968623216,1927033792,41589424,2812987408,2774870144,38117264,2808677840,2861741216,-53063376,0.18,-0.32,0.49,0.45,-0.63,0,29,26,3,0,0,0,24.96,0.00,0.00,0.00,,0.00,,0.00,EastMoney,2026-06-01T20:41:54+08:00
BK1099,2026-06-01T00:00:00Z,110835,111669,112457,109864,111100,569,0.51,770100,1190173747,2.09,0.83,0.00,0,384593,385506,68924726000,61113857000,32313136,84455463,61924349,22531114,217990201,208208179,9782022,375062048,374779776,282272,500347264,532942672,-32595408,2.71,1.89,0.82,0.02,-2.74,0,9,5,4,0,0,0,32.08,0.00,0.00,0.00,,0.00,,0.00,EastMoney,2026-06-01T20:41:54+08:00
BK1100,2026-06-01T00:00:00Z,193006,193255,196114,192966,193223,32,0.02,17855057,40547893737,3.16,0.74,0.00,0,9052228,8802829,1220726976000,1051865168000,-695367424,5617538560,5782078976,-164540416,9751802880,10282629888,-530827008,13052216320,12990217216,61999104,11364007424,10729192192,634815232,-1.71,-0.41,-1.31,0.15,1.57,0,84,43,40,1,0,0,74.26,0.00,0.00,0.00,,0.00,,0.00,EastMoney,2026-06-01T20:41:54+08:00
BK1101,2026-06-01T00:00:00Z,366918,358714,372528,358142,367982,-9268,-2.52,21427310,125633276967,12.08,0.87,0.00,0,10268972,11158337,2326273392000,1829314992000,-6285867520,26691499264,31926951168,-5235451904,40218652928,41269068544,-1050415616,32844683008,31875681280,969001728,22489597184,17190037760,5299559424,-5.00,-4.17,-0.84,0.77,4.22,0,38,10,28,0,0,0,159.71,0.00,0.00,0.00,,0.00,,0.00,EastMoney,2026-06-01T20:41:54+08:00
BK1102,2026-06-01T00:00:00Z,173940,175229,176947,173690,174181,1048,0.60,8935681,23339870697,2.17,0.96,0.00,0,4445580,4490101,1567429408000,1356332656000,-494110480,2338273328,2641314624,-303041296,5783000320,5974069504,-191069184,7603896320,7790228224,-186331904,7244669184,6564226816,680442368,-2.12,-1.30,-0.82,-0.80,2.92,0,35,21,14,0,0,0,14.93,0.00,0.00,0.00,,0.00,,0.00,EastMoney,2026-06-01T20:41:54+08:00
BK1103,2026-06-01T00:00:00Z,112940,114957,115994,111739,112300,2657,2.37,3007993,3699838224,2.88,1.19,0.00,0,1332109,1675884,121916942000,119458953000,-298883296,395985696,582410192,-186424496,717797968,830256768,-112458800,1103496016,1099080800,4415216,1355104480,1059831904,295272576,-8.08,-5.04,-3.04,0.12,7.98,0,11,9,2,0,0,0,24.90,0.00,0.00,0.00,,0.00,,0.00,EastMoney,2026-06-01T20:41:54+08:00
BK1104,2026-06-01T00:00:00Z,185450,190984,193297,185450,185133,5851,3.16,57163290,169166213155,3.69,0.97,0.00,0,30171964,26991326,4386735872000,3943015056000,99267584,26510707456,26968347136,-457639680,42617199616,42060292352,556907264,59304813568,57646079232,1658734336,37174474752,38504062208,-1329587456,0.06,-0.27,0.33,0.98,-0.79,0,245,203,39,3,0,0,170.79,0.00,0.00,0.00,,0.00,,0.00,EastMoney,2026-06-01T20:41:54+08:00
BK1106,2026-06-01T00:00:00Z,138226,137995,140094,137521,138153,-158,-0.11,22880665,52024285566,1.65,0.98,0.00,0,11445567,11435098,3331879072000,2589996160000,-602452224,4943777536,5689744384,-745966848,12615269376,12471754752,143514624,17985049088,17621147136,363901952,15281238272,15067238144,214000128,-1.16,-1.43,0.28,0.70,0.41,0,174,106,66,2,0,0,51.15,0.00,0.00,0.00,,0.00,,0.00,EastMoney,2026-06-01T20:41:54+08:00
BK1107,2026-06-01T00:00:00Z,134874,135747,136312,134220,135124,623,0.46,10629596,16563271405,0.88,1.04,0.00,0,5353153,5276443,1794674464000,1504273296000,166302080,3398799712,2931145440,467654272,4679245824,4980598016,-301352192,4676553472,4612206336,64347136,3588841360,3819490880,-230649520,1.00,2.82,-1.82,0.39,-1.39,0,14,9,5,0,0,0,11.84,0.00,0.00,0.00,,0.00,,0.00,EastMoney,2026-06-01T20:41:54+08:00
BK1108,2026-06-01T00:00:00Z,136344,135600,138623,135343,136694,-1094,-0.80,8001318,51035269141,1.87,0.84,0.00,0,3937952,4063366,2405865360000,1560687168000,-1403410176,9195560192,10356778240,-1161218048,14871511552,15113703680,-242192128,17620134144,17342561024,277573120,8586104576,7460267776,1125836800,-2.75,-2.28,-0.47,0.54,2.21,0,45,23,21,1,0,0,127.26,0.00,0.00,0.00,,0.00,,0.00,EastMoney,2026-06-01T20:41:54+08:00
BK1109,2026-06-01T00:00:00Z,103102,106324,106554,102758,103420,2904,2.81,5447731,3143656349,2.38,0.72,0.00,0,2699211,2748521,132556836000,121658668000,116180873,400725344,260124359,140600985,677189136,701609248,-24420112,941530832,1019146544,-77615712,1073617632,1112182800,-38565168,3.70,4.47,-0.78,-2.47,-1.23,0,14,11,3,0,0,0,114.27,0.00,0.00,0.00,,0.00,,0.00,EastMoney,2026-06-01T20:41:54+08:00
BK1110,2026-06-01T00:00:00Z,178524,186089,188449,178477,178565,7524,4.21,26109363,33920901709,5.91,1.28,0.00,0,14673386,11435977,523605200000,488074928000,2206112624,4520558592,3283463568,1237095024,8818269696,7849252096,969017600,10890901760,11535759360,-644857600,9209422080,10770677248,-1561255168,6.50,3.65,2.86,-1.90,-4.60,0,49,48,1,0,0,0,-106.90,0.00,0.00,0.00,,0.00,,0.00,EastMoney,2026-06-01T20:41:54+08:00
BK1111,2026-06-01T00:00:00Z,206997,214297,216790,206997,206952,7345,3.55,56115702,89193453813,4.72,1.22,0.00,0,30337190,25778512,2072650192000,1828343024000,4405829632,12749212160,9890484736,2858727424,22989884928,21442782720,1547102208,28657295104,29879715072,-1222419968,23225652736,26378447360,-3152794624,4.94,3.21,1.73,-1.37,-3.53,0,114,102,9,3,0,0,68.83,0.00,0.00,0.00,,0.00,,0.00,EastMoney,2026-06-01T20:41:54+08:00
BK1112,2026-06-01T00:00:00Z,143361,146668,146769,142553,143553,3115,2.17,178665341,105465087125,0.71,1.25,0.00,0,99101202,79564139,23531283712000,17201799936000,5091476224,17347649536,14348484096,2999165440,26616902912,24524592128,2092310784,30228881408,33194871296,-2965989888,29280599040,31402426368,-2121827328,4.83,2.84,1.98,-2.81,-2.01,0,365,329,24,12,0,0,8.98,0.00,0.00,0.00,,0.00,,0.00,EastMoney,2026-06-01T20:41:54+08:00
BK1113,2026-06-01T00:00:00Z,210682,208566,215711,207740,209588,-1022,-0.49,11751896,30018121705,5.61,0.99,0.00,0,5423427,6328469,568568496000,492636336000,-670306816,4715515136,5034005248,-318490112,7126751232,7478567936,-351816704,9112058624,8988039424,124019200,8363338240,7817050624,546287616,-2.23,-1.06,-1.17,0.41,1.82,0,30,13,17,0,0,0,227.15,0.00,0.00,0.00,,0.00,,0.00,EastMoney,2026-06-01T20:41:54+08:00
BK1115,2026-06-01T00:00:00Z,152775,156819,157521,152181,152925,3894,2.55,39961004,53344502398,3.03,1.07,0.00,0,21397997,18563006,1657232992000,1376402256000,1591184128,6704021504,5692429568,1011591936,13105773568,12526181376,579592192,16619403008,16900642816,-281239808,15706291712,16668525568,-962233856,2.98,1.90,1.09,-0.53,-1.80,0,165,140,24,1,0,0,39.58,0.00,0.00,0.00,,0.00,,0.00,EastMoney,2026-06-01T20:41:54+08:00
BK1116,2026-06-01T00:00:00Z,163342,168233,169154,162625,163158,5075,3.11,3016551,6078563759,3.07,1.04,0.00,0,1525708,1490843,147657776000,118058363000,213549392,1176613952,982428944,194185008,1663644416,1644280032,19364384,1741320176,1921984176,-180664000,1437780832,1470666224,-32885392,3.51,3.19,0.32,-2.97,-0.54,0,16,13,3,0,0,0,54.29,0.00,0.00,0.00,,0.00,,0.00,EastMoney,2026-06-01T20:41:54+08:00
BK1118,2026-06-01T00:00:00Z,145747,150341,151952,145421,145791,4550,3.12,9820183,10928458726,4.75,1.11,0.00,0,5310136,4510048,253785754000,242324079000,551926416,1269068768,828097664,440971104,2529900496,2418945184,110955312,3484849952,3825633712,-340783760,3438512320,3649654976,-211142656,5.05,4.04,1.02,-3.12,-1.93,0,33,27,4,2,0,0,-54.02,0.00,0.00,0.00,,0.00,,0.00,EastMoney,2026-06-01T20:41:54+08:00
BK1119,2026-06-01T00:00:00Z,164458,164242,167537,163774,164880,-638,-0.39,1701906,9065721918,2.36,0.72,0.00,0,856025,845881,399686608000,347104496000,214576784,1781694448,1781290656,403792,2335662960,2121489968,214172992,2701458688,2643393760,58064928,2128729680,2401371408,-272641728,2.37,0.00,2.36,0.64,-3.01,0,10,5,5,0,0,0,53.49,0.00,0.00,0.00,,0.00,,0.00,EastMoney,2026-06-01T20:41:54+08:00
BK1121,2026-06-01T00:00:00Z,220614,214525,222994,213991,222328,-7803,-3.51,2322435,3711982211,2.42,0.78,0.00,0,1273011,1049424,100071902000,86432686000,-298229728,427144128,643678496,-216534368,938633808,1020329168,-81695360,1273234160,1214667648,58566512,1007900816,768237616,239663200,-8.03,-5.83,-2.20,1.58,6.46,0,4,1,3,0,0,0,69.99,0.00,0.00,0.00,,0.00,,0.00,EastMoney,2026-06-01T20:41:54+08:00
BK1124,2026-06-01T00:00:00Z,240100,238030,242753,237324,242265,-4235,-1.75,13820649,59990462065,4.05,0.83,0.00,0,6729209,7091440,1171190032000,1037637088000,-3783676672,10503689728,12918521344,-2414831616,13926691584,15295536640,-1368845056,17236418304,16891357184,345061120,16496936192,13041347072,3455589120,-6.31,-4.03,-2.28,0.58,5.76,0,51,22,29,0,0,0,45.74,0.00,0.00,0.00,,0.00,,0.00,EastMoney,2026-06-01T20:41:54+08:00
BK1125,2026-06-01T00:00:00Z,177461,180386,182982,177461,178515,1871,1.05,9256207,12338064575,5.46,1.04,0.00,0,4278385,4977822,354713472000,303259280000,168463184,1665835744,1329428448,336407296,2545518800,2713462912,-167944112,3847084784,4197917184,-350832400,4059589152,3877219920,182369232,1.37,2.73,-1.36,-2.84,1.48,0,26,15,11,0,0,0,-3982.53,0.00,0.00,0.00,,0.00,,0.00,EastMoney,2026-06-01T20:41:54+08:00
BK1126,2026-06-01T00:00:00Z,201346,208906,211732,201346,201034,7872,3.92,34250961,63033457607,5.18,1.25,0.00,0,18998448,15252512,1269223488000,1107619152000,3768265728,9447315200,6744069376,2703245824,16792633344,15727613440,1065019904,20032198400,21780532224,-1748333824,15825675264,17845607168,-2019931904,5.98,4.29,1.69,-2.77,-3.20,0,67,61,6,0,0,0,276.43,0.00,0.00,0.00,,0.00,,0.00,EastMoney,2026-06-01T20:41:54+08:00
BK1127,2026-06-01T00:00:00Z,203353,199701,207640,199592,202262,-2561,-1.27,19370780,87002852192,4.53,0.82,0.00,0,9797672,9573108,3114011440000,2486896096000,-4626918400,18468333056,22331475712,-3863142656,30575455232,31339230976,-763775744,25921070592,21797740032,4123330560,10543677440,10038641664,505035776,-5.32,-4.44,-0.88,4.74,0.58,0,39,14,25,0,0,0,197.97,0.00,0.00,0.00,,0.00,,0.00,EastMoney,2026-06-01T20:41:54+08:00
BK1128,2026-06-01T00:00:00Z,963870,924449,970891,923234,966971,-42522,-4.40,39868514,310775588957,5.63,0.90,0.00,0,18994278,20874236,6980316672000,6591163392000,-13434728448,74341343232,85253578752,-10912235520,85964406784,88486899712,-2522492928,90106515456,85823823872,4282691584,53390101760,44440182784,8949918976,-4.32,-3.51,-0.81,1.38,2.88,0,54,7,47,0,0,0,62.35,0.00,0.00,0.00,,0.00,,0.00,EastMoney,2026-06-01T20:41:54+08:00
BK1129,2026-06-01T00:00:00Z,100143,104403,105311,100143,100419,3984,3.97,5938578,5890964795,4.94,0.99,0.00,0,3137372,2801206,112529960000,104226188000,644871472,942276464,372561952,569714512,1362305360,1287148400,75156960,1715418160,2017619968,-302201808,1741182976,2083852640,-342669664,10.95,9.67,1.28,-5.13,-5.82,0,18,15,2,1,0,0,-24.09,0.00,0.00,0.00,,0.00,,0.00,EastMoney,2026-06-01T20:41:54+08:00
BK1130,2026-06-01T00:00:00Z,153429,156061,157509,153119,153904,2157,1.40,4286935,8130095300,2.69,0.83,0.00,0,2207462,2079473,321678480000,292110320000,-379902416,614352976,812625440,-198272464,1589571760,1771201712,-181629952,2687847248,2576281648,111565600,3097503472,2827943824,269559648,-4.67,-2.44,-2.23,1.37,3.32,0,27,21,6,0,0,0,-594.35,0.00,0.00,0.00,,0.00,,0.00,EastMoney,2026-06-01T20:41:54+08:00
BK1131,2026-06-01T00:00:00Z,242292,244152,246310,240133,241568,2584,1.07,1832976,4270353657,3.83,0.74,0.00,0,934317,898659,116218555000,111512069000,157393232,579194256,374676768,204517488,959047280,1006171536,-47124256,1381652816,1516492768,-134839952,1281859488,1304412752,-22553264,3.69,4.79,-1.10,-3.16,-0.53,0,7,4,3,0,0,0,49.48,0.00,0.00,0.00,,0.00,,0.00,EastMoney,2026-06-01T20:41:54+08:00
BK1132,2026-06-01T00:00:00Z,109145,113340,114810,109145,108675,4665,4.29,2198585,6426877147,3.39,0.88,0.00,0,1193153,1005432,155913708000,151179031000,452428208,1148591472,775377952,373213520,1692545232,1613330544,79214688,2068374272,2254340128,-185965856,1446856976,1713319312,-266462336,7.04,5.81,1.23,-2.89,-4.15,0,10,10,0,0,0,0,82.40,0.00,0.00,0.00,,0.00,,0.00,EastMoney,2026-06-01T20:41:54+08:00
BK1133,2026-06-01T00:00:00Z,138193,143521,145271,137953,137667,5854,4.25,5301116,9951568073,3.76,1.33,0.00,0,2871497,2429618,276673728000,236565956000,805953280,1307517152,676908752,630608400,2311192784,2135847904,175344880,3110646464,3477639664,-366993200,3107427024,3546361968,-438934944,8.10,6.34,1.76,-3.69,-4.41,0,23,21,2,0,0,0,90.31,0.00,0.00,0.00,,0.00,,0.00,EastMoney,2026-06-01T20:41:54+08:00
BK1134,2026-06-01T00:00:00Z,207133,208541,212010,207129,207042,1499,0.72,73397782,288137908926,2.46,0.86,0.00,0,36465073,36932709,12307673088000,9213656832000,-8015608320,61980214784,69386743808,-7406529024,85592211456,86201290752,-609079296,87825063936,81138630656,6686433280,46597385472,45254059008,1343326464,-2.78,-2.57,-0.21,2.32,0.47,0,200,120,77,3,0,0,43.21,0.00,0.00,0.00,,0.00,,0.00,EastMoney,2026-06-01T20:41:54+08:00
BK1135,2026-06-01T00:00:00Z,120340,124020,125188,120340,120451,3569,2.96,41103215,68695271834,2.90,0.99,0.00,0,21984209,19119006,2011976304000,1750612544000,1924856064,8704866304,7481203968,1223662336,16788826880,16087633152,701193728,22191826944,22959573504,-767746560,19836450816,20970384128,-1133933312,2.80,1.78,1.02,-1.12,-1.65,0,161,142,17,2,0,0,82.38,0.00,0.00,0.00,,0.00,,0.00,EastMoney,2026-06-01T20:41:54+08:00
BK1136,2026-06-01T00:00:00Z,429915,413676,432576,412956,432750,-19074,-4.41,43184247,323573168488,6.09,0.91,0.00,0,20658696,22525551,6636517120000,5886981888000,-16084127744,76916391936,90151378944,-13234987008,90445336576,93294477312,-2849140736,90921533440,85579345920,5342187520,58208836096,47658653696,10550182400,-4.97,-4.09,-0.88,1.65,3.26,0,90,12,76,2,0,0,87.91,0.00,0.00,0.00,,0.00,,0.00,EastMoney,2026-06-01T20:41:54+08:00
BK1137,2026-06-01T00:00:00Z,306042,295813,308893,295511,306190,-10377,-3.39,50994173,334355558936,6.39,0.81,0.00,0,24384133,26610039,7593962240000,5488841472000,-20970705664,64645848320,77298614272,-12652765952,87032594432,95350534144,-8317939712,116523753472,107456278528,9067474944,58673572352,46927198464,11746373888,-6.27,-3.78,-2.49,2.71,3.51,0,117,20,96,1,0,0,114.23,0.00,0.00,0.00,,0.00,,0.00,EastMoney,2026-06-01T20:41:54+08:00
BK1138,2026-06-01T00:00:00Z,223224,222646,228140,222251,222946,-300,-0.13,60857304,233007427582,4.28,0.96,0.00,0,29803938,31053366,6445603584000,6095137024000,-2500660736,42611422464,45509272832,-2897850368,59666712576,59269522944,397189632,67943985920,68740898816,-796912896,58233254656,54969304064,3263950592,-1.07,-1.24,0.17,-0.34,1.40,0,135,63,72,0,0,0,38.88,0.00,0.00,0.00,,0.00,,0.00,EastMoney,2026-06-01T20:41:54+08:00
BK1139,2026-06-01T00:00:00Z,120495,121767,121796,120160,120504,1263,1.05,87371370,98841297563,0.43,1.15,0.00,0,46900012,40471358,25716232448000,15894441216000,2825739776,18090560512,15188737280,2901823232,24452131072,24528214528,-76083456,29699230208,30688046080,-988815872,24846127872,26683051776,-1836923904,2.86,2.94,-0.08,-1.00,-1.86,0,81,60,16,5,0,0,10.28,0.00,0.00,0.00,,0.00,,0.00,EastMoney,2026-06-01T20:41:54+08:00
BK1141,2026-06-01T00:00:00Z,208124,209085,213955,208124,208003,1082,0.52,52467811,79262413838,7.36,0.84,0.00,0,27515265,24952546,1570916464000,1486831792000,-1445774592,17367921920,17608524800,-240602880,20561571328,21766743040,-1205171712,21987251712,22934062848,-946811136,17830141440,15437555712,2392585728,-1.82,-0.30,-1.52,-1.19,3.02,0,30,19,11,0,0,0,45.22,0.00,0.00,0.00,,0.00,,0.00,EastMoney,2026-06-01T20:41:54+08:00
BK1142,2026-06-01T00:00:00Z,133466,138123,139770,133414,134355,3768,2.80,43978519,28052384948,8.22,0.82,0.00,0,22440874,21537646,375449440000,351392720000,230424832,7082086144,6068143360,1013942784,6228630272,7012148224,-783517952,7643779840,7907482112,-263702272,6389328640,6356051200,33277440,0.82,3.61,-2.79,-0.94,0.12,0,24,20,4,0,0,0,62.74,0.00,0.00,0.00,,0.00,,0.00,EastMoney,2026-06-01T20:41:54+08:00
BK1143,2026-06-01T00:00:00Z,155771,159804,161217,155545,155747,4057,2.60,3769028,7301149637,3.25,0.87,0.00,0,2081779,1687248,177904662000,150968675000,-197171936,663858720,671311104,-7452384,1599110144,1788829696,-189719552,2387212976,2386132960,1080016,2508899456,2311584736,197314720,-2.70,-0.10,-2.60,0.01,2.70,0,24,20,4,0,0,0,-9868.08,0.00,0.00,0.00,,0.00,,0.00,EastMoney,2026-06-01T20:41:54+08:00
BK1144,2026-06-01T00:00:00Z,169321,168814,172128,168298,169125,-311,-0.18,16265064,58754598622,4.78,0.97,0.00,0,8150339,8114725,930570016000,830240352000,-1647025664,10289403904,12045665280,-1756261376,15111460096,15002224384,109235712,16566654208,16701605376,-134951168,15049463296,13267486464,1781976832,-2.80,-2.99,0.19,-0.23,3.03,0,57,26,31,0,0,0,56.55,0.00,0.00,0.00,,0.00,,0.00,EastMoney,2026-06-01T20:41:54+08:00
BK1145,2026-06-01T00:00:00Z,214477,212470,216816,212200,215431,-2961,-1.37,5618229,28874165444,2.96,0.66,0.00,0,2653554,2964675,837645792000,773130400000,-2274115712,3154980736,4431971328,-1276990592,6764057088,7761182208,-997125120,10004992512,9365221888,639770624,8480969984,6846624768,1634345216,-7.88,-4.42,-3.45,2.22,5.66,0,35,10,25,0,0,0,58.16,0.00,0.00,0.00,,0.00,,0.00,EastMoney,2026-06-01T20:41:54+08:00
BK1146,2026-06-01T00:00:00Z,116595,117446,118455,116447,116889,557,0.48,5246395,13457984931,1.75,0.98,0.00,0,2694646,2551748,816358544000,753932064000,-345181552,1406888256,1662187536,-255299280,3305631728,3395514000,-89882272,4388250112,4281514480,106735632,4067225248,3834447440,232777808,-2.56,-1.90,-0.67,0.79,1.73,0,35,21,14,0,0,0,109.04,0.00,0.00,0.00,,0.00,,0.00,EastMoney,2026-06-01T20:41:54+08:00
BK1147,2026-06-01T00:00:00Z,98677,101284,101419,98018,98978,2306,2.33,1766541,1875234652,1.96,1.01,0.00,0,947393,819148,91072134000,74515969000,40190246,57022826,76254100,-19231274,396102384,336680864,59421520,636414080,628435120,7978960,758973056,807142256,-48169200,2.14,-1.03,3.17,0.43,-2.57,0,13,12,0,1,0,0,64.71,0.00,0.00,0.00,,0.00,,0.00,EastMoney,2026-06-01T20:41:54+08:00
BK1148,2026-06-01T00:00:00Z,143036,141928,146700,141733,143394,-1466,-1.02,8841592,23839099873,2.39,0.79,0.00,0,4200677,4640914,668152112000,634830624000,-1940521168,3496583984,4412050688,-915466704,5880627456,6905681920,-1025054464,8564611584,7690823936,873787648,5397393664,4329334528,1068059136,-8.14,-3.84,-4.30,3.67,4.48,0,26,10,16,0,0,0,-26.16,0.00,0.00,0.00,,0.00,,0.00,EastMoney,2026-06-01T20:41:54+08:00
BK1150,2026-06-01T00:00:00Z,159577,160153,162927,159480,159372,781,0.49,24646449,77559333994,2.84,0.88,0.00,0,12332773,12313676,2971195312000,2749291600000,-926497024,13214170624,14725598464,-1511427840,19195694592,18610763776,584930816,22772724992,22260463872,512261120,20819650304,20408809984,410840320,-1.19,-1.95,0.75,0.66,0.53,0,101,62,38,1,0,0,53.36,0.00,0.00,0.00,,0.00,,0.00,EastMoney,2026-06-01T20:41:54+08:00
BK1151,2026-06-01T00:00:00Z,127886,131590,133005,127886,128422,3168,2.47,24621898,29207434713,5.39,1.23,0.00,0,13495030,11126868,527211824000,478193456000,1622286864,4085704192,3079868656,1005835536,7741558016,7125106688,616451328,9504283392,9853134080,-348850688,7420864256,8694300416,-1273436160,5.55,3.44,2.11,-1.19,-4.36,0,35,28,5,2,0,0,-5542.03,0.00,0.00,0.00,,0.00,,0.00,EastMoney,2026-06-01T20:41:54+08:00
BK1152,2026-06-01T00:00:00Z,246138,238460,250203,238295,246859,-8399,-3.40,9030500,78726413065,7.59,0.89,0.00,0,4395440,4635060,1878301376000,1680809232000,-5644753920,12880256768,16045728256,-3165471488,21513344000,23992626432,-2479282432,31989995008,28373575936,3616419072,10874765312,8874790656,1999974656,-7.17,-4.02,-3.15,4.59,2.54,0,28,4,24,0,0,0,103.00,0.00,0.00,0.00,,0.00,,0.00,EastMoney,2026-06-01T20:41:54+08:00
BK1153,2026-06-01T00:00:00Z,131593,135474,137237,131593,131053,4421,3.37,19568408,43701341695,3.92,1.11,0.00,0,10692006,8876402,1170139952000,953353088000,2747893568,6156571648,4140003520,2016568128,11226861568,10495536128,731325440,13604955136,14816215552,-1211260416,11874083072,13067832576,-1193749504,6.29,4.61,1.67,-2.77,-2.73,0,67,56,11,0,0,0,117.97,0.00,0.00,0.00,,0.00,,0.00,EastMoney,2026-06-01T20:41:54+08:00
BK1155,2026-06-01T00:00:00Z,179087,180161,182692,179008,178888,1273,0.71,24055626,101640807582,2.88,0.86,0.00,0,12124464,11931162,5070588416000,4073330096000,-2224461312,18633441792,21274921984,-2641480192,27411027456,26994008576,417018880,32375640832,31797931520,577709312,20584073472,18944728576,1639344896,-2.19,-2.60,0.41,0.57,1.61,0,104,60,43,1,0,0,33.63,0.00,0.00,0.00,,0.00,,0.00,EastMoney,2026-06-01T20:41:54+08:00
BK1156,2026-06-01T00:00:00Z,193958,194122,197294,193530,193990,132,0.07,10536919,31537125845,3.95,0.88,0.00,0,5151659,5385260,910390736000,755683408000,-1765867936,4029615968,4878172416,-848556448,7563817216,8481128704,-917311488,9729087488,9445924864,283162624,9685373184,8213108480,1472264704,-5.60,-2.69,-2.91,0.90,4.67,0,44,22,22,0,0,0,48.16,0.00,0.00,0.00,,0.00,,0.00,EastMoney,2026-06-01T20:41:54+08:00
BK1157,2026-06-01T00:00:00Z,210202,211929,214533,210202,210883,1046,0.50,15402877,36401861096,2.50,0.76,0.00,0,7798828,7604049,1199162208000,1028944736000,-804491232,4251168048,4217353488,33814560,8290622720,9128928512,-838305792,11272534016,11598494720,-325960704,11666940416,10555455488,1111484928,-2.21,0.09,-2.30,-0.90,3.05,0,86,54,32,0,0,0,153.26,0.00,0.00,0.00,,0.00,,0.00,EastMoney,2026-06-01T20:41:54+08:00
BK1158,2026-06-01T00:00:00Z,356477,369821,372221,354589,357566,12255,3.43,29146996,25348876778,3.23,1.06,0.00,0,16269099,12877898,936414288000,819961904000,-223758768,622633936,638430256,-15796320,3079676528,3287638976,-207962448,7160228352,7643410176,-483181824,14078706944,13371766272,706940672,-0.88,-0.06,-0.82,-1.91,2.79,0,400,387,9,4,0,0,-86.97,0.00,0.00,0.00,,0.00,,0.00,EastMoney,2026-06-01T20:41:54+08:00
BK1160,2026-06-01T00:00:00Z,234840,235413,242655,234803,235051,362,0.15,75164409,121295136969,6.96,0.84,0.00,0,39087360,36077049,1844732208000,1657473984000,-1031779072,24760335616,23401213952,1359121664,29920533760,32311434496,-2390900736,34552530944,35364907264,-812376320,29708282880,27864127488,1844155392,-0.85,1.12,-1.97,-0.67,1.52,0,74,42,32,0,0,0,89.45,0.00,0.00,0.00,,0.00,,0.00,EastMoney,2026-06-01T20:41:54+08:00
BK1161,2026-06-01T00:00:00Z,237655,237202,244422,237079,236887,315,0.13,25401483,134389536541,4.54,1.04,0.00,0,12626434,12775049,3821791824000,3245752880000,-4459425280,26217409536,29773344000,-3555934464,34900401920,35803892736,-903490816,40045968128,39086583040,959385088,29753149440,26455225856,3297923584,-3.32,-2.65,-0.67,0.71,2.45,0,60,32,27,1,0,0,57.34,0.00,0.00,0.00,,0.00,,0.00,EastMoney,2026-06-01T20:41:54+08:00
BK1162,2026-06-01T00:00:00Z,208897,208302,214272,207739,207914,388,0.19,14581974,59802497232,5.19,0.95,0.00,0,7139340,7442633,1309764736000,1173286784000,-2080746752,10577219072,12268336128,-1691117056,15472357888,15861987584,-389629696,20999737344,19699473408,1300263936,11434531840,10654049280,780482560,-3.48,-2.83,-0.65,2.17,1.31,0,34,17,17,0,0,0,51.24,0.00,0.00,0.00,,0.00,,0.00,EastMoney,2026-06-01T20:41:54+08:00
BK1163,2026-06-01T00:00:00Z,255227,254478,259414,253787,255645,-1167,-0.46,38704168,79432083896,2.07,0.95,0.00,0,19700324,19003844,2471871360000,2237844528000,-2493213952,12076417024,13622553600,-1546136576,19467128064,20414205440,-947077376,25135878400,24617008128,518870272,21225956096,19240128000,1985828096,-3.14,-1.95,-1.19,0.65,2.50,0,78,40,38,0,0,0,42.01,0.00,0.00,0.00,,0.00,,0.00,EastMoney,2026-06-01T20:41:54+08:00
BK1164,2026-06-01T00:00:00Z,295437,294259,302614,293510,286240,8019,2.80,16824312,109152003343,4.42,0.89,0.00,0,8003754,8820558,2239710816000,1935623232000,-4189629952,24302304768,26773757440,-2471452672,29470520576,31188697856,-1718177280,37980727040,33640508928,4340218112,14533591552,14319201792,214389760,-3.84,-2.26,-1.57,3.98,0.20,0,44,27,17,0,0,0,57.10,0.00,0.00,0.00,,0.00,,0.00,EastMoney,2026-06-01T20:41:54+08:00
BK1166,2026-06-01T00:00:00Z,172057,173674,175654,171954,172543,1131,0.66,60033428,131169957496,2.58,0.79,0.00,0,30344438,29688990,4462835456000,3912789456000,-5104580864,14515508224,17198135552,-2682627328,30071446016,32493399552,-2421953536,40739805696,41024962816,-285157120,43001964032,37624495104,5377468928,-3.89,-2.05,-1.85,-0.22,4.10,0,294,192,100,2,0,0,179.35,0.00,0.00,0.00,,0.00,,0.00,EastMoney,2026-06-01T20:41:54+08:00
BK1168,2026-06-01T00:00:00Z,302821,297700,307509,296863,302023,-4323,-1.43,14871648,64739659411,4.87,1.00,0.00,0,6974996,7896652,1329329248000,1215456048000,-2136944896,10738655232,12708761088,-1970105856,17219303168,17386142208,-166839040,19498447872,19294704640,203743232,15505734656,13781277952,1724456704,-3.30,-3.04,-0.26,0.31,2.66,0,38,13,25,0,0,0,49.66,0.00,0.00,0.00,,0.00,,0.00,EastMoney,2026-06-01T20:41:54+08:00
BK1169,2026-06-01T00:00:00Z,117280,121931,124201,117280,116965,4966,4.25,6960991,24481863250,5.68,1.33,0.00,0,3833163,3127828,480188592000,451675552000,1882588208,3883347312,2744638784,1138708528,7216720640,6472840960,743879680,8314611968,9260658688,-946046720,4707159040,5643700480,-936541440,7.69,4.65,3.04,-3.86,-3.83,0,16,15,1,0,0,0,38.33,0.00,0.00,0.00,,0.00,,0.00,EastMoney,2026-06-01T20:41:54+08:00
BK1170,2026-06-01T00:00:00Z,129847,131327,132193,129702,130838,489,0.37,10061609,15494333885,2.33,0.91,0.00,0,5281871,4779738,653730528000,586026912000,-93280608,1253108480,1334545040,-81436560,3533376352,3545220400,-11844048,5030891008,5121483520,-90592512,5360827648,5176954368,183873280,-0.60,-0.53,-0.08,-0.58,1.19,0,60,41,17,2,0,0,100.45,0.00,0.00,0.00,,0.00,,0.00,EastMoney,2026-06-01T20:41:54+08:00
BK1171,2026-06-01T00:00:00Z,183818,184896,187524,183818,184535,361,0.20,11371971,24591505055,3.25,0.83,0.00,0,5682219,5689752,602100688000,539014112000,-1560523136,2738995056,3640627440,-901632384,5404161792,6063052544,-658890752,7650743040,7631550208,19192832,8284359168,6743151872,1541207296,-6.35,-3.67,-2.68,0.08,6.27,0,41,25,16,0,0,0,59.03,0.00,0.00,0.00,,0.00,,0.00,EastMoney,2026-06-01T20:41:54+08:00
BK1172,2026-06-01T00:00:00Z,106542,110257,111588,106458,106568,3689,3.46,17794084,18852434140,4.47,1.20,0.00,0,9994745,7799339,449340512000,407807904000,1442149488,2632325184,1670880576,961444608,4765409280,4284704400,480704880,5972202240,6493852928,-521650688,5191708672,6112207616,-920498944,7.65,5.10,2.55,-2.77,-4.88,0,32,30,1,1,0,0,229.01,0.00,0.00,0.00,,0.00,,0.00,EastMoney,2026-06-01T20:41:54+08:00
BK1173,2026-06-01T00:00:00Z,222457,222749,226604,222333,223513,-764,-0.34,15127548,63150275146,1.92,0.78,0.00,0,7578476,7549072,4333116160000,3871828384000,94633984,9893536512,10192698624,-299162112,17850418176,17456622080,393796096,20407440640,21005220096,-597779456,13639704064,13136558592,503145472,0.15,-0.47,0.62,-0.95,0.80,0,37,16,20,1,0,0,23.62,0.00,0.00,0.00,,0.00,,0.00,EastMoney,2026-06-01T20:41:54+08:00
BK1174,2026-06-01T00:00:00Z,126837,128336,128858,126713,127175,1161,0.91,15979737,29364824115,2.23,0.84,0.00,0,8122094,7857643,1386932976000,1176536160000,-103532976,2758093888,2777816560,-19722672,6658960896,6742771200,-83810304,9317730816,9434390016,-116659200,10025289984,9812830976,212459008,-0.35,-0.07,-0.29,-0.40,0.72,0,119,87,31,1,0,0,36.17,0.00,0.00,0.00,,0.00,,0.00,EastMoney,2026-06-01T20:41:54+08:00
BK1175,2026-06-01T00:00:00Z,291667,290082,301509,289542,292455,-2373,-0.81,52063951,107408578013,8.23,0.78,0.00,0,26985036,25078915,1322802912000,1225940896000,-4178184704,24139261184,24917207040,-777945856,26335409408,29735648256,-3400238848,29365956608,29819283200,-453326592,24651322112,20007786240,4643535872,-3.89,-0.72,-3.17,-0.42,4.32,0,37,19,18,0,0,0,80.43,0.00,0.00,0.00,,0.00,,0.00,EastMoney,2026-06-01T20:41:54+08:00
BK1176,2026-06-01T00:00:00Z,165139,172866,174456,165139,164618,8248,5.01,10077542,20034097702,3.60,1.50,0.00,0,5472958,4604584,475720832000,429708896000,2024133440,3206096304,1445288816,1760807488,4781944320,4518618368,263325952,5954356736,7038123264,-1083766528,5823447296,6758619904,-935172608,10.10,8.79,1.31,-5.41,-4.67,0,41,37,4,0,0,0,-154.03,0.00,0.00,0.00,,0.00,,0.00,EastMoney,2026-06-01T20:41:54+08:00
BK1177,2026-06-01T00:00:00Z,237782,236963,245408,236761,238017,-1054,-0.44,53487503,75174651981,7.49,0.82,0.00,0,27470973,26016530,1415522816000,1187196864000,149556224,15895268352,14288765952,1606502400,18580865024,20037811200,-1456946176,21427373056,22216730368,-789357312,17762257664,17122456832,639800832,0.20,2.14,-1.94,-1.05,0.85,0,54,25,29,0,0,0,81.83,0.00,0.00,0.00,,0.00,,0.00,EastMoney,2026-06-01T20:41:54+08:00
BK1178,2026-06-01T00:00:00Z,254306,251685,258544,251339,252232,-547,-0.22,47014832,176863972934,4.35,0.83,0.00,0,23550247,23464586,4139532592000,3734446480000,-3123929088,35907923200,37237681152,-1329757952,45790272000,47584443136,-1794171136,58020071424,57485859584,534211840,33476376832,30529295616,2947081216,-1.77,-0.75,-1.01,0.30,1.67,0,121,61,60,0,0,0,54.90,0.00,0.00,0.00,,0.00,,0.00,EastMoney,2026-06-01T20:41:54+08:00
BK1179,2026-06-01T00:00:00Z,141938,144930,146068,141292,142267,2663,1.87,7452123,6087064861,2.39,1.13,0.00,0,4132132,3319990,261913160000,233880925000,67760832,434372512,383713760,50658752,1130625408,1113523328,17102080,1929320400,1991526752,-62206352,2379332368,2404908560,-25576192,1.11,0.83,0.28,-1.02,-0.42,0,40,33,7,0,0,0,276.96,0.00,0.00,0.00,,0.00,,0.00,EastMoney,2026-06-01T20:41:54+08:00
BK1180,2026-06-01T00:00:00Z,222307,220590,227377,220142,222459,-1869,-0.84,20561998,86310027825,8.35,0.86,0.00,0,10027175,10534823,1266673552000,1199305936000,-5692817152,14329048320,16867000064,-2537951744,20881299968,24036165376,-3154865408,28655312896,27085882624,1569430272,20457678080,16343390208,4114287872,-6.60,-2.94,-3.66,1.82,4.77,0,40,15,25,0,0,0,813.26,0.00,0.00,0.00,,0.00,,0.00,EastMoney,2026-06-01T20:41:54+08:00
BK1181,2026-06-01T00:00:00Z,137342,137676,139374,136937,137515,161,0.12,21604026,48828556853,1.85,0.90,0.00,0,11201875,10402151,2586482880000,1821323664000,-2418525440,7637542400,9318001920,-1680459520,11938050816,12676116736,-738065920,17178659840,15521290240,1657369600,11254088448,10501982976,752105472,-4.95,-3.44,-1.51,3.39,1.54,0,95,58,37,0,0,0,31.49,0.00,0.00,0.00,,0.00,,0.00,EastMoney,2026-06-01T20:41:54+08:00
BK1182,2026-06-01T00:00:00Z,120986,124564,126211,120986,120779,3785,3.13,15071801,27640559691,6.05,1.30,0.00,0,8341623,6730178,445502448000,398827136000,1821524816,3873898496,2818717616,1055180880,7325930752,6559586816,766343936,8793459968,9271831552,-478371584,7100454656,8442208512,-1341753856,6.59,3.82,2.77,-1.73,-4.85,0,34,31,3,0,0,0,87.03,0.00,0.00,0.00,,0.00,,0.00,EastMoney,2026-06-01T20:41:54+08:00
BK1183,2026-06-01T00:00:00Z,108461,111583,112205,108214,108303,3280,3.03,25975379,24221082085,3.94,1.10,0.00,0,14023882,11951497,609061024000,552709600000,1066551616,2335212016,1682764976,652447040,5872674304,5458569728,414104576,7709294592,8111071232,-401776640,7664529920,7981099008,-316569088,4.40,2.69,1.71,-1.66,-1.31,0,76,64,11,1,0,0,344.95,0.00,0.00,0.00,,0.00,,0.00,EastMoney,2026-06-01T20:41:54+08:00
BK1184,2026-06-01T00:00:00Z,187440,187648,191211,187305,187551,97,0.05,57731564,185696423796,3.05,0.80,0.00,0,29442570,28288994,6038963968000,5068131584000,-3865130240,27584619264,29209321984,-1624702720,45050566144,47290993664,-2240427520,57142938624,57511097344,-368158720,52535365120,48302048000,4233317120,-2.08,-0.87,-1.21,-0.20,2.28,0,244,125,119,0,0,0,52.98,0.00,0.00,0.00,,0.00,,0.00,EastMoney,2026-06-01T20:41:54+08:00
BK1185,2026-06-01T00:00:00Z,102627,104424,104741,102057,102937,1487,1.44,11091104,10781453730,2.81,1.03,0.00,0,5845738,5245366,336439376000,311888640000,-253466496,581116864,759644304,-178527440,2286302688,2361241744,-74939056,3680202128,3692613856,-12411728,4014986704,3749108480,265878224,-2.35,-1.66,-0.70,-0.12,2.47,0,42,35,6,1,0,0,-17.51,0.00,0.00,0.00,,0.00,,0.00,EastMoney,2026-06-01T20:41:54+08:00
BK1186,2026-06-01T00:00:00Z,104261,107328,107649,103671,104948,2380,2.27,13371446,11122541799,3.27,0.99,0.00,0,7343368,6028078,350029424000,317454544000,23196880,798351984,750161040,48190944,2464550000,2489544064,-24994064,3689268512,3760849792,-71581280,3951808480,3901274656,50533824,0.21,0.43,-0.22,-0.64,0.45,0,41,36,4,1,0,0,-105.69,0.00,0.00,0.00,,0.00,,0.00,EastMoney,2026-06-01T20:41:54+08:00
BK1187,2026-06-01T00:00:00Z,128169,133325,134157,127939,128406,4919,3.83,27660262,38604331306,5.15,1.41,0.00,0,15640503,12019759,892965008000,544894496000,1909075696,5345340928,4117921552,1227419376,9828182016,9146525696,681656320,13005115392,13164354048,-159238656,9688736768,11436424448,-1747687680,4.95,3.18,1.77,-0.41,-4.53,0,74,62,8,4,0,0,197.85,0.00,0.00,0.00,,0.00,,0.00,EastMoney,2026-06-01T20:41:54+08:00
BK1188,2026-06-01T00:00:00Z,128650,131667,133170,128650,128704,2963,2.30,68689361,155519086148,3.21,1.01,0.00,0,36789028,31900332,4813874432000,4096988192000,-558877952,21664630528,21306768640,357861888,38433972992,39350712832,-916739840,52367706880,51263430912,1104275968,40332791552,40852501760,-519710208,-0.36,0.23,-0.59,0.71,-0.33,0,255,206,47,2,0,0,91.78,0.00,0.00,0.00,,0.00,,0.00,EastMoney,2026-06-01T20:41:54+08:00
BK1189,2026-06-01T00:00:00Z,103467,105388,107412,103467,103010,2378,2.31,5713295,21474527805,3.31,1.13,0.00,0,3077942,2635353,566633648000,444670192000,269086560,3564139072,2716422368,847716704,5303427840,5882057984,-578630144,6429325568,7051554560,-622228992,5814279168,5461136640,353142528,1.25,3.95,-2.69,-2.90,1.64,0,20,15,5,0,0,0,64.64,0.00,0.00,0.00,,0.00,,0.00,EastMoney,2026-06-01T20:41:54+08:00
BK1190,2026-06-01T00:00:00Z,138041,143677,145952,138041,137791,5886,4.27,9409013,35227484539,4.27,1.06,0.00,0,4848919,4560094,677018912000,543683792000,802532096,7081410816,7569379584,-487968768,10421933056,9131432192,1290500864,9530552576,10072809728,-542257152,7084852480,7344378880,-259526400,2.28,-1.39,3.66,-1.54,-0.74,0,16,14,2,0,0,0,41.03,0.00,0.00,0.00,,0.00,,0.00,EastMoney,2026-06-01T20:41:54+08:00
BK1192,2026-06-01T00:00:00Z,127068,128180,128804,126794,127223,957,0.75,37263112,32751746651,1.73,0.90,0.00,0,19010268,18252844,1955135040000,1601075472000,-613626832,3635266576,3699687904,-64421328,7266090752,7815296256,-549205504,10211448320,10441120768,-229672448,10926832128,10090839040,835993088,-1.87,-0.20,-1.68,-0.70,2.55,0,55,43,12,0,0,0,17.56,0.00,0.00,0.00,,0.00,,0.00,EastMoney,2026-06-01T20:41:54+08:00
BK1193,2026-06-01T00:00:00Z,98264,100109,100383,97984,98380,1729,1.76,35036372,30224208985,1.74,0.89,0.00,0,18918032,16118340,1322042928000,1179819136000,-647407872,3612141008,4253713872,-641572864,7419257600,7425092608,-5835008,9513884416,9567448064,-53563648,9002787328,8295151616,707635712,-2.14,-2.12,-0.02,-0.18,2.34,0,85,74,10,1,0,0,112.97,0.00,0.00,0.00,,0.00,,0.00,EastMoney,2026-06-01T20:41:54+08:00
BK1197,2026-06-01T00:00:00Z,107795,110146,110349,107507,107946,2200,2.04,90639064,83873613866,1.97,1.13,0.00,0,48855071,41783993,5530085632000,4743940352000,3213667840,11008188160,8583403008,2424785152,20520427520,19731544832,788882688,25991848704,27444795648,-1452946944,25010377216,26770172160,-1759794944,3.83,2.89,0.94,-1.73,-2.10,0,158,119,38,1,0,0,59.87,0.00,0.00,0.00,,0.00,,0.00,EastMoney,2026-06-01T20:41:54+08:00
BK1198,2026-06-01T00:00:00Z,108995,109480,110579,108967,109073,407,0.37,28942591,89318866949,2.56,0.93,0.00,0,14547642,14394948,3790913760000,3214525424000,-638987008,14003375872,14726963200,-723587328,23317803776,23233203456,84600320,27337881600,27636378624,-298497024,23148799488,22211315456,937484032,-0.72,-0.81,0.09,-0.33,1.05,0,90,51,38,1,0,0,14.83,0.00,0.00,0.00,,0.00,,0.00,EastMoney,2026-06-01T20:41:54+08:00
BK1199,2026-06-01T00:00:00Z,126319,128108,129614,126278,126400,1708,1.35,1418185,2661863702,3.95,0.74,0.00,0,684416,733770,70764617000,67541232000,-51196183,168322745,283054912,-114732167,602631984,539096000,63535984,898015680,819174176,78841504,946846416,974486768,-27640352,-1.92,-4.31,2.39,2.96,-1.04,0,8,5,3,0,0,0,99.08,0.00,0.00,0.00,,0.00,,0.00,EastMoney,2026-06-01T20:41:54+08:00
BK1200,2026-06-01T00:00:00Z,722837,726466,739068,722837,722683,3783,0.52,100710758,276661919287,3.36,0.89,0.00,0,50255322,50455437,9498396928000,8351520512000,-1652561664,35822851072,36189444864,-366593792,68892852224,70178820096,-1285967872,89025576960,89067421696,-41844736,76661452800,74807279616,1854173184,-0.60,-0.13,-0.46,-0.02,0.67,0,405,237,166,2,0,0,65.42,0.00,0.00,0.00,,0.00,,0.00,EastMoney,2026-06-01T20:41:54+08:00
BK1201,2026-06-01T00:00:00Z,1388071,1364659,1413241,1362362,1387801,-23142,-1.67,209285546,866577246682,5.91,0.84,0.00,0,103082775,106202771,20604928000000,16543909632000,-43331518464,166125752320,194568732672,-28442980352,233600344064,248488882176,-14888538112,274553659392,259178655744,15375003648,173407297536,145412034560,27995262976,-5.00,-3.28,-1.72,1.77,3.23,0,507,172,332,3,0,0,98.91,0.00,0.00,0.00,,0.00,,0.00,EastMoney,2026-06-01T20:41:54+08:00
BK1202,2026-06-01T00:00:00Z,204558,209049,209729,202476,206057,2992,1.45,51912472,23707286281,2.52,1.21,0.00,0,26493235,25419237,1039793056000,977959552000,-356671168,2458630448,2792399344,-333768896,5473701376,5496603648,-22902272,7232246784,7356624896,-124378112,7887279616,7406230272,481049344,-1.50,-1.41,-0.10,-0.52,2.03,0,105,76,23,6,0,0,-5.12,0.00,0.00,0.00,,0.00,,0.00,EastMoney,2026-06-01T20:41:54+08:00
BK1203,2026-06-01T00:00:00Z,239430,241375,241967,238074,239981,1394,0.58,36608913,46323320490,0.88,0.91,0.00,0,18430526,18178386,6664627968000,5269432320000,-53560832,7419335936,7399579392,19756544,12375719936,12449037312,-73317376,13954916352,13908848640,46067712,11829123328,11821630208,7493120,-0.12,0.04,-0.16,0.10,0.02,0,81,55,24,2,0,0,9.91,0.00,0.00,0.00,,0.00,,0.00,EastMoney,2026-06-01T20:41:54+08:00
BK1204,2026-06-01T00:00:00Z,608080,607309,616748,606714,609688,-2379,-0.39,21958391,68951656548,2.26,0.80,0.00,0,10756016,11202375,3284332592000,2676879456000,-3901337600,7342357504,8681575168,-1339217664,14936379136,17498499072,-2562119936,21689769216,21668555520,21213696,23622925824,19736718592,3886207232,-5.66,-1.94,-3.72,0.03,5.64,0,143,71,71,1,0,0,88.59,0.00,0.00,0.00,,0.00,,0.00,EastMoney,2026-06-01T20:41:54+08:00
BK1205,2026-06-01T00:00:00Z,493353,497314,503388,493144,494749,2565,0.52,82023901,214734863495,2.60,0.85,0.00,0,41506462,40517439,6887011584000,5655515136000,-8796752896,26913248512,31783311616,-4870063104,50565393408,54492083200,-3926689792,67516739840,66049282560,1467457280,63656779008,56574991872,7081787136,-4.10,-2.27,-1.83,0.68,3.30,0,619,382,231,6,0,0,55.68,0.00,0.00,0.00,,0.00,,0.00,EastMoney,2026-06-01T20:41:54+08:00
BK1206,2026-06-01T00:00:00Z,375510,382530,385161,375510,376325,6205,1.65,72352949,124851972587,2.48,0.90,0.00,0,37794998,34557951,4895472384000,4403056384000,-530257408,14491371264,14501042944,-9671680,28680987392,29201573120,-520585728,38450467328,38786276608,-335809280,40263304192,39491451136,771853056,-0.42,-0.01,-0.42,-0.27,0.62,0,449,342,102,5,0,0,38.69,0.00,0.00,0.00,,0.00,,0.00,EastMoney,2026-06-01T20:41:54+08:00
BK1207,2026-06-01T00:00:00Z,834334,858442,869683,834334,833425,25017,3.00,68277988,160780193177,3.39,0.95,0.00,0,35803321,32474667,4829997312000,3985932560000,5415285504,21234103040,16927789824,4306313216,39539903488,38430931200,1108972288,51526061312,54976292096,-3450230784,45043782144,46615351040,-1571568896,3.37,2.68,0.69,-2.15,-0.98,0,361,306,52,3,0,0,169.32,0.00,0.00,0.00,,0.00,,0.00,EastMoney,2026-06-01T20:41:54+08:00
BK1208,2026-06-01T00:00:00Z,393198,400621,402113,392395,394763,5858,1.48,21562136,33208571834,2.78,1.02,0.00,0,10873787,10688348,1207670784000,1033895856000,-1351164672,4479250432,4987385600,-508135168,8132325888,8975355392,-843029504,10044844800,10157594368,-112749568,9953697792,8486788864,1466908928,-4.07,-1.53,-2.54,-0.34,4.42,0,78,59,18,1,0,0,102.02,0.00,0.00,0.00,,0.00,,0.00,EastMoney,2026-06-01T20:41:54+08:00
BK1209,2026-06-01T00:00:00Z,314256,319842,321425,313546,314487,5355,1.70,47488717,35647706592,1.69,1.02,0.00,0,23819713,23669004,1923878768000,1698532032000,621669120,5063389696,4464628480,598761216,7801930496,7779022592,22907904,10247471616,10736067328,-488595712,11538950912,11707683328,-168732416,1.74,1.68,0.06,-1.37,-0.47,0,162,119,37,6,0,0,14.87,0.00,0.00,0.00,,0.00,,0.00,EastMoney,2026-06-01T20:41:54+08:00
BK1210,2026-06-01T00:00:00Z,246216,250790,251066,244800,246580,4210,1.71,46632320,29346991967,1.04,1.12,0.00,0,25662653,20969667,3292595520000,2869633072000,828416880,3947449120,3383481520,563967600,6395229952,6130780672,264449280,8548992256,9015957760,-466965504,9857396992,10202808576,-345411584,2.82,1.92,0.90,-1.59,-1.18,0,134,108,24,2,0,0,18.35,0.00,0.00,0.00,,0.00,,0.00,EastMoney,2026-06-01T20:41:54+08:00
BK1211,2026-06-01T00:00:00Z,428461,433120,436483,427452,429000,4120,0.96,43271297,79278995824,1.85,0.84,0.00,0,22168896,21102401,4959457536000,3712949136000,-1982512896,7345677312,8331249408,-985572096,17232734720,18229675520,-996940800,25613116928,25628630272,-15513344,27537131264,25538311680,1998819584,-2.50,-1.24,-1.26,-0.02,2.52,0,325,214,109,2,0,0,31.89,0.00,0.00,0.00,,0.00,,0.00,EastMoney,2026-06-01T20:41:54+08:00
BK1212,2026-06-01T00:00:00Z,346900,354403,356135,345947,348077,6326,1.82,20501431,22349207614,2.28,0.90,0.00,0,10859122,9642309,1097759392000,938850400000,-61959632,1686642960,1602412512,84230448,4352345600,4498535680,-146190080,6768439808,6968416256,-199976448,8795023104,8600407040,194616064,-0.28,0.38,-0.65,-0.89,0.87,0,172,142,26,4,0,0,74.93,0.00,0.00,0.00,,0.00,,0.00,EastMoney,2026-06-01T20:41:54+08:00
BK1213,2026-06-01T00:00:00Z,227970,235349,235977,227164,229848,5501,2.39,36882805,27662707860,2.80,1.13,0.00,0,19001984,17880821,960326688000,898774912000,61334304,2667750128,2754497744,-86747616,6041341952,5893260032,148081920,8820027648,9112033280,-292005632,9416740096,9186068480,230671616,0.22,-0.31,0.54,-1.06,0.83,0,103,84,15,4,0,0,-77.74,0.00,0.00,0.00,,0.00,,0.00,EastMoney,2026-06-01T20:41:54+08:00
BK1214,2026-06-01T00:00:00Z,421784,430374,431495,420400,423245,7129,1.68,12086037,12473797029,2.53,1.08,0.00,0,6453600,5632437,520902272000,447277552000,-339148640,740126416,1050683056,-310556640,2682092160,2710684160,-28592000,4191312160,4096721136,94591024,4578014464,4332532480,245481984,-2.72,-2.49,-0.23,0.76,1.97,0,88,75,13,0,0,0,54.13,0.00,0.00,0.00,,0.00,,0.00,EastMoney,2026-06-01T20:41:54+08:00
BK1215,2026-06-01T00:00:00Z,830146,826749,842271,823018,833439,-6690,-0.80,34104209,220677196090,1.90,0.87,0.00,0,16896275,17207934,7997297920000,5273916160000,-8500768000,49950220800,57411562240,-7461341440,60963125504,62002552064,-1039426560,67371413760,62710325248,4661088512,37196676096,33555943168,3640732928,-3.85,-3.38,-0.47,2.11,1.65,0,131,66,63,2,0,0,34.89,0.00,0.00,0.00,,0.00,,0.00,EastMoney,2026-06-01T20:41:54+08:00
BK1216,2026-06-01T00:00:00Z,446831,450121,452302,446119,447346,2775,0.62,52866459,100554122178,1.72,0.95,0.00,0,26923394,25943066,6398460672000,5311438592000,-1590834944,8248593152,9936855296,-1688262144,22999766784,22902339584,97427200,34178509824,33596224000,582285824,33003745536,32023200512,980545024,-1.58,-1.68,0.10,0.58,0.98,0,507,355,139,13,0,0,44.40,0.00,0.00,0.00,,0.00,,0.00,EastMoney,2026-06-01T20:41:54+08:00
BK1217,2026-06-01T00:00:00Z,1207645,1238457,1244057,1206039,1209842,28615,2.37,4009343,5296826355,2.05,1.06,0.00,0,2239328,1770015,212680888000,200437427000,372995504,680352928,581071520,99281408,1496582592,1222868496,273714096,1487745920,1715835680,-228089760,1533936000,1678841728,-144905728,7.04,1.87,5.17,-4.31,-2.74,0,19,16,3,0,0,0,-107.20,0.00,0.00,0.00,,0.00,,0.00,EastMoney,2026-06-01T20:41:54+08:00
BK1218,2026-06-01T00:00:00Z,191426,197379,198183,190961,191505,5874,3.07,4348561,5535287061,1.58,1.32,0.00,0,2508090,1840470,258918122000,245186315000,390790544,641464128,314389296,327074832,1174041024,1110325312,63715712,1693060384,1860456128,-167395744,1953047472,2176442272,-223394800,7.06,5.91,1.15,-3.02,-4.04,0,28,27,1,0,0,0,19.36,0.00,0.00,0.00,,0.00,,0.00,EastMoney,2026-06-01T20:41:54+08:00
BK1219,2026-06-01T00:00:00Z,132489,135273,135859,132058,132459,2814,2.12,3990322,2748144064,1.91,0.66,0.00,0,2140207,1850116,141851057000,133985927000,64322579,185183916,156287817,28896099,613217968,577791488,35426480,898941840,905318688,-6376848,882797008,918082304,-35285296,2.34,1.05,1.29,-0.23,-1.28,0,13,11,1,1,0,0,-59.92,0.00,0.00,0.00,,0.00,,0.00,EastMoney,2026-06-01T20:41:54+08:00
BK1220,2026-06-01T00:00:00Z,502998,527276,534498,502749,503927,23349,4.63,20357211,28127998033,5.67,1.45,0.00,0,11551297,8805914,343214128000,320907520000,1752207008,4126597296,3008120336,1118476960,7599967488,6966237440,633730048,8929811968,9358647296,-428835328,7025118464,8348489984,-1323371520,6.23,3.98,2.25,-1.52,-4.70,0,30,29,1,0,0,0,125.22,0.00,0.00,0.00,,0.00,,0.00,EastMoney,2026-06-01T20:41:54+08:00
BK1221,2026-06-01T00:00:00Z,648851,677199,682364,648851,646755,30444,4.71,3758310,9542648131,4.96,1.17,0.00,0,1999821,1758489,205706613000,177167791000,883455936,1669837120,951696640,718140480,2464561056,2299245600,165315456,2979184656,3371090032,-391905376,2268138112,2759688672,-491550560,9.26,7.53,1.73,-4.11,-5.15,0,15,15,0,0,0,0,-295.07,0.00,0.00,0.00,,0.00,,0.00,EastMoney,2026-06-01T20:41:54+08:00
BK1222,2026-06-01T00:00:00Z,388811,398734,401945,388811,391917,6817,1.74,10512405,8161364051,5.26,1.24,0.00,0,5748861,4763545,198958230000,188421205000,339822544,745968432,555042960,190925472,2130984848,1982087776,148897072,2715292592,2844608048,-129315456,2412744112,2623251200,-210507088,4.16,2.34,1.82,-1.58,-2.58,0,18,13,4,1,0,0,-58.80,0.00,0.00,0.00,,0.00,,0.00,EastMoney,2026-06-01T20:41:54+08:00
BK1223,2026-06-01T00:00:00Z,1657257,1641124,1694543,1635587,1656703,-15579,-0.94,8651210,27555613574,6.50,0.77,0.00,0,4159882,4491328,477027952000,426491312000,-913169984,3227440656,3933241168,-705800512,6521237760,6728607232,-207369472,8527063552,8704099072,-177035520,8807397376,7717191936,1090205440,-3.31,-2.56,-0.75,-0.64,3.96,0,33,12,21,0,0,0,65.03,0.00,0.00,0.00,,0.00,,0.00,EastMoney,2026-06-01T20:41:54+08:00
BK1224,2026-06-01T00:00:00Z,261409,265145,266338,258926,261194,3951,1.51,4168082,3318561696,2.16,0.89,0.00,0,2187961,1980121,195233327000,184818974000,-27249650,238592197,221131927,17460270,615569168,660279088,-44709920,965753952,1041799072,-76045120,1432774816,1326556848,106217968,-0.82,0.53,-1.35,-2.29,3.20,0,33,24,8,1,0,0,22.09,0.00,0.00,0.00,,0.00,,0.00,EastMoney,2026-06-01T20:41:54+08:00
BK1225,2026-06-01T00:00:00Z,249672,257334,257925,248467,249874,7460,2.99,8107808,6964367706,2.01,1.06,0.00,0,4393987,3713820,339374000000,304657504000,188017648,450732208,422220672,28511536,1373589296,1214083184,159506112,2202336928,2168747744,33589184,2818828544,3038285984,-219457440,2.70,0.41,2.29,0.48,-3.15,0,61,52,9,0,0,0,40.03,0.00,0.00,0.00,,0.00,,0.00,EastMoney,2026-06-01T20:41:54+08:00
BK1226,2026-06-01T00:00:00Z,78820,80388,80634,78190,78845,1543,1.96,14728460,4605452478,0.95,0.92,0.00,0,8215276,6513184,543692432000,499300320000,229503488,706887984,552272704,154615280,1150316464,1075428256,74888208,1269945936,1459293552,-189347616,1387664880,1427820752,-40155872,4.98,3.36,1.63,-4.11,-0.87,0,24,22,2,0,0,0,-430.90,0.00,0.00,0.00,,0.00,,0.00,EastMoney,2026-06-01T20:41:54+08:00
BK1227,2026-06-01T00:00:00Z,215797,218099,219259,214774,217084,1015,0.47,2507366,2297501569,1.07,0.91,0.00,0,1341299,1166067,191589088000,185044025000,34475993,191221366,147409629,43811737,500747296,510083040,-9335744,678435152,710605760,-32170608,890090496,892395904,-2305408,1.50,1.91,-0.41,-1.40,-0.10,0,13,9,4,0,0,0,22.76,0.00,0.00,0.00,,0.00,,0.00,EastMoney,2026-06-01T20:41:54+08:00
BK1228,2026-06-01T00:00:00Z,382631,385038,388550,379528,383088,1950,0.51,2384086,2109007290,1.18,0.88,0.00,0,1262815,1121270,175440949000,160987503000,105675451,206057818,116489839,89567979,445213088,429105616,16107472,643431136,677208928,-33777792,778135216,850032864,-71897648,5.01,4.25,0.76,-1.60,-3.41,0,9,6,3,0,0,0,39.30,0.00,0.00,0.00,,0.00,,0.00,EastMoney,2026-06-01T20:41:54+08:00
BK1229,2026-06-01T00:00:00Z,390140,392525,396536,390109,389612,2913,0.75,2281142,4359920735,2.55,0.89,0.00,0,1150082,1131060,152125130000,145953308000,-246614606,238701794,394156000,-155454206,873460608,964621008,-91160400,1387397392,1386423968,973424,1740237792,1494596608,245641184,-5.66,-3.57,-2.09,0.02,5.63,0,12,10,2,0,0,0,171.26,0.00,0.00,0.00,,0.00,,0.00,EastMoney,2026-06-01T20:41:54+08:00
BK1230,2026-06-01T00:00:00Z,511009,513240,520525,511009,513323,-83,-0.02,1902613,5169495063,1.44,0.76,0.00,0,926590,976024,506344608000,388026704000,-272320656,696616464,781691504,-85075040,1167143808,1354389424,-187245616,1570002736,1528726288,41276448,1653399088,1422354896,231044192,-5.27,-1.65,-3.62,0.80,4.47,0,10,6,4,0,0,0,30.46,0.00,0.00,0.00,,0.00,,0.00,EastMoney,2026-06-01T20:41:54+08:00
BK1231,2026-06-01T00:00:00Z,452511,452108,457446,451461,453410,-1302,-0.29,6570111,22957025831,1.86,0.84,0.00,0,3235040,3335071,1067895920000,964656336000,-1826142336,2308789824,3199500224,-890710400,5049749248,5985181184,-935431936,7208635392,7152049920,56585472,7975925760,6200290304,1775635456,-7.95,-3.88,-4.07,0.25,7.73,0,49,28,20,1,0,0,82.14,0.00,0.00,0.00,,0.00,,0.00,EastMoney,2026-06-01T20:41:54+08:00
BK1232,2026-06-01T00:00:00Z,568891,562546,576960,562011,569519,-6973,-1.22,1770031,6735861966,1.84,0.71,0.00,0,822446,947585,442384432000,318491760000,-633029264,596541248,799225152,-202683904,1264798048,1695143408,-430345360,2153056992,2135983888,17073104,2589994576,1974038432,615956144,-9.40,-3.01,-6.39,0.25,9.14,0,9,3,6,0,0,0,479.68,0.00,0.00,0.00,,0.00,,0.00,EastMoney,2026-06-01T20:41:54+08:00
BK1233,2026-06-01T00:00:00Z,716271,714515,728974,713570,719024,-4509,-0.63,9434493,29729352950,3.14,0.77,0.00,0,4621859,4812635,1115582512000,859751328000,-923230512,3501708096,3507002224,-5294128,6581227520,7499163904,-917936384,9370676480,9465371392,-94694912,9663368448,8645438208,1017930240,-3.11,-0.02,-3.09,-0.32,3.42,0,63,24,39,0,0,0,197.78,0.00,0.00,0.00,,0.00,,0.00,EastMoney,2026-06-01T20:41:54+08:00
BK1234,2026-06-01T00:00:00Z,388281,392916,396025,386198,389550,3366,0.86,3308065,5212925720,2.88,0.72,0.00,0,1726430,1581635,173027302000,164101181000,-220665280,403172784,603541904,-200369120,1080705712,1101001872,-20296160,1673001968,1510194368,162807600,1949902272,1891195920,58706352,-4.23,-3.84,-0.39,3.12,1.13,0,26,16,10,0,0,0,89.37,0.00,0.00,0.00,,0.00,,0.00,EastMoney,2026-06-01T20:41:54+08:00
BK1235,2026-06-01T00:00:00Z,253200,258640,259564,252189,253184,5456,2.15,17952695,16460495484,2.20,1.15,0.00,0,9477566,8475130,807705488000,647299808000,-41064096,1117079008,1363224128,-246145120,3624407136,3419326112,205081024,5180956928,5120679936,60276992,6278421504,6295822848,-17401344,-0.25,-1.50,1.25,0.37,-0.11,0,109,90,17,2,0,0,35.98,0.00,0.00,0.00,,0.00,,0.00,EastMoney,2026-06-01T20:41:54+08:00
BK1236,2026-06-01T00:00:00Z,175812,180257,181063,175812,177671,2586,1.46,5743548,5341357867,1.10,1.01,0.00,0,2890752,2852796,440916544000,367421344000,82393792,715611904,688037776,27574128,1273474608,1218654944,54819664,1626809712,1769995136,-143185424,1571049920,1509392752,61657168,1.54,0.52,1.03,-2.68,1.15,0,32,27,5,0,0,0,20.39,0.00,0.00,0.00,,0.00,,0.00,EastMoney,2026-06-01T20:41:54+08:00
BK1237,2026-06-01T00:00:00Z,1186817,1175438,1203275,1173123,1189316,-13878,-1.17,11266248,65808489572,3.84,0.72,0.00,0,5618057,5648191,1502222080000,1314723744000,-4721889536,10191608832,12833044480,-2641435648,15392635648,17473089536,-2080453888,22024696064,20302270720,1722425344,16195705344,13317835264,2877870080,-7.18,-4.01,-3.16,2.62,4.37,0,94,40,53,1,0,0,106.19,0.00,0.00,0.00,,0.00,,0.00,EastMoney,2026-06-01T20:41:54+08:00
BK1238,2026-06-01T00:00:00Z,853002,882422,892110,853002,853385,29037,3.40,32603815,58412114207,3.97,0.89,0.00,0,17030992,15572824,1498385616000,1285289344000,2562393600,7268511488,5007806976,2260704512,13898032896,13596343808,301689088,18272836608,19804421632,-1531585024,17685291008,18664056576,-978765568,4.39,3.87,0.52,-2.62,-1.68,0,135,120,14,1,0,0,-248.02,0.00,0.00,0.00,,0.00,,0.00,EastMoney,2026-06-01T20:41:54+08:00
BK1239,2026-06-01T00:00:00Z,330295,334047,334650,327145,329450,4597,1.40,2564483,7102076937,1.00,1.22,0.00,0,1265622,1298861,1113474032000,967780800000,574476992,774288880,539524720,234764160,2275044128,1935331296,339712832,2373921168,2522027008,-148105840,1587537616,2013908768,-426371152,8.09,3.31,4.78,-2.09,-6.00,0,12,9,3,0,0,0,13.23,0.00,0.00,0.00,,0.00,,0.00,EastMoney,2026-06-01T20:41:54+08:00
BK1240,2026-06-01T00:00:00Z,585551,600140,602646,581763,584726,15414,2.64,571109,629261118,1.20,0.96,0.00,0,319817,251292,53478690000,50210847000,-15631273,14107651,15402813,-1295162,102596564,116932675,-14336111,201817537,204063013,-2245476,300365136,282488384,17876752,-2.48,-0.21,-2.28,-0.36,2.84,0,9,9,0,0,0,0,33.67,0.00,0.00,0.00,,0.00,,0.00,EastMoney,2026-06-01T20:41:54+08:00
BK1241,2026-06-01T00:00:00Z,448381,454286,461833,448381,450066,4220,0.94,2469048,2822203514,1.76,0.74,0.00,0,1274076,1194971,169482573000,166050557000,-140054210,243239950,312651024,-69411074,538835840,609478976,-70643136,859159120,874471344,-15312224,1134200320,978833872,155366448,-4.96,-2.46,-2.50,-0.54,5.51,0,10,7,2,1,0,0,34.96,0.00,0.00,0.00,,0.00,,0.00,EastMoney,2026-06-01T20:41:54+08:00
BK1242,2026-06-01T00:00:00Z,532894,539602,545709,532462,535191,4411,0.82,5261475,13507385467,3.10,0.72,0.00,0,2585946,2675529,417279888000,357856880000,-932854304,1241509040,1825532720,-584023680,3179455392,3528286016,-348830624,4300163584,4105732528,194431056,4488371456,3734072640,754298816,-6.91,-4.32,-2.58,1.44,5.58,0,36,21,13,2,0,0,44.46,0.00,0.00,0.00,,0.00,,0.00,EastMoney,2026-06-01T20:41:54+08:00
BK1243,2026-06-01T00:00:00Z,116840,120218,120721,116178,117395,2823,2.40,281101,190206202,1.94,0.76,0.00,0,155717,125384,10661603000,9690149000,2400688,1666021,409590,1256431,34157998,33013741,1144257,66992843,56910566,10082277,84420102,96903067,-12482965,1.26,0.66,0.60,5.30,-6.56,0,3,3,0,0,0,0,56.65,0.00,0.00,0.00,,0.00,,0.00,EastMoney,2026-06-01T20:41:54+08:00
BK1244,2026-06-01T00:00:00Z,231641,235136,236440,231410,231531,3605,1.56,1151732,3064810057,1.21,0.94,0.00,0,577707,574025,212362724000,205282375000,-42080968,277839744,232663000,45176744,618598512,705856224,-87257712,1066396128,1054675728,11720400,1031865392,998124176,33741216,-1.37,1.47,-2.85,0.38,1.10,0,23,20,2,1,0,0,26.81,0.00,0.00,0.00,,0.00,,0.00,EastMoney,2026-06-01T20:41:54+08:00
BK1245,2026-06-01T00:00:00Z,300225,295772,300739,294787,300684,-4912,-1.63,1968165,2453635549,2.38,1.00,0.00,0,996878,971288,97562464000,72943876000,-178570679,197086729,313402688,-116315959,487474784,549729504,-62254720,808825632,760055664,48769968,863622592,748545680,115076912,-7.28,-4.74,-2.54,1.99,4.69,0,15,7,8,0,0,0,79.61,0.00,0.00,0.00,,0.00,,0.00,EastMoney,2026-06-01T20:41:54+08:00
BK1246,2026-06-01T00:00:00Z,199601,202156,202625,197029,200473,1683,0.84,5328281,2679512966,0.89,1.13,0.00,0,2982566,2345715,281644672000,268340386000,94848384,478960128,356371904,122588224,600359904,628099744,-27739840,757097696,819906944,-62809248,786472112,818511248,-32039136,3.54,4.58,-1.04,-2.34,-1.20,0,8,7,1,0,0,0,7.83,0.00,0.00,0.00,,0.00,,0.00,EastMoney,2026-06-01T20:41:54+08:00
BK1247,2026-06-01T00:00:00Z,229080,233550,234456,228974,228058,5492,2.41,18797179,9631590611,1.38,0.97,0.00,0,9045160,9752019,847425984000,707586016000,155991952,1238583168,1155367072,83216096,2274503232,2201727376,72775856,2743334864,2990450528,-247115664,3097611232,3016067040,81544192,1.62,0.86,0.76,-2.57,0.85,0,45,34,10,1,0,0,11.20,0.00,0.00,0.00,,0.00,,0.00,EastMoney,2026-06-01T20:41:54+08:00
BK1248,2026-06-01T00:00:00Z,395445,398806,402083,394488,397488,1318,0.33,7987042,8001614494,1.47,0.71,0.00,0,4165323,3821719,448893984000,418402544000,-163394800,612379440,746893520,-134514080,1725688464,1754569184,-28880720,2524516240,2458067472,66448768,2901330416,2806662768,94667648,-2.04,-1.68,-0.36,0.83,1.18,0,40,26,12,2,0,0,30.17,0.00,0.00,0.00,,0.00,,0.00,EastMoney,2026-06-01T20:41:54+08:00
BK1249,2026-06-01T00:00:00Z,79922,84347,84532,79264,80304,4043,5.03,5163259,1968129628,3.53,1.70,0.00,0,3183650,1979609,60325471000,60287851000,67792852,198134921,117190517,80944404,435217568,448369120,-13151552,576043360,651941408,-75898048,724590816,716485632,8105184,3.44,4.11,-0.67,-3.86,0.41,0,7,7,0,0,0,0,-17.26,0.00,0.00,0.00,,0.00,,0.00,EastMoney,2026-06-01T20:41:54+08:00
BK1250,2026-06-01T00:00:00Z,186843,198626,198674,185156,186010,12616,6.78,23591384,26007596024,2.45,1.79,0.00,0,13411682,10179701,2406632320000,1923265232000,3113208320,4733727232,2686853120,2046874112,6867979776,5801645568,1066334208,7800016128,8675900416,-875884288,6319536896,8556860416,-2237323520,11.97,7.87,4.10,-3.37,-8.60,0,27,27,0,0,0,0,20.96,0.00,0.00,0.00,,0.00,,0.00,EastMoney,2026-06-01T20:41:54+08:00
BK1251,2026-06-01T00:00:00Z,61829,63998,64170,61698,62049,1949,3.14,681885,994401288,1.65,1.00,0.00,0,375893,305992,75927262000,62942444000,37710966,42577564,13417171,29160393,135084344,126533771,8550573,282698800,325516912,-42818112,515731472,510624336,5107136,3.79,2.93,0.86,-4.31,0.51,0,13,13,0,0,0,0,28.94,0.00,0.00,0.00,,0.00,,0.00,EastMoney,2026-06-01T20:41:54+08:00
BK1252,2026-06-01T00:00:00Z,216753,224569,225401,215867,217783,6786,3.12,1324822,3144698993,2.19,1.23,0.00,0,681122,643700,132530660000,115627931000,60446179,291141856,244457325,46684531,688693808,674932160,13761648,1021639312,1000932992,20706320,1093937200,1173798992,-79861792,1.92,1.48,0.44,0.66,-2.54,0,15,11,4,0,0,0,35.44,0.00,0.00,0.00,,0.00,,0.00,EastMoney,2026-06-01T20:41:54+08:00
BK1253,2026-06-01T00:00:00Z,116321,117437,118086,116206,117671,-234,-0.20,195217,685883373,1.17,0.68,0.00,0,95444,99773,74848964000,51602612000,-13604202,20873960,37418183,-16544223,163788503,160848482,2940021,228861030,217930877,10930153,165184369,173546813,-8362444,-1.98,-2.41,0.43,1.59,-1.22,0,4,2,2,0,0,0,53.24,0.00,0.00,0.00,,0.00,,0.00,EastMoney,2026-06-01T20:41:54+08:00
BK1254,2026-06-01T00:00:00Z,416763,424892,426133,414960,416183,8709,2.09,937798,900879355,1.55,1.01,0.00,0,516000,421798,61334352000,55734212000,13104976,78720173,68506513,10213660,188468814,185577498,2891316,274505552,286900064,-12394512,333852080,334537568,-685488,1.45,1.13,0.32,-1.38,-0.08,0,13,13,0,0,0,0,43.74,0.00,0.00,0.00,,0.00,,0.00,EastMoney,2026-06-01T20:41:54+08:00
BK1255,2026-06-01T00:00:00Z,485130,497330,500647,484131,480624,16706,3.48,925124,817213355,3.58,0.60,0.00,0,460960,464165,24346615000,24013644000,-4226785,64753033,44574179,20178854,156462531,180868170,-24405639,259279574,282448032,-23168458,310922544,283527312,27395232,-0.52,2.47,-2.99,-2.84,3.35,0,4,4,0,0,0,0,-56.69,0.00,0.00,0.00,,0.00,,0.00,EastMoney,2026-06-01T20:41:54+08:00
BK1256,2026-06-01T00:00:00Z,224043,233427,233582,223174,224138,9289,4.14,2890935,3444500265,2.10,1.40,0.00,0,1605985,1284949,291506768000,142618802000,291337132,491947632,255512836,236434796,839903696,785001360,54902336,1008720816,1103026912,-94306096,937422960,1112946224,-175523264,8.46,6.86,1.59,-2.74,-5.10,0,28,26,0,2,0,0,47.66,0.00,0.00,0.00,,0.00,,0.00,EastMoney,2026-06-01T20:41:54+08:00
BK1257,2026-06-01T00:00:00Z,223243,230242,230759,222274,223946,6296,2.81,301528,144115764,1.53,1.07,0.00,0,175156,126372,10576111000,9376098000,-3205653,4669252,1058000,3611252,24708990,31525895,-6816905,42147312,50527981,-8380669,66304800,52802603,13502197,-2.22,2.51,-4.73,-5.82,9.37,0,3,3,0,0,0,0,53.71,0.00,0.00,0.00,,0.00,,0.00,EastMoney,2026-06-01T20:41:54+08:00
BK1258,2026-06-01T00:00:00Z,336459,347225,347440,336050,339296,7929,2.34,2329742,2489027074,1.59,0.91,0.00,0,1277892,1051850,180720091000,164270417000,7304941,99277645,133493344,-34215699,532237840,490717200,41520640,843876672,805487424,38389248,979216160,1023306848,-44090688,0.29,-1.37,1.67,1.54,-1.77,0,17,15,2,0,0,0,122.49,0.00,0.00,0.00,,0.00,,0.00,EastMoney,2026-06-01T20:41:54+08:00
BK1259,2026-06-01T00:00:00Z,364433,376920,377384,362057,363355,13565,3.73,5770897,5461888746,1.61,1.01,0.00,0,3268222,2502675,505093152000,401846256000,209432528,512738896,456580704,56158192,1339578944,1186304608,153274336,1832344112,1857010128,-24666016,1663132448,1847898944,-184766496,3.83,1.03,2.81,-0.45,-3.38,0,22,20,2,0,0,0,105.12,0.00,0.00,0.00,,0.00,,0.00,EastMoney,2026-06-01T20:41:54+08:00
BK1260,2026-06-01T00:00:00Z,96956,100471,100684,95852,97538,2933,3.01,1217938,458367066,2.70,1.50,0.00,0,737774,480164,18024588000,17719269000,17989914,21845273,20315306,1529967,96744949,80285002,16459947,132472422,148781935,-16309513,201475844,203156245,-1680401,3.92,0.33,3.59,-3.56,-0.37,0,7,7,0,0,0,0,-12.12,0.00,0.00,0.00,,0.00,,0.00,EastMoney,2026-06-01T20:41:54+08:00
BK1261,2026-06-01T00:00:00Z,246596,255952,256123,246445,247227,8725,3.53,4695243,3373408260,2.48,1.23,0.00,0,2614216,2081026,154626742000,148318089000,153268672,223212251,157625307,65586944,737144384,649462656,87681728,1057651168,1078077648,-20426480,1266952448,1376119872,-109167424,4.54,1.94,2.60,-0.61,-3.24,0,21,20,1,0,0,0,57.46,0.00,0.00,0.00,,0.00,,0.00,EastMoney,2026-06-01T20:41:54+08:00
BK1262,2026-06-01T00:00:00Z,404970,406965,408640,401029,406190,775,0.19,3644390,8282585363,0.77,0.98,0.00,0,1894147,1750243,1468691424000,855856896000,-918051392,828160288,1378739776,-550579488,1872690496,2240162400,-367471904,2831213776,2695778704,135435072,2555459888,1772843584,782616304,-11.08,-6.65,-4.44,1.64,9.45,0,9,6,3,0,0,0,34.63,0.00,0.00,0.00,,0.00,,0.00,EastMoney,2026-06-01T20:41:54+08:00
BK1263,2026-06-01T00:00:00Z,346523,353819,354995,345733,348442,5377,1.54,1610287,3695485687,1.47,0.98,0.00,0,850556,759731,224787247000,195787608000,5551312,293468688,268798400,24670288,748457296,767576272,-19118976,1265223216,1261641264,3581952,1325556448,1335460432,-9903984,0.15,0.67,-0.52,0.10,-0.27,0,19,14,5,0,0,0,26.60,0.00,0.00,0.00,,0.00,,0.00,EastMoney,2026-06-01T20:41:54+08:00
BK1264,2026-06-01T00:00:00Z,267487,270576,271720,265759,267741,2835,1.06,4085674,4106620949,1.52,0.94,0.00,0,2286026,1799648,304750944000,294346656000,-10816272,448400176,451061744,-2661568,917187520,925342224,-8154704,1263574912,1227125872,36449040,1433340624,1458973360,-25632736,-0.26,-0.06,-0.20,0.89,-0.62,0,14,11,3,0,0,0,31.42,0.00,0.00,0.00,,0.00,,0.00,EastMoney,2026-06-01T20:41:54+08:00
BK1265,2026-06-01T00:00:00Z,396296,402411,405389,394392,397960,4451,1.12,6360091,7598177077,2.36,0.85,0.00,0,3349926,3010165,285856480000,239661190000,-26760304,790227152,720391376,69835776,1514981456,1611577536,-96596080,2204829408,2318913568,-114084160,2671240832,2591906832,79334000,-0.35,0.92,-1.27,-1.50,1.04,0,48,36,10,2,0,0,67.11,0.00,0.00,0.00,,0.00,,0.00,EastMoney,2026-06-01T20:41:54+08:00
BK1266,2026-06-01T00:00:00Z,362535,369836,372358,360227,363025,6811,1.88,2906420,4022236375,3.46,1.24,0.00,0,1504096,1402324,127855919000,115223729000,62450324,258400264,206971924,51428340,827002720,815980736,11021984,1264971824,1274626144,-9654320,1573929616,1626725632,-52796016,1.55,1.28,0.27,-0.24,-1.31,0,23,18,4,1,0,0,67.47,0.00,0.00,0.00,,0.00,,0.00,EastMoney,2026-06-01T20:41:54+08:00
BK1267,2026-06-01T00:00:00Z,262882,268196,269496,262571,264796,3400,1.28,4894704,3151882578,1.85,0.77,0.00,0,2544543,2350161,173542555000,163423412000,-3102650,281205408,234601802,46603606,609065728,658771984,-49706256,966380000,1033269120,-66889120,1207719808,1147306992,60412816,-0.10,1.48,-1.58,-2.12,1.92,0,25,21,4,0,0,0,-49.33,0.00,0.00,0.00,,0.00,,0.00,EastMoney,2026-06-01T20:41:54+08:00
BK1268,2026-06-01T00:00:00Z,286959,299410,302299,286647,289516,9894,3.42,4286197,4427161103,2.52,1.13,0.00,0,2263632,2022565,126482884000,101624706000,100081344,450525120,333013104,117512016,935941040,953371712,-17430672,1367379872,1431194352,-63814480,1599792608,1636059472,-36266864,2.26,2.65,-0.39,-1.44,-0.82,0,18,15,2,1,0,0,51.10,0.00,0.00,0.00,,0.00,,0.00,EastMoney,2026-06-01T20:41:54+08:00
BK1269,2026-06-01T00:00:00Z,665930,679955,681213,657100,683868,-3913,-0.57,982333,4540319866,2.56,1.23,0.00,0,495121,487212,132254938000,124901096000,-95259888,693629072,947439952,-253810880,1160895392,1002344400,158550992,1477088832,1390030480,87058352,1067097520,1058895968,8201552,-2.10,-5.59,3.49,1.92,0.18,0,2,1,1,0,0,0,42.70,0.00,0.00,0.00,,0.00,,0.00,EastMoney,2026-06-01T20:41:54+08:00
BK1270,2026-06-01T00:00:00Z,144161,149496,150597,144161,145843,3653,2.50,1245313,1360771894,2.61,0.98,0.00,0,716779,528534,52727968000,50765922000,29874230,68778511,68670905,107606,299283120,269516496,29766624,441839456,473487440,-31647984,530242784,528469040,1773744,2.20,0.01,2.19,-2.33,0.13,0,7,7,0,0,0,0,109.33,0.00,0.00,0.00,,0.00,,0.00,EastMoney,2026-06-01T20:41:54+08:00
BK1271,2026-06-01T00:00:00Z,221525,226730,226960,220033,222295,4435,2.00,910219,899906952,1.61,1.07,0.00,0,533015,377204,60714832000,57981299000,-3926042,34596300,31247190,3349110,150737585,158012737,-7275152,301600672,303732496,-2131824,401480160,395422288,6057872,-0.44,0.37,-0.81,-0.24,0.67,0,10,9,1,0,0,0,37.44,0.00,0.00,0.00,,0.00,,0.00,EastMoney,2026-06-01T20:41:54+08:00
BK1272,2026-06-01T00:00:00Z,301923,307686,307837,299936,302402,5284,1.75,2886393,2654689862,2.01,1.03,0.00,0,1601806,1284588,137390094000,121149448000,17403807,91553926,102564711,-11010785,537161344,508746752,28414592,901596960,951131568,-49534608,1073833552,1041702752,32130800,0.66,-0.41,1.07,-1.87,1.21,0,26,26,0,0,0,0,69.77,0.00,0.00,0.00,,0.00,,0.00,EastMoney,2026-06-01T20:41:54+08:00
BK1273,2026-06-01T00:00:00Z,115084,119072,120461,114464,116231,2841,2.44,1230611,1426433826,11.12,1.00,0.00,0,649471,581139,13611869000,13079814000,-12019095,115339434,159525425,-44185991,350576368,318409472,32166896,489271968,460367264,28904704,443924544,460810160,-16885616,-0.84,-3.10,2.26,2.03,-1.18,0,2,2,0,0,0,0,-68.46,0.00,0.00,0.00,,0.00,,0.00,EastMoney,2026-06-01T20:41:54+08:00
BK1274,2026-06-01T00:00:00Z,349607,357273,360198,348113,350151,7122,2.03,11699649,10483829005,0.38,1.08,0.00,0,6082301,5617349,3132395856000,2753416512000,220672640,1037073232,829316640,207756592,2384460816,2371544768,12916048,3502297168,3317002208,185294960,3444067952,3850035536,-405967584,2.10,1.98,0.12,1.77,-3.87,0,30,26,4,0,0,0,15.03,0.00,0.00,0.00,,0.00,,0.00,EastMoney,2026-06-01T20:41:54+08:00
BK1275,2026-06-01T00:00:00Z,186109,190062,190878,185874,184694,5368,2.91,4719727,2968422512,1.17,0.93,0.00,0,2674689,2045038,241519554000,199224922000,112968085,260166980,194406207,65760773,656471056,609263744,47207312,885193728,947086384,-61892656,1059473328,1106815712,-47342384,3.81,2.22,1.59,-2.09,-1.59,0,14,14,0,0,0,0,22.65,0.00,0.00,0.00,,0.00,,0.00,EastMoney,2026-06-01T20:41:54+08:00
BK1276,2026-06-01T00:00:00Z,379318,383056,384034,379015,374387,8669,2.32,1065896,1787527782,0.65,0.28,0.00,0,509153,556742,1730443920000,177033671000,127868293,247105125,205697808,41407317,424381360,337920384,86460976,579800624,635551008,-55750384,504436512,576554400,-72117888,7.15,2.32,4.84,-3.12,-4.03,0,5,4,1,0,0,0,13.69,0.00,0.00,0.00,,0.00,,0.00,EastMoney,2026-06-01T20:41:54+08:00
BK1277,2026-06-01T00:00:00Z,453250,458040,460489,448314,459631,-1591,-0.35,2951378,16254742720,1.65,0.90,0.00,0,1459550,1491829,2545054496000,2539345936000,-599832128,1986423472,2233831408,-247407936,4386814720,4739238912,-352424192,6043614720,5676516608,367098112,3305735872,3073001904,232733968,-3.69,-1.52,-2.17,2.26,1.43,0,21,9,12,0,0,0,20.24,0.00,0.00,0.00,,0.00,,0.00,EastMoney,2026-06-01T20:41:54+08:00
BK1278,2026-06-01T00:00:00Z,476059,485410,485457,474420,478568,6842,1.43,3970184,4857424954,2.44,0.90,0.00,0,1962999,2007185,349408768000,335661504000,-175650896,470991984,476622544,-5630560,944008848,1114029184,-170020336,1466258112,1362154720,104103392,1854103152,1778443440,75659712,-3.62,-0.12,-3.50,2.14,1.56,0,15,11,4,0,0,0,28.27,0.00,0.00,0.00,,0.00,,0.00,EastMoney,2026-06-01T20:41:54+08:00
BK1279,2026-06-01T00:00:00Z,215007,219100,219189,214017,215369,3731,1.73,2484263,3699326926,2.02,1.06,0.00,0,1316808,1167456,241396904000,189093574000,49658865,262568399,258500030,4068369,845378752,799788256,45590496,1258152880,1306976784,-48823904,1226116624,1226951584,-834960,1.34,0.11,1.23,-1.32,-0.02,0,17,15,1,1,0,0,24.91,0.00,0.00,0.00,,0.00,,0.00,EastMoney,2026-06-01T20:41:54+08:00
BK1280,2026-06-01T00:00:00Z,438619,449259,449436,434793,441125,8134,1.84,4310727,3586809680,2.68,1.27,0.00,0,2427195,1883532,244262440000,217864182000,-63250900,167336092,274644864,-107308772,706640288,662582416,44057872,1197213072,1067497168,129715904,1411158464,1466640912,-55482448,-1.76,-2.99,1.23,3.62,-1.55,0,27,22,5,0,0,0,35.50,0.00,0.00,0.00,,0.00,,0.00,EastMoney,2026-06-01T20:41:54+08:00
BK1281,2026-06-01T00:00:00Z,222217,228095,228431,221188,223279,4816,2.16,2341487,3702759969,2.56,1.14,0.00,0,1260925,1080561,175664408000,161456642000,18249741,219832649,216797788,3034861,703617760,688402880,15214880,1231693040,1164202560,67490480,1485074480,1570814688,-85740208,0.49,0.08,0.41,1.82,-2.32,0,23,19,4,0,0,0,25.21,0.00,0.00,0.00,,0.00,,0.00,EastMoney,2026-06-01T20:41:54+08:00
BK1282,2026-06-01T00:00:00Z,229007,234633,234656,227984,231114,3519,1.52,3948664,6881921397,1.82,1.26,0.00,0,2061043,1887621,464793264000,449666512000,431152560,702772160,454679888,248092272,1627833392,1444773104,183060288,2296292096,2339195856,-42903760,2099879328,2482761568,-382882240,6.27,3.60,2.66,-0.62,-5.56,0,27,22,5,0,0,0,23.16,0.00,0.00,0.00,,0.00,,0.00,EastMoney,2026-06-01T20:41:54+08:00
BK1283,2026-06-01T00:00:00Z,404726,411424,411544,402855,404723,6701,1.66,39931284,30985343510,0.30,1.31,0.00,0,23982822,15948462,14984435200000,9847108864000,2785233920,6622653184,5077509376,1545143808,8580045312,7339955200,1240090112,8511860224,9411267584,-899407360,6743511040,8629337600,-1885826560,8.99,4.99,4.00,-2.90,-6.09,0,42,39,3,0,0,0,6.84,0.00,0.00,0.00,,0.00,,0.00,EastMoney,2026-06-01T20:41:54+08:00
BK1287,2026-06-01T00:00:00Z,348748,351859,356710,348627,349275,2584,0.74,34425879,46340445926,2.17,0.75,0.00,0,16854080,17571798,3096014976000,2427937904000,-175947776,5556849664,5986991616,-430141952,11067952384,10813758208,254194176,14370668032,14091865856,278802176,14640262400,14739331840,-99069440,-0.38,-0.93,0.55,0.60,-0.21,0,59,36,22,1,0,0,16.46,0.00,0.00,0.00,,0.00,,0.00,EastMoney,2026-06-01T20:41:54+08:00
BK1288,2026-06-01T00:00:00Z,644535,639674,658299,638988,644939,-5265,-0.82,4323595,16979265430,2.96,0.74,0.00,0,2080278,2243317,464698656000,380598080000,-1075826192,1977607536,2404959664,-427352128,3663424048,4311898112,-648474064,4961071872,5107734272,-146662400,5999560192,4779984896,1219575296,-6.34,-2.52,-3.82,-0.86,7.18,0,36,13,23,0,0,0,85.81,0.00,0.00,0.00,,0.00,,0.00,EastMoney,2026-06-01T20:41:54+08:00
BK1289,2026-06-01T00:00:00Z,174361,180300,181224,173750,174707,5593,3.20,3029484,4463229321,2.10,1.20,0.00,0,1734618,1294867,134754210000,127050384000,379147872,586177760,280293712,305884048,964236192,890972368,73263824,1364078992,1508328464,-144249472,1494048304,1728946688,-234898384,8.49,6.85,1.64,-3.23,-5.26,0,18,17,1,0,0,0,35.77,0.00,0.00,0.00,,0.00,,0.00,EastMoney,2026-06-01T20:41:54+08:00
BK1290,2026-06-01T00:00:00Z,203611,208861,209334,203360,203119,5742,2.83,1319076,1072057740,1.00,1.74,0.00,0,773473,545604,124163912000,118135930000,11642681,55286370,34095581,21190789,209804832,219352940,-9548108,328981408,352127664,-23146256,458999168,447495584,11503584,1.09,1.98,-0.89,-2.16,1.07,0,10,10,0,0,0,0,12.93,0.00,0.00,0.00,,0.00,,0.00,EastMoney,2026-06-01T20:41:54+08:00
BK1291,2026-06-01T00:00:00Z,132489,135273,135859,132058,132459,2814,2.12,3990322,2748144064,1.91,0.66,0.00,0,2140207,1850116,141851057000,133985927000,64322579,185183916,156287817,28896099,613217968,577791488,35426480,898941840,905318688,-6376848,882797008,918082304,-35285296,2.34,1.05,1.29,-0.23,-1.28,0,13,11,1,1,0,0,-59.92,0.00,0.00,0.00,,0.00,,0.00,EastMoney,2026-06-01T20:41:54+08:00
BK1292,2026-06-01T00:00:00Z,230784,238189,239557,228758,230358,7831,3.40,1802750,992248997,1.15,1.01,0.00,0,1053721,749029,89999548000,89495421000,63058895,130808471,132051600,-1243129,295884416,231582392,64302024,273051440,281296784,-8245344,281630928,336444480,-54813552,6.36,-0.13,6.48,-0.83,-5.52,0,3,3,0,0,0,0,27.69,0.00,0.00,0.00,,0.00,,0.00,EastMoney,2026-06-01T20:41:54+08:00
BK1293,2026-06-01T00:00:00Z,483088,507276,514714,483088,484179,23097,4.77,18554461,27135749035,9.19,1.51,0.00,0,10497576,8056885,253214573000,231412104000,1689148064,3995788832,2876068736,1119720096,7304082944,6734654976,569427968,8656760320,9077350400,-420590080,6743487744,8012045568,-1268557824,6.22,4.13,2.10,-1.55,-4.67,0,27,26,1,0,0,0,-496.64,0.00,0.00,0.00,,0.00,,0.00,EastMoney,2026-06-01T20:41:54+08:00
BK1294,2026-06-01T00:00:00Z,293770,304914,308025,293470,293599,11315,3.85,1319287,4347505871,3.21,1.11,0.00,0,730309,588978,113632183000,103845454000,203590848,606884368,481590368,125294000,1172290224,1093993376,78296848,1453894160,1562164224,-108270064,1065611632,1160932416,-95320784,4.68,2.88,1.80,-2.49,-2.19,0,9,9,0,0,0,0,-100.51,0.00,0.00,0.00,,0.00,,0.00,EastMoney,2026-06-01T20:41:54+08:00
BK1295,2026-06-01T00:00:00Z,100976,105940,107266,100976,101578,4362,4.29,832861,1319160036,12.37,1.27,0.00,0,472424,360437,11737913000,10547698000,9642455,111964054,81403823,30560231,286564032,307481808,-20917776,478996304,472823824,6172480,406216624,422031536,-15814912,0.73,2.32,-1.59,0.47,-1.20,0,2,2,0,0,0,0,-76.44,0.00,0.00,0.00,,0.00,,0.00,EastMoney,2026-06-01T20:41:54+08:00
BK1296,2026-06-01T00:00:00Z,83121,85021,86018,82884,82884,2137,2.58,186972,334412135,1.83,1.03,0.00,0,98074,88898,33485902000,18288429000,28429178,17628042,13044635,4583407,87757620,63911849,23845771,105965655,124847916,-18882261,120028132,129575048,-9546916,8.50,1.37,7.13,-5.65,-2.85,0,1,1,0,0,0,0,31.96,0.00,0.00,0.00,,0.00,,0.00,EastMoney,2026-06-01T20:41:54+08:00
BK1297,2026-06-01T00:00:00Z,365596,382483,382483,361206,347696,34787,10.01,465318,1034602843,6.88,1.56,0.00,0,215549,249769,15868078000,15314458000,315182238,398148624,96316653,301831971,235153112,221802845,13350267,208163343,333452752,-125289409,150432417,340325248,-189892831,30.46,29.17,1.29,-12.11,-18.35,0,1,1,0,0,0,0,52.19,0.00,0.00,0.00,,0.00,,0.00,EastMoney,2026-06-01T20:41:54+08:00
BK1298,2026-06-01T00:00:00Z,275398,295584,298511,275052,275283,20301,7.37,953871,2506967243,8.68,1.07,0.00,0,483465,470406,30982535000,29171749000,326611216,535212032,279341168,255870864,682796080,612055728,70740352,732165200,877801312,-145636112,525849312,706824416,-180975104,13.03,10.21,2.82,-5.81,-7.22,0,2,2,0,0,0,0,-40.51,0.00,0.00,0.00,,0.00,,0.00,EastMoney,2026-06-01T20:41:54+08:00
BK1299,2026-06-01T00:00:00Z,398800,409202,413659,398800,402031,7171,1.78,9648074,6947340440,5.84,1.28,0.00,0,5265408,4382666,154988486000,144793246000,301803392,642809328,489169104,153640224,1857465360,1709302192,148163168,2318239440,2384962256,-66722816,2005545104,2240625696,-235080592,4.34,2.21,2.13,-0.96,-3.38,0,14,10,3,1,0,0,-57.55,0.00,0.00,0.00,,0.00,,0.00,EastMoney,2026-06-01T20:41:54+08:00
BK1300,2026-06-01T00:00:00Z,68674,70302,70556,68674,69198,1104,1.60,864332,1214023610,2.50,0.96,0.00,0,483453,380879,43969744000,43627958000,38019158,103159103,65873865,37285238,273519488,272785568,733920,397053152,459645792,-62592640,407198992,382625520,24573472,3.13,3.07,0.06,-5.16,2.02,0,4,3,1,0,0,0,-63.67,0.00,0.00,0.00,,0.00,,0.00,EastMoney,2026-06-01T20:41:54+08:00
BK1301,2026-06-01T00:00:00Z,135916,139014,140742,135830,135802,3212,2.37,8996708,11842178631,2.72,1.16,0.00,0,5048832,3947876,448097376000,405661824000,1058560272,1605767440,1166307824,439459616,3030299936,2411199280,619100656,3652907184,4036225280,-383318096,3369321824,4044563984,-675242160,8.94,3.71,5.23,-3.24,-5.70,0,25,22,3,0,0,0,25.92,0.00,0.00,0.00,,0.00,,0.00,EastMoney,2026-06-01T20:41:54+08:00
BK1302,2026-06-01T00:00:00Z,1345432,1357486,1393022,1345432,1344801,12685,0.94,12500033,38218266708,3.91,0.93,0.00,0,6005728,6494305,1054244912000,922210496000,431627360,4276508784,3896635920,379872864,9190161152,9138406656,51754496,12496694016,12325676288,171017728,11622045696,12210216448,-588170752,1.13,0.99,0.14,0.45,-1.54,0,43,27,16,0,0,0,55.05,0.00,0.00,0.00,,0.00,,0.00,EastMoney,2026-06-01T20:41:54+08:00
BK1303,2026-06-01T00:00:00Z,2059929,2065475,2110935,2059846,2048261,17214,0.84,9880577,50328038246,4.39,0.98,0.00,0,4897163,4983414,2705774304000,2464990288000,444791296,7944146176,8275290880,-331144704,15276699392,14500763392,775936000,16606406912,16877957376,-271550464,9140325632,9296156672,-155831040,0.88,-0.66,1.54,-0.54,-0.31,0,32,20,12,0,0,0,29.33,0.00,0.00,0.00,,0.00,,0.00,EastMoney,2026-06-01T20:41:54+08:00
BK1304,2026-06-01T00:00:00Z,2865262,2847111,2947035,2839494,2866765,-19654,-0.69,4014955,10291627183,6.13,1.17,0.00,0,1974379,2040575,228511251000,201257819000,-160796864,952697120,1125513872,-172816752,2445719664,2433699776,12019888,3503380016,3211511504,291868512,3054995280,3192801600,-137806320,-1.56,-1.68,0.12,2.84,-1.34,0,19,6,13,0,0,0,143.63,0.00,0.00,0.00,,0.00,,0.00,EastMoney,2026-06-01T20:41:54+08:00
BK1305,2026-06-01T00:00:00Z,31995,32670,33403,31981,32068,602,1.88,38313,86141148,1.96,0.87,0.00,0,20324,17989,5359054000,4362137000,-6998027,3647683,4679779,-1032096,14170151,20136082,-5965931,26227790,25115217,1112573,41559818,35674364,5885454,-8.12,-1.20,-6.93,1.29,6.83,0,1,1,0,0,0,0,-8.52,0.00,0.00,0.00,,0.00,,0.00,EastMoney,2026-06-01T20:41:54+08:00
BK1306,2026-06-01T00:00:00Z,271763,274614,279897,270126,270964,3650,1.35,2374373,5700180284,5.05,1.02,0.00,0,1163967,1210406,97397842000,91282233000,369141856,1222742160,816928816,405813344,1194746816,1231418304,-36671488,1608705616,1743578448,-134872832,1564778160,1797942736,-233164576,6.48,7.12,-0.64,-2.37,-4.09,0,10,7,3,0,0,0,-4803.27,0.00,0.00,0.00,,0.00,,0.00,EastMoney,2026-06-01T20:41:54+08:00
BK1307,2026-06-01T00:00:00Z,275619,277079,280563,274132,276466,613,0.22,3634362,8376291975,3.21,0.60,0.00,0,1773254,1861108,296660672000,254201614000,-86208272,713895472,708066944,5828528,1711352736,1803389536,-92036800,2731056992,2754797376,-23740384,3010456880,2883732112,126724768,-1.03,0.07,-1.10,-0.28,1.51,0,27,12,15,0,0,0,64.44,0.00,0.00,0.00,,0.00,,0.00,EastMoney,2026-06-01T20:41:54+08:00
BK1308,2026-06-01T00:00:00Z,291045,290919,294063,288420,290160,759,0.26,2143381,3479035742,3.10,0.83,0.00,0,1047607,1095774,101383503000,87349038000,-297167912,221046840,399395248,-178348408,641811200,760630704,-118819504,1159021616,1126073408,32948208,1361599936,1094398896,267201040,-8.54,-5.13,-3.42,0.95,7.68,0,14,9,4,1,0,0,44.91,0.00,0.00,0.00,,0.00,,0.00,EastMoney,2026-06-01T20:41:54+08:00
BK1309,2026-06-01T00:00:00Z,797485,801776,813765,795701,802670,-894,-0.11,5615123,13856965021,2.72,0.93,0.00,0,2830276,2784846,558596608000,532719856000,-686739184,1541593264,1592245776,-50652512,3233969472,3870056144,-636086672,4462342912,4111425056,350917856,4310357248,3961049824,349307424,-4.96,-0.37,-4.59,2.53,2.52,0,29,19,10,0,0,0,36.26,0.00,0.00,0.00,,0.00,,0.00,EastMoney,2026-06-01T20:41:54+08:00
BK1310,2026-06-01T00:00:00Z,406941,409608,415598,403950,407445,2163,0.53,4549544,8254934946,3.55,0.89,0.00,0,2214222,2335322,259160801000,215311464000,-224215232,497285024,603601328,-106316304,1745988144,1863887072,-117898928,2743990640,2766901120,-22910480,2943433600,2642082352,301351248,-2.72,-1.29,-1.43,-0.28,3.65,0,28,17,11,0,0,0,31.90,0.00,0.00,0.00,,0.00,,0.00,EastMoney,2026-06-01T20:41:54+08:00
BK1311,2026-06-01T00:00:00Z,486826,494197,501185,485013,485354,8843,1.82,9281771,24650215413,3.79,1.09,0.00,0,5003217,4278555,683731712000,619713504000,1771953776,3776767184,2744987488,1031779696,6441541632,5701367552,740174080,7809076224,8384348160,-575271936,6003871488,7177244672,-1173373184,7.19,4.19,3.00,-2.33,-4.76,0,30,22,8,0,0,0,47.57,0.00,0.00,0.00,,0.00,,0.00,EastMoney,2026-06-01T20:41:54+08:00
BK1312,2026-06-01T00:00:00Z,423256,430159,434908,422717,424794,5365,1.26,11139368,19624466862,4.27,0.99,0.00,0,5718121,5421246,425173024000,388687008000,-121697840,2945765712,3063379584,-117613872,4464766976,4468850944,-4083968,5917401856,6021266688,-103864832,5799546880,5568740864,230806016,-0.62,-0.60,-0.02,-0.53,1.18,0,39,29,10,0,0,0,75.43,0.00,0.00,0.00,,0.00,,0.00,EastMoney,2026-06-01T20:41:54+08:00
BK1313,2026-06-01T00:00:00Z,241264,242949,244931,240997,240885,2064,0.86,4131636,8376640585,2.88,0.85,0.00,0,2179934,1951702,302009632000,215771758000,-287806528,722249216,955280880,-233031664,1874412128,1929186992,-54774864,2634271536,2486429552,147841984,2899388944,2749214320,150174624,-3.44,-2.78,-0.65,1.76,1.79,0,26,16,10,0,0,0,113.79,0.00,0.00,0.00,,0.00,,0.00,EastMoney,2026-06-01T20:41:54+08:00
BK1314,2026-06-01T00:00:00Z,184938,182253,186452,181965,184217,-1964,-1.07,2482278,4734442184,2.81,0.65,0.00,0,1177889,1304389,186000843000,163720515000,-231881424,513746816,602617424,-88870608,1049315744,1192326560,-143010816,1530872880,1529458784,1414096,1544274512,1313807168,230467344,-4.90,-1.88,-3.02,0.03,4.87,0,5,2,3,0,0,0,48.49,0.00,0.00,0.00,,0.00,,0.00,EastMoney,2026-06-01T20:41:54+08:00
BK1315,2026-06-01T00:00:00Z,281849,284861,288865,281800,281967,2894,1.03,10833297,11164991428,2.82,0.82,0.00,0,5490190,5343108,410786448000,351629440000,-311180912,829484528,891352816,-61868288,2508711408,2758024032,-249312624,3630797360,3551077296,79720064,3991339792,3756973504,234366288,-2.79,-0.55,-2.23,0.71,2.10,0,24,14,10,0,0,0,-16.11,0.00,0.00,0.00,,0.00,,0.00,EastMoney,2026-06-01T20:41:54+08:00
BK1316,2026-06-01T00:00:00Z,285312,283814,291376,283386,284437,-623,-0.22,2700647,6057229027,2.86,0.82,0.00,0,1325286,1375361,199977864000,185254171000,-187206512,378222352,514192496,-135970144,1234026256,1285262624,-51236368,2024589792,2006758288,17831504,2309141152,2138137744,171003408,-3.09,-2.24,-0.85,0.29,2.82,0,18,11,7,0,0,0,-161.13,0.00,0.00,0.00,,0.00,,0.00,EastMoney,2026-06-01T20:41:54+08:00
BK1317,2026-06-01T00:00:00Z,836507,821091,857470,819907,835382,-14291,-1.71,1636029,9982369098,3.82,0.84,0.00,0,813959,822070,269788416000,213472723000,-578382112,1051427648,1258691280,-207263632,2344680912,2715799392,-371118480,3329090272,3324720144,4370128,3015392672,2438914048,576478624,-5.79,-2.08,-3.72,0.04,5.77,0,11,3,8,0,0,0,55.76,0.00,0.00,0.00,,0.00,,0.00,EastMoney,2026-06-01T20:41:54+08:00
BK1318,2026-06-01T00:00:00Z,1218418,1207562,1238905,1205848,1226803,-19241,-1.57,1797514,2516935286,1.49,0.91,0.00,0,741697,1055818,169081869000,169081766000,-434384487,223456953,289199120,-65742167,545415504,914057824,-368642320,840658976,687690432,152968544,852813056,571397104,281415952,-17.26,-2.61,-14.65,6.08,11.18,0,2,0,2,0,0,0,-10.36,0.00,0.00,0.00,,0.00,,0.00,EastMoney,2026-06-01T20:41:54+08:00
BK1319,2026-06-01T00:00:00Z,207557,207396,211550,206946,207453,-57,-0.03,3411403,3063010818,3.72,0.66,0.00,0,1567022,1844381,101577200000,100931941000,143428459,202148023,161680956,40467067,787104208,684142816,102961392,1048570832,1104579072,-56008240,949331536,1036751744,-87420208,4.68,1.32,3.36,-1.83,-2.85,0,5,3,2,0,0,0,-7.99,0.00,0.00,0.00,,0.00,,0.00,EastMoney,2026-06-01T20:41:54+08:00
BK1320,2026-06-01T00:00:00Z,2240562,2244569,2332284,2240340,2222128,22441,1.01,1593470,21272412539,3.71,0.83,0.00,0,818260,775210,657094256000,540293248000,-1051017552,3478711776,4044304944,-565593168,5668201216,6153625600,-485424384,6592920064,6539782656,53137408,5197864448,4199984048,997880400,-4.94,-2.66,-2.28,0.25,4.69,0,9,7,2,0,0,0,39.35,0.00,0.00,0.00,,0.00,,0.00,EastMoney,2026-06-01T20:41:54+08:00
BK1321,2026-06-01T00:00:00Z,145350,146762,148488,144065,146264,498,0.34,864346,632116852,2.83,0.89,0.00,0,413250,451097,30082446000,27805195000,-24206264,17566930,37745386,-20178456,132821591,136849399,-4027808,219642808,201619707,18023101,252107559,245924396,6183163,-3.83,-3.19,-0.64,2.85,0.98,0,4,2,2,0,0,0,59.86,0.00,0.00,0.00,,0.00,,0.00,EastMoney,2026-06-01T20:41:54+08:00
BK1322,2026-06-01T00:00:00Z,1035044,1030244,1055363,1026243,1034797,-4553,-0.44,4198486,23048523840,3.37,0.90,0.00,0,2083190,2115297,506495264000,418129344000,-264174000,3880306144,3844710288,35595856,5613324032,5913093888,-299769856,7219695616,7347800832,-128105216,5985313792,5592749056,392564736,-1.15,0.15,-1.30,-0.56,1.70,0,27,8,18,1,0,0,123.31,0.00,0.00,0.00,,0.00,,0.00,EastMoney,2026-06-01T20:41:54+08:00
BK1323,2026-06-01T00:00:00Z,151977,152448,155455,150166,150987,1461,0.97,1889852,2947084091,1.27,0.79,0.00,0,996388,893465,249509116000,183345085000,140561312,429435152,358943440,70491712,773913520,703843920,70069600,890161728,938852656,-48690928,811514368,903384768,-91870400,4.77,2.39,2.38,-1.65,-3.12,0,2,2,0,0,0,0,44.90,0.00,0.00,0.00,,0.00,,0.00,EastMoney,2026-06-01T20:41:54+08:00
BK1325,2026-06-01T00:00:00Z,1224837,1184201,1244110,1183377,1226332,-42131,-3.44,6082710,33523622579,5.95,0.75,0.00,0,2936154,3146556,884531904000,491715408000,-1709748736,4970129664,6296162816,-1326033152,8793909504,9177625088,-383715584,10585587456,10324336896,261250560,8073511936,6709610240,1363901696,-5.10,-3.96,-1.14,0.78,4.07,0,30,3,27,0,0,0,598.62,0.00,0.00,0.00,,0.00,,0.00,EastMoney,2026-06-01T20:41:54+08:00
BK1326,2026-06-01T00:00:00Z,4375672,4192972,4395026,4184357,4384577,-191605,-4.37,2275408,47575222011,3.55,0.80,0.00,0,1100859,1174548,1644667216000,1499950336000,-3877506048,6836468480,8088270592,-1251802112,12512066560,15137770496,-2625703936,23932483072,20450637312,3481845760,3622434768,3226774448,395660320,-8.15,-2.63,-5.52,7.32,0.83,0,22,1,21,0,0,0,104.78,0.00,0.00,0.00,,0.00,,0.00,EastMoney,2026-06-01T20:41:54+08:00
BK1327,2026-06-01T00:00:00Z,1781475,1701494,1787933,1698128,1796273,-94779,-5.28,4589635,33095365580,5.71,0.71,0.00,0,2159589,2430046,602905936000,550971280000,-2086152704,6283130880,7534149376,-1251018496,11155714560,11990848768,-835134208,9099176192,8667698688,431477504,5912311552,4257636192,1654675360,-6.30,-3.78,-2.52,1.30,5.00,0,18,2,16,0,0,0,-103.38,0.00,0.00,0.00,,0.00,,0.00,EastMoney,2026-06-01T20:41:54+08:00
BK1328,2026-06-01T00:00:00Z,935615,909594,954604,907091,936710,-27116,-2.89,14934800,58292294873,14.23,0.82,0.00,0,7259330,7675470,441263120000,420855200000,-4258633472,10442334208,12784049664,-2341715456,13890004224,15806922240,-1916918016,16366290432,16508542208,-142251776,16058244096,11664724480,4393519616,-7.31,-4.02,-3.29,-0.24,7.54,0,13,3,10,0,0,0,94.00,0.00,0.00,0.00,,0.00,,0.00,EastMoney,2026-06-01T20:41:54+08:00
BK1329,2026-06-01T00:00:00Z,436145,411197,437301,409624,437343,-26146,-5.98,6180163,41511788881,4.96,0.73,0.00,0,2889677,3290486,2062703136000,637711616000,-3475506944,8223318016,10901609728,-2678291712,12868539136,13665754368,-797215232,14111376640,12086790400,2024586240,5590078976,4139157840,1450921136,-8.37,-6.45,-1.92,4.88,3.50,0,8,1,7,0,0,0,232.84,0.00,0.00,0.00,,0.00,,0.00,EastMoney,2026-06-01T20:41:54+08:00
BK1330,2026-06-01T00:00:00Z,695856,669026,699079,668036,696469,-27443,-3.94,3564465,24915825629,3.86,0.87,0.00,0,1730944,1833521,609222992000,532758432000,-2965715424,2663012928,4144093728,-1481080800,5507825920,6992460544,-1484634624,9493990400,8404620288,1089370112,6922335488,5045990400,1876345088,-11.90,-5.94,-5.96,4.37,7.53,0,35,3,32,0,0,0,883.15,0.00,0.00,0.00,,0.00,,0.00,EastMoney,2026-06-01T20:41:54+08:00
BK1331,2026-06-01T00:00:00Z,2798262,2679562,2820763,2677308,2780438,-100876,-3.63,9359061,157870756529,4.29,0.85,0.00,0,4423593,4935467,4465613824000,3628617248000,-9286198016,36060331520,43163696896,-7103365376,49085191424,51268024064,-2182832640,56590550784,48731409152,7859141632,13053779712,11626723072,1427056640,-5.88,-4.50,-1.38,4.98,0.90,0,51,6,45,0,0,0,125.96,0.00,0.00,0.00,,0.00,,0.00,EastMoney,2026-06-01T20:41:54+08:00
BK1332,2026-06-01T00:00:00Z,340456,336284,348480,334716,341064,-4780,-1.40,10357518,41983928865,7.34,0.78,0.00,0,5114572,5242947,700390160000,555413168000,-2043490048,5777296384,7042014976,-1264718592,10514264576,11293036032,-778771456,13733308928,13595219200,138089728,11177456896,9282025216,1895431680,-4.87,-3.01,-1.85,0.33,4.51,0,36,11,24,1,0,0,114.06,0.00,0.00,0.00,,0.00,,0.00,EastMoney,2026-06-01T20:41:54+08:00
BK1333,2026-06-01T00:00:00Z,814124,819062,834910,812664,818966,96,0.01,10918373,13192993804,5.13,0.66,0.00,0,5217706,5700667,294022432000,256430100000,-859937760,1044745648,1334288384,-289542736,2850366672,3420761696,-570395024,4347714048,4313353728,34360320,4721406464,3895828992,825577472,-6.52,-2.19,-4.32,0.26,6.26,0,30,17,13,0,0,0,-175.21,0.00,0.00,0.00,,0.00,,0.00,EastMoney,2026-06-01T20:41:54+08:00
BK1334,2026-06-01T00:00:00Z,1715963,1684489,1743206,1682290,1722513,-38024,-2.21,6863213,25867748229,6.69,0.92,0.00,0,3709162,3154051,421555584000,388757120000,-1502437760,3431393040,4064878992,-633485952,5994432000,6863383808,-868951808,8728523008,8650378496,78144512,7012197632,5547519488,1464678144,-5.81,-2.45,-3.36,0.30,5.66,0,26,9,16,1,0,0,251.02,0.00,0.00,0.00,,0.00,,0.00,EastMoney,2026-06-01T20:41:54+08:00
BK1335,2026-06-01T00:00:00Z,350301,355585,363447,350301,351648,3937,1.12,65611996,41032999637,6.55,0.81,0.00,0,33430282,32181714,715200016000,617837872000,713538304,10130978560,8289060096,1841918464,9371543808,10499923968,-1128380160,10905666304,11729083136,-823416832,9589397248,9479723264,109673984,1.74,4.49,-2.75,-2.01,0.27,0,42,29,12,1,0,0,135.38,0.00,0.00,0.00,,0.00,,0.00,EastMoney,2026-06-01T20:41:54+08:00
BK1336,2026-06-01T00:00:00Z,1657257,1641124,1694543,1635587,1656703,-15579,-0.94,8651210,27555613574,6.50,0.77,0.00,0,4159882,4491328,477027952000,426491312000,-913169984,3227440656,3933241168,-705800512,6521237760,6728607232,-207369472,8527063552,8704099072,-177035520,8807397376,7717191936,1090205440,-3.31,-2.56,-0.75,-0.64,3.96,0,33,12,21,0,0,0,65.03,0.00,0.00,0.00,,0.00,,0.00,EastMoney,2026-06-01T20:41:54+08:00
BK1337,2026-06-01T00:00:00Z,290456,298083,302854,290456,290864,7219,2.48,1019501,4182079274,2.60,1.04,0.00,0,568280,451221,300341728000,177402048000,45999760,389588000,377334160,12253840,925714912,891968992,33745920,1422926864,1350698368,72228496,1384381440,1502473024,-118091584,1.10,0.29,0.81,1.73,-2.82,0,11,9,2,0,0,0,37.59,0.00,0.00,0.00,,0.00,,0.00,EastMoney,2026-06-01T20:41:54+08:00
BK1338,2026-06-01T00:00:00Z,1513600,1517787,1556187,1513600,1499215,18572,1.24,28145511,118689105368,3.69,0.92,0.00,0,13435621,14709889,3695124384000,3452287424000,-1368150528,23500107264,24832647680,-1332540416,31165387264,31200997376,-35610112,33227133440,33941235712,-714102272,27836777216,25657360128,2179417088,-1.15,-1.12,-0.03,-0.60,1.84,0,87,49,38,0,0,0,45.40,0.00,0.00,0.00,,0.00,,0.00,EastMoney,2026-06-01T20:41:54+08:00
BK1339,2026-06-01T00:00:00Z,1412425,1407843,1468421,1406333,1427736,-19893,-1.39,9569741,49541468320,10.61,1.10,0.00,0,4870731,4699009,590669424000,555253248000,165675520,10336659712,11048808192,-712148480,14251970304,13374146304,877824000,12770426368,13451654144,-681227776,10518267904,10021354240,496913664,0.33,-1.44,1.77,-1.38,1.00,0,19,6,13,0,0,0,75.88,0.00,0.00,0.00,,0.00,,0.00,EastMoney,2026-06-01T20:41:54+08:00
BK1340,2026-06-01T00:00:00Z,1248275,1206421,1262846,1202165,1249959,-43538,-3.48,21162242,147746433521,7.87,1.05,0.00,0,10076391,11085851,2699688160000,2351457744000,-9910082560,32808816128,40734423808,-7925607680,38192175872,40176650752,-1984474880,40711440128,38268897024,2442543104,33127318528,25637940224,7489378304,-6.71,-5.36,-1.34,1.65,5.07,0,46,11,35,0,0,0,86.04,0.00,0.00,0.00,,0.00,,0.00,EastMoney,2026-06-01T20:41:54+08:00
BK1341,2026-06-01T00:00:00Z,157572,159693,160086,154809,159265,428,0.27,1584686,468525697,2.75,1.14,0.00,0,672746,911941,21792476000,21696192000,-42794812,40974757,73796759,-32822002,101286032,111258842,-9972810,140136302,115538656,24597646,167927113,149729946,18197167,-9.13,-7.01,-2.13,5.25,3.88,0,3,1,1,1,0,0,-39.25,0.00,0.00,0.00,,0.00,,0.00,EastMoney,2026-06-01T20:41:54+08:00
BK1342,2026-06-01T00:00:00Z,141388,144063,144827,137567,141388,2675,1.89,171434,64149138,2.01,1.11,0.00,0,88555,82879,4169900000,3217546000,679431,1538756,547359,991397,10214184,10526150,-311966,16933093,22605136,-5672043,34437735,29445123,4992612,1.06,1.55,-0.49,-8.84,7.78,0,1,1,0,0,0,0,67.24,0.00,0.00,0.00,,0.00,,0.00,EastMoney,2026-06-01T20:41:54+08:00
BK1343,2026-06-01T00:00:00Z,172554,175834,177600,170426,174296,1538,0.88,1402298,944137945,2.32,1.39,0.00,0,815563,586735,33506659000,29813236000,-47768346,24110676,49927504,-25816828,175971092,197922610,-21951518,303077648,301200672,1876976,405817552,359926192,45891360,-5.06,-2.73,-2.33,0.20,4.86,0,9,6,3,0,0,0,-7.03,0.00,0.00,0.00,,0.00,,0.00,EastMoney,2026-06-01T20:41:54+08:00
BK1344,2026-06-01T00:00:00Z,236265,239787,240460,234927,236654,3133,1.32,2683222,2004621015,1.69,0.88,0.00,0,1147333,1535889,137298223000,132328883000,-130379880,208456040,298505040,-90049000,446372368,486703248,-40330880,629555520,629090672,464848,676261408,546346384,129915024,-6.50,-4.49,-2.01,0.02,6.48,0,14,11,2,1,0,0,-6.96,0.00,0.00,0.00,,0.00,,0.00,EastMoney,2026-06-01T20:41:54+08:00
BK1345,2026-06-01T00:00:00Z,126589,130603,131164,125115,126936,3667,2.89,5886122,2571936028,1.72,1.59,0.00,0,3096151,2789971,220483277000,201050451000,126522822,249904050,187626364,62277686,638337456,574092320,64245136,833405504,853737024,-20331520,782089536,888280832,-106191296,4.92,2.42,2.50,-0.79,-4.13,0,12,10,1,1,0,0,-11.08,0.00,0.00,0.00,,0.00,,0.00,EastMoney,2026-06-01T20:41:54+08:00
BK1346,2026-06-01T00:00:00Z,199421,203911,204896,197313,201209,2702,1.34,40184709,17653916456,2.80,1.19,0.00,0,20672887,19511822,622542512000,589853248000,-262930304,1933646176,2181996304,-248350128,4101520208,4116100384,-14580176,5309138944,5434452736,-125313792,5820746240,5432502016,388244224,-1.49,-1.41,-0.08,-0.71,2.20,0,66,47,16,3,0,0,-3.93,0.00,0.00,0.00,,0.00,,0.00,EastMoney,2026-06-01T20:41:54+08:00
BK1347,2026-06-01T00:00:00Z,40173,40961,41102,39549,40208,753,1.87,25546,88160229,0.22,1.06,0.00,0,13292,12254,40634940000,40634673000,2444280,0,0,0,11513890,9069610,2444280,29600272,34922877,-5322605,45431077,42552752,2878325,2.77,0.00,2.77,-6.04,3.26,0,1,1,0,0,0,0,14.36,0.00,0.00,0.00,,0.00,,0.00,EastMoney,2026-06-01T20:41:54+08:00
BK1348,2026-06-01T00:00:00Z,242662,248578,249958,240087,243070,5508,2.27,230369,241664197,1.34,0.79,0.00,0,125066,105303,19189926000,17381001000,4916694,4757879,6635767,-1877888,35703549,28908967,6794582,68955023,69854115,-899092,122707462,123801867,-1094405,2.03,-0.78,2.81,-0.37,-0.45,0,4,3,1,0,0,0,20.28,0.00,0.00,0.00,,0.00,,0.00,EastMoney,2026-06-01T20:41:54+08:00
BK1349,2026-06-01T00:00:00Z,246792,252133,252764,244113,246607,5526,2.24,1170666,788211981,1.71,0.92,0.00,0,593140,577526,46295565000,45737502000,-21598284,41361052,49875406,-8514354,158926595,172010525,-13083930,240261189,231026960,9234229,335882128,323518080,12364048,-2.74,-1.08,-1.66,1.17,1.57,0,9,7,2,0,0,0,18.13,0.00,0.00,0.00,,0.00,,0.00,EastMoney,2026-06-01T20:41:54+08:00
BK1350,2026-06-01T00:00:00Z,212024,214764,216388,210521,211621,3143,1.49,2223224,1835271986,3.08,0.87,0.00,0,1148740,1074484,71123649000,63076551000,10249622,179578884,127518110,52060774,339671840,381482992,-41811152,518626240,599564000,-80937760,759748112,689059952,70688160,0.56,2.84,-2.28,-4.41,3.85,0,15,11,3,1,0,0,35.91,0.00,0.00,0.00,,0.00,,0.00,EastMoney,2026-06-01T20:41:54+08:00
BK1351,2026-06-01T00:00:00Z,167743,166314,168175,163246,167762,-1448,-0.86,518277,365253302,2.23,0.92,0.00,0,307723,210554,17989245000,17989245000,-23261956,12894380,37102642,-24208262,69753298,68806992,946306,108311232,106431119,1880113,169006032,147624190,21381842,-6.37,-6.63,0.26,0.51,5.85,0,4,2,2,0,0,0,33.92,0.00,0.00,0.00,,0.00,,0.00,EastMoney,2026-06-01T20:41:54+08:00
BK1352,2026-06-01T00:00:00Z,214505,222236,222596,213678,214803,7433,3.46,5718049,3992937973,1.74,1.15,0.00,0,3171182,2546868,237820343000,212594060000,134337196,256730958,200203074,56527884,758678224,680868912,77809312,1238494912,1325573760,-87078848,1672119712,1719378064,-47258352,3.36,1.42,1.95,-2.18,-1.18,0,39,35,4,0,0,0,34.60,0.00,0.00,0.00,,0.00,,0.00,EastMoney,2026-06-01T20:41:54+08:00
BK1353,2026-06-01T00:00:00Z,441137,456947,457622,438475,440401,16546,3.76,558968,620993031,2.23,1.02,0.00,0,294951,264017,35158460000,30991861000,9535301,53047518,29447885,23599633,102975072,117039404,-14064332,184163592,182556219,1607373,265033846,274027104,-8993258,1.54,3.80,-2.26,0.26,-1.45,0,7,7,0,0,0,0,23.26,0.00,0.00,0.00,,0.00,,0.00,EastMoney,2026-06-01T20:41:54+08:00
BK1354,2026-06-01T00:00:00Z,75144,76060,76878,74433,75277,783,1.04,1169942,1729297637,3.65,0.84,0.00,0,568112,601830,45930646000,41675506000,-1054380,106600100,157158784,-50558684,370918896,321414592,49504304,558786672,475246192,83540480,664236864,746722976,-82486112,-0.06,-2.92,2.86,4.83,-4.77,0,11,7,4,0,0,0,-323.97,0.00,0.00,0.00,,0.00,,0.00,EastMoney,2026-06-01T20:41:54+08:00
BK1355,2026-06-01T00:00:00Z,305688,311907,315629,302200,304733,7174,2.35,660848,621139063,3.44,0.89,0.00,0,359742,301106,20464545000,19396083000,45199549,34353635,35410922,-1057287,141017108,94760272,46256836,220891750,185371567,35520183,217438109,298157840,-80719731,7.28,-0.17,7.45,5.72,-13.00,0,4,3,1,0,0,0,86.75,0.00,0.00,0.00,,0.00,,0.00,EastMoney,2026-06-01T20:41:54+08:00
BK1356,2026-06-01T00:00:00Z,62972,63883,64766,61467,63371,512,0.81,385200,153923339,2.47,1.30,0.00,0,206661,178539,5779099000,5755781000,-12351269,6739324,11032513,-4293189,35546181,43604261,-8058080,52523082,57928072,-5404990,56724874,38968614,17756260,-8.02,-2.79,-5.24,-3.51,11.54,0,2,1,1,0,0,0,-26.94,0.00,0.00,0.00,,0.00,,0.00,EastMoney,2026-06-01T20:41:54+08:00
BK1357,2026-06-01T00:00:00Z,195334,197926,198486,194684,196263,1663,0.85,1527429,1466054185,1.47,0.98,0.00,0,859709,667720,107562222000,101690902000,18220486,56305741,59473212,-3167471,261946431,240558474,21387957,407878176,449449872,-41571696,718622320,695271104,23351216,1.24,-0.22,1.46,-2.84,1.59,0,16,11,4,1,0,0,19.60,0.00,0.00,0.00,,0.00,,0.00,EastMoney,2026-06-01T20:41:54+08:00
BK1358,2026-06-01T00:00:00Z,125567,125637,126641,123907,126185,-548,-0.43,2155327,7854838736,0.28,0.81,0.00,0,1038887,1116439,2718034112000,1857801088000,394305440,1389524240,1443258048,-53733808,2454826304,2006787056,448039248,2277527056,2470249408,-192722352,1592369360,1793952432,-201583072,5.02,-0.68,5.70,-2.45,-2.57,0,5,1,3,1,0,0,6.61,0.00,0.00,0.00,,0.00,,0.00,EastMoney,2026-06-01T20:41:54+08:00
BK1359,2026-06-01T00:00:00Z,205539,208306,208792,203972,205442,2864,1.39,2799382,1735443847,0.76,0.95,0.00,0,1528940,1270443,255701713000,255659120000,78970031,170948386,141115539,29832847,422986304,373849120,49137184,515857792,594231360,-78373568,599419616,600016064,-596448,4.55,1.72,2.83,-4.52,-0.03,0,10,8,2,0,0,0,20.13,0.00,0.00,0.00,,0.00,,0.00,EastMoney,2026-06-01T20:41:54+08:00
BK1360,2026-06-01T00:00:00Z,516740,538893,543311,515871,515823,23070,4.47,949734,1522850714,3.95,1.17,0.00,0,527518,422217,41784703000,37771253000,-13759001,200131454,147198183,52933271,366320672,433012944,-66692272,484934224,493643664,-8709440,453658480,431190032,22468448,-0.90,3.48,-4.38,-0.57,1.48,0,3,3,0,0,0,0,36.10,0.00,0.00,0.00,,0.00,,0.00,EastMoney,2026-06-01T20:41:54+08:00
BK1361,2026-06-01T00:00:00Z,55636,55642,56431,54758,55899,-257,-0.46,499976,925834186,1.51,1.25,0.00,0,251151,248825,54752758000,50300772000,-28509284,38426511,53418198,-14991687,132238797,145756394,-13517597,288386944,270969888,17417056,439010240,427918000,11092240,-3.08,-1.62,-1.46,1.88,1.20,0,4,2,2,0,0,0,26.02,0.00,0.00,0.00,,0.00,,0.00,EastMoney,2026-06-01T20:41:54+08:00
BK1363,2026-06-01T00:00:00Z,207770,208380,209671,204981,207866,514,0.25,1295839,450763381,0.79,0.98,0.00,0,666279,629561,76504939000,63116489000,6697313,37811363,35734434,2076929,90365096,85744712,4620384,145471958,150540282,-5068324,172063097,173692085,-1628988,1.49,0.46,1.03,-1.12,-0.36,0,3,2,1,0,0,0,16.07,0.00,0.00,0.00,,0.00,,0.00,EastMoney,2026-06-01T20:41:54+08:00
BK1364,2026-06-01T00:00:00Z,388519,393829,396182,384147,389363,4466,1.15,490951,587215080,1.41,0.89,0.00,0,251753,239198,42719179000,42666949000,-20830668,29661514,36686356,-7024842,103386982,117192808,-13805826,189480996,180324851,9156145,255036917,243362394,11674523,-3.55,-1.20,-2.35,1.56,1.99,0,4,3,1,0,0,0,60.11,0.00,0.00,0.00,,0.00,,0.00,EastMoney,2026-06-01T20:41:54+08:00
BK1365,2026-06-01T00:00:00Z,287534,291217,292624,286186,288178,3039,1.05,1404570,731976327,1.07,0.94,0.00,0,755132,649437,73949776000,70718757000,-237385,55141121,59247533,-4106412,137172565,133303538,3869027,224703792,247378214,-22674422,300557168,277645360,22911808,-0.03,-0.56,0.53,-3.10,3.13,0,3,2,1,0,0,0,20.72,0.00,0.00,0.00,,0.00,,0.00,EastMoney,2026-06-01T20:41:54+08:00
BK1366,2026-06-01T00:00:00Z,13439306,13520030,13546836,13364096,13475909,44121,0.33,27013133,32514398218,1.01,0.90,0.00,0,13410866,13602267,3401180768000,2891397760000,-470197248,5497691392,5482921216,14770176,8668423168,9153390592,-484967424,9828553728,9501510912,327042816,8017008384,7873853952,143154432,-1.45,0.05,-1.49,1.01,0.44,0,49,34,14,1,0,0,14.39,0.00,0.00,0.00,,0.00,,0.00,EastMoney,2026-06-01T20:41:54+08:00
BK1367,2026-06-01T00:00:00Z,85006,86537,86744,84385,85023,1514,1.78,12641193,3738337950,0.90,0.87,0.00,0,7090514,5550679,495002784000,450994112000,184713152,617703616,505717824,111985792,951476928,878749568,72727360,1007152160,1165675488,-158523328,1101741344,1127931168,-26189824,4.94,3.00,1.95,-4.24,-0.70,0,18,17,1,0,0,0,15925.28,0.00,0.00,0.00,,0.00,,0.00,EastMoney,2026-06-01T20:41:54+08:00
BK1368,2026-06-01T00:00:00Z,67253,69145,69805,66439,67410,1735,2.57,1442064,697285732,2.43,1.34,0.00,0,734175,707889,29434121000,29124125000,41663136,81248855,42555827,38693028,165790147,162820039,2970108,213028687,235214869,-22186182,209138922,228615876,-19476954,5.98,5.55,0.43,-3.18,-2.79,0,3,2,1,0,0,0,17.16,0.00,0.00,0.00,,0.00,,0.00,EastMoney,2026-06-01T20:41:54+08:00
BK1369,2026-06-01T00:00:00Z,55346,56615,56880,54532,55287,1328,2.40,645203,169828794,0.84,1.34,0.00,0,390587,254616,19255531000,19182092000,3127218,7935516,3999057,3936459,33049401,33858642,-809241,49765090,58403196,-8638106,76784598,71273710,5510888,1.84,2.32,-0.48,-5.09,3.24,0,3,3,0,0,0,0,-6.40,0.00,0.00,0.00,,0.00,,0.00,EastMoney,2026-06-01T20:41:54+08:00
BK1370,2026-06-01T00:00:00Z,215797,218099,219259,214774,217084,1015,0.47,2507366,2297501569,1.07,0.91,0.00,0,1341299,1166067,191589088000,185044025000,34475993,191221366,147409629,43811737,500747296,510083040,-9335744,678435152,710605760,-32170608,890090496,892395904,-2305408,1.50,1.91,-0.41,-1.40,-0.10,0,13,9,4,0,0,0,22.76,0.00,0.00,0.00,,0.00,,0.00,EastMoney,2026-06-01T20:41:54+08:00
BK1371,2026-06-01T00:00:00Z,187130,188099,190587,184869,187502,597,0.32,703622,1351872245,1.75,0.78,0.00,0,347595,356027,84495779000,74335213000,78609957,114176567,63686406,50490161,296121472,268001676,28119796,414518400,437911776,-23393376,501876272,557092848,-55216576,5.81,3.73,2.08,-1.73,-4.08,0,5,3,2,0,0,0,48.75,0.00,0.00,0.00,,0.00,,0.00,EastMoney,2026-06-01T20:41:54+08:00
BK1372,2026-06-01T00:00:00Z,596094,600671,603830,592842,596212,4459,0.75,1680464,757135044,1.04,0.92,0.00,0,915221,765243,90945169000,86652289000,27065503,91881250,52803433,39077817,149091618,161103932,-12012314,228912725,239297161,-10384436,276258960,292940032,-16681072,3.57,5.16,-1.59,-1.37,-2.20,0,4,3,1,0,0,0,33.30,0.00,0.00,0.00,,0.00,,0.00,EastMoney,2026-06-01T20:41:54+08:00
BK1373,2026-06-01T00:00:00Z,398387,399432,400745,382231,397535,1897,0.48,13088243,10921845680,4.34,1.40,0.00,0,6546413,6541830,270035344000,255620576000,-245404976,1037692288,1101038784,-63346496,2574149616,2756208096,-182058480,3637915664,3478913328,159002336,3415780016,3329377376,86402640,-2.25,-0.58,-1.67,1.46,0.79,0,16,8,7,1,0,0,29.49,0.00,0.00,0.00,,0.00,,0.00,EastMoney,2026-06-01T20:41:54+08:00
BK1374,2026-06-01T00:00:00Z,252947,256939,257466,245289,251920,5019,1.99,19761405,12496055781,3.36,1.50,0.00,0,10565701,9195704,764344624000,425906368000,125229808,1485066576,1383552992,101513584,3043441408,3019725184,23716224,3995122240,4145503296,-150381056,3652590688,3627439440,25151248,1.00,0.81,0.19,-1.20,0.20,0,15,10,5,0,0,0,41.52,0.00,0.00,0.00,,0.00,,0.00,EastMoney,2026-06-01T20:41:54+08:00
BK1375,2026-06-01T00:00:00Z,413248,414849,417098,403098,409900,4949,1.21,15532812,9690216784,5.85,1.05,0.00,0,7920308,7612504,168623231000,160101444000,-239256992,912728432,935674144,-22945712,2241843488,2458154768,-216311280,3081105936,3286405232,-205299296,3228629680,2784073392,444556288,-2.47,-0.24,-2.23,-2.12,4.59,0,13,10,3,0,0,0,-445.79,0.00,0.00,0.00,,0.00,,0.00,EastMoney,2026-06-01T20:41:54+08:00
BK1376,2026-06-01T00:00:00Z,65637,66691,66798,65004,65471,1220,1.86,4334713,3037189917,0.68,1.54,0.00,0,2548581,1786131,533366992000,391207696000,88553888,541246144,477700432,63545712,767601072,742592896,25008176,936456944,888648624,47808320,751006768,887368976,-136362208,2.92,2.09,0.82,1.57,-4.49,0,3,3,0,0,0,0,25.38,0.00,0.00,0.00,,0.00,,0.00,EastMoney,2026-06-01T20:41:54+08:00
BK1377,2026-06-01T00:00:00Z,313935,313213,313935,296175,308646,4567,1.48,101094503,78838527878,6.37,1.54,0.00,0,50618483,50476019,1393533168000,1169814160000,-1769625600,12120939520,12405164800,-284225280,18174211328,19659611648,-1485400320,23487726336,23804249344,-316523008,22889950208,20803801856,2086148352,-2.24,-0.36,-1.88,-0.40,2.65,0,34,20,14,0,0,0,17.72,0.00,0.00,0.00,,0.00,,0.00,EastMoney,2026-06-01T20:41:54+08:00
BK1378,2026-06-01T00:00:00Z,172027,174280,174529,167594,171825,2455,1.43,575972,260612848,1.99,1.00,0.00,0,298182,277790,12986929000,11367382000,-7337049,14830624,14941154,-110530,51544703,58771222,-7226519,90445517,94610268,-4164751,97796423,86294623,11501800,-2.82,-0.04,-2.77,-1.60,4.41,0,2,1,1,0,0,0,37.65,0.00,0.00,0.00,,0.00,,0.00,EastMoney,2026-06-01T20:41:54+08:00
BK1379,2026-06-01T00:00:00Z,356266,360816,361065,345774,356617,4199,1.18,7685361,8798525486,5.44,0.99,0.00,0,3762358,3923003,154368243000,147123459000,-561820768,678145824,872235616,-194089792,1864239888,2231970864,-367730976,2889369904,2920675584,-31305680,3131092816,2537966368,593126448,-6.39,-2.21,-4.18,-0.36,6.74,0,18,15,3,0,0,0,55.87,0.00,0.00,0.00,,0.00,,0.00,EastMoney,2026-06-01T20:41:54+08:00
BK1380,2026-06-01T00:00:00Z,438915,442760,443291,420911,438385,4375,1.00,8048290,10993407776,1.19,1.28,0.00,0,4052162,3996129,1195348112000,1186980032000,481622704,1723135552,1225928240,497207312,2720260368,2735844976,-15584608,3412771680,3633855936,-221084256,2901296448,3161834912,-260538464,4.38,4.52,-0.14,-2.01,-2.37,0,10,6,4,0,0,0,19.56,0.00,0.00,0.00,,0.00,,0.00,EastMoney,2026-06-01T20:41:54+08:00
BK1381,2026-06-01T00:00:00Z,195158,202810,203127,194783,194813,7997,4.10,6032139,5726160086,2.25,1.02,0.00,0,3455418,2576722,296332960000,281706000000,204800896,418240640,310027360,108213280,1180237584,1083649968,96587616,1830154240,1934880544,-104726304,2183882848,2279636688,-95753840,3.58,1.89,1.69,-1.83,-1.67,0,32,31,0,1,0,0,24.12,0.00,0.00,0.00,,0.00,,0.00,EastMoney,2026-06-01T20:41:54+08:00
BK1382,2026-06-01T00:00:00Z,390140,392525,396536,390109,389612,2913,0.75,2281142,4359920735,2.55,0.89,0.00,0,1150082,1131060,152125130000,145953308000,-246614606,238701794,394156000,-155454206,873460608,964621008,-91160400,1387397392,1386423968,973424,1740237792,1494596608,245641184,-5.66,-3.57,-2.09,0.02,5.63,0,12,10,2,0,0,0,171.26,0.00,0.00,0.00,,0.00,,0.00,EastMoney,2026-06-01T20:41:54+08:00
BK1383,2026-06-01T00:00:00Z,511009,513240,520525,511009,513323,-83,-0.02,1902613,5169495063,1.44,0.76,0.00,0,926590,976024,506344608000,388026704000,-272320656,696616464,781691504,-85075040,1167143808,1354389424,-187245616,1570002736,1528726288,41276448,1653399088,1422354896,231044192,-5.27,-1.65,-3.62,0.80,4.47,0,10,6,4,0,0,0,30.46,0.00,0.00,0.00,,0.00,,0.00,EastMoney,2026-06-01T20:41:54+08:00
BK1384,2026-06-01T00:00:00Z,452511,452108,457446,451461,453410,-1302,-0.29,6570111,22957025831,1.86,0.84,0.00,0,3235040,3335071,1067895920000,964656336000,-1826142336,2308789824,3199500224,-890710400,5049749248,5985181184,-935431936,7208635392,7152049920,56585472,7975925760,6200290304,1775635456,-7.95,-3.88,-4.07,0.25,7.73,0,49,28,20,1,0,0,82.14,0.00,0.00,0.00,,0.00,,0.00,EastMoney,2026-06-01T20:41:54+08:00
BK1385,2026-06-01T00:00:00Z,568891,562546,576960,562011,569519,-6973,-1.22,1770031,6735861966,1.84,0.71,0.00,0,822446,947585,442384432000,318491760000,-633029264,596541248,799225152,-202683904,1264798048,1695143408,-430345360,2153056992,2135983888,17073104,2589994576,1974038432,615956144,-9.40,-3.01,-6.39,0.25,9.14,0,9,3,6,0,0,0,479.68,0.00,0.00,0.00,,0.00,,0.00,EastMoney,2026-06-01T20:41:54+08:00
BK1386,2026-06-01T00:00:00Z,716271,714515,728974,713570,719024,-4509,-0.63,9434493,29729352950,3.14,0.77,0.00,0,4621859,4812635,1115582512000,859751328000,-923230512,3501708096,3507002224,-5294128,6581227520,7499163904,-917936384,9370676480,9465371392,-94694912,9663368448,8645438208,1017930240,-3.11,-0.02,-3.09,-0.32,3.42,0,63,24,39,0,0,0,197.78,0.00,0.00,0.00,,0.00,,0.00,EastMoney,2026-06-01T20:41:54+08:00
BK1387,2026-06-01T00:00:00Z,388281,392916,396025,386198,389550,3366,0.86,3308065,5212925720,2.88,0.72,0.00,0,1726430,1581635,173027302000,164101181000,-220665280,403172784,603541904,-200369120,1080705712,1101001872,-20296160,1673001968,1510194368,162807600,1949902272,1891195920,58706352,-4.23,-3.84,-0.39,3.12,1.13,0,26,16,10,0,0,0,89.37,0.00,0.00,0.00,,0.00,,0.00,EastMoney,2026-06-01T20:41:54+08:00
BK1388,2026-06-01T00:00:00Z,356892,362576,365886,355347,357316,5260,1.47,817273,1149550487,4.34,0.99,0.00,0,417638,399635,82912718000,25525537000,-24550262,64009654,101312969,-37303315,252844196,240091143,12753053,371097216,320815728,50281488,443635760,468349472,-24713712,-2.14,-3.25,1.11,4.37,-2.15,0,8,6,2,0,0,0,167.90,0.00,0.00,0.00,,0.00,,0.00,EastMoney,2026-06-01T20:41:54+08:00
BK1389,2026-06-01T00:00:00Z,321538,325690,326479,319666,321598,4092,1.27,6602071,7424840545,2.41,1.17,0.00,0,3316405,3285666,345309728000,272187152000,72854400,614246560,668407408,-54160848,1631056848,1504041600,127015248,2381849728,2318118640,63731088,2676923920,2812715360,-135791440,0.98,-0.73,1.71,0.86,-1.83,0,34,28,6,0,0,0,24.99,0.00,0.00,0.00,,0.00,,0.00,EastMoney,2026-06-01T20:41:54+08:00
BK1390,2026-06-01T00:00:00Z,205230,210912,211887,204495,205197,5715,2.79,7359795,5743845436,1.73,1.24,0.00,0,4106051,3253744,302534064000,280114064000,19008880,358384624,428418304,-70033680,1224497536,1135454976,89042560,1726930208,1783704224,-56774016,2350201104,2312435968,37765136,0.33,-1.22,1.55,-0.99,0.66,0,52,43,7,2,0,0,26.99,0.00,0.00,0.00,,0.00,,0.00,EastMoney,2026-06-01T20:41:54+08:00
BK1391,2026-06-01T00:00:00Z,187750,192027,193022,186538,187569,4458,2.38,3173556,2142259014,3.31,0.99,0.00,0,1637473,1536084,76948979000,69473049000,-108377121,80438161,165085458,-84647297,516008560,539738384,-23729824,701079872,698041312,3038560,807660688,702322128,105338560,-5.06,-3.95,-1.11,0.14,4.92,0,15,13,2,0,0,0,-25.08,0.00,0.00,0.00,,0.00,,0.00,EastMoney,2026-06-01T20:41:54+08:00
BK1392,2026-06-01T00:00:00Z,1696391,1703694,1727147,1684760,1691020,12674,0.75,383558,2226740042,1.27,0.82,0.00,0,204429,179130,215255626000,199222311000,74954223,131375037,126137518,5237519,485920176,416203472,69716704,778190592,723155584,55035008,784183904,914536304,-130352400,3.37,0.24,3.13,2.47,-5.85,0,13,10,3,0,0,0,54.26,0.00,0.00,0.00,,0.00,,0.00,EastMoney,2026-06-01T20:41:54+08:00
BK1393,2026-06-01T00:00:00Z,453179,457911,460756,452453,454760,3151,0.69,6258667,7895466611,1.45,0.89,0.00,0,3213909,3044758,572040704000,503012448000,-208990080,865309760,756122336,109187424,1918187552,2236365056,-318177504,2374222992,2410691344,-36468352,2582268640,2355636800,226631840,-2.65,1.38,-4.03,-0.46,2.87,0,22,15,7,0,0,0,19.06,0.00,0.00,0.00,,0.00,,0.00,EastMoney,2026-06-01T20:41:54+08:00
BK1394,2026-06-01T00:00:00Z,175812,180257,181063,175812,177671,2586,1.46,5743548,5341357867,1.10,1.01,0.00,0,2890752,2852796,440916544000,367421344000,82393792,715611904,688037776,27574128,1273474608,1218654944,54819664,1626809712,1769995136,-143185424,1571049920,1509392752,61657168,1.54,0.52,1.03,-2.68,1.15,0,32,27,5,0,0,0,20.39,0.00,0.00,0.00,,0.00,,0.00,EastMoney,2026-06-01T20:41:54+08:00
BK1395,2026-06-01T00:00:00Z,202728,200677,204321,200150,203000,-2323,-1.14,1794132,3546365997,1.91,0.68,0.00,0,854382,939750,149872633000,121577036000,-133338993,227372863,300983840,-73610977,697961632,757689648,-59728016,1109480560,978816272,130664288,1457240944,1454144464,3096480,-3.76,-2.08,-1.68,3.68,0.09,0,20,6,12,2,0,0,79.06,0.00,0.00,0.00,,0.00,,0.00,EastMoney,2026-06-01T20:41:54+08:00
BK1396,2026-06-01T00:00:00Z,597980,603753,611781,597980,600177,3576,0.60,13581294,25728693531,4.33,0.86,0.00,0,7037062,6544232,835205168000,594554416000,-900781648,2345998192,2716167360,-370169168,5676949760,6207562240,-530612480,8007146752,8101462272,-94315520,9146647040,8145285120,1001361920,-3.50,-1.44,-2.06,-0.37,3.89,0,80,50,30,0,0,0,91.42,0.00,0.00,0.00,,0.00,,0.00,EastMoney,2026-06-01T20:41:54+08:00
BK1397,2026-06-01T00:00:00Z,913045,915548,944471,908440,919137,-3589,-0.39,4641804,11178220299,9.50,0.87,0.00,0,2172211,2469593,146906586000,124764006000,-711786928,1284795408,1682550512,-397755104,2399988000,2714019824,-314031824,3314847600,3195542640,119304960,3542789664,2943136864,599652800,-6.37,-3.56,-2.81,1.07,5.36,0,14,5,9,0,0,0,-15425.91,0.00,0.00,0.00,,0.00,,0.00,EastMoney,2026-06-01T20:41:54+08:00
BK1398,2026-06-01T00:00:00Z,597821,606953,612987,596719,598425,8528,1.43,7439235,15337796369,3.71,0.97,0.00,0,3852850,3586385,447474192000,379757808000,-28573248,1548187184,1526483440,21703744,3590684160,3640961152,-50276992,4477408512,4623918592,-146510080,4771789056,4743802624,27986432,-0.19,0.14,-0.33,-0.96,0.18,0,56,37,19,0,0,0,87.95,0.00,0.00,0.00,,0.00,,0.00,EastMoney,2026-06-01T20:41:54+08:00
BK1400,2026-06-01T00:00:00Z,447562,448431,455100,446697,449512,-1081,-0.24,2830603,6494144168,4.42,0.95,0.00,0,1394799,1435803,177696614000,138279197000,-530279328,384742768,652799968,-268057200,1169332864,1431554992,-262222128,2142279424,2274046832,-131767408,2688821120,2028091024,660730096,-8.17,-4.13,-4.04,-2.03,10.17,0,20,12,8,0,0,0,57.55,0.00,0.00,0.00,,0.00,,0.00,EastMoney,2026-06-01T20:41:54+08:00
BK1401,2026-06-01T00:00:00Z,403622,405828,409092,401781,404225,1603,0.40,3191898,3852865894,4.81,0.87,0.00,0,1475853,1716045,90507485000,88579663000,-178036112,373908560,481666144,-107757584,798153008,868431536,-70278528,1062307728,1130725760,-68418032,1510252320,1263798176,246454144,-4.62,-2.80,-1.82,-1.78,6.40,0,13,8,5,0,0,0,97.38,0.00,0.00,0.00,,0.00,,0.00,EastMoney,2026-06-01T20:41:54+08:00
BK1402,2026-06-01T00:00:00Z,245975,250594,252607,245137,245224,5370,2.19,1523026,1874964981,2.15,1.15,0.00,0,844108,678918,89756214000,80791608000,191665441,310128064,187041775,123086289,435493968,366914816,68579152,512196096,615517456,-103321360,578649120,666613312,-87964192,10.22,6.56,3.66,-5.51,-4.69,0,16,11,5,0,0,0,41.23,0.00,0.00,0.00,,0.00,,0.00,EastMoney,2026-06-01T20:41:54+08:00
BK1403,2026-06-01T00:00:00Z,230041,234975,236608,229568,230788,4187,1.81,9261645,12913862975,1.67,0.97,0.00,0,4883323,4378322,599793760000,501527152000,435712432,1714743696,1402216944,312526752,3183954416,3060768736,123185680,3863783984,4058160240,-194376256,3943809664,4184203424,-240393760,3.37,2.42,0.95,-1.51,-1.86,0,61,46,13,2,0,0,41.63,0.00,0.00,0.00,,0.00,,0.00,EastMoney,2026-06-01T20:41:54+08:00
BK1404,2026-06-01T00:00:00Z,171256,175630,176371,170856,171592,4038,2.35,453216,413106937,1.25,0.64,0.00,0,235168,218048,49788938000,31889020000,-5118981,7077958,9523749,-2445791,62683220,65356410,-2673190,123674290,133567038,-9892748,205834498,188053408,17781090,-1.24,-0.59,-0.65,-2.39,4.30,0,10,10,0,0,0,0,119.66,0.00,0.00,0.00,,0.00,,0.00,EastMoney,2026-06-01T20:41:54+08:00
BK1405,2026-06-01T00:00:00Z,590910,595492,604155,590355,592393,3099,0.52,8512397,32852823885,3.39,0.74,0.00,0,4241732,4270665,907636048000,772864368000,-1332957280,4177863072,4672066048,-494202976,7798353408,8637107712,-838754304,10627133952,10707711488,-80577536,9603848704,8174684672,1429164032,-4.06,-1.50,-2.55,-0.25,4.35,0,91,60,31,0,0,0,84.22,0.00,0.00,0.00,,0.00,,0.00,EastMoney,2026-06-01T20:41:54+08:00
BK1406,2026-06-01T00:00:00Z,233804,238172,240297,232583,233890,4282,1.83,892222,1267158323,2.90,0.83,0.00,0,442995,449226,53664558000,42340605000,2335220,67506753,91418144,-23911391,238828597,212581986,26246611,381399408,368125440,13273968,563658304,577173040,-13514736,0.18,-1.89,2.07,1.05,-1.07,0,12,9,2,1,0,0,49.38,0.00,0.00,0.00,,0.00,,0.00,EastMoney,2026-06-01T20:41:54+08:00
BK1407,2026-06-01T00:00:00Z,623376,622246,632461,619870,623194,-948,-0.15,4010901,17864190309,3.10,0.74,0.00,0,2016114,1994788,524956816000,459042400000,-554757344,2689950192,3045472000,-355521808,4164528944,4363764480,-199235536,5508585984,5262628096,245957888,5017670912,4766621440,251049472,-3.11,-1.99,-1.12,1.38,1.41,0,32,19,13,0,0,0,59.29,0.00,0.00,0.00,,0.00,,0.00,EastMoney,2026-06-01T20:41:54+08:00
BK1408,2026-06-01T00:00:00Z,978750,980778,997466,974171,982419,-1641,-0.17,2623768,8976251249,3.65,0.57,0.00,0,1292706,1331061,225450354000,200175343000,-889260720,821757920,1314833456,-493075536,1889240912,2285426096,-396185184,3665172384,3243403504,421768880,2385889024,1908562256,477326768,-9.91,-5.49,-4.41,4.70,5.32,0,21,10,10,1,0,0,-1023.03,0.00,0.00,0.00,,0.00,,0.00,EastMoney,2026-06-01T20:41:54+08:00
BK1409,2026-06-01T00:00:00Z,2052115,1982104,2088888,1978062,2044299,-62195,-3.04,2513581,24504974587,6.42,0.84,0.00,0,1245378,1268203,388562864000,373566720000,-2253665280,4578135552,5769097216,-1190961664,5925500928,6988204544,-1062703616,7616375808,6981353472,635022336,5935794944,4317152000,1618642944,-9.20,-4.86,-4.34,2.59,6.61,0,10,1,9,0,0,0,138.51,0.00,0.00,0.00,,0.00,,0.00,EastMoney,2026-06-01T20:41:54+08:00
BK1410,2026-06-01T00:00:00Z,789130,775551,798809,773754,793439,-17888,-2.25,2117999,14463073425,3.97,0.84,0.00,0,1063859,1054140,363252032000,281939280000,-1024206144,2101765296,2703641840,-601876544,3413364768,3835694368,-422329600,5234561792,4814885632,419676160,2856350512,2325499616,530850896,-7.08,-4.16,-2.92,2.90,3.67,0,31,10,21,0,0,0,134.12,0.00,0.00,0.00,,0.00,,0.00,EastMoney,2026-06-01T20:41:54+08:00
BK1411,2026-06-01T00:00:00Z,219993,222120,228768,219968,221043,1077,0.49,1218611,8262527308,4.31,0.93,0.00,0,620754,597857,142242579000,133681586000,-565522768,1308612464,1821154880,-512542416,2225209200,2278189552,-52980352,2390908896,2364817920,26090976,1973392752,1451369984,522022768,-6.84,-6.20,-0.64,0.32,6.32,0,12,8,4,0,0,0,159.63,0.00,0.00,0.00,,0.00,,0.00,EastMoney,2026-06-01T20:41:54+08:00
BK1412,2026-06-01T00:00:00Z,250412,253402,262123,247671,251907,1495,0.59,430291,440281926,0.87,1.20,0.00,0,221934,208357,50469071000,50361744000,7756793,29991550,34640686,-4649136,90818565,78412636,12405929,154896629,135516092,19380537,161816582,188953913,-27137331,1.76,-1.06,2.82,4.40,-6.16,0,1,1,0,0,0,0,24.96,0.00,0.00,0.00,,0.00,,0.00,EastMoney,2026-06-01T20:41:54+08:00
BK1413,2026-06-01T00:00:00Z,163455,169224,170479,162254,164013,5211,3.18,2767409,1706124460,2.98,1.42,0.00,0,1450562,1316846,76295915000,61639207000,69762856,130044370,86812586,43231784,347643744,321112672,26531072,587341920,525133408,62208512,623082720,755054096,-131971376,4.09,2.53,1.56,3.65,-7.74,0,10,9,1,0,0,0,49.07,0.00,0.00,0.00,,0.00,,0.00,EastMoney,2026-06-01T20:41:54+08:00
BK1414,2026-06-01T00:00:00Z,61677,62955,63763,61283,61575,1380,2.24,595409,461653750,1.94,0.98,0.00,0,289727,305682,23565606000,19153270000,-15952374,31899219,50524383,-18625164,93812347,91139557,2672790,128835066,122227961,6607105,204491236,195145967,9345269,-3.46,-4.03,0.58,1.43,2.02,0,5,4,1,0,0,0,151565.14,0.00,0.00,0.00,,0.00,,0.00,EastMoney,2026-06-01T20:41:54+08:00
BK1415,2026-06-01T00:00:00Z,358869,359598,366914,357785,361780,-2182,-0.60,2429465,3089218272,5.09,1.24,0.00,0,1263583,1165882,112775967000,91229486000,-309556992,281870720,553391136,-271520416,647635632,685672208,-38036576,956466640,863913744,92552896,1080452928,867065536,213387392,-10.02,-8.79,-1.23,3.00,6.91,0,8,5,3,0,0,0,70.11,0.00,0.00,0.00,,0.00,,0.00,EastMoney,2026-06-01T20:41:54+08:00
BK1416,2026-06-01T00:00:00Z,155625,158676,160991,154518,158781,-105,-0.07,2153671,865360334,4.33,0.97,0.00,0,1096843,1056828,23841507000,23834761000,-13309453,62156523,56806705,5349818,197004492,215663763,-18659271,286422624,285638576,784048,302145504,289620096,12525408,-1.54,0.62,-2.16,0.09,1.45,0,3,1,2,0,0,0,73.69,0.00,0.00,0.00,,0.00,,0.00,EastMoney,2026-06-01T20:41:54+08:00
BK1417,2026-06-01T00:00:00Z,103632,107170,107405,103429,103503,3667,3.54,1239462,795608152,1.65,1.25,0.00,0,701416,538046,52932630000,50038697000,18906822,58075236,32768900,25306336,181016504,187416018,-6399514,241996406,259394591,-17398185,308668000,310176640,-1508640,2.38,3.18,-0.80,-2.19,-0.19,0,5,5,0,0,0,0,-196.74,0.00,0.00,0.00,,0.00,,0.00,EastMoney,2026-06-01T20:41:54+08:00
BK1418,2026-06-01T00:00:00Z,212358,218659,219060,212358,212389,6270,2.95,4186967,2855999941,1.53,0.82,0.00,0,2328995,1857972,157143565000,153171243000,64685120,283882864,315734896,-31852032,668920464,572383312,96537152,891176432,902131904,-10955472,970900192,1024629824,-53729632,2.26,-1.12,3.38,-0.38,-1.88,0,15,13,1,1,0,0,56.59,0.00,0.00,0.00,,0.00,,0.00,EastMoney,2026-06-01T20:41:54+08:00
BK1419,2026-06-01T00:00:00Z,176259,180132,181048,175967,176260,3872,2.20,2317198,3152826936,1.42,0.99,0.00,0,1300080,1017118,260475104000,258596521000,153902960,348376272,284129536,64246736,693009664,603353440,89656224,972522000,1029865072,-57343072,1089946848,1186506736,-96559888,4.88,2.04,2.84,-1.82,-3.06,0,10,9,0,1,0,0,18.70,0.00,0.00,0.00,,0.00,,0.00,EastMoney,2026-06-01T20:41:54+08:00
BK1420,2026-06-01T00:00:00Z,317121,323728,324805,316872,317368,6360,2.00,2208226,3816290246,1.96,1.09,0.00,0,1228765,979461,167354694000,159886783000,370928,275486752,299942800,-24456048,862670560,837843584,24826976,1255639040,1242662144,12976896,1338730528,1346618080,-7887552,0.01,-0.64,0.65,0.34,-0.21,0,18,15,3,0,0,0,36.78,0.00,0.00,0.00,,0.00,,0.00,EastMoney,2026-06-01T20:41:54+08:00
BK1421,2026-06-01T00:00:00Z,180914,187726,189851,180413,181240,6486,3.58,1633810,1115171207,2.08,0.96,0.00,0,896793,737017,64566945000,58294641000,152449596,197253597,88583462,108670135,252346278,208566817,43779461,305245856,377816080,-72570224,351697088,431576448,-79879360,13.67,9.74,3.93,-6.51,-7.16,0,6,6,0,0,0,0,137.95,0.00,0.00,0.00,,0.00,,0.00,EastMoney,2026-06-01T20:41:54+08:00
BK1422,2026-06-01T00:00:00Z,308338,316759,321336,308338,307228,9531,3.10,1695033,4667349561,2.44,0.64,0.00,0,837376,857658,139279122000,114168927000,235519856,749449136,500845824,248603312,1082807664,1095891120,-13083456,1284050000,1478720464,-194670464,1454422496,1495271904,-40849408,5.05,5.33,-0.28,-4.17,-0.88,0,11,11,0,0,0,0,72.73,0.00,0.00,0.00,,0.00,,0.00,EastMoney,2026-06-01T20:41:54+08:00
BK1423,2026-06-01T00:00:00Z,149778,154155,156204,149159,150347,3808,2.53,1860144,2042176485,2.30,0.82,0.00,0,950408,909736,92822363000,82929640000,105145372,229516692,160260840,69255852,426218992,390329472,35889520,609368480,607403408,1965072,754837504,861947936,-107110432,5.15,3.39,1.76,0.10,-5.24,0,13,11,2,0,0,0,29.58,0.00,0.00,0.00,,0.00,,0.00,EastMoney,2026-06-01T20:41:54+08:00
BK1424,2026-06-01T00:00:00Z,1342502,1397585,1418020,1342416,1340208,57377,4.28,4004995,13208153020,4.37,0.97,0.00,0,2058019,1946975,302390544000,283498416000,792137408,2689882160,2040392496,649489664,3438485408,3295837664,142647744,3697115904,4057688016,-360572112,3189835952,3621401248,-431565296,6.00,4.92,1.08,-2.73,-3.27,0,10,10,0,0,0,0,31.33,0.00,0.00,0.00,,0.00,,0.00,EastMoney,2026-06-01T20:41:54+08:00
BK1425,2026-06-01T00:00:00Z,332297,343292,348680,332297,337431,5861,1.74,1175945,2446063330,10.87,1.28,0.00,0,660132,515813,25993281000,25198646000,-40893060,185904025,208045837,-22141812,572083312,590834560,-18751248,884408592,863972480,20436112,744661600,724204624,20456976,-1.67,-0.91,-0.77,0.84,0.84,0,5,4,1,0,0,0,53.29,0.00,0.00,0.00,,0.00,,0.00,EastMoney,2026-06-01T20:41:54+08:00
BK1426,2026-06-01T00:00:00Z,357420,368027,369130,356993,358230,9797,2.73,1233105,4301385825,2.23,1.04,0.00,0,636719,596386,273094800000,267962253000,230135632,478679296,401364208,77315088,1200098304,1047277760,152820544,1352414240,1325502352,26911888,1225204320,1478920640,-253716320,5.35,1.80,3.55,0.63,-5.90,0,9,9,0,0,0,0,19.88,0.00,0.00,0.00,,0.00,,0.00,EastMoney,2026-06-01T20:41:54+08:00
BK1427,2026-06-01T00:00:00Z,462118,470462,471012,458740,462078,8384,1.81,2055774,3008822228,2.09,0.87,0.00,0,1094095,961679,136310907000,128802175000,132294895,189251951,143726944,45525007,709183856,622413968,86769888,1016904544,1013119344,3785200,1057391264,1193471360,-136080096,4.40,1.51,2.88,0.13,-4.52,0,13,11,2,0,0,0,45.02,0.00,0.00,0.00,,0.00,,0.00,EastMoney,2026-06-01T20:41:54+08:00
BK1428,2026-06-01T00:00:00Z,447970,454246,458312,447150,448690,5556,1.24,7446237,13700745558,2.82,0.89,0.00,0,3953664,3492573,503063984000,406852640000,-241963280,1180014384,1404075360,-224060976,2976529904,2994432208,-17902304,4301785088,4240599136,61185952,4907433984,4714191872,193242112,-1.77,-1.64,-0.13,0.45,1.41,0,80,56,23,1,0,0,105.00,0.00,0.00,0.00,,0.00,,0.00,EastMoney,2026-06-01T20:41:54+08:00
BK1429,2026-06-01T00:00:00Z,226951,231340,231418,226115,227455,3885,1.71,2013564,3024622406,1.27,0.87,0.00,0,1044285,969279,263873614000,247132376000,110584124,203401556,145481752,57919804,594810096,542145776,52664320,943563008,955501104,-11938096,1227904544,1325065008,-97160464,3.66,1.91,1.74,-0.39,-3.21,0,24,21,3,0,0,0,20.41,0.00,0.00,0.00,,0.00,,0.00,EastMoney,2026-06-01T20:41:54+08:00
BK1430,2026-06-01T00:00:00Z,381675,391679,395517,380960,380675,11004,2.89,1353650,2668975991,3.78,0.79,0.00,0,637796,715853,82092849000,64195311000,16587691,369451472,265506181,103945291,568880272,656237872,-87357600,793136480,815371776,-22235296,897660896,892013296,5647600,0.62,3.89,-3.27,-0.83,0.21,0,17,13,3,1,0,0,110.84,0.00,0.00,0.00,,0.00,,0.00,EastMoney,2026-06-01T20:41:54+08:00
BK1431,2026-06-01T00:00:00Z,346065,346408,354048,344607,349629,-3221,-0.92,1790443,2867675535,3.40,0.65,0.00,0,840260,950182,111345546000,110018007000,-253053889,125839777,244773586,-118933809,616345456,750465536,-134120080,1016247088,944858528,71388560,1054706528,873041200,181665328,-8.82,-4.15,-4.68,2.49,6.33,0,10,2,8,0,0,0,-53.55,0.00,0.00,0.00,,0.00,,0.00,EastMoney,2026-06-01T20:41:54+08:00
BK1432,2026-06-01T00:00:00Z,187849,192850,193922,187103,188280,4570,2.43,1912024,1777218184,2.14,1.08,0.00,0,1115371,796654,100048196000,98336167000,72939531,99744859,61179952,38564907,421880096,387505472,34374624,610955872,587895232,23060640,626592656,722592816,-96000160,4.10,2.17,1.93,1.30,-5.40,0,6,6,0,0,0,0,29.03,0.00,0.00,0.00,,0.00,,0.00,EastMoney,2026-06-01T20:41:54+08:00
BK1433,2026-06-01T00:00:00Z,322277,330787,331147,321367,323579,7208,2.23,1809993,1337522259,2.12,0.90,0.00,0,1015195,794798,80714173000,63369612000,7207004,105864392,112206620,-6342228,288740288,275191056,13549232,399132752,432624832,-33492080,514184448,487087504,27096944,0.54,-0.47,1.01,-2.50,2.03,0,10,9,1,0,0,0,15.77,0.00,0.00,0.00,,0.00,,0.00,EastMoney,2026-06-01T20:41:54+08:00
BK1434,2026-06-01T00:00:00Z,248042,248255,254524,247617,247425,830,0.34,1018277,3733646153,1.16,0.77,0.00,0,524599,493678,349702640000,342059072000,-61682464,299892096,328446352,-28554256,768077408,801205616,-33128208,1219035872,1213342176,5693696,1383958608,1327969840,55988768,-1.65,-0.76,-0.89,0.15,1.50,0,4,2,2,0,0,0,19.20,0.00,0.00,0.00,,0.00,,0.00,EastMoney,2026-06-01T20:41:54+08:00
BK1435,2026-06-01T00:00:00Z,316159,319825,323147,315865,315306,4519,1.43,2854472,3767382797,1.61,0.80,0.00,0,1607080,1247392,209842252000,199397266000,-59874992,414166080,458224336,-44058256,901958368,917775104,-15816736,1214409200,1152156640,62252560,1198019264,1200396832,-2377568,-1.59,-1.17,-0.42,1.65,-0.06,0,9,7,2,0,0,0,26.41,0.00,0.00,0.00,,0.00,,0.00,EastMoney,2026-06-01T20:41:54+08:00
BK1436,2026-06-01T00:00:00Z,294116,302272,303302,292623,293947,8325,2.83,3209782,3876657686,1.74,0.99,0.00,0,1712656,1497125,226997926000,206873605000,140372128,439083760,299216400,139867360,744186688,743681920,504768,1189297056,1220576960,-31279904,1446480624,1552848832,-106368208,3.62,3.61,0.01,-0.81,-2.74,0,34,33,1,0,0,0,39.27,0.00,0.00,0.00,,0.00,,0.00,EastMoney,2026-06-01T20:41:54+08:00
BK1437,2026-06-01T00:00:00Z,727886,736101,749648,727886,731774,4327,0.59,2439845,5087092350,3.40,0.65,0.00,0,1218579,1221266,174742184000,145574677000,-168239968,301566112,344424032,-42857920,1037947984,1163330032,-125382048,1667521760,1651555712,15966048,1956522448,1818565952,137956496,-3.31,-0.84,-2.46,0.31,2.71,0,22,13,8,1,0,0,55.56,0.00,0.00,0.00,,0.00,,0.00,EastMoney,2026-06-01T20:41:54+08:00
BK1438,2026-06-01T00:00:00Z,882773,910163,920333,882549,885170,24993,2.82,2001135,7151314249,5.43,0.85,0.00,0,1035422,965714,188948615000,164014910000,-5267968,1265715760,1136862944,128852816,1795596576,1929717360,-134120784,2078751904,2191504864,-112752960,1920108400,1802087440,118020960,-0.07,1.80,-1.88,-1.58,1.65,0,13,9,4,0,0,0,82.96,0.00,0.00,0.00,,0.00,,0.00,EastMoney,2026-06-01T20:41:54+08:00
BK1439,2026-06-01T00:00:00Z,404518,399496,412119,398213,408049,-8553,-2.10,7030106,12916987447,7.11,0.89,0.00,0,3252012,3778094,248045808000,177186798000,-1080558224,1637642368,2109505552,-471863184,2847948928,3456643968,-608695040,3871376880,3793680240,77696640,3915044544,2987276480,927768064,-8.37,-3.65,-4.71,0.60,7.18,0,21,8,13,0,0,0,194.03,0.00,0.00,0.00,,0.00,,0.00,EastMoney,2026-06-01T20:41:54+08:00
BK1440,2026-06-01T00:00:00Z,500221,506011,510983,500221,499610,6401,1.28,2206463,3779218875,2.46,0.81,0.00,0,1150271,1056192,129838735000,109120296000,6136290,252790658,289749472,-36958814,837474224,794379120,43095104,1240290912,1184841808,55449104,1341924960,1401953088,-60028128,0.16,-0.98,1.14,1.47,-1.59,0,22,17,5,0,0,0,66.76,0.00,0.00,0.00,,0.00,,0.00,EastMoney,2026-06-01T20:41:54+08:00
BK1441,2026-06-01T00:00:00Z,463438,468957,471502,462110,465440,3517,0.76,860820,1448268386,1.94,0.88,0.00,0,428129,432692,60221420000,44803266000,-42348838,113288394,128042048,-14753654,294585920,322181104,-27595184,410319872,445153504,-34833632,517077040,451506336,65570704,-2.92,-1.02,-1.91,-2.41,4.53,0,15,9,6,0,0,0,683.26,0.00,0.00,0.00,,0.00,,0.00,EastMoney,2026-06-01T20:41:54+08:00
BK1442,2026-06-01T00:00:00Z,185949,191323,192093,184373,186847,4476,2.40,981089,833066966,4.43,0.62,0.00,0,505295,475793,28033939000,25530665000,46042106,119001123,33458668,85542455,167809579,207309928,-39500349,248505631,278137280,-29631649,281745840,298156288,-16410448,5.53,10.27,-4.74,-3.56,-1.97,0,6,4,2,0,0,0,91.55,0.00,0.00,0.00,,0.00,,0.00,EastMoney,2026-06-01T20:41:54+08:00
BK1443,2026-06-01T00:00:00Z,399531,402687,406591,395562,401825,862,0.21,219534,646564747,2.10,0.60,0.00,0,118181,101353,36405897000,36143806000,-34970452,33575546,60763619,-27188073,129250562,137032941,-7782379,230424798,222953133,7471665,242262132,214763344,27498788,-5.41,-4.21,-1.20,1.16,4.25,0,2,1,1,0,0,0,46.70,0.00,0.00,0.00,,0.00,,0.00,EastMoney,2026-06-01T20:41:54+08:00
BK1444,2026-06-01T00:00:00Z,853002,882422,892110,853002,853385,29037,3.40,32603815,58412114207,3.97,0.89,0.00,0,17030992,15572824,1498385616000,1285289344000,2562393600,7268511488,5007806976,2260704512,13898032896,13596343808,301689088,18272836608,19804421632,-1531585024,17685291008,18664056576,-978765568,4.39,3.87,0.52,-2.62,-1.68,0,135,120,14,1,0,0,-248.02,0.00,0.00,0.00,,0.00,,0.00,EastMoney,2026-06-01T20:41:54+08:00
BK1445,2026-06-01T00:00:00Z,534211,544725,550887,533418,535505,9220,1.72,2708808,6246692197,1.54,0.89,0.00,0,1314470,1394338,475175424000,440695424000,-393055120,496766416,573662848,-76896432,1364636256,1680794944,-316158688,1916179472,1796711968,119467504,2348627632,2063925760,284701872,-6.29,-1.23,-5.06,1.91,4.56,0,27,20,7,0,0,0,23.40,0.00,0.00,0.00,,0.00,,0.00,EastMoney,2026-06-01T20:41:54+08:00
BK1446,2026-06-01T00:00:00Z,851545,861401,877815,851028,845652,15749,1.86,10824764,35416119217,3.44,0.96,0.00,0,5418476,5406288,1122144096000,751348240000,129665280,4810136320,4884629248,-74492928,8553037312,8348879104,204158208,11748718592,11384258560,364460032,9272484352,9448573184,-176088832,0.37,-0.21,0.58,1.03,-0.50,0,64,47,17,0,0,0,118.68,0.00,0.00,0.00,,0.00,,0.00,EastMoney,2026-06-01T20:41:54+08:00
BK1447,2026-06-01T00:00:00Z,875148,900204,911942,875122,876158,24046,2.74,15104560,37575116746,3.17,0.94,0.00,0,8216030,6888531,1134434400000,957141440000,640182592,4273695680,4003311488,270384192,9394275840,9024477440,369798400,12366781696,13091670016,-724888320,10808283392,10711286272,96997120,1.70,0.72,0.98,-1.93,0.26,0,100,87,12,1,0,0,422.52,0.00,0.00,0.00,,0.00,,0.00,EastMoney,2026-06-01T20:41:54+08:00
BK1448,2026-06-01T00:00:00Z,636065,666376,677513,636065,632641,33735,5.33,7036041,23130150808,3.11,1.47,0.00,0,3823354,3212687,599857680000,551458112000,2476098976,4384992768,2458379104,1926613664,6329921280,5780435968,549485312,7221544704,8899229952,-1677685248,4929095424,5727509248,-798413824,10.71,8.33,2.38,-7.25,-3.45,0,35,32,2,1,0,0,283.90,0.00,0.00,0.00,,0.00,,0.00,EastMoney,2026-06-01T20:41:54+08:00
BK1449,2026-06-01T00:00:00Z,199448,201170,201803,197084,198134,3036,1.53,1557069,1784290060,1.25,1.19,0.00,0,754480,802589,237715635000,168250873000,-13205637,149525564,133317537,16208027,354052032,383465696,-29413664,652283936,603266096,49017840,596189824,632002016,-35812192,-0.74,0.91,-1.65,2.75,-2.01,0,9,7,2,0,0,0,31.05,0.00,0.00,0.00,,0.00,,0.00,EastMoney,2026-06-01T20:41:54+08:00
BK1450,2026-06-01T00:00:00Z,1376341,1403401,1406670,1372355,1389709,13692,0.99,1007414,5317786876,0.76,1.26,0.00,0,511143,496272,875758400000,799529920000,587682640,624763312,406207184,218556128,1920992112,1551865600,369126512,1721637232,1918760912,-197123680,991347792,1381906752,-390558960,11.05,4.11,6.94,-3.71,-7.34,0,3,2,1,0,0,0,11.45,0.00,0.00,0.00,,0.00,,0.00,EastMoney,2026-06-01T20:41:54+08:00
BK1451,2026-06-01T00:00:00Z,862545,881583,886936,855057,860187,21396,2.49,365115,454936223,1.25,0.93,0.00,0,201154,163961,37051046000,34463729000,-19704566,9793684,13086062,-3292378,77242560,93654748,-16412188,148967876,148762626,205250,212892363,193393047,19499316,-4.33,-0.72,-3.61,0.05,4.29,0,6,6,0,0,0,0,36.95,0.00,0.00,0.00,,0.00,,0.00,EastMoney,2026-06-01T20:41:54+08:00
BK1452,2026-06-01T00:00:00Z,139710,143989,144866,138934,139885,4104,2.93,205994,174324894,1.11,1.02,0.00,0,118663,87330,16427643000,15747117000,4073293,4313967,2316751,1997216,25354004,23277927,2076077,52849661,55300387,-2450726,87472774,89095340,-1622566,2.34,1.15,1.19,-1.41,-0.93,0,3,3,0,0,0,0,28.06,0.00,0.00,0.00,,0.00,,0.00,EastMoney,2026-06-01T20:41:54+08:00
BK1453,2026-06-01T00:00:00Z,480845,482757,490019,480042,483384,-627,-0.13,1751983,1911762208,1.65,0.69,0.00,0,885007,866977,121573503000,121371478000,-167561360,153295343,256234159,-102938816,385322272,449944816,-64622544,602923856,598087776,4836080,730342880,567617600,162725280,-8.76,-5.38,-3.38,0.25,8.51,0,4,2,1,1,0,0,27.93,0.00,0.00,0.00,,0.00,,0.00,EastMoney,2026-06-01T20:41:54+08:00
BK1454,2026-06-01T00:00:00Z,296517,301782,307090,296517,297407,4375,1.47,717064,910441305,2.10,0.90,0.00,0,389070,327995,47909070000,44679078000,27507148,89944606,56416859,33527747,153513565,159534164,-6020599,256235272,276383584,-20148312,403857440,411216272,-7358832,3.02,3.68,-0.66,-2.21,-0.81,0,6,5,1,0,0,0,96.70,0.00,0.00,0.00,,0.00,,0.00,EastMoney,2026-06-01T20:41:54+08:00
BK1455,2026-06-01T00:00:00Z,532894,539602,545709,532462,535191,4411,0.82,5261475,13507385467,3.10,0.72,0.00,0,2585946,2675529,417279888000,357856880000,-932854304,1241509040,1825532720,-584023680,3179455392,3528286016,-348830624,4300163584,4105732528,194431056,4488371456,3734072640,754298816,-6.91,-4.32,-2.58,1.44,5.58,0,36,21,13,2,0,0,44.46,0.00,0.00,0.00,,0.00,,0.00,EastMoney,2026-06-01T20:41:54+08:00
BK1456,2026-06-01T00:00:00Z,116840,120218,120721,116178,117395,2823,2.40,281101,190206202,1.94,0.76,0.00,0,155717,125384,10661603000,9690149000,2400688,1666021,409590,1256431,34157998,33013741,1144257,66992843,56910566,10082277,84420102,96903067,-12482965,1.26,0.66,0.60,5.30,-6.56,0,3,3,0,0,0,0,56.65,0.00,0.00,0.00,,0.00,,0.00,EastMoney,2026-06-01T20:41:54+08:00
BK1457,2026-06-01T00:00:00Z,231196,232946,234742,230257,231485,1461,0.63,606255,1047382962,1.13,1.03,0.00,0,308594,297661,82448925000,79116164000,-1984927,79117897,78539381,578516,206272190,208835633,-2563443,364484464,356791792,7692672,375987792,381663136,-5675344,-0.19,0.06,-0.24,0.73,-0.54,0,11,9,1,1,0,0,24.37,0.00,0.00,0.00,,0.00,,0.00,EastMoney,2026-06-01T20:41:54+08:00
BK1458,2026-06-01T00:00:00Z,84013,87451,88191,83822,83798,3653,4.36,131862,366646940,1.98,1.08,0.00,0,64798,67064,22946087000,22171169000,-1191217,25964091,28134828,-2170737,64283539,63304019,979520,100725099,104259442,-3534343,152872911,144799108,8073803,-0.32,-0.59,0.27,-0.96,2.20,0,4,4,0,0,0,0,48.78,0.00,0.00,0.00,,0.00,,0.00,EastMoney,2026-06-01T20:41:54+08:00
BK1459,2026-06-01T00:00:00Z,213922,216588,218005,213922,213538,3050,1.43,413615,1650780154,1.20,0.81,0.00,0,204314,209301,106967712000,103995041000,-38904818,172757749,125988791,46768958,348042784,433716560,-85673776,601186560,593624480,7562080,503004688,471661936,31342752,-2.36,2.83,-5.19,0.46,1.90,0,8,7,1,0,0,0,26.30,0.00,0.00,0.00,,0.00,,0.00,EastMoney,2026-06-01T20:41:54+08:00
BK1460,2026-06-01T00:00:00Z,300225,295772,300739,294787,300684,-4912,-1.63,1968165,2453635549,2.38,1.00,0.00,0,996878,971288,97562464000,72943876000,-178570679,197086729,313402688,-116315959,487474784,549729504,-62254720,808825632,760055664,48769968,863622592,748545680,115076912,-7.28,-4.74,-2.54,1.99,4.69,0,15,7,8,0,0,0,79.61,0.00,0.00,0.00,,0.00,,0.00,EastMoney,2026-06-01T20:41:54+08:00
BK1461,2026-06-01T00:00:00Z,203139,208565,212037,202882,204844,3721,1.82,4778958,2408838847,4.47,0.86,0.00,0,2315143,2463815,61428430000,53263035000,340852669,441683776,207569923,234113853,623882896,517144080,106738816,675666288,846221808,-170555520,628989600,799286768,-170297168,14.15,9.72,4.43,-7.08,-7.07,0,9,6,2,1,0,0,-37.08,0.00,0.00,0.00,,0.00,,0.00,EastMoney,2026-06-01T20:41:54+08:00
BK1462,2026-06-01T00:00:00Z,1749411,1694759,1760172,1689086,1788512,-93753,-5.24,6241713,20741387524,6.49,1.02,0.00,0,3024026,3217687,565765856000,477557872000,-1778358336,3240141472,4090321888,-850180416,5366958848,6295136768,-928177920,6194133760,6099911936,94221824,5620398080,3936261792,1684136288,-8.57,-4.10,-4.48,0.45,8.12,0,8,1,7,0,0,0,73.07,0.00,0.00,0.00,,0.00,,0.00,EastMoney,2026-06-01T20:41:54+08:00
BK1463,2026-06-01T00:00:00Z,229350,232914,234573,226938,229069,3845,1.68,1388106,891779978,2.60,1.04,0.00,0,721822,666284,34147944000,33581541000,-30217982,14944625,18456060,-3511435,123114474,149821021,-26706547,286928928,298998768,-12069840,443976064,401688224,42287840,-3.39,-0.39,-2.99,-1.35,4.74,0,9,7,2,0,0,0,-32.18,0.00,0.00,0.00,,0.00,,0.00,EastMoney,2026-06-01T20:41:54+08:00
BK1464,2026-06-01T00:00:00Z,214514,218516,218884,212868,215464,3052,1.42,3208070,2556107495,1.03,1.00,0.00,0,1765342,1442728,268012484000,223758666000,14565217,264486059,238002650,26483409,557592992,569511184,-11918192,764278128,827979760,-63701632,925689664,876553248,49136416,0.57,1.04,-0.47,-2.49,1.92,0,14,12,2,0,0,0,71.90,0.00,0.00,0.00,,0.00,,0.00,EastMoney,2026-06-01T20:41:54+08:00
BK1465,2026-06-01T00:00:00Z,937896,966149,968451,925469,932017,34132,3.66,1302409,1651714881,4.18,1.42,0.00,0,671473,630936,50138342000,40380284000,42900454,148738007,121040465,27697542,403331344,388128432,15202912,556754000,512365072,44388928,509507824,596797216,-87289392,2.60,1.68,0.92,2.69,-5.28,0,3,3,0,0,0,0,-310.86,0.00,0.00,0.00,,0.00,,0.00,EastMoney,2026-06-01T20:41:54+08:00
BK1466,2026-06-01T00:00:00Z,194436,200600,201632,194252,193515,7085,3.66,1570820,1564992060,3.05,1.48,0.00,0,807048,763771,38172306000,34198001000,-9632130,118155799,98300793,19855006,344587264,374074400,-29487136,518227424,547096032,-28868608,527788352,489287600,38500752,-0.62,1.27,-1.88,-1.84,2.46,0,7,7,0,0,0,0,98.79,0.00,0.00,0.00,,0.00,,0.00,EastMoney,2026-06-01T20:41:54+08:00
BK1467,2026-06-01T00:00:00Z,212180,214032,215916,211384,212174,1858,0.88,905197,655410845,2.15,0.98,0.00,0,453056,452141,35649506000,30681212000,-1319059,36201299,34582107,1619192,140727034,143665285,-2938251,182797400,183782697,-985297,248460938,243162199,5298739,-0.20,0.25,-0.45,-0.15,0.81,0,9,7,2,0,0,0,75.06,0.00,0.00,0.00,,0.00,,0.00,EastMoney,2026-06-01T20:41:54+08:00
BK1468,2026-06-01T00:00:00Z,489915,507079,510125,488782,491850,15229,3.10,1934022,2411986435,2.64,1.06,0.00,0,995324,938698,128699280000,114818598000,47128939,195865098,163842863,32022235,514128544,499021840,15106704,765990336,737660864,28329472,904888368,980346784,-75458416,1.95,1.33,0.63,1.17,-3.13,0,17,14,3,0,0,0,42.97,0.00,0.00,0.00,,0.00,,0.00,EastMoney,2026-06-01T20:41:54+08:00
BK1469,2026-06-01T00:00:00Z,103285,107773,107807,102708,102998,4775,4.64,232840,326353765,2.00,0.95,0.00,0,120552,112288,25656637000,25656637000,22915201,19034240,15268951,3765289,58002435,38852523,19149912,100068456,103577401,-3508945,143998738,163404994,-19406256,7.02,1.15,5.87,-1.08,-5.95,0,2,2,0,0,0,0,-42.10,0.00,0.00,0.00,,0.00,,0.00,EastMoney,2026-06-01T20:41:54+08:00
BK1470,2026-06-01T00:00:00Z,199601,202156,202625,197029,200473,1683,0.84,5328281,2679512966,0.89,1.13,0.00,0,2982566,2345715,281644672000,268340386000,94848384,478960128,356371904,122588224,600359904,628099744,-27739840,757097696,819906944,-62809248,786472112,818511248,-32039136,3.54,4.58,-1.04,-2.34,-1.20,0,8,7,1,0,0,0,7.83,0.00,0.00,0.00,,0.00,,0.00,EastMoney,2026-06-01T20:41:54+08:00
BK1471,2026-06-01T00:00:00Z,83754,85779,86442,83246,84025,1754,2.09,6304209,9336036530,4.36,1.19,0.00,0,3168976,3135233,224287722000,195118119000,586336784,1878824464,1212741904,666082560,1975816992,2055562768,-79745776,2499849824,2868876176,-369026352,2727983360,2969094896,-241111536,6.28,7.13,-0.85,-3.95,-2.58,0,47,38,8,1,0,0,53.38,0.00,0.00,0.00,,0.00,,0.00,EastMoney,2026-06-01T20:41:54+08:00
BK1472,2026-06-01T00:00:00Z,219593,222710,223218,219248,220219,2491,1.13,13166741,6482889978,1.07,0.91,0.00,0,6849658,6317083,788439920000,654498320000,180849296,1012128048,868054528,144073520,1461054096,1424278320,36775776,1889273808,2055400368,-166126560,1969088192,1993390432,-24302240,2.79,2.22,0.57,-2.56,-0.37,0,27,20,7,0,0,0,9.34,0.00,0.00,0.00,,0.00,,0.00,EastMoney,2026-06-01T20:41:54+08:00
BK1473,2026-06-01T00:00:00Z,365818,375821,378209,365330,360246,15575,4.32,5630438,3148700633,4.25,1.14,0.00,0,2195502,3434936,58986067000,53087680000,-24857352,226455112,287312544,-60857432,813449136,777449056,36000080,854061040,935050160,-80989120,1128523056,1022676608,105846448,-0.79,-1.93,1.14,-2.57,3.36,0,18,14,3,1,0,0,-6.77,0.00,0.00,0.00,,0.00,,0.00,EastMoney,2026-06-01T20:41:54+08:00
BK1474,2026-06-01T00:00:00Z,294371,299273,300439,292582,294952,4321,1.46,1672538,976420361,1.80,0.93,0.00,0,886216,786322,65625262000,53809262000,15162277,88244459,66485213,21759246,178053039,184650008,-6596969,277782480,313877216,-36094736,415455392,394750608,20704784,1.55,2.23,-0.68,-3.70,2.12,0,10,9,1,0,0,0,62.58,0.00,0.00,0.00,,0.00,,0.00,EastMoney,2026-06-01T20:41:54+08:00
BK1475,2026-06-01T00:00:00Z,279610,285728,287304,277503,283134,2594,0.92,1354970,1385929906,2.17,0.90,0.00,0,717753,637216,59970242000,57694293000,-34807422,81103165,113159275,-32056110,337498800,340250112,-2751312,496362768,471713696,24649072,425523696,415365328,10158368,-2.51,-2.31,-0.20,1.78,0.73,0,4,3,1,0,0,0,14.95,0.00,0.00,0.00,,0.00,,0.00,EastMoney,2026-06-01T20:41:54+08:00
BK1476,2026-06-01T00:00:00Z,260330,268881,268881,259017,259521,9360,3.61,1472042,1523342702,1.80,1.03,0.00,0,778458,693584,73876019000,72440789000,97854997,147243150,107910761,39332389,399778656,341256048,58522608,474402640,461768240,12634400,466829904,577319296,-110489392,6.42,2.58,3.84,0.83,-7.25,0,6,6,0,0,0,0,9.98,0.00,0.00,0.00,,0.00,,0.00,EastMoney,2026-06-01T20:41:54+08:00
BK1477,2026-06-01T00:00:00Z,380614,378179,384721,377588,383636,-5457,-1.42,3487492,4115921524,1.13,0.53,0.00,0,1782896,1704596,249422456000,234458190000,-241604656,295788656,459338272,-163549616,810357968,888413008,-78055040,1275968336,1210708320,65260016,1593521424,1419227520,174293904,-5.87,-3.97,-1.90,1.59,4.23,0,20,8,10,2,0,0,103.31,0.00,0.00,0.00,,0.00,,0.00,EastMoney,2026-06-01T20:41:54+08:00
BK1478,2026-06-01T00:00:00Z,92370,94103,94532,91997,92072,2031,2.21,9072006,5998951988,5.40,1.51,0.00,0,4457688,4614318,121626405000,109084976000,-52113216,854642528,993254096,-138611568,1225561840,1139063488,86498352,1722673072,1598766096,123906976,2025553680,2097347456,-71793776,-0.87,-2.31,1.44,2.07,-1.20,0,22,14,6,2,0,0,-92.15,0.00,0.00,0.00,,0.00,,0.00,EastMoney,2026-06-01T20:41:54+08:00
BK1479,2026-06-01T00:00:00Z,148116,148741,150181,146047,149123,-382,-0.26,11445430,4445882403,1.26,1.10,0.00,0,6587246,4858184,472304864000,386041984000,71768608,773690752,730071760,43618992,1111021984,1082872368,28149616,1145012880,1194233200,-49220320,1262156800,1284705088,-22548288,1.61,0.98,0.63,-1.11,-0.51,0,9,4,5,0,0,0,33.15,0.00,0.00,0.00,,0.00,,0.00,EastMoney,2026-06-01T20:41:54+08:00
BK1480,2026-06-01T00:00:00Z,185108,185766,185855,183035,184026,1740,0.95,1285031,915809499,0.80,1.05,0.00,0,627617,657415,140129968000,120204736000,4454494,64426011,64516376,-90365,195492772,190947913,4544859,287252480,316482608,-29230128,351460880,326685248,24775632,0.49,-0.01,0.50,-3.19,2.71,0,5,3,2,0,0,0,28.74,0.00,0.00,0.00,,0.00,,0.00,EastMoney,2026-06-01T20:41:54+08:00
BK1481,2026-06-01T00:00:00Z,160869,163540,163865,159502,161287,2253,1.40,6208792,3198919568,0.61,1.30,0.00,0,3390555,2818238,519736240000,475307728000,24010864,294213328,268793296,25420032,679335840,680745008,-1409168,1029858400,1002948896,26909504,1146075568,1196995952,-50920384,0.75,0.79,-0.04,0.84,-1.59,0,17,13,4,0,0,0,13.20,0.00,0.00,0.00,,0.00,,0.00,EastMoney,2026-06-01T20:41:54+08:00
BK1482,2026-06-01T00:00:00Z,152689,155788,156830,152443,152139,3649,2.40,11746774,10077176494,2.03,1.15,0.00,0,6344768,5402005,670798944000,558521680000,660972416,1873066544,1454099792,418966752,2336567296,2094561632,242005664,2844521424,3063260960,-218739536,2812276720,3238901328,-426624608,6.56,4.16,2.40,-2.17,-4.23,0,20,17,3,0,0,0,13.39,0.00,0.00,0.00,,0.00,,0.00,EastMoney,2026-06-01T20:41:54+08:00
BK1483,2026-06-01T00:00:00Z,273360,276592,276895,269840,274111,2481,0.91,3094048,1859345206,0.72,1.26,0.00,0,1777180,1316868,381023168000,334399456000,-32607230,78332522,85291640,-6959118,281808688,307456800,-25648112,570602896,580246448,-9643552,904523072,862272288,42250784,-1.75,-0.37,-1.38,-0.52,2.27,0,21,18,3,0,0,0,15.13,0.00,0.00,0.00,,0.00,,0.00,EastMoney,2026-06-01T20:41:54+08:00
BK1484,2026-06-01T00:00:00Z,154595,156877,157310,153202,155268,1609,1.04,1145890,674157487,2.66,0.42,0.00,0,583068,562823,31616940000,27347921000,-872612,37840540,44051065,-6210525,122919390,117581477,5337913,241424201,240531630,892571,254422387,254442346,-19959,-0.13,-0.92,0.79,0.13,0.00,0,8,6,2,0,0,0,123.00,0.00,0.00,0.00,,0.00,,0.00,EastMoney,2026-06-01T20:41:54+08:00
BK1485,2026-06-01T00:00:00Z,150447,153594,153860,149659,151026,2568,1.70,4827791,2493006596,0.59,1.28,0.00,0,2503397,2324394,408324096000,403894880000,85648624,467523936,399116320,68407616,570207952,552966944,17241008,692724928,771077248,-78352320,721222304,728518608,-7296304,3.44,2.74,0.69,-3.14,-0.29,0,7,5,0,2,0,0,18.74,0.00,0.00,0.00,,0.00,,0.00,EastMoney,2026-06-01T20:41:54+08:00
BK1486,2026-06-01T00:00:00Z,419341,429257,429968,416903,419906,9351,2.23,823638,902546337,1.77,1.23,0.00,0,460405,363233,34834839000,34515452000,19895097,49816718,39872946,9943772,182309134,172357809,9951325,273595584,325151824,-51556240,384676880,353015760,31661120,2.20,1.10,1.10,-5.71,3.51,0,6,5,1,0,0,0,49.21,0.00,0.00,0.00,,0.00,,0.00,EastMoney,2026-06-01T20:41:54+08:00
BK1487,2026-06-01T00:00:00Z,460952,470230,475006,458323,463577,6653,1.44,529804,333029187,1.27,1.03,0.00,0,307177,222627,27963780000,27850545000,1267230,10074812,8256977,1817835,58015925,58566530,-550605,100443761,106693747,-6249986,160161684,155178929,4982755,0.38,0.55,-0.17,-1.88,1.50,0,5,4,1,0,0,0,-232.48,0.00,0.00,0.00,,0.00,,0.00,EastMoney,2026-06-01T20:41:54+08:00
BK1488,2026-06-01T00:00:00Z,167019,171291,171587,166433,166781,4510,2.70,1178971,1109663035,0.95,1.07,0.00,0,678634,500337,181993372000,98907929000,14537359,65228862,66852578,-1623716,222351974,206190899,16161075,327540688,360361664,-32820976,477624576,458909536,18715040,1.31,-0.15,1.46,-2.96,1.69,0,13,13,0,0,0,0,15.85,0.00,0.00,0.00,,0.00,,0.00,EastMoney,2026-06-01T20:41:54+08:00
BK1489,2026-06-01T00:00:00Z,545879,545383,546864,537757,545488,-105,-0.02,897843,1365720565,0.72,0.99,0.00,0,501972,395870,284197696000,273137088000,-58873034,83598686,124354753,-40756067,268066697,286183664,-18116967,413201264,396975984,16225280,582459984,539812240,42647744,-4.31,-2.98,-1.33,1.19,3.12,0,4,2,2,0,0,0,14.82,0.00,0.00,0.00,,0.00,,0.00,EastMoney,2026-06-01T20:41:54+08:00
BK1490,2026-06-01T00:00:00Z,287123,297432,297806,284938,288031,9401,3.26,2690919,1473149535,1.60,1.21,0.00,0,1499328,1191592,116010412000,109775538000,50149911,142098735,97008008,45090727,297339584,292280400,5059184,468991760,482023648,-13031888,541654432,578772448,-37118016,3.40,3.06,0.34,-0.88,-2.52,0,12,12,0,0,0,0,-14.45,0.00,0.00,0.00,,0.00,,0.00,EastMoney,2026-06-01T20:41:54+08:00
BK1491,2026-06-01T00:00:00Z,157642,162836,163891,156830,158157,4679,2.96,757389,498586050,3.11,0.99,0.00,0,401307,356082,23661210000,19728110000,-11934940,7537664,1196000,6341664,69792642,88069246,-18276604,153821897,175969989,-22148092,258681818,224598785,34083033,-2.39,1.27,-3.67,-4.44,6.84,0,7,6,1,0,0,0,63.25,0.00,0.00,0.00,,0.00,,0.00,EastMoney,2026-06-01T20:41:54+08:00
BK1492,2026-06-01T00:00:00Z,79922,84347,84532,79264,80304,4043,5.03,5163259,1968129628,3.53,1.70,0.00,0,3183650,1979609,60325471000,60287851000,67792852,198134921,117190517,80944404,435217568,448369120,-13151552,576043360,651941408,-75898048,724590816,716485632,8105184,3.44,4.11,-0.67,-3.86,0.41,0,7,7,0,0,0,0,-17.26,0.00,0.00,0.00,,0.00,,0.00,EastMoney,2026-06-01T20:41:54+08:00
BK1493,2026-06-01T00:00:00Z,237237,252302,252358,235565,236272,16030,6.78,14551463,18736042723,2.01,1.94,0.00,0,8106401,6445062,2178520608000,1695726192000,2315502544,3388742144,1987725904,1401016240,5120735488,4206249184,914486304,5737471232,6227915776,-490444544,4302123776,6127181824,-1825058048,12.36,7.48,4.88,-2.62,-9.74,0,17,17,0,0,0,0,19.63,0.00,0.00,0.00,,0.00,,0.00,EastMoney,2026-06-01T20:41:54+08:00
BK1494,2026-06-01T00:00:00Z,123781,131494,131542,122194,123146,8348,6.78,9039921,7271553300,3.75,1.60,0.00,0,5305282,3734639,228111711000,227539037000,797705680,1344984960,699127232,645857728,1747244320,1595396368,151847952,2062544880,2447984864,-385439984,2017412976,2429678672,-412265696,10.97,8.88,2.09,-5.30,-5.67,0,10,10,0,0,0,0,59.86,0.00,0.00,0.00,,0.00,,0.00,EastMoney,2026-06-01T20:41:54+08:00
BK1495,2026-06-01T00:00:00Z,114220,117847,118202,113989,114802,3045,2.65,504799,699703820,1.57,0.95,0.00,0,279709,225091,54805369000,49476723000,-4933071,1869433,8657929,-6788496,85055252,83199827,1855425,205044387,231067362,-26022975,393416656,362460608,30956048,-0.71,-0.97,0.27,-3.72,4.42,0,9,9,0,0,0,0,27.35,0.00,0.00,0.00,,0.00,,0.00,EastMoney,2026-06-01T20:41:54+08:00
BK1496,2026-06-01T00:00:00Z,58076,60544,60698,57908,58083,2461,4.24,177086,294697467,1.93,1.15,0.00,0,96185,80901,21121893000,13465721000,42644037,40708131,4759242,35948889,50029092,43333944,6695148,77654419,94449555,-16795136,122314819,148163719,-25848900,14.47,12.20,2.27,-5.70,-8.77,0,4,4,0,0,0,0,34.05,0.00,0.00,0.00,,0.00,,0.00,EastMoney,2026-06-01T20:41:54+08:00
BK1497,2026-06-01T00:00:00Z,263552,274651,276162,262154,264626,10025,3.79,655430,851332963,2.63,1.00,0.00,0,308905,346525,32304062000,29635580000,-13038091,72034451,62399201,9635250,155991130,178664471,-22673341,270003792,259087470,10916322,331475216,328062768,3412448,-1.53,1.13,-2.66,1.28,0.40,0,7,4,3,0,0,0,74.11,0.00,0.00,0.00,,0.00,,0.00,EastMoney,2026-06-01T20:41:54+08:00
BK1498,2026-06-01T00:00:00Z,149152,153740,154109,148007,149949,3791,2.53,669392,2293366030,1.87,1.58,0.00,0,372217,297175,100226597000,85992350000,73484275,219107407,182058124,37049283,532702672,496267680,36434992,751635520,741845520,9790000,762461968,845736240,-83274272,3.20,1.62,1.59,0.43,-3.63,0,8,7,1,0,0,0,30.34,0.00,0.00,0.00,,0.00,,0.00,EastMoney,2026-06-01T20:41:54+08:00
BK1499,2026-06-01T00:00:00Z,70646,71965,72907,69893,71212,753,1.06,111234,42281898,1.20,0.56,0.00,0,52426,58807,6828222000,3534525000,3362166,1078756,3776900,-2698144,17526425,11466115,6060310,15187558,17998109,-2810551,7199217,7750832,-551615,7.95,-6.38,14.33,-6.65,-1.30,0,1,1,0,0,0,0,-11.04,0.00,0.00,0.00,,0.00,,0.00,EastMoney,2026-06-01T20:41:54+08:00
BK1500,2026-06-01T00:00:00Z,153842,154849,156133,153411,155812,-963,-0.62,83983,643601474,1.13,0.98,0.00,0,43018,40966,68020742000,48068087000,-16966369,19795203,33641283,-13846080,146262078,149382367,-3120289,213673472,199932768,13740704,157985152,165795981,-7810829,-2.64,-2.15,-0.48,2.13,-1.21,0,3,1,2,0,0,0,33.60,0.00,0.00,0.00,,0.00,,0.00,EastMoney,2026-06-01T20:41:54+08:00
BK1501,2026-06-01T00:00:00Z,416763,424892,426133,414960,416183,8709,2.09,937798,900879355,1.55,1.01,0.00,0,516000,421798,61334352000,55734212000,13104976,78720173,68506513,10213660,188468814,185577498,2891316,274505552,286900064,-12394512,333852080,334537568,-685488,1.45,1.13,0.32,-1.38,-0.08,0,13,13,0,0,0,0,43.74,0.00,0.00,0.00,,0.00,,0.00,EastMoney,2026-06-01T20:41:54+08:00
BK1502,2026-06-01T00:00:00Z,485130,497330,500647,484131,480624,16706,3.48,925124,817213355,3.58,0.60,0.00,0,460960,464165,24346615000,24013644000,-4226785,64753033,44574179,20178854,156462531,180868170,-24405639,259279574,282448032,-23168458,310922544,283527312,27395232,-0.52,2.47,-2.99,-2.84,3.35,0,4,4,0,0,0,0,-56.69,0.00,0.00,0.00,,0.00,,0.00,EastMoney,2026-06-01T20:41:54+08:00
BK1503,2026-06-01T00:00:00Z,297838,304989,306875,296133,297039,7950,2.68,506013,686123764,1.79,1.02,0.00,0,281597,224416,40686907000,36864680000,23997556,63912726,57321530,6591196,194400632,176994272,17406360,213363222,205622603,7740619,193568795,224073504,-30504709,3.50,0.96,2.54,1.13,-4.45,0,6,6,0,0,0,0,56.28,0.00,0.00,0.00,,0.00,,0.00,EastMoney,2026-06-01T20:41:54+08:00
BK1504,2026-06-01T00:00:00Z,134339,138599,138931,133340,134494,4105,3.05,800090,940968691,2.49,1.45,0.00,0,464019,336071,173533787000,32512446000,91390144,113492243,50022942,63469301,225916640,197995797,27920843,287766912,317933728,-30166816,296555776,357779120,-61223344,9.71,6.75,2.97,-3.21,-6.51,0,10,8,0,2,0,0,43.94,0.00,0.00,0.00,,0.00,,0.00,EastMoney,2026-06-01T20:41:54+08:00
BK1505,2026-06-01T00:00:00Z,248350,262873,263282,247686,248705,14168,5.70,1584831,1817407809,2.05,1.56,0.00,0,860369,724462,77286067000,73241675000,175949429,314542656,148168363,166374293,419586416,410011280,9575136,507590688,579470592,-71879904,447298384,531093600,-83795216,9.68,9.15,0.53,-3.96,-4.61,0,12,12,0,0,0,0,53.53,0.00,0.00,0.00,,0.00,,0.00,EastMoney,2026-06-01T20:41:54+08:00
BK1506,2026-06-01T00:00:00Z,223243,230242,230759,222274,223946,6296,2.81,301528,144115764,1.53,1.07,0.00,0,175156,126372,10576111000,9376098000,-3205653,4669252,1058000,3611252,24708990,31525895,-6816905,42147312,50527981,-8380669,66304800,52802603,13502197,-2.22,2.51,-4.73,-5.82,9.37,0,3,3,0,0,0,0,53.71,0.00,0.00,0.00,,0.00,,0.00,EastMoney,2026-06-01T20:41:54+08:00
BK1507,2026-06-01T00:00:00Z,158590,164649,165374,158429,160056,4593,2.87,212154,627221476,2.80,1.17,0.00,0,110676,101477,33012313000,21664558000,11307207,27221215,33905966,-6684751,144213807,126221849,17991958,218142491,201756081,16386410,222553740,248643857,-26090117,1.80,-1.07,2.87,2.61,-4.16,0,4,4,0,0,0,0,30.14,0.00,0.00,0.00,,0.00,,0.00,EastMoney,2026-06-01T20:41:54+08:00
BK1508,2026-06-01T00:00:00Z,188125,194278,194466,187618,190364,3914,2.06,1719759,894227320,1.60,0.88,0.00,0,970003,749755,54011716000,49046998000,-8018772,29152435,49724054,-20571619,168035885,155483038,12552847,256835835,274064080,-17228245,426841664,401594640,25247024,-0.90,-2.30,1.40,-1.93,2.82,0,9,8,1,0,0,0,-15.95,0.00,0.00,0.00,,0.00,,0.00,EastMoney,2026-06-01T20:41:54+08:00
BK1509,2026-06-01T00:00:00Z,597506,612009,614644,596579,597457,14552,2.44,397829,967578277,1.25,0.95,0.00,0,197212,200617,93696061000,93558860000,4016504,42903995,49863324,-6959329,219988147,209012314,10975833,368898352,329667264,39231088,329820768,373068336,-43247568,0.42,-0.72,1.13,4.05,-4.47,0,4,3,1,0,0,0,24.88,0.00,0.00,0.00,,0.00,,0.00,EastMoney,2026-06-01T20:41:54+08:00
BK1510,2026-06-01T00:00:00Z,85064,87273,87451,83727,85481,1792,2.10,402018,108778467,1.28,1.18,0.00,0,247350,154668,9187023000,8759409000,1526455,4922821,539462,4383359,21509728,24366632,-2856904,41389588,47533907,-6144319,39417618,34799754,4617864,1.40,4.03,-2.63,-5.65,4.25,0,3,3,0,0,0,0,-344.54,0.00,0.00,0.00,,0.00,,0.00,EastMoney,2026-06-01T20:41:54+08:00
BK1511,2026-06-01T00:00:00Z,322838,341646,342347,320526,318763,22883,7.18,1281465,1645640453,2.83,1.92,0.00,0,777214,504251,70496772000,58218765000,29423291,124463361,94932934,29530427,334748464,334855600,-107136,536868528,552563408,-15694880,623652880,637381280,-13728400,1.79,1.79,-0.01,-0.95,-0.83,0,8,8,0,0,0,0,33.73,0.00,0.00,0.00,,0.00,,0.00,EastMoney,2026-06-01T20:41:54+08:00
BK1512,2026-06-01T00:00:00Z,369826,376784,377737,367281,370581,6203,1.67,4087414,3707469825,1.45,0.87,0.00,0,2243658,1843756,425409360000,334868080000,178482768,383352704,361108320,22244384,983320752,827082368,156238384,1254086000,1256912816,-2826816,1000061968,1175717920,-175655952,4.81,0.60,4.21,-0.08,-4.74,0,11,9,2,0,0,0,155.18,0.00,0.00,0.00,,0.00,,0.00,EastMoney,2026-06-01T20:41:54+08:00
BK1513,2026-06-01T00:00:00Z,109642,113182,113314,106597,110506,2676,2.42,97302,84639340,1.31,1.10,0.00,0,55238,42064,5909631000,5676602000,1738146,271496,359722,-88226,12688701,10862329,1826372,23032406,26994739,-3962333,47017033,44792846,2224187,2.05,-0.10,2.16,-4.68,2.63,0,3,3,0,0,0,0,51.42,0.00,0.00,0.00,,0.00,,0.00,EastMoney,2026-06-01T20:41:54+08:00
BK1514,2026-06-01T00:00:00Z,63238,65718,65940,62819,63528,2190,3.45,1120636,373727725,2.98,1.55,0.00,0,682536,438100,12114956000,12042666000,16251768,21573777,19955584,1618193,84056248,69422673,14633575,109440016,121787195,-12347179,154458810,158363399,-3904589,4.35,0.43,3.92,-3.30,-1.04,0,4,4,0,0,0,0,-7.56,0.00,0.00,0.00,,0.00,,0.00,EastMoney,2026-06-01T20:41:54+08:00
BK1515,2026-06-01T00:00:00Z,97697,100689,100745,97470,97755,2934,3.00,356228,440462565,1.13,1.29,0.00,0,211015,145213,38277443000,38277443000,31854071,32407476,22739764,9667712,105279198,83092839,22186359,143822730,150001548,-6178818,153658106,179333358,-25675252,7.23,2.19,5.04,-1.40,-5.83,0,2,2,0,0,0,0,22.22,0.00,0.00,0.00,,0.00,,0.00,EastMoney,2026-06-01T20:41:54+08:00
BK1516,2026-06-01T00:00:00Z,95901,100113,100610,95901,95860,4253,4.44,2135121,1248127672,2.74,1.21,0.00,0,1148846,986275,46997982000,46997982000,65203589,108339269,72370823,35968446,291793408,262558265,29235143,396138064,402706240,-6568176,436827200,495462608,-58635408,5.22,2.88,2.34,-0.53,-4.70,0,5,4,1,0,0,0,-245.59,0.00,0.00,0.00,,0.00,,0.00,EastMoney,2026-06-01T20:41:54+08:00
BK1517,2026-06-01T00:00:00Z,149428,154538,155295,148821,149579,4959,3.32,482999,510037484,3.87,1.33,0.00,0,257203,225795,14755828000,13313875000,23059742,20078470,7822591,12255879,85715414,74911551,10803863,147818915,156079168,-8260253,250119454,264918943,-14799489,4.52,2.40,2.12,-1.62,-2.90,0,4,4,0,0,0,0,16.54,0.00,0.00,0.00,,0.00,,0.00,EastMoney,2026-06-01T20:41:54+08:00
BK1518,2026-06-01T00:00:00Z,376372,390640,390640,375469,378284,12356,3.27,1720894,1174780538,2.56,1.22,0.00,0,997152,723742,54595488000,49728788000,33151273,62387035,54692127,7694908,254356364,228899999,25456365,369871472,369290688,580784,426347696,436404960,-10057264,2.82,0.66,2.17,0.05,-0.86,0,10,10,0,0,0,0,204.16,0.00,0.00,0.00,,0.00,,0.00,EastMoney,2026-06-01T20:41:54+08:00
BK1519,2026-06-01T00:00:00Z,557114,548801,557628,547844,556189,-7388,-1.33,1113218,5930429372,1.05,0.82,0.00,0,517076,596141,1032371792000,485293152000,-876173184,575919984,1148412640,-572492656,1339035600,1642716128,-303680528,2097937968,1912158640,185779328,1767954576,1077560736,690393840,-14.77,-9.65,-5.12,3.13,11.64,0,3,1,2,0,0,0,35.56,0.00,0.00,0.00,,0.00,,0.00,EastMoney,2026-06-01T20:41:54+08:00
BK1520,2026-06-01T00:00:00Z,270056,274085,274660,268267,271504,2581,0.95,2531172,2352155990,0.69,1.08,0.00,0,1377071,1154102,436319632000,370563728000,-41878222,252240299,230327145,21913154,533654896,597446272,-63791376,733275808,783620064,-50344256,787505312,695282848,92222464,-1.78,0.93,-2.71,-2.14,3.92,0,6,5,1,0,0,0,32.60,0.00,0.00,0.00,,0.00,,0.00,EastMoney,2026-06-01T20:41:54+08:00
BK1521,2026-06-01T00:00:00Z,326369,335913,337867,326246,330589,5324,1.61,952041,2196404664,1.20,0.96,0.00,0,507180,444861,155637928000,139086612000,62191331,162928653,127408442,35520211,452323200,425652080,26671120,787239776,762742208,24497568,766341616,853801248,-87459632,2.83,1.62,1.21,1.12,-3.98,0,9,7,2,0,0,0,29.90,0.00,0.00,0.00,,0.00,,0.00,EastMoney,2026-06-01T20:41:54+08:00
BK1522,2026-06-01T00:00:00Z,183784,186319,186769,181809,183597,2722,1.48,658246,1499081023,2.17,1.01,0.00,0,343376,314870,69149319000,56700995000,-56640017,130540029,141389950,-10849921,296134096,341924192,-45790096,477983424,498899056,-20915632,559214832,481659184,77555648,-3.78,-0.72,-3.05,-1.40,5.17,0,10,7,3,0,0,0,21.31,0.00,0.00,0.00,,0.00,,0.00,EastMoney,2026-06-01T20:41:54+08:00
BK1523,2026-06-01T00:00:00Z,141083,145096,145756,140116,141283,3813,2.70,618113,208158226,1.27,1.24,0.00,0,396994,221119,20354737000,19329048000,-3729053,9441160,16309918,-6868758,34640760,31501055,3139705,55047230,64412937,-9365707,103770885,90651005,13119880,-1.79,-3.30,1.51,-4.50,6.30,0,6,6,0,0,0,0,96.61,0.00,0.00,0.00,,0.00,,0.00,EastMoney,2026-06-01T20:41:54+08:00
BK1524,2026-06-01T00:00:00Z,110935,113096,114572,110546,110403,2693,2.44,876459,832233950,2.60,0.94,0.00,0,473937,402522,23633206000,23480136000,-46887298,36784134,66846018,-30061884,189514215,206339629,-16825414,274363232,274747360,-384128,320211520,272940096,47271424,-5.63,-3.61,-2.02,-0.05,5.68,0,4,3,1,0,0,0,-74.09,0.00,0.00,0.00,,0.00,,0.00,EastMoney,2026-06-01T20:41:54+08:00
BK1525,2026-06-01T00:00:00Z,553742,556982,561928,552007,553639,3343,0.60,3600079,7736529060,1.56,0.72,0.00,0,1798727,1801352,524295840000,441789712000,-264008544,830415040,971827312,-141412272,1658177824,1780774096,-122596272,2319776240,2456574688,-136798448,2764545840,2351710096,412835744,-3.41,-1.83,-1.58,-1.77,5.34,0,42,28,14,0,0,0,20.40,0.00,0.00,0.00,,0.00,,0.00,EastMoney,2026-06-01T20:41:54+08:00
BK1526,2026-06-01T00:00:00Z,456440,460391,465384,455319,456482,3909,0.86,15432600,29900393815,2.53,0.82,0.00,0,7577831,7854770,1252085568000,1019400288000,-634744032,2701842672,3010750672,-308908000,6440384000,6766220032,-325836032,9713542400,9762157056,-48614656,10404957696,9737251840,667705856,-2.12,-1.03,-1.09,-0.16,2.23,0,112,66,44,2,0,0,35.49,0.00,0.00,0.00,,0.00,,0.00,EastMoney,2026-06-01T20:41:54+08:00
BK1527,2026-06-01T00:00:00Z,297048,300168,301820,295835,297779,2389,0.80,2615363,2773538278,1.54,0.88,0.00,0,1434869,1180494,251889631000,185678402000,-48042093,141116500,163961121,-22844621,512072896,537270368,-25197472,910746624,899878560,10868064,1153792832,1116618784,37174048,-1.73,-0.82,-0.91,0.39,1.34,0,21,16,5,0,0,0,17.78,0.00,0.00,0.00,,0.00,,0.00,EastMoney,2026-06-01T20:41:54+08:00
BK1528,2026-06-01T00:00:00Z,518048,525020,529206,516803,519197,5823,1.12,4898938,10139058834,2.84,0.93,0.00,0,2436089,2462850,372447248000,302540240000,3370144,1003536000,919385280,84150720,2164322336,2245102912,-80780576,3228687632,3266995216,-38307584,3541910560,3503276832,38633728,0.03,0.83,-0.80,-0.38,0.38,0,56,37,19,0,0,0,53.57,0.00,0.00,0.00,,0.00,,0.00,EastMoney,2026-06-01T20:41:54+08:00
BK1529,2026-06-01T00:00:00Z,405777,410519,415049,405306,406711,3808,0.94,5889393,11604391659,2.68,0.71,0.00,0,3019722,2869671,516521776000,374740144000,-65155648,1052512784,1083569168,-31056384,2695287360,2729386624,-34099264,3750941584,3719318464,31623120,3933584928,3898585712,34999216,-0.56,-0.27,-0.29,0.27,0.30,0,42,27,15,0,0,0,39.89,0.00,0.00,0.00,,0.00,,0.00,EastMoney,2026-06-01T20:41:54+08:00
BK1530,2026-06-01T00:00:00Z,197073,198494,199008,195260,197400,1094,0.55,2857766,2903950071,1.30,1.06,0.00,0,1625879,1231887,210512670000,200949776000,36532352,402905264,387696944,15208320,703053872,681729840,21324032,853311104,861137936,-7826832,916018368,944723904,-28705536,1.26,0.52,0.73,-0.27,-0.99,0,9,6,3,0,0,0,57.04,0.00,0.00,0.00,,0.00,,0.00,EastMoney,2026-06-01T20:41:54+08:00
BK1531,2026-06-01T00:00:00Z,355122,361989,365879,352229,355006,6983,1.97,1227908,1202670877,2.49,0.75,0.00,0,660147,567761,94238275000,93396880000,-47348653,45494916,63364812,-17869896,214133639,243612396,-29478757,410263808,365987936,44275872,517322256,514249472,3072784,-3.94,-1.49,-2.45,3.68,0.26,0,5,5,0,0,0,0,15.68,0.00,0.00,0.00,,0.00,,0.00,EastMoney,2026-06-01T20:41:54+08:00
BK1532,2026-06-01T00:00:00Z,317641,322074,326397,317498,317941,4133,1.30,1137401,869992182,1.52,0.55,0.00,0,615650,521751,63333765000,59151915000,32257105,64337944,59108248,5229696,188868313,161840904,27027409,251771498,278614224,-26842726,351584304,356998672,-5414368,3.71,0.60,3.11,-3.09,-0.62,0,7,4,2,1,0,0,45.52,0.00,0.00,0.00,,0.00,,0.00,EastMoney,2026-06-01T20:41:54+08:00
BK1533,2026-06-01T00:00:00Z,495155,487659,501614,486429,506249,-18590,-3.67,894399,2064135295,2.11,0.87,0.00,0,422733,471666,52000244000,46146639000,-225275661,162557309,263440698,-100883389,375483520,499875792,-124392272,573354208,538437840,34916368,640429856,515146896,125282960,-10.91,-4.89,-6.03,1.69,6.07,0,9,4,5,0,0,0,35.21,0.00,0.00,0.00,,0.00,,0.00,EastMoney,2026-06-01T20:41:54+08:00
BK1534,2026-06-01T00:00:00Z,428847,441504,444230,427184,425778,15726,3.69,750238,896888399,5.12,1.13,0.00,0,350543,399695,22647489000,16251298000,237446409,309481440,59074184,250407256,173677850,186638697,-12960847,207326194,313782352,-106456158,196424154,328511184,-132087030,26.47,27.92,-1.45,-11.87,-14.73,0,5,5,0,0,0,0,439.78,0.00,0.00,0.00,,0.00,,0.00,EastMoney,2026-06-01T20:41:54+08:00
BK1535,2026-06-01T00:00:00Z,200034,204158,204844,199100,200001,4157,2.08,2982984,3365523172,2.55,0.99,0.00,0,1625795,1357189,129527286000,103126430000,-88401563,237711493,332049200,-94337707,701182112,695245968,5936144,1056161392,1071056352,-14894960,1296191824,1188391664,107800160,-2.63,-2.80,0.18,-0.44,3.20,0,21,17,3,1,0,0,85.93,0.00,0.00,0.00,,0.00,,0.00,EastMoney,2026-06-01T20:41:54+08:00
BK1536,2026-06-01T00:00:00Z,137010,141374,142437,136513,137769,3605,2.62,595070,401638027,2.91,0.89,0.00,0,335206,259864,18347690000,14984905000,17213382,16138962,6719051,9419911,75769661,67976190,7793471,116216109,117022796,-806687,186610687,202858429,-16247742,4.29,2.35,1.94,-0.20,-4.05,0,6,6,0,0,0,0,-109.65,0.00,0.00,0.00,,0.00,,0.00,EastMoney,2026-06-01T20:41:54+08:00
BK1537,2026-06-01T00:00:00Z,253191,260466,260679,252320,253160,7306,2.89,2115696,1780229157,2.60,1.11,0.00,0,1203476,912220,116455006000,103150812000,46909675,88697482,82962447,5735035,375583232,334408592,41174640,561988544,594086144,-32097600,723365424,737568560,-14203136,2.64,0.32,2.31,-1.80,-0.80,0,17,17,0,0,0,0,64.58,0.00,0.00,0.00,,0.00,,0.00,EastMoney,2026-06-01T20:41:54+08:00
BK1538,2026-06-01T00:00:00Z,144551,147986,149644,143872,145480,2506,1.72,1366845,1558294458,2.99,0.84,0.00,0,719065,647780,77264773000,51480318000,-77256127,134218191,126550610,7667581,253320132,338243840,-84923708,439380272,471473184,-32092912,695501904,586152864,109349040,-4.96,0.49,-5.45,-2.06,7.02,0,12,9,3,0,0,0,58.55,0.00,0.00,0.00,,0.00,,0.00,EastMoney,2026-06-01T20:41:54+08:00
BK1539,2026-06-01T00:00:00Z,731169,750385,753794,726034,732565,17820,2.43,824672,1143060605,1.73,0.90,0.00,0,426152,398520,81825035000,73237446000,-8974386,35580092,43006499,-7426407,169147845,170695824,-1547979,357963840,350177040,7786800,552861408,548513264,4348144,-0.79,-0.65,-0.14,0.68,0.38,0,16,14,1,1,0,0,36.83,0.00,0.00,0.00,,0.00,,0.00,EastMoney,2026-06-01T20:41:54+08:00
BK1540,2026-06-01T00:00:00Z,704953,721338,725139,702736,706494,14844,2.10,1628010,2739685364,2.10,0.94,0.00,0,876680,751329,199466823000,162395427000,-48514897,95471498,181635131,-86163633,560943824,523295088,37648736,853902224,819211040,34691184,1182388720,1168565008,13823712,-1.77,-3.15,1.37,1.27,0.50,0,24,20,4,0,0,0,32.20,0.00,0.00,0.00,,0.00,,0.00,EastMoney,2026-06-01T20:41:54+08:00
BK1541,2026-06-01T00:00:00Z,64165,66470,66700,63956,64281,2189,3.41,404993,355641995,1.36,1.11,0.00,0,235184,169809,35492802000,30278068000,-6711253,2842874,6292727,-3449853,42300547,45561947,-3261400,119023783,106659961,12363822,188015281,193667851,-5652570,-1.89,-0.97,-0.92,3.48,-1.59,0,7,7,0,0,0,0,75.00,0.00,0.00,0.00,,0.00,,0.00,EastMoney,2026-06-01T20:41:54+08:00
BK1542,2026-06-01T00:00:00Z,292938,297777,299532,290685,292996,4781,1.63,470992,655061278,1.98,1.18,0.00,0,248782,222209,40727327000,39046227000,39167457,20449591,9446615,11002976,133700172,105535691,28164481,222036790,228324580,-6287790,268065289,300944960,-32879671,5.98,1.68,4.30,-0.96,-5.02,0,5,4,1,0,0,0,22.86,0.00,0.00,0.00,,0.00,,0.00,EastMoney,2026-06-01T20:41:54+08:00
BK1543,2026-06-01T00:00:00Z,291090,297246,299497,289155,291577,5669,1.94,2435428,3367175096,4.05,1.25,0.00,0,1255314,1180114,87128592000,76177501000,23282868,237950673,197525309,40425364,693302544,710445040,-17142496,1042935040,1046301568,-3366528,1305864336,1325780672,-19916336,0.69,1.20,-0.51,-0.10,-0.59,0,18,14,3,1,0,0,769.09,0.00,0.00,0.00,,0.00,,0.00,EastMoney,2026-06-01T20:41:54+08:00
BK1544,2026-06-01T00:00:00Z,211761,214507,215655,210403,213476,1031,0.48,2381759,1262332195,1.30,0.78,0.00,0,1312407,1069352,97251809000,91477703000,20458449,71241186,80035464,-8794278,273111040,243858313,29252727,409062096,433176800,-24114704,481598688,477942448,3656240,1.62,-0.70,2.32,-1.91,0.29,0,12,11,1,0,0,0,-17.29,0.00,0.00,0.00,,0.00,,0.00,EastMoney,2026-06-01T20:41:54+08:00
BK1545,2026-06-01T00:00:00Z,253997,260828,262072,253510,255655,5173,2.02,2512945,1889550383,3.11,0.76,0.00,0,1232137,1280809,76290745000,71945709000,-23561109,209964220,154566337,55397883,335954688,414913680,-78958992,557317904,600092336,-42774432,726121120,669364544,56756576,-1.25,2.93,-4.18,-2.26,3.00,0,13,10,3,0,0,0,36.21,0.00,0.00,0.00,,0.00,,0.00,EastMoney,2026-06-01T20:41:54+08:00
BK1546,2026-06-01T00:00:00Z,236859,254353,257316,236769,240059,14294,5.95,1662259,2487449310,4.88,1.46,0.00,0,937567,724692,46107815000,38967749000,116187369,360788192,241095831,119692361,554027200,557532192,-3504992,738236848,799503936,-61267088,799218736,854139024,-54920288,4.67,4.81,-0.14,-2.46,-2.21,0,8,7,1,0,0,0,584.44,0.00,0.00,0.00,,0.00,,0.00,EastMoney,2026-06-01T20:41:54+08:00
BK1547,2026-06-01T00:00:00Z,259787,265618,268639,259032,261760,3858,1.47,2066922,1673257334,6.42,1.05,0.00,0,1063989,1002933,50380377000,32752162000,-9681965,78315291,73256872,5058419,305889632,320630016,-14740384,537037680,543871280,-6833600,718749392,702233824,16515568,-0.58,0.30,-0.88,-0.41,0.99,0,7,6,1,0,0,0,46.01,0.00,0.00,0.00,,0.00,,0.00,EastMoney,2026-06-01T20:41:54+08:00
BK1548,2026-06-01T00:00:00Z,107807,109071,109521,105959,107793,1278,1.19,557016,266454458,0.54,0.84,0.00,0,262076,294940,29994691000,29904794000,-6424065,11421635,18660403,-7238768,76024193,75209490,814703,92105354,87819142,4286212,81824482,79686630,2137852,-2.41,-2.72,0.31,1.61,0.80,0,3,2,0,1,0,0,23.04,0.00,0.00,0.00,,0.00,,0.00,EastMoney,2026-06-01T20:41:54+08:00
BK1549,2026-06-01T00:00:00Z,665930,679955,681213,657100,683868,-3913,-0.57,982333,4540319866,2.56,1.23,0.00,0,495121,487212,132254938000,124901096000,-95259888,693629072,947439952,-253810880,1160895392,1002344400,158550992,1477088832,1390030480,87058352,1067097520,1058895968,8201552,-2.10,-5.59,3.49,1.92,0.18,0,2,1,1,0,0,0,42.70,0.00,0.00,0.00,,0.00,,0.00,EastMoney,2026-06-01T20:41:54+08:00
BK1550,2026-06-01T00:00:00Z,1063533,1090281,1094138,1056050,1066014,24267,2.28,2977949,2467893967,1.57,0.96,0.00,0,1541725,1436224,164656835000,163727796000,-16250268,142747645,121476569,21271076,459388080,496909424,-37521344,821209872,824305472,-3095600,985758816,966412944,19345872,-0.66,0.86,-1.52,-0.13,0.78,0,16,11,4,1,0,0,23.34,0.00,0.00,0.00,,0.00,,0.00,EastMoney,2026-06-01T20:41:54+08:00
BK1551,2026-06-01T00:00:00Z,197596,202952,203600,195402,198633,4319,2.17,10354281,5203563147,3.16,1.00,0.00,0,5202661,5151620,136348488000,130863641000,139030912,466671472,381802288,84869184,1141306928,1087145200,54161728,1675219376,1750749664,-75530288,1765508224,1829008832,-63500608,2.67,1.63,1.04,-1.45,-1.22,0,21,18,3,0,0,0,-51.13,0.00,0.00,0.00,,0.00,,0.00,EastMoney,2026-06-01T20:41:54+08:00
BK1552,2026-06-01T00:00:00Z,176841,182635,183614,175764,181375,1260,0.69,8445021,4475478274,5.74,1.31,0.00,0,4226470,4218551,78446406000,74657999000,16376528,404422224,415671936,-11249712,975077152,947450912,27626240,1476729360,1608995984,-132266624,1459640032,1343749936,115890096,0.37,-0.25,0.62,-2.96,2.59,0,7,4,2,1,0,0,-32.91,0.00,0.00,0.00,,0.00,,0.00,EastMoney,2026-06-01T20:41:54+08:00
BK1553,2026-06-01T00:00:00Z,148212,153236,153713,147788,148914,4322,2.90,3483010,2175736186,3.19,1.01,0.00,0,1789385,1693625,72086292000,66075616000,-72467567,146180885,114481556,31699329,381501104,485668000,-104166896,662279616,714469008,-52189392,929159984,804503008,124656976,-3.33,1.46,-4.79,-2.40,5.73,0,16,14,1,1,0,0,25.61,0.00,0.00,0.00,,0.00,,0.00,EastMoney,2026-06-01T20:41:54+08:00
BK1554,2026-06-01T00:00:00Z,177963,183545,184211,177580,179605,3940,2.19,5108700,3011783420,1.77,1.46,0.00,0,2766209,2342490,197322867000,186158133000,-40050896,294795200,371941408,-77146208,687949072,650853760,37095312,898281184,918800976,-20519792,1079540064,1018969376,60570688,-1.33,-2.56,1.23,-0.68,2.01,0,16,14,2,0,0,0,-8.49,0.00,0.00,0.00,,0.00,,0.00,EastMoney,2026-06-01T20:41:54+08:00
BK1555,2026-06-01T00:00:00Z,144161,149496,150597,144161,145843,3653,2.50,1245313,1360771894,2.61,0.98,0.00,0,716779,528534,52727968000,50765922000,29874230,68778511,68670905,107606,299283120,269516496,29766624,441839456,473487440,-31647984,530242784,528469040,1773744,2.20,0.01,2.19,-2.33,0.13,0,7,7,0,0,0,0,109.33,0.00,0.00,0.00,,0.00,,0.00,EastMoney,2026-06-01T20:41:54+08:00
BK1556,2026-06-01T00:00:00Z,94469,98965,99470,93687,94528,4437,4.69,1747456,495756086,5.47,2.74,0.00,0,959204,788252,12143492000,10944392000,76739009,34433530,7929430,26504100,156938998,106704089,50234909,166620361,173078156,-6457795,97463724,167744939,-70281215,15.48,5.35,10.13,-1.30,-14.18,0,3,2,1,0,0,0,-294.86,0.00,0.00,0.00,,0.00,,0.00,EastMoney,2026-06-01T20:41:54+08:00
BK1557,2026-06-01T00:00:00Z,462793,474858,476513,461753,464342,10516,2.26,1964681,1291552112,2.16,0.85,0.00,0,940360,1024320,56187542000,53027888000,-41165500,64294666,66465366,-2170700,326019584,365014384,-38994800,456484480,463315072,-6830592,415296752,367300656,47996096,-3.19,-0.17,-3.02,-0.53,3.72,0,11,10,1,0,0,0,-128.41,0.00,0.00,0.00,,0.00,,0.00,EastMoney,2026-06-01T20:41:54+08:00
BK1558,2026-06-01T00:00:00Z,192792,198428,200483,192093,193447,4981,2.57,248650,144674123,1.55,1.00,0.00,0,147991,100659,10296374000,10296361000,-871073,0,1109250,-1109250,24570125,24331948,238177,38459663,43434271,-4974608,79655854,73810173,5845681,-0.60,-0.77,0.16,-3.44,4.04,0,2,2,0,0,0,0,209.04,0.00,0.00,0.00,,0.00,,0.00,EastMoney,2026-06-01T20:41:54+08:00
BK1559,2026-06-01T00:00:00Z,144225,147802,148023,142932,144825,2977,2.06,340633,192348342,1.80,1.26,0.00,0,197845,142789,12291288000,11761743000,-13921512,3061703,4794489,-1732786,31170016,43358742,-12188726,66562328,67174168,-611840,88375508,73842156,14533352,-7.24,-0.90,-6.34,-0.32,7.56,0,4,4,0,0,0,0,-98.19,0.00,0.00,0.00,,0.00,,0.00,EastMoney,2026-06-01T20:41:54+08:00
BK1560,2026-06-01T00:00:00Z,231992,237241,237614,230775,232692,4549,1.95,569586,707558609,1.51,0.99,0.00,0,335170,234416,48423543000,46219556000,9995470,31534597,26452701,5081896,119567569,114653995,4913574,235038348,236558324,-1519976,313104640,321580144,-8475504,1.41,0.72,0.69,-0.21,-1.20,0,6,5,1,0,0,0,27.72,0.00,0.00,0.00,,0.00,,0.00,EastMoney,2026-06-01T20:41:54+08:00
BK1561,2026-06-01T00:00:00Z,175803,178579,179046,174454,175886,2693,1.53,1218410,755951561,2.35,0.98,0.00,0,654298,564113,39853057000,31924054000,10198635,23206387,35622015,-12415628,158378443,135764180,22614263,235975434,260879185,-24903751,323030192,308325072,14705120,1.35,-1.64,2.99,-3.29,1.95,0,8,8,0,0,0,0,182.76,0.00,0.00,0.00,,0.00,,0.00,EastMoney,2026-06-01T20:41:54+08:00
BK1562,2026-06-01T00:00:00Z,277853,283329,283783,276375,279285,4044,1.45,479784,496227226,1.02,0.79,0.00,0,262204,217580,35387345000,34994918000,2752777,21555829,12740961,8814868,91742094,97804185,-6062091,173208623,187095040,-13886417,201344288,190210648,11133640,0.55,1.78,-1.22,-2.80,2.24,0,5,5,0,0,0,0,82.40,0.00,0.00,0.00,,0.00,,0.00,EastMoney,2026-06-01T20:41:54+08:00
BK1563,2026-06-01T00:00:00Z,296972,303171,303460,294742,297240,5931,2.00,1188199,1402511074,2.65,1.27,0.00,0,685304,502895,62149690000,54230475000,4452376,46791710,54201734,-7410024,287040800,275178400,11862400,492412912,503157344,-10744432,549459088,543167040,6292048,0.32,-0.53,0.85,-0.77,0.45,0,13,13,0,0,0,0,47.03,0.00,0.00,0.00,,0.00,,0.00,EastMoney,2026-06-01T20:41:54+08:00
BK1564,2026-06-01T00:00:00Z,115084,119072,120461,114464,116231,2841,2.44,1230611,1426433826,11.12,1.00,0.00,0,649471,581139,13611869000,13079814000,-12019095,115339434,159525425,-44185991,350576368,318409472,32166896,489271968,460367264,28904704,443924544,460810160,-16885616,-0.84,-3.10,2.26,2.03,-1.18,0,2,2,0,0,0,0,-68.46,0.00,0.00,0.00,,0.00,,0.00,EastMoney,2026-06-01T20:41:54+08:00
BK1565,2026-06-01T00:00:00Z,105056,109990,110541,104404,105819,4171,3.94,217635,271863332,2.14,0.93,0.00,0,121954,95681,14749762000,11338729000,5111343,13907778,5108742,8799036,51262424,54950117,-3687693,94513653,102255445,-7741792,105444884,102814435,2630449,1.88,3.24,-1.36,-2.85,0.97,0,3,3,0,0,0,0,31.02,0.00,0.00,0.00,,0.00,,0.00,EastMoney,2026-06-01T20:41:54+08:00
BK1566,2026-06-01T00:00:00Z,829620,836749,845701,828489,833697,3052,0.37,2510528,4701268981,2.98,0.98,0.00,0,1281598,1228930,177217274000,136569672000,-388376784,353694000,645377696,-291683696,972204096,1068897184,-96693088,1566820976,1427875472,138945504,1709373104,1459879728,249493376,-8.26,-6.20,-2.06,2.96,5.31,0,24,15,9,0,0,0,43.72,0.00,0.00,0.00,,0.00,,0.00,EastMoney,2026-06-01T20:41:54+08:00
BK1567,2026-06-01T00:00:00Z,110359,112522,113618,109120,110999,1523,1.37,95430,328050830,1.78,0.99,0.00,0,54577,40853,15482764000,12733707000,-6650199,24774763,25424460,-649697,63715353,69715855,-6000502,90598775,87935236,2663539,136312254,131463257,4848997,-2.03,-0.20,-1.83,0.81,1.48,0,4,3,1,0,0,0,64.34,0.00,0.00,0.00,,0.00,,0.00,EastMoney,2026-06-01T20:41:54+08:00
BK1568,2026-06-01T00:00:00Z,188768,195376,195532,186824,188637,6739,3.57,274433,259600922,0.97,1.56,0.00,0,163623,110810,23108273000,20156231000,14605880,7532007,5930788,1601219,48906282,35901621,13004661,85344638,83596158,1748480,115229617,131583977,-16354360,5.63,0.62,5.01,0.67,-6.30,0,3,3,0,0,0,0,12.38,0.00,0.00,0.00,,0.00,,0.00,EastMoney,2026-06-01T20:41:54+08:00
BK1569,2026-06-01T00:00:00Z,328937,333579,337001,327161,329408,4171,1.27,8198205,6775662963,0.28,1.17,0.00,0,4118433,4079772,2982793808000,2610276320000,179850336,859881424,654443056,205438368,1643221856,1668809888,-25588032,2268323216,2095891152,172432064,1933914752,2286197136,-352282384,2.65,3.03,-0.38,2.54,-5.20,0,10,8,2,0,0,0,14.42,0.00,0.00,0.00,,0.00,,0.00,EastMoney,2026-06-01T20:41:54+08:00
BK1570,2026-06-01T00:00:00Z,304855,314935,317209,303684,305521,9414,3.08,2641244,2621297169,2.12,1.02,0.00,0,1477069,1164175,117428488000,112398085000,68998316,137999017,114850749,23148268,549192208,503342160,45850048,879877472,862249856,17627616,1032362960,1118988880,-86625920,2.63,0.88,1.75,0.67,-3.30,0,14,14,0,0,0,0,170.19,0.00,0.00,0.00,,0.00,,0.00,EastMoney,2026-06-01T20:41:54+08:00
BK1571,2026-06-01T00:00:00Z,342240,345319,349207,340516,342342,2977,0.87,860200,1086868872,3.61,0.67,0.00,0,486799,373401,32173564000,30742113000,-28176012,39192791,60022826,-20830035,192046752,199392729,-7345977,354096496,358861216,-4764720,477790256,444849520,32940736,-2.59,-1.92,-0.68,-0.44,3.03,0,6,4,2,0,0,0,38.61,0.00,0.00,0.00,,0.00,,0.00,EastMoney,2026-06-01T20:41:54+08:00
BK1572,2026-06-01T00:00:00Z,169152,172009,173388,168978,168525,3484,2.07,1874679,1298601583,1.51,0.82,0.00,0,1023676,851003,70538417000,67233930000,42173230,73863969,73897831,-33862,285718528,243511436,42207092,414963200,427535824,-12572624,501831440,531432048,-29600608,3.25,0.00,3.25,-0.97,-2.28,0,6,6,0,0,0,0,35.10,0.00,0.00,0.00,,0.00,,0.00,EastMoney,2026-06-01T20:41:54+08:00
BK1573,2026-06-01T00:00:00Z,167672,171777,172301,167309,165910,5867,3.54,2845048,1669820928,1.02,1.02,0.00,0,1651013,1194035,170981136000,131990992000,70794859,186303011,120508376,65794635,370752528,365752304,5000224,470230528,519550576,-49320048,557641888,575383648,-17741760,4.24,3.94,0.30,-2.95,-1.06,0,8,8,0,0,0,0,19.76,0.00,0.00,0.00,,0.00,,0.00,EastMoney,2026-06-01T20:41:54+08:00
BK1574,2026-06-01T00:00:00Z,379318,383056,384034,379015,374387,8669,2.32,1065896,1787527782,0.65,0.28,0.00,0,509153,556742,1730443920000,177033671000,127868293,247105125,205697808,41407317,424381360,337920384,86460976,579800624,635551008,-55750384,504436512,576554400,-72117888,7.15,2.32,4.84,-3.12,-4.03,0,5,4,1,0,0,0,13.69,0.00,0.00,0.00,,0.00,,0.00,EastMoney,2026-06-01T20:41:54+08:00
BK1575,2026-06-01T00:00:00Z,453250,458040,460489,448314,459631,-1591,-0.35,2951378,16254742720,1.65,0.90,0.00,0,1459550,1491829,2545054496000,2539345936000,-599832128,1986423472,2233831408,-247407936,4386814720,4739238912,-352424192,6043614720,5676516608,367098112,3305735872,3073001904,232733968,-3.69,-1.52,-2.17,2.26,1.43,0,21,9,12,0,0,0,20.24,0.00,0.00,0.00,,0.00,,0.00,EastMoney,2026-06-01T20:41:54+08:00
BK1576,2026-06-01T00:00:00Z,476059,485410,485457,474420,478568,6842,1.43,3970184,4857424954,2.44,0.90,0.00,0,1962999,2007185,349408768000,335661504000,-175650896,470991984,476622544,-5630560,944008848,1114029184,-170020336,1466258112,1362154720,104103392,1854103152,1778443440,75659712,-3.62,-0.12,-3.50,2.14,1.56,0,15,11,4,0,0,0,28.27,0.00,0.00,0.00,,0.00,,0.00,EastMoney,2026-06-01T20:41:54+08:00
BK1577,2026-06-01T00:00:00Z,271835,275757,275883,271626,271884,3873,1.42,1151748,2070531374,1.74,1.28,0.00,0,604167,547581,176673114000,132392852000,81767225,171513674,139987761,31525913,518067936,467826624,50241312,713390736,729475024,-16084288,614846144,680529072,-65682928,3.95,1.52,2.43,-0.78,-3.17,0,7,7,0,0,0,0,20.33,0.00,0.00,0.00,,0.00,,0.00,EastMoney,2026-06-01T20:41:54+08:00
BK1578,2026-06-01T00:00:00Z,156237,159717,159836,155046,156665,3052,1.95,1332515,1628795551,2.34,0.93,0.00,0,712641,619875,64723790000,56700721000,-32108360,91054724,118512268,-27457544,327310816,331961632,-4650816,544762128,577501744,-32739616,611270496,546422512,64847984,-1.97,-1.69,-0.29,-2.01,3.98,0,10,8,1,1,0,0,64.72,0.00,0.00,0.00,,0.00,,0.00,EastMoney,2026-06-01T20:41:54+08:00
BK1579,2026-06-01T00:00:00Z,389099,395717,396472,384711,391094,4623,1.18,1717395,910289867,3.70,1.54,0.00,0,1008276,709119,57519782000,40949518000,-20320636,44784783,66796178,-22011395,212481721,210790962,1690759,299197168,266442080,32755088,315808144,323947008,-8138864,-2.23,-2.42,0.19,3.60,-0.89,0,9,6,3,0,0,0,833.26,0.00,0.00,0.00,,0.00,,0.00,EastMoney,2026-06-01T20:41:54+08:00
BK1580,2026-06-01T00:00:00Z,237652,242698,242698,234638,239047,3651,1.53,1773118,1132700859,2.07,1.03,0.00,0,983112,790006,114137002000,113322749000,-73744850,58386550,152846290,-94459740,240997682,220282792,20714890,361361888,319977056,41384832,454135104,421775088,32360016,-6.51,-8.34,1.83,3.65,2.86,0,7,6,1,0,0,0,27.75,0.00,0.00,0.00,,0.00,,0.00,EastMoney,2026-06-01T20:41:54+08:00
BK1581,2026-06-01T00:00:00Z,664521,685868,686092,660895,668571,17297,2.59,820214,1543818954,2.86,1.48,0.00,0,435807,384407,72605655000,63591913000,30814586,64164758,55002391,9162367,253160879,231508660,21652219,536654016,481078032,55575984,641215216,720918816,-79703600,2.00,0.59,1.40,3.60,-5.16,0,11,10,1,0,0,0,26.90,0.00,0.00,0.00,,0.00,,0.00,EastMoney,2026-06-01T20:41:54+08:00
BK1582,2026-06-01T00:00:00Z,74010,76350,76368,73575,74391,1959,2.63,485386,576354172,1.27,1.13,0.00,0,279484,205902,42757833000,41080839000,7069956,14909424,20227551,-5318127,96987993,84599910,12388083,186535332,187903272,-1367940,264760303,270462320,-5702017,1.23,-0.92,2.15,-0.24,-0.99,0,9,9,0,0,0,0,32.35,0.00,0.00,0.00,,0.00,,0.00,EastMoney,2026-06-01T20:41:54+08:00
BK1583,2026-06-01T00:00:00Z,199611,205014,206050,198302,200918,4096,2.04,1635599,2803030788,4.29,1.18,0.00,0,863059,772539,107394435000,95415241000,-10343909,183853830,178036955,5816875,525780064,541940848,-16160784,948615824,880127520,68488304,1102876912,1161021312,-58144400,-0.37,0.21,-0.58,2.44,-2.07,0,11,9,2,0,0,0,19.53,0.00,0.00,0.00,,0.00,,0.00,EastMoney,2026-06-01T20:41:54+08:00
BK1584,2026-06-01T00:00:00Z,238064,240172,242445,237693,237412,2760,1.16,220502,323375008,1.44,0.93,0.00,0,118381,102121,25512139000,24960561000,21523673,21069393,18533282,2536111,80849694,61862132,18987562,96541873,96171763,370110,117437262,139331045,-21893783,6.66,0.78,5.87,0.11,-6.77,0,3,1,2,0,0,0,173.09,0.00,0.00,0.00,,0.00,,0.00,EastMoney,2026-06-01T20:41:54+08:00
BK1585,2026-06-01T00:00:00Z,223074,228622,229034,221911,225340,3282,1.46,2756619,3857264714,1.81,1.27,0.00,0,1473674,1282945,261733348000,256344448000,119268487,292042000,220829657,71212343,896836272,848780128,48056144,1313225728,1265724432,47501296,1250221904,1411625104,-161403200,3.09,1.85,1.25,1.23,-4.18,0,19,15,4,0,0,0,20.97,0.00,0.00,0.00,,0.00,,0.00,EastMoney,2026-06-01T20:41:54+08:00
BK1586,2026-06-01T00:00:00Z,194556,199195,199219,193850,195903,3292,1.68,1192045,3024656682,1.84,1.25,0.00,0,587370,604676,203059913000,193322065000,311884095,410730160,233850225,176879935,730997120,595992960,135004160,983066368,1073471424,-90405056,849657424,1071136464,-221479040,10.31,5.85,4.46,-2.99,-7.32,0,8,7,1,0,0,0,26.77,0.00,0.00,0.00,,0.00,,0.00,EastMoney,2026-06-01T20:41:54+08:00
BK1587,2026-06-01T00:00:00Z,99504,100030,100185,99144,99715,315,0.32,3129205,2303132757,0.29,0.82,0.00,0,1664798,1464407,2834266960000,695301408000,302167968,499789984,286471792,213318192,584310128,495460352,88849776,621658176,761965424,-140307248,566518464,728379184,-161860720,13.12,9.26,3.86,-6.09,-7.03,0,3,1,1,1,0,0,16.09,0.00,0.00,0.00,,0.00,,0.00,EastMoney,2026-06-01T20:41:54+08:00
BK1588,2026-06-01T00:00:00Z,303074,311856,312963,302142,305003,6853,2.25,3853047,5320416259,4.80,0.78,0.00,0,1971709,1881338,110476817000,97598012000,-87867504,314305104,358358224,-44053120,1080441952,1124256336,-43814384,1770231200,1783517424,-13286224,2048238368,1944138176,104100192,-1.65,-0.83,-0.82,-0.25,1.96,0,20,15,5,0,0,0,-63.73,0.00,0.00,0.00,,0.00,,0.00,EastMoney,2026-06-01T20:41:54+08:00
BK1589,2026-06-01T00:00:00Z,522470,531465,539069,519629,523094,8371,1.60,4305642,8836068049,3.03,0.75,0.00,0,2183111,2122532,295663936000,280354672000,88913792,712234448,734044768,-21810320,2113842816,2003118704,110724112,2917069952,2912072944,4997008,2921845072,3015755888,-93910816,1.01,-0.25,1.25,0.06,-1.06,0,17,11,6,0,0,0,75.95,0.00,0.00,0.00,,0.00,,0.00,EastMoney,2026-06-01T20:41:54+08:00
BK1590,2026-06-01T00:00:00Z,567960,568872,576338,566484,566086,2786,0.49,816092,1951096675,2.01,0.72,0.00,0,389463,426629,90113670000,72232977000,-81743591,121659412,149441051,-27781639,369017584,422979536,-53961952,665746480,619303712,46442768,759456400,718751472,40704928,-4.19,-1.42,-2.77,2.38,2.09,0,14,9,5,0,0,0,101.60,0.00,0.00,0.00,,0.00,,0.00,EastMoney,2026-06-01T20:41:54+08:00
BK1591,2026-06-01T00:00:00Z,1587197,1531827,1592045,1529067,1594498,-62671,-3.93,9374232,130924528820,4.24,0.89,0.00,0,4500859,4873374,3382646576000,3153711584000,-4991295744,34299036416,38254298624,-3955262208,38373614080,39409647616,-1036033536,41144126464,37670635008,3473491456,13987096064,12671408384,1315687680,-3.81,-3.02,-0.79,2.65,1.00,0,37,9,27,1,0,0,95.77,0.00,0.00,0.00,,0.00,,0.00,EastMoney,2026-06-01T20:41:54+08:00
BK1592,2026-06-01T00:00:00Z,2910152,2822446,2950332,2803819,2947423,-124977,-4.24,9260855,54681029054,8.56,0.99,0.00,0,4461648,4799206,851040848000,638073408000,-2632625920,11579789312,14228694528,-2648905216,14532790272,14516510976,16279296,14953080832,14138818048,814262784,12132169472,10320434688,1811734784,-4.81,-4.84,0.03,1.49,3.31,0,13,2,11,0,0,0,107.58,0.00,0.00,0.00,,0.00,,0.00,EastMoney,2026-06-01T20:41:54+08:00
BK1593,2026-06-01T00:00:00Z,414859,418026,425030,414859,416183,1843,0.44,3365137,16660924474,3.21,0.89,0.00,0,1724688,1640449,433089184000,336644032000,-1098317008,2423406272,3400253344,-976847072,3909108672,4030578608,-121469936,5299500800,4824012544,475488256,4781352192,4157075312,624276880,-6.59,-5.86,-0.73,2.85,3.75,0,27,19,8,0,0,0,76.00,0.00,0.00,0.00,,0.00,,0.00,EastMoney,2026-06-01T20:41:54+08:00
BK1594,2026-06-01T00:00:00Z,375526,375503,379677,373926,375241,262,0.07,13027918,26344963998,1.64,0.97,0.00,0,6586932,6440986,1922771136000,1383042384000,-843305024,2126226528,2738774944,-612548416,6216491776,6447248384,-230756608,9218065664,9024319488,193746176,8284548864,7645465088,639083776,-3.20,-2.33,-0.88,0.74,2.43,0,114,73,39,2,0,0,50.27,0.00,0.00,0.00,,0.00,,0.00,EastMoney,2026-06-01T20:41:54+08:00
BK1595,2026-06-01T00:00:00Z,361738,365811,367595,361059,361958,3853,1.06,5551922,7790071350,2.56,1.06,0.00,0,2825300,2726622,328802176000,288502448000,198633888,653503872,579431136,74072736,1730333552,1605772400,124561152,2498823024,2433455024,65368000,2720325536,2985480736,-265155200,2.55,0.95,1.60,0.84,-3.40,0,46,35,10,1,0,0,63.60,0.00,0.00,0.00,,0.00,,0.00,EastMoney,2026-06-01T20:41:54+08:00
BK1596,2026-06-01T00:00:00Z,735946,732243,750814,728512,733725,-1482,-0.20,3908221,10427743986,2.65,0.90,0.00,0,1954551,1953670,558193952000,454031888000,508885088,1253038848,1073000304,180038544,2466041760,2137195216,328846544,3606420288,3742712368,-136292080,2678318256,3072930912,-394612656,4.88,1.73,3.15,-1.31,-3.78,0,38,23,15,0,0,0,70.83,0.00,0.00,0.00,,0.00,,0.00,EastMoney,2026-06-01T20:41:54+08:00
BK1597,2026-06-01T00:00:00Z,467402,468106,469275,462041,468822,-716,-0.15,903724,865743948,0.82,1.07,0.00,0,430297,473426,92129383000,91862095000,-11388070,51509711,52726629,-1216918,195526188,205697340,-10171152,294122736,291522784,2599952,306624272,297836144,8788128,-1.32,-0.14,-1.17,0.30,1.02,0,6,3,2,1,0,0,32.97,0.00,0.00,0.00,,0.00,,0.00,EastMoney,2026-06-01T20:41:54+08:00
BK1598,2026-06-01T00:00:00Z,394320,396963,400839,392240,394542,2421,0.61,1501022,2403472590,1.41,0.83,0.00,0,743950,757072,218777546000,190323729000,-198812477,119423955,321720272,-202296317,535968624,532484784,3483840,772005344,755322528,16682816,911610624,729417024,182193600,-8.27,-8.42,0.14,0.69,7.58,0,14,10,4,0,0,0,-16.22,0.00,0.00,0.00,,0.00,,0.00,EastMoney,2026-06-01T20:41:54+08:00
BK1599,2026-06-01T00:00:00Z,455054,465254,466748,452374,454307,10947,2.41,472810,608713267,2.61,0.85,0.00,0,273854,198955,23696857000,23125486000,716460,24143253,24575863,-432610,106708004,105558934,1149070,208847753,195934308,12913445,250204602,261221469,-11016867,0.12,-0.07,0.19,2.12,-1.81,0,5,5,0,0,0,0,-65.72,0.00,0.00,0.00,,0.00,,0.00,EastMoney,2026-06-01T20:41:54+08:00
BK1600,2026-06-01T00:00:00Z,632503,629009,646165,627519,636546,-7537,-1.18,2747243,12679427699,2.49,1.02,0.00,0,1325966,1421277,630364944000,493804480000,-398886736,1145102144,1501640592,-356538448,3150932544,3193280832,-42348288,4285232256,4159875664,125356592,3919986864,3646456704,273530160,-3.15,-2.81,-0.33,0.99,2.16,0,29,11,18,0,0,0,24.10,0.00,0.00,0.00,,0.00,,0.00,EastMoney,2026-06-01T20:41:54+08:00
BK1601,2026-06-01T00:00:00Z,645675,659045,660604,644329,652736,6309,0.97,3723967,2616848447,1.57,0.81,0.00,0,1955482,1768484,204792390000,184731265000,-136473230,163585152,235354702,-71769550,575059264,639762944,-64703680,921091488,845309376,75782112,887828656,827137536,60691120,-5.22,-2.74,-2.47,2.90,2.32,0,15,12,2,1,0,0,47.89,0.00,0.00,0.00,,0.00,,0.00,EastMoney,2026-06-01T20:41:54+08:00
BK1602,2026-06-01T00:00:00Z,520364,529636,533557,518227,523037,6599,1.26,543142,1019505950,2.63,1.06,0.00,0,291946,251196,45783965000,42760924000,37430887,60379974,43077563,17302411,221089266,200960790,20128476,343040656,355485744,-12445088,380144640,405130464,-24985824,3.67,1.70,1.97,-1.22,-2.45,0,5,4,1,0,0,0,-61.65,0.00,0.00,0.00,,0.00,,0.00,EastMoney,2026-06-01T20:41:54+08:00
BK1603,2026-06-01T00:00:00Z,341479,345816,347807,339801,341953,3863,1.13,3124062,5191840833,2.11,0.79,0.00,0,1565755,1558307,256619576000,241987267000,-90272096,436128864,596351952,-160223088,1150586240,1080635248,69950992,1709857616,1642899072,66958544,1813899952,1791023360,22876592,-1.74,-3.09,1.35,1.29,0.44,0,40,32,6,2,0,0,85.18,0.00,0.00,0.00,,0.00,,0.00,EastMoney,2026-06-01T20:41:54+08:00
BK1604,2026-06-01T00:00:00Z,435170,439765,441554,434307,434944,4821,1.11,2936886,7580795525,1.89,0.99,0.00,0,1482372,1454514,431198256000,365735184000,-153814064,546124448,663078720,-116954272,1590250576,1627110368,-36859792,2616936928,2504769792,112167136,2686163680,2644318896,41844784,-2.03,-1.54,-0.49,1.48,0.55,0,54,39,13,2,0,0,45.55,0.00,0.00,0.00,,0.00,,0.00,EastMoney,2026-06-01T20:41:54+08:00
BK1605,2026-06-01T00:00:00Z,605455,607375,615334,604512,606420,955,0.16,2372903,10253987570,1.93,0.91,0.00,0,1222439,1150464,597527168000,537470656000,-598249200,882770512,1338702016,-455931504,2496973440,2639291136,-142317696,3555936784,3429241488,126695296,3142088672,2668991104,473097568,-5.83,-4.45,-1.39,1.24,4.61,0,43,29,13,1,0,0,40.80,0.00,0.00,0.00,,0.00,,0.00,EastMoney,2026-06-01T20:41:54+08:00
BK1606,2026-06-01T00:00:00Z,342448,354733,356570,342241,345208,9525,2.76,849113,1357961806,1.94,1.38,0.00,0,468068,381045,79413287000,71832482000,1913198,31001951,28280463,2721488,242928067,243736357,-808290,494281232,513932496,-19651264,569476656,551738592,17738064,0.14,0.20,-0.06,-1.45,1.31,0,8,7,1,0,0,0,18.80,0.00,0.00,0.00,,0.00,,0.00,EastMoney,2026-06-01T20:41:54+08:00
BK1607,2026-06-01T00:00:00Z,200894,204154,204369,199606,200743,3411,1.70,3412357,2374515546,1.48,0.91,0.00,0,1696525,1715831,228584220000,194904867000,47225318,83228252,122339350,-39111098,514534272,428197856,86336416,764730832,757381392,7349440,955723120,1010297888,-54574768,1.99,-1.65,3.64,0.31,-2.30,0,24,20,2,2,0,0,16.31,0.00,0.00,0.00,,0.00,,0.00,EastMoney,2026-06-01T20:41:54+08:00
BK1608,2026-06-01T00:00:00Z,131024,133151,133151,130427,131470,1681,1.28,7791172,9038529655,1.27,0.98,0.00,0,4099956,3691215,779805792000,747323392000,45561152,672425728,617800784,54624944,1806343200,1815406992,-9063792,2889117152,2944062528,-54945376,3496801168,3485754672,11046496,0.50,0.60,-0.10,-0.61,0.12,0,66,52,13,1,0,0,27.06,0.00,0.00,0.00,,0.00,,0.00,EastMoney,2026-06-01T20:41:54+08:00
BK1609,2026-06-01T00:00:00Z,154310,157196,157264,153518,154264,2932,1.90,9342350,8222628845,0.74,1.42,0.00,0,5632864,3709486,1271771408000,1229767648000,581104976,1435466336,1171534880,263931456,2133478320,1816304800,317173520,2441676400,2545841152,-104164752,2089601168,2566541376,-476940208,7.07,3.21,3.86,-1.27,-5.80,0,17,16,1,0,0,0,6.03,0.00,0.00,0.00,,0.00,,0.00,EastMoney,2026-06-01T20:41:54+08:00
BK1610,2026-06-01T00:00:00Z,227726,229835,229835,226412,228066,1769,0.78,11658756,10776051046,0.46,1.23,0.00,0,6871861,4786895,2826691904000,2449324576000,891974512,2040033504,1884319920,155713584,3440526544,2704265616,736260928,2909994784,3347797072,-437802288,2177913856,2632086064,-454172208,8.28,1.44,6.83,-4.06,-4.21,0,9,7,2,0,0,0,5.65,0.00,0.00,0.00,,0.00,,0.00,EastMoney,2026-06-01T20:41:54+08:00
BK1611,2026-06-01T00:00:00Z,299101,303308,303587,298523,298849,4459,1.49,14664668,9828543775,0.16,1.22,0.00,0,8845320,5819348,10623674368000,5927729152000,1113695568,2885215040,1903300880,981914160,2464354864,2332573456,131781408,2551254992,2783928416,-232673424,1761647840,2642670000,-881022160,11.33,9.99,1.34,-2.37,-8.96,0,6,6,0,0,0,0,7.39,0.00,0.00,0.00,,0.00,,0.00,EastMoney,2026-06-01T20:41:54+08:00
BK1612,2026-06-01T00:00:00Z,44658,45592,45677,44420,44641,951,2.13,4265509,2158119843,1.03,1.90,0.00,0,2632777,1632732,262297648000,240287449000,198459032,261938268,118353572,143584696,541685552,486811216,54874336,608933936,733700992,-124767056,714348256,788040240,-73691984,9.20,6.65,2.54,-5.78,-3.41,0,10,10,0,0,0,0,5.98,0.00,0.00,0.00,,0.00,,0.00,EastMoney,2026-06-01T20:41:54+08:00
BK1613,2026-06-01T00:00:00Z,291272,295889,299087,291096,291047,4842,1.66,15667014,19221813195,2.52,0.81,0.00,0,7808754,7858260,1017913680000,700531008000,454365696,2254942912,2084824000,170118912,4741549312,4457302528,284246784,5990665216,5926582272,64082944,5926321152,6444769536,-518448384,2.36,0.89,1.48,0.33,-2.70,0,30,23,7,0,0,0,14.71,0.00,0.00,0.00,,0.00,,0.00,EastMoney,2026-06-01T20:41:54+08:00
BK1614,2026-06-01T00:00:00Z,267780,268607,274694,267578,269678,-1071,-0.40,5960083,6966478813,3.12,0.74,0.00,0,2819618,3140465,250061833000,240527348000,-177399408,751996480,850799648,-98803168,1511645024,1590241264,-78596240,2199162128,2174375040,24787088,2385034640,2228637296,156397344,-2.55,-1.42,-1.13,0.36,2.24,0,12,6,6,0,0,0,29.98,0.00,0.00,0.00,,0.00,,0.00,EastMoney,2026-06-01T20:41:54+08:00
BK1615,2026-06-01T00:00:00Z,387302,387594,394342,386911,387935,-341,-0.09,12798782,20152153916,1.66,0.70,0.00,0,6225709,6573073,1828039456000,1486879552000,-452913744,2549910160,3051367904,-501457744,4814758144,4766214144,48544000,6180840704,5990908672,189932032,6328906752,6065925120,262981632,-2.25,-2.49,0.24,0.94,1.30,0,17,7,9,1,0,0,16.54,0.00,0.00,0.00,,0.00,,0.00,EastMoney,2026-06-01T20:41:54+08:00
BK1616,2026-06-01T00:00:00Z,494760,499801,510349,491417,500004,-203,-0.04,1503100,3392556788,3.15,0.73,0.00,0,764802,738298,118283138000,112869820000,22033584,406265568,360465984,45799584,778380960,802146960,-23766000,1009537216,1132722592,-123185376,1152147024,1050995216,101151808,0.65,1.35,-0.70,-3.63,2.98,0,3,0,2,1,0,0,31.64,0.00,0.00,0.00,,0.00,,0.00,EastMoney,2026-06-01T20:41:54+08:00
BK1617,2026-06-01T00:00:00Z,589223,594019,604613,589021,592031,1988,0.34,3099116,7947404525,1.73,0.77,0.00,0,1581661,1517455,499764256000,451259568000,-47051616,772223392,817635296,-45411904,1731967536,1733607248,-1639712,2572642304,2552218624,20423680,2761641616,2735013680,26627936,-0.59,-0.57,-0.02,0.26,0.34,0,10,7,3,0,0,0,21.50,0.00,0.00,0.00,,0.00,,0.00,EastMoney,2026-06-01T20:41:54+08:00
BK1618,2026-06-01T00:00:00Z,597250,587850,606529,587149,597567,-9717,-1.63,1535799,6375619671,2.27,0.76,0.00,0,715455,820344,208903713000,158625600000,-646420592,591836192,771221056,-179384864,1226068224,1693103952,-467035728,1959141344,1972344544,-13203200,2517955840,1858332032,659623808,-10.14,-2.81,-7.33,-0.21,10.35,0,15,4,11,0,0,0,63.75,0.00,0.00,0.00,,0.00,,0.00,EastMoney,2026-06-01T20:41:54+08:00
BK1619,2026-06-01T00:00:00Z,423473,422759,435063,422332,423768,-1009,-0.24,2787796,10603645759,3.55,0.73,0.00,0,1364823,1422973,255794941000,221972486000,-429405648,1385771344,1633738608,-247967264,2437355824,2618794208,-181438384,3001930400,3135389808,-133459408,3481604320,2921652816,559951504,-4.05,-2.34,-1.71,-1.26,5.28,0,21,9,12,0,0,0,119.60,0.00,0.00,0.00,,0.00,,0.00,EastMoney,2026-06-01T20:41:54+08:00
BK1620,2026-06-01T00:00:00Z,125074,126366,128329,125074,126747,-381,-0.30,99618,592626804,2.06,0.69,0.00,0,50018,49600,34478043000,26594277000,-23494391,16759685,22890088,-6130403,116592435,133956423,-17363988,178130106,184748700,-6618594,264196000,234083013,30112987,-3.96,-1.03,-2.93,-1.12,5.08,0,2,1,1,0,0,0,19.21,0.00,0.00,0.00,,0.00,,0.00,EastMoney,2026-06-01T20:41:54+08:00
BK1621,2026-06-01T00:00:00Z,1910998,1909715,1959476,1904295,1920311,-10596,-0.55,3178913,14006646824,5.31,1.11,0.00,0,1563650,1615264,416394736000,329602192000,-374294576,1387858368,1641702368,-253844000,3231700464,3352151040,-120450576,4511151616,4637675264,-126523648,4634917632,4134099408,500818224,-2.67,-1.81,-0.86,-0.90,3.58,0,8,2,6,0,0,0,52.52,0.00,0.00,0.00,,0.00,,0.00,EastMoney,2026-06-01T20:41:54+08:00
BK1622,2026-06-01T00:00:00Z,646427,639255,659097,639135,655033,-15778,-2.41,501294,2716381786,2.66,0.89,0.00,0,243246,258048,101436986000,100949232000,-335595200,348209728,624032704,-275822976,616768016,676540240,-59772224,848368928,806651200,41717728,829358752,535481296,293877456,-12.35,-10.15,-2.20,1.54,10.82,0,1,0,1,0,0,0,13.79,0.00,0.00,0.00,,0.00,,0.00,EastMoney,2026-06-01T20:41:54+08:00
BK1623,2026-06-01T00:00:00Z,152624,151690,161978,150753,155710,-4020,-2.58,1437974,3498259705,4.28,0.99,0.00,0,671001,766973,120590756000,78268596000,-109670912,362081904,466126048,-104044144,903036368,908663136,-5626768,1141127456,1235894576,-94767120,990754272,786316240,204438032,-3.14,-2.97,-0.16,-2.71,5.84,0,2,0,2,0,0,0,28.20,0.00,0.00,0.00,,0.00,,0.00,EastMoney,2026-06-01T20:41:54+08:00
BK1624,2026-06-01T00:00:00Z,554053,554703,566594,554011,556894,-2191,-0.39,4252766,19935969155,5.29,0.92,0.00,0,2066541,2186224,457623808000,278903792000,-1326857040,2995477904,4008862688,-1013384784,4782649600,5096121856,-313472256,6342437376,5978768640,363668736,5481993728,4518511360,963482368,-6.66,-5.08,-1.57,1.82,4.83,0,15,7,8,0,0,0,63.64,0.00,0.00,0.00,,0.00,,0.00,EastMoney,2026-06-01T20:41:54+08:00
BK1625,2026-06-01T00:00:00Z,874117,845972,911267,843234,868116,-22144,-2.55,2499985,12548258022,5.59,1.00,0.00,0,1176101,1323883,273293584000,217280948000,-844840176,1514354624,2352383136,-838028512,3258893328,3265704992,-6811664,3915738192,3690200384,225537808,3666299616,3046997232,619302384,-6.73,-6.68,-0.05,1.80,4.94,0,4,1,3,0,0,0,45.57,0.00,0.00,0.00,,0.00,,0.00,EastMoney,2026-06-01T20:41:54+08:00
BK1626,2026-06-01T00:00:00Z,947646,945315,966073,939333,956063,-10748,-1.12,1267895,5629666447,1.87,0.61,0.00,0,556261,711634,290336400000,290336400000,-419318496,573078432,1017213888,-444135456,1339785088,1314968128,24816960,1871611408,1736260784,135350624,1741530160,1457562304,283967856,-7.45,-7.89,0.44,2.40,5.04,0,4,1,3,0,0,0,68.70,0.00,0.00,0.00,,0.00,,0.00,EastMoney,2026-06-01T20:41:54+08:00
BK1627,2026-06-01T00:00:00Z,1207645,1238457,1244057,1206039,1209842,28615,2.37,4009343,5296826355,2.05,1.06,0.00,0,2239328,1770015,212680888000,200437427000,372995504,680352928,581071520,99281408,1496582592,1222868496,273714096,1487745920,1715835680,-228089760,1533936000,1678841728,-144905728,7.04,1.87,5.17,-4.31,-2.74,0,19,16,3,0,0,0,-107.20,0.00,0.00,0.00,,0.00,,0.00,EastMoney,2026-06-01T20:41:54+08:00
BK1628,2026-06-01T00:00:00Z,83185,84432,85319,83070,84006,426,0.51,2559563,5129328179,1.61,1.07,0.00,0,1477594,1081969,126255355000,114894861000,-473044496,621421632,895398368,-273976736,1133493200,1332560960,-199067760,1648126416,1677503472,-29377056,1605907584,1101371200,504536384,-9.22,-5.34,-3.88,-0.57,9.84,0,11,7,4,0,0,0,147.25,0.00,0.00,0.00,,0.00,,0.00,EastMoney,2026-06-01T20:41:54+08:00
BK1629,2026-06-01T00:00:00Z,78388,81217,82200,78388,78302,2915,3.72,69865389,133744938120,3.83,1.07,0.00,0,37761128,32104261,3574880256000,3171885216000,8567997696,20878071808,14666636288,6211435520,34840309760,32483747584,2356562176,41916555520,45886645248,-3970089728,33916711936,38463200256,-4546488320,6.41,4.64,1.76,-2.97,-3.40,0,203,185,17,1,0,0,58.06,0.00,0.00,0.00,,0.00,,0.00,EastMoney,2026-06-01T20:41:54+08:00
BK1630,2026-06-01T00:00:00Z,274877,277621,279797,274447,271259,6362,2.35,42536225,41618578931,8.56,0.76,0.00,0,20928210,21608015,578958192000,479921616000,513801984,6390686464,6205824256,184862208,9786491136,9457551360,328939776,12658417408,12305472000,352945408,11174006528,12040753920,-866747392,1.23,0.44,0.79,0.85,-2.08,0,45,30,15,0,0,0,43.83,0.00,0.00,0.00,,0.00,,0.00,EastMoney,2026-06-01T20:41:54+08:00
BK1631,2026-06-01T00:00:00Z,78259,79519,79899,78119,79161,358,0.45,50070813,89371006745,5.76,1.73,0.00,0,24939924,25130889,1009382528000,955155856000,-1897155072,17095483136,21046792704,-3951309568,23268675840,21214521344,2054154496,23930812160,23715915264,214896896,21902626816,20206634240,1695992576,-2.12,-4.42,2.30,0.24,1.90,0,59,29,28,2,0,0,-7.02,0.00,0.00,0.00,,0.00,,0.00,EastMoney,2026-06-01T20:41:54+08:00
BK1632,2026-06-01T00:00:00Z,75799,76086,78194,75799,76424,-338,-0.44,91702475,204513815212,16.62,1.00,0.00,0,44562760,47139715,1628454960000,1207230896000,-5160832768,34875706624,38067998208,-3192291584,50082339328,52050880512,-1968541184,58763938048,59950474240,-1186536192,54678300928,48316947712,6361353216,-2.52,-1.56,-0.96,-0.58,3.11,0,99,39,60,0,0,0,257.70,0.00,0.00,0.00,,0.00,,0.00,EastMoney,2026-06-01T20:41:54+08:00
BK1633,2026-06-01T00:00:00Z,99037,99473,101003,99037,99427,46,0.05,569935209,1171453941634,4.88,1.40,0.00,0,281679096,288256113,24923459072000,22761807616000,-31985049600,191228653568,208486522880,-17257869312,280670175232,295397355520,-14727180288,350609805312,352437493760,-1827688448,323266105344,289446735872,33819369472,-2.73,-1.47,-1.26,-0.16,2.89,0,1158,584,563,11,0,0,121.78,0.00,0.00,0.00,,0.00,,0.00,EastMoney,2026-06-01T20:41:54+08:00
BK1635,2026-06-01T00:00:00Z,95058,97194,97233,94640,95160,2034,2.14,117745994,60074740113,0.77,1.31,0.00,0,64250266,53495728,14986178304000,9757955072000,2766859008,10230135552,8209079296,2021056256,15162461440,14416658688,745802752,17347176448,18622550528,-1275374080,16015531520,17506952704,-1491421184,4.61,3.36,1.24,-2.12,-2.48,0,196,168,21,7,0,0,8.93,0.00,0.00,0.00,,0.00,,0.00,EastMoney,2026-06-01T20:41:54+08:00
BK1636,2026-06-01T00:00:00Z,102396,104484,104533,101872,102462,2022,1.97,40830319,32280775099,0.32,1.28,0.00,0,23063706,17766613,14267412736000,9042278656000,2346218240,6945295360,5325505536,1619789824,8501673728,7775245312,726428416,8952425216,9892455424,-940030208,7339718400,8745906432,-1406188032,7.27,5.02,2.25,-2.91,-4.36,0,43,40,3,0,0,0,7.49,0.00,0.00,0.00,,0.00,,0.00,EastMoney,2026-06-01T20:41:54+08:00
BK1637,2026-06-01T00:00:00Z,203722,203355,206425,201036,203290,65,0.03,216492598,482074199239,7.54,1.10,0.00,0,107744489,108748109,11150345984000,10484646912000,-15030874112,108046020608,119331807232,-11285786624,123757510656,127502598144,-3745087488,134962479104,133712977920,1249501184,101976813568,88195440640,13781372928,-3.12,-2.34,-0.78,0.26,2.86,0,100,47,53,0,0,0,37.67,0.00,0.00,0.00,,0.00,,0.00,EastMoney,2026-06-01T20:41:54+08:00
BK1638,2026-06-01T00:00:00Z,176967,178350,180279,176967,176641,1709,0.97,142408822,213446776979,7.69,0.78,0.00,0,69400307,73008515,2982170576000,2648099696000,-3947236096,34244222976,37514972160,-3270749184,52190256384,52866743296,-676486912,62362554880,61968483072,394071808,57730272256,54152659456,3577612800,-1.85,-1.53,-0.32,0.18,1.68,0,180,105,75,0,0,0,-193.92,0.00,0.00,0.00,,0.00,,0.00,EastMoney,2026-06-01T20:41:54+08:00
BK1639,2026-06-01T00:00:00Z,95826,95937,96728,95718,95837,100,0.10,125808858,307158432184,1.28,0.88,0.00,0,63075832,62733026,24297939456000,18888075008000,-7813963008,66167726848,72442617856,-6274891008,83455561728,84994633728,-1539072000,87502401536,86924640256,577761280,64335136000,57098932736,7236203264,-2.54,-2.04,-0.50,0.19,2.36,0,100,51,48,1,0,0,17.25,0.00,0.00,0.00,,0.00,,0.00,EastMoney,2026-06-01T20:41:54+08:00
BK1640,2026-06-01T00:00:00Z,96096,97361,97397,95681,96182,1179,1.23,52131442,62768771445,0.78,1.15,0.00,0,27437960,24693482,12967340288000,8362286592000,3214652928,8251967232,6583110656,1668856576,16661501952,15115705600,1545796352,19794099712,20756502016,-962402304,17158059776,19410310400,-2252250624,5.12,2.66,2.46,-1.53,-3.59,0,100,81,16,3,0,0,11.08,0.00,0.00,0.00,,0.00,,0.00,EastMoney,2026-06-01T20:41:54+08:00
BK1641,2026-06-01T00:00:00Z,97852,99995,100016,97387,97973,2022,2.06,69273845,63452497096,0.43,1.45,0.00,0,38825734,30448112,19434198784000,13508529664000,4224510464,11379457280,8464595968,2914861312,16139783168,14830134016,1309649152,18549164544,19780621312,-1231456768,16381385728,19374439936,-2993054208,6.66,4.59,2.06,-1.94,-4.72,0,100,83,17,0,0,0,8.61,0.00,0.00,0.00,,0.00,,0.00,EastMoney,2026-06-01T20:41:54+08:00
BK1642,2026-06-01T00:00:00Z,88975,90202,91089,88755,89201,1001,1.12,25915385,30632348152,2.53,0.87,0.00,0,13090067,12825319,1226523456000,1133280272000,-159609536,3000888256,2984431744,16456512,6695211264,6871277312,-176066048,9785464576,9793073664,-7609088,10625156608,10455579392,169577216,-0.52,0.05,-0.57,-0.02,0.55,0,100,69,28,3,0,0,320.21,0.00,0.00,0.00,,0.00,,0.00,EastMoney,2026-06-01T20:41:54+08:00
BK1643,2026-06-01T00:00:00Z,93983,94294,95248,93983,94075,219,0.23,329608793,595991918929,2.76,0.93,0.00,0,169716060,159892733,17123157760000,15154138112000,-13056765952,72470212608,80295510016,-7825297408,140319608832,145551077376,-5231468544,191898435584,191868936192,29499392,180297109504,167287435264,13009674240,-2.19,-1.31,-0.88,0.00,2.18,0,1000,602,387,11,0,0,69.73,0.00,0.00,0.00,,0.00,,0.00,EastMoney,2026-06-01T20:41:54+08:00
BK1644,2026-06-01T00:00:00Z,89405,92605,93216,88877,89497,3108,3.47,2581291,3394103757,2.93,1.17,0.00,0,1458536,1122755,137247341000,118716617000,22496759,41901381,44309022,-2407641,389580320,364675920,24904400,925466784,976202400,-50735616,1983180112,1954941248,28238864,0.66,-0.07,0.73,-1.49,0.83,0,57,57,0,0,0,0,39.85,0.00,0.00,0.00,,0.00,,0.00,EastMoney,2026-06-01T20:41:54+08:00
BK1645,2026-06-01T00:00:00Z,347129,349322,357158,332157,339937,9385,2.76,17686158,13041028328,11.90,2.03,0.00,0,8923000,8763158,154790497000,124357337000,-629129152,2143048784,2396517424,-253468640,2757381632,3133042144,-375660512,3562934960,3578025728,-15090768,3994182160,3349962256,644219904,-4.82,-1.94,-2.88,-0.12,4.94,0,5,3,2,0,0,0,201.16,0.00,0.00,0.00,,0.00,,0.00,EastMoney,2026-06-01T20:41:54+08:00
BK1646,2026-06-01T00:00:00Z,113602,112852,115819,112692,113376,-524,-0.46,99207013,292562767066,5.61,0.84,0.00,0,49586816,49620197,5727838464000,5138182144000,-8478125568,56241020160,59183037184,-2942017024,72101371904,77637480448,-5536108544,89279320064,90058817536,-779497472,68495447808,58956329984,9539117824,-2.90,-1.01,-1.89,-0.27,3.26,0,182,84,98,0,0,0,55.25,0.00,0.00,0.00,,0.00,,0.00,EastMoney,2026-06-01T20:41:54+08:00
BK1647,2026-06-01T00:00:00Z,94330,95206,96306,94077,94526,680,0.72,73250982,160658270094,3.97,0.96,0.00,0,36847484,36403498,3646759040000,3244059888000,-3164762880,23615162368,25932818176,-2317655808,38429995520,39277102592,-847107072,48693303296,49308454400,-615151104,46510452224,42723556096,3786896128,-1.97,-1.44,-0.53,-0.38,2.36,0,228,149,77,2,0,0,47.81,0.00,0.00,0.00,,0.00,,0.00,EastMoney,2026-06-01T20:41:54+08:00
BK1648,2026-06-01T00:00:00Z,100176,100773,102375,100176,100197,576,0.57,194733829,446191205395,3.01,0.95,0.00,0,99592512,95141317,15642170112000,13551345408000,-7554233344,60907077888,66275726592,-5368648704,112623538176,114809122816,-2185584640,140359520256,140039069696,320450560,123277778944,116047024128,7230754816,-1.69,-1.20,-0.49,0.07,1.62,0,584,356,220,8,0,0,38.51,0.00,0.00,0.00,,0.00,,0.00,EastMoney,2026-06-01T20:41:54+08:00
BK1649,2026-06-01T00:00:00Z,86732,88599,88723,86614,86555,2044,2.36,66249806,58048863247,1.33,1.11,0.00,0,35453516,30796291,6401704704000,4263554688000,436611072,7055641344,6490336000,565305344,13990090496,14118784768,-128694272,18122783744,18595447552,-472663808,17690900480,17652763648,38136832,0.75,0.97,-0.22,-0.81,0.07,0,156,133,21,2,0,0,16.29,0.00,0.00,0.00,,0.00,,0.00,EastMoney,2026-06-01T20:41:54+08:00
BK1650,2026-06-01T00:00:00Z,114104,112828,115796,112611,114346,-1518,-1.33,151617552,712893146709,3.94,0.88,0.00,0,74068119,77549433,16226289152000,12907238656000,-36251127808,142354018304,168227803136,-25873784832,186174087168,196551430144,-10377342976,210282160128,201816272896,8465887232,158331023360,130715664384,27615358976,-5.09,-3.63,-1.46,1.19,3.87,0,384,150,228,6,0,0,52.40,0.00,0.00,0.00,,0.00,,0.00,EastMoney,2026-06-01T20:41:54+08:00
BK1651,2026-06-01T00:00:00Z,100859,101800,104252,100859,101425,375,0.37,62206915,50714478274,6.74,0.79,0.00,0,31741741,30465174,920841536000,844575056000,-576456960,11009379840,9936826112,1072553728,11465569024,13114579712,-1649010688,14035687680,14851791104,-816103424,13144474368,11751913984,1392560384,-1.14,2.11,-3.25,-1.61,2.75,0,48,31,17,0,0,0,63.12,0.00,0.00,0.00,,0.00,,0.00,EastMoney,2026-06-01T20:41:54+08:00
BK1652,2026-06-01T00:00:00Z,89030,90709,90966,88801,89146,1563,1.75,11658740,16302697123,2.11,1.05,0.00,0,6203937,5454804,780667600000,680466240000,-136766512,1171313456,1144597728,26715728,3617675024,3781157264,-163482240,5294912512,5418238720,-123326208,5815794176,5558215936,257578240,-0.84,0.16,-1.00,-0.76,1.58,0,82,70,12,0,0,0,71.00,0.00,0.00,0.00,,0.00,,0.00,EastMoney,2026-06-01T20:41:54+08:00
BK1653,2026-06-01T00:00:00Z,91514,93500,93517,91247,92094,1406,1.53,15278023,31055137720,1.97,1.01,0.00,0,7858268,7419755,3628965216000,3532084800000,-556127584,3239751152,3320290128,-80538976,7486162432,7961751040,-475588608,10834772224,10238057472,596714752,8759612416,8794832640,-35220224,-1.79,-0.26,-1.53,1.92,-0.11,0,91,68,23,0,0,0,21.45,0.00,0.00,0.00,,0.00,,0.00,EastMoney,2026-06-01T20:41:54+08:00
BK1654,2026-06-01T00:00:00Z,90324,92923,93288,90205,90479,2444,2.70,38182483,47042627545,3.89,1.16,0.00,0,20916640,17265844,1143961104000,1056235120000,2954306560,6030476288,4298515200,1731961088,12123186688,10900841216,1222345472,15253602048,16166656512,-913054464,12916313344,14957565184,-2041251840,6.28,3.68,2.60,-1.94,-4.34,0,92,81,9,2,0,0,68.60,0.00,0.00,0.00,,0.00,,0.00,EastMoney,2026-06-01T20:41:54+08:00
BK1655,2026-06-01T00:00:00Z,89099,91349,91540,88621,89536,1813,2.02,14428396,20006229218,1.32,1.06,0.00,0,7227143,7201253,3187634816000,1029691776000,229312560,2332303344,2396151488,-63848144,4652619008,4359458304,293160704,6355950080,6370727424,-14777344,6256404224,6470939648,-214535424,1.15,-0.32,1.47,-0.07,-1.07,0,62,44,17,1,0,0,19.50,0.00,0.00,0.00,,0.00,,0.00,EastMoney,2026-06-01T20:41:54+08:00
BK1656,2026-06-01T00:00:00Z,89211,89937,89979,88725,89278,659,0.74,4701256,5821474718,1.16,1.03,0.00,0,2502903,2198353,592609584000,543868880000,-67009888,366038000,404531184,-38493184,1217866048,1246382752,-28516704,1917282112,2020442192,-103160080,2220309744,2050139792,170169952,-1.15,-0.66,-0.49,-1.77,2.92,0,40,28,10,2,0,0,23.75,0.00,0.00,0.00,,0.00,,0.00,EastMoney,2026-06-01T20:41:54+08:00
BK1657,2026-06-01T00:00:00Z,92108,92938,93312,91912,92272,666,0.72,17446137,27972671521,1.71,0.89,0.00,0,8903629,8542507,1662764768000,1476778400000,-429200816,1951788576,2345854928,-394066352,6055883776,6091018240,-35134464,9245542912,9217423360,28119552,10167386112,9777341440,390044672,-1.53,-1.41,-0.13,0.10,1.39,0,169,123,44,2,0,0,112.55,0.00,0.00,0.00,,0.00,,0.00,EastMoney,2026-06-01T20:41:54+08:00
BK1658,2026-06-01T00:00:00Z,89153,90530,91076,89057,89596,934,1.04,13522044,28320356349,1.98,1.01,0.00,0,7240837,6281207,1327869904000,1151269120000,53791600,2599942912,2745105040,-145162128,6931713536,6732759808,198953728,9453977088,9661546240,-207569152,8918032384,8767210752,150821632,0.19,-0.51,0.70,-0.73,0.53,0,78,57,18,3,0,0,33.46,0.00,0.00,0.00,,0.00,,0.00,EastMoney,2026-06-01T20:41:54+08:00
BK1659,2026-06-01T00:00:00Z,90597,91516,91925,90129,90861,655,0.72,6353435,12234195857,1.76,0.87,0.00,0,3243642,3109793,761018448000,714439536000,-419346416,933446496,1374456256,-441009760,2649336800,2627673456,21663344,4119155072,3987427872,131727200,4298247424,4011001296,287246128,-3.43,-3.60,0.18,1.08,2.35,0,62,44,16,2,0,0,51.13,0.00,0.00,0.00,,0.00,,0.00,EastMoney,2026-06-01T20:41:54+08:00
BK1660,2026-06-01T00:00:00Z,128917,125202,130112,124896,130188,-4986,-3.83,71033978,214151912506,5.33,0.88,0.00,0,35990531,35043447,3774906240000,3393946464000,-10226735872,44731395840,51716397568,-6985001728,58264675840,61506409984,-3241734144,63207350272,59593673216,3613677056,42744534016,36333592064,6410941952,-4.78,-3.26,-1.51,1.69,2.99,0,66,16,50,0,0,0,65.90,0.00,0.00,0.00,,0.00,,0.00,EastMoney,2026-06-01T20:41:54+08:00
BK1661,2026-06-01T00:00:00Z,97120,97038,97732,96700,97202,-164,-0.17,98669063,291978272477,0.95,0.90,0.00,0,50226286,48442777,31405556480000,22642054656000,-6719007232,64464424192,68714919680,-4250495488,81211027456,83679539200,-2468511744,85480800256,83656040448,1824759808,54732130560,49837881088,4894249472,-2.30,-1.46,-0.85,0.62,1.68,0,97,54,41,2,0,0,16.94,0.00,0.00,0.00,,0.00,,0.00,EastMoney,2026-06-01T20:41:54+08:00
BK1662,2026-06-01T00:00:00Z,104109,102951,104264,102830,104025,-1074,-1.03,56716827,267790962441,0.34,1.00,0.00,0,29214906,27501921,41329180672000,27878034688000,-7454812160,64138188800,71885881344,-7747692544,87388426240,87095545856,292880384,79059492864,73722077184,5337415680,31770760448,29653364736,2117395712,-2.78,-2.89,0.11,1.99,0.79,0,50,16,31,3,0,0,12.41,0.00,0.00,0.00,,0.00,,0.00,EastMoney,2026-06-01T20:41:54+08:00
BK1663,2026-06-01T00:00:00Z,102146,101580,102721,101396,102104,-524,-0.51,318054509,974050870523,0.96,1.02,0.00,0,164178734,153875775,72825409536000,54567059968000,-25057366016,208922898432,228628877312,-19705978880,275134349312,280485736448,-5351387136,300297236480,288490602496,11806633984,170446430208,157195702272,13250727936,-2.57,-2.02,-0.55,1.21,1.36,0,300,153,142,5,0,0,15.25,0.00,0.00,0.00,,0.00,,0.00,EastMoney,2026-06-01T20:41:54+08:00
BK1664,2026-06-01T00:00:00Z,101955,101661,102968,101434,101951,-290,-0.28,246828706,591154681451,2.22,1.00,0.00,0,126071703,120757003,20271446016000,17669696000000,-14739480576,83975045120,91209416704,-7234371584,147416383488,154921492480,-7505108992,192179154944,189861728256,2317426688,156838232064,144615137280,12223094784,-2.49,-1.22,-1.27,0.39,2.07,0,500,263,231,6,0,0,40.23,0.00,0.00,0.00,,0.00,,0.00,EastMoney,2026-06-01T20:41:54+08:00
BK1665,2026-06-01T00:00:00Z,113761,110426,114327,110246,113569,-3143,-2.77,51474303,510210885015,2.15,1.06,0.00,0,26101716,25372587,19263921664000,16304943616000,-19548114944,119866187776,137174790144,-17308602368,154061729792,156301242368,-2239512576,162529329152,151184056320,11345272832,62996898560,54794057216,8202841344,-3.83,-3.39,-0.44,2.22,1.61,0,84,20,64,0,0,0,53.10,0.00,0.00,0.00,,0.00,,0.00,EastMoney,2026-06-01T20:41:54+08:00
BK1666,2026-06-01T00:00:00Z,96181,97337,97340,95793,96198,1139,1.18,149599451,141642946551,0.71,1.02,0.00,0,79194939,70404512,29995325184000,19576473600000,6152544512,26983191296,22718445312,4264745984,36816488192,34928689664,1887798528,41905384704,43689406976,-1784022272,33336020992,37704543232,-4368522240,4.34,3.01,1.33,-1.26,-3.08,0,97,72,23,2,0,0,9.97,0.00,0.00,0.00,,0.00,,0.00,EastMoney,2026-06-01T20:41:54+08:00
BK1667,2026-06-01T00:00:00Z,107119,106149,108488,106025,107187,-1038,-0.97,101073884,301639537442,3.69,0.87,0.00,0,51327939,49745945,6669002752000,5631813376000,-10544058880,41903152128,49094106624,-7190954496,74129969152,77483073536,-3353104384,98696998912,96500187136,2196811776,80955346944,72626151424,8329195520,-3.50,-2.38,-1.11,0.73,2.76,0,345,162,181,2,0,0,77.34,0.00,0.00,0.00,,0.00,,0.00,EastMoney,2026-06-01T20:41:54+08:00
BK1668,2026-06-01T00:00:00Z,96895,98433,98539,96834,97021,1412,1.46,111065723,100703027887,2.22,1.06,0.00,0,59059551,52006172,4508434688000,4187402368000,1134013696,10278217984,9399133696,879084288,22480518144,22225588736,254929408,32107403520,32612402432,-504998912,34105530112,34734545408,-629015296,1.13,0.87,0.25,-0.50,-0.62,0,301,227,69,5,0,0,70.39,0.00,0.00,0.00,,0.00,,0.00,EastMoney,2026-06-01T20:41:54+08:00
BK1669,2026-06-01T00:00:00Z,108699,106570,109559,106482,108744,-2174,-2.00,99608769,360346133937,3.24,0.96,0.00,0,50120822,49487947,9277462272000,7613225728000,-16821857280,55080622848,63597934336,-8517311488,91979218944,100283764736,-8304545792,119202930688,115216531456,3986399232,87190921216,74568617984,12622303232,-4.67,-2.36,-2.30,1.11,3.50,0,199,64,132,3,0,0,83.92,0.00,0.00,0.00,,0.00,,0.00,EastMoney,2026-06-01T20:41:54+08:00
BK1670,2026-06-01T00:00:00Z,97350,98669,98725,97150,97324,1345,1.38,70874050,77720165391,1.72,1.11,0.00,0,37721118,33152932,4530802688000,4195194880000,2145851136,9646471168,8536428288,1110042880,18739193856,17703385600,1035808256,24333319936,25156804608,-823484672,23658275840,24966448640,-1308172800,2.76,1.43,1.33,-1.06,-1.68,0,133,105,27,1,0,0,22.94,0.00,0.00,0.00,,0.00,,0.00,EastMoney,2026-06-01T20:41:54+08:00
BK1671,2026-06-01T00:00:00Z,67507,70822,70870,67340,68070,2752,4.04,10575816,4450666138,4.82,1.02,0.00,0,5679322,4896494,154867532000,118428571000,102932352,162586940,156955052,5631888,1156392944,1059092480,97300464,1473050160,1498480368,-25430208,1149763920,1218954160,-69190240,2.31,0.13,2.19,-0.57,-1.55,0,51,40,6,5,0,0,-3.99,0.00,0.00,0.00,,0.00,,0.00,EastMoney,2026-06-01T20:41:54+08:00
BK1672,2026-06-01T00:00:00Z,94919,97211,97546,94678,95164,2047,2.15,122177357,70878219594,2.07,1.17,0.00,0,66793544,55383813,3959915312000,3375381328000,257464064,5351486208,5248918272,102567936,15040622848,14885726720,154896128,21510674432,22098728960,-588054528,27398490624,27050452736,348037888,0.36,0.14,0.22,-0.83,0.49,0,625,519,91,15,0,0,-239.25,0.00,0.00,0.00,,0.00,,0.00,EastMoney,2026-06-01T20:41:54+08:00
BK1673,2026-06-01T00:00:00Z,95601,97803,98037,95414,95779,2024,2.11,183017895,167326074581,1.65,1.06,0.00,0,98793009,84224887,10423729920000,8952434176000,2600297216,17726706432,15404187392,2322519040,37743104512,37465326336,277778176,52861786112,55307911424,-2446125312,55945321472,56092662528,-147341056,1.55,1.39,0.17,-1.46,-0.09,0,717,601,104,12,0,0,41.81,0.00,0.00,0.00,,0.00,,0.00,EastMoney,2026-06-01T20:41:54+08:00
BK1674,2026-06-01T00:00:00Z,124401,123751,126334,123223,124510,-759,-0.61,65481799,166459791127,5.88,0.55,0.00,0,32822633,32659165,3339246224000,3023082336000,-2336737536,32382322176,35226060288,-2843738112,45457759488,44950758912,507000576,50387032064,48438365440,1948666624,32973872128,32578796288,395075840,-1.40,-1.71,0.30,1.17,0.24,0,75,33,42,0,0,0,34.21,0.00,0.00,0.00,,0.00,,0.00,EastMoney,2026-06-01T20:41:54+08:00
BK1675,2026-06-01T00:00:00Z,140191,137675,142212,136831,141264,-3589,-2.54,13145039,115481389548,6.56,0.34,0.00,0,6680040,6464999,1802416192000,1649396192000,-2483086592,24445338112,27966643456,-3521305344,33754995968,32716777216,1038218752,35835006208,33448052736,2386953472,17803076096,17682494208,120581888,-2.15,-3.05,0.90,2.07,0.10,0,35,12,23,0,0,0,99.90,0.00,0.00,0.00,,0.00,,0.00,EastMoney,2026-06-01T20:41:54+08:00
BK1676,2026-06-01T00:00:00Z,127137,126574,128989,125940,127341,-767,-0.60,65362326,169929355408,5.68,0.60,0.00,0,32825448,32536878,3450900944000,3077645776000,-2910453760,33322984448,36747202048,-3424217600,46779979776,46266215936,513763840,51706097408,49181490688,2524606720,32800856064,32390560512,410295552,-1.71,-2.02,0.30,1.49,0.24,0,75,33,42,0,0,0,33.15,0.00,0.00,0.00,,0.00,,0.00,EastMoney,2026-06-01T20:41:54+08:00
BK1677,2026-06-01T00:00:00Z,96946,97416,98591,96946,96954,462,0.48,167096007,591588483725,2.64,0.92,0.00,0,84056079,83039928,19157326336000,16991844608000,-21783998464,106891362304,123168190464,-16276828160,153211670528,158718840832,-5507170304,189285277696,179182055424,10103222272,128853004288,117428342784,11424661504,-3.68,-2.75,-0.93,1.71,1.93,0,626,390,232,4,0,0,32.77,0.00,0.00,0.00,,0.00,,0.00,EastMoney,2026-06-01T20:41:54+08:00
BK1678,2026-06-01T00:00:00Z,95536,97179,97779,95409,95791,1388,1.45,100687612,125559101179,3.08,1.01,0.00,0,52259868,48427744,3915624016000,3461126720000,-684147456,15943619328,15695786496,247832832,27898209536,28830189824,-931980288,39310102528,39840840448,-530737920,39302250752,38023267072,1278983680,-0.54,0.20,-0.74,-0.42,1.02,0,372,271,95,6,0,0,103.83,0.00,0.00,0.00,,0.00,,0.00,EastMoney,2026-06-01T20:41:54+08:00
BK1679,2026-06-01T00:00:00Z,96360,97203,98340,96195,96567,636,0.66,102757541,216374597165,3.07,0.98,0.00,0,53538632,49218910,5714642176000,4937321728000,-2350260736,31888681984,34079730432,-2191048448,62414082048,62573294336,-159212288,62555356160,62283320320,272035840,55215018240,53077661440,2137356800,-1.09,-1.01,-0.07,0.13,0.99,0,367,229,129,9,0,0,61.42,0.00,0.00,0.00,,0.00,,0.00,EastMoney,2026-06-01T20:41:54+08:00
BK1680,2026-06-01T00:00:00Z,102364,102710,104206,102364,102568,142,0.14,39273706,182278492916,3.38,0.91,0.00,0,19252580,20021125,4613563392000,3823648880000,-8072079616,34547010560,40481079296,-5934068736,47025724416,49163735296,-2138010880,52630171648,52075034112,555137536,44358838784,36993063168,7365775616,-4.43,-3.26,-1.17,0.30,4.04,0,110,55,54,1,0,0,36.31,0.00,0.00,0.00,,0.00,,0.00,EastMoney,2026-06-01T20:41:54+08:00
BK1681,2026-06-01T00:00:00Z,99194,98440,100440,98182,99506,-1066,-1.07,1739283,5437911177,2.48,0.78,0.00,0,862792,876490,204627972000,141137627000,-231583680,472673744,622278128,-149604384,1292693632,1374672928,-81979296,1757063360,1794818752,-37755392,1843115120,1573776048,269339072,-4.26,-2.75,-1.51,-0.69,4.95,0,12,6,6,0,0,0,49.57,0.00,0.00,0.00,,0.00,,0.00,EastMoney,2026-06-01T20:41:54+08:00
BK1682,2026-06-01T00:00:00Z,125413,123954,127726,123839,125673,-1719,-1.37,1698735,18512778063,3.59,0.88,0.00,0,812401,886334,679575040000,269173552000,-1730869648,3045359280,4260202304,-1214843024,4629035008,5145061632,-516026624,8153830144,6647256832,1506573312,2055942608,1842261088,213681520,-9.35,-6.56,-2.79,8.14,1.15,0,11,5,6,0,0,0,89.70,0.00,0.00,0.00,,0.00,,0.00,EastMoney,2026-06-01T20:41:54+08:00
BK0420,2026-06-02T00:00:00Z,444157,441269,444473,437931,447496,-6227,-1.39,11218313,5286787893,1.05,1.00,0.00,0,4913224,6305089,601960448000,497685056000,-84929232,785274544,872577536,-87302992,1247795392,1245421632,2373760,1569953664,1491853648,78100016,1585231152,1578401920,6829232,-1.61,-1.65,0.04,1.48,0.13,0,14,0,14,0,0,0,31.48,0.00,0.00,0.00,,0.00,,0.00,EastMoney,2026-06-02T19:22:28+08:00
BK0421,2026-06-02T00:00:00Z,871751,864790,871785,861999,872745,-7955,-0.91,9042748,4878995364,0.70,1.02,0.00,0,4655307,4387441,822223184000,766754304000,-221045152,562984496,635721184,-72736688,974093136,1122401600,-148308464,1491980304,1448616944,43363360,1765598048,1587916256,177681792,-4.53,-1.49,-3.04,0.89,3.64,0,36,8,27,1,0,0,17.41,0.00,0.00,0.00,,0.00,,0.00,EastMoney,2026-06-02T19:22:28+08:00
BK0422,2026-06-02T00:00:00Z,734509,720241,734876,718517,733943,-13702,-1.87,5694100,5198434781,1.07,0.90,0.00,0,2528865,3165235,659422032000,555629312000,-139424480,272795072,411591168,-138796096,1045368624,1045997008,-628384,1695489232,1585360080,110129152,2098790704,2071096672,27694032,-2.68,-2.67,-0.01,2.12,0.53,0,47,5,42,0,0,0,27.95,0.00,0.00,0.00,,0.00,,0.00,EastMoney,2026-06-02T19:22:28+08:00
BK0424,2026-06-02T00:00:00Z,2828645,2775641,2829520,2763707,2829408,-53767,-1.90,3859187,2817441243,1.06,0.88,0.00,0,1656891,2202296,298235664000,253685908000,-107341683,191648685,278850624,-87201939,574436432,594576176,-20139744,922227088,843621712,78605376,1068203552,1039467248,28736304,-3.81,-3.10,-0.71,2.79,1.02,0,23,3,20,0,0,0,111.86,0.00,0.00,0.00,,0.00,,0.00,EastMoney,2026-06-02T19:22:28+08:00
BK0425,2026-06-02T00:00:00Z,2778628,2741713,2782356,2716171,2778091,-36378,-1.31,28120061,21717012848,1.21,0.88,0.00,0,12419253,15700808,1440700304000,1270592240000,-343275008,3064370960,3432980752,-368609792,5029116672,5003781888,25334784,6447524096,6368422400,79101696,6754734592,6490815488,263919104,-1.58,-1.70,0.12,0.36,1.22,0,68,14,52,2,0,0,11.10,0.00,0.00,0.00,,0.00,,0.00,EastMoney,2026-06-02T19:22:28+08:00
BK0427,2026-06-02T00:00:00Z,1112351,1108245,1112387,1090305,1122530,-14285,-1.27,149753964,122942637276,3.33,1.06,0.00,0,72688415,77065550,4753558528000,3999149280000,-3923250688,14195388928,16373524480,-2178135552,27416369152,29161484288,-1745115136,39590882560,38855999744,734882816,38700128000,35523879936,3176248064,-3.19,-1.77,-1.42,0.60,2.58,0,143,27,111,5,0,0,23.38,0.00,0.00,0.00,,0.00,,0.00,EastMoney,2026-06-02T19:22:28+08:00
BK0428,2026-06-02T00:00:00Z,2342279,2340976,2352100,2296171,2370689,-29713,-1.25,144251393,118187991161,3.41,1.07,0.00,0,70182833,74068560,4461184256000,3721317504000,-3825710592,13990407168,16103124736,-2112717568,26513297152,28226290176,-1712993024,38067394816,37286610688,780784128,36709620480,33664694272,3044926208,-3.24,-1.79,-1.45,0.66,2.58,0,111,25,83,3,0,0,23.35,0.00,0.00,0.00,,0.00,,0.00,EastMoney,2026-06-02T19:22:28+08:00
BK0429,2026-06-02T00:00:00Z,1040016,1024812,1041701,1019792,1038992,-14180,-1.36,6020739,6690276774,1.07,0.96,0.00,0,2555773,3464965,620838192000,517599696000,-376890736,496556032,852481088,-355925056,1522934704,1543900384,-20965680,2226469216,1964403904,262065312,2332576544,2217441872,115134672,-5.63,-5.32,-0.31,3.92,1.72,0,51,10,39,2,0,0,18.52,0.00,0.00,0.00,,0.00,,0.00,EastMoney,2026-06-02T19:22:28+08:00
BK0433,2026-06-02T00:00:00Z,1439497,1409765,1439539,1404254,1441485,-31720,-2.20,18587606,16150608699,1.89,1.02,0.00,0,7896267,10691339,1218318544000,941901600000,-825853376,1162109856,1597013056,-434903200,3210375024,3601325200,-390950176,5265477376,4960819712,304657664,6006933760,5517914624,489019136,-5.11,-2.69,-2.42,1.89,3.03,0,115,11,101,3,0,0,82.49,0.00,0.00,0.00,,0.00,,0.00,EastMoney,2026-06-02T19:22:28+08:00
BK0436,2026-06-02T00:00:00Z,1425114,1400742,1425619,1393700,1423486,-22744,-1.60,13498503,11607963436,1.88,0.95,0.00,0,6158527,7339975,639782016000,590864496000,68206880,643554560,620102368,23452192,2343809328,2299054640,44754688,3685456016,3568303232,117152784,4725001216,4911277568,-186276352,0.59,0.20,0.39,1.01,-1.60,0,112,20,86,6,0,0,28.32,0.00,0.00,0.00,,0.00,,0.00,EastMoney,2026-06-02T19:22:28+08:00
BK0437,2026-06-02T00:00:00Z,1448812,1436300,1481072,1428159,1439805,-3505,-0.24,29191137,29581065315,2.63,1.58,0.00,0,14448446,14742691,2430569120000,1955719136000,-944096128,3584999280,4097624304,-512625024,6973535488,7405006592,-431471104,9366430976,9074469632,291961344,9122074880,8469940224,652134656,-3.19,-1.73,-1.46,0.99,2.20,0,34,12,19,3,0,0,21.84,0.00,0.00,0.00,,0.00,,0.00,EastMoney,2026-06-02T19:22:28+08:00
BK0438,2026-06-02T00:00:00Z,2772662,2729065,2775506,2716356,2780498,-51433,-1.85,18493878,34690799850,1.98,0.96,0.00,0,8226968,10266910,3977922864000,3852577072000,-1519777712,3408668992,3910048240,-501379248,7583857920,8602256384,-1018398464,12365707776,11520845824,844861952,10598910464,9956739072,642171392,-4.38,-1.45,-2.94,2.44,1.85,0,130,18,112,0,0,0,21.93,0.00,0.00,0.00,,0.00,,0.00,EastMoney,2026-06-02T19:22:28+08:00
BK0440,2026-06-02T00:00:00Z,5075610,4996697,5080146,4962672,5064278,-67581,-1.33,5978284,6858924522,2.12,0.92,0.00,0,2715219,3263065,503340880000,415204976000,32314336,391230208,347357184,43873024,1324448000,1336006688,-11558688,2183964784,2137376256,46588528,2802914464,2884008432,-81093968,0.47,0.64,-0.17,0.68,-1.18,0,76,18,58,0,0,0,41.90,0.00,0.00,0.00,,0.00,,0.00,EastMoney,2026-06-02T19:22:28+08:00
BK0447,2026-06-02T00:00:00Z,3155873,3107444,3157524,3050950,3149463,-42019,-1.33,39165129,70176149956,3.80,0.94,0.00,0,17958756,21206373,1970563824000,1700202640000,-2812003072,6720535040,8479687680,-1759152640,16617196032,17670046464,-1052850432,23065760512,22895797248,169963264,22431702016,19775131904,2656570112,-4.01,-2.51,-1.50,0.24,3.79,0,146,30,115,1,0,0,121.78,0.00,0.00,0.00,,0.00,,0.00,EastMoney,2026-06-02T19:22:28+08:00
BK0448,2026-06-02T00:00:00Z,2502772,2564763,2579309,2482516,2501474,63289,2.53,25990346,230485654865,5.47,1.04,0.00,0,13929682,12060664,5062907648000,4471924736000,15523133440,75524235264,59878728192,15645507072,63518105088,63640478720,-122373632,59636303360,70824812544,-11188509184,27996496640,32203368448,-4206871808,6.73,6.79,-0.05,-4.85,-1.83,0,91,54,35,2,0,0,101.54,0.00,0.00,0.00,,0.00,,0.00,EastMoney,2026-06-02T19:22:28+08:00
BK0450,2026-06-02T00:00:00Z,1198679,1193507,1202974,1187945,1201162,-7655,-0.64,15273936,11197484690,0.95,1.00,0.00,0,7310169,7963767,1186978496000,1030961088000,-673093360,1161415520,1817584192,-656168672,2649437840,2666362528,-16924688,3444040080,3350505408,93534672,3700802560,3149439648,551362912,-6.01,-5.86,-0.15,0.84,4.92,0,37,6,28,3,0,0,13.27,0.00,0.00,0.00,,0.00,,0.00,EastMoney,2026-06-02T19:22:28+08:00
BK0451,2026-06-02T00:00:00Z,1474640,1455134,1479187,1448156,1474064,-18930,-1.28,39504332,18631788237,2.04,0.91,0.00,0,17164252,22340080,965175232000,908892784000,-456760672,2114753632,2347179200,-232425568,4300624640,4524959744,-224335104,5718241024,5447170816,271070208,6085483520,5899793408,185690112,-2.45,-1.25,-1.20,1.45,1.00,0,92,17,67,8,0,0,-4.88,0.00,0.00,0.00,,0.00,,0.00,EastMoney,2026-06-02T19:22:28+08:00
BK0454,2026-06-02T00:00:00Z,2256242,2259699,2261258,2199070,2254345,5354,0.24,14148301,29696518218,4.76,0.85,0.00,0,6919656,7228645,749650016000,602938144000,200527904,4536797440,3968887520,567909920,6925031424,7292413440,-367382016,8780996096,9047237120,-266241024,8629025280,8504128768,124896512,0.68,1.91,-1.24,-0.90,0.42,0,78,34,44,0,0,0,86.71,0.00,0.00,0.00,,0.00,,0.00,EastMoney,2026-06-02T19:22:28+08:00
BK0456,2026-06-02T00:00:00Z,2474143,2453641,2477569,2420980,2470879,-17238,-0.70,13175629,25892705971,1.63,0.81,0.00,0,6279306,6896324,2086171344000,1839590400000,-167714656,2608240672,2793608320,-185367648,6313538304,6295885312,17652992,8334734336,8345047040,-10312704,8111316224,7934570496,176745728,-0.65,-0.72,0.07,-0.04,0.68,0,108,33,70,5,0,0,19.09,0.00,0.00,0.00,,0.00,,0.00,EastMoney,2026-06-02T19:22:28+08:00
BK0457,2026-06-02T00:00:00Z,4310453,4252507,4313949,4144695,4328420,-75913,-1.75,33852982,65486661169,3.72,1.01,0.00,0,16105350,17747631,1990707680000,1810690576000,-3150792960,6775216640,8517088000,-1741871360,14800054016,16208975616,-1408921600,20739755264,20582875648,156879616,21354898944,18359650560,2995248384,-4.81,-2.66,-2.15,0.24,4.57,0,140,31,109,0,0,0,43.47,0.00,0.00,0.00,,0.00,,0.00,EastMoney,2026-06-02T19:22:28+08:00
BK0458,2026-06-02T00:00:00Z,2157922,2162209,2176677,2106398,2154619,7590,0.35,4249388,17277144471,2.94,0.86,0.00,0,2053857,2195531,634334352000,400430240000,-308012432,3036411024,3095907360,-59496336,5248673536,5497189632,-248516096,4721730560,4391547392,330183168,3970471376,3977800640,-7329264,-1.78,-0.34,-1.44,1.91,-0.04,0,65,34,31,0,0,0,128.15,0.00,0.00,0.00,,0.00,,0.00,EastMoney,2026-06-02T19:22:28+08:00
BK0459,2026-06-02T00:00:00Z,5869944,6110078,6140166,5803290,5876270,233808,3.98,28021735,180695700961,7.80,0.94,0.00,0,14166432,13855302,3468547360000,3066385408000,4505943040,44104738048,39156123904,4948614144,47790170624,48232841728,-442671104,48638160384,51792409856,-3154249472,36552691968,37680105984,-1127414016,2.49,2.74,-0.24,-1.75,-0.62,0,65,48,15,2,0,0,88.57,0.00,0.00,0.00,,0.00,,0.00,EastMoney,2026-06-02T19:22:28+08:00
BK0464,2026-06-02T00:00:00Z,682971,669217,683444,666333,676869,-7652,-1.13,17930580,15263551783,0.49,0.93,0.00,0,7903008,10027572,5083907072000,3098227328000,-311604560,1704721760,2068844464,-364122704,3535486592,3482968448,52518144,5061930496,4402464768,659465728,4662750720,5017131264,-354380544,-2.04,-2.39,0.34,4.32,-2.32,0,49,10,39,0,0,0,14.72,0.00,0.00,0.00,,0.00,,0.00,EastMoney,2026-06-02T19:22:28+08:00
BK0465,2026-06-02T00:00:00Z,3496234,3428182,3497671,3413953,3501157,-72975,-2.08,16832994,28341564391,1.66,0.91,0.00,0,7393337,9439657,2197240384000,1640109040000,-1859881264,1942124624,2963827584,-1021702960,6413870592,7252048896,-838178304,9861985280,9285759744,576225536,9611345664,8346367232,1264978432,-6.56,-3.60,-2.96,2.03,4.46,0,160,15,143,2,0,0,50.60,0.00,0.00,0.00,,0.00,,0.00,EastMoney,2026-06-02T19:22:28+08:00
BK0470,2026-06-02T00:00:00Z,1051202,1036532,1052578,1028694,1049759,-13227,-1.26,7430213,5997138799,2.36,0.98,0.00,0,3382599,4047613,264925892000,230454994000,8501888,373911328,422626592,-48715264,1271165664,1213948512,57217152,1968087200,1936274016,31813184,2205442320,2239172960,-33730640,0.14,-0.81,0.95,0.53,-0.56,0,40,9,31,0,0,0,-211.53,0.00,0.00,0.00,,0.00,,0.00,EastMoney,2026-06-02T19:22:28+08:00
BK0471,2026-06-02T00:00:00Z,1817820,1806832,1822651,1774749,1819498,-12666,-0.70,7443542,5911937048,2.75,1.02,0.00,0,3794191,3649351,285751808000,245359218000,-160861296,355859744,499680304,-143820560,1298550608,1315591344,-17040736,1945558288,1866745152,78813136,2166714304,2067882304,98832000,-2.72,-2.43,-0.29,1.33,1.67,0,27,6,20,1,0,0,51.87,0.00,0.00,0.00,,0.00,,0.00,EastMoney,2026-06-02T19:22:28+08:00
BK0473,2026-06-02T00:00:00Z,13492195,13490965,13564322,13371127,13520030,-29065,-0.21,26618874,32323784733,1.00,0.87,0.00,0,12905435,13713439,3414680512000,2900833216000,-499291136,5515830016,6435882752,-920052736,8928349440,8507587840,420761600,9871405568,9766038272,105367296,7570631680,7176707840,393923840,-1.54,-2.85,1.30,0.33,1.22,0,49,15,34,0,0,0,14.44,0.00,0.00,0.00,,0.00,,0.00,EastMoney,2026-06-02T19:22:28+08:00
BK0474,2026-06-02T00:00:00Z,125352,124500,125769,123528,125637,-1137,-0.90,2395208,8476091886,0.32,0.90,0.00,0,1080039,1315170,2702728112000,1845973808000,-283585008,1662301264,1773232256,-110930992,2545560480,2718214496,-172654016,2381058528,2291128432,89930096,1779143120,1585488192,193654928,-3.35,-1.31,-2.04,1.06,2.28,0,5,1,4,0,0,0,6.58,0.00,0.00,0.00,,0.00,,0.00,EastMoney,2026-06-02T19:22:28+08:00
BK0475,2026-06-02T00:00:00Z,410872,412434,416571,410615,411424,1010,0.25,36869618,30042007496,0.28,1.10,0.00,0,19486690,17382928,15060871680000,9886464000000,455715328,5713992704,5871567616,-157574912,8317357824,7704067584,613290240,8447542528,8479601920,-32059392,7083393280,7507049472,-423656192,1.52,-0.52,2.04,-0.11,-1.41,0,42,21,16,5,0,0,6.87,0.00,0.00,0.00,,0.00,,0.00,EastMoney,2026-06-02T19:22:28+08:00
BK0476,2026-06-02T00:00:00Z,1732582,1717029,1734635,1699074,1727247,-10218,-0.59,6040293,6775117200,2.86,1.18,0.00,0,2859691,3180602,278940000000,246539340000,-80026384,505336608,571173728,-65837120,1520474656,1534663920,-14189264,2178643712,1978869888,199773824,2371697392,2493245600,-121548208,-1.18,-0.97,-0.21,2.95,-1.79,0,38,9,27,2,0,0,90.40,0.00,0.00,0.00,,0.00,,0.00,EastMoney,2026-06-02T19:22:28+08:00
BK0477,2026-06-02T00:00:00Z,4239486,4184555,4268676,4175386,4244562,-60007,-1.41,4794459,17519320364,1.56,0.82,0.00,0,2072277,2722182,2766033472000,2708784064000,-1045816864,1974948896,2336383696,-361434800,4165175952,4849558016,-684382064,6734319872,6217563136,516756736,4309141248,3780080880,529060368,-5.97,-2.06,-3.91,2.95,3.02,0,39,7,32,0,0,0,20.48,0.00,0.00,0.00,,0.00,,0.00,EastMoney,2026-06-02T19:22:28+08:00
BK0478,2026-06-02T00:00:00Z,2950972,2997551,3006506,2883028,2939928,57623,1.96,70075437,162762915465,3.09,1.00,0.00,0,37515978,32559459,6062836736000,4852182528000,8058878464,28269228544,21770188544,6499040000,41516418560,39956580096,1559838464,47261407744,51206630144,-3945222400,43190427392,47275962624,-4085535232,4.95,3.99,0.96,-2.42,-2.51,0,144,99,42,3,0,0,23.39,0.00,0.00,0.00,,0.00,,0.00,EastMoney,2026-06-02T19:22:28+08:00
BK0479,2026-06-02T00:00:00Z,850451,840364,852557,836260,848714,-8350,-0.98,20326377,9316364857,1.03,0.94,0.00,0,8268664,12057713,901248880000,836529056000,-356516464,1110753280,1374025344,-263272064,2107513904,2200758304,-93244400,2811503168,2719616160,91887008,3166155568,2901526128,264629440,-3.83,-2.83,-1.00,0.99,2.84,0,46,7,38,1,0,0,77.56,0.00,0.00,0.00,,0.00,,0.00,EastMoney,2026-06-02T19:22:28+08:00
BK0480,2026-06-02T00:00:00Z,5722987,5686087,5728708,5544282,5720682,-34595,-0.60,7655383,20201797871,1.91,0.86,0.00,0,3802244,3853139,1381767872000,1062736640000,-904759424,1487950240,2039880480,-551930240,4393455872,4746285056,-352829184,6653166592,6643444992,9721600,7280409600,6386467328,893942272,-4.48,-2.73,-1.75,0.05,4.43,0,54,14,38,2,0,0,100.99,0.00,0.00,0.00,,0.00,,0.00,EastMoney,2026-06-02T19:22:28+08:00
BK0481,2026-06-02T00:00:00Z,4911439,4876616,4928673,4809379,4898546,-21930,-0.45,34964573,66462149076,2.49,0.90,0.00,0,16358644,18605930,2900726816000,2312868176000,-278371072,7375561216,6921840896,453720320,15018400000,15750491392,-732091392,21145017600,21159029504,-14011904,21654972672,21366898944,288073728,-0.42,0.68,-1.10,-0.02,0.43,0,273,93,177,3,0,0,30.52,0.00,0.00,0.00,,0.00,,0.00,EastMoney,2026-06-02T19:22:28+08:00
BK0482,2026-06-02T00:00:00Z,1750300,1725301,1751464,1716371,1755365,-30064,-1.71,23295967,12466016151,2.67,0.93,0.00,0,9823024,13472944,474597456000,448566768000,-309221888,937947888,1049377232,-111429344,2689129616,2886922160,-197792544,4124745616,3917158400,207587216,4423496704,4321862144,101634560,-2.48,-0.89,-1.59,1.67,0.82,0,60,6,54,0,0,0,-18.64,0.00,0.00,0.00,,0.00,,0.00,EastMoney,2026-06-02T19:22:28+08:00
BK0484,2026-06-02T00:00:00Z,1090351,1081274,1091063,1066580,1090281,-9007,-0.83,3301557,2401057505,1.74,1.04,0.00,0,1628210,1673347,164519102000,163599044000,-33583882,128470121,173039283,-44569162,495509248,484523968,10985280,774940480,773517408,1423072,958102768,925941952,32160816,-1.40,-1.86,0.46,0.06,1.34,0,16,4,11,1,0,0,23.32,0.00,0.00,0.00,,0.00,,0.00,EastMoney,2026-06-02T19:22:28+08:00
BK0485,2026-06-02T00:00:00Z,1483434,1468360,1483434,1456607,1485031,-16671,-1.12,4344472,6762754204,1.96,0.97,0.00,0,1899296,2445176,321281728000,294429904000,-252114448,519488208,699193936,-179705728,1478284928,1550693648,-72408720,2345131648,2056297504,288834144,2310454800,2347174496,-36719696,-3.73,-2.66,-1.07,4.27,-0.54,0,38,9,29,0,0,0,41.75,0.00,0.00,0.00,,0.00,,0.00,EastMoney,2026-06-02T19:22:28+08:00
BK0486,2026-06-02T00:00:00Z,1051351,1019629,1051351,1014206,1051039,-31410,-2.99,44648749,55687186240,3.08,0.99,0.00,0,19210654,25438095,1548614944000,1426870256000,-4879326752,4113823200,6923698944,-2809875744,12370804736,14440255744,-2069451008,18960634880,17520196352,1440438528,18989165568,15584504064,3404661504,-8.76,-5.05,-3.72,2.59,6.11,0,129,8,121,0,0,0,57.46,0.00,0.00,0.00,,0.00,,0.00,EastMoney,2026-06-02T19:22:28+08:00
BK0490,2026-06-02T00:00:00Z,8617845,8591753,8639405,8391338,8624833,-33080,-0.38,90942523,214804448229,3.02,0.90,0.00,0,45195789,45746734,6529631232000,5681097728000,-5077519872,26737571840,28036654592,-1299082752,50685569024,54464006144,-3778437120,68374968576,68071803392,303165184,64949818624,60207715328,4742103296,-2.36,-0.60,-1.76,0.14,2.21,0,424,138,279,7,0,0,95.16,0.00,0.00,0.00,,0.00,,0.00,EastMoney,2026-06-02T19:22:28+08:00
BK0492,2026-06-02T00:00:00Z,1185440,1167485,1185775,1162279,1183267,-15782,-1.33,34116010,37912670323,1.97,1.19,0.00,0,16325463,17790547,3133921008000,2690463216000,-1158526064,3859123600,4668639232,-809515632,9027818752,9376829184,-349010432,12335206144,11885627136,449579008,12079523584,11371078400,708445184,-3.06,-2.14,-0.92,1.19,1.87,0,73,11,59,3,0,0,20.85,0.00,0.00,0.00,,0.00,,0.00,EastMoney,2026-06-02T19:22:28+08:00
BK0493,2026-06-02T00:00:00Z,2035451,2025297,2036864,1984122,2039857,-14560,-0.71,144910486,174606424725,3.40,1.01,0.00,0,69060403,75850083,7681073152000,4875960576000,-2479517184,23341351168,23800280832,-458929664,40330357504,42350945024,-2020587520,54986690304,56369770752,-1383080448,52278736128,48413334784,3865401344,-1.42,-0.26,-1.16,-0.79,2.21,0,214,53,158,3,0,0,30.97,0.00,0.00,0.00,,0.00,,0.00,EastMoney,2026-06-02T19:22:28+08:00
BK0494,2026-06-02T00:00:00Z,1602907,1589807,1603814,1566424,1602952,-13145,-0.82,101264196,174279614409,2.49,0.96,0.00,0,48757581,52506615,6218954752000,5536388096000,-732029952,32849751808,31468583936,1381167872,43008597504,45121795328,-2113197824,50738023168,51586782464,-848759296,44475386368,42926574848,1548811520,-0.42,0.79,-1.21,-0.49,0.89,0,422,107,302,13,0,0,43.10,0.00,0.00,0.00,,0.00,,0.00,EastMoney,2026-06-02T19:22:28+08:00
BK0498,2026-06-02T00:00:00Z,1169772,1154556,1169772,1149946,1168561,-14005,-1.20,56587533,35627000969,3.35,0.90,0.00,0,28311654,28275879,1351279360000,1099134560000,-394696192,6728671232,6618609152,110062080,7767311104,8272069376,-504758272,10097878784,10218820096,-120941312,10090703616,9575065856,515637760,-1.11,0.31,-1.42,-0.34,1.45,0,72,11,59,2,0,0,71.97,0.00,0.00,0.00,,0.00,,0.00,EastMoney,2026-06-02T19:22:28+08:00
BK0499,2026-06-02T00:00:00Z,950862,947909,951012,941485,950635,-2726,-0.29,143649695,333293708572,0.63,1.03,0.00,0,70611466,73038229,43270976768000,27341642496000,2765794048,71958441984,67298706688,4659735296,90958610432,92852551680,-1893941248,100397547520,104202072064,-3804524544,64419475968,63380748288,1038727680,0.83,1.40,-0.57,-1.14,0.31,0,189,70,114,5,0,0,12.49,0.00,0.00,0.00,,0.00,,0.00,EastMoney,2026-06-02T19:22:28+08:00
BK0500,2026-06-02T00:00:00Z,1236602,1236489,1240135,1226315,1236085,404,0.03,281731662,806751344399,0.85,0.94,0.00,0,140060844,141670818,69077827584000,53234774016000,11991515136,194584678400,178554765312,16029913088,227337748480,231376146432,-4038397952,232625090560,244884492288,-12259401728,138537496576,138269605888,267890688,1.49,1.99,-0.50,-1.52,0.03,0,300,130,167,3,0,0,14.66,0.00,0.00,0.00,,0.00,,0.00,EastMoney,2026-06-02T19:22:28+08:00
BK0501,2026-06-02T00:00:00Z,2814130,2829297,2837772,2760878,2816773,12524,0.44,6938441,49888949728,7.59,0.81,0.00,0,3261305,3677136,3792241232000,421528512000,-643843584,8304642816,8160941824,143700992,14961349888,15748894464,-787544576,15207511552,15354603776,-147092224,7718083072,6842302464,875780608,-1.29,0.29,-1.58,-0.29,1.76,0,135,54,79,2,0,0,99.32,0.00,0.00,0.00,,0.00,,0.00,EastMoney,2026-06-02T19:22:28+08:00
BK0505,2026-06-02T00:00:00Z,921840,914387,921971,907663,923015,-8628,-0.93,62680184,80248347780,0.56,0.94,0.00,0,29440284,33239900,16308640512000,10298784512000,-2100166656,11737935872,13070883840,-1332947968,19366359040,20133577728,-767218688,24729267200,24373373440,355893760,23198529792,21456467200,1742062592,-2.62,-1.66,-0.96,0.44,2.17,0,102,24,76,2,0,0,12.78,0.00,0.00,0.00,,0.00,,0.00,EastMoney,2026-06-02T19:22:28+08:00
BK0506,2026-06-02T00:00:00Z,1867516,1845632,1868453,1828185,1865260,-19628,-1.05,100650428,190132707261,2.59,0.91,0.00,0,47279967,53370461,5874424832000,5483087360000,1212142848,33597245184,30586053632,3011191552,44743092736,46542141440,-1799048704,56155394048,58320994816,-2165600768,51964290816,51010832384,953458432,0.64,1.58,-0.95,-1.14,0.50,0,294,64,224,6,0,0,39.75,0.00,0.00,0.00,,0.00,,0.00,EastMoney,2026-06-02T19:22:28+08:00
BK0509,2026-06-02T00:00:00Z,1361143,1327736,1361670,1315472,1360438,-32702,-2.40,22387019,29682254523,2.53,0.89,0.00,0,9655323,12731697,1106138736000,1041137760000,-2417108880,2682693680,4203876032,-1521182352,6637916160,7533842688,-895926528,9891715072,9313601536,578113536,10009512192,8170516992,1838995200,-8.14,-5.12,-3.02,1.95,6.20,0,67,2,62,3,0,0,54.66,0.00,0.00,0.00,,0.00,,0.00,EastMoney,2026-06-02T19:22:28+08:00
BK0511,2026-06-02T00:00:00Z,712315,716064,717278,708074,710062,6002,0.85,41836143,19677597093,2.07,0.90,0.00,0,19764348,22071795,1063515248000,961373728000,-447436736,1303753280,1715646464,-411893184,6215018752,6250562304,-35543552,7073568000,6977216512,96351488,4242771840,3889414336,353357504,-2.27,-2.09,-0.18,0.49,1.80,0,246,122,98,26,0,0,-10.70,0.00,0.00,0.00,,0.00,,0.00,EastMoney,2026-06-02T19:22:28+08:00
BK0512,2026-06-02T00:00:00Z,2907393,2869952,2913864,2825158,2906745,-36793,-1.27,16354165,31704672677,2.13,0.93,0.00,0,7598225,8755939,1469013024000,1384629616000,-537703232,3354283552,3860567648,-506284096,7562052864,7593472000,-31419136,10010183936,10045094912,-34910976,10270083584,9697469440,572614144,-1.70,-1.60,-0.10,-0.11,1.81,0,77,12,63,2,0,0,25.20,0.00,0.00,0.00,,0.00,,0.00,EastMoney,2026-06-02T19:22:28+08:00
BK0514,2026-06-02T00:00:00Z,1473073,1456176,1473410,1449317,1473523,-17347,-1.18,47683210,66593520657,1.53,0.97,0.00,0,22868671,24814540,3860896048000,3184200112000,1356974848,11564340480,9889542144,1674798336,16410568448,16728391936,-317823488,19660715776,20826611200,-1165895424,17900588032,18091667200,-191079168,2.04,2.51,-0.48,-1.75,-0.29,0,127,19,104,4,0,0,13.34,0.00,0.00,0.00,,0.00,,0.00,EastMoney,2026-06-02T19:22:28+08:00
BK0519,2026-06-02T00:00:00Z,3832516,3859253,3869687,3780013,3806282,52971,1.39,55636509,109265511149,2.65,1.13,0.00,0,29466490,26170020,5317686784000,4548541184000,5811318016,20758506496,15999036416,4759470080,28243110912,27191262976,1051847936,30966897664,33744568320,-2777670656,27571746048,30605393152,-3033647104,5.32,4.36,0.96,-2.54,-2.78,0,78,45,32,1,0,0,21.69,0.00,0.00,0.00,,0.00,,0.00,EastMoney,2026-06-02T19:22:28+08:00
BK0520,2026-06-02T00:00:00Z,1470931,1459808,1471173,1428730,1471201,-11393,-0.77,1289140,4317180480,2.09,0.88,0.00,0,605587,683553,184467616000,145980213000,-58823344,411220032,390844352,20375680,886602560,965801584,-79199024,1356417184,1362179984,-5762800,1611928880,1547342736,64586144,-1.36,0.47,-1.83,-0.13,1.50,0,15,5,10,0,0,0,27.03,0.00,0.00,0.00,,0.00,,0.00,EastMoney,2026-06-02T19:22:28+08:00
BK0523,2026-06-02T00:00:00Z,4185751,4196461,4219681,4095840,4183858,12603,0.30,121897257,321466185975,3.89,0.93,0.00,0,61304271,60592986,7747924992000,6973921280000,1411899904,52396913408,49833632000,2563281408,81066758144,82218139648,-1151381504,96397119488,99736625152,-3339505664,85820997632,83662241792,2158755840,0.44,0.80,-0.36,-1.04,0.67,0,383,153,227,3,0,0,54.67,0.00,0.00,0.00,,0.00,,0.00,EastMoney,2026-06-02T19:22:28+08:00
BK0524,2026-06-02T00:00:00Z,3150189,3134862,3151807,3109192,3142655,-7793,-0.25,21784885,26417213516,1.19,0.92,0.00,0,10428355,11356530,2803618832000,2291072208000,-335369696,4274883360,5015418368,-740535008,6925858048,6520692736,405165312,8082567680,7735070720,347496960,6741837568,6753964800,-12127232,-1.27,-2.80,1.53,1.32,-0.05,0,46,12,34,0,0,0,11.13,0.00,0.00,0.00,,0.00,,0.00,EastMoney,2026-06-02T19:22:28+08:00
BK0525,2026-06-02T00:00:00Z,1235455,1222589,1235816,1216179,1236338,-13749,-1.11,93969992,111800123710,1.06,0.90,0.00,0,43977206,49992786,11604257280000,9628365824000,374699776,18908475904,17997536256,910939648,27315825920,27852065792,-536239872,33405440000,34117580288,-712140288,30391495936,30055403776,336092160,0.34,0.81,-0.48,-0.64,0.30,0,229,46,179,4,0,0,12.11,0.00,0.00,0.00,,0.00,,0.00,EastMoney,2026-06-02T19:22:28+08:00
BK0528,2026-06-02T00:00:00Z,1325782,1314293,1327071,1297534,1326620,-12327,-0.93,74340480,142210383144,1.84,0.92,0.00,0,34884878,39455602,6416850432000,5830238464000,-3256916224,17435083008,17933632000,-498548992,33215688448,35974055680,-2758367232,46622307072,45694755840,927551232,42862953984,40533588992,2329364992,-2.29,-0.35,-1.94,0.65,1.64,0,325,83,235,7,0,0,31.72,0.00,0.00,0.00,,0.00,,0.00,EastMoney,2026-06-02T19:22:28+08:00
BK0534,2026-06-02T00:00:00Z,2233108,2211177,2234818,2193265,2237139,-25962,-1.16,30070638,40742561840,1.95,1.03,0.00,0,14230631,15840007,2166465536000,1962035088000,-1571991040,4229127680,4842317056,-613189376,9581241856,10540043520,-958801664,13345095680,12867263744,477831936,12830607872,11736449024,1094158848,-3.86,-1.51,-2.35,1.17,2.69,0,85,16,67,2,0,0,24.58,0.00,0.00,0.00,,0.00,,0.00,EastMoney,2026-06-02T19:22:28+08:00
BK0535,2026-06-02T00:00:00Z,2534100,2498331,2536591,2459186,2532837,-34506,-1.36,136310570,301351612602,4.19,1.05,0.00,0,66129516,70181054,7597256704000,5536630784000,3592915456,50609821696,46208552448,4401269248,76417839104,77226192896,-808353792,88639545344,92303757312,-3664211968,80697176064,80625881088,71294976,1.19,1.46,-0.27,-1.22,0.02,0,707,158,544,5,0,0,37.85,0.00,0.00,0.00,,0.00,,0.00,EastMoney,2026-06-02T19:22:28+08:00
BK0536,2026-06-02T00:00:00Z,1510405,1518897,1532108,1479926,1501489,17408,1.16,30274250,360406021594,3.75,0.96,0.00,0,15819087,14455163,9680451072000,9067518208000,11233796096,107797446656,93242200064,14555246592,108449021952,111770472448,-3321450496,103146151936,112834330624,-9688178688,35369142528,36924095232,-1554952704,3.12,4.04,-0.92,-2.69,-0.43,0,101,55,46,0,0,0,59.84,0.00,0.00,0.00,,0.00,,0.00,EastMoney,2026-06-02T19:22:28+08:00
BK0538,2026-06-02T00:00:00Z,3367419,3320163,3370704,3276709,3366141,-45978,-1.37,22417107,44636241123,2.64,0.89,0.00,0,10573808,11843299,1783502128000,1609894384000,17921792,4386840320,4538668032,-151827712,10754617344,10584867840,169749504,14170457344,13937747712,232709632,14397866496,14634092544,-236226048,0.04,-0.34,0.38,0.52,-0.53,0,181,40,137,4,0,0,38.42,0.00,0.00,0.00,,0.00,,0.00,EastMoney,2026-06-02T19:22:28+08:00
BK0539,2026-06-02T00:00:00Z,1243674,1223171,1245789,1213623,1238457,-15286,-1.23,3673749,5037849619,1.88,0.96,0.00,0,1692301,1981449,210689085000,198666748000,-159787152,604078848,750644880,-146566032,1184700880,1197922000,-13221120,1515873136,1428054192,87818944,1570453664,1498485456,71968208,-3.17,-2.91,-0.26,1.74,1.43,0,19,3,16,0,0,0,-106.20,0.00,0.00,0.00,,0.00,,0.00,EastMoney,2026-06-02T19:22:28+08:00
BK0545,2026-06-02T00:00:00Z,5277542,5278142,5302707,5163712,5263016,15126,0.29,36235917,81794586397,4.19,0.94,0.00,0,17157962,19077955,2391325424000,1759438512000,-351868928,9755217664,9328363008,426854656,19745456128,20524179712,-778723584,24829424896,24231782912,597641984,25046164992,25117086976,-70921984,-0.43,0.52,-0.95,0.73,-0.09,0,255,107,144,4,0,0,99.01,0.00,0.00,0.00,,0.00,,0.00,EastMoney,2026-06-02T19:22:28+08:00
BK0546,2026-06-02T00:00:00Z,7088371,7184170,7204635,6983434,7159232,24938,0.35,10153842,26013144804,5.00,0.90,0.00,0,4840470,5313372,651726464000,551633616000,294284496,3942979440,3648870560,294108880,6564042240,6563866624,175616,8004502784,8395463680,-390960896,6915597056,6818920704,96676352,1.13,1.13,0.00,-1.50,0.37,0,17,7,9,1,0,0,107.09,0.00,0.00,0.00,,0.00,,0.00,EastMoney,2026-06-02T19:22:28+08:00
BK0547,2026-06-02T00:00:00Z,2002763,2025074,2029565,1969322,1998556,26518,1.33,40057058,65105932518,2.31,1.04,0.00,0,20698479,19358579,3175142128000,2717646848000,5485816832,12416704256,8281512960,4135191296,16523764736,15173139200,1350625536,17993807104,19836689664,-1842882560,17170528512,20813462528,-3642934016,8.43,6.35,2.07,-2.83,-5.60,0,71,39,29,3,0,0,20.35,0.00,0.00,0.00,,0.00,,0.00,EastMoney,2026-06-02T19:22:28+08:00
BK0548,2026-06-02T00:00:00Z,2551643,2508740,2553189,2502379,2554799,-46059,-1.80,8093784,10046129567,1.21,0.87,0.00,0,3549249,4544535,885765920000,786845344000,-582237872,581801952,896381616,-314579664,2078776032,2346434240,-267658208,3394734560,3403764448,-9029888,3821792112,3230503360,591288752,-5.80,-3.13,-2.66,-0.09,5.89,0,69,11,55,3,0,0,95.71,0.00,0.00,0.00,,0.00,,0.00,EastMoney,2026-06-02T19:22:28+08:00
BK0549,2026-06-02T00:00:00Z,4193693,4181028,4205354,4109110,4187134,-6106,-0.15,104798173,263828179304,2.42,0.94,0.00,0,51189865,53608308,11954500096000,10060877312000,6052688896,49798497280,43385236224,6413261056,66100623360,66461195520,-360572160,76820230144,80308228096,-3487997952,66803278592,69359996928,-2556718336,2.29,2.43,-0.14,-1.32,-0.97,0,348,121,220,7,0,0,27.53,0.00,0.00,0.00,,0.00,,0.00,EastMoney,2026-06-02T19:22:28+08:00
BK0552,2026-06-02T00:00:00Z,1820897,1802908,1821915,1781485,1820754,-17846,-0.98,373211612,580501233935,1.23,1.01,0.00,0,180279165,192932446,44354512640000,34608742144000,-1431658496,91384213504,88845807616,2538405888,142759890944,146729955328,-3970064384,180050243584,181063065600,-1012822016,155407093760,152901246976,2505846784,-0.25,0.44,-0.68,-0.17,0.43,0,1143,281,839,23,0,0,13.64,0.00,0.00,0.00,,0.00,,0.00,EastMoney,2026-06-02T19:22:28+08:00
BK0554,2026-06-02T00:00:00Z,1785807,1775713,1787968,1741207,1782947,-7234,-0.41,153690660,366785356461,4.16,0.86,0.00,0,75748943,77941716,11483063552000,8618889216000,7052750848,77449846784,69226160128,8223686656,92414050304,93584986112,-1170935808,106697216000,112064847872,-5367631872,84012478464,85624360960,-1611882496,1.92,2.24,-0.32,-1.46,-0.44,0,380,121,253,6,0,0,36.00,0.00,0.00,0.00,,0.00,,0.00,EastMoney,2026-06-02T19:22:28+08:00
BK0556,2026-06-02T00:00:00Z,1242967,1228978,1244485,1212650,1242068,-13090,-1.05,20457517,44382230004,2.08,0.89,0.00,0,9692140,10765377,3227273984000,1081174512000,597097472,7075258112,6439360000,635898112,10789788416,10828589056,-38800640,13708783360,14108462080,-399678720,12053539328,12250958080,-197418752,1.35,1.43,-0.09,-0.90,-0.44,0,68,13,53,2,0,0,21.18,0.00,0.00,0.00,,0.00,,0.00,EastMoney,2026-06-02T19:22:28+08:00
BK0566,2026-06-02T00:00:00Z,1115196,1097987,1116696,1089355,1117141,-19154,-1.71,8825166,6100870797,2.58,0.91,0.00,0,3987361,4837806,221986849000,206516260000,-547349184,401852960,664957744,-263104784,1219124768,1503369168,-284244400,2074934912,1956754544,118180368,2296370944,1867202112,429168832,-8.97,-4.31,-4.66,1.94,7.03,0,21,0,20,1,0,0,-32.20,0.00,0.00,0.00,,0.00,,0.00,EastMoney,2026-06-02T19:22:28+08:00
BK0567,2026-06-02T00:00:00Z,386595,383007,386964,377678,386290,-3283,-0.85,47445886,143019030660,2.50,0.95,0.00,0,22624690,24821196,5474605824000,4911290368000,-3267062784,21433590016,23368037632,-1934447616,36142838784,37475453952,-1332615168,47911443712,46835732992,1075710720,35435862016,33244510208,2191351808,-2.28,-1.35,-0.93,0.75,1.53,0,212,63,146,3,0,0,44.93,0.00,0.00,0.00,,0.00,,0.00,EastMoney,2026-06-02T19:22:28+08:00
BK0568,2026-06-02T00:00:00Z,150726,150431,151297,148407,150565,-134,-0.09,276107452,840274550110,2.36,0.87,0.00,0,134186240,141921212,32134497280000,27843571456000,4483117056,173225746432,160727126016,12498620416,218622197760,226637701120,-8015503360,252890898432,264799612928,-11908714496,181478293504,174052696064,7425597440,0.53,1.49,-0.95,-1.42,0.88,0,500,170,320,10,0,0,36.63,0.00,0.00,0.00,,0.00,,0.00,EastMoney,2026-06-02T19:22:28+08:00
BK0574,2026-06-02T00:00:00Z,469305,468417,470548,457748,469239,-822,-0.18,130778210,331527787882,3.09,0.93,0.00,0,64171991,66606219,12272445952000,10496607488000,1620375552,51612353792,47630408960,3981944832,82231640064,84593209344,-2361569280,101782827008,106393174016,-4610347008,89336614912,86251843584,3084771328,0.49,1.20,-0.71,-1.39,0.93,0,416,142,270,4,0,0,39.04,0.00,0.00,0.00,,0.00,,0.00,EastMoney,2026-06-02T19:22:28+08:00
BK0577,2026-06-02T00:00:00Z,304191,301680,304509,296048,304637,-2957,-0.97,98722617,118863770780,2.25,0.97,0.00,0,46958449,51764168,5335651584000,4389260288000,-4441101056,14264439808,16549287936,-2284848128,27349468672,29505721600,-2156252928,37434641920,36805332736,629309184,37227029760,33398434048,3828595712,-3.74,-1.92,-1.81,0.53,3.22,0,198,46,148,4,0,0,30.71,0.00,0.00,0.00,,0.00,,0.00,EastMoney,2026-06-02T19:22:28+08:00
BK0578,2026-06-02T00:00:00Z,356618,360706,362811,348694,356093,4613,1.30,21645160,37832855486,2.49,0.84,0.00,0,10766084,10879075,1357966208000,1215163776000,1019756032,5449478912,4657822976,791655936,9172249344,8944149248,228100096,11447144448,12018793728,-571649280,11148304640,11525483776,-377179136,2.70,2.09,0.60,-1.51,-1.00,0,53,31,19,3,0,0,34.20,0.00,0.00,0.00,,0.00,,0.00,EastMoney,2026-06-02T19:22:28+08:00
BK0579,2026-06-02T00:00:00Z,359360,354797,359473,348141,357630,-2833,-0.79,42184591,139037912116,1.96,0.97,0.00,0,20771363,21413228,7433291264000,4946154496000,2862339840,27457169664,24468739584,2988430080,35945325568,36071415808,-126090240,42066689536,43689987840,-1623298304,31205566976,32461391360,-1255824384,2.06,2.15,-0.09,-1.17,-0.90,0,141,39,101,1,0,0,29.53,0.00,0.00,0.00,,0.00,,0.00,EastMoney,2026-06-02T19:22:28+08:00
BK0580,2026-06-02T00:00:00Z,516072,520585,524206,506050,515818,4767,0.92,60658994,109895293034,5.56,0.74,0.00,0,30747324,29911670,2429776864000,2128372320000,2583799040,24025689088,20141022464,3884666624,27202545152,28503412736,-1300867584,33187434496,35494019584,-2306585088,23357152256,23631290624,-274138368,2.35,3.53,-1.18,-2.10,-0.25,0,99,49,46,4,0,0,91.13,0.00,0.00,0.00,,0.00,,0.00,EastMoney,2026-06-02T19:22:28+08:00
BK0581,2026-06-02T00:00:00Z,240708,237072,240996,232240,241250,-4178,-1.73,58411479,112714452535,3.90,0.93,0.00,0,27832624,30578856,3126623200000,2681915904000,-2339537408,15304954880,15779161088,-474206208,26042307584,27907638784,-1865331200,34454945024,35480064256,-1025119232,34629860352,31231825408,3398034944,-2.08,-0.42,-1.65,-0.91,3.01,0,196,36,160,0,0,0,51.65,0.00,0.00,0.00,,0.00,,0.00,EastMoney,2026-06-02T19:22:28+08:00
BK0588,2026-06-02T00:00:00Z,454169,452195,454576,442700,454581,-2386,-0.52,216406183,325995740688,3.51,0.98,0.00,0,103946788,112459396,10605122304000,8703123712000,-5294050048,45025602304,46657115648,-1631513344,78177619968,81840156672,-3662536704,102693576704,104009068544,-1315491840,93113221120,86339153920,6774067200,-1.62,-0.50,-1.12,-0.40,2.08,0,434,132,294,8,0,0,53.47,0.00,0.00,0.00,,0.00,,0.00,EastMoney,2026-06-02T19:22:28+08:00
BK0590,2026-06-02T00:00:00Z,359155,355950,359398,351753,359355,-3405,-0.95,167025030,293680631249,2.10,0.94,0.00,0,78451377,88573653,13443578624000,12277692416000,-2566685696,47452419072,45310232576,2142186496,74893578240,79602450432,-4708872192,88809422848,90366013440,-1556590592,77266313216,73141432320,4124880896,-0.87,0.73,-1.60,-0.53,1.40,0,608,146,448,14,0,0,35.77,0.00,0.00,0.00,,0.00,,0.00,EastMoney,2026-06-02T19:22:28+08:00
BK0592,2026-06-02T00:00:00Z,284846,281988,285144,279048,284919,-2931,-1.03,32569058,48675374351,1.17,0.96,0.00,0,16016749,16552308,3278684880000,2797455776000,528432128,8270328832,7939237120,331091712,12175123200,11977782784,197340416,14117707008,14836181760,-718474752,13332836608,13142091776,190744832,1.09,0.68,0.41,-1.48,0.39,0,126,30,94,2,0,0,17.80,0.00,0.00,0.00,,0.00,,0.00,EastMoney,2026-06-02T19:22:28+08:00
BK0594,2026-06-02T00:00:00Z,297539,294294,297717,291862,297265,-2971,-1.00,158340061,268201357269,2.19,0.98,0.00,0,75639519,82700542,9973731328000,8628726528000,5692862976,53825835776,45676324352,8149511424,64949943808,67406592256,-2456648448,77132259328,82373648384,-5241389056,67529593088,67981068544,-451475456,2.12,3.04,-0.92,-1.95,-0.17,0,411,93,303,15,0,0,21.98,0.00,0.00,0.00,,0.00,,0.00,EastMoney,2026-06-02T19:22:28+08:00
BK0595,2026-06-02T00:00:00Z,301171,299863,301288,293803,302484,-2621,-0.87,158215512,233950582793,3.04,1.02,0.00,0,76824179,81391333,9571256320000,6753304576000,340086272,40580259840,37224282624,3355977216,55237909504,58253800448,-3015890944,69539000320,73226960896,-3687960576,64196861952,60727182336,3469679616,0.15,1.43,-1.29,-1.58,1.48,0,236,62,170,4,0,0,23.67,0.00,0.00,0.00,,0.00,,0.00,EastMoney,2026-06-02T19:22:28+08:00
BK0596,2026-06-02T00:00:00Z,328280,326434,328536,321602,328060,-1626,-0.50,1105501330,2485218573240,1.74,0.93,0.00,0,531726464,573774866,122412109824000,96655294464000,-1369305088,431001182208,413933092864,17068089344,636163538944,654600933376,-18437394432,765447540736,781259411456,-15811870720,602599952384,584629035008,17970917376,-0.06,0.69,-0.74,-0.64,0.72,0,3784,1146,2577,61,0,0,22.18,0.00,0.00,0.00,,0.00,,0.00,EastMoney,2026-06-02T19:22:28+08:00
BK0597,2026-06-02T00:00:00Z,215641,212274,215850,209772,215623,-3349,-1.55,39855680,41987220452,1.80,0.90,0.00,0,17748229,22107451,2338226704000,2145472672000,-1679966720,4976118528,5389260288,-413141760,8836928256,10103753216,-1266824960,13273037312,12973960704,299076608,14062294272,12691780352,1370513920,-4.00,-0.98,-3.02,0.71,3.26,0,110,18,88,4,0,0,21.09,0.00,0.00,0.00,,0.00,,0.00,EastMoney,2026-06-02T19:22:28+08:00
BK0600,2026-06-02T00:00:00Z,308054,305075,308513,301908,307678,-2603,-0.85,35346212,45131989040,2.56,0.89,0.00,0,16410171,18936041,1593923472000,1468416384000,-746922224,4201480720,4589685248,-388204528,10187625216,10546342912,-358717696,14551292416,14900969472,-349677056,15480879872,14384280832,1096599040,-1.65,-0.86,-0.79,-0.77,2.43,0,104,31,73,0,0,0,45.31,0.00,0.00,0.00,,0.00,,0.00,EastMoney,2026-06-02T19:22:28+08:00
BK0601,2026-06-02T00:00:00Z,246509,245088,246635,239944,246429,-1341,-0.54,35498381,83745711822,2.55,1.04,0.00,0,16801512,18696869,2536204080000,2050978688000,4857289472,21877529344,15499855360,6377673984,20092453888,21612838400,-1520384512,21630793216,25641075968,-4010282752,18962469888,19813931264,-851461376,5.80,7.62,-1.82,-4.79,-1.02,0,76,18,57,1,0,0,41.60,0.00,0.00,0.00,,0.00,,0.00,EastMoney,2026-06-02T19:22:28+08:00
BK0603,2026-06-02T00:00:00Z,278189,274483,278437,271956,277393,-2910,-1.05,23674154,14730177172,0.73,1.08,0.00,0,10663391,13010763,3040579456000,2601291200000,-577166736,2352033952,2850795248,-498761296,3964767136,4043172576,-78405440,4448001024,3899571776,548429248,3726227744,3698249040,27978704,-3.92,-3.39,-0.53,3.72,0.19,0,31,6,24,1,0,0,15.02,0.00,0.00,0.00,,0.00,,0.00,EastMoney,2026-06-02T19:22:28+08:00
BK0604,2026-06-02T00:00:00Z,268102,264589,268102,263278,267685,-3096,-1.16,39615720,33465011229,0.63,1.02,0.00,0,18276008,21339712,6269867520000,5254216192000,-1532202704,3867172400,4790920192,-923747792,7419719936,8028174848,-608454912,10629725952,9941608960,688116992,10852598528,10008512512,844086016,-4.58,-2.76,-1.82,2.06,2.52,0,75,14,59,2,0,0,10.28,0.00,0.00,0.00,,0.00,,0.00,EastMoney,2026-06-02T19:22:28+08:00
BK0606,2026-06-02T00:00:00Z,230055,227060,230281,224671,228745,-1685,-0.74,10801981,16718999033,1.54,1.01,0.00,0,4838103,5963878,2334486784000,638479520000,360260512,1764875600,1665980960,98894640,4339392512,4078026640,261365872,5353712640,5401669120,-47956480,4788805632,5096289536,-307483904,2.15,0.59,1.56,-0.29,-1.84,0,50,13,34,3,0,0,15.56,0.00,0.00,0.00,,0.00,,0.00,EastMoney,2026-06-02T19:22:28+08:00
BK0610,2026-06-02T00:00:00Z,244522,245051,246146,244038,244757,294,0.12,30494959,106147421639,0.43,1.00,0.00,0,15582644,14912314,16758027520000,11564140800000,761604352,23474383104,22850080256,624302848,29392471296,29255169792,137301504,33346034176,34159443968,-813409792,18271334144,18219528448,51805696,0.72,0.59,0.13,-0.77,0.05,0,50,22,25,3,0,0,10.12,0.00,0.00,0.00,,0.00,,0.00,EastMoney,2026-06-02T19:22:28+08:00
BK0611,2026-06-02T00:00:00Z,207258,208093,208674,206523,207109,984,0.48,59976138,171693671450,0.36,1.03,0.00,0,31179181,28796958,27791051008000,22332238080000,336754944,39134205184,38173508864,960696320,55191037952,55814979328,-623941376,49283378688,49051768832,231609856,25582664192,26151028736,-568364544,0.20,0.56,-0.36,0.13,-0.33,0,50,29,21,0,0,0,11.28,0.00,0.00,0.00,,0.00,,0.00,EastMoney,2026-06-02T19:22:28+08:00
BK0612,2026-06-02T00:00:00Z,175085,175146,175576,174085,175191,-45,-0.03,169056340,422522883321,0.61,1.02,0.00,0,84188511,84867829,49837839360000,36585344512000,2949169152,94554259456,90827018240,3727241216,121818628096,122596700160,-778072064,123676450816,127072043008,-3395592192,76056305664,75609882624,446423040,0.70,0.88,-0.18,-0.80,0.11,0,180,81,96,3,0,0,12.15,0.00,0.00,0.00,,0.00,,0.00,EastMoney,2026-06-02T19:22:28+08:00
BK0614,2026-06-02T00:00:00Z,737276,730488,737873,719632,738124,-7636,-1.03,7428191,9767273129,2.42,0.81,0.00,0,3277771,4150420,415961472000,345198976000,-492672,819685936,646730064,172955872,2060952032,2234400576,-173448544,3189404384,3212879696,-23475312,3524816416,3499147712,25668704,-0.01,1.77,-1.78,-0.24,0.26,0,50,12,38,0,0,0,80.75,0.00,0.00,0.00,,0.00,,0.00,EastMoney,2026-06-02T19:22:28+08:00
BK0615,2026-06-02T00:00:00Z,214665,211865,214797,211281,214969,-3104,-1.44,17405142,19194504430,1.28,0.87,0.00,0,7628150,9776992,1786806608000,1669312000000,-840691456,1295255968,1896236944,-600980976,4267844080,4507554560,-239710480,6385596672,6143565056,242031616,6897722112,6306749440,590972672,-4.38,-3.13,-1.25,1.26,3.08,0,144,28,114,2,0,0,31.55,0.00,0.00,0.00,,0.00,,0.00,EastMoney,2026-06-02T19:22:28+08:00
BK0617,2026-06-02T00:00:00Z,295665,297037,298077,290451,295823,1214,0.41,27241875,58414613528,3.67,0.97,0.00,0,13930434,13311442,1228946848000,1104869696000,2227011584,11501713408,9869998336,1631715072,15111166720,14515870208,595296512,16416717312,17885635072,-1468917760,14408656640,15143360768,-734704128,3.81,2.79,1.02,-2.51,-1.26,0,69,32,37,0,0,0,322.48,0.00,0.00,0.00,,0.00,,0.00,EastMoney,2026-06-02T19:22:28+08:00
BK0619,2026-06-02T00:00:00Z,892053,895506,901699,876883,889178,6328,0.71,18134261,76577644983,4.73,0.94,0.00,0,9574900,8559362,1329451136000,1249719136000,2552394752,16462614272,14209373184,2253241088,19783559936,19484406272,299153664,22025448192,23751473408,-1726025216,17167290624,17985146368,-817855744,3.33,2.94,0.39,-2.25,-1.07,0,73,32,39,2,0,0,103.45,0.00,0.00,0.00,,0.00,,0.00,EastMoney,2026-06-02T19:22:28+08:00
BK0622,2026-06-02T00:00:00Z,684477,682621,688657,664958,684551,-1930,-0.28,4149877,7469524364,5.94,1.03,0.00,0,2118808,2031069,137453728000,134870524000,-182442064,896485680,969049568,-72563888,1603095696,1712973872,-109878176,2319783024,2353741664,-33958640,2440757824,2224357104,216400720,-2.44,-0.97,-1.47,-0.45,2.90,0,9,4,5,0,0,0,56.79,0.00,0.00,0.00,,0.00,,0.00,EastMoney,2026-06-02T19:22:28+08:00
BK0623,2026-06-02T00:00:00Z,350844,346867,351001,341487,350772,-3905,-1.11,41908660,73889307042,2.21,0.96,0.00,0,19826730,22081930,2445501840000,2125479440000,272513024,13328465664,12141750016,1186715648,17875366400,18789569024,-914202624,21341571840,22787681536,-1446109696,20019672320,18872187136,1147485184,0.37,1.61,-1.24,-1.96,1.55,0,112,18,91,3,0,0,26.44,0.00,0.00,0.00,,0.00,,0.00,EastMoney,2026-06-02T19:22:28+08:00
BK0625,2026-06-02T00:00:00Z,564830,559124,564996,551762,565744,-6620,-1.17,13968736,14174043685,1.58,0.90,0.00,0,6050902,7917833,948654176000,822497808000,-554488272,1253978000,1363284192,-109306192,3103021552,3548203632,-445182080,4669995264,4526008064,143987200,4920173312,4509821952,410351360,-3.91,-0.77,-3.14,1.02,2.90,0,36,8,27,1,0,0,-57.31,0.00,0.00,0.00,,0.00,,0.00,EastMoney,2026-06-02T19:22:28+08:00
BK0628,2026-06-02T00:00:00Z,580684,574612,581409,565298,579911,-5299,-0.91,69752790,88493007178,3.74,0.81,0.00,0,34225088,35527702,2689100160000,2461354448000,589046784,13451299584,12313818624,1137480960,20669967360,21218401536,-548434176,27000638464,27284025856,-283387392,25612277504,25902547200,-290269696,0.67,1.29,-0.62,-0.32,-0.33,0,219,57,154,8,0,0,114.07,0.00,0.00,0.00,,0.00,,0.00,EastMoney,2026-06-02T19:22:28+08:00
BK0629,2026-06-02T00:00:00Z,710725,703421,711634,687367,710001,-6580,-0.93,20776915,35279425478,2.07,0.81,0.00,0,9713304,11063612,1404741360000,1184869504000,-1638906528,3747352928,4704873984,-957521056,7659015936,8340401408,-681385472,10853806848,10859469312,-5662464,12354501120,10707391744,1647109376,-4.65,-2.71,-1.93,-0.02,4.67,0,75,18,55,2,0,0,142.44,0.00,0.00,0.00,,0.00,,0.00,EastMoney,2026-06-02T19:22:28+08:00
BK0632,2026-06-02T00:00:00Z,177770,174445,177770,173648,177187,-2742,-1.55,12301450,6008887886,1.63,0.91,0.00,0,5473766,6827685,418103824000,372951824000,-130387216,541417024,518877344,22539680,1210199584,1363126480,-152926896,1886987424,1817759600,69227824,2253631856,2192472464,61159392,-2.17,0.38,-2.55,1.15,1.02,0,44,4,38,2,0,0,-77.65,0.00,0.00,0.00,,0.00,,0.00,EastMoney,2026-06-02T19:22:28+08:00
BK0634,2026-06-02T00:00:00Z,554309,547380,554577,538322,552910,-5530,-1.00,96003981,218514330846,2.83,0.93,0.00,0,45926879,50077102,6655817728000,6286847488000,6372184064,43262027520,35419573504,7842454016,53439400960,54909670912,-1470269952,63214566912,68012804864,-4798237952,55257696512,56827878144,-1570181632,2.92,3.59,-0.67,-2.20,-0.72,0,297,63,227,7,0,0,59.70,0.00,0.00,0.00,,0.00,,0.00,EastMoney,2026-06-02T19:22:28+08:00
BK0636,2026-06-02T00:00:00Z,86335,86844,86844,86243,86365,479,0.55,923342,279265673,0.36,1.18,0.00,0,557912,365431,676187008000,107904519000,56609976,132162916,23545678,108617238,45273533,97280795,-52007262,52740232,93884349,-41144117,46969843,62435701,-15465858,20.27,38.89,-18.62,-14.73,-5.54,0,79,47,22,10,0,0,28.21,0.00,0.00,0.00,,0.00,,0.00,EastMoney,2026-06-02T19:22:28+08:00
BK0637,2026-06-02T00:00:00Z,509847,506858,510177,502869,510252,-3394,-0.67,96037706,121026602223,0.58,0.96,0.00,0,47168110,48869596,20451064320000,14378978048000,-207795456,19942057728,20376471808,-434414080,31590714624,31364096000,226618624,36518968320,36868502016,-349533696,31126330112,30570525440,555804672,-0.17,-0.36,0.19,-0.29,0.46,0,196,52,138,6,0,0,8.33,0.00,0.00,0.00,,0.00,,0.00,EastMoney,2026-06-02T19:22:28+08:00
BK0638,2026-06-02T00:00:00Z,255582,254852,257169,250825,254776,76,0.03,36898823,303893720648,3.00,0.89,0.00,0,17811398,19087425,10894163968000,9477122816000,-585932800,75102990336,71862771712,3240218624,85349961728,89176113152,-3826151424,90967347200,95754772480,-4787425280,47165400832,41792040704,5373360128,-0.19,1.07,-1.26,-1.58,1.77,0,100,40,60,0,0,0,48.33,0.00,0.00,0.00,,0.00,,0.00,EastMoney,2026-06-02T19:22:28+08:00
BK0641,2026-06-02T00:00:00Z,447483,452908,455922,440920,446076,6832,1.53,80449990,230915724147,5.68,0.83,0.00,0,40843498,39606492,4514669312000,4168731936000,-49256448,48516675584,47683487744,833187840,60429900800,61312345088,-882444288,71025516544,70733664256,291852288,46737284096,47010727936,-273443840,-0.02,0.36,-0.38,0.13,-0.12,0,127,64,60,3,0,0,59.33,0.00,0.00,0.00,,0.00,,0.00,EastMoney,2026-06-02T19:22:28+08:00
BK0643,2026-06-02T00:00:00Z,342591,337781,342924,336754,342058,-4277,-1.25,5121442,11571888090,0.76,0.82,0.00,0,2434727,2686715,919190960000,746876912000,140945952,2069978400,1708015280,361963120,2787257664,3008274832,-221017168,4392863488,4730836480,-337972992,2178416880,1981389760,197027120,1.22,3.13,-1.91,-2.92,1.70,0,34,6,27,1,0,0,29.36,0.00,0.00,0.00,,0.00,,0.00,EastMoney,2026-06-02T19:22:28+08:00
BK0644,2026-06-02T00:00:00Z,753253,754675,759297,739592,750478,4197,0.56,69801515,230213845552,3.51,0.92,0.00,0,34773640,35027875,7572144640000,6787342592000,3476610304,45560021504,40206284800,5353736704,58832350976,60709477376,-1877126400,66752273920,70627860480,-3875586560,54563153920,54152760576,410393344,1.51,2.33,-0.82,-1.68,0.18,0,213,97,112,4,0,0,35.71,0.00,0.00,0.00,,0.00,,0.00,EastMoney,2026-06-02T19:22:28+08:00
BK0653,2026-06-02T00:00:00Z,272734,268750,273291,267491,272711,-3961,-1.45,32305605,33884518403,1.80,0.89,0.00,0,13607273,18698332,2753400304000,2066328736000,-1061614528,4006186304,4411208448,-405022144,7829164288,8485756672,-656592384,10696114432,10175591168,520523264,10618777856,10077686528,541091328,-3.13,-1.20,-1.94,1.54,1.60,0,128,18,108,2,0,0,18.50,0.00,0.00,0.00,,0.00,,0.00,EastMoney,2026-06-02T19:22:28+08:00
BK0655,2026-06-02T00:00:00Z,473253,469603,473669,460024,472530,-2927,-0.62,37784537,96835313389,2.05,0.92,0.00,0,18359582,19424955,4991855872000,2652848304000,5442794240,20415081216,14070174464,6344906752,22305028608,23207141120,-902112512,27431843072,30731980544,-3300137472,25413115392,27556096768,-2142981376,5.62,6.55,-0.93,-3.41,-2.21,0,132,35,95,2,0,0,27.16,0.00,0.00,0.00,,0.00,,0.00,EastMoney,2026-06-02T19:22:28+08:00
BK0656,2026-06-02T00:00:00Z,136703,135791,137312,133661,136435,-644,-0.47,5212904,7827059446,1.84,0.67,0.00,0,2491481,2721423,334132560000,313243440000,102885648,962967808,846566208,116401600,2019750176,2033266128,-13515952,2430802736,2570993296,-140190560,2294437072,2257132144,37304928,1.31,1.49,-0.17,-1.79,0.48,0,13,4,9,0,0,0,32.19,0.00,0.00,0.00,,0.00,,0.00,EastMoney,2026-06-02T19:22:28+08:00
BK0662,2026-06-02T00:00:00Z,210742,206909,210773,205459,210598,-3689,-1.75,36963474,50074883701,3.41,0.97,0.00,0,16473209,20490265,1437752464000,1292539936000,-2832538112,4867736576,6324526080,-1456789504,11649636864,13025385472,-1375748608,16871665664,15833072128,1038593536,15711598592,13906275584,1805323008,-5.66,-2.91,-2.75,2.07,3.61,0,113,20,93,0,0,0,92.63,0.00,0.00,0.00,,0.00,,0.00,EastMoney,2026-06-02T19:22:28+08:00
BK0664,2026-06-02T00:00:00Z,172696,169662,172800,168615,172963,-3301,-1.91,19963116,19846735181,1.85,0.97,0.00,0,8733696,11229420,1235398432000,1129443648000,-477543232,912542416,1218524752,-305982336,3867338320,4038899216,-171560896,6644736000,6289261568,355474432,7917067264,7783595264,133472000,-2.41,-1.54,-0.86,1.79,0.67,0,154,20,132,2,0,0,22.39,0.00,0.00,0.00,,0.00,,0.00,EastMoney,2026-06-02T19:22:28+08:00
BK0665,2026-06-02T00:00:00Z,233417,230340,233550,229011,233630,-3290,-1.41,91819307,109017057542,2.53,0.95,0.00,0,42067176,49752131,5954417920000,5317456896000,-1387319552,13691048448,13376290816,314757632,24541575168,26243652352,-1702077184,34883407616,33682026496,1201381120,33628573184,33427048448,201524736,-1.27,0.29,-1.56,1.10,0.18,0,346,63,278,5,0,0,38.31,0.00,0.00,0.00,,0.00,,0.00,EastMoney,2026-06-02T19:22:28+08:00
BK0666,2026-06-02T00:00:00Z,591703,601323,605218,581186,590073,11250,1.91,79264837,235950661726,5.03,0.82,0.00,0,40487120,38777717,6265235456000,5852297216000,5989073408,56117773312,47803578112,8314195200,59390015488,61715137280,-2325121792,63911455744,68720902144,-4809446400,52121425408,53278142720,-1156717312,2.54,3.52,-0.99,-2.04,-0.49,0,127,79,46,2,0,0,61.49,0.00,0.00,0.00,,0.00,,0.00,EastMoney,2026-06-02T19:22:28+08:00
BK0667,2026-06-02T00:00:00Z,337404,335357,338109,328854,336878,-1521,-0.45,21992644,42462200835,2.53,0.95,0.00,0,10258518,11734126,1753170096000,1616337216000,129690624,4672413952,4372400128,300013824,10387868416,10558191616,-170323200,13480953856,13877181440,-396227584,13174102016,12891983872,282118144,0.31,0.71,-0.40,-0.93,0.66,0,116,41,73,2,0,0,62.60,0.00,0.00,0.00,,0.00,,0.00,EastMoney,2026-06-02T19:22:28+08:00
BK0668,2026-06-02T00:00:00Z,431805,428021,432139,423006,431368,-3347,-0.78,42769773,97803148236,1.94,0.80,0.00,0,19569728,23200044,4985130240000,4367137792000,-2256732928,10594999808,12100860672,-1505860864,22773609472,23524481536,-750872064,32924878848,32445437952,479440896,29655872000,27894765824,1761106176,-2.31,-1.54,-0.77,0.49,1.80,0,336,94,236,6,0,0,36.35,0.00,0.00,0.00,,0.00,,0.00,EastMoney,2026-06-02T19:22:28+08:00
BK0669,2026-06-02T00:00:00Z,150125,147729,150125,146740,149898,-2169,-1.45,8668627,6310323608,2.23,0.90,0.00,0,3804724,4863903,283083456000,246430164000,318244784,819905952,440598288,379307664,1283466976,1344529856,-61062880,1917971088,2030755488,-112784400,2180438592,2385898976,-205460384,5.04,6.01,-0.97,-1.79,-3.26,0,39,4,35,0,0,0,28.44,0.00,0.00,0.00,,0.00,,0.00,EastMoney,2026-06-02T19:22:28+08:00
BK0671,2026-06-02T00:00:00Z,301145,290441,301145,288645,301683,-11242,-3.73,6123476,5982444472,2.67,0.86,0.00,0,2857215,3266261,173151819000,169713932000,-412082384,327894016,693835648,-365941632,1288813008,1334953760,-46140752,2027913936,1926502752,101411184,2195107872,1884436672,310671200,-6.89,-6.12,-0.77,1.70,5.19,0,19,0,18,1,0,0,117.74,0.00,0.00,0.00,,0.00,,0.00,EastMoney,2026-06-02T19:22:28+08:00
BK0672,2026-06-02T00:00:00Z,253361,249370,253404,248377,253650,-4280,-1.69,9172099,7579440715,1.00,0.84,0.00,0,4022319,5149780,850582832000,764082880000,-534719296,651911776,808088640,-156176864,1593840240,1972382672,-378542432,2473965680,2391886672,82079008,2733121248,2280480976,452640272,-7.05,-2.06,-4.99,1.08,5.97,0,40,6,33,1,0,0,19.43,0.00,0.00,0.00,,0.00,,0.00,EastMoney,2026-06-02T19:22:28+08:00
BK0674,2026-06-02T00:00:00Z,460178,460070,465769,448178,459626,444,0.10,16805135,50583398204,5.69,0.75,0.00,0,8300414,8504721,896394144000,855356544000,-532913408,9745556480,9599346432,146210048,12995488256,13674611712,-679123456,15213198848,15542436352,-329237504,11876133888,11013982720,862151168,-1.05,0.29,-1.34,-0.65,1.70,0,18,7,10,1,0,0,2014.47,0.00,0.00,0.00,,0.00,,0.00,EastMoney,2026-06-02T19:22:28+08:00
BK0675,2026-06-02T00:00:00Z,259736,255690,259930,254719,259734,-4044,-1.56,12982730,16099975111,1.45,0.77,0.00,0,5756550,7226180,1199524336000,1067945712000,-633462240,894659616,1194286464,-299626848,3325060272,3658895664,-333835392,5479440384,5321919232,157521152,6071462656,5610358272,461104384,-3.93,-1.86,-2.07,0.98,2.86,0,110,19,89,2,0,0,119.83,0.00,0.00,0.00,,0.00,,0.00,EastMoney,2026-06-02T19:22:28+08:00
BK0676,2026-06-02T00:00:00Z,237087,234200,237370,233882,237344,-3144,-1.32,4314957,5474938530,1.04,0.87,0.00,0,1820985,2493972,652864832000,579758064000,-104056640,277802688,339056080,-61253392,1153553152,1196356400,-42803248,1880345968,1953066080,-72720112,2063661200,1886884432,176776768,-1.90,-1.12,-0.78,-1.33,3.23,0,43,6,37,0,0,0,49.78,0.00,0.00,0.00,,0.00,,0.00,EastMoney,2026-06-02T19:22:28+08:00
BK0677,2026-06-02T00:00:00Z,331552,327687,331717,325873,331134,-3447,-1.04,18409973,15316462373,1.80,0.86,0.00,0,8384851,10025122,1076263440000,919419584000,-177734320,1271439408,1472809472,-201370064,3479709072,3456073328,23635744,4889963776,4672689664,217274112,5250688256,5216798208,33890048,-1.16,-1.31,0.15,1.42,0.22,0,76,11,62,3,0,0,31.58,0.00,0.00,0.00,,0.00,,0.00,EastMoney,2026-06-02T19:22:28+08:00
BK0679,2026-06-02T00:00:00Z,741884,750603,754462,722823,744798,5805,0.78,14832505,39507478652,2.86,1.02,0.00,0,7490688,7341817,665456016000,610943600000,2893387776,9931444480,6926439936,3005004544,9963151104,10074767872,-111616768,10405768192,12552448512,-2146680320,8704767488,9451803392,-747035904,7.32,7.61,-0.28,-5.43,-1.89,0,19,10,8,1,0,0,39.55,0.00,0.00,0.00,,0.00,,0.00,EastMoney,2026-06-02T19:22:28+08:00
BK0680,2026-06-02T00:00:00Z,321271,318963,321891,314885,320552,-1589,-0.50,35773007,110191418395,2.46,0.84,0.00,0,16961193,18811814,4321991168000,3828341248000,943757312,20375956992,19078689024,1297267968,27813940736,28167451392,-353510656,33318231808,33660912384,-342680576,26764332800,27361662976,-597330176,0.86,1.18,-0.32,-0.31,-0.54,0,162,54,107,1,0,0,79.01,0.00,0.00,0.00,,0.00,,0.00,EastMoney,2026-06-02T19:22:28+08:00
BK0682,2026-06-02T00:00:00Z,457079,456648,458189,445934,457179,-531,-0.12,44121579,100868045352,2.50,0.98,0.00,0,21309798,22811781,3496579312000,2960730960000,-1404812800,14222671616,13643968512,578703104,25048541440,27032057344,-1983515904,31452584704,31477365248,-24780544,28584502784,27145738240,1438764544,-1.39,0.57,-1.97,-0.02,1.43,0,144,54,87,3,0,0,50.10,0.00,0.00,0.00,,0.00,,0.00,EastMoney,2026-06-02T19:22:28+08:00
BK0683,2026-06-02T00:00:00Z,510717,506079,510835,501738,510745,-4666,-0.91,588443718,749491749794,1.49,0.98,0.00,0,281941494,306502224,53441050880000,40330226432000,-5757378560,108982013952,109428043776,-446029824,180754132992,186065481728,-5311348736,234227994624,235747704832,-1519710208,211863879680,204514009088,7349870592,-0.77,-0.06,-0.71,-0.20,0.98,0,1437,340,1067,30,0,0,17.49,0.00,0.00,0.00,,0.00,,0.00,EastMoney,2026-06-02T19:22:28+08:00
BK0684,2026-06-02T00:00:00Z,185721,182618,185754,181459,185642,-3024,-1.63,24148634,17729635066,2.04,0.81,0.00,0,10918378,13230255,785080496000,674394352000,-790813440,1531090384,1938795216,-407704832,3867344528,4250453136,-383108608,5785100288,5493294592,291805696,6140661760,5675880448,464781312,-4.46,-2.30,-2.16,1.65,2.62,0,61,7,49,5,0,0,-24.51,0.00,0.00,0.00,,0.00,,0.00,EastMoney,2026-06-02T19:22:28+08:00
BK0685,2026-06-02T00:00:00Z,291083,293743,294118,283804,289416,4327,1.50,463286,1128318127,0.49,0.77,0.00,0,230311,232975,103418734000,100463798000,16520027,74979547,42836754,32142793,226899880,242522646,-15622766,399434976,406751296,-7316320,407168160,416371888,-9203728,1.46,2.85,-1.38,-0.65,-0.82,0,6,4,2,0,0,0,14.49,0.00,0.00,0.00,,0.00,,0.00,EastMoney,2026-06-02T19:22:28+08:00
BK0689,2026-06-02T00:00:00Z,276539,273193,276799,269360,276025,-2832,-1.03,56304932,140387490252,2.20,0.94,0.00,0,25954438,30350495,5359944448000,4878120960000,-3969479424,23462040832,24978726400,-1516685568,41733449216,44186243072,-2452793856,41645350912,40556578560,1088772352,30914772480,27987190272,2927582208,-2.83,-1.08,-1.75,0.78,2.09,0,167,39,124,4,0,0,48.72,0.00,0.00,0.00,,0.00,,0.00,EastMoney,2026-06-02T19:22:28+08:00
BK0690,2026-06-02T00:00:00Z,605816,602396,607326,589946,603323,-927,-0.15,16743434,42096853217,2.73,0.82,0.00,0,7752162,8991272,1186984560000,971306736000,-998972416,5976088576,6561773824,-585685248,10840593664,11253880832,-413287168,13025997056,13026737920,-740864,11458419712,10458706432,999713280,-2.37,-1.39,-0.98,0.00,2.37,0,37,13,23,1,0,0,43.99,0.00,0.00,0.00,,0.00,,0.00,EastMoney,2026-06-02T19:22:28+08:00
BK0692,2026-06-02T00:00:00Z,160114,157286,160114,156370,160149,-2863,-1.79,15192647,10277113115,2.24,0.88,0.00,0,6569737,8622911,388904032000,346980720000,-454849744,571596416,785896976,-214300560,2233504544,2474053728,-240549184,3623466768,3349380576,274086192,3644184512,3463420944,180763568,-4.43,-2.09,-2.34,2.67,1.76,0,52,6,46,0,0,0,-10.48,0.00,0.00,0.00,,0.00,,0.00,EastMoney,2026-06-02T19:22:28+08:00
BK0693,2026-06-02T00:00:00Z,184746,181037,184856,179441,184913,-3876,-2.10,8973098,8761919338,3.22,0.89,0.00,0,3779103,5193995,365227056000,323188400000,-787434144,569294256,1016826288,-447532032,1811750192,2151652304,-339902112,3010228960,2787461824,222767136,3232971936,2668105008,564866928,-8.99,-5.11,-3.88,2.54,6.45,0,40,6,33,1,0,0,-781.25,0.00,0.00,0.00,,0.00,,0.00,EastMoney,2026-06-02T19:22:28+08:00
BK0695,2026-06-02T00:00:00Z,451547,457161,458957,441078,449774,7387,1.64,65587437,142330894811,2.45,0.95,0.00,0,33660782,31926655,5300767488000,4395270400000,6479396096,25545526528,19888309760,5657216768,36372078848,35549899520,822179328,41121380352,44147618304,-3026237952,37202831872,40655116032,-3452284160,4.55,3.97,0.58,-2.13,-2.43,0,111,69,37,5,0,0,23.39,0.00,0.00,0.00,,0.00,,0.00,EastMoney,2026-06-02T19:22:28+08:00
BK0696,2026-06-02T00:00:00Z,355395,351267,355685,344944,354337,-3070,-0.87,51103800,98925847932,3.42,0.96,0.00,0,23561932,27541868,3107430288000,2764268960000,-1830331904,12142832896,12781244160,-638411264,23949401856,25141322496,-1191920640,32929452032,32346725888,582726144,27908051968,26664062208,1243989760,-1.85,-0.65,-1.20,0.59,1.26,0,234,52,177,5,0,0,176.26,0.00,0.00,0.00,,0.00,,0.00,EastMoney,2026-06-02T19:22:28+08:00
BK0697,2026-06-02T00:00:00Z,340187,336046,340382,334407,340093,-4047,-1.19,21087316,33772176217,1.61,0.84,0.00,0,9676963,11410353,2384854000000,1937054352000,-509356544,5734307584,5670235136,64072448,8281491712,8854920704,-573428992,10358593024,10416888576,-58295552,8782273024,8214620672,567652352,-1.51,0.19,-1.70,-0.17,1.68,0,55,14,40,1,0,0,12.14,0.00,0.00,0.00,,0.00,,0.00,EastMoney,2026-06-02T19:22:28+08:00
BK0698,2026-06-02T00:00:00Z,144429,141950,144478,141215,144544,-2594,-1.79,5756271,5849444839,1.62,0.82,0.00,0,2532674,3223597,430473600000,381844880000,-278777040,303881824,463671280,-159789456,1290372032,1409359616,-118987584,2000264400,1979488384,20776016,2150374224,1892373200,258001024,-4.77,-2.73,-2.03,0.36,4.41,0,44,5,39,0,0,0,73.88,0.00,0.00,0.00,,0.00,,0.00,EastMoney,2026-06-02T19:22:28+08:00
BK0699,2026-06-02T00:00:00Z,317911,314263,318551,308981,317532,-3269,-1.03,3210327,14470857862,3.09,0.93,0.00,0,1571129,1639198,271839584000,259825192000,206387552,3030331424,2699145728,331185696,3605180896,3729979040,-124798144,4317448704,4508117504,-190668800,3256806176,3272524800,-15718624,1.43,2.29,-0.86,-1.32,-0.11,0,11,3,8,0,0,0,501.39,0.00,0.00,0.00,,0.00,,0.00,EastMoney,2026-06-02T19:22:28+08:00
BK0700,2026-06-02T00:00:00Z,347368,346062,347780,338505,347451,-1389,-0.40,80584740,193542437483,3.59,0.92,0.00,0,38752874,41831866,5725041664000,4716602112000,2403811072,31031512064,27544784896,3486727168,47393358848,48476274944,-1082916096,58266270464,61412809216,-3146538752,52940976384,52132531200,808445184,1.24,1.80,-0.56,-1.63,0.42,0,259,80,176,3,0,0,44.44,0.00,0.00,0.00,,0.00,,0.00,EastMoney,2026-06-02T19:22:28+08:00
BK0701,2026-06-02T00:00:00Z,264695,263819,265437,260477,264401,-582,-0.22,239589696,548050911661,2.12,0.93,0.00,0,116211100,123378595,19588148480000,17034193408000,-4296720384,88346308608,87311974400,1034334208,136446959616,141778014208,-5331054592,177603735552,180749910016,-3146174464,137889746944,130446852096,7442894848,-0.78,0.19,-0.97,-0.57,1.36,0,500,178,312,10,0,0,36.57,0.00,0.00,0.00,,0.00,,0.00,EastMoney,2026-06-02T19:22:28+08:00
BK0703,2026-06-02T00:00:00Z,614830,623665,627762,606010,616593,7072,1.15,18301554,69950251017,4.96,1.00,0.00,0,9413552,8888002,1083608240000,1015163968000,2479542272,16261229312,14519874816,1741354496,18777658880,18039471104,738187776,18966648832,20483609344,-1516960512,14693053184,15655634688,-962581504,3.54,2.49,1.06,-2.17,-1.38,0,32,14,17,1,0,0,71.12,0.00,0.00,0.00,,0.00,,0.00,EastMoney,2026-06-02T19:22:28+08:00
BK0704,2026-06-02T00:00:00Z,278449,277340,279279,272036,278007,-667,-0.24,48177163,111201252378,3.22,0.83,0.00,0,23331739,24845424,3851817072000,3344467648000,-2712293376,11819767808,13572029952,-1752262144,25863521024,26823552256,-960031232,36254734848,35584689664,670045184,35400452864,33348176640,2052276224,-2.44,-1.58,-0.86,0.60,1.85,0,219,70,146,3,0,0,68.49,0.00,0.00,0.00,,0.00,,0.00,EastMoney,2026-06-02T19:22:28+08:00
BK0705,2026-06-02T00:00:00Z,301931,300693,302462,298088,301644,-951,-0.32,144108644,300947392020,1.99,0.90,0.00,0,70270822,73837822,12303855360000,11033419776000,-172039936,49954489856,47421666560,2532823296,74195484672,76900347904,-2704863232,98513993728,100650782720,-2136788992,74042638336,71733813248,2308825088,-0.06,0.84,-0.90,-0.71,0.77,0,380,134,241,5,0,0,31.86,0.00,0.00,0.00,,0.00,,0.00,EastMoney,2026-06-02T19:22:28+08:00
BK0706,2026-06-02T00:00:00Z,553259,550038,553966,539164,550969,-931,-0.17,9441883,23106152269,2.62,0.91,0.00,0,4405583,5036300,822529248000,727242640000,-807023680,2459705520,3069927152,-610221632,5883809024,6080611072,-196802048,7732976640,7380960512,352016128,6534521600,6079514112,455007488,-3.49,-2.64,-0.85,1.52,1.97,0,49,15,34,0,0,0,67.30,0.00,0.00,0.00,,0.00,,0.00,EastMoney,2026-06-02T19:22:28+08:00
BK0707,2026-06-02T00:00:00Z,264770,263047,264868,260138,264600,-1553,-0.59,550958618,1142448588245,1.22,0.96,0.00,0,266789729,284168889,75482431488000,59664234496000,-1996173312,205157384192,199939891200,5217492992,298855055360,306068721664,-7213666304,355078582272,360078561280,-4999979008,265905651712,258909499392,6996152320,-0.17,0.46,-0.63,-0.44,0.61,0,1527,457,1047,23,0,0,16.58,0.00,0.00,0.00,,0.00,,0.00,EastMoney,2026-06-02T19:22:28+08:00
BK0708,2026-06-02T00:00:00Z,148713,144768,148713,143957,148688,-3920,-2.64,14267769,14891188197,1.95,0.86,0.00,0,6597420,7670349,815024560000,646433056000,-1010898272,826162128,1413051120,-586888992,3064620576,3488629856,-424009280,5001201408,4649938944,351262464,5690659072,5036201984,654457088,-6.79,-3.94,-2.85,2.36,4.39,0,73,8,62,3,0,0,31.17,0.00,0.00,0.00,,0.00,,0.00,EastMoney,2026-06-02T19:22:28+08:00
BK0710,2026-06-02T00:00:00Z,373590,375886,378753,365632,372883,3003,0.81,23567235,106710257468,1.47,0.93,0.00,0,12385286,11181949,2666525424000,2485308960000,5624932864,27265007104,21762780672,5502226432,27473805568,27351099136,122706432,28927833088,32947200768,-4019367680,21546487040,23144927744,-1598440704,5.27,5.16,0.11,-3.77,-1.50,0,55,26,29,0,0,0,40.21,0.00,0.00,0.00,,0.00,,0.00,EastMoney,2026-06-02T19:22:28+08:00
BK0711,2026-06-02T00:00:00Z,105369,105220,105832,104269,105583,-363,-0.34,28040664,38657069156,0.98,0.87,0.00,0,13544222,14496442,3745315120000,3159980416000,-826483712,6453903360,7474446848,-1020543488,10557247232,10363187456,194059776,12074340608,11822928640,251411968,9068986624,8493915136,575071488,-2.14,-2.64,0.50,0.65,1.49,0,55,15,40,0,0,0,15.22,0.00,0.00,0.00,,0.00,,0.00,EastMoney,2026-06-02T19:22:28+08:00
BK0712,2026-06-02T00:00:00Z,166849,164673,166934,162974,166725,-2052,-1.23,187891911,255182797602,1.18,0.96,0.00,0,86125120,101766791,16850846976000,14309029376000,1454870528,45371198208,40768621056,4602577152,61018484480,64166191104,-3147706624,74390421504,78114119680,-3723698176,70278221824,68035104256,2243117568,0.57,1.80,-1.23,-1.46,0.88,0,512,98,399,15,0,0,15.84,0.00,0.00,0.00,,0.00,,0.00,EastMoney,2026-06-02T19:22:28+08:00
BK0714,2026-06-02T00:00:00Z,221314,224419,225802,217427,221131,3288,1.49,143551180,630461169368,3.85,0.93,0.00,0,73735629,69815551,16494145536000,13238449408000,22774636544,158076162048,133178957824,24897204224,164374409216,166496976896,-2122567680,173924331520,190319792128,-16395460608,123289706496,129668038656,-6378332160,3.61,3.95,-0.34,-2.60,-1.01,0,325,167,151,7,0,0,49.10,0.00,0.00,0.00,,0.00,,0.00,EastMoney,2026-06-02T19:22:28+08:00
BK0715,2026-06-02T00:00:00Z,104012,104159,104529,101341,103887,272,0.26,10668739,22192623305,1.66,0.98,0.00,0,5028210,5640529,1159931360000,1128983488000,-461408464,2459689136,2653191296,-193502160,5222072832,5489979136,-267906304,7289390336,7144034048,145356288,6878142464,6562090240,316052224,-2.08,-0.87,-1.21,0.65,1.42,0,32,11,21,0,0,0,47.94,0.00,0.00,0.00,,0.00,,0.00,EastMoney,2026-06-02T19:22:28+08:00
BK0718,2026-06-02T00:00:00Z,140887,140265,140916,139604,141140,-875,-0.62,145767187,236000038084,0.68,0.99,0.00,0,70319273,75447914,33198636800000,25310348800000,696229888,45182392576,42788857088,2393535488,62402763520,64100069120,-1697305600,70138417152,70805319680,-666902528,54764750592,54794075904,-29325312,0.30,1.01,-0.72,-0.28,-0.01,0,189,53,133,3,0,0,10.96,0.00,0.00,0.00,,0.00,,0.00,EastMoney,2026-06-02T19:22:28+08:00
BK0721,2026-06-02T00:00:00Z,82298,81474,82420,80944,82148,-674,-0.82,54248556,37439977193,1.67,1.05,0.00,0,25346566,28901991,2252582928000,2004984784000,-1944723840,3330775424,4646776832,-1316001408,8692186624,9320909056,-628722432,11891939584,11269889536,622050048,12762399744,11439726080,1322673664,-5.19,-3.51,-1.68,1.66,3.53,0,145,35,103,7,0,0,34.46,0.00,0.00,0.00,,0.00,,0.00,EastMoney,2026-06-02T19:22:28+08:00
BK0722,2026-06-02T00:00:00Z,137785,136810,137950,134486,137602,-792,-0.58,103072655,161082463577,4.16,0.79,0.00,0,49580375,53492280,4368701952000,4066221152000,-2258713344,26395815936,26146796288,249019648,38949498880,41457231872,-2507732992,50778915328,50836463104,-57547776,42097102336,39755060736,2342041600,-1.40,0.15,-1.56,-0.04,1.45,0,217,65,151,1,0,0,63.49,0.00,0.00,0.00,,0.00,,0.00,EastMoney,2026-06-02T19:22:28+08:00
BK0724,2026-06-02T00:00:00Z,105753,104150,105876,103215,105523,-1373,-1.30,15944472,8162451192,3.27,1.41,0.00,0,7938496,8005976,281329760000,260932953000,-420398400,458823168,680579776,-221756608,1927433344,2126075136,-198641792,2620050752,2542641936,77408816,2978832416,2635842832,342989584,-5.15,-2.72,-2.43,0.95,4.20,0,36,5,29,2,0,0,216.23,0.00,0.00,0.00,,0.00,,0.00,EastMoney,2026-06-02T19:22:28+08:00
BK0725,2026-06-02T00:00:00Z,94867,92551,94937,91952,94103,-1552,-1.65,9848692,7107991110,5.86,1.50,0.00,0,4644875,5203817,120393661000,107710704000,-489039472,608604320,981867120,-373262800,1524396944,1640173616,-115776672,2140635888,2016049232,124586656,2605014144,2240561312,364452832,-6.88,-5.25,-1.63,1.75,5.13,0,22,4,16,2,0,0,-91.22,0.00,0.00,0.00,,0.00,,0.00,EastMoney,2026-06-02T19:22:28+08:00
BK0726,2026-06-02T00:00:00Z,85921,84593,86033,83542,85779,-1186,-1.38,6202141,9179056233,4.29,1.09,0.00,0,3158021,3044120,223833446000,194901937000,361854800,1533777696,1402040208,131737488,2166922560,1936805248,230117312,2636801456,2628254128,8547328,2576115920,2915716832,-339600912,3.94,1.44,2.51,0.09,-3.70,0,47,9,37,1,0,0,53.27,0.00,0.00,0.00,,0.00,,0.00,EastMoney,2026-06-02T19:22:28+08:00
BK0727,2026-06-02T00:00:00Z,121715,119715,121773,118788,121844,-2129,-1.75,7336025,14156465915,1.90,0.89,0.00,0,3259048,4076976,893490896000,735753664000,-563857504,1077621104,1479039888,-401418784,3129057040,3291495760,-162438720,4695527936,4540360192,155167744,4934066176,4518063104,416003072,-3.98,-2.84,-1.15,1.10,2.94,0,54,7,47,0,0,0,30.46,0.00,0.00,0.00,,0.00,,0.00,EastMoney,2026-06-02T19:22:28+08:00
BK0728,2026-06-02T00:00:00Z,59489,58793,59533,58169,59467,-674,-1.13,19664599,20601946448,2.12,0.96,0.00,0,9465882,10198717,974876448000,805554272000,121224048,1643450784,1601611312,41839472,4574015232,4494630656,79384576,6641493760,6314515968,326977792,7381269248,7828251392,-446982144,0.59,0.20,0.39,1.59,-2.17,0,135,31,99,5,0,0,39.98,0.00,0.00,0.00,,0.00,,0.00,EastMoney,2026-06-02T19:22:28+08:00
BK0729,2026-06-02T00:00:00Z,128907,127279,129149,124774,129288,-2009,-1.55,8446754,9781139568,1.69,0.86,0.00,0,3673274,4773481,753068736000,602211840000,-814233824,1056231536,1539995072,-483763536,2157137728,2487608016,-330470288,3164842960,3074249536,90593424,3274427056,2550786656,723640400,-8.32,-4.95,-3.38,0.93,7.40,0,14,0,14,0,0,0,31.11,0.00,0.00,0.00,,0.00,,0.00,EastMoney,2026-06-02T19:22:28+08:00
BK0730,2026-06-02T00:00:00Z,123848,121737,124096,121255,123689,-1952,-1.58,4808313,5066191963,1.83,0.86,0.00,0,2223588,2584725,300491840000,276117360000,-80371360,331460336,378643344,-47183008,1053727264,1086915616,-33188352,1667210528,1537806224,129404304,1917844496,1969463312,-51618816,-1.59,-0.93,-0.66,2.55,-1.02,0,45,6,37,2,0,0,40.32,0.00,0.00,0.00,,0.00,,0.00,EastMoney,2026-06-02T19:22:28+08:00
BK0731,2026-06-02T00:00:00Z,172663,169858,172856,168384,172206,-2348,-1.36,10756000,14714644166,1.72,0.92,0.00,0,4758956,5997044,971243440000,914195744000,-305502272,1406710448,1601340336,-194629888,3363331520,3474203904,-110872384,4768075264,4458188544,309886720,4948363264,4959936000,-11572736,-2.08,-1.32,-0.75,2.11,-0.08,0,63,9,53,1,0,0,23.98,0.00,0.00,0.00,,0.00,,0.00,EastMoney,2026-06-02T19:22:28+08:00
BK0732,2026-06-02T00:00:00Z,231805,238465,239553,225818,231768,6697,2.89,6081632,15697889978,2.69,1.02,0.00,0,3210413,2871219,636551520000,581643392000,1243980832,2303436816,1565639664,737797152,4032471296,3526287616,506183680,4685076480,4939452928,-254376448,4438763776,5428367872,-989604096,7.92,4.70,3.22,-1.62,-6.30,0,13,13,0,0,0,0,23.59,0.00,0.00,0.00,,0.00,,0.00,EastMoney,2026-06-02T19:22:28+08:00
BK0733,2026-06-02T00:00:00Z,134130,132377,134196,131487,134071,-1694,-1.26,4293009,4476339309,2.02,0.83,0.00,0,2002995,2290014,165551617000,152431288000,216403280,640594288,381786928,258807360,931524032,973928112,-42404080,1324715168,1420228816,-95513648,1513549840,1635565952,-122016112,4.83,5.78,-0.95,-2.13,-2.73,0,28,3,24,1,0,0,72.91,0.00,0.00,0.00,,0.00,,0.00,EastMoney,2026-06-02T19:22:28+08:00
BK0734,2026-06-02T00:00:00Z,40467,39997,40527,39676,40519,-522,-1.29,1567003,1331739299,1.31,0.82,0.00,0,647592,919412,111825509000,106088412000,-46055563,55643827,72232962,-16589135,216627649,246094077,-29466428,403765088,402156880,1608208,632684464,588237120,44447344,-3.46,-1.25,-2.21,0.12,3.34,0,18,4,13,1,0,0,21.20,0.00,0.00,0.00,,0.00,,0.00,EastMoney,2026-06-02T19:22:28+08:00
BK0735,2026-06-02T00:00:00Z,170764,169463,171220,166497,170202,-739,-0.43,12183854,37215519290,2.48,0.86,0.00,0,5673239,6510614,1610901312000,1193599520000,-187698432,4332025088,4419496960,-87471872,9047838720,9148065280,-100226560,12114503424,12043544320,70959104,10427416576,10165560832,261855744,-0.50,-0.24,-0.27,0.19,0.70,0,91,27,62,2,0,0,54.12,0.00,0.00,0.00,,0.00,,0.00,EastMoney,2026-06-02T19:22:28+08:00
BK0736,2026-06-02T00:00:00Z,120116,120474,120931,116843,119843,631,0.53,11817489,19400993468,0.90,0.88,0.00,0,6010699,5806790,3281761472000,1081131952000,383182064,2261081536,1980053968,281027568,4797847808,4695693312,102154496,6136284416,6300717056,-164432640,5842254336,6061328384,-219074048,1.98,1.45,0.53,-0.85,-1.13,0,40,17,23,0,0,0,18.41,0.00,0.00,0.00,,0.00,,0.00,EastMoney,2026-06-02T19:22:28+08:00
BK0737,2026-06-02T00:00:00Z,115494,113737,115633,112165,115192,-1455,-1.26,19610545,52069336993,2.79,0.94,0.00,0,8971667,10638877,1721052384000,1496240752000,-1245451776,5631213824,6414385664,-783171840,13139655424,13601935360,-462279936,17960160512,17265121024,695039488,14132169216,13545802240,586366976,-2.39,-1.50,-0.89,1.33,1.13,0,135,30,103,2,0,0,358.71,0.00,0.00,0.00,,0.00,,0.00,EastMoney,2026-06-02T19:22:28+08:00
BK0738,2026-06-02T00:00:00Z,61688,60571,61810,60248,61615,-1044,-1.69,6914021,5573791164,0.91,0.94,0.00,0,3009445,3904576,539416224000,514585520000,-117900688,367261216,425895776,-58634560,1187586768,1246852896,-59266128,1855487632,1834926128,20561504,2075146208,1977807008,97339200,-2.12,-1.05,-1.06,0.37,1.75,0,27,4,23,0,0,0,21.56,0.00,0.00,0.00,,0.00,,0.00,EastMoney,2026-06-02T19:22:28+08:00
BK0739,2026-06-02T00:00:00Z,232544,230589,233333,227447,232444,-1855,-0.80,5733995,8514108897,1.24,0.78,0.00,0,2720079,3013916,783070080000,698949296000,4824464,940816448,1097127728,-156311280,2107306208,1946170464,161135744,2745340640,2613078384,132262256,2520081920,2661894176,-141812256,0.06,-1.84,1.89,1.55,-1.67,0,35,10,25,0,0,0,23.05,0.00,0.00,0.00,,0.00,,0.00,EastMoney,2026-06-02T19:22:28+08:00
BK0740,2026-06-02T00:00:00Z,59983,58727,59995,58515,60128,-1401,-2.33,3408044,1757642290,2.45,1.00,0.00,0,1416922,1991122,76772497000,72460143000,-136300037,86753963,159469120,-72715157,435529216,499114096,-63584880,613359984,560458192,52901792,588117904,504719648,83398256,-7.75,-4.14,-3.62,3.01,4.74,0,16,4,12,0,0,0,-111.38,0.00,0.00,0.00,,0.00,,0.00,EastMoney,2026-06-02T19:22:28+08:00
BK0742,2026-06-02T00:00:00Z,206814,204769,207106,201028,206684,-1915,-0.93,203915728,714031279164,3.93,0.92,0.00,0,98323684,105592044,21171445248000,16963369728000,-2153857024,118424907776,116669124608,1755783168,183526146048,187435786240,-3909640192,223104327680,226730475520,-3626147840,176851922944,171071913984,5780008960,-0.30,0.25,-0.55,-0.51,0.81,0,1342,345,991,6,0,0,71.08,0.00,0.00,0.00,,0.00,,0.00,EastMoney,2026-06-02T19:22:28+08:00
BK0743,2026-06-02T00:00:00Z,137719,137827,138367,136084,137608,219,0.16,91176386,360651823135,1.95,0.81,0.00,0,45468096,45708290,18362372864000,15980980480000,9365270528,97759518720,85375148032,12384370688,100360814592,103379914752,-3019100160,101564678144,110791245824,-9226567680,54168276480,54306977792,-138701312,2.60,3.43,-0.84,-2.56,-0.04,0,100,41,59,0,0,0,31.89,0.00,0.00,0.00,,0.00,,0.00,EastMoney,2026-06-02T19:22:28+08:00
BK0800,2026-06-02T00:00:00Z,189430,187384,189568,184537,189083,-1699,-0.90,206558811,450872791268,2.96,0.88,0.00,0,97881436,108677375,15039805952000,13629304832000,-4861231104,75594874880,75206766592,388108288,117542670336,122792009728,-5249339392,139476598784,139536310272,-59711488,109595557888,104550789120,5044768768,-1.08,0.09,-1.16,-0.01,1.12,0,704,174,516,14,0,0,58.43,0.00,0.00,0.00,,0.00,,0.00,EastMoney,2026-06-02T19:22:28+08:00
BK0801,2026-06-02T00:00:00Z,156012,155813,156817,153039,155413,400,0.26,12727289,31641433689,2.92,0.69,0.00,0,6079654,6647635,936407760000,885293008000,-655116576,4024416544,4264739136,-240322592,7815104000,8229897984,-414793984,10675353856,10514915584,160438272,8575840000,8067540224,508299776,-2.07,-0.76,-1.31,0.51,1.61,0,45,18,27,0,0,0,63.69,0.00,0.00,0.00,,0.00,,0.00,EastMoney,2026-06-02T19:22:28+08:00
BK0802,2026-06-02T00:00:00Z,225531,225330,226786,221183,225006,324,0.14,65108749,209567178471,2.45,0.94,0.00,0,31148133,33960616,7972828416000,6743982848000,1608832512,42470432000,40099913216,2370518784,54738620416,55500306688,-761686272,63117781760,65283365376,-2165583616,45167848192,44535208192,632640000,0.77,1.13,-0.36,-1.03,0.30,0,272,107,161,4,0,0,48.42,0.00,0.00,0.00,,0.00,,0.00,EastMoney,2026-06-02T19:22:28+08:00
BK0803,2026-06-02T00:00:00Z,81488,79936,81499,79225,81552,-1616,-1.98,7214255,7347857883,2.42,0.97,0.00,0,3248441,3965814,211069311000,192389420000,-59510608,432733600,522158816,-89425216,1618766240,1588851632,29914608,2514481376,2337873232,176608144,2584708528,2697128784,-112420256,-0.81,-1.22,0.41,2.40,-1.53,0,41,10,31,0,0,0,-91.50,0.00,0.00,0.00,,0.00,,0.00,EastMoney,2026-06-02T19:22:28+08:00
BK0804,2026-06-02T00:00:00Z,131686,130861,131826,128913,131628,-767,-0.58,584945648,1328241288470,2.92,0.91,0.00,0,278234916,306710732,44728873984000,37796753664000,-1109639168,224856928256,214035947520,10820980736,330855247872,342785867776,-11930619904,408597213184,419943403520,-11346190336,341068779520,328612945920,12455833600,-0.08,0.81,-0.90,-0.85,0.94,0,1716,478,1206,32,0,0,43.90,0.00,0.00,0.00,,0.00,,0.00,EastMoney,2026-06-02T19:22:28+08:00
BK0805,2026-06-02T00:00:00Z,142308,140043,142515,137865,141651,-1608,-1.14,3404468,3642803230,1.59,0.87,0.00,0,1587030,1817437,208488688000,199401445000,-82842464,298341888,302401152,-4059264,710626288,789409488,-78783200,1151656368,1217426576,-65770208,1427390688,1278778000,148612688,-2.27,-0.11,-2.16,-1.81,4.08,0,12,1,11,0,0,0,78.72,0.00,0.00,0.00,,0.00,,0.00,EastMoney,2026-06-02T19:22:28+08:00
BK0806,2026-06-02T00:00:00Z,104925,102817,105023,102177,105157,-2340,-2.23,6456159,9906093842,1.93,0.80,0.00,0,2733783,3722376,541219968000,463107968000,-389091344,730741792,877944416,-147202624,2178609200,2420497920,-241888720,3390021024,3565967200,-175946176,3462114992,2897077504,565037488,-3.93,-1.49,-2.44,-1.78,5.70,0,44,3,40,1,0,0,-286.25,0.00,0.00,0.00,,0.00,,0.00,EastMoney,2026-06-02T19:22:28+08:00
BK0807,2026-06-02T00:00:00Z,90869,89544,90869,88676,90821,-1277,-1.41,4501623,5194320073,2.23,0.90,0.00,0,2031092,2470531,236868784000,221623793000,-146938096,375332928,449907536,-74574608,1128262432,1200625920,-72363488,1712991840,1585332992,127658848,1893390560,1874111312,19279248,-2.83,-1.44,-1.39,2.46,0.37,0,18,2,16,0,0,0,45.21,0.00,0.00,0.00,,0.00,,0.00,EastMoney,2026-06-02T19:22:28+08:00
BK0808,2026-06-02T00:00:00Z,211778,211162,212441,206351,211729,-567,-0.27,49719599,105706047546,2.91,0.90,0.00,0,24380719,25338880,3530572640000,3344567040000,-2512167936,12540591104,13466416384,-925825280,24819436288,26405778944,-1586342656,33278934784,33271765248,7169536,33439542016,30932051712,2507490304,-2.38,-0.88,-1.50,0.01,2.37,0,179,59,117,3,0,0,65.41,0.00,0.00,0.00,,0.00,,0.00,EastMoney,2026-06-02T19:22:28+08:00
BK0809,2026-06-02T00:00:00Z,125242,123152,125272,121579,124811,-1659,-1.33,56690323,79266242144,4.10,1.00,0.00,0,25457769,31232554,2034294544000,1862700768000,-3756464896,8420025344,10388356864,-1968331520,18071497984,19859631360,-1788133376,25878220032,24762885888,1115334144,24837804544,22106692352,2731112192,-4.74,-2.48,-2.26,1.41,3.45,0,143,28,115,0,0,0,152.33,0.00,0.00,0.00,,0.00,,0.00,EastMoney,2026-06-02T19:22:28+08:00
BK0811,2026-06-02T00:00:00Z,220464,219502,221083,218459,220762,-1260,-0.57,8902017,28494705656,0.94,0.93,0.00,0,3723214,5178803,7503205120000,4538033664000,538343232,4828620288,3966251968,862368320,7458150144,7782175232,-324025088,9466770944,9735009792,-268238848,6120358400,6390462976,-270104576,1.89,3.03,-1.14,-0.94,-0.95,0,32,10,22,0,0,0,22.51,0.00,0.00,0.00,,0.00,,0.00,EastMoney,2026-06-02T19:22:28+08:00
BK0812,2026-06-02T00:00:00Z,179230,177658,179320,175094,178911,-1253,-0.70,33360734,118547377127,2.71,1.05,0.00,0,16485488,16875246,4725458688000,4009236224000,3200818944,30359254784,27968848128,2390406656,32674405632,31863993344,810412288,33083542528,34471055872,-1387513344,19758921472,21570491648,-1811570176,2.70,2.02,0.68,-1.17,-1.53,0,185,55,128,2,0,0,31.12,0.00,0.00,0.00,,0.00,,0.00,EastMoney,2026-06-02T19:22:28+08:00
BK0813,2026-06-02T00:00:00Z,105168,103590,105204,102752,104910,-1320,-1.26,59869839,50330910151,2.21,1.01,0.00,0,27995195,31874644,2394611408000,2029199168000,-2863482624,4623567616,6401570816,-1778003200,11553854208,12639333632,-1085479424,16334866432,15296033792,1038832640,16676729856,14853812224,1822917632,-5.69,-3.53,-2.16,2.06,3.62,0,148,27,116,5,0,0,277.68,0.00,0.00,0.00,,0.00,,0.00,EastMoney,2026-06-02T19:22:28+08:00
BK0814,2026-06-02T00:00:00Z,193493,191715,193606,188251,193576,-1861,-0.96,28179451,50866022373,2.35,0.88,0.00,0,13767915,14411536,2148628752000,1858941952000,-2384763136,4931819008,5965405440,-1033586432,11575110400,12926287104,-1351176704,16528798720,16246003200,282795520,17103884544,14989573376,2114311168,-4.69,-2.03,-2.66,0.56,4.16,0,100,25,73,2,0,0,58.85,0.00,0.00,0.00,,0.00,,0.00,EastMoney,2026-06-02T19:22:28+08:00
BK0815,2026-06-02T00:00:00Z,9071592,9005883,9071592,8930571,8924304,81579,0.91,115812642,136452116321,13.37,1.35,0.00,0,56176858,59635784,2017576592000,1643366480000,-1127270656,18345692928,20190784256,-1845091328,32564918528,31847097856,717820672,42095467776,40604055808,1491411968,38316987136,38543945216,-226958080,-0.83,-1.35,0.53,1.09,-0.17,0,159,80,77,2,0,0,117.08,0.00,0.00,0.00,,0.00,,0.00,EastMoney,2026-06-02T19:22:28+08:00
BK0816,2026-06-02T00:00:00Z,1338861,1329304,1348323,1313964,1311276,18028,1.37,37207358,29946186788,13.85,1.61,0.00,0,17775968,19431390,319769856000,246079843000,-1620783280,3773670224,5157628160,-1383957936,6888454912,7125280256,-236825344,9280683008,8661752576,618930432,8869553920,7867700992,1001852928,-5.41,-4.62,-0.79,2.07,3.35,0,16,10,6,0,0,0,21.39,0.00,0.00,0.00,,0.00,,0.00,EastMoney,2026-06-02T19:22:28+08:00
BK0817,2026-06-02T00:00:00Z,2456,2476,2480,2421,2464,12,0.49,26008798,49719007074,6.76,0.58,0.00,0,12800543,13208255,834308944000,731866256000,997519360,9832727808,8295876608,1536851200,12295925248,12835257088,-539331840,14404422656,14686130176,-281707520,11933386240,12649198592,-715812352,2.01,3.09,-1.08,-0.57,-1.44,0,53,23,27,3,0,0,115.40,0.00,0.00,0.00,,0.00,,0.00,EastMoney,2026-06-02T19:22:28+08:00
BK0818,2026-06-02T00:00:00Z,163825,162231,164080,160790,163495,-1264,-0.77,3266225,2012173938,1.09,0.95,0.00,0,1479536,1786689,241175569000,169423862000,-32472317,196926983,183886260,13040723,412243296,457756336,-45513040,626942320,634427584,-7485264,754213360,714255776,39957584,-1.61,0.65,-2.26,-0.37,1.99,0,9,2,7,0,0,0,24.81,0.00,0.00,0.00,,0.00,,0.00,EastMoney,2026-06-02T19:22:28+08:00
BK0821,2026-06-02T00:00:00Z,151080,151092,151844,148889,150796,296,0.20,450104795,1325537282379,1.17,0.91,0.00,0,221369551,228735244,83180191744000,65657096704000,10622857216,292964888576,271662690304,21302198272,362267004928,372946345984,-10679341056,396612370432,414731862016,-18119491584,252845895680,245349261312,7496634368,0.80,1.61,-0.81,-1.37,0.57,0,572,252,315,5,0,0,16.75,0.00,0.00,0.00,,0.00,,0.00,EastMoney,2026-06-02T19:22:28+08:00
BK0822,2026-06-02T00:00:00Z,68977,68005,69177,67631,69106,-1101,-1.59,9615043,5063318649,1.93,0.97,0.00,0,3861440,5753603,329345808000,309399472000,-270460960,631503968,737958640,-106454672,1181973392,1345979680,-164006288,1566343312,1449863472,116479840,1589267360,1435286240,153981120,-5.34,-2.10,-3.24,2.30,3.04,0,17,3,14,0,0,0,-3.25,0.00,0.00,0.00,,0.00,,0.00,EastMoney,2026-06-02T19:22:28+08:00
BK0823,2026-06-02T00:00:00Z,176971,175866,177123,173745,177106,-1240,-0.70,44287844,125561624424,1.94,0.99,0.00,0,21505141,22782703,5588603392000,4586217472000,-933767424,15921994240,16377092608,-455098368,30598975744,31077644800,-478669056,40808609792,40846650112,-38040320,36330301440,35358493952,971807488,-0.74,-0.36,-0.38,-0.03,0.77,0,197,61,134,2,0,0,27.14,0.00,0.00,0.00,,0.00,,0.00,EastMoney,2026-06-02T19:22:28+08:00
BK0825,2026-06-02T00:00:00Z,101548,99928,101621,99342,101683,-1755,-1.73,68331826,53584863284,3.22,0.82,0.00,0,32208737,36123088,2315960496000,2164293968000,-275243776,8433793024,8222753280,211039744,12236539648,12722823168,-486283520,16069743872,15940749312,128994560,15726805504,15580905472,145900032,-0.51,0.39,-0.91,0.24,0.27,0,152,21,129,2,0,0,43.05,0.00,0.00,0.00,,0.00,,0.00,EastMoney,2026-06-02T19:22:28+08:00
BK0830,2026-06-02T00:00:00Z,113709,111899,113764,110639,113691,-1792,-1.58,85727625,154894768248,1.29,0.95,0.00,0,40148680,45578945,9606993152000,8237205760000,-1261128192,25423992320,24721975040,702017280,38154667264,40117812736,-1963145472,48190182400,48576155392,-385972992,40399177728,38752588544,1646589184,-0.81,0.45,-1.27,-0.25,1.06,0,230,37,190,3,0,0,13.85,0.00,0.00,0.00,,0.00,,0.00,EastMoney,2026-06-02T19:22:28+08:00
BK0832,2026-06-02T00:00:00Z,275041,273585,275448,269002,274555,-970,-0.35,67296463,175093543213,2.79,0.85,0.00,0,33091117,34205347,6571411968000,5865777408000,6339013888,36682141440,30371985152,6310156288,44722592256,44693734656,28857600,51192682752,55038904832,-3846222080,39663114752,42124351744,-2461236992,3.62,3.60,0.02,-2.20,-1.41,0,201,57,142,2,0,0,36.73,0.00,0.00,0.00,,0.00,,0.00,EastMoney,2026-06-02T19:22:28+08:00
BK0833,2026-06-02T00:00:00Z,263664,265635,267324,258997,263201,2434,0.92,110465882,237121487753,4.72,0.82,0.00,0,54693143,55772739,5145164032000,4537201664000,2340118016,46867340544,43633300224,3234040320,60190983936,61084906240,-893922304,69324029952,70793699328,-1469669376,56442651904,57311528192,-868876288,0.99,1.36,-0.38,-0.62,-0.37,0,229,108,115,6,0,0,51.85,0.00,0.00,0.00,,0.00,,0.00,EastMoney,2026-06-02T19:22:28+08:00
BK0834,2026-06-02T00:00:00Z,161248,159074,161300,157684,161054,-1980,-1.23,36007348,26337501194,2.24,0.93,0.00,0,16727227,19280121,1541765648000,1241219808000,-561597952,1835704208,2272266896,-436562688,6071343872,6196379136,-125035264,8597098240,8330744576,266353664,9163646464,8824703232,338943232,-2.13,-1.66,-0.47,1.01,1.29,0,145,22,118,5,0,0,51.62,0.00,0.00,0.00,,0.00,,0.00,EastMoney,2026-06-02T19:22:28+08:00
BK0835,2026-06-02T00:00:00Z,221704,220166,221940,217082,221856,-1690,-0.76,45459068,110202590164,2.46,0.85,0.00,0,21905428,23553640,5206652928000,4603197696000,255978240,21526403072,19845925120,1680477952,27556876800,28981376512,-1424499712,31642528000,33458452992,-1815924992,27825608960,26265662208,1559946752,0.23,1.52,-1.29,-1.65,1.42,0,104,26,74,4,0,0,21.28,0.00,0.00,0.00,,0.00,,0.00,EastMoney,2026-06-02T19:22:28+08:00
BK0837,2026-06-02T00:00:00Z,101511,100178,101573,99585,101563,-1385,-1.36,20466351,30622216047,1.61,0.90,0.00,0,9170431,11295920,4459574016000,1849646736000,-817683344,3386928400,3852669344,-465740944,7005017344,7356959744,-351942400,9877439744,9614690304,262749440,9748802816,9171942656,576860160,-2.67,-1.52,-1.15,0.86,1.88,0,97,18,78,1,0,0,15.04,0.00,0.00,0.00,,0.00,,0.00,EastMoney,2026-06-02T19:22:28+08:00
BK0838,2026-06-02T00:00:00Z,121665,120473,121703,119995,121682,-1209,-0.99,20085574,18066395626,2.39,1.00,0.00,0,9841088,10244486,713857696000,701632288000,248850496,2412179008,2032795952,379383056,3768893152,3899425712,-130532560,5591261696,5884861952,-293600256,5952360192,5907610368,44749824,1.38,2.10,-0.72,-1.63,0.25,0,56,11,44,1,0,0,30.18,0.00,0.00,0.00,,0.00,,0.00,EastMoney,2026-06-02T19:22:28+08:00
BK0839,2026-06-02T00:00:00Z,215725,211961,215884,208868,215349,-3388,-1.57,11169260,16780282340,4.18,1.12,0.00,0,5021788,6147472,367371376000,325971648000,-7975536,1621980656,1542641024,79339632,3984055872,4071371040,-87315168,5496932096,5264058368,232873728,5244998144,5504123136,-259124992,-0.05,0.47,-0.52,1.39,-1.54,0,43,6,37,0,0,0,449.26,0.00,0.00,0.00,,0.00,,0.00,EastMoney,2026-06-02T19:22:28+08:00
BK0840,2026-06-02T00:00:00Z,436819,443303,446614,430853,437375,5928,1.36,98380553,229321790623,5.96,0.79,0.00,0,49987666,48392887,4316616192000,3850938272000,525335808,47753107968,44903295232,2849812736,58645895680,60970372608,-2324476928,67679311104,70178709504,-2499398400,51225687808,49238003712,1987684096,0.23,1.24,-1.01,-1.09,0.87,0,131,76,54,1,0,0,92.56,0.00,0.00,0.00,,0.00,,0.00,EastMoney,2026-06-02T19:22:28+08:00
BK0841,2026-06-02T00:00:00Z,133594,131520,133689,130547,133586,-2066,-1.55,6139260,14558769444,1.59,0.77,0.00,0,2707013,3432247,801913232000,756661664000,-79292048,1712323952,1663547232,48776720,3270073584,3398142352,-128068768,4736899328,4867314688,-130415360,4645475840,4437207040,208268800,-0.54,0.34,-0.88,-0.90,1.43,0,69,8,60,1,0,0,55.37,0.00,0.00,0.00,,0.00,,0.00,EastMoney,2026-06-02T19:22:28+08:00
BK0843,2026-06-02T00:00:00Z,182663,179805,182821,178594,182483,-2678,-1.47,43983681,43406382285,1.01,0.94,0.00,0,19708544,24275137,5953181184000,3837586528000,-1377273088,4542784512,5403721728,-860937216,9912549632,10428885504,-516335872,13928379392,13495861760,432517632,14200557312,13271674368,928882944,-3.17,-1.98,-1.19,1.00,2.14,0,126,17,106,3,0,0,15.94,0.00,0.00,0.00,,0.00,,0.00,EastMoney,2026-06-02T19:22:28+08:00
BK0845,2026-06-02T00:00:00Z,183575,181037,183672,178624,183425,-2388,-1.30,60552673,122842470340,3.47,0.96,0.00,0,27128955,33423719,3629814784000,3100040432000,-3270626048,15761541120,17836602880,-2075061760,30643830784,31839395072,-1195564288,41115139840,40847731712,267408128,32799560960,29758143488,3041417472,-2.66,-1.69,-0.97,0.22,2.48,0,149,39,109,1,0,0,180.60,0.00,0.00,0.00,,0.00,,0.00,EastMoney,2026-06-02T19:22:28+08:00
BK0847,2026-06-02T00:00:00Z,100549,97840,100549,97051,100465,-2625,-2.61,20509566,16929800069,2.82,0.94,0.00,0,8867957,11641609,570724304000,518692400000,-1148565040,1144688592,1773806640,-629118048,3739411344,4258858336,-519446992,5695338496,5297585664,397752832,5946065152,5229479424,716585728,-6.78,-3.72,-3.07,2.35,4.23,0,64,7,55,2,0,0,-895.72,0.00,0.00,0.00,,0.00,,0.00,EastMoney,2026-06-02T19:22:28+08:00
BK0852,2026-06-02T00:00:00Z,211363,208901,211460,207610,211315,-2414,-1.14,23466217,34956792056,1.72,0.83,0.00,0,10845176,12621041,1698232096000,1523156544000,-1217739392,3175785040,3896866000,-721080960,7806332160,8302990592,-496658432,11260995328,11159481088,101514240,12142747392,11028533248,1114214144,-3.48,-2.06,-1.42,0.29,3.19,0,115,23,92,0,0,0,34.41,0.00,0.00,0.00,,0.00,,0.00,EastMoney,2026-06-02T19:22:28+08:00
BK0853,2026-06-02T00:00:00Z,143823,141826,143990,140928,143670,-1844,-1.28,47965294,31735414507,4.67,0.83,0.00,0,23541353,24423940,2935942384000,818119696000,-682327808,6669197568,6574137856,95059712,7279671552,8057059072,-777387520,8616221184,8785401088,-169179904,8006700800,7021676800,985024000,-2.15,0.30,-2.45,-0.53,3.10,0,34,5,28,1,0,0,18.50,0.00,0.00,0.00,,0.00,,0.00,EastMoney,2026-06-02T19:22:28+08:00
BK0854,2026-06-02T00:00:00Z,461665,461628,464468,451393,460904,724,0.16,295841308,748546003964,3.76,0.87,0.00,0,143514957,152326351,20040991744000,17545120256000,10945507328,145967329280,130379915264,15587414016,188637175808,193279082496,-4641906688,223535583232,235268689920,-11733106688,176336560128,175470333952,866226176,1.46,2.08,-0.62,-1.57,0.12,0,751,282,455,14,0,0,60.73,0.00,0.00,0.00,,0.00,,0.00,EastMoney,2026-06-02T19:22:28+08:00
BK0855,2026-06-02T00:00:00Z,402078,400304,402284,384877,399579,725,0.18,5616180,9678266794,7.50,0.96,0.00,0,2803214,2812966,124382180000,115967619000,-218245616,1089631888,1359763760,-270131872,2492672992,2440786736,51886256,3208433136,3008493968,199939168,2722560896,2704254448,18306448,-2.26,-2.79,0.54,2.07,0.19,0,7,5,2,0,0,0,-972.69,0.00,0.00,0.00,,0.00,,0.00,EastMoney,2026-06-02T19:22:28+08:00
BK0856,2026-06-02T00:00:00Z,190586,188282,190738,187295,190478,-2196,-1.15,5863082,5916212012,1.61,0.93,0.00,0,2629250,3233832,389699104000,363032768000,14898144,398269568,439565792,-41296224,1407605440,1351411072,56194368,1959186272,1998958736,-39772464,2061498256,2036623936,24874320,0.25,-0.70,0.95,-0.67,0.42,0,36,5,29,2,0,0,41.83,0.00,0.00,0.00,,0.00,,0.00,EastMoney,2026-06-02T19:22:28+08:00
BK0859,2026-06-02T00:00:00Z,231891,230352,232259,226135,231501,-1149,-0.50,62557146,115747896927,3.79,0.76,0.00,0,30899605,31657542,3181942512000,2773269024000,1031550976,25234460160,22708395520,2526064640,28936589824,30431103488,-1494513664,35491935488,37227582976,-1735647488,24184269824,23514399744,669870080,0.89,2.18,-1.29,-1.50,0.58,0,99,34,63,2,0,0,70.60,0.00,0.00,0.00,,0.00,,0.00,EastMoney,2026-06-02T19:22:28+08:00
BK0860,2026-06-02T00:00:00Z,231525,228555,231690,224787,230710,-2155,-0.93,36914026,98353508456,2.19,0.86,0.00,0,17697233,19216793,3594721856000,3289307984000,273730048,17507592448,15979186432,1528406016,29695377920,30950053888,-1254675968,26126497792,27001490432,-874992640,23473970176,22861867008,612103168,0.28,1.55,-1.28,-0.89,0.62,0,125,34,88,3,0,0,60.38,0.00,0.00,0.00,,0.00,,0.00,EastMoney,2026-06-02T19:22:28+08:00
BK0861,2026-06-02T00:00:00Z,170694,168574,170921,166199,170401,-1827,-1.07,21733506,30904561617,2.47,0.90,0.00,0,9983355,11750151,1022637328000,958044848000,-922222336,3393251552,3873092064,-479840512,7472682496,7915064320,-442381824,10341087488,9851865600,489221888,9077076736,8628974080,448102656,-2.98,-1.55,-1.43,1.58,1.45,0,86,18,66,2,0,0,27.90,0.00,0.00,0.00,,0.00,,0.00,EastMoney,2026-06-02T19:22:28+08:00
BK0864,2026-06-02T00:00:00Z,161804,160271,161930,157350,161832,-1561,-0.96,107426179,151093783633,2.09,0.94,0.00,0,50180554,57245625,6364908544000,5267074304000,-4661395456,19091873280,20172269824,-1080396544,34892109568,38473108480,-3580998912,47800548608,47292980992,507567616,46618839808,42447934720,4170905088,-3.09,-0.72,-2.37,0.34,2.76,0,267,71,191,5,0,0,34.77,0.00,0.00,0.00,,0.00,,0.00,EastMoney,2026-06-02T19:22:28+08:00
BK0865,2026-06-02T00:00:00Z,292268,294615,295890,287326,291387,3228,1.11,16396462,71050017594,3.90,0.89,0.00,0,8044377,8352084,1677067600000,1602819472000,148359168,13212079360,12815426048,396653312,18619907328,18868201472,-248294144,21508289280,21387018752,121270528,16422707712,16691028992,-268321280,0.21,0.56,-0.35,0.17,-0.38,0,53,27,26,0,0,0,51.42,0.00,0.00,0.00,,0.00,,0.00,EastMoney,2026-06-02T19:22:28+08:00
BK0866,2026-06-02T00:00:00Z,120312,118425,120312,117216,120598,-2173,-1.80,6052183,5080097956,4.18,0.86,0.00,0,2767880,3284303,188175606000,179033548000,-121786880,616732512,589907008,26825504,1036952672,1185565056,-148612384,1553643776,1545773664,7870112,1790926192,1677009392,113916800,-2.40,0.53,-2.93,0.15,2.24,0,18,1,17,0,0,0,21.31,0.00,0.00,0.00,,0.00,,0.00,EastMoney,2026-06-02T19:22:28+08:00
BK0867,2026-06-02T00:00:00Z,184717,183784,184816,182204,184753,-969,-0.52,671331590,1369257533701,1.47,0.92,0.00,0,323398234,347933356,75800797184000,63756312064000,11107143680,273517146112,249745862656,23771283456,350414925824,363079065600,-12664139776,408310128640,427184771072,-18874642432,314513666048,306746167296,7767498752,0.81,1.74,-0.92,-1.38,0.57,0,1281,373,878,30,0,0,17.78,0.00,0.00,0.00,,0.00,,0.00,EastMoney,2026-06-02T19:22:28+08:00
BK0868,2026-06-02T00:00:00Z,108568,107545,108634,106524,108685,-1140,-1.05,7407812,13586288568,1.19,0.88,0.00,0,3550841,3856971,1518726448000,1381739120000,-816831840,1741589536,1989409072,-247819536,3333427856,3902440160,-569012304,4272132992,4199877568,72255424,4047003696,3302427280,744576416,-6.01,-1.82,-4.19,0.53,5.48,0,11,3,8,0,0,0,12.27,0.00,0.00,0.00,,0.00,,0.00,EastMoney,2026-06-02T19:22:28+08:00
BK0870,2026-06-02T00:00:00Z,157891,155040,157900,154507,158206,-3166,-2.00,5504253,13080049302,1.18,0.82,0.00,0,2454313,3049940,1501685136000,1053629248000,-1008132752,936686272,1454020896,-517334624,3000894080,3491692208,-490798128,4788123136,4555361792,232761344,4145664832,3370293296,775371536,-7.71,-3.96,-3.75,1.78,5.93,0,49,7,41,1,0,0,39.39,0.00,0.00,0.00,,0.00,,0.00,EastMoney,2026-06-02T19:22:28+08:00
BK0872,2026-06-02T00:00:00Z,187377,185114,187484,184586,187510,-2396,-1.28,1329057,2924221861,1.13,0.89,0.00,0,641575,687481,292214480000,267828951000,-41738735,196567725,227112732,-30545007,646297072,657490800,-11193728,954530112,934077424,20452688,1088827792,1067541728,21286064,-1.43,-1.04,-0.38,0.70,0.73,0,11,3,8,0,0,0,16.87,0.00,0.00,0.00,,0.00,,0.00,EastMoney,2026-06-02T19:22:28+08:00
BK0873,2026-06-02T00:00:00Z,168530,167063,168668,165452,168432,-1369,-0.81,22891095,19083394037,2.36,1.10,0.00,0,11525304,11365790,903157920000,811019936000,-10610656,1516083168,1481279936,34803232,4413668352,4459082240,-45413888,6061111040,5935495424,125615616,6755087616,6870103552,-115015936,-0.06,0.18,-0.24,0.66,-0.60,0,97,24,69,4,0,0,34.22,0.00,0.00,0.00,,0.00,,0.00,EastMoney,2026-06-02T19:22:28+08:00
BK0875,2026-06-02T00:00:00Z,188472,187722,189135,184604,188338,-616,-0.33,12094315,20235345607,3.42,0.90,0.00,0,5757863,6336452,424179968000,406412592000,159392288,3329512560,2986007120,343505440,5107645696,5291758848,-184113152,6105471744,6196779776,-91308032,5419115776,5487337984,-68222208,0.79,1.70,-0.91,-0.45,-0.34,0,43,10,32,1,0,0,735.38,0.00,0.00,0.00,,0.00,,0.00,EastMoney,2026-06-02T19:22:28+08:00
BK0877,2026-06-02T00:00:00Z,430740,441339,442640,422952,431304,10035,2.33,53101896,256444525584,5.78,0.90,0.00,0,27213071,25888825,5572809728000,4725235712000,3979364352,51935332352,46721980672,5213351680,66562948608,67796935936,-1233987328,73486041088,77825622016,-4339580928,59236447744,58783104256,453343488,1.55,2.03,-0.48,-1.69,0.18,0,149,98,45,6,0,0,126.60,0.00,0.00,0.00,,0.00,,0.00,EastMoney,2026-06-02T19:22:28+08:00
BK0879,2026-06-02T00:00:00Z,176572,175639,176640,174348,176578,-939,-0.53,606552317,1002708265428,1.38,0.94,0.00,0,290421460,316130856,66160355328000,55364068608000,9027313664,188176617472,171992936448,16183681024,248901337088,256057704448,-7156367360,296776216576,309118205952,-12341989376,252298584064,248983908352,3314675712,0.90,1.61,-0.71,-1.23,0.33,0,1049,297,724,28,0,0,15.57,0.00,0.00,0.00,,0.00,,0.00,EastMoney,2026-06-02T19:22:28+08:00
BK0880,2026-06-02T00:00:00Z,196741,196492,198223,191596,197101,-609,-0.31,37026088,34965781788,7.56,0.78,0.00,0,19244311,17781777,542637200000,511948512000,-46420736,7998666240,7519734272,478931968,8573177600,9098530304,-525352704,9647613696,9949861376,-302247680,8066683648,7718015232,348668416,-0.13,1.37,-1.50,-0.86,1.00,0,19,5,13,1,0,0,65.90,0.00,0.00,0.00,,0.00,,0.00,EastMoney,2026-06-02T19:22:28+08:00
BK0881,2026-06-02T00:00:00Z,183186,185419,186614,181297,182953,2466,1.35,10422666,30833981486,4.78,0.78,0.00,0,5054511,5368155,518286240000,495641024000,-19961088,6133367808,6282241024,-148873216,8364990976,8236078848,128912128,9313108224,9119492864,193615360,6421585920,6595240192,-173654272,-0.06,-0.48,0.42,0.63,-0.56,0,15,10,5,0,0,0,187.24,0.00,0.00,0.00,,0.00,,0.00,EastMoney,2026-06-02T19:22:28+08:00
BK0882,2026-06-02T00:00:00Z,115592,113373,115747,112614,115823,-2450,-2.12,9163020,7799468783,1.75,1.01,0.00,0,3861367,5301653,707873376000,604627536000,-504344112,768224576,1052701200,-284476624,1632056912,1851924400,-219867488,2464641856,2399677248,64964608,2823657760,2385107552,438550208,-6.47,-3.65,-2.82,0.83,5.62,0,36,3,33,0,0,0,88.39,0.00,0.00,0.00,,0.00,,0.00,EastMoney,2026-06-02T19:22:28+08:00
BK0883,2026-06-02T00:00:00Z,179739,177384,179769,174308,179423,-2039,-1.14,16891720,27644329350,2.02,0.85,0.00,0,7549793,9341927,1010856896000,969213040000,-56100224,3113746064,2891402256,222343808,6388922880,6667366912,-278444032,9861426944,10127698688,-266271744,7839798528,7518951168,320847360,-0.20,0.80,-1.01,-0.96,1.16,0,82,16,64,2,0,0,-55.01,0.00,0.00,0.00,,0.00,,0.00,EastMoney,2026-06-02T19:22:28+08:00
BK0884,2026-06-02T00:00:00Z,487874,488784,493114,478388,486255,2529,0.52,18142767,87084129800,4.84,0.77,0.00,0,8933924,9208843,2196390240000,1917808352000,-1045569024,13639923712,13856324352,-216400640,22260468992,23089637376,-829168384,30128475904,30367679744,-239203840,19603681024,18293895424,1309785600,-1.20,-0.25,-0.95,-0.27,1.50,0,96,46,50,0,0,0,97.35,0.00,0.00,0.00,,0.00,,0.00,EastMoney,2026-06-02T19:22:28+08:00
BK0885,2026-06-02T00:00:00Z,122640,121533,123021,118941,121902,-369,-0.30,4297245,10206685256,2.99,0.88,0.00,0,2012585,2284660,348458944000,306419200000,76067920,1222620720,1141744848,80875872,2392016016,2396823968,-4807952,3308114240,3381730640,-73616400,3129435712,3131887232,-2451520,0.75,0.79,-0.05,-0.72,-0.02,0,19,8,11,0,0,0,264.21,0.00,0.00,0.00,,0.00,,0.00,EastMoney,2026-06-02T19:22:28+08:00
BK0886,2026-06-02T00:00:00Z,146955,144262,147158,142479,146464,-2202,-1.50,13879296,21739586188,2.70,1.00,0.00,0,6327696,7551600,680323056000,615778784000,-582758752,1240186848,1570819648,-330632800,4485574912,4737700864,-252125952,7355216384,7153280768,201935616,8130594048,7741452544,389141504,-2.68,-1.52,-1.16,0.93,1.79,0,86,15,71,0,0,0,-97.68,0.00,0.00,0.00,,0.00,,0.00,EastMoney,2026-06-02T19:22:28+08:00
BK0887,2026-06-02T00:00:00Z,74163,72397,74422,71986,74534,-2137,-2.87,3009496,3066051680,1.12,1.08,0.00,0,1222458,1787038,327489824000,305844656000,-150332001,154345903,195293440,-40947537,553670512,663054976,-109384464,1049465152,1011473968,37991184,1252778368,1140437552,112340816,-4.90,-1.34,-3.57,1.24,3.66,0,20,0,20,0,0,0,92.60,0.00,0.00,0.00,,0.00,,0.00,EastMoney,2026-06-02T19:22:28+08:00
BK0888,2026-06-02T00:00:00Z,238299,234233,238309,232972,238391,-4158,-1.74,13091255,11449975655,1.89,0.84,0.00,0,5589956,7501299,728673264000,667261792000,-451737136,714021616,885584544,-171562928,2334383312,2614557520,-280174208,3862219872,3488107760,374112112,4263741888,4213028576,50713312,-3.95,-1.50,-2.45,3.27,0.44,0,85,5,78,2,0,0,24.70,0.00,0.00,0.00,,0.00,,0.00,EastMoney,2026-06-02T19:22:28+08:00
BK0889,2026-06-02T00:00:00Z,176555,174341,176654,173089,176629,-2288,-1.30,39794255,31733002545,3.76,0.77,0.00,0,19795237,19999018,1086357296000,983258272000,77430272,6971279104,6643393024,327886080,7690138624,7940594432,-250455808,9324236288,9502023936,-177787648,7053324288,6967803648,85520640,0.24,1.03,-0.79,-0.56,0.27,0,76,13,61,2,0,0,43.90,0.00,0.00,0.00,,0.00,,0.00,EastMoney,2026-06-02T19:22:28+08:00
BK0890,2026-06-02T00:00:00Z,535478,587623,590126,532388,538259,49364,9.17,19186880,86219142337,12.67,1.23,0.00,0,10243173,8943707,965826944000,862091712000,3317814272,21171457024,17998643968,3172813056,23433444096,23288442880,145001216,23561663744,24818837248,-1257173504,16692542720,18753183488,-2060640768,3.85,3.68,0.17,-1.46,-2.39,0,24,24,0,0,0,0,107.47,0.00,0.00,0.00,,0.00,,0.00,EastMoney,2026-06-02T19:22:28+08:00
BK0891,2026-06-02T00:00:00Z,504022,504978,509861,492079,503178,1800,0.36,154992099,601449375869,4.79,0.81,0.00,0,78118100,76873999,16749667072000,13580797440000,1632260096,121195651072,114619228160,6576422912,166036385792,170980548608,-4944162816,188376514560,191690919936,-3314405376,116625334272,114926653440,1698680832,0.27,1.09,-0.82,-0.55,0.28,0,375,164,201,10,0,0,75.74,0.00,0.00,0.00,,0.00,,0.00,EastMoney,2026-06-02T19:22:28+08:00
BK0892,2026-06-02T00:00:00Z,105368,103125,105466,102447,105689,-2564,-2.43,4445136,4555269857,1.47,0.99,0.00,0,1890413,2554723,411248592000,388777296000,-182003280,285479376,352738640,-67259264,887434032,1002178048,-114744016,1547250640,1463266176,83984464,1721795904,1635373200,86422704,-4.00,-1.48,-2.52,1.84,1.90,0,31,0,31,0,0,0,27.24,0.00,0.00,0.00,,0.00,,0.00,EastMoney,2026-06-02T19:22:28+08:00
BK0893,2026-06-02T00:00:00Z,273487,276017,277823,269009,272865,3152,1.16,31878016,143927352694,4.58,0.87,0.00,0,15879123,15998894,3527513408000,3186859088000,975763968,30436564736,28440711424,1995853312,37409156864,38429246208,-1020089344,44574685184,45526463232,-951778048,28708275456,28602122496,106152960,0.68,1.39,-0.71,-0.66,0.07,0,81,40,40,1,0,0,52.48,0.00,0.00,0.00,,0.00,,0.00,EastMoney,2026-06-02T19:22:28+08:00
BK0894,2026-06-02T00:00:00Z,184809,181168,184809,180719,184797,-3629,-1.96,2568077,3065969047,1.78,0.94,0.00,0,1046809,1521268,240835020000,206774203000,-76526737,189591487,279836256,-90244769,764199296,750481264,13718032,1047265728,1001703264,45562464,1021578576,990614320,30964256,-2.50,-2.94,0.45,1.49,1.01,0,21,2,19,0,0,0,36.13,0.00,0.00,0.00,,0.00,,0.00,EastMoney,2026-06-02T19:22:28+08:00
BK0895,2026-06-02T00:00:00Z,182131,179474,182246,178890,182289,-2815,-1.54,3870962,5250927053,1.27,0.86,0.00,0,1748175,2122787,450465264000,424127824000,-171717280,332033872,434836128,-102802256,1150454912,1219369936,-68915024,1740069200,1671822448,68246752,1951197392,1848552560,102644832,-3.27,-1.96,-1.31,1.30,1.95,0,32,6,26,0,0,0,20.57,0.00,0.00,0.00,,0.00,,0.00,EastMoney,2026-06-02T19:22:28+08:00
BK0896,2026-06-02T00:00:00Z,202163,199411,202569,198746,202221,-2810,-1.39,10112867,19156224230,1.57,0.85,0.00,0,4496178,5616689,2803898944000,2785415424000,-771720880,2239771632,2473055648,-233284016,4539568896,5078005760,-538436864,7141928704,6601280768,540647936,4879668480,4648595712,231072768,-4.03,-1.22,-2.81,2.82,1.21,0,47,7,40,0,0,0,30.90,0.00,0.00,0.00,,0.00,,0.00,EastMoney,2026-06-02T19:22:28+08:00
BK0897,2026-06-02T00:00:00Z,137199,137255,138574,134721,136629,626,0.46,8316218,19110341527,1.63,0.82,0.00,0,4273972,4042245,603264144000,563415600000,1306228000,3527151776,2552323712,974828064,4938300416,4606900480,331399936,5699947776,6207136768,-507188992,4693133312,5492172288,-799038976,6.84,5.10,1.73,-2.65,-4.18,0,13,6,5,2,0,0,112.00,0.00,0.00,0.00,,0.00,,0.00,EastMoney,2026-06-02T19:22:28+08:00
BK0898,2026-06-02T00:00:00Z,245493,244454,246563,240676,245113,-659,-0.27,5285365,10607395072,2.86,0.85,0.00,0,2525860,2759505,368700416000,354279072000,265991776,1180836560,1003577424,177259136,2689860128,2601127488,88732640,3447593424,3466343696,-18750272,3130712272,3377953776,-247241504,2.51,1.67,0.84,-0.18,-2.33,0,28,11,16,1,0,0,31.68,0.00,0.00,0.00,,0.00,,0.00,EastMoney,2026-06-02T19:22:28+08:00
BK0899,2026-06-02T00:00:00Z,170177,167256,170182,165952,170181,-2925,-1.72,3376540,10480125943,1.93,0.88,0.00,0,1612788,1763752,677259792000,575292736000,-290882144,882602608,1102137696,-219535088,2404903872,2476250928,-71347056,3475300496,3397759616,77540880,3568175616,3358508144,209667472,-2.78,-2.09,-0.68,0.74,2.00,0,38,5,33,0,0,0,23.28,0.00,0.00,0.00,,0.00,,0.00,EastMoney,2026-06-02T19:22:28+08:00
BK0900,2026-06-02T00:00:00Z,268327,268424,269635,262762,267885,539,0.20,176822122,503477884781,3.06,0.89,0.00,0,86570921,90251201,17321144064000,14628402688000,8526290944,92834406400,80238280704,12596125696,125136474112,129206308864,-4069834752,147996430336,156126859264,-8130428928,127528345600,127641427968,-113082368,1.69,2.50,-0.81,-1.61,-0.02,0,679,278,394,7,0,0,35.47,0.00,0.00,0.00,,0.00,,0.00,EastMoney,2026-06-02T19:22:28+08:00
BK0901,2026-06-02T00:00:00Z,193244,196797,198320,191889,193492,3305,1.71,7029589,28850822263,4.49,0.83,0.00,0,3540412,3489177,827698032000,810051488000,192302592,6658709248,5913803008,744906240,7227749120,7780352768,-552603648,8331390208,8422140928,-90750720,6200915712,6302467328,-101551616,0.67,2.58,-1.92,-0.31,-0.35,0,9,7,2,0,0,0,39.13,0.00,0.00,0.00,,0.00,,0.00,EastMoney,2026-06-02T19:22:28+08:00
BK0902,2026-06-02T00:00:00Z,279185,281525,283276,273616,278795,2730,0.98,62866718,98255270607,5.59,0.72,0.00,0,31428052,31438666,1956029984000,1686064608000,1609784320,24223100672,21476136704,2746963968,23662306816,24799486464,-1137179648,26511958528,28253330688,-1741372160,21882618368,21751030528,131587840,1.64,2.80,-1.16,-1.77,0.13,0,66,35,28,3,0,0,171.03,0.00,0.00,0.00,,0.00,,0.00,EastMoney,2026-06-02T19:22:28+08:00
BK0905,2026-06-02T00:00:00Z,236162,235908,237694,230456,235884,24,0.01,30148065,105483155075,4.66,0.76,0.00,0,14818855,15329210,2617749584000,2064477152000,-155088896,18400898048,18647189504,-246291456,27174642944,27083440384,91202560,35007410944,34926660864,80750080,22999262720,22885041920,114220800,-0.15,-0.23,0.09,0.08,0.11,0,123,54,69,0,0,0,67.02,0.00,0.00,0.00,,0.00,,0.00,EastMoney,2026-06-02T19:22:28+08:00
BK0906,2026-06-02T00:00:00Z,159704,156828,159797,156499,159860,-3032,-1.90,13905564,18099572403,1.35,0.87,0.00,0,5963265,7942298,1373656736000,1252790448000,-879132320,1295835584,1818331760,-522496176,3894181360,4250817504,-356636144,6015195648,5738432256,276763392,6629635072,6027266304,602368768,-4.86,-2.89,-1.97,1.53,3.33,0,123,17,104,2,0,0,34.77,0.00,0.00,0.00,,0.00,,0.00,EastMoney,2026-06-02T19:22:28+08:00
BK0907,2026-06-02T00:00:00Z,140158,138270,140158,137520,139295,-1025,-0.74,7139793,3369768624,4.19,2.17,0.00,0,3920563,3219230,135008714000,106409190000,-46077993,119298118,173800831,-54502713,1012057072,1003632352,8424720,1044206080,1022536240,21669840,1052296112,1041833968,10462144,-1.37,-1.62,0.25,0.64,0.31,0,17,2,14,1,0,0,-66.46,0.00,0.00,0.00,,0.00,,0.00,EastMoney,2026-06-02T19:22:28+08:00
BK0908,2026-06-02T00:00:00Z,324602,318326,325072,313693,323673,-5347,-1.65,22526438,31343462413,4.03,1.00,0.00,0,9939533,12586905,788023440000,702843952000,-1665298768,4222783920,5133638656,-910854736,7106771456,7861215488,-754444032,10555515392,10800324352,-244808960,8917134592,7008622848,1908511744,-5.31,-2.91,-2.41,-0.78,6.09,0,40,7,33,0,0,0,-25.77,0.00,0.00,0.00,,0.00,,0.00,EastMoney,2026-06-02T19:22:28+08:00
BK0909,2026-06-02T00:00:00Z,208212,207710,208458,204095,208249,-539,-0.26,18247909,19765495163,2.40,0.93,0.00,0,8746791,9501117,834449776000,764995888000,216923040,1810723216,1614244080,196479136,4574996224,4554552320,20443904,6602338048,6506013440,96324608,6449675264,6763587328,-313912064,1.10,0.99,0.10,0.49,-1.59,0,64,21,43,0,0,0,44.76,0.00,0.00,0.00,,0.00,,0.00,EastMoney,2026-06-02T19:22:28+08:00
BK0910,2026-06-02T00:00:00Z,367149,364305,367421,357770,366752,-2447,-0.67,24295895,53716266484,2.40,0.90,0.00,0,11535096,12760799,1819749904000,1542379456000,-329033728,6518973440,6711979264,-193005824,13148768256,13284796160,-136027904,16840065536,16981354496,-141288960,16194733824,15713009920,481723904,-0.61,-0.36,-0.25,-0.26,0.90,0,203,55,143,5,0,0,61.08,0.00,0.00,0.00,,0.00,,0.00,EastMoney,2026-06-02T19:22:28+08:00
BK0914,2026-06-02T00:00:00Z,138614,137335,138686,135999,138420,-1085,-0.78,6131570,4385057766,2.04,1.02,0.00,0,3006361,3125209,228519106000,204137516000,-14530496,317417024,328031856,-10614832,973023776,976939440,-3915664,1410572656,1365663008,44909648,1573518512,1603510816,-29992304,-0.33,-0.24,-0.09,1.02,-0.68,0,32,9,22,1,0,0,47.99,0.00,0.00,0.00,,0.00,,0.00,EastMoney,2026-06-02T19:22:28+08:00
BK0915,2026-06-02T00:00:00Z,165092,165405,166935,161989,165337,68,0.04,8003694,31529287744,1.70,0.76,0.00,0,4070759,3932935,820726832000,749297872000,-279622656,4637703424,4954077184,-316373760,7955605248,7918854144,36751104,9653986560,9782013184,-128026624,8788928256,8379428864,409499392,-0.89,-1.00,0.12,-0.41,1.30,0,31,14,16,1,0,0,54.81,0.00,0.00,0.00,,0.00,,0.00,EastMoney,2026-06-02T19:22:28+08:00
BK0916,2026-06-02T00:00:00Z,208017,206896,209719,202454,207772,-876,-0.42,19698777,60768792235,5.40,0.65,0.00,0,9679710,10019067,1472334944000,1399137952000,-1056713472,8176195584,8578906880,-402711296,14850401536,15504403712,-654002176,21308301824,21319676928,-11375104,15578559232,14510470400,1068088832,-1.74,-0.66,-1.08,-0.02,1.76,0,47,17,27,3,0,0,-216.18,0.00,0.00,0.00,,0.00,,0.00,EastMoney,2026-06-02T19:22:28+08:00
BK0917,2026-06-02T00:00:00Z,294306,297357,300122,288657,293814,3543,1.21,162057899,687487494172,4.75,0.83,0.00,0,80623964,81433934,18802964992000,14092193280000,-2777014272,131658330112,128264302592,3394027520,191093092352,197264134144,-6171041792,218891694080,222048727040,-3157032960,133708341248,127487221760,6221119488,-0.40,0.49,-0.90,-0.46,0.90,0,485,242,234,9,0,0,125.97,0.00,0.00,0.00,,0.00,,0.00,EastMoney,2026-06-02T19:22:28+08:00
BK0918,2026-06-02T00:00:00Z,312799,312984,314453,304247,313695,-711,-0.23,39381455,93175492625,2.90,0.94,0.00,0,18761054,20620401,2330822160000,2108664928000,1951744512,20506120192,17133299712,3372820480,22315709184,23736785152,-1421075968,25515502592,28299107328,-2783604736,23481570048,22489393408,992176640,2.09,3.62,-1.53,-2.99,1.06,0,88,29,59,0,0,0,39.34,0.00,0.00,0.00,,0.00,,0.00,EastMoney,2026-06-02T19:22:28+08:00
BK0920,2026-06-02T00:00:00Z,156133,155265,156270,152714,155920,-655,-0.42,53120700,136441028311,2.36,0.94,0.00,0,26119108,27001592,6438487296000,5482461696000,3136367104,24219044608,20856922112,3362122496,33585388288,33811143680,-225755392,40466560256,42224358144,-1757797888,35809567744,37178078464,-1368510720,2.30,2.46,-0.17,-1.29,-1.00,0,217,68,143,6,0,0,43.74,0.00,0.00,0.00,,0.00,,0.00,EastMoney,2026-06-02T19:22:28+08:00
BK0921,2026-06-02T00:00:00Z,215848,215074,217078,209119,215256,-182,-0.08,28741844,86745760272,1.66,0.85,0.00,0,14756947,13984897,2760639824000,2372896688000,240109568,14714882560,13398614784,1316267776,20963879168,22040037376,-1076158208,25726691072,26834025984,-1107334912,24033215744,23191242240,841973504,0.28,1.52,-1.24,-1.28,0.97,0,92,32,58,2,0,0,62.21,0.00,0.00,0.00,,0.00,,0.00,EastMoney,2026-06-02T19:22:28+08:00
BK0922,2026-06-02T00:00:00Z,230191,228685,230409,223105,229775,-1090,-0.47,89503360,251422630171,2.42,0.91,0.00,0,43365647,46137713,10402311424000,7280057856000,284399872,46285839872,42613748992,3672090880,67907874816,71295565824,-3387691008,73518133248,75171975168,-1653841920,59024404736,57510772224,1513632512,0.11,1.46,-1.35,-0.66,0.60,0,252,83,163,6,0,0,33.32,0.00,0.00,0.00,,0.00,,0.00,EastMoney,2026-06-02T19:22:28+08:00
BK0923,2026-06-02T00:00:00Z,157960,155588,157960,152711,157655,-2067,-1.31,38163149,83166672203,4.53,1.00,0.00,0,17170126,20993023,2331032512000,1868910608000,-1950277632,11726638848,13152897792,-1426258944,21585583104,22109601792,-524018688,28229503488,28105630208,123873280,19982125312,18132980480,1849144832,-2.35,-1.71,-0.63,0.15,2.22,0,90,24,63,3,0,0,297.80,0.00,0.00,0.00,,0.00,,0.00,EastMoney,2026-06-02T19:22:28+08:00
BK0924,2026-06-02T00:00:00Z,198150,195643,198355,194417,198060,-2417,-1.22,8913314,8749815110,2.22,0.81,0.00,0,4137281,4776033,482931392000,442792688000,17950592,818953552,776506976,42446576,2065603344,2090099328,-24495984,2820170496,2850321072,-30150576,2887327200,2875127200,12200000,0.21,0.49,-0.28,-0.34,0.14,0,30,9,21,0,0,0,28.70,0.00,0.00,0.00,,0.00,,0.00,EastMoney,2026-06-02T19:22:28+08:00
BK0925,2026-06-02T00:00:00Z,235335,232822,235395,229687,235960,-3138,-1.33,11828798,17091487319,4.16,1.23,0.00,0,5574003,6254796,368390352000,327556496000,-111960208,2286536800,2119577600,166959200,3913314656,4192234064,-278919408,5413852928,5329105408,84747520,5155968768,5128756224,27212544,-0.66,0.98,-1.63,0.50,0.16,0,25,4,21,0,0,0,55.98,0.00,0.00,0.00,,0.00,,0.00,EastMoney,2026-06-02T19:22:28+08:00
BK0926,2026-06-02T00:00:00Z,251036,252351,253886,246954,251548,803,0.32,8103358,41272654413,3.24,0.85,0.00,0,4004387,4098971,751962304000,710855680000,1616083200,9032131840,8122382592,909749248,10787631616,10081297664,706333952,12056007680,13013448448,-957440768,8776090112,9434732288,-658642176,3.92,2.20,1.71,-2.32,-1.60,0,28,11,17,0,0,0,130.29,0.00,0.00,0.00,,0.00,,0.00,EastMoney,2026-06-02T19:22:28+08:00
BK0927,2026-06-02T00:00:00Z,123611,121238,123668,120767,123870,-2632,-2.12,5893768,7074840400,0.82,0.93,0.00,0,2541088,3352680,658199296000,599371248000,-449449120,634463472,978998720,-344535248,1570878208,1675792080,-104913872,2349757872,2138190336,211567536,2403399008,2165517424,237881584,-6.35,-4.87,-1.48,2.99,3.36,0,18,0,17,1,0,0,24.25,0.00,0.00,0.00,,0.00,,0.00,EastMoney,2026-06-02T19:22:28+08:00
BK0932,2026-06-02T00:00:00Z,211972,212594,213433,207543,211961,633,0.30,7304059,16115796116,3.52,0.91,0.00,0,3645720,3658339,369432896000,343446496000,501148480,2131750096,1630186320,501563776,3762934944,3763350240,-415296,5000252416,5212833024,-212580608,4985274624,5274554880,-289280256,3.11,3.11,0.00,-1.32,-1.80,0,35,13,20,2,0,0,111.93,0.00,0.00,0.00,,0.00,,0.00,EastMoney,2026-06-02T19:22:28+08:00
BK0933,2026-06-02T00:00:00Z,127132,125844,127991,124937,127430,-1586,-1.24,3292206,2692521027,1.87,0.90,0.00,0,1371505,1920701,149424637000,145649749000,-126514907,259843957,269459792,-9615835,511287120,628186192,-116899072,847670976,841518624,6152352,1012303136,891940592,120362544,-4.70,-0.36,-4.34,0.23,4.47,0,12,1,11,0,0,0,229.60,0.00,0.00,0.00,,0.00,,0.00,EastMoney,2026-06-02T19:22:28+08:00
BK0935,2026-06-02T00:00:00Z,242693,244036,247136,237977,241672,2364,0.98,23883804,146367913318,4.68,0.78,0.00,0,11775038,12108766,4285214928000,3222272864000,-2708292096,27047938816,28168073472,-1120134656,41127511040,42715668480,-1588157440,50342367488,50085343488,257024000,25576584704,23107608576,2468976128,-1.85,-0.77,-1.09,0.18,1.69,0,66,40,24,2,0,0,129.09,0.00,0.00,0.00,,0.00,,0.00,EastMoney,2026-06-02T19:22:28+08:00
BK0936,2026-06-02T00:00:00Z,107556,106466,107663,105424,107954,-1488,-1.38,3479210,3183317576,3.10,0.95,0.00,0,1591198,1888011,144145015000,121155377000,-59856766,197136490,248754584,-51618094,791823184,800061856,-8238672,1087096048,1046806720,40289328,1045374272,1028677456,16696816,-1.88,-1.62,-0.26,1.27,0.52,0,15,4,11,0,0,0,67.32,0.00,0.00,0.00,,0.00,,0.00,EastMoney,2026-06-02T19:22:28+08:00
BK0937,2026-06-02T00:00:00Z,76299,75469,76306,74618,76329,-860,-1.13,23510068,41793783674,0.75,0.95,0.00,0,11006706,12503362,5761482240000,4842698752000,634069248,8484132608,6709878272,1774254336,11436705024,12576890112,-1140185088,12685880064,14142627584,-1456747520,8128995072,7306316800,822678272,1.52,4.25,-2.73,-3.49,1.97,0,61,11,49,1,0,0,10.52,0.00,0.00,0.00,,0.00,,0.00,EastMoney,2026-06-02T19:22:28+08:00
BK0938,2026-06-02T00:00:00Z,112772,111730,113178,111189,113118,-1388,-1.23,2107855,5612785415,2.12,0.88,0.00,0,973645,1134210,169514012000,164697224000,350846128,1447022272,1044249552,402772720,1339679728,1391606320,-51926592,1489871104,1595051872,-105180768,1274362208,1520027552,-245665344,6.25,7.18,-0.93,-1.87,-4.38,0,15,3,12,0,0,0,27.59,0.00,0.00,0.00,,0.00,,0.00,EastMoney,2026-06-02T19:22:28+08:00
BK0939,2026-06-02T00:00:00Z,105887,104442,105946,103713,106036,-1594,-1.50,8256284,10784149867,1.98,0.90,0.00,0,3650501,4605782,532409904000,479801520000,-360397168,793009008,1085497088,-292488080,2526105536,2594014624,-67909088,3496144896,3482046864,14098032,3796222000,3449922864,346299136,-3.34,-2.71,-0.63,0.13,3.21,0,54,9,44,1,0,0,40.97,0.00,0.00,0.00,,0.00,,0.00,EastMoney,2026-06-02T19:22:28+08:00
BK0940,2026-06-02T00:00:00Z,75474,73993,75474,73392,75460,-1467,-1.94,46734751,45691871611,2.92,0.90,0.00,0,20243700,26491051,1573150304000,1391720864000,-3375900000,4083536544,5774134784,-1690598240,9798674944,11483976704,-1685301760,15271211520,14459440384,811771136,15633901056,13070121728,2563779328,-7.39,-3.70,-3.69,1.78,5.61,0,133,16,115,2,0,0,56.44,0.00,0.00,0.00,,0.00,,0.00,EastMoney,2026-06-02T19:22:28+08:00
BK0943,2026-06-02T00:00:00Z,138168,137947,138422,135462,137896,51,0.04,4575203,4674675497,1.49,0.88,0.00,0,2212334,2362869,263137814000,216115709000,79788704,511641056,445767424,65873632,1039329664,1025414592,13915072,1432560896,1426083776,6477120,1615809808,1703365984,-87556176,1.71,1.41,0.30,0.14,-1.87,0,18,8,10,0,0,0,-48.95,0.00,0.00,0.00,,0.00,,0.00,EastMoney,2026-06-02T19:22:28+08:00
BK0944,2026-06-02T00:00:00Z,85241,84101,85241,83966,85389,-1288,-1.51,1399291,1829576022,0.91,0.92,0.00,0,599461,799830,196802403000,177737950000,-54308528,133013673,167211721,-34198048,429053856,449164336,-20110480,613552784,639173792,-25621008,629776976,549847440,79929536,-2.97,-1.87,-1.10,-1.40,4.37,0,13,1,12,0,0,0,28.67,0.00,0.00,0.00,,0.00,,0.00,EastMoney,2026-06-02T19:22:28+08:00
BK0945,2026-06-02T00:00:00Z,114058,111909,114076,111090,113789,-1880,-1.65,32372655,20258256821,1.58,1.05,0.00,0,14433967,17938688,1334538160000,1149343536000,-1202807584,1959773760,2594274832,-634501072,4236455344,4804761856,-568306512,6211483136,5986220288,225262848,7330872064,6342079232,988792832,-5.94,-3.13,-2.81,1.11,4.88,0,89,14,74,1,0,0,-66.79,0.00,0.00,0.00,,0.00,,0.00,EastMoney,2026-06-02T19:22:28+08:00
BK0946,2026-06-02T00:00:00Z,161216,160867,162887,157819,161044,-177,-0.11,2278099,10089581826,2.33,0.72,0.00,0,1131400,1146699,271448272000,253584081000,-94485024,1130722176,1167095216,-36373040,2539732880,2597844864,-58111984,3362365264,3345315552,17049712,2914134368,2836699056,77435312,-0.94,-0.36,-0.58,0.17,0.77,0,12,5,6,1,0,0,-121.03,0.00,0.00,0.00,,0.00,,0.00,EastMoney,2026-06-02T19:22:28+08:00
BK0947,2026-06-02T00:00:00Z,96762,97567,97924,95166,97357,210,0.22,43300510,29174587311,6.35,0.73,0.00,0,22092312,21208198,550104544000,509056528000,509897984,7406105088,6731948032,674157056,7205457920,7369716992,-164259072,7844827392,7986204416,-141377024,6144233728,6512754432,-368520704,1.75,2.31,-0.56,-0.48,-1.26,0,9,6,3,0,0,0,46.84,0.00,0.00,0.00,,0.00,,0.00,EastMoney,2026-06-02T19:22:28+08:00
BK0948,2026-06-02T00:00:00Z,157070,158703,159566,154255,156240,2463,1.58,52039318,50235618420,5.87,0.70,0.00,0,26484891,25554427,954587952000,826568656000,-87510016,10563766016,10517898240,45867776,12680043264,12813421056,-133377792,14182696960,14308751872,-126054912,11834325760,11620760832,213564928,-0.17,0.09,-0.27,-0.25,0.43,0,34,19,12,3,0,0,479.37,0.00,0.00,0.00,,0.00,,0.00,EastMoney,2026-06-02T19:22:28+08:00
BK0949,2026-06-02T00:00:00Z,280935,278462,281453,272071,279634,-1172,-0.42,2922526,7034112903,2.55,0.47,0.00,0,1355792,1566734,247129209000,210816927000,-231571552,481066896,503360080,-22293184,1399191120,1608469488,-209278368,2354959248,2443622144,-88662896,2682951376,2362716912,320234464,-3.29,-0.32,-2.98,-1.26,4.55,0,16,6,10,0,0,0,53.78,0.00,0.00,0.00,,0.00,,0.00,EastMoney,2026-06-02T19:22:28+08:00
BK0950,2026-06-02T00:00:00Z,173723,171775,174521,170588,173520,-1745,-1.01,3180781,3191657177,1.58,1.00,0.00,0,1385737,1795044,186880448000,181281597000,-90775984,199028944,268765216,-69736272,691375504,712415216,-21039712,1083205680,983589904,99615776,1173483760,1182323552,-8839792,-2.84,-2.18,-0.66,3.12,-0.28,0,13,2,11,0,0,0,37.04,0.00,0.00,0.00,,0.00,,0.00,EastMoney,2026-06-02T19:22:28+08:00
BK0951,2026-06-02T00:00:00Z,368451,366115,369211,358895,367400,-1285,-0.35,3550732,14858941657,3.18,0.91,0.00,0,1735264,1815468,1108263024000,533266656000,1302956880,2375205008,1411514464,963690544,3764448720,3425182384,339266336,4369687808,5135160576,-765472768,4017008688,4554492672,-537483984,8.77,6.49,2.28,-5.15,-3.62,0,12,3,9,0,0,0,35.93,0.00,0.00,0.00,,0.00,,0.00,EastMoney,2026-06-02T19:22:28+08:00
BK0952,2026-06-02T00:00:00Z,259430,260538,263264,253529,259035,1503,0.58,39148319,143119134785,5.13,0.74,0.00,0,18992298,20156021,3291514672000,2885019408000,905900032,26666264320,22918490368,3747773952,34658194944,37500068864,-2841873920,43663108608,46796983040,-3133874432,35636799744,33306528000,2330271744,0.63,2.62,-1.99,-2.19,1.63,0,109,49,57,3,0,0,-2403.96,0.00,0.00,0.00,,0.00,,0.00,EastMoney,2026-06-02T19:22:28+08:00
BK0953,2026-06-02T00:00:00Z,157542,156037,157671,153656,157176,-1139,-0.72,32825224,63467610675,3.38,0.95,0.00,0,15275205,17550019,2466612864000,2068270496000,-2482731008,7167988736,8535486720,-1367497984,14996282368,16111515392,-1115233024,20423717376,19821216768,602500608,19470920960,17555814400,1915106560,-3.91,-2.15,-1.76,0.95,3.02,0,124,26,96,2,0,0,35.20,0.00,0.00,0.00,,0.00,,0.00,EastMoney,2026-06-02T19:22:28+08:00
BK0954,2026-06-02T00:00:00Z,150263,145134,150263,144185,150275,-5141,-3.42,2611598,3961597063,3.77,0.94,0.00,0,1074831,1536767,121359303000,95150178000,-203150599,213311385,312518192,-99206807,854410288,958354080,-103943792,1381908880,1335316464,46592416,1442299088,1285740912,156558176,-5.13,-2.50,-2.62,1.18,3.95,0,12,1,11,0,0,0,225.84,0.00,0.00,0.00,,0.00,,0.00,EastMoney,2026-06-02T19:22:28+08:00
BK0955,2026-06-02T00:00:00Z,144907,142914,145204,141664,144637,-1723,-1.19,8053458,8120487478,2.02,0.93,0.00,0,3730549,4322909,297183744000,271664432000,-4743728,595026416,587589936,7436480,1737901056,1750081264,-12180208,2683113088,2586748832,96364256,2953256304,3044876816,-91620512,-0.06,0.09,-0.15,1.19,-1.13,0,37,8,29,0,0,0,66.14,0.00,0.00,0.00,,0.00,,0.00,EastMoney,2026-06-02T19:22:28+08:00
BK0957,2026-06-02T00:00:00Z,172879,169339,173038,166904,172515,-3176,-1.84,5784081,8960552844,3.54,1.00,0.00,0,2665148,3118934,215735866000,185347521000,-248794624,598221632,718350896,-120129264,1828537264,1957202624,-128665360,2926119568,2906734752,19384816,3298925440,3056989744,241935696,-2.78,-1.34,-1.44,0.22,2.70,0,28,7,21,0,0,0,137.48,0.00,0.00,0.00,,0.00,,0.00,EastMoney,2026-06-02T19:22:28+08:00
BK0958,2026-06-02T00:00:00Z,252094,248276,252255,243199,252396,-4120,-1.63,30627224,35936862902,2.96,1.02,0.00,0,14111800,16515424,1171714368000,1045428384000,-1740196304,2974144656,3833795680,-859651024,8203236608,9083781888,-880545280,12028674816,11670108160,358566656,12056244736,10660349184,1395895552,-4.84,-2.39,-2.45,1.00,3.88,0,72,15,56,1,0,0,38.21,0.00,0.00,0.00,,0.00,,0.00,EastMoney,2026-06-02T19:22:28+08:00
BK0959,2026-06-02T00:00:00Z,162771,161057,162822,159099,162992,-1935,-1.19,7663597,6534989173,4.10,1.12,0.00,0,3751337,3912260,186727427000,169801672000,-59951072,550910736,640599232,-89688496,1474747408,1445009984,29737424,2159472320,2086368160,73104160,2162780656,2175933760,-13153104,-0.92,-1.37,0.46,1.12,-0.20,0,19,1,17,1,0,0,52.46,0.00,0.00,0.00,,0.00,,0.00,EastMoney,2026-06-02T19:22:28+08:00
BK0960,2026-06-02T00:00:00Z,373384,375390,377525,364984,372721,2669,0.72,15685304,65294467514,3.95,0.84,0.00,0,7997939,7687365,2444013776000,1784894512000,1988203776,12769158144,10441831936,2327326208,16720013568,17059136000,-339122432,19152817920,20204631296,-1051813376,15632348928,16568739584,-936390656,3.04,3.56,-0.52,-1.61,-1.43,0,40,21,19,0,0,0,37.85,0.00,0.00,0.00,,0.00,,0.00,EastMoney,2026-06-02T19:22:28+08:00
BK0961,2026-06-02T00:00:00Z,192327,190062,192668,186107,192395,-2333,-1.21,6964769,14431577822,3.18,0.85,0.00,0,3375064,3589706,481451424000,423370592000,-308331200,1258387824,1423699888,-165312064,3384048416,3527067552,-143019136,4826648576,4613099264,213549312,4700178944,4593199616,106979328,-2.14,-1.15,-0.99,1.48,0.74,0,35,9,26,0,0,0,78.31,0.00,0.00,0.00,,0.00,,0.00,EastMoney,2026-06-02T19:22:28+08:00
BK0963,2026-06-02T00:00:00Z,268370,268204,269709,260892,267788,416,0.16,82550515,247535272308,3.19,0.91,0.00,0,40323788,42226727,6474928128000,5641252864000,-2882898944,38795171840,39191115776,-395943936,61426000384,63912955392,-2486955008,77612351488,78842630144,-1230278656,65408890880,61315137792,4093753088,-1.16,-0.16,-1.00,-0.50,1.65,0,303,110,183,10,0,0,70.68,0.00,0.00,0.00,,0.00,,0.00,EastMoney,2026-06-02T19:22:28+08:00
BK0964,2026-06-02T00:00:00Z,240023,242737,243845,235417,239505,3232,1.35,16948313,68613931843,5.27,0.93,0.00,0,9039023,7909290,3321678480000,1131635712000,4640656384,18239442432,13053823232,5185619200,16995329280,17540292096,-544962816,17674592256,20833882112,-3159289856,14719587584,16191979008,-1472391424,6.76,7.56,-0.79,-4.60,-2.15,0,36,21,13,2,0,0,22.11,0.00,0.00,0.00,,0.00,,0.00,EastMoney,2026-06-02T19:22:28+08:00
BK0965,2026-06-02T00:00:00Z,86734,84708,86764,84292,86987,-2279,-2.62,12666605,7448415440,2.57,0.78,0.00,0,5206721,7459884,506278912000,352627104000,-229165568,486314784,620557232,-134242448,1542397424,1637320544,-94923120,2409612608,2327986528,81626080,2858835424,2711295952,147539472,-3.08,-1.80,-1.27,1.10,1.98,0,38,3,35,0,0,0,109.16,0.00,0.00,0.00,,0.00,,0.00,EastMoney,2026-06-02T19:22:28+08:00
BK0966,2026-06-02T00:00:00Z,203291,201928,203455,199264,203917,-1989,-0.98,71576681,74953230990,2.13,1.04,0.00,0,33015978,38560702,2841048640000,2481187584000,-2389459456,9039489024,10520227840,-1480738816,17444280832,18353001472,-908720640,23973148928,23439610880,533538048,22781186048,20915343104,1865842944,-3.19,-1.98,-1.21,0.71,2.49,0,139,38,99,2,0,0,33.44,0.00,0.00,0.00,,0.00,,0.00,EastMoney,2026-06-02T19:22:28+08:00
BK0967,2026-06-02T00:00:00Z,88775,86200,88796,85741,88831,-2631,-2.96,3219771,2419639815,1.77,0.98,0.00,0,1312514,1907258,202804115000,197925398000,-171292516,153483420,243417168,-89933748,437024560,518383328,-81358768,809880736,773974720,35906016,991324848,855938368,135386480,-7.08,-3.72,-3.36,1.48,5.60,0,16,0,16,0,0,0,-30.17,0.00,0.00,0.00,,0.00,,0.00,EastMoney,2026-06-02T19:22:28+08:00
BK0968,2026-06-02T00:00:00Z,282114,282927,283930,275921,282167,760,0.27,66107168,211515376212,3.17,0.95,0.00,0,33001169,33105999,7293608704000,6382244608000,-1031138816,34812785920,32620034304,2192751616,53642721536,56866611968,-3223890432,64692989440,67257569280,-2564579840,54155068160,50440111616,3714956544,-0.49,1.04,-1.52,-1.21,1.76,0,211,88,122,1,0,0,39.28,0.00,0.00,0.00,,0.00,,0.00,EastMoney,2026-06-02T19:22:28+08:00
BK0969,2026-06-02T00:00:00Z,170161,170330,172622,166317,169575,755,0.45,22200600,121402966871,3.90,0.74,0.00,0,11002020,11198579,2318008656000,2189001536000,-2326947584,24749297152,26428383488,-1679086336,32151555840,32799417088,-647861248,40730037760,40158718464,571319296,22042479616,20291867392,1750612224,-1.92,-1.38,-0.53,0.47,1.44,0,70,28,40,2,0,0,367.51,0.00,0.00,0.00,,0.00,,0.00,EastMoney,2026-06-02T19:22:28+08:00
BK0970,2026-06-02T00:00:00Z,182631,181084,182864,178555,181816,-732,-0.40,14029673,45190282836,3.03,0.81,0.00,0,6601917,7427756,1169585552000,1073139968000,-1852787968,7221224448,8261076736,-1039852288,11142543360,11955479040,-812935680,13162560512,12978563328,183997184,12880136704,11209526784,1670609920,-4.10,-2.30,-1.80,0.41,3.70,0,51,14,37,0,0,0,48.54,0.00,0.00,0.00,,0.00,,0.00,EastMoney,2026-06-02T19:22:28+08:00
BK0972,2026-06-02T00:00:00Z,166142,162829,166156,159352,166273,-3444,-2.07,18877665,24445590649,5.96,1.10,0.00,0,8283688,10593978,335403040000,307364096000,-2444859152,1982059488,3411566320,-1429506832,5489718016,6505070336,-1015352320,8206417408,7677686528,528730880,8233507328,6304852736,1928654592,-10.00,-5.85,-4.15,2.16,7.89,0,33,4,29,0,0,0,-212.39,0.00,0.00,0.00,,0.00,,0.00,EastMoney,2026-06-02T19:22:28+08:00
BK0974,2026-06-02T00:00:00Z,122428,119805,122499,119395,122627,-2822,-2.30,5826974,8761367325,1.65,1.00,0.00,0,2557457,3269517,606535728000,523591904000,-283175312,508683280,689943584,-181260304,1809284816,1911199824,-101915008,2842540032,2846356320,-3816288,3382433696,3112133856,270299840,-3.23,-2.07,-1.16,-0.04,3.09,0,61,5,55,1,0,0,58.23,0.00,0.00,0.00,,0.00,,0.00,EastMoney,2026-06-02T19:22:28+08:00
BK0975,2026-06-02T00:00:00Z,234757,232600,235004,228256,234700,-2100,-0.89,9710685,20522037435,1.38,0.90,0.00,0,4378128,5332557,862428240000,731382336000,1435850176,4659784960,3007274560,1652510400,4796475392,5013135616,-216660224,5734406912,6618489344,-884082432,5089880576,5641648128,-551767552,7.00,8.05,-1.06,-4.31,-2.69,0,29,5,24,0,0,0,17.17,0.00,0.00,0.00,,0.00,,0.00,EastMoney,2026-06-02T19:22:28+08:00
BK0976,2026-06-02T00:00:00Z,272311,287774,290317,270401,273348,14426,5.28,14231234,80346092505,9.58,1.03,0.00,0,7269466,6961768,1014522016000,919356304000,1116887040,17360768256,16504600064,856168192,22306697728,22045978880,260718848,23071351296,23388619008,-317267712,16252229120,17051848192,-799619072,1.39,1.07,0.32,-0.39,-1.00,0,28,23,5,0,0,0,77.42,0.00,0.00,0.00,,0.00,,0.00,EastMoney,2026-06-02T19:22:28+08:00
BK0977,2026-06-02T00:00:00Z,227883,228114,231044,222233,227671,443,0.19,19498594,64240986627,4.53,0.70,0.00,0,9605913,9892681,1586589232000,1317612576000,2016525312,13424441344,10244014848,3180426496,15840963840,17004865024,-1163901184,18218477056,20220303872,-2001826816,15672522752,15645275392,27247360,3.14,4.95,-1.81,-3.12,0.04,0,47,19,26,2,0,0,139.18,0.00,0.00,0.00,,0.00,,0.00,EastMoney,2026-06-02T19:22:28+08:00
BK0979,2026-06-02T00:00:00Z,97575,96373,97970,95981,97498,-1125,-1.15,4124879,1516615464,0.62,0.95,0.00,0,1542920,2581960,261363500000,252231705000,-159216542,211167362,381629888,-170462526,376457744,365211760,11245984,458524400,399475024,59049376,444693280,344526112,100167168,-10.50,-11.24,0.74,3.89,6.60,0,7,0,7,0,0,0,25.42,0.00,0.00,0.00,,0.00,,0.00,EastMoney,2026-06-02T19:22:28+08:00
BK0980,2026-06-02T00:00:00Z,113407,111972,113449,111233,113529,-1557,-1.37,17950189,17270348039,1.35,0.95,0.00,0,7981662,9968526,1014442928000,945947248000,203358144,2609313136,2088919152,520393984,3996289472,4313325312,-317035840,5174309120,5315562496,-141253376,5161485568,5225322240,-63836672,1.18,3.01,-1.84,-0.82,-0.37,0,58,9,49,0,0,0,23.97,0.00,0.00,0.00,,0.00,,0.00,EastMoney,2026-06-02T19:22:28+08:00
BK0981,2026-06-02T00:00:00Z,261417,262420,263234,255808,260221,2199,0.85,7420523,24324984158,2.55,1.03,0.00,0,3743318,3677205,676995424000,525111936000,185376,3854313280,3816890400,37422880,6503174144,6540411648,-37237504,7517244672,7617127936,-99883264,5945403904,5840123648,105280256,0.00,0.15,-0.15,-0.41,0.43,0,28,15,13,0,0,0,69.52,0.00,0.00,0.00,,0.00,,0.00,EastMoney,2026-06-02T19:22:28+08:00
BK0982,2026-06-02T00:00:00Z,140906,138829,141216,137239,141174,-2345,-1.66,4409048,3958365713,3.32,0.87,0.00,0,2034452,2374596,146009419000,123016727000,-150001578,184382447,249899113,-65516666,891197792,975682704,-84484912,1435899952,1358869520,77030432,1364935776,1291964640,72971136,-3.79,-1.66,-2.13,1.95,1.84,0,18,5,13,0,0,0,-56.06,0.00,0.00,0.00,,0.00,,0.00,EastMoney,2026-06-02T19:22:28+08:00
BK0983,2026-06-02T00:00:00Z,187388,186001,187562,182848,188235,-2234,-1.19,8347029,12769882775,1.48,1.02,0.00,0,4504010,3843019,480944640000,394566864000,-411131504,1713384576,1878853936,-165469360,2793170320,3038832464,-245662144,3971153952,3986330128,-15176176,4100165040,3672715488,427449552,-3.22,-1.30,-1.92,-0.12,3.35,0,31,9,22,0,0,0,43.82,0.00,0.00,0.00,,0.00,,0.00,EastMoney,2026-06-02T19:22:28+08:00
BK0984,2026-06-02T00:00:00Z,245834,245078,246636,241694,245111,-33,-0.01,24909103,53430163149,2.24,0.84,0.00,0,12068309,12840793,2038190976000,1836942960000,-466956288,6404401152,6660851712,-256450560,13039931904,13250437632,-210505728,17098429952,17013481984,84947968,15905162496,15492568832,412593664,-0.87,-0.48,-0.39,0.16,0.77,0,119,48,69,2,0,0,51.40,0.00,0.00,0.00,,0.00,,0.00,EastMoney,2026-06-02T19:22:28+08:00
BK0985,2026-06-02T00:00:00Z,181681,181090,182049,177836,181421,-331,-0.18,9900855,20356081446,2.01,0.87,0.00,0,4685045,5215810,874608304000,840719472000,-943350896,1971916816,2330523264,-358606448,4734490624,5319235072,-584744448,6564003328,6417212416,146790912,6624711680,5804739584,819972096,-4.63,-1.76,-2.87,0.72,4.03,0,42,16,26,0,0,0,42.84,0.00,0.00,0.00,,0.00,,0.00,EastMoney,2026-06-02T19:22:28+08:00
BK0986,2026-06-02T00:00:00Z,107340,105734,107444,104907,107468,-1734,-1.61,2617269,6797875779,1.60,0.92,0.00,0,1184693,1432576,533148960000,431739344000,-202476256,655505952,837427152,-181921200,1704213280,1724768336,-20555056,2293809808,2174982512,118827296,2045266496,1962644176,82622320,-2.98,-2.68,-0.30,1.75,1.22,0,24,3,21,0,0,0,62.33,0.00,0.00,0.00,,0.00,,0.00,EastMoney,2026-06-02T19:22:28+08:00
BK0988,2026-06-02T00:00:00Z,197933,195854,198412,192807,197512,-1658,-0.84,24028560,65247973287,2.67,0.95,0.00,0,11310334,12718226,3466076144000,3096788160000,336775168,10643948544,9409140736,1234807808,17061937152,17959969792,-898032640,20242501376,21679516672,-1437015296,15767488768,14663457280,1104031488,0.52,1.89,-1.38,-2.20,1.69,0,69,22,46,1,0,0,33.07,0.00,0.00,0.00,,0.00,,0.00,EastMoney,2026-06-02T19:22:28+08:00
BK0989,2026-06-02T00:00:00Z,259378,258017,259763,252293,259425,-1408,-0.54,171202021,332601350818,2.87,0.97,0.00,0,80981517,90220504,13353852416000,11203094528000,-3153922816,49128820224,47928318208,1200502016,81386815488,85741240320,-4354424832,102202114048,106010861568,-3808747520,92778614784,85614100480,7164514304,-0.95,0.36,-1.31,-1.15,2.15,0,450,131,314,5,0,0,37.61,0.00,0.00,0.00,,0.00,,0.00,EastMoney,2026-06-02T19:22:28+08:00
BK0990,2026-06-02T00:00:00Z,115034,113132,115177,112834,114886,-1754,-1.53,8394571,8466740520,1.52,0.85,0.00,0,3822618,4571954,617888976000,548612080000,-179905136,832765792,963367440,-130601648,1868349632,1917653120,-49303488,2564305376,2557920672,6384704,3063065856,2890209824,172856032,-2.12,-1.54,-0.58,0.08,2.04,0,41,5,36,0,0,0,18.28,0.00,0.00,0.00,,0.00,,0.00,EastMoney,2026-06-02T19:22:28+08:00
BK0991,2026-06-02T00:00:00Z,173660,171748,174122,169965,173466,-1718,-0.99,9078353,13014075246,1.06,0.79,0.00,0,4153184,4925168,1154432656000,990700176000,-57713472,1404587120,1575855648,-171268528,3130179136,3016624080,113555056,4215872592,3968246976,247625616,3972657904,4176523312,-203865408,-0.44,-1.32,0.87,1.90,-1.57,0,57,12,45,0,0,0,17.53,0.00,0.00,0.00,,0.00,,0.00,EastMoney,2026-06-02T19:22:28+08:00
BK0992,2026-06-02T00:00:00Z,80844,80459,80991,79893,81127,-668,-0.82,16949791,8744111456,1.98,1.09,0.00,0,7355092,9594699,678189568000,632657056000,-423009680,1053549120,1265256864,-211707744,2069345568,2280647504,-211301936,2718013776,2568226672,149787104,2721070944,2447848368,273222576,-4.84,-2.42,-2.42,1.71,3.12,0,24,4,20,0,0,0,-11.36,0.00,0.00,0.00,,0.00,,0.00,EastMoney,2026-06-02T19:22:28+08:00
BK0993,2026-06-02T00:00:00Z,86980,85443,87019,84950,87011,-1568,-1.80,6040342,8498647282,2.03,1.01,0.00,0,2708715,3331627,382936720000,335788688000,-241688688,433882416,571849744,-137967328,1681550624,1785271984,-103721360,2771217856,2593186320,178031536,3332158032,3260705584,71452448,-2.84,-1.62,-1.22,2.09,0.84,0,69,10,58,1,0,0,166.20,0.00,0.00,0.00,,0.00,,0.00,EastMoney,2026-06-02T19:22:28+08:00
BK0994,2026-06-02T00:00:00Z,244534,242285,244838,235731,244530,-2245,-0.92,3996000,9305598361,2.90,0.92,0.00,0,2010252,1985748,341060096000,317614048000,-404404400,767496864,1008982800,-241485936,1940968256,2103886720,-162918464,3052074016,2942069936,110004080,3443053616,3148653280,294400336,-4.35,-2.60,-1.75,1.18,3.16,0,20,5,14,1,0,0,323.16,0.00,0.00,0.00,,0.00,,0.00,EastMoney,2026-06-02T19:22:28+08:00
BK0995,2026-06-02T00:00:00Z,165245,163664,165485,160129,165080,-1416,-0.86,13122318,28710870731,4.11,0.97,0.00,0,6098480,7023838,594447376000,534980176000,181014368,3572569104,3058562992,514006112,6977109504,7310101248,-332991744,9236602368,9334916608,-98314240,8292499200,8364978688,-72479488,0.63,1.79,-1.16,-0.34,-0.25,0,47,10,37,0,0,0,1423.63,0.00,0.00,0.00,,0.00,,0.00,EastMoney,2026-06-02T19:22:28+08:00
BK0996,2026-06-02T00:00:00Z,97821,96093,97967,95907,97976,-1883,-1.92,1921578,1617077971,1.30,0.83,0.00,0,794105,1127474,121923984000,103699704000,-85036998,61544673,113728871,-52184198,318452672,351305472,-32852800,550273344,519006048,31267296,654210976,600441280,53769696,-5.26,-3.23,-2.03,1.93,3.33,0,18,0,18,0,0,0,56.19,0.00,0.00,0.00,,0.00,,0.00,EastMoney,2026-06-02T19:22:28+08:00
BK0998,2026-06-02T00:00:00Z,215348,214541,216746,211164,214734,-193,-0.09,14673172,34664755101,3.91,1.02,0.00,0,7142369,7530803,962345984000,791643760000,-764227184,3624762208,4058443728,-433681520,7866702592,8197248256,-330545664,11149735424,10853285120,296450304,11346682880,10874897152,471785728,-2.20,-1.25,-0.95,0.86,1.36,0,88,34,53,1,0,0,146.76,0.00,0.00,0.00,,0.00,,0.00,EastMoney,2026-06-02T19:22:28+08:00
BK0999,2026-06-02T00:00:00Z,72893,72696,72968,72194,72920,-224,-0.31,22106368,138437831354,1.22,0.84,0.00,0,11026128,11080241,13803937792000,11546075648000,1941906432,30042102016,26447634176,3594467840,39505269760,41157831168,-1652561408,43658350336,45352846336,-1694496000,22524111616,22771521792,-247410176,1.40,2.60,-1.19,-1.22,-0.18,0,42,18,24,0,0,0,21.02,0.00,0.00,0.00,,0.00,,0.00,EastMoney,2026-06-02T19:22:28+08:00
BK1000,2026-06-02T00:00:00Z,63892,63526,63938,62636,63713,-187,-0.29,9173713,74057641409,1.91,0.78,0.00,0,4621926,4551786,5518902016000,4593040128000,1965350400,16096314624,13126165504,2970149120,21197314304,22202113024,-1004798720,24973903616,27164384000,-2190480384,10107763200,9882632960,225130240,2.65,4.01,-1.36,-2.96,0.30,0,24,7,16,1,0,0,32.02,0.00,0.00,0.00,,0.00,,0.00,EastMoney,2026-06-02T19:22:28+08:00
BK1001,2026-06-02T00:00:00Z,130605,128826,130641,128170,130671,-1845,-1.41,41946248,40134540079,2.31,0.92,0.00,0,18755409,23190839,1379809600000,1278452992000,954062496,5259520000,4235211104,1024308896,9082196224,9152442624,-70246400,12345716736,12334408960,11307776,12759434496,13724804864,-965370368,2.38,2.55,-0.18,0.03,-2.41,0,162,19,142,1,0,0,115.96,0.00,0.00,0.00,,0.00,,0.00,EastMoney,2026-06-02T19:22:28+08:00
BK1002,2026-06-02T00:00:00Z,293779,297532,299713,289282,292287,5245,1.79,13728742,62256125529,4.60,0.73,0.00,0,6885569,6843173,1110143888000,995640704000,1872815616,12372216064,11115910144,1256305920,16824172800,16207663104,616509696,18800704000,20015119104,-1214415104,13437380352,14095780608,-658400256,3.01,2.02,0.99,-1.95,-1.06,0,43,26,17,0,0,0,95.38,0.00,0.00,0.00,,0.00,,0.00,EastMoney,2026-06-02T19:22:28+08:00
BK1003,2026-06-02T00:00:00Z,214978,214717,215082,209671,217131,-2414,-1.11,31460307,43673834098,2.64,0.95,0.00,0,14940740,16519567,1897406208000,1764438656000,-1966811904,5574935552,6681732608,-1106797056,10234865408,11094880256,-860014848,13787923456,13538669824,249253632,13266594048,11548347392,1718246656,-4.50,-2.53,-1.97,0.57,3.93,0,39,11,27,1,0,0,22.24,0.00,0.00,0.00,,0.00,,0.00,EastMoney,2026-06-02T19:22:28+08:00
BK1004,2026-06-02T00:00:00Z,237979,238480,240247,233581,236994,1486,0.63,21321851,64778535757,3.12,0.95,0.00,0,10217946,11103904,2047131232000,1704146512000,428970496,9628265472,8821003008,807262464,15849382400,16227674368,-378291968,20054181376,20247905024,-193723648,18171211008,18403541504,-232330496,0.66,1.25,-0.58,-0.30,-0.36,0,84,42,40,2,0,0,38.08,0.00,0.00,0.00,,0.00,,0.00,EastMoney,2026-06-02T19:22:28+08:00
BK1005,2026-06-02T00:00:00Z,176615,176252,177234,172352,176417,-165,-0.09,102766359,493987204413,3.81,0.88,0.00,0,50112625,52653734,14370516480000,11336136448000,294957056,75183681536,74240503808,943177728,126355521536,127003742208,-648220672,167153037312,167670489088,-517451776,111995428864,111057518592,937910272,0.06,0.19,-0.13,-0.10,0.19,0,1255,460,779,16,0,0,106.87,0.00,0.00,0.00,,0.00,,0.00,EastMoney,2026-06-02T19:22:28+08:00
BK1006,2026-06-02T00:00:00Z,126733,127390,127732,124311,126886,504,0.40,5831751,8769267826,3.76,0.73,0.00,0,2857444,2974307,204891641000,188209564000,-40486896,774469872,717610752,56859120,1980282144,2077628160,-97346016,2819000400,2911532784,-92532384,3016750128,2883730848,133019280,-0.46,0.65,-1.11,-1.06,1.52,0,19,9,10,0,0,0,207.30,0.00,0.00,0.00,,0.00,,0.00,EastMoney,2026-06-02T19:22:28+08:00
BK1007,2026-06-02T00:00:00Z,128066,128487,129386,125226,128322,165,0.13,6536981,7907779665,4.43,0.66,0.00,0,3242883,3294098,198967401000,178399048000,-46010496,983495856,977957312,5538544,1816520320,1868069360,-51549040,2498759648,2547098640,-48338992,2498271872,2403922384,94349488,-0.58,0.07,-0.65,-0.61,1.19,0,19,7,10,2,0,0,-174.57,0.00,0.00,0.00,,0.00,,0.00,EastMoney,2026-06-02T19:22:28+08:00
BK1008,2026-06-02T00:00:00Z,157168,155863,157236,152630,157136,-1273,-0.81,5297563,12291038519,2.24,0.86,0.00,0,2502167,2795396,417179152000,408751696000,-4093936,1394819520,1322561504,72258016,2769562496,2845914448,-76351952,4023530864,4160144576,-136613712,3911626880,3770919232,140707648,-0.03,0.59,-0.62,-1.11,1.14,0,20,6,14,0,0,0,-164.68,0.00,0.00,0.00,,0.00,,0.00,EastMoney,2026-06-02T19:22:28+08:00
BK1009,2026-06-02T00:00:00Z,230465,226324,230576,223369,229668,-3344,-1.46,57533625,97756825636,3.68,0.91,0.00,0,26517787,31015837,4496196864000,2204739152000,-3877427968,11119458048,13120215040,-2000756992,23807228672,25683899648,-1876670976,32243346944,31161289728,1082057216,28911441408,26114913280,2796528128,-3.97,-2.05,-1.92,1.11,2.86,0,142,33,107,2,0,0,33.86,0.00,0.00,0.00,,0.00,,0.00,EastMoney,2026-06-02T19:22:28+08:00
BK1010,2026-06-02T00:00:00Z,102057,100876,102148,99297,101825,-949,-0.93,14503929,24038743454,1.82,1.00,0.00,0,6903322,7600607,1249428448000,1101421632000,731137088,3770173776,3017370128,752803648,5688382720,5710049280,-21666560,7068384000,7606086912,-537702912,7113717504,7333785600,-220068096,3.04,3.13,-0.09,-2.24,-0.92,0,46,9,36,1,0,0,20.32,0.00,0.00,0.00,,0.00,,0.00,EastMoney,2026-06-02T19:22:28+08:00
BK1011,2026-06-02T00:00:00Z,72258,71577,72270,70392,72247,-670,-0.93,6329137,9658631124,1.80,0.94,0.00,0,2837501,3491636,623936928000,614660720000,332368640,1137942192,950791296,187150896,2283812352,2138594608,145217744,2948050640,3114894320,-166843680,3124146368,3293457024,-169310656,3.44,1.94,1.50,-1.73,-1.75,0,23,3,20,0,0,0,25.42,0.00,0.00,0.00,,0.00,,0.00,EastMoney,2026-06-02T19:22:28+08:00
BK1012,2026-06-02T00:00:00Z,141218,139711,141456,136987,140235,-524,-0.37,6257436,19449618071,3.59,0.92,0.00,0,3112105,3145331,513677312000,494085088000,-521654256,2623396688,2846050624,-222653936,5009333504,5308333824,-299000320,5951251968,5781585664,169666304,5420161536,5068173568,351987968,-2.68,-1.14,-1.54,0.87,1.81,0,16,5,11,0,0,0,43.10,0.00,0.00,0.00,,0.00,,0.00,EastMoney,2026-06-02T19:22:28+08:00
BK1013,2026-06-02T00:00:00Z,125002,122587,125124,121185,124709,-2122,-1.70,2749992,9284586359,3.94,1.17,0.00,0,1280012,1469980,209017476000,185804679000,-337612848,819985552,1048316032,-228330480,2346313664,2455596032,-109282368,3241132080,3115918960,125213120,2638831776,2427956656,210875120,-3.64,-2.46,-1.18,1.35,2.27,0,15,3,12,0,0,0,-1335.50,0.00,0.00,0.00,,0.00,,0.00,EastMoney,2026-06-02T19:22:28+08:00
BK1014,2026-06-02T00:00:00Z,179907,178519,180838,176063,179679,-1160,-0.65,3627434,4108131372,2.05,1.02,0.00,0,1737840,1889594,191413343000,165008111000,-48579122,176864339,200420869,-23556530,765675792,790698384,-25022592,1310347888,1342175200,-31827312,1784247520,1703841088,80406432,-1.18,-0.57,-0.61,-0.77,1.96,0,23,8,15,0,0,0,44.55,0.00,0.00,0.00,,0.00,,0.00,EastMoney,2026-06-02T19:22:28+08:00
BK1015,2026-06-02T00:00:00Z,103001,101633,103047,98695,103235,-1602,-1.55,3653238,17771982464,4.37,1.00,0.00,0,1964109,1689129,546424352000,452321040000,-1546594544,1775290608,2440918400,-665627792,3883209632,4764176384,-880966752,5693251072,5786240000,-92988928,6142333184,4502749696,1639583488,-8.70,-3.75,-4.96,-0.52,9.23,0,11,3,8,0,0,0,31.99,0.00,0.00,0.00,,0.00,,0.00,EastMoney,2026-06-02T19:22:28+08:00
BK1016,2026-06-02T00:00:00Z,96751,95361,96751,94809,96430,-1069,-1.11,1130579,817914359,1.38,0.83,0.00,0,493007,637573,43645668000,42485877000,27430607,42500628,35555829,6944799,189946012,169460204,20485808,255536745,255140668,396077,313406816,342301648,-28894832,3.35,0.85,2.50,0.05,-3.53,0,10,2,7,1,0,0,-403.03,0.00,0.00,0.00,,0.00,,0.00,EastMoney,2026-06-02T19:22:28+08:00
BK1017,2026-06-02T00:00:00Z,168564,164858,168688,163935,166608,-1750,-1.05,5709598,5088072125,1.30,0.99,0.00,0,2466684,3242914,345684768000,297525200000,-51324752,436411104,544267744,-107856640,1168754480,1112222592,56531888,1637888800,1594189120,43699680,1658187840,1642024784,16163056,-1.01,-2.12,1.11,0.86,0.32,0,21,4,17,0,0,0,23.81,0.00,0.00,0.00,,0.00,,0.00,EastMoney,2026-06-02T19:22:28+08:00
BK1018,2026-06-02T00:00:00Z,157010,156901,157010,152817,156830,71,0.05,2284205,3179620738,2.97,0.87,0.00,0,1067139,1217066,127979631000,109592619000,-23292573,193950164,232656081,-38705917,687838176,672424832,15413344,1016748160,989778688,26969472,1093998320,1073289984,20708336,-0.73,-1.22,0.48,0.85,0.65,0,23,10,13,0,0,0,109.02,0.00,0.00,0.00,,0.00,,0.00,EastMoney,2026-06-02T19:22:28+08:00
BK1019,2026-06-02T00:00:00Z,105949,104757,106079,103515,105810,-1053,-1.00,12158930,16088861541,1.57,0.87,0.00,0,5619599,6539331,836479600000,789585984000,297537824,1665598704,1544348832,121249872,3560608512,3384320560,176287952,5029720320,5027534080,2186240,5487247616,5782304256,-295056640,1.85,0.75,1.10,0.01,-1.83,0,65,9,53,3,0,0,35.80,0.00,0.00,0.00,,0.00,,0.00,EastMoney,2026-06-02T19:22:28+08:00
BK1020,2026-06-02T00:00:00Z,222623,228885,230038,221287,222120,6765,3.05,1132746,6926011826,4.01,0.89,0.00,0,608792,523955,145869991000,136959071000,-128776928,792928608,1093738976,-300810368,2023130400,1851096960,172033440,2133505456,1970626192,162879264,1568823760,1486919776,81903984,-1.86,-4.34,2.48,2.35,1.18,0,12,8,3,1,0,0,163.70,0.00,0.00,0.00,,0.00,,0.00,EastMoney,2026-06-02T19:22:28+08:00
BK1022,2026-06-02T00:00:00Z,136854,133822,136978,132915,136773,-2951,-2.16,17229634,20533480021,3.28,0.97,0.00,0,7505291,9724343,629142368000,592613824000,-1572527200,1666987872,2546032832,-879044960,4601272320,5294754560,-693482240,6907087872,6411008768,496079104,6959082496,5877847808,1081234688,-7.66,-4.28,-3.38,2.42,5.27,0,68,10,57,1,0,0,21.61,0.00,0.00,0.00,,0.00,,0.00,EastMoney,2026-06-02T19:22:28+08:00
BK1023,2026-06-02T00:00:00Z,292677,305567,307785,290724,295567,10000,3.38,6492017,18307380201,5.17,0.93,0.00,0,3303327,3188690,293148208000,272200384000,133436816,2122542192,2237102560,-114560368,4682272512,4434275328,247997184,5897793280,5529042432,368750848,5028539904,5421373184,-392833280,0.73,-0.63,1.35,2.01,-2.15,0,16,10,6,0,0,0,-89.95,0.00,0.00,0.00,,0.00,,0.00,EastMoney,2026-06-02T19:22:28+08:00
BK1024,2026-06-02T00:00:00Z,146717,146056,146717,143840,147502,-1446,-0.98,156986697,133273938066,3.05,1.02,0.00,0,75614021,81372676,6901171968000,4423656704000,-3793646336,16381828608,18372416000,-1990587392,30321781760,32124840704,-1803058944,42529279232,41987410944,541868288,41007479296,37760547072,3246932224,-2.85,-1.49,-1.35,0.41,2.44,0,168,40,126,2,0,0,20.53,0.00,0.00,0.00,,0.00,,0.00,EastMoney,2026-06-02T19:22:28+08:00
BK1025,2026-06-02T00:00:00Z,109017,106828,109086,106241,109265,-2437,-2.23,17753529,10229623629,2.56,0.85,0.00,0,7177497,10576033,610924976000,447827504000,-179476512,819731232,886181216,-66449984,2233333696,2346360224,-113026528,3222030576,3104766832,117263744,3638484096,3574107376,64376720,-1.75,-0.65,-1.10,1.15,0.63,0,64,7,57,0,0,0,158.58,0.00,0.00,0.00,,0.00,,0.00,EastMoney,2026-06-02T19:22:28+08:00
BK1026,2026-06-02T00:00:00Z,99569,98278,99574,97954,99787,-1509,-1.51,6678363,8250544768,2.08,0.95,0.00,0,3091803,3586560,648590480000,484602048000,-490617136,744703296,895341040,-150637744,1651045696,1991025088,-339979392,2727937296,2495934016,232003280,2961099472,2714081728,247017744,-5.95,-1.83,-4.12,2.81,2.99,0,33,5,28,0,0,0,30.28,0.00,0.00,0.00,,0.00,,0.00,EastMoney,2026-06-02T19:22:28+08:00
BK1027,2026-06-02T00:00:00Z,403217,413572,414517,392638,401615,11957,2.98,10291652,45562157687,4.55,0.96,0.00,0,5497327,4794325,1181552864000,898172864000,1995635712,8566651136,6488217088,2078434048,11780975872,11863774208,-82798336,13555564800,14726471936,-1170907136,11035281408,11859136256,-823854848,4.38,4.56,-0.18,-2.57,-1.81,0,25,23,2,0,0,0,54.47,0.00,0.00,0.00,,0.00,,0.00,EastMoney,2026-06-02T19:22:28+08:00
BK1028,2026-06-02T00:00:00Z,203088,200090,203268,198896,202810,-2720,-1.34,5502572,4754646114,2.05,0.93,0.00,0,2505580,2996992,292374352000,277831776000,-97540220,204981844,270399648,-65417804,903071872,935194288,-32122416,1523487632,1569389056,-45901424,1990507488,1859185664,131321824,-2.05,-1.38,-0.68,-0.97,2.76,0,32,2,28,2,0,0,23.80,0.00,0.00,0.00,,0.00,,0.00,EastMoney,2026-06-02T19:22:28+08:00
BK1029,2026-06-02T00:00:00Z,158058,158022,158447,156718,157827,195,0.12,11167887,16987321165,1.32,1.01,0.00,0,5494868,5673018,1883126448000,1238813360000,1105237792,2903204912,2026364816,876840096,4373464576,4145066880,228397696,5033011200,5620907264,-587896064,4313574656,4830916352,-517341696,6.51,5.16,1.34,-3.46,-3.05,0,26,14,12,0,0,0,34.24,0.00,0.00,0.00,,0.00,,0.00,EastMoney,2026-06-02T19:22:28+08:00
BK1030,2026-06-02T00:00:00Z,277795,277944,281127,273874,277078,866,0.31,4156056,9926096349,3.67,0.77,0.00,0,1953711,2202345,296874320000,253896885000,-201991584,717891008,869033392,-151142384,2186331680,2237180880,-50849200,3399096032,3299597056,99498976,3345489408,3242862624,102626784,-2.03,-1.52,-0.51,1.00,1.03,0,27,14,13,0,0,0,64.49,0.00,0.00,0.00,,0.00,,0.00,EastMoney,2026-06-02T19:22:28+08:00
BK1031,2026-06-02T00:00:00Z,145209,142100,145373,139353,145148,-3048,-2.10,24178665,51538295780,3.12,0.90,0.00,0,10929689,13248977,1768606080000,1526881984000,-2625624832,5998374656,7100065792,-1101691136,11841426688,13365360384,-1523933696,16656083968,16771145472,-115061504,16123424512,13415620608,2707803904,-5.09,-2.14,-2.96,-0.22,5.25,0,69,8,61,0,0,0,-51.68,0.00,0.00,0.00,,0.00,,0.00,EastMoney,2026-06-02T19:22:28+08:00
BK1032,2026-06-02T00:00:00Z,160098,156483,160433,154556,160502,-4019,-2.50,6701383,12031726373,2.89,0.81,0.00,0,2998793,3702590,477447232000,371064400000,-843570432,1020169552,1462807616,-442638064,2599054544,2999986912,-400932368,3714744000,3764258640,-49514640,4410446848,3566004608,844442240,-7.01,-3.68,-3.33,-0.41,7.02,0,31,1,30,0,0,0,73.57,0.00,0.00,0.00,,0.00,,0.00,EastMoney,2026-06-02T19:22:28+08:00
BK1033,2026-06-02T00:00:00Z,163700,162707,164128,158984,163866,-1159,-0.71,26845681,97332650647,4.07,0.92,0.00,0,13013794,13831886,4142248432000,3731381984000,-714994688,13949538816,13157786624,791752192,24634012928,26140759808,-1506746880,30928428800,32164543744,-1236114944,25363960832,23386784768,1977176064,-0.73,0.81,-1.55,-1.27,2.03,0,105,32,72,1,0,0,36.87,0.00,0.00,0.00,,0.00,,0.00,EastMoney,2026-06-02T19:22:28+08:00
BK1034,2026-06-02T00:00:00Z,341539,343846,344415,331156,340886,2960,0.87,7716871,26186245642,2.54,0.98,0.00,0,3550933,4165938,789896320000,634017616000,59117312,5293501696,4452023552,841478144,6149201152,6931561984,-782360832,7760056064,8303038976,-542982912,6584058880,6100982784,483076096,0.23,3.21,-2.99,-2.07,1.84,0,33,14,17,2,0,0,77.60,0.00,0.00,0.00,,0.00,,0.00,EastMoney,2026-06-02T19:22:28+08:00
BK1035,2026-06-02T00:00:00Z,96864,94625,97072,94405,97214,-2589,-2.66,2058374,3806848154,1.74,0.98,0.00,0,904219,1154156,275742448000,224295682000,-98920151,146932511,229931430,-82998919,758331360,774252592,-15921232,1223531120,1166876784,56654336,1545334752,1519088304,26246448,-2.60,-2.18,-0.42,1.49,0.69,0,32,2,30,0,0,0,35.49,0.00,0.00,0.00,,0.00,,0.00,EastMoney,2026-06-02T19:22:28+08:00
BK1036,2026-06-02T00:00:00Z,274618,275275,279543,268160,273644,1631,0.60,40667852,351138792698,5.17,0.70,0.00,0,20106013,20561839,10903217664000,7912675840000,-4190560256,73142124544,73632485376,-490360832,105522548736,109222748160,-3700199424,118235361280,117754400768,480960512,49117595392,45387104512,3730490880,-1.19,-0.14,-1.05,0.14,1.06,0,177,83,93,1,0,0,178.63,0.00,0.00,0.00,,0.00,,0.00,EastMoney,2026-06-02T19:22:28+08:00
BK1037,2026-06-02T00:00:00Z,233101,235015,235932,229155,232582,2433,1.05,31866315,134930930909,3.97,1.01,0.00,0,16462757,15403557,4151487040000,3780990928000,2503124736,29056643840,26419598592,2637045248,35114957312,35248877824,-133920512,38282583808,39291020544,-1008436736,29714904576,31209606144,-1494701568,1.86,1.95,-0.10,-0.75,-1.11,0,98,53,45,0,0,0,46.45,0.00,0.00,0.00,,0.00,,0.00,EastMoney,2026-06-02T19:22:28+08:00
BK1038,2026-06-02T00:00:00Z,224494,227381,228754,221726,224838,2543,1.13,76380726,73750545198,5.79,0.75,0.00,0,38112521,38268204,1451564944000,1281945072000,-514415360,12905623296,13099674112,-194050816,17782695424,18103059968,-320364544,22463302656,22369674752,93627904,18855312128,18419708672,435603456,-0.70,-0.26,-0.43,0.13,0.59,0,98,56,39,3,0,0,274.70,0.00,0.00,0.00,,0.00,,0.00,EastMoney,2026-06-02T19:22:28+08:00
BK1039,2026-06-02T00:00:00Z,335595,339212,341977,328252,336284,2928,0.87,10188882,41497021235,7.21,0.81,0.00,0,5175334,5013547,717851888000,571743408000,52421888,6672819968,6604891648,67928320,10867977984,10883484416,-15506432,13169345024,13304149248,-134804224,10201890048,10100060160,101829888,0.13,0.16,-0.04,-0.32,0.25,0,36,20,15,1,0,0,116.90,0.00,0.00,0.00,,0.00,,0.00,EastMoney,2026-06-02T19:22:28+08:00
BK1040,2026-06-02T00:00:00Z,132991,131701,133268,131306,133151,-1450,-1.09,7446453,8260183433,1.22,0.94,0.00,0,3290501,4155952,772970880000,740873600000,-286260720,515234720,699466416,-184231696,1691529728,1793558752,-102029024,2795286400,2692735984,102550416,3114017504,2932660336,181357168,-3.47,-2.23,-1.24,1.24,2.20,0,66,15,50,1,0,0,26.82,0.00,0.00,0.00,,0.00,,0.00,EastMoney,2026-06-02T19:22:28+08:00
BK1041,2026-06-02T00:00:00Z,94720,93489,94747,92568,94667,-1178,-1.24,7533883,20635412689,1.77,0.83,0.00,0,3406204,4127679,1273438768000,1134208128000,-278867552,1909347856,2133170032,-223822176,4565696512,4620741888,-55045376,6973849856,6973626112,223744,6854342144,6587568384,266773760,-1.35,-1.08,-0.27,0.00,1.29,0,137,31,103,3,0,0,46.95,0.00,0.00,0.00,,0.00,,0.00,EastMoney,2026-06-02T19:22:28+08:00
BK1042,2026-06-02T00:00:00Z,110211,108812,110292,108537,110165,-1353,-1.23,2926103,2914487801,1.06,0.68,0.00,0,1213246,1712858,305378944000,264470384000,-43134450,74413271,112117401,-37704130,530647504,536077824,-5430320,1006484192,997480704,9003488,1240451680,1206320720,34130960,-1.48,-1.29,-0.19,0.31,1.17,0,32,6,26,0,0,0,16.74,0.00,0.00,0.00,,0.00,,0.00,EastMoney,2026-06-02T19:22:28+08:00
BK1043,2026-06-02T00:00:00Z,150210,148734,150504,147620,150108,-1374,-0.92,2434265,4181376149,1.90,0.78,0.00,0,1119753,1314513,229503969000,179588792000,-94960208,295579696,342894160,-47314464,871088240,918733984,-47645744,1340947088,1300777056,40170032,1593792784,1544798096,48994688,-2.27,-1.13,-1.14,0.96,1.17,0,34,8,26,0,0,0,34.58,0.00,0.00,0.00,,0.00,,0.00,EastMoney,2026-06-02T19:22:28+08:00
BK1044,2026-06-02T00:00:00Z,95356,93622,95380,93326,95571,-1949,-2.04,5146438,10226075914,1.41,0.77,0.00,0,2337362,2809076,850337520000,721926256000,-657666416,632327632,996593888,-364266256,2202297952,2495698112,-293400160,3699862832,3566285088,133577744,3349910832,2834832912,515077920,-6.43,-3.56,-2.87,1.31,5.04,0,58,7,50,1,0,0,-301.93,0.00,0.00,0.00,,0.00,,0.00,EastMoney,2026-06-02T19:22:28+08:00
BK1045,2026-06-02T00:00:00Z,113598,112276,114609,111347,113868,-1592,-1.40,2627354,1108458132,2.08,0.93,0.00,0,1155362,1471992,58217969000,53530892000,-23073731,49273001,68812639,-19539638,248036061,251570154,-3534093,357679680,314732048,42947632,425754768,445628672,-19873904,-2.08,-1.76,-0.32,3.87,-1.79,0,13,2,11,0,0,0,-11.08,0.00,0.00,0.00,,0.00,,0.00,EastMoney,2026-06-02T19:22:28+08:00
BK1046,2026-06-02T00:00:00Z,138967,135433,139033,134188,139014,-3581,-2.58,7056542,8958366501,2.14,0.90,0.00,0,2911798,4144744,437673648000,396199216000,-732967680,660332608,1030684864,-370352256,1911493936,2274109360,-362615424,3028350384,2832744528,195605856,3236415648,2699053824,537361824,-8.18,-4.13,-4.05,2.18,6.00,0,25,0,25,0,0,0,25.32,0.00,0.00,0.00,,0.00,,0.00,EastMoney,2026-06-02T19:22:28+08:00
BK1047,2026-06-02T00:00:00Z,102016,100428,102016,98668,101654,-1226,-1.21,15754791,38175089094,1.86,0.88,0.00,0,7406135,8348656,1187058848000,1111887136000,-713372928,6225954304,6625180416,-399226112,9983894528,10298041344,-314146816,13191674880,12822384128,369290752,8044869632,7698968320,345901312,-1.87,-1.05,-0.82,0.97,0.91,0,82,15,64,3,0,0,113.85,0.00,0.00,0.00,,0.00,,0.00,EastMoney,2026-06-02T19:22:28+08:00
BK1048,2026-06-02T00:00:00Z,113199,113333,114493,110936,113130,203,0.18,20651787,64138647774,3.13,0.82,0.00,0,9451645,11200142,2224977520000,1582929680000,-1396935936,11162556928,11493549824,-330992896,16163131136,17229074176,-1065943040,18914937600,19139352576,-224414976,16610190336,14986544896,1623645440,-2.18,-0.52,-1.66,-0.35,2.53,0,43,17,25,1,0,0,50.73,0.00,0.00,0.00,,0.00,,0.00,EastMoney,2026-06-02T19:22:28+08:00
BK1049,2026-06-02T00:00:00Z,185836,183209,186091,180573,185672,-2463,-1.33,3242731,11675275197,2.48,0.76,0.00,0,1551816,1690915,372460112000,356727456000,-536247664,1611259216,2082018192,-470758976,2821638928,2887127616,-65488688,3803340640,3470763872,332576768,3288237808,3084566928,203670880,-4.59,-4.03,-0.56,2.85,1.74,0,14,3,10,1,0,0,119.38,0.00,0.00,0.00,,0.00,,0.00,EastMoney,2026-06-02T19:22:28+08:00
BK1050,2026-06-02T00:00:00Z,6226525,6181541,6226525,6131551,6111510,70031,1.15,120539949,139264804919,13.01,1.35,0.00,0,58561961,61977988,2094935552000,1719960480000,-1168312320,18775412992,20661783808,-1886370816,33196886784,32478828288,718058496,42851829760,41325371136,1526458624,38993047296,39214010112,-220962816,-0.84,-1.35,0.52,1.10,-0.16,0,166,87,77,2,0,0,277.05,0.00,0.00,0.00,,0.00,,0.00,EastMoney,2026-06-02T19:22:28+08:00
BK1051,2026-06-02T00:00:00Z,1620841,1605276,1626763,1590694,1570949,34327,2.19,38084491,31816314203,9.27,1.43,0.00,0,18121254,19963237,389131440000,310136224000,-1619156176,4088409392,5412613888,-1324204496,7218136320,7513088000,-294951680,9747094016,9229876992,517217024,9424663040,8322723840,1101939200,-5.09,-4.16,-0.93,1.63,3.46,0,22,15,7,0,0,0,62.33,0.00,0.00,0.00,,0.00,,0.00,EastMoney,2026-06-02T19:22:28+08:00
BK1052,2026-06-02T00:00:00Z,103119,102776,103215,100321,102901,-125,-0.12,14104205,50639373926,2.68,0.96,0.00,0,6884701,7219504,3251640496000,2872623728000,799602944,9932780288,8100915200,1831865088,13843387136,14875649280,-1032262144,15406267392,17212948224,-1806680832,10264572416,9258260992,1006311424,1.58,3.62,-2.04,-3.57,1.99,0,44,18,24,2,0,0,33.46,0.00,0.00,0.00,,0.00,,0.00,EastMoney,2026-06-02T19:22:28+08:00
BK1053,2026-06-02T00:00:00Z,113658,112958,113911,112285,113418,-460,-0.41,122998348,27347134249,1.79,0.92,0.00,0,54387052,68611297,1715842944000,1499553952000,-990793552,3292081904,3826014528,-533932624,7292521216,7749382144,-456860928,7985508352,7753782016,231726336,8037904896,7277923328,759981568,-3.62,-1.95,-1.67,0.85,2.78,0,180,45,116,19,0,0,-9.96,0.00,0.00,0.00,,0.00,,0.00,EastMoney,2026-06-02T19:22:28+08:00
BK1054,2026-06-02T00:00:00Z,102183,99995,102310,99049,101977,-1982,-1.94,2777809,2761506427,1.94,0.85,0.00,0,1218050,1559759,136618986000,126457768000,-156357277,92777127,158056436,-65279309,495147088,586225056,-91077968,937089456,856398848,80690608,1190909264,1115242608,75666656,-5.66,-2.36,-3.30,2.92,2.74,0,18,1,17,0,0,0,-42.23,0.00,0.00,0.00,,0.00,,0.00,EastMoney,2026-06-02T19:22:28+08:00
BK1055,2026-06-02T00:00:00Z,137722,133915,137722,132647,137338,-3423,-2.49,36367329,51746987185,4.15,0.94,0.00,0,15701417,20665913,3367759392000,1173029952000,-4150308272,4255535440,6855571200,-2600035760,11960527616,13510800128,-1550272512,17830585344,16667136512,1163448832,16710689024,13723829760,2986859264,-8.02,-5.02,-3.00,2.25,5.77,0,84,9,74,1,0,0,24.13,0.00,0.00,0.00,,0.00,,0.00,EastMoney,2026-06-02T19:22:28+08:00
BK1056,2026-06-02T00:00:00Z,96459,94804,96519,94285,96525,-1721,-1.78,5397601,6335776012,1.73,0.84,0.00,0,2365010,3032591,434214672000,384399120000,-199064800,341432528,474028288,-132595760,1357161136,1423630176,-66469040,2030602080,2007174560,23427520,2513705472,2338068192,175637280,-3.14,-2.09,-1.05,0.37,2.77,0,51,6,44,1,0,0,72.67,0.00,0.00,0.00,,0.00,,0.00,EastMoney,2026-06-02T19:22:28+08:00
BK1057,2026-06-02T00:00:00Z,114312,116537,116877,113827,115334,1203,1.04,49024824,25264801597,6.58,0.74,0.00,0,24688862,24335962,403963248000,389467440000,-27556096,6209318144,5958019584,251298560,6131161600,6410016256,-278854656,6716124160,6936250880,-220126720,5627446784,5379763968,247682816,-0.11,0.99,-1.10,-0.87,0.98,0,14,7,7,0,0,0,38.93,0.00,0.00,0.00,,0.00,,0.00,EastMoney,2026-06-02T19:22:28+08:00
BK1058,2026-06-02T00:00:00Z,125982,123624,126229,122815,125922,-2298,-1.82,9791664,8544876719,2.17,1.04,0.00,0,4362837,5428827,388781296000,362335280000,-239806240,548228512,670640512,-122412000,1703835008,1821229248,-117394240,2872819824,2758225872,114593952,3226240880,3102622112,123618768,-2.81,-1.43,-1.37,1.34,1.45,0,50,6,42,2,0,0,30.23,0.00,0.00,0.00,,0.00,,0.00,EastMoney,2026-06-02T19:22:28+08:00
BK1059,2026-06-02T00:00:00Z,103127,104908,105585,100966,102639,2269,2.21,35913543,763284789959,4.27,0.82,0.00,0,18487371,17426172,26136823808000,20575388416000,10264563712,193464508416,178754076672,14710431744,225178488832,229624356864,-4445868032,235801174016,248511905792,-12710731776,95185047552,92610232320,2574815232,1.34,1.93,-0.58,-1.67,0.34,0,272,171,100,1,0,0,64.72,0.00,0.00,0.00,,0.00,,0.00,EastMoney,2026-06-02T19:22:28+08:00
BK1061,2026-06-02T00:00:00Z,132629,130674,132777,128719,132261,-1587,-1.20,49850924,69888535722,3.29,0.95,0.00,0,22744010,27106913,1895171152000,1752064576000,-591178240,6591099648,6835706880,-244607232,16002529536,16349100544,-346571008,22868513536,23051790848,-183277312,22785219584,22012627968,772591616,-0.85,-0.35,-0.50,-0.26,1.11,0,185,41,137,7,0,0,-83.82,0.00,0.00,0.00,,0.00,,0.00,EastMoney,2026-06-02T19:22:28+08:00
BK1063,2026-06-02T00:00:00Z,90198,88663,90388,87997,90454,-1791,-1.98,1218473,2671100699,1.82,0.88,0.00,0,546583,671890,217778896000,166630149000,-138848879,152066657,197325856,-45259199,569823536,663413216,-93589680,848719984,786925392,61794592,822206656,767994512,54212144,-5.20,-1.69,-3.50,2.31,2.03,0,19,3,16,0,0,0,44.24,0.00,0.00,0.00,,0.00,,0.00,EastMoney,2026-06-02T19:22:28+08:00
BK1064,2026-06-02T00:00:00Z,198999,197196,199104,191993,198415,-1219,-0.61,36493044,72104483338,4.00,0.96,0.00,0,17727630,18765414,1849486640000,1480599664000,1046220544,11148996352,10094907136,1054089216,17539824896,17547693568,-7868672,21749350656,23636450816,-1887100160,20266885888,19434219264,832666624,1.45,1.46,-0.01,-2.62,1.15,0,67,22,43,2,0,0,70.61,0.00,0.00,0.00,,0.00,,0.00,EastMoney,2026-06-02T19:22:28+08:00
BK1066,2026-06-02T00:00:00Z,159540,158929,159805,157220,159570,-641,-0.40,8477240,6703192422,1.60,0.86,0.00,0,3666966,4810274,379660832000,327255968000,-217601088,627941776,871761888,-243820112,1547151520,1520932496,26219024,2103203280,2134253952,-31050672,2331276384,2082624640,248651744,-3.25,-3.64,0.39,-0.46,3.71,0,22,5,17,0,0,0,25.70,0.00,0.00,0.00,,0.00,,0.00,EastMoney,2026-06-02T19:22:28+08:00
BK1068,2026-06-02T00:00:00Z,122322,120399,122755,119360,122504,-2105,-1.72,3404567,6586996290,1.14,0.92,0.00,0,1488423,1916144,1132064416000,994823872000,103581520,720493312,677550192,42943120,1746318288,1685679888,60638400,2113395872,2159394240,-45998368,1868721136,1926304304,-57583168,1.57,0.65,0.92,-0.70,-0.87,0,21,5,16,0,0,0,12.08,0.00,0.00,0.00,,0.00,,0.00,EastMoney,2026-06-02T19:22:28+08:00
BK1069,2026-06-02T00:00:00Z,177430,175193,177988,172098,177718,-2525,-1.42,4900910,5808617354,3.48,0.80,0.00,0,2179336,2721575,157243539000,140801093000,-301155376,309357696,475939632,-166581936,1248383904,1382957344,-134573440,1888163696,1842296176,45867520,2225320352,1965981248,259339104,-5.18,-2.87,-2.32,0.79,4.46,0,27,3,22,2,0,0,-95.61,0.00,0.00,0.00,,0.00,,0.00,EastMoney,2026-06-02T19:22:28+08:00
BK1070,2026-06-02T00:00:00Z,107315,106795,107760,105494,106974,-179,-0.17,11615284,7060842511,3.58,1.28,0.00,0,6421898,5193386,250920952000,235885041000,-104547808,424768768,473524096,-48755328,1785144240,1840936720,-55792480,2303549168,2209297376,94251792,2363052624,2349127856,13924768,-1.48,-0.69,-0.79,1.33,0.20,0,35,11,24,0,0,0,141.90,0.00,0.00,0.00,,0.00,,0.00,EastMoney,2026-06-02T19:22:28+08:00
BK1071,2026-06-02T00:00:00Z,157005,155270,157132,153846,156861,-1591,-1.01,31905783,40397116089,0.31,0.97,0.00,0,15986047,15919736,12998000128000,8222407168000,-379074048,5881657344,6430165760,-548508416,10685658368,10516224000,169434368,12424958720,12347803648,77155072,10651429376,10351035136,300394240,-0.94,-1.36,0.42,0.19,0.74,0,62,16,45,1,0,0,7.44,0.00,0.00,0.00,,0.00,,0.00,EastMoney,2026-06-02T19:22:28+08:00
BK1072,2026-06-02T00:00:00Z,170065,166748,170140,165079,169799,-3051,-1.80,12049768,16045203588,1.75,0.86,0.00,0,5349540,6700228,736824352000,611143136000,-636378640,1173052448,1675672880,-502620432,3404976192,3538734400,-133758208,5135737088,4923223040,212514048,5922368512,5505768192,416600320,-3.97,-3.13,-0.83,1.32,2.60,0,83,8,74,1,0,0,32.88,0.00,0.00,0.00,,0.00,,0.00,EastMoney,2026-06-02T19:22:28+08:00
BK1073,2026-06-02T00:00:00Z,129287,127304,129391,126779,129677,-2373,-1.83,2960972,3142804751,1.60,0.78,0.00,0,1317056,1643916,265383995000,218566331000,-155980331,189648665,257894596,-68245931,636410080,724144480,-87734400,1085254448,1072745808,12508640,1177120528,1033648848,143471680,-4.96,-2.17,-2.79,0.40,4.57,0,19,3,15,1,0,0,23.59,0.00,0.00,0.00,,0.00,,0.00,EastMoney,2026-06-02T19:22:28+08:00
BK1074,2026-06-02T00:00:00Z,86697,84265,86697,83788,86283,-2018,-2.34,516221,467550067,1.74,1.12,0.00,0,215164,301057,24326028000,22802307000,662773,15759233,24746807,-8987574,89774065,80123718,9650347,137991671,129627766,8363905,213559040,222585718,-9026678,0.14,-1.92,2.06,1.79,-1.93,0,6,0,6,0,0,0,99.09,0.00,0.00,0.00,,0.00,,0.00,EastMoney,2026-06-02T19:22:28+08:00
BK1075,2026-06-02T00:00:00Z,113717,111726,113906,110290,113567,-1841,-1.62,4871224,8161051270,2.49,0.79,0.00,0,2144059,2727165,319759776000,282715088000,-355951216,399248304,622666976,-223418672,1628833104,1761365648,-132532544,2805448528,2753588256,51860272,3199657936,2895566976,304090960,-4.36,-2.74,-1.62,0.64,3.73,0,38,5,33,0,0,0,-245.10,0.00,0.00,0.00,,0.00,,0.00,EastMoney,2026-06-02T19:22:28+08:00
BK1076,2026-06-02T00:00:00Z,122263,120046,122361,118895,122096,-2050,-1.68,17690119,17705603395,6.21,0.97,0.00,0,8472259,9217860,295266176000,262203864000,-175810864,3028605136,2624317984,404287152,3653552048,4233650064,-580098016,5035960320,5270766592,-234806272,5602253312,5190867712,411385600,-0.99,2.28,-3.28,-1.33,2.32,0,46,7,39,0,0,0,-98.51,0.00,0.00,0.00,,0.00,,0.00,EastMoney,2026-06-02T19:22:28+08:00
BK1077,2026-06-02T00:00:00Z,133465,132173,133594,131460,133822,-1649,-1.23,15837923,8830627696,2.17,0.87,0.00,0,6807579,9030344,403665712000,354213040000,-43340272,765558752,856396752,-90838000,2150580976,2103083248,47497728,2870321328,2773108368,97212960,2798462512,2882132272,-83669760,-0.49,-1.03,0.54,1.10,-0.95,0,42,5,37,0,0,0,35.40,0.00,0.00,0.00,,0.00,,0.00,EastMoney,2026-06-02T19:22:28+08:00
BK1078,2026-06-02T00:00:00Z,130350,127722,130395,127485,130645,-2923,-2.24,7136999,11265095616,1.92,0.93,0.00,0,3094067,4042932,576700912000,514702720000,-680708800,719796128,1132204384,-412408256,2584456128,2852756672,-268300544,3793907632,3565466304,228441328,3977086720,3524819232,452267488,-6.04,-3.66,-2.38,2.03,4.01,0,57,3,52,2,0,0,151.94,0.00,0.00,0.00,,0.00,,0.00,EastMoney,2026-06-02T19:22:28+08:00
BK1079,2026-06-02T00:00:00Z,150402,148020,150542,146562,149829,-1809,-1.21,4257631,3397648952,2.47,1.04,0.00,0,1994455,2263176,144070054000,125852592000,75026759,225995318,213139679,12855639,834443072,772271952,62171120,1094185824,1010601584,83584240,1192345424,1351263904,-158918480,2.21,0.38,1.83,2.46,-4.68,0,27,8,19,0,0,0,46.87,0.00,0.00,0.00,,0.00,,0.00,EastMoney,2026-06-02T19:22:28+08:00
BK1080,2026-06-02T00:00:00Z,117196,115243,117371,114108,116799,-1556,-1.33,22871441,19491477373,3.34,1.15,0.00,0,10912015,11959427,554799120000,478342928000,-73170480,1337563136,1476231216,-138668080,4418109696,4352612096,65497600,6197494272,6007726848,189767424,7118366464,7234194688,-115828224,-0.38,-0.71,0.34,0.97,-0.59,0,102,20,78,4,0,0,-45.27,0.00,0.00,0.00,,0.00,,0.00,EastMoney,2026-06-02T19:22:28+08:00
BK1082,2026-06-02T00:00:00Z,191570,192340,193442,187137,189836,2504,1.32,1381760,2476544576,4.44,1.13,0.00,0,720243,661517,53739487000,41019103000,-134162640,263030112,292682304,-29652192,565667456,670177904,-104510448,814212544,711264672,102947872,794882272,763667488,31214784,-5.42,-1.20,-4.22,4.16,1.26,0,9,5,4,0,0,0,80.96,0.00,0.00,0.00,,0.00,,0.00,EastMoney,2026-06-02T19:22:28+08:00
BK1086,2026-06-02T00:00:00Z,73355,72148,73355,71865,73527,-1379,-1.88,5515380,3183268180,1.91,0.98,0.00,0,2271620,3243760,211415533000,182654401000,-71217057,153608508,217567821,-63959313,652677216,659934960,-7257744,1043079552,936580784,106498768,1253525136,1288714288,-35189152,-2.24,-2.01,-0.23,3.35,-1.11,0,31,1,29,1,0,0,31.10,0.00,0.00,0.00,,0.00,,0.00,EastMoney,2026-06-02T19:22:28+08:00
BK1087,2026-06-02T00:00:00Z,172204,169709,172204,168208,173633,-3924,-2.26,58758810,51958360282,3.65,1.20,0.00,0,27049356,31709454,1489867392000,1232206416000,-3218884864,5949206528,7988901376,-2039694848,11791789312,12970979328,-1179190016,16565261568,15600377088,964884480,16341031680,14087031296,2254000384,-6.20,-3.93,-2.27,1.86,4.34,0,49,7,41,1,0,0,21.23,0.00,0.00,0.00,,0.00,,0.00,EastMoney,2026-06-02T19:22:28+08:00
BK1088,2026-06-02T00:00:00Z,521360,529288,534230,513651,518063,11225,2.17,9438407,102958421011,2.21,0.91,0.00,0,4936209,4502198,2440985696000,2385227328000,5270813696,34657956352,29586445824,5071510528,28292178176,28092875008,199303168,25154018560,29033097472,-3879078912,13120780288,14512515072,-1391734784,5.12,4.93,0.19,-3.77,-1.35,0,25,16,7,2,0,0,63.61,0.00,0.00,0.00,,0.00,,0.00,EastMoney,2026-06-02T19:22:28+08:00
BK1089,2026-06-02T00:00:00Z,222473,221253,223578,217513,221998,-745,-0.34,15577650,34167842097,2.96,0.82,0.00,0,7565455,8012195,1156217936000,975556000000,287750000,3492655344,3448362880,44292464,8195387392,7951929856,243457536,11031377664,11147508992,-116131328,10710983680,10867740672,-156756992,0.84,0.13,0.71,-0.34,-0.46,0,96,35,60,1,0,0,42.62,0.00,0.00,0.00,,0.00,,0.00,EastMoney,2026-06-02T19:22:28+08:00
BK1090,2026-06-02T00:00:00Z,217937,217353,218673,213384,217514,-161,-0.07,159263569,456571334679,2.83,0.87,0.00,0,76261002,83002566,14839441664000,12746217472000,3118370816,82191790080,76295503872,5896286208,113933320192,116711235584,-2777915392,138907688960,140493357056,-1585668096,113442107392,114879492096,-1437384704,0.68,1.29,-0.61,-0.35,-0.31,0,700,259,432,9,0,0,45.91,0.00,0.00,0.00,,0.00,,0.00,EastMoney,2026-06-02T19:22:28+08:00
BK1092,2026-06-02T00:00:00Z,233743,235156,237182,228562,233786,1370,0.59,1992290,21889267890,2.20,0.83,0.00,0,1009141,983148,2163163008000,1988474128000,1724273024,6343459840,4197362560,2146097280,6892124928,7313949184,-421824256,6308393984,7838082560,-1529688576,1595669056,1790253600,-194584544,7.88,9.80,-1.93,-6.99,-0.89,0,8,6,2,0,0,0,26.68,0.00,0.00,0.00,,0.00,,0.00,EastMoney,2026-06-02T19:22:28+08:00
BK1093,2026-06-02T00:00:00Z,141075,141413,142141,138887,140667,746,0.53,4481853,10674889000,2.74,1.00,0.00,0,2300910,2180943,375647904000,340077552000,123226320,1336816000,1229161200,107654800,2685264832,2669693312,15571520,3302466112,3277397328,25068784,3212704800,3360999904,-148295104,1.15,1.01,0.15,0.23,-1.39,0,28,13,15,0,0,0,58.65,0.00,0.00,0.00,,0.00,,0.00,EastMoney,2026-06-02T19:22:28+08:00
BK1094,2026-06-02T00:00:00Z,114527,113805,114676,111429,114640,-835,-0.73,48930208,41919914946,5.33,0.80,0.00,0,24089631,24840577,928279520000,868207840000,-1062039552,7801841152,7806789632,-4948480,9653492992,10710584064,-1057091072,12463404288,12845050112,-381645824,11279762944,9836544768,1443218176,-2.53,-0.01,-2.52,-0.91,3.44,0,47,14,33,0,0,0,-35.63,0.00,0.00,0.00,,0.00,,0.00,EastMoney,2026-06-02T19:22:28+08:00
BK1095,2026-06-02T00:00:00Z,141392,140025,141563,138153,141574,-1549,-1.09,21756995,11462941295,2.42,0.98,0.00,0,9950414,11806581,585124560000,531108576000,-519346848,1557835680,1742108800,-184273120,2746811680,3081885408,-335073728,3424871792,3302494384,122377408,3555439184,3158469712,396969472,-4.53,-1.61,-2.92,1.07,3.46,0,22,3,19,0,0,0,46.41,0.00,0.00,0.00,,0.00,,0.00,EastMoney,2026-06-02T19:22:28+08:00
BK1097,2026-06-02T00:00:00Z,105629,103950,105652,101557,104718,-768,-0.73,19332094,29691583216,3.65,0.91,0.00,0,8606850,10725244,829081696000,734490432000,-1352520656,3093470880,3653906800,-560435920,6641055488,7433140224,-792084736,9510706432,9464335616,46370816,9897874432,8591724544,1306149888,-4.56,-1.89,-2.67,0.16,4.40,0,44,11,33,0,0,0,-25.78,0.00,0.00,0.00,,0.00,,0.00,EastMoney,2026-06-02T19:22:28+08:00
BK1098,2026-06-02T00:00:00Z,118835,118608,119037,117277,119813,-1205,-1.01,8189893,7105243503,3.22,1.00,0.00,0,3833662,4356231,259071644000,229521698000,318020992,918197552,506778800,411418752,1545885728,1639283488,-93397760,2160645520,2340295840,-179650320,2356516528,2494887232,-138370704,4.48,5.79,-1.31,-2.53,-1.95,0,29,6,22,1,0,0,24.74,0.00,0.00,0.00,,0.00,,0.00,EastMoney,2026-06-02T19:22:28+08:00
BK1099,2026-06-02T00:00:00Z,111890,110279,112182,108316,111669,-1390,-1.24,653179,1023848222,1.77,0.74,0.00,0,307315,345865,68233540000,60453741000,2521664,44990390,43931576,1058814,183501609,182038759,1462850,330422656,330685056,-262400,454736224,456995488,-2259264,0.25,0.10,0.14,-0.03,-0.22,0,9,1,7,1,0,0,31.76,0.00,0.00,0.00,,0.00,,0.00,EastMoney,2026-06-02T19:22:28+08:00
BK1100,2026-06-02T00:00:00Z,194355,193277,195916,190369,193255,22,0.01,17051935,39000308244,3.02,0.74,0.00,0,7879228,9172708,1223254736000,1054375792000,452263168,5283815936,4705858048,577957888,9521311744,9647006464,-125694720,12972669952,13154168832,-181498880,10463412480,10731437568,-268025088,1.16,1.48,-0.32,-0.47,-0.69,0,84,31,52,1,0,0,74.42,0.00,0.00,0.00,,0.00,,0.00,EastMoney,2026-06-02T19:22:28+08:00
BK1101,2026-06-02T00:00:00Z,358628,365923,369520,352094,358714,7209,2.01,22733575,121981147623,12.81,0.89,0.00,0,11331424,11402151,2442936400000,1920673264000,-1519914752,27936097280,27833021696,103075584,39334608384,40957598720,-1622990336,31838302720,31488467968,349834752,20371315456,19187292672,1184022784,-1.25,0.08,-1.33,0.29,0.97,0,39,21,18,0,0,0,162.59,0.00,0.00,0.00,,0.00,,0.00,EastMoney,2026-06-02T19:22:28+08:00
BK1102,2026-06-02T00:00:00Z,175393,173605,176086,171418,175229,-1624,-0.93,7529659,19980124212,1.83,0.81,0.00,0,3569124,3960535,1569567520000,1359919632000,-222421744,2048089904,2272903712,-224813808,4805013248,4802621184,2392064,6507623424,6567504640,-59881216,6267464960,5985162240,282302720,-1.11,-1.13,0.01,-0.30,1.41,0,35,13,21,1,0,0,14.95,0.00,0.00,0.00,,0.00,,0.00,EastMoney,2026-06-02T19:22:28+08:00
BK1103,2026-06-02T00:00:00Z,114995,113271,115045,111757,114957,-1686,-1.47,3615401,4182694391,3.46,1.37,0.00,0,1782236,1833166,122033296000,119601553000,-180909442,239415166,455188816,-215773650,1004047360,969183152,34864208,1374620896,1274991200,99629696,1438624928,1360104096,78520832,-4.33,-5.16,0.83,2.38,1.88,0,11,1,10,0,0,0,24.93,0.00,0.00,0.00,,0.00,,0.00,EastMoney,2026-06-02T19:22:28+08:00
BK1104,2026-06-02T00:00:00Z,191689,189559,191798,186565,190984,-1425,-0.75,55106106,150851689062,3.56,0.94,0.00,0,25417891,29688215,4399662848000,3952514160000,-2713980160,21441634048,23132020224,-1690386176,37688108544,38711702528,-1023593984,53096570368,51149321472,1947248896,35111579904,34162428928,949150976,-1.80,-1.12,-0.68,1.29,0.63,0,245,59,179,7,0,0,171.29,0.00,0.00,0.00,,0.00,,0.00,EastMoney,2026-06-02T19:22:28+08:00
BK1106,2026-06-02T00:00:00Z,137773,135251,137773,134557,137995,-2744,-1.99,20527748,41170886656,1.48,0.88,0.00,0,9411166,11116581,3264446928000,2548974208000,-2350992736,3274462880,4759255808,-1484792928,9634195200,10500395008,-866199808,14343628032,13677171200,666456832,13058567424,11391008256,1667559168,-5.71,-3.61,-2.10,1.62,4.05,0,174,24,149,1,0,0,50.11,0.00,0.00,0.00,,0.00,,0.00,EastMoney,2026-06-02T19:22:28+08:00
BK1107,2026-06-02T00:00:00Z,135458,136805,137354,134806,135747,1058,0.78,10562212,16320370382,0.88,0.98,0.00,0,5551593,5010619,1813483216000,1519684816000,106375152,3362442848,3913544336,-551101488,4903557120,4246080480,657476640,4698841088,4653511680,45329408,3161657808,3313362544,-151704736,0.65,-3.38,4.03,0.28,-0.93,0,14,10,4,0,0,0,11.96,0.00,0.00,0.00,,0.00,,0.00,EastMoney,2026-06-02T19:22:28+08:00
BK1108,2026-06-02T00:00:00Z,136283,135227,136328,132638,135600,-373,-0.28,7673190,45047168721,1.79,0.84,0.00,0,3765125,3908064,2414764528000,1569513408000,-925507840,8426163968,8636470272,-210306304,13113789184,13828990720,-715201536,15504327168,14868262144,636065024,7404031488,7114588672,289442816,-2.05,-0.47,-1.59,1.41,0.64,0,45,19,26,0,0,0,127.73,0.00,0.00,0.00,,0.00,,0.00,EastMoney,2026-06-02T19:22:28+08:00
BK1109,2026-06-02T00:00:00Z,106645,104897,106645,104465,106324,-1427,-1.34,4708120,3414804602,2.06,0.70,0.00,0,1829586,2878533,131710915000,120817156000,-135462682,222123718,313779760,-91656042,775798832,819605472,-43806640,1163372096,1116894896,46477200,1177762064,1088776576,88985488,-3.97,-2.68,-1.28,1.36,2.61,0,14,2,12,0,0,0,113.54,0.00,0.00,0.00,,0.00,,0.00,EastMoney,2026-06-02T19:22:28+08:00
BK1110,2026-06-02T00:00:00Z,186733,181213,186733,178663,186089,-4876,-2.62,22008323,28450029361,4.98,1.01,0.00,0,9569077,12439246,506134240000,471669328000,-2596297712,2153582912,3599228720,-1445645808,6242756608,7393408512,-1150651904,9687008256,9053886976,633121280,9788682496,7825506048,1963176448,-9.13,-5.08,-4.04,2.23,6.90,0,49,4,45,0,0,0,-103.33,0.00,0.00,0.00,,0.00,,0.00,EastMoney,2026-06-02T19:22:28+08:00
BK1111,2026-06-02T00:00:00Z,214609,209008,214609,206653,214297,-5289,-2.47,48477915,74954830381,4.08,0.99,0.00,0,21206275,27271640,2033434768000,1793536752000,-5577614848,7457378560,10923523328,-3466144768,17518728448,19630198528,-2111470080,25139469824,23577100288,1562369536,23331480064,19367452160,3964027904,-7.44,-4.62,-2.82,2.08,5.29,0,114,14,98,2,0,0,67.53,0.00,0.00,0.00,,0.00,,0.00,EastMoney,2026-06-02T19:22:28+08:00
BK1112,2026-06-02T00:00:00Z,146621,145429,146868,144976,146668,-1239,-0.84,147834205,90545698409,0.60,0.97,0.00,0,68919534,78914670,23243504640000,16883570176000,-1503094784,14001419008,15371189504,-1369770496,23136457728,23269782016,-133324288,26746078976,25992037632,754041344,25149979904,24400785408,749194496,-1.66,-1.51,-0.15,0.83,0.83,0,342,65,257,20,0,0,8.92,0.00,0.00,0.00,,0.00,,0.00,EastMoney,2026-06-02T19:22:28+08:00
BK1113,2026-06-02T00:00:00Z,208209,212793,213176,204592,208566,4227,2.03,14270006,32892185477,6.83,1.15,0.00,0,7352027,6917979,580833120000,507267216000,-630655488,5324125952,5667329024,-343203072,8116144640,8403597056,-287452416,9800146176,9729501184,70644992,8977609216,8417598720,560010496,-1.92,-1.04,-0.87,0.21,1.70,0,30,19,11,0,0,0,232.04,0.00,0.00,0.00,,0.00,,0.00,EastMoney,2026-06-02T19:22:28+08:00
BK1115,2026-06-02T00:00:00Z,157032,154656,157122,153659,156819,-2163,-1.38,35805734,47360985003,2.71,0.96,0.00,0,15428655,20377079,1636283296000,1358433056000,-1928132864,5052619264,6126871040,-1074251776,10819718912,11673600000,-853881088,14981241344,14191579904,789661440,15099380992,13825867264,1273513728,-4.07,-2.27,-1.80,1.67,2.69,0,165,29,135,1,0,0,39.08,0.00,0.00,0.00,,0.00,,0.00,EastMoney,2026-06-02T19:22:28+08:00
BK1116,2026-06-02T00:00:00Z,169168,167950,169678,165927,168233,-283,-0.17,3389907,6255302702,3.45,1.16,0.00,0,1628781,1761125,150874139000,121754468000,322407472,1596683232,1113355488,483327744,1526868656,1687788928,-160920272,1645543760,1829264016,-183720256,1415805392,1554492624,-138687232,5.15,7.73,-2.57,-2.94,-2.22,0,16,3,13,0,0,0,55.47,0.00,0.00,0.00,,0.00,,0.00,EastMoney,2026-06-02T19:22:28+08:00
BK1118,2026-06-02T00:00:00Z,150879,146716,150879,144936,150341,-3625,-2.41,9782415,12259464646,4.73,1.04,0.00,0,4405584,5376831,247348886000,236128600000,-565160016,753044800,1090887760,-337842960,2776622672,3003939728,-227317056,4093141856,3935194768,157947088,4341267200,3934054368,407212832,-4.61,-2.76,-1.85,1.29,3.32,0,33,2,30,1,0,0,-52.65,0.00,0.00,0.00,,0.00,,0.00,EastMoney,2026-06-02T19:22:28+08:00
BK1119,2026-06-02T00:00:00Z,165032,165752,167173,162377,164242,1510,0.92,1664851,8520549311,2.31,0.76,0.00,0,845739,819112,410571008000,357097216000,235536368,1567955136,1474808928,93146208,2177280048,2034889888,142390160,2704721200,2590154656,114566544,1935765024,2285867936,-350102912,2.76,1.09,1.67,1.34,-4.11,0,10,7,3,0,0,0,54.94,0.00,0.00,0.00,,0.00,,0.00,EastMoney,2026-06-02T19:22:28+08:00
BK1121,2026-06-02T00:00:00Z,214950,210607,215047,207626,214525,-3918,-1.83,1697421,3032708604,1.77,0.63,0.00,0,769872,927549,98526404000,85313431000,-155086640,288281152,389492128,-101210976,773032800,826908464,-53875664,1087141568,1068136224,19005344,847869008,711787728,136081280,-5.11,-3.34,-1.78,0.63,4.49,0,4,1,3,0,0,0,68.90,0.00,0.00,0.00,,0.00,,0.00,EastMoney,2026-06-02T19:22:28+08:00
BK1124,2026-06-02T00:00:00Z,236876,238306,240260,232883,238030,276,0.12,16246865,64480103099,4.76,1.00,0.00,0,8465359,7781506,1187142400000,1053522016000,1102113024,14868507904,12509935616,2358572288,15068120320,16324579584,-1256459264,17916475136,19257118464,-1340643328,15391459328,15178403072,213056256,1.71,3.66,-1.95,-2.08,0.33,0,51,19,29,3,0,0,46.36,0.00,0.00,0.00,,0.00,,0.00,EastMoney,2026-06-02T19:22:28+08:00
BK1125,2026-06-02T00:00:00Z,180211,179112,180841,175889,180386,-1274,-0.71,9689391,11100863630,5.72,1.08,0.00,0,4746685,4942706,350067600000,299639696000,-353593728,986865216,1304700800,-317835584,2365718864,2401477008,-35758144,3692525920,3637484928,55040992,3824744512,3526191776,298552736,-3.19,-2.86,-0.32,0.50,2.69,0,26,11,15,0,0,0,-3930.37,0.00,0.00,0.00,,0.00,,0.00,EastMoney,2026-06-02T19:22:28+08:00
BK1126,2026-06-02T00:00:00Z,209308,203758,209308,201747,208906,-5148,-2.46,29740299,55309257789,4.50,1.02,0.00,0,13015410,16724889,1243342592000,1083805040000,-3778697728,5296116736,7508756480,-2212639744,13376469760,14942527744,-1566057984,19057854720,17904011520,1153843200,16574258688,13949404160,2624854528,-6.83,-4.00,-2.83,2.09,4.75,0,67,9,57,1,0,0,270.80,0.00,0.00,0.00,,0.00,,0.00,EastMoney,2026-06-02T19:22:28+08:00
BK1127,2026-06-02T00:00:00Z,200588,200797,202527,194487,199701,1096,0.55,17815264,78341976445,4.17,0.78,0.00,0,8938196,8877069,3191731600000,2547818864000,-1036668672,18125594880,17668534784,457060096,27534650624,29028379392,-1493728768,21451044608,21053958656,397085952,10143795712,9493345280,650450432,-1.32,0.58,-1.91,0.51,0.83,0,39,17,21,1,0,0,202.91,0.00,0.00,0.00,,0.00,,0.00,EastMoney,2026-06-02T19:22:28+08:00
BK1128,2026-06-02T00:00:00Z,932245,968080,971924,918523,924449,43631,4.72,40415287,335274975341,5.71,0.91,0.00,0,21546072,18869215,7436724992000,7009969664000,16766787584,102742700032,85982756864,16759943168,92567650304,92560805888,6844416,86920577024,99310206976,-12389629952,47578146304,51847972352,-4269826048,5.00,5.00,0.00,-3.70,-1.27,0,54,45,9,0,0,0,66.43,0.00,0.00,0.00,,0.00,,0.00,EastMoney,2026-06-02T19:22:28+08:00
BK1129,2026-06-02T00:00:00Z,105043,104364,105348,102509,104403,-39,-0.04,6049122,8432531202,5.04,0.98,0.00,0,2960965,3088158,112676292000,104456939000,216656560,904286320,727690816,176595504,2022270864,1982209808,40061056,2737318464,2784329392,-47010928,2574300416,2743946048,-169645632,2.57,2.09,0.48,-0.56,-2.01,0,18,5,11,2,0,0,-24.13,0.00,0.00,0.00,,0.00,,0.00,EastMoney,2026-06-02T19:22:28+08:00
BK1130,2026-06-02T00:00:00Z,156097,154586,156508,150828,156061,-1475,-0.95,4464932,8266975486,2.80,0.90,0.00,0,2100680,2364252,318958240000,289549984000,-550028176,500294208,771912528,-271618320,1667976192,1946386048,-278409856,2760212064,2672793792,87418272,3220324432,2754852288,465472144,-6.65,-3.29,-3.37,1.06,5.63,0,27,6,19,2,0,0,-589.32,0.00,0.00,0.00,,0.00,,0.00,EastMoney,2026-06-02T19:22:28+08:00
BK1131,2026-06-02T00:00:00Z,244269,239672,245474,237819,244152,-4480,-1.83,1968066,4588630449,4.11,0.84,0.00,0,930160,1037906,114757573000,110187291000,-282058832,346359568,506051136,-159691568,1056913296,1179280560,-122367264,1662909488,1540396960,122512528,1434961184,1275414896,159546288,-6.15,-3.48,-2.67,2.67,3.48,0,7,2,5,0,0,0,48.86,0.00,0.00,0.00,,0.00,,0.00,EastMoney,2026-06-02T19:22:28+08:00
BK1132,2026-06-02T00:00:00Z,114224,111616,114224,109593,113340,-1724,-1.52,1955457,5283705883,3.01,0.82,0.00,0,877626,1077831,155133880000,150492389000,-120753040,562850272,570009840,-7159568,1337390640,1450984112,-113593472,1895623712,1779793424,115830288,1361218560,1356295824,4922736,-2.29,-0.14,-2.15,2.19,0.09,0,10,2,8,0,0,0,81.99,0.00,0.00,0.00,,0.00,,0.00,EastMoney,2026-06-02T19:22:28+08:00
BK1133,2026-06-02T00:00:00Z,144110,141117,144127,139959,143521,-2404,-1.68,4284081,7709047665,3.04,1.01,0.00,0,1969739,2314342,273995728000,233899932000,-189385936,547506336,770459280,-222952944,1700987344,1667420336,33567008,2614352064,2471274352,143077712,2689167728,2643927632,45240096,-2.46,-2.89,0.44,1.86,0.59,0,23,4,19,0,0,0,89.43,0.00,0.00,0.00,,0.00,,0.00,EastMoney,2026-06-02T19:22:28+08:00
BK1134,2026-06-02T00:00:00Z,209305,207632,209423,202703,208541,-909,-0.44,77999780,312982398713,2.62,0.94,0.00,0,38562754,39437026,12714480384000,9556076544000,5962305536,79762423808,72225157120,7537266688,91120484352,92695445504,-1574961152,87114702848,92948422656,-5833719808,49318577408,49461406976,-142829568,1.90,2.41,-0.50,-1.86,-0.05,0,200,65,131,4,0,0,44.64,0.00,0.00,0.00,,0.00,,0.00,EastMoney,2026-06-02T19:22:28+08:00
BK1135,2026-06-02T00:00:00Z,124197,122132,124257,120198,124020,-1888,-1.52,38198952,64696805667,2.69,0.92,0.00,0,17220492,20978460,1994068816000,1732813472000,-1362802176,7145518336,7787966720,-642448384,15369148672,16089502464,-720353792,21489801216,20646269440,843531776,19401367808,18857810432,543557376,-2.11,-0.99,-1.11,1.30,0.84,0,161,25,131,5,0,0,81.65,0.00,0.00,0.00,,0.00,,0.00,EastMoney,2026-06-02T19:22:28+08:00
BK1136,2026-06-02T00:00:00Z,414680,431841,434678,410799,413676,18165,4.39,45592570,347909450853,6.43,0.97,0.00,0,24470591,21121979,7071896832000,6256439552000,17498632192,107000520704,86952734720,20047785984,97000456192,99549609984,-2549153792,87036452864,100362395648,-13325942784,50906863616,54921443328,-4014579712,5.03,5.76,-0.73,-3.83,-1.15,0,90,71,16,3,0,0,93.67,0.00,0.00,0.00,,0.00,,0.00,EastMoney,2026-06-02T19:22:28+08:00
BK1137,2026-06-02T00:00:00Z,296864,299735,303410,289823,295813,3922,1.33,49461602,303343918402,6.19,0.81,0.00,0,24767103,24694499,7720235776000,5589351424000,-2467723008,63296234496,63985335040,-689100544,82252705792,84031328256,-1778622464,101793931264,101602480128,191451136,50953558016,48710824704,2242733312,-0.81,-0.23,-0.59,0.06,0.74,0,117,66,46,5,0,0,116.13,0.00,0.00,0.00,,0.00,,0.00,EastMoney,2026-06-02T19:22:28+08:00
BK1138,2026-06-02T00:00:00Z,223524,225217,226069,218309,222646,2571,1.15,62805471,246006497792,4.42,1.01,0.00,0,31995091,30810380,6700930048000,6341850368000,10488545024,54607011072,44467522816,10139488256,62856908032,62507851264,349056768,68864286720,74906988544,-6042701824,55593423616,59980767488,-4387343872,4.26,4.12,0.14,-2.46,-1.78,0,135,74,60,1,0,0,40.42,0.00,0.00,0.00,,0.00,,0.00,EastMoney,2026-06-02T19:22:28+08:00
BK1139,2026-06-02T00:00:00Z,121712,121469,121733,120731,121767,-298,-0.24,82995498,93851204248,0.41,1.03,0.00,0,40219451,42776047,25766725120000,15873124352000,-2064387072,15600458496,17133604608,-1533146112,23530520576,24061761536,-531240960,28295676928,27678413312,617263616,25008069376,23560945664,1447123712,-2.20,-1.63,-0.57,0.66,1.54,0,81,33,47,1,0,0,10.30,0.00,0.00,0.00,,0.00,,0.00,EastMoney,2026-06-02T19:22:28+08:00
BK1141,2026-06-02T00:00:00Z,210124,210273,211559,206071,209085,1188,0.57,45995692,69817242163,6.45,0.76,0.00,0,23202447,22793244,1599085728000,1513883936000,-329220352,14953133568,14180568320,772565248,17835143424,18936929024,-1101785600,20017370112,20410321408,-392951296,15696200960,14974029568,722171392,-0.47,1.11,-1.58,-0.56,1.03,0,30,15,15,0,0,0,46.03,0.00,0.00,0.00,,0.00,,0.00,EastMoney,2026-06-02T19:22:28+08:00
BK1142,2026-06-02T00:00:00Z,138015,137564,138773,135660,138123,-559,-0.40,39912453,24778956425,7.46,0.77,0.00,0,20285481,19626972,380110640000,356436448000,228235776,5860341760,5371351552,488990208,5826300928,6087055360,-260754432,6716987136,7021011712,-304024576,5745756160,5669967360,75788800,0.92,1.97,-1.05,-1.23,0.31,0,24,8,15,1,0,0,63.52,0.00,0.00,0.00,,0.00,,0.00,EastMoney,2026-06-02T19:22:28+08:00
BK1143,2026-06-02T00:00:00Z,160170,157125,160392,154637,159804,-2679,-1.68,3514567,7567169434,3.03,0.84,0.00,0,1587231,1927335,175903616000,149038389000,173102800,528807296,573391472,-44584176,1787763744,1570076768,217686976,2562920528,2461757120,101163408,2521457504,2792861520,-271404016,2.29,-0.59,2.88,1.34,-3.59,0,24,5,19,0,0,0,-9757.08,0.00,0.00,0.00,,0.00,,0.00,EastMoney,2026-06-02T19:22:28+08:00
BK1144,2026-06-02T00:00:00Z,168586,168699,169599,164228,168814,-115,-0.07,15022634,50722179370,4.41,0.88,0.00,0,7284695,7737939,941170752000,840621728000,146982144,9391941888,9020107776,371834112,12235403008,12460254976,-224851968,14986181120,15430604288,-444423168,13022995200,12725554432,297440768,0.29,0.73,-0.44,-0.88,0.59,0,57,23,34,0,0,0,57.20,0.00,0.00,0.00,,0.00,,0.00,EastMoney,2026-06-02T19:22:28+08:00
BK1145,2026-06-02T00:00:00Z,214885,214349,217654,211668,212470,1879,0.88,5753217,30033134183,3.03,0.72,0.00,0,2831023,2922193,854313568000,789149392000,183471200,4236481760,3995357824,241123936,7633180672,7690833408,-57652736,10209045760,10288140800,-79095040,7506393856,7610770176,-104376320,0.61,0.80,-0.19,-0.26,-0.35,0,35,19,16,0,0,0,59.31,0.00,0.00,0.00,,0.00,,0.00,EastMoney,2026-06-02T19:22:28+08:00
BK1146,2026-06-02T00:00:00Z,117425,115326,117425,115011,117446,-2120,-1.81,4781137,10903988228,1.60,0.91,0.00,0,2187896,2593241,805519360000,744094800000,-528461488,985274768,1394919440,-409644672,2723230768,2842047584,-118816816,3555739552,3362738416,193001136,3419279664,3085478272,333801392,-4.85,-3.76,-1.09,1.77,3.06,0,35,4,31,0,0,0,107.59,0.00,0.00,0.00,,0.00,,0.00,EastMoney,2026-06-02T19:22:28+08:00
BK1147,2026-06-02T00:00:00Z,101238,99653,101409,99342,101284,-1631,-1.61,1520360,1608155814,1.68,0.86,0.00,0,648996,871364,89719241000,73490543000,-24098080,50097222,61890662,-11793440,312186608,324491248,-12304640,550794704,531205888,19588816,672691136,668181872,4509264,-1.50,-0.73,-0.77,1.22,0.28,0,13,1,12,0,0,0,63.75,0.00,0.00,0.00,,0.00,,0.00,EastMoney,2026-06-02T19:22:28+08:00
BK1148,2026-06-02T00:00:00Z,142841,141893,143095,137273,141928,-35,-0.02,9966472,23369311974,2.69,0.92,0.00,0,4582963,5383509,677712352000,644003552000,-43049872,3940829440,3892000400,48829040,5649868288,5741747200,-91878912,7987455488,8732936960,-745481472,5350060288,4583534848,766525440,-0.18,0.21,-0.39,-3.19,3.28,0,26,8,18,0,0,0,-26.54,0.00,0.00,0.00,,0.00,,0.00,EastMoney,2026-06-02T19:22:28+08:00
BK1150,2026-06-02T00:00:00Z,160833,160232,161259,157023,160153,79,0.05,26178165,83031168494,3.02,0.95,0.00,0,13048140,13130024,3108463952000,2885924352000,2690353920,18393835008,15270694656,3123140352,20393278208,20826064640,-432786432,22668165376,24116593920,-1448428544,20268829440,21512850944,-1244021504,3.24,3.76,-0.52,-1.74,-1.50,0,101,36,64,1,0,0,55.83,0.00,0.00,0.00,,0.00,,0.00,EastMoney,2026-06-02T19:22:28+08:00
BK1151,2026-06-02T00:00:00Z,131802,126873,131802,125967,131590,-4717,-3.58,21439564,25053807023,4.69,0.99,0.00,0,9216701,12222863,507980880000,460709344000,-2783159760,2021643072,3526209552,-1504566480,5587085312,6865678592,-1278593280,8611289600,7990148096,621141504,8358237184,6196218624,2162018560,-11.11,-6.01,-5.10,2.48,8.63,0,35,0,35,0,0,0,-5339.87,0.00,0.00,0.00,,0.00,,0.00,EastMoney,2026-06-02T19:22:28+08:00
BK1152,2026-06-02T00:00:00Z,239254,245782,249325,236380,238460,7322,3.07,8770665,71520016826,7.37,0.89,0.00,0,4698378,4072287,1928355632000,1733467696000,442615040,14239418880,13099235584,1140183296,20070621952,20768190208,-697568256,26541094400,26944731648,-403637248,9521021440,9448676352,72345088,0.62,1.59,-0.98,-0.56,0.10,0,28,20,8,0,0,0,105.75,0.00,0.00,0.00,,0.00,,0.00,EastMoney,2026-06-02T19:22:28+08:00
BK1153,2026-06-02T00:00:00Z,136218,133559,136296,131753,135474,-1915,-1.41,18238747,42153840129,3.66,0.99,0.00,0,8234908,10003839,1151458736000,939038336000,-2319653312,3791754304,5408726272,-1616971968,10334364160,11037045504,-702681344,14070129920,13060461824,1009668096,12641239296,11208179712,1433059584,-5.50,-3.84,-1.67,2.40,3.40,0,67,11,54,2,0,0,116.08,0.00,0.00,0.00,,0.00,,0.00,EastMoney,2026-06-02T19:22:28+08:00
BK1155,2026-06-02T00:00:00Z,180903,180599,181729,177908,180161,438,0.24,23422787,97897515798,2.80,0.85,0.00,0,11404983,12017804,5198133248000,4175150048000,4583544576,23695770880,17989192704,5706578176,25602968320,26726001920,-1123033600,29014389504,32114949888,-3100560384,17550958592,19038068224,-1487109632,4.68,5.83,-1.15,-3.17,-1.52,0,104,41,61,2,0,0,34.47,0.00,0.00,0.00,,0.00,,0.00,EastMoney,2026-06-02T19:22:28+08:00
BK1156,2026-06-02T00:00:00Z,194489,192907,195122,189239,194122,-1215,-0.63,9480013,27507623171,3.56,0.80,0.00,0,4690944,4789069,911622928000,753026656000,112413584,3383954112,3334117168,49836944,6648539392,6585962752,62576640,8696182528,9152154624,-455972096,8262064896,7919838976,342225920,0.41,0.18,0.23,-1.66,1.24,0,44,14,30,0,0,0,48.23,0.00,0.00,0.00,,0.00,,0.00,EastMoney,2026-06-02T19:22:28+08:00
BK1157,2026-06-02T00:00:00Z,212272,212565,213441,208099,211929,636,0.30,17722980,38986789644,2.88,0.91,0.00,0,8962710,8760270,1210354704000,1036952016000,-69420800,4502508544,4536075264,-33566720,9208430080,9244284160,-35854080,12617052928,12394889472,222163456,11890591488,12014967552,-124376064,-0.18,-0.09,-0.09,0.57,-0.32,0,86,38,48,0,0,0,154.69,0.00,0.00,0.00,,0.00,,0.00,EastMoney,2026-06-02T19:22:28+08:00
BK1158,2026-06-02T00:00:00Z,370723,359648,371176,357569,369821,-10173,-2.75,26262074,22516647467,2.91,0.96,0.00,0,11653311,14608764,908729312000,795475808000,267714240,474460432,481471728,-7011296,3042342288,2767616752,274725536,7109179904,6027122944,1082056960,11537515264,12887286528,-1349771264,1.19,-0.03,1.22,4.81,-5.99,0,400,14,380,6,0,0,-71.65,0.00,0.00,0.00,,0.00,,0.00,EastMoney,2026-06-02T19:22:28+08:00
BK1160,2026-06-02T00:00:00Z,235512,240071,240960,232292,235413,4658,1.98,64935348,110808234771,6.01,0.75,0.00,0,32528355,32406992,1882432640000,1690136464000,1246860800,22648025856,21444798720,1203227136,28547791872,28504158208,43633664,32140660736,32609719040,-469058304,25383055104,26160857600,-777802496,1.13,1.09,0.04,-0.42,-0.70,0,74,47,27,0,0,0,91.28,0.00,0.00,0.00,,0.00,,0.00,EastMoney,2026-06-02T19:22:28+08:00
BK1161,2026-06-02T00:00:00Z,238140,240645,242161,233537,237202,3443,1.45,24122449,138504548262,4.31,0.99,0.00,0,12241239,11881209,4037917472000,3433583920000,4283196160,33315610624,29345930496,3969680128,36938704128,36625188096,313516032,38814721536,41471606016,-2656884480,26736318720,28255297536,-1518978816,3.09,2.87,0.23,-1.92,-1.10,0,60,33,27,0,0,0,60.59,0.00,0.00,0.00,,0.00,,0.00,EastMoney,2026-06-02T19:22:28+08:00
BK1162,2026-06-02T00:00:00Z,208935,210389,212472,205296,208302,2087,1.00,12275194,55271377942,4.36,0.80,0.00,0,5831730,6443464,1346702976000,1204954528000,-467271168,11614017536,11540818688,73198848,14332578560,14873048576,-540470016,18463756032,17792051456,671704576,9979870976,10184304384,-204433408,-0.85,0.13,-0.98,1.22,-0.37,0,34,19,15,0,0,0,52.69,0.00,0.00,0.00,,0.00,,0.00,EastMoney,2026-06-02T19:22:28+08:00
BK1163,2026-06-02T00:00:00Z,254668,255064,256308,247565,254478,586,0.23,41552937,91468205851,2.22,1.01,0.00,0,20478406,21074531,2490628928000,2254685232000,1438501632,18008629504,14979872256,3028757248,22137147648,23727403264,-1590255616,26943609344,29066711808,-2123102464,23077266432,22396669440,680596992,1.57,3.31,-1.74,-2.32,0.74,0,78,31,44,3,0,0,42.32,0.00,0.00,0.00,,0.00,,0.00,EastMoney,2026-06-02T19:22:28+08:00
BK1164,2026-06-02T00:00:00Z,297100,301017,302495,292827,294259,6758,2.30,20138079,111517182324,5.29,1.09,0.00,0,10022698,10115381,2307112736000,1988753696000,-771811072,24137644032,24889678848,-752034816,31008995072,31028771328,-19776256,37499025920,36273816832,1225209088,15907705856,16226880768,-319174912,-0.69,-0.67,-0.02,1.10,-0.29,0,46,27,18,1,0,0,58.74,0.00,0.00,0.00,,0.00,,0.00,EastMoney,2026-06-02T19:22:28+08:00
BK1166,2026-06-02T00:00:00Z,173794,172804,174032,169587,173674,-870,-0.50,63322214,137229254109,2.72,0.87,0.00,0,31342787,31979427,4468108032000,3918355504000,-2187941632,17032725248,17424750080,-392024832,32266412544,34062329344,-1795916800,43260374784,42863898368,396476416,42269614080,40460342784,1809271296,-1.59,-0.29,-1.31,0.29,1.32,0,294,88,199,7,0,0,179.56,0.00,0.00,0.00,,0.00,,0.00,EastMoney,2026-06-02T19:22:28+08:00
BK1168,2026-06-02T00:00:00Z,298502,307134,308782,294653,297700,9434,3.17,19233076,72285427858,6.29,1.26,0.00,0,10184804,9048272,1414000256000,1293892464000,3286032128,16492827392,13095836160,3396991232,18465937920,18576897024,-110959104,20765456896,22777653760,-2012196864,15093708544,16253085952,-1159377408,4.55,4.70,-0.15,-2.78,-1.60,0,39,30,9,0,0,0,52.46,0.00,0.00,0.00,,0.00,,0.00,EastMoney,2026-06-02T19:22:28+08:00
BK1169,2026-06-02T00:00:00Z,121868,119001,121868,117324,121931,-2930,-2.40,5648830,20642805721,4.61,1.00,0.00,0,2541235,3107596,473916752000,446196928000,-931555072,2617099568,3120138544,-503038976,5535977216,5964493312,-428516096,7282497024,7112176384,170320640,4766974208,4005739648,761234560,-4.51,-2.44,-2.08,0.83,3.69,0,16,2,13,1,0,0,37.83,0.00,0.00,0.00,,0.00,,0.00,EastMoney,2026-06-02T19:22:28+08:00
BK1170,2026-06-02T00:00:00Z,131102,129288,131209,127991,131327,-2039,-1.55,9726890,14513886346,2.26,0.88,0.00,0,4363920,5362970,643175792000,576710144000,-501013744,1102050432,1396872144,-294821712,3144994656,3351186688,-206192032,4728737536,4742445312,-13707776,5211670272,4696948480,514721792,-3.45,-2.03,-1.42,-0.09,3.55,0,60,9,51,0,0,0,98.83,0.00,0.00,0.00,,0.00,,0.00,EastMoney,2026-06-02T19:22:28+08:00
BK1171,2026-06-02T00:00:00Z,184874,183726,185105,180477,184896,-1170,-0.63,12480007,30616292920,3.56,0.92,0.00,0,6512016,5967991,613631264000,549471136000,1302626048,5808739328,4732562944,1076176384,7521755648,7295305984,226449664,8572263424,9704660736,-1132397312,8176067584,8329196800,-153129216,4.25,3.52,0.74,-3.70,-0.50,0,41,12,29,0,0,0,60.16,0.00,0.00,0.00,,0.00,,0.00,EastMoney,2026-06-02T19:22:28+08:00
BK1172,2026-06-02T00:00:00Z,110628,106959,110628,106393,110257,-3298,-2.99,17293255,19541972947,4.35,1.09,0.00,0,7391275,9901980,435052000000,394919024000,-1461804096,1500358336,2379329024,-878970688,4320560128,4903393536,-582833408,6569563392,6220050432,349512960,6749761536,5637470720,1112290816,-7.48,-4.50,-2.98,1.79,5.69,0,32,2,30,0,0,0,221.73,0.00,0.00,0.00,,0.00,,0.00,EastMoney,2026-06-02T19:22:28+08:00
BK1173,2026-06-02T00:00:00Z,223786,221431,223932,215068,222749,-1318,-0.59,17980313,70515212899,2.28,0.97,0.00,0,9177232,8803081,4429843456000,3957055856000,593825536,14285652736,12251230208,2034422528,18840314368,20280911360,-1440596992,20327373824,22495046912,-2167673088,15510498048,13936650752,1573847296,0.84,2.89,-2.04,-3.07,2.23,0,37,9,28,0,0,0,24.15,0.00,0.00,0.00,,0.00,,0.00,EastMoney,2026-06-02T19:22:28+08:00
BK1174,2026-06-02T00:00:00Z,128323,126206,128349,125724,128336,-2130,-1.66,16102721,27596880551,2.25,0.88,0.00,0,7423376,8679345,1368501008000,1162905600000,-1102499088,2878447760,3264853152,-386405392,5940846336,6656940032,-716093696,8728976384,8626543872,102432512,9532061952,8552619776,979442176,-4.00,-1.40,-2.59,0.37,3.55,0,119,16,101,2,0,0,35.69,0.00,0.00,0.00,,0.00,,0.00,EastMoney,2026-06-02T19:22:28+08:00
BK1175,2026-06-02T00:00:00Z,291105,300788,302730,290249,290082,10706,3.69,46834431,98692231959,7.40,0.73,0.00,0,23839150,22995281,1359087184000,1257465248000,1096836352,22703984384,21121369088,1582615296,25416615936,25902394880,-485778944,27000618240,28277493248,-1276875008,21144062208,20851506688,292555520,1.11,1.60,-0.49,-1.29,0.30,0,37,26,11,0,0,0,82.63,0.00,0.00,0.00,,0.00,,0.00,EastMoney,2026-06-02T19:22:28+08:00
BK1176,2026-06-02T00:00:00Z,174184,170376,174292,168201,172866,-2490,-1.44,9177361,19650507794,3.27,1.25,0.00,0,4199318,4978043,471740416000,425129248000,-295101680,1623188192,2039145680,-415957488,4700280064,4579424256,120855808,6628780288,6332900096,295880192,6165636352,6162022656,3613696,-1.50,-2.12,0.62,1.51,0.02,0,41,7,34,0,0,0,-152.74,0.00,0.00,0.00,,0.00,,0.00,EastMoney,2026-06-02T19:22:28+08:00
BK1177,2026-06-02T00:00:00Z,237410,240114,241941,234229,236963,3151,1.33,47507402,71228162605,6.65,0.75,0.00,0,23968768,23538634,1438740800000,1201875968000,178096896,13743596544,13532431616,211164928,18435014144,18468082176,-33068032,20720978176,20959345408,-238367232,16890853632,16830583040,60270592,0.25,0.30,-0.05,-0.33,0.08,0,54,26,27,1,0,0,83.18,0.00,0.00,0.00,,0.00,,0.00,EastMoney,2026-06-02T19:22:28+08:00
BK1178,2026-06-02T00:00:00Z,252626,254306,256208,248445,251685,2621,1.04,44836842,166411041143,4.15,0.82,0.00,0,22267153,22569688,4216604144000,3800798576000,-155473920,34651419904,34133868800,517551104,43459290112,44132315136,-673025024,54742692096,54148154112,594537984,30188540672,30457711104,-269170432,-0.09,0.31,-0.40,0.36,-0.16,0,121,60,59,2,0,0,55.92,0.00,0.00,0.00,,0.00,,0.00,EastMoney,2026-06-02T19:22:28+08:00
BK1179,2026-06-02T00:00:00Z,145645,143210,145645,141709,144930,-1720,-1.19,6719141,5140397602,2.16,0.99,0.00,0,3032108,3687034,258015962000,230367421000,-198270288,331252080,433510544,-102258464,951941648,1047953472,-96011824,1581459520,1566265152,15194368,2080079088,1861613904,218465184,-3.86,-1.99,-1.87,0.30,4.25,0,40,9,31,0,0,0,272.84,0.00,0.00,0.00,,0.00,,0.00,EastMoney,2026-06-02T19:22:28+08:00
BK1180,2026-06-02T00:00:00Z,220831,223798,225311,216198,220590,3208,1.45,20024936,80414278682,8.13,0.83,0.00,0,10136428,9888508,1296729072000,1226838832000,1444171520,15785146624,14070067200,1715079424,20704665600,20975573504,-270907904,25318347008,26557268224,-1238921216,17279190528,17473275136,-194084608,1.80,2.13,-0.34,-1.54,-0.24,0,40,20,19,1,0,0,832.55,0.00,0.00,0.00,,0.00,,0.00,EastMoney,2026-06-02T19:22:28+08:00
BK1181,2026-06-02T00:00:00Z,137827,137413,137923,134450,137676,-263,-0.19,24030015,50245489286,2.06,1.02,0.00,0,11819288,12210727,2604254256000,1834928192000,-373484544,8857474816,9002703104,-145228288,12697195008,12925451264,-228256256,16513780480,16842382080,-328601600,11413240576,10718756096,694484480,-0.74,-0.29,-0.45,-0.65,1.38,0,95,32,60,3,0,0,31.71,0.00,0.00,0.00,,0.00,,0.00,EastMoney,2026-06-02T19:22:28+08:00
BK1182,2026-06-02T00:00:00Z,125258,122434,125269,120950,124564,-2130,-1.71,13080715,23414123827,5.25,1.07,0.00,0,5951679,7129036,435598304000,389797056000,-1794351584,1861581120,2958474272,-1096893152,5371538944,6068997376,-697458432,8014110464,7444198656,569911808,7589140480,6378451712,1210688768,-7.66,-4.68,-2.98,2.43,5.17,0,34,7,27,0,0,0,85.09,0.00,0.00,0.00,,0.00,,0.00,EastMoney,2026-06-02T19:22:28+08:00
BK1183,2026-06-02T00:00:00Z,111568,108588,111613,107932,111583,-2995,-2.68,22098012,20913268768,3.35,0.91,0.00,0,9049990,13048022,591442416000,536744944000,-1220306176,1419857248,1975152480,-555295232,4366557952,5031568896,-665010944,6813516544,6501589760,311926784,7432639232,6395623424,1037015808,-5.84,-2.66,-3.18,1.49,4.96,0,76,9,66,1,0,0,334.97,0.00,0.00,0.00,,0.00,,0.00,EastMoney,2026-06-02T19:22:28+08:00
BK1184,2026-06-02T00:00:00Z,188639,188413,189883,185093,187648,765,0.41,58136920,175150877307,3.07,0.83,0.00,0,27676969,30459951,6070881536000,5100206336000,-2127086336,25569537024,26751416576,-1181879552,43258417408,44203624192,-945206784,55250643456,54541848832,708794624,47806449152,46349413888,1457035264,-1.21,-0.67,-0.54,0.40,0.83,0,244,117,124,3,0,0,53.26,0.00,0.00,0.00,,0.00,,0.00,EastMoney,2026-06-02T19:22:28+08:00
BK1185,2026-06-02T00:00:00Z,104322,102325,104323,101686,104424,-2099,-2.01,9308328,9389570586,2.36,0.84,0.00,0,4079413,5228915,329852336000,305956928000,-451782000,517977504,663242560,-145265056,1959184224,2265701168,-306516944,3223504176,3083552112,139952064,3515307712,3203477808,311829904,-4.81,-1.55,-3.26,1.49,3.32,0,42,4,37,1,0,0,-17.17,0.00,0.00,0.00,,0.00,,0.00,EastMoney,2026-06-02T19:22:28+08:00
BK1186,2026-06-02T00:00:00Z,107281,104835,107387,104475,107328,-2493,-2.32,10854301,9333912384,2.65,0.80,0.00,0,4836404,6017897,343445120000,311595312000,-509929744,492815712,794889968,-302074256,1994558560,2202414048,-207855488,3066583024,3048461776,18121248,3612085152,3120625824,491459328,-5.46,-3.24,-2.23,0.19,5.27,0,41,2,39,0,0,0,-103.71,0.00,0.00,0.00,,0.00,,0.00,EastMoney,2026-06-02T19:22:28+08:00
BK1187,2026-06-02T00:00:00Z,133533,130486,133534,129208,133325,-2839,-2.13,24514835,34627811170,4.57,1.16,0.00,0,10578597,13936239,893449712000,532234032000,-2197261392,3035354032,4263453696,-1228099664,7972611072,8941772800,-969161728,12001653504,11367097600,634555904,10736082176,9173725696,1562356480,-6.35,-3.55,-2.80,1.83,4.51,0,74,9,63,2,0,0,197.96,0.00,0.00,0.00,,0.00,,0.00,EastMoney,2026-06-02T19:22:28+08:00
BK1188,2026-06-02T00:00:00Z,132001,129998,132081,128166,131667,-1669,-1.27,63015020,138384555191,2.95,0.92,0.00,0,29075312,33939708,4822279424000,4097877472000,-1987801856,17181823744,18091808000,-909984256,34255657472,35333475072,-1077817600,46218048768,46422161408,-204112640,37890456832,35742218496,2148238336,-1.44,-0.66,-0.78,-0.15,1.55,0,255,52,200,3,0,0,91.94,0.00,0.00,0.00,,0.00,,0.00,EastMoney,2026-06-02T19:22:28+08:00
BK1189,2026-06-02T00:00:00Z,106229,106916,107102,103320,105388,1528,1.45,5625042,23906890451,3.26,1.10,0.00,0,2774610,2850431,601933792000,472740704000,-38373104,3453132976,3596534432,-143401456,6206365440,6101337088,105028352,7291114240,7440087296,-148973056,6435956736,6248610816,187345920,-0.16,-0.60,0.44,-0.62,0.78,0,20,9,11,0,0,0,68.67,0.00,0.00,0.00,,0.00,,0.00,EastMoney,2026-06-02T19:22:28+08:00
BK1190,2026-06-02T00:00:00Z,143141,141842,143169,139273,143677,-1835,-1.28,8563838,30541580905,3.89,0.92,0.00,0,4095257,4468581,676687968000,544720912000,-504051712,6800414720,6890684672,-90269952,7738790912,8152572672,-413781760,8842569728,8631689728,210880000,6562284288,6270844672,291439616,-1.65,-0.30,-1.35,0.69,0.95,0,16,2,14,0,0,0,41.01,0.00,0.00,0.00,,0.00,,0.00,EastMoney,2026-06-02T19:22:28+08:00
BK1192,2026-06-02T00:00:00Z,128260,127277,128362,125555,128180,-903,-0.70,37009091,32972676640,1.72,0.89,0.00,0,17020512,19988579,1954130560000,1600527936000,-690567936,4329592832,4599509504,-269916672,7392248576,7812899840,-420651264,10248897536,10348423680,-99526144,10424781312,9645063680,779717632,-2.09,-0.82,-1.28,-0.30,2.36,0,55,14,39,2,0,0,17.55,0.00,0.00,0.00,,0.00,,0.00,EastMoney,2026-06-02T19:22:28+08:00
BK1193,2026-06-02T00:00:00Z,100267,98844,100286,98118,100109,-1265,-1.26,32118527,29815738170,1.60,0.83,0.00,0,13928139,18190388,1309885760000,1166555344000,-860734368,3952058416,4081846992,-129788576,6931912192,7662857984,-730945792,9273392384,9138803200,134589184,9039221760,8285858816,753362944,-2.89,-0.44,-2.45,0.45,2.53,0,85,13,70,2,0,0,111.93,0.00,0.00,0.00,,0.00,,0.00,EastMoney,2026-06-02T19:22:28+08:00
BK1197,2026-06-02T00:00:00Z,110261,108611,110261,108161,110146,-1535,-1.39,89607380,85828347608,1.95,1.08,0.00,0,41544924,48062456,5452111616000,4677173248000,-5219445760,9293151488,12085412352,-2792260864,19296678656,21723863552,-2427184896,27190146304,26658816512,531329792,28617889792,23933909248,4683980544,-6.08,-3.25,-2.83,0.62,5.46,0,158,25,129,4,0,0,59.02,0.00,0.00,0.00,,0.00,,0.00,EastMoney,2026-06-02T19:22:28+08:00
BK1198,2026-06-02T00:00:00Z,109468,108766,109535,106843,109480,-714,-0.65,25968996,83923169890,2.30,0.83,0.00,0,12541972,13427024,3803751168000,3231923216000,-471051008,14073423360,14126693632,-53270272,21525505536,21943286272,-417780736,25283756544,25833660160,-549903616,21676285952,20655331328,1020954624,-0.56,-0.06,-0.50,-0.66,1.22,0,90,24,65,1,0,0,14.88,0.00,0.00,0.00,,0.00,,0.00,EastMoney,2026-06-02T19:22:28+08:00
BK1199,2026-06-02T00:00:00Z,127932,127896,128332,124714,128108,-212,-0.17,1573591,2680319924,4.38,0.83,0.00,0,800280,773311,70322187000,67121945000,-111095336,163067082,224457906,-61390824,669204784,718909296,-49704512,919797488,821500128,98297360,893370384,880686256,12684128,-4.14,-2.29,-1.85,3.67,0.47,0,8,2,6,0,0,0,98.46,0.00,0.00,0.00,,0.00,,0.00,EastMoney,2026-06-02T19:22:28+08:00
BK1200,2026-06-02T00:00:00Z,725377,717365,726493,701126,726465,-9100,-1.25,103451638,262501675964,3.46,0.93,0.00,0,48552271,54899367,9465779968000,8327933440000,-7477857792,33754692096,35558805248,-1804113152,62210081024,67883825664,-5673744640,83198164992,84885458944,-1687293952,77182279680,68071905792,9110373888,-2.85,-0.69,-2.16,-0.64,3.47,0,405,100,302,3,0,0,65.19,0.00,0.00,0.00,,0.00,,0.00,EastMoney,2026-06-02T19:22:28+08:00
BK1201,2026-06-02T00:00:00Z,1365920,1382469,1394835,1341573,1364659,17810,1.31,197741805,815321969614,5.59,0.81,0.00,0,99545751,98196054,21184582656000,17052361216000,3694067712,172585107456,163784212480,8800894976,225006477312,230113304576,-5106827264,250232516608,254747205632,-4514689024,153293078528,152193036288,1100042240,0.45,1.08,-0.63,-0.55,0.13,0,507,278,222,7,0,0,101.69,0.00,0.00,0.00,,0.00,,0.00,EastMoney,2026-06-02T19:22:28+08:00
BK1202,2026-06-02T00:00:00Z,209058,206334,209837,205279,209049,-2715,-1.30,42131686,19740246370,2.04,0.91,0.00,0,18319614,23812072,1023393200000,962423664000,-479834384,2164026640,2415991840,-251965200,4548660736,4776529920,-227869184,6075920640,5761902848,314017792,6511238400,6345422080,165816320,-2.43,-1.28,-1.15,1.59,0.84,0,105,19,78,8,0,0,-5.04,0.00,0.00,0.00,,0.00,,0.00,EastMoney,2026-06-02T19:22:28+08:00
BK1203,2026-06-02T00:00:00Z,241136,239564,241586,237751,241375,-1811,-0.75,35928103,46373667783,0.86,0.89,0.00,0,16994918,18933185,6656824832000,5261392640000,-900776960,7545392384,8635010560,-1089618176,12661496576,12472655360,188841216,14107951872,13892092928,215858944,11424921088,10740002816,684918272,-1.94,-2.35,0.41,0.47,1.48,0,81,20,61,0,0,0,9.90,0.00,0.00,0.00,,0.00,,0.00,EastMoney,2026-06-02T19:22:28+08:00
BK1204,2026-06-02T00:00:00Z,607829,604175,609017,589899,607309,-3134,-0.52,22867487,70345060247,2.36,0.87,0.00,0,11303443,11564044,3274768640000,2685942832000,-2345035776,7747248128,8721421312,-974173184,16041754112,17412616704,-1370862592,22582792960,22673521664,-90728704,22938073088,20502224384,2435848704,-3.33,-1.38,-1.95,-0.13,3.46,0,143,37,102,4,0,0,88.33,0.00,0.00,0.00,,0.00,,0.00,EastMoney,2026-06-02T19:22:28+08:00
BK1205,2026-06-02T00:00:00Z,498289,497252,499842,487289,497314,-62,-0.01,83114622,210890217074,2.63,0.89,0.00,0,39331258,43783364,6982476032000,5725891328000,259003392,28596759296,27746424320,850334976,51858688768,52450020352,-591331584,66253326848,66214207488,39119360,58809868032,58896652544,-86784512,0.12,0.40,-0.28,0.02,-0.04,0,619,226,378,15,0,0,56.45,0.00,0.00,0.00,,0.00,,0.00,EastMoney,2026-06-02T19:22:28+08:00
BK1206,2026-06-02T00:00:00Z,382885,379463,383265,373370,382530,-3067,-0.80,70340831,121153834663,2.41,0.90,0.00,0,33342140,36998691,4900476672000,4408525312000,-102445568,13338685440,13479320064,-140634624,28613107968,28574918912,38189056,37845060864,37297857536,547203328,38292038912,38508553728,-216514816,-0.08,-0.12,0.03,0.45,-0.18,0,449,116,323,10,0,0,38.74,0.00,0.00,0.00,,0.00,,0.00,EastMoney,2026-06-02T19:22:28+08:00
BK1207,2026-06-02T00:00:00Z,861105,850056,862220,836505,858442,-8386,-0.98,65721193,145037241348,3.26,0.93,0.00,0,30340526,35380666,4815831296000,3963472544000,-2220411136,15052533248,16296797696,-1244264448,35336305920,36312452608,-976146688,48475888640,47730003712,745884928,42185772800,40535810304,1649962496,-1.53,-0.86,-0.67,0.51,1.14,0,361,85,269,7,0,0,168.82,0.00,0.00,0.00,,0.00,,0.00,EastMoney,2026-06-02T19:22:28+08:00
BK1208,2026-06-02T00:00:00Z,400328,397526,400573,393107,400621,-3095,-0.77,20053321,35605703249,2.58,0.96,0.00,0,9357051,10696270,1228902128000,1051858864000,106916608,4639964672,4498894848,141069824,8658953472,8693106688,-34153216,11105373696,11217955328,-112581632,10355497984,10351633664,3864320,0.30,0.40,-0.10,-0.32,0.01,0,78,19,56,3,0,0,103.82,0.00,0.00,0.00,,0.00,,0.00,EastMoney,2026-06-02T19:22:28+08:00
BK1209,2026-06-02T00:00:00Z,320797,315818,320906,312698,319842,-4024,-1.26,52468155,40693447238,1.86,1.10,0.00,0,25122556,27345599,1905965696000,1683510720000,-1293410048,4630833152,5565146112,-934312960,9077417472,9436514560,-359097088,12323474176,12022874880,300599296,13630025984,12601300480,1028725504,-3.18,-2.30,-0.88,0.74,2.53,0,162,34,121,7,0,0,14.73,0.00,0.00,0.00,,0.00,,0.00,EastMoney,2026-06-02T19:22:28+08:00
BK1210,2026-06-02T00:00:00Z,250443,247728,250537,246968,250790,-3062,-1.22,41229097,26561702729,0.92,0.99,0.00,0,19407565,21821532,3270584176000,2851029760000,-1118492192,2782469632,3737474080,-955004448,5916695040,6080182784,-163487744,8201463296,7876336128,325127168,9150422528,8386854400,763568128,-4.21,-3.60,-0.62,1.22,2.87,0,134,19,111,4,0,0,18.23,0.00,0.00,0.00,,0.00,,0.00,EastMoney,2026-06-02T19:22:28+08:00
BK1211,2026-06-02T00:00:00Z,434228,431278,435474,426170,433120,-1842,-0.43,46479511,85915787061,1.99,0.94,0.00,0,22102309,24377202,4978274304000,3719186608000,814318848,10407663872,9145609728,1262054144,19960015616,20407750912,-447735296,26977818624,27550320896,-572502272,26889918976,27138392576,-248473600,0.95,1.47,-0.52,-0.67,-0.29,0,325,114,207,4,0,0,32.01,0.00,0.00,0.00,,0.00,,0.00,EastMoney,2026-06-02T19:22:28+08:00
BK1212,2026-06-02T00:00:00Z,354608,348861,354781,346482,354402,-5541,-1.56,21293599,22377817281,2.37,0.95,0.00,0,9768410,11525189,1083250176000,926755056000,68762384,1889461984,1713380816,176081168,4479941376,4587260160,-107318784,6951922944,6952850944,-928000,8390874880,8484466432,-93591552,0.31,0.79,-0.48,0.00,-0.42,0,172,38,133,1,0,0,73.94,0.00,0.00,0.00,,0.00,,0.00,EastMoney,2026-06-02T19:22:28+08:00
BK1213,2026-06-02T00:00:00Z,234843,231065,235031,229869,235349,-4284,-1.82,31602642,22610889472,2.40,0.92,0.00,0,13604258,17998384,942505408000,882115120000,-740884112,1664992800,2104703920,-439711120,4801161472,5102334464,-301172992,7376984064,7076364544,300619520,8283906048,7843641344,440264704,-3.28,-1.94,-1.33,1.33,1.95,0,103,11,90,2,0,0,-76.30,0.00,0.00,0.00,,0.00,,0.00,EastMoney,2026-06-02T19:22:28+08:00
BK1214,2026-06-02T00:00:00Z,430076,424204,430176,421814,430374,-6170,-1.43,10302237,10200466120,2.15,0.89,0.00,0,4557541,5744695,514219920000,440730496000,-365039040,564067056,734332128,-170265072,2169424272,2364198240,-194773968,3473427760,3239956112,233471648,3818820880,3693048960,125771920,-3.58,-1.67,-1.91,2.29,1.23,0,88,20,68,0,0,0,55.06,0.00,0.00,0.00,,0.00,,0.00,EastMoney,2026-06-02T19:22:28+08:00
BK1215,2026-06-02T00:00:00Z,827625,842571,846869,816673,826749,15822,1.91,37807835,249886648334,2.11,0.99,0.00,0,19940381,17867454,8344668928000,5553056768000,15906316288,77785317376,61858782208,15926535168,68315953152,68336172032,-20218880,65772587520,77125529600,-11352942080,33838750976,38264696832,-4425945856,6.37,6.37,-0.01,-4.54,-1.77,0,131,71,58,2,0,0,36.41,0.00,0.00,0.00,,0.00,,0.00,EastMoney,2026-06-02T19:22:28+08:00
BK1216,2026-06-02T00:00:00Z,449763,442772,449900,440509,450121,-7349,-1.63,47221896,84534190146,1.54,0.86,0.00,0,20899697,26322198,6292857344000,5237341184000,-3689667840,6151069184,8384215296,-2233146112,18533099264,19989620992,-1456521728,29032996096,28056247808,976748288,29104133888,26425812736,2678321152,-4.36,-2.64,-1.72,1.16,3.17,0,507,81,419,7,0,0,43.67,0.00,0.00,0.00,,0.00,,0.00,EastMoney,2026-06-02T19:22:28+08:00
BK1217,2026-06-02T00:00:00Z,1243674,1223171,1245789,1213623,1238457,-15286,-1.23,3673749,5037849619,1.88,0.96,0.00,0,1692301,1981449,210689085000,198666748000,-159787152,604078848,750644880,-146566032,1184700880,1197922000,-13221120,1515873136,1428054192,87818944,1570453664,1498485456,71968208,-3.17,-2.91,-0.26,1.74,1.43,0,19,3,16,0,0,0,-106.20,0.00,0.00,0.00,,0.00,,0.00,EastMoney,2026-06-02T19:22:28+08:00
BK1218,2026-06-02T00:00:00Z,197372,192857,197372,192358,197379,-4522,-2.29,3172722,3487015414,1.15,0.88,0.00,0,1553223,1619499,252718790000,239202996000,-299598219,139902005,374260320,-234358315,594891696,660131600,-65239904,1130156288,987920160,142236128,1541711296,1384349200,157362096,-8.59,-6.72,-1.87,4.08,4.51,0,28,1,27,0,0,0,18.90,0.00,0.00,0.00,,0.00,,0.00,EastMoney,2026-06-02T19:22:28+08:00
BK1219,2026-06-02T00:00:00Z,135366,131730,135533,131172,135273,-3543,-2.62,3652313,2489526202,1.75,0.68,0.00,0,1447970,2204343,138324855000,130707920000,-186181269,133900240,232094885,-98194645,504252816,592239440,-87986624,843885712,781575616,62310096,844666592,755022064,89644528,-7.48,-3.94,-3.53,2.50,3.60,0,13,0,13,0,0,0,-58.43,0.00,0.00,0.00,,0.00,,0.00,EastMoney,2026-06-02T19:22:28+08:00
BK1220,2026-06-02T00:00:00Z,528545,508235,528545,503332,527276,-19041,-3.61,17195885,22366920461,4.79,1.11,0.00,0,7365813,9830072,330378960000,308822304000,-2495252112,1843160464,3164988960,-1321828496,5031499264,6204922880,-1173423616,7527023360,6933396992,593626368,7467337216,5565711872,1901625344,-11.16,-5.91,-5.25,2.65,8.50,0,30,3,27,0,0,0,120.54,0.00,0.00,0.00,,0.00,,0.00,EastMoney,2026-06-02T19:22:28+08:00
BK1221,2026-06-02T00:00:00Z,676132,661165,676135,654345,677199,-16034,-2.37,4337308,10967011528,5.72,1.27,0.00,0,1956383,2380925,198940719000,171426258000,-570822704,912111632,1347624640,-435513008,2618944864,2754254560,-135309696,3874652448,3608730144,265922304,3310951376,3006050976,304900400,-5.20,-3.97,-1.23,2.42,2.78,0,15,3,12,0,0,0,-285.37,0.00,0.00,0.00,,0.00,,0.00,EastMoney,2026-06-02T19:22:28+08:00
BK1222,2026-06-02T00:00:00Z,398518,381217,398617,377891,398734,-17517,-4.39,9233980,7418346133,4.62,0.98,0.00,0,3975467,5258513,190577974000,180511551000,-594504832,424416256,774045392,-349629136,1709722176,1954597872,-244875696,2556566752,2375829104,180737648,2588083312,2174316112,413767200,-8.01,-4.71,-3.30,2.44,5.58,0,18,1,17,0,0,0,-56.33,0.00,0.00,0.00,,0.00,,0.00,EastMoney,2026-06-02T19:22:28+08:00
BK1223,2026-06-02T00:00:00Z,1636535,1667119,1683029,1595255,1641124,25995,1.58,10616296,33308978611,7.97,1.00,0.00,0,5522693,5093604,491913824000,438620736000,1337552896,6703158272,4871438336,1831719936,7928124928,8422291968,-494167040,9443765760,10235551744,-791785984,8850683392,9396450304,-545766912,4.02,5.50,-1.48,-2.38,-1.64,0,33,18,15,0,0,0,67.06,0.00,0.00,0.00,,0.00,,0.00,EastMoney,2026-06-02T19:22:28+08:00
BK1224,2026-06-02T00:00:00Z,265086,258768,265136,257534,265145,-6377,-2.41,4430881,3476763614,2.29,0.95,0.00,0,2018974,2411908,191743090000,182762600000,-42043371,143479814,185073361,-41593547,676939920,677389744,-449824,1083732112,1113649536,-29917424,1511694096,1440300768,71393328,-1.21,-1.20,-0.01,-0.86,2.05,0,33,6,26,1,0,0,21.69,0.00,0.00,0.00,,0.00,,0.00,EastMoney,2026-06-02T19:22:28+08:00
BK1225,2026-06-02T00:00:00Z,257993,254125,258484,252520,257334,-3209,-1.25,7500618,6799460522,1.86,0.98,0.00,0,3491962,4008656,336213408000,302013488000,156305792,444430912,362796048,81634864,1450241760,1375570832,74670928,2197958816,2052496800,145462016,2580622576,2882739568,-302116992,2.30,1.20,1.10,2.14,-4.44,0,61,10,47,4,0,0,39.66,0.00,0.00,0.00,,0.00,,0.00,EastMoney,2026-06-02T19:22:28+08:00
BK1226,2026-06-02T00:00:00Z,80678,79727,81059,79434,80388,-661,-0.82,15481430,5013115467,1.00,0.96,0.00,0,6185355,9296074,538743200000,494618720000,-129200976,842554624,987774096,-145219472,1222445744,1206427248,16018496,1395280192,1395183904,96288,1486396464,1357291760,129104704,-2.58,-2.90,0.32,0.00,2.58,0,24,3,20,1,0,0,-426.98,0.00,0.00,0.00,,0.00,,0.00,EastMoney,2026-06-02T19:22:28+08:00
BK1227,2026-06-02T00:00:00Z,218069,213786,218369,211960,218099,-4313,-1.98,2606687,2300466842,1.11,0.95,0.00,0,1084873,1521814,188031910000,181585949000,-154124972,127324924,207676168,-80351244,464582496,538356224,-73773728,756794352,678333136,78461216,919140736,843476976,75663760,-6.70,-3.49,-3.21,3.41,3.29,0,13,1,12,0,0,0,22.34,0.00,0.00,0.00,,0.00,,0.00,EastMoney,2026-06-02T19:22:28+08:00
BK1228,2026-06-02T00:00:00Z,385439,385112,387078,379397,385038,74,0.02,2238260,2002782547,1.11,0.85,0.00,0,998435,1239825,174473769000,160324381000,-73190480,140873746,178575074,-37701328,420485664,455974816,-35489152,659428624,646099120,13329504,760618368,700757392,59860976,-3.65,-1.88,-1.77,0.67,2.99,0,9,3,6,0,0,0,39.08,0.00,0.00,0.00,,0.00,,0.00,EastMoney,2026-06-02T19:22:28+08:00
BK1229,2026-06-02T00:00:00Z,391311,388312,392058,380852,392525,-4213,-1.07,2221009,4115033610,2.49,0.87,0.00,0,1054852,1166156,150570239000,144533014000,-53636375,257524457,315772976,-58248519,879446896,874834752,4612144,1344460464,1309528048,34932416,1558444960,1539740992,18703968,-1.30,-1.42,0.11,0.85,0.45,0,12,3,9,0,0,0,169.51,0.00,0.00,0.00,,0.00,,0.00,EastMoney,2026-06-02T19:22:28+08:00
BK1230,2026-06-02T00:00:00Z,513856,503958,514340,495097,513240,-9282,-1.81,2062877,5445100339,1.56,0.86,0.00,0,985179,1077698,500420496000,383990096000,-465239456,650473040,888358064,-237885024,1205528464,1432882896,-227354432,1707206224,1717678512,-10472288,1806788368,1331076608,475711760,-8.54,-4.37,-4.18,-0.19,8.74,0,10,0,10,0,0,0,30.11,0.00,0.00,0.00,,0.00,,0.00,EastMoney,2026-06-02T19:22:28+08:00
BK1231,2026-06-02T00:00:00Z,452641,447959,452973,439546,452108,-4149,-0.92,5800461,19127574822,1.64,0.78,0.00,0,2772303,3028158,1059489984000,956648192000,-1109058016,1586349008,2317521328,-731172320,4366915584,4744801280,-377885696,6319255040,6224168960,95086080,6560584192,5546414336,1014169856,-5.80,-3.82,-1.98,0.50,5.30,0,49,11,36,2,0,0,81.49,0.00,0.00,0.00,,0.00,,0.00,EastMoney,2026-06-02T19:22:28+08:00
BK1232,2026-06-02T00:00:00Z,565208,557797,565781,541036,562546,-4749,-0.84,2343384,7682428957,2.44,1.01,0.00,0,1206596,1136787,442944608000,336254944000,-404283296,753035360,942574704,-189539344,1604555104,1819299056,-214743952,2473437296,2433271872,40165424,2766002032,2401884144,364117888,-5.26,-2.47,-2.80,0.52,4.74,0,9,3,6,0,0,0,480.29,0.00,0.00,0.00,,0.00,,0.00,EastMoney,2026-06-02T19:22:28+08:00
BK1233,2026-06-02T00:00:00Z,715052,715619,721974,695264,714515,1104,0.15,10439756,33974922517,3.47,0.89,0.00,0,5284512,5155244,1121343296000,864516576000,-312818800,4499866368,4257194352,242672016,7985307904,8540798720,-555490816,10738433792,10988874496,-250440704,10246253824,9683108352,563145472,-0.92,0.71,-1.64,-0.74,1.66,0,63,20,41,2,0,0,198.81,0.00,0.00,0.00,,0.00,,0.00,EastMoney,2026-06-02T19:22:28+08:00
BK1234,2026-06-02T00:00:00Z,394576,389901,394770,383760,392916,-3015,-0.77,4192203,6269002423,3.65,1.00,0.00,0,2042950,2149253,173487227000,164540663000,337258784,722398576,507246976,215151600,1436920080,1314812896,122107184,1960767296,1939481648,21285648,2034188928,2390270048,-356081120,5.38,3.43,1.95,0.34,-5.68,0,26,6,19,1,0,0,89.60,0.00,0.00,0.00,,0.00,,0.00,EastMoney,2026-06-02T19:22:28+08:00
BK1235,2026-06-02T00:00:00Z,258497,255480,258703,253088,258640,-3160,-1.22,15472396,14332944024,1.90,0.95,0.00,0,7422932,8049464,801389232000,641013616000,-216034656,921052208,1094364336,-173312128,3137095248,3179817776,-42722528,4680726272,4375034112,305692160,5347080448,5437981184,-90900736,-1.51,-1.21,-0.30,2.13,-0.63,0,109,25,80,4,0,0,35.70,0.00,0.00,0.00,,0.00,,0.00,EastMoney,2026-06-02T19:22:28+08:00
BK1236,2026-06-02T00:00:00Z,180108,178419,180712,176121,180257,-1838,-1.02,5602259,4850378205,1.07,0.95,0.00,0,2348533,3253726,436508608000,363568784000,-333501008,451950480,716357216,-264406736,1194719104,1263813376,-69094272,1621596576,1367102960,254493616,1504217664,1423621312,80596352,-6.88,-5.45,-1.42,5.25,1.66,0,32,6,24,2,0,0,20.19,0.00,0.00,0.00,,0.00,,0.00,EastMoney,2026-06-02T19:22:28+08:00
BK1237,2026-06-02T00:00:00Z,1179225,1189939,1195929,1159767,1175438,14501,1.23,11246556,62014877090,3.82,0.76,0.00,0,5569588,5676968,1551821952000,1361555312000,1268582656,10929801216,9892597248,1037203968,15662439168,15431060480,231378688,20216899072,21020888832,-803989760,13544669440,13981040128,-436370688,2.05,1.67,0.37,-1.30,-0.70,0,94,48,42,4,0,0,109.69,0.00,0.00,0.00,,0.00,,0.00,EastMoney,2026-06-02T19:22:28+08:00
BK1238,2026-06-02T00:00:00Z,885462,873067,886087,858068,882422,-9355,-1.06,33926794,55752385065,4.14,0.95,0.00,0,15695620,18231175,1483877472000,1273632288000,-787261184,5089294592,5462915328,-373620736,13148811776,13562452224,-413640448,18401224704,18421338368,-20113664,17626187008,16824446976,801740032,-1.41,-0.67,-0.74,-0.04,1.44,0,135,28,104,3,0,0,-245.62,0.00,0.00,0.00,,0.00,,0.00,EastMoney,2026-06-02T19:22:28+08:00
BK1239,2026-06-02T00:00:00Z,334464,334045,336588,333063,334047,-2,0.00,2166006,5987815281,0.84,0.96,0.00,0,1036296,1129710,1124873488000,977674464000,97789728,767233040,674478272,92754768,1664897264,1659862304,5034960,1863323296,1943263952,-79940656,1569490688,1587339760,-17849072,1.63,1.55,0.08,-1.34,-0.30,0,12,6,4,2,0,0,13.37,0.00,0.00,0.00,,0.00,,0.00,EastMoney,2026-06-02T19:22:28+08:00
BK1240,2026-06-02T00:00:00Z,599985,591452,603380,587577,600140,-8688,-1.45,583849,596348831,1.22,1.00,0.00,0,230685,353164,52797835000,49587637000,-8537551,25456477,30999785,-5543308,108620348,111614591,-2994243,196602633,191335875,5266758,255326039,252055246,3270793,-1.43,-0.93,-0.50,0.88,0.55,0,9,3,6,0,0,0,33.24,0.00,0.00,0.00,,0.00,,0.00,EastMoney,2026-06-02T19:22:28+08:00
BK1241,2026-06-02T00:00:00Z,458153,449673,460880,442277,454286,-4613,-1.02,2516275,3061461518,1.80,0.81,0.00,0,1249670,1266605,170584701000,167197398000,3382240,307106960,291775600,15331360,717698336,729647456,-11949120,943188864,934408256,8780608,1032394192,1044557040,-12162848,0.11,0.50,-0.39,0.29,-0.40,0,10,2,8,0,0,0,35.19,0.00,0.00,0.00,,0.00,,0.00,EastMoney,2026-06-02T19:22:28+08:00
BK1242,2026-06-02T00:00:00Z,540391,535410,541190,526000,539602,-4192,-0.78,4933226,11711046722,2.91,0.72,0.00,0,2320394,2612832,418366080000,359635232000,-238901632,1209835616,1422316000,-212480384,2827752832,2854174080,-26421248,3802354624,3786202928,16151696,3678648736,3463723424,214925312,-2.04,-1.81,-0.23,0.14,1.84,0,36,10,25,1,0,0,44.58,0.00,0.00,0.00,,0.00,,0.00,EastMoney,2026-06-02T19:22:28+08:00
BK1243,2026-06-02T00:00:00Z,119938,118225,120271,116983,120218,-1993,-1.66,280529,162448287,1.94,0.83,0.00,0,113907,166622,10485054000,9528280000,576039,4500361,622721,3877640,35092679,38394280,-3301601,58767618,49030664,9736954,62828374,73141367,-10312993,0.35,2.39,-2.03,5.99,-6.35,0,3,0,3,0,0,0,55.71,0.00,0.00,0.00,,0.00,,0.00,EastMoney,2026-06-02T19:22:28+08:00
BK1244,2026-06-02T00:00:00Z,235189,231662,235267,229678,235136,-3474,-1.48,1014250,2346325243,1.07,0.85,0.00,0,495759,518491,209368884000,202530392000,-53318728,145620155,221003283,-75383128,478992976,456928576,22064400,848410464,814786832,33623632,818160736,795788016,22372720,-2.27,-3.21,0.94,1.43,0.95,0,23,4,18,1,0,0,26.43,0.00,0.00,0.00,,0.00,,0.00,EastMoney,2026-06-02T19:22:28+08:00
BK1245,2026-06-02T00:00:00Z,295654,298683,298994,288837,295772,2911,0.98,1681494,2027260085,2.03,0.85,0.00,0,832595,848899,99695297000,73436996000,31295397,148488081,152412652,-3924571,480483872,445263904,35219968,622086800,626018432,-3931632,694467472,717965632,-23498160,1.54,-0.19,1.74,-0.19,-1.16,0,15,8,6,1,0,0,81.36,0.00,0.00,0.00,,0.00,,0.00,EastMoney,2026-06-02T19:22:28+08:00
BK1246,2026-06-02T00:00:00Z,202863,200366,203767,199977,202156,-1790,-0.89,4698215,2282547230,0.79,0.96,0.00,0,2227506,2470709,280594752000,267811836000,-114752080,339162608,391132368,-51969760,531779200,594561520,-62782320,662871808,627146320,35725488,692163904,613137328,79026576,-5.03,-2.28,-2.75,1.57,3.46,0,8,3,5,0,0,0,7.80,0.00,0.00,0.00,,0.00,,0.00,EastMoney,2026-06-02T19:22:28+08:00
BK1247,2026-06-02T00:00:00Z,234880,231588,235330,229927,233550,-1962,-0.84,19314544,9608688491,1.42,0.99,0.00,0,8964304,10350240,838337616000,700525056000,-493383232,775988432,1225286112,-449297680,2322034384,2366119936,-44085552,2991491456,2841907712,149583744,3291112336,2956645408,334466928,-5.13,-4.68,-0.46,1.56,3.48,0,45,9,33,3,0,0,11.08,0.00,0.00,0.00,,0.00,,0.00,EastMoney,2026-06-02T19:22:28+08:00
BK1248,2026-06-02T00:00:00Z,398269,393038,398322,387393,398806,-5768,-1.45,12404562,12515164172,2.28,1.14,0.00,0,6127851,6276712,442806224000,412561184000,-558090016,1373300176,1564820352,-191520176,2532284464,2898854304,-366569840,3891673600,3909517536,-17843936,4465619712,3875239488,590380224,-4.46,-1.53,-2.93,-0.14,4.72,0,40,9,30,1,0,0,29.76,0.00,0.00,0.00,,0.00,,0.00,EastMoney,2026-06-02T19:22:28+08:00
BK1249,2026-06-02T00:00:00Z,84189,84176,86072,82866,84347,-171,-0.20,5200241,2012247081,3.56,1.55,0.00,0,2559408,2640833,60194766000,60157571000,9980696,138073444,143842716,-5769272,447644480,431894512,15749968,645586400,659107760,-13521360,746759264,743218624,3540640,0.50,-0.29,0.78,-0.67,0.18,0,7,3,3,1,0,0,-17.22,0.00,0.00,0.00,,0.00,,0.00,EastMoney,2026-06-02T19:22:28+08:00
BK1250,2026-06-02T00:00:00Z,200286,198121,204907,196887,198626,-505,-0.25,23990896,27568818233,2.49,1.59,0.00,0,11889038,12101858,2370374352000,1895561568000,-954077008,3446925840,3953781600,-506855760,6525890816,6973112064,-447221248,8720844800,8415361792,305483008,8375315456,7726721536,648593920,-3.46,-1.84,-1.62,1.11,2.35,0,27,9,16,2,0,0,20.65,0.00,0.00,0.00,,0.00,,0.00,EastMoney,2026-06-02T19:22:28+08:00
BK1251,2026-06-02T00:00:00Z,63937,62315,64090,62153,63998,-1683,-2.63,601038,853377637,1.46,0.87,0.00,0,265945,335093,74123521000,61549112000,-14142303,11865260,17002118,-5136858,99521979,108527424,-9005445,270222944,267895184,2327760,459423296,447608736,11814560,-1.66,-0.60,-1.06,0.27,1.38,0,13,0,13,0,0,0,28.25,0.00,0.00,0.00,,0.00,,0.00,EastMoney,2026-06-02T19:22:28+08:00
BK1252,2026-06-02T00:00:00Z,223163,218302,223785,217648,224569,-6267,-2.79,1294330,2440571589,2.14,1.14,0.00,0,581912,712418,128592140000,112403294000,-33102253,118292290,179948879,-61656589,555291008,526736672,28554336,781587680,734611760,46975920,934379232,949435568,-15056336,-1.36,-2.53,1.17,1.92,-0.62,0,15,2,13,0,0,0,34.39,0.00,0.00,0.00,,0.00,,0.00,EastMoney,2026-06-02T19:22:28+08:00
BK1253,2026-06-02T00:00:00Z,117174,114743,117631,114570,117437,-2694,-2.29,163006,512898927,0.98,0.59,0.00,0,56362,106645,73026780000,50343274000,-51675597,16774960,32980433,-16205473,103518377,138988501,-35470124,171720500,164369837,7350663,151532228,122043995,29488233,-10.08,-3.16,-6.92,1.43,5.75,0,4,0,4,0,0,0,51.95,0.00,0.00,0.00,,0.00,,0.00,EastMoney,2026-06-02T19:22:28+08:00
BK1254,2026-06-02T00:00:00Z,426149,418103,426149,416256,424892,-6789,-1.60,865368,781940169,1.43,0.91,0.00,0,353671,511697,60221386000,54686874000,-28550425,59645893,68499819,-8853926,151732932,171429431,-19696499,256019079,238377752,17641327,292801152,284167184,8633968,-3.65,-1.13,-2.52,2.26,1.10,0,13,2,11,0,0,0,42.94,0.00,0.00,0.00,,0.00,,0.00,EastMoney,2026-06-02T19:22:28+08:00
BK1255,2026-06-02T00:00:00Z,504097,490713,505891,486250,497330,-6617,-1.33,1578709,1369144786,6.10,1.12,0.00,0,750017,828692,23884804000,23563433000,-39810883,111775898,129778011,-18002113,263193502,285002272,-21808770,449867680,480701472,-30833792,473707616,403062944,70644672,-2.91,-1.31,-1.59,-2.25,5.16,0,4,1,3,0,0,0,-55.62,0.00,0.00,0.00,,0.00,,0.00,EastMoney,2026-06-02T19:22:28+08:00
BK1256,2026-06-02T00:00:00Z,232987,229751,233087,228871,233426,-3675,-1.57,2349662,2785296502,1.70,1.04,0.00,0,1040861,1308801,286549200000,140180264000,-55035193,196540076,214761141,-18221065,570260800,607074928,-36814128,945282736,861838432,83444304,881743408,923337664,-41594256,-1.98,-0.65,-1.32,3.00,-1.49,0,28,6,19,3,0,0,46.85,0.00,0.00,0.00,,0.00,,0.00,EastMoney,2026-06-02T19:22:28+08:00
BK1257,2026-06-02T00:00:00Z,230237,226405,231049,225444,230242,-3837,-1.67,223313,102208495,1.14,0.76,0.00,0,82021,141292,10390850000,9210791000,-7281463,2249000,6585008,-4336008,23756987,26702442,-2945455,34358145,24655057,9703088,36779452,40223983,-3444531,-7.12,-4.24,-2.88,9.49,-3.37,0,3,0,3,0,0,0,52.76,0.00,0.00,0.00,,0.00,,0.00,EastMoney,2026-06-02T19:22:28+08:00
BK1258,2026-06-02T00:00:00Z,347063,337175,347253,335653,347225,-10050,-2.89,2377901,2136480984,1.62,0.96,0.00,0,959998,1417902,175676572000,159615863000,-127894719,112499375,162945166,-50445791,373952816,451401744,-77448928,692941568,658551760,34389808,919570544,828586128,90984416,-5.99,-2.36,-3.63,1.61,4.26,0,17,0,17,0,0,0,119.07,0.00,0.00,0.00,,0.00,,0.00,EastMoney,2026-06-02T19:22:28+08:00
BK1259,2026-06-02T00:00:00Z,375202,367111,376264,365543,376920,-9809,-2.60,5850503,5685575254,1.63,1.01,0.00,0,2440159,3410345,492059536000,391598704000,-551842784,511740480,829746240,-318005760,1174809312,1408646336,-233837024,1846685136,1725948448,120736688,2056691184,1625585072,431106112,-9.71,-5.59,-4.11,2.12,7.58,0,22,1,21,0,0,0,102.41,0.00,0.00,0.00,,0.00,,0.00,EastMoney,2026-06-02T19:22:28+08:00
BK1260,2026-06-02T00:00:00Z,100340,97679,100427,96743,100471,-2792,-2.78,1057106,387684542,2.35,1.16,0.00,0,389545,667562,17451249000,17146946000,-2692289,15773366,10342569,5430797,77080709,85203795,-8123086,124477546,104790705,19686841,165572167,182566719,-16994552,-0.69,1.40,-2.10,5.08,-4.38,0,7,1,6,0,0,0,-11.73,0.00,0.00,0.00,,0.00,,0.00,EastMoney,2026-06-02T19:22:28+08:00
BK1261,2026-06-02T00:00:00Z,254948,249770,255129,248388,255952,-6182,-2.42,4285044,2902277964,2.26,1.04,0.00,0,1879996,2405048,152084957000,145898725000,-12745631,151885774,174355101,-22469327,575587952,565864256,9723696,915845568,865955984,49889584,1180068224,1230384880,-50316656,-0.44,-0.77,0.34,1.72,-1.73,0,21,0,21,0,0,0,56.52,0.00,0.00,0.00,,0.00,,0.00,EastMoney,2026-06-02T19:22:28+08:00
BK1262,2026-06-02T00:00:00Z,407885,412775,413967,405275,406965,5810,1.43,5033064,11219343408,1.07,1.30,0.00,0,2656370,2376694,1505488896000,874112768000,1308940896,2232376640,1148537248,1083839392,3041133664,2816032160,225101504,3300759216,3911089136,-610329920,2374695408,3073306384,-698610976,11.67,9.66,2.01,-5.44,-6.23,0,9,7,2,0,0,0,35.49,0.00,0.00,0.00,,0.00,,0.00,EastMoney,2026-06-02T19:22:28+08:00
BK1263,2026-06-02T00:00:00Z,354661,350703,354999,349606,353819,-3116,-0.88,1342969,2753968856,1.23,0.81,0.00,0,618797,724172,223357005000,194994116000,-23653652,185030278,228824794,-43794516,594043680,573902816,20140864,899568128,862328256,37239872,1021435136,1036301072,-14865936,-0.86,-1.59,0.73,1.35,-0.54,0,19,5,14,0,0,0,26.43,0.00,0.00,0.00,,0.00,,0.00,EastMoney,2026-06-02T19:22:28+08:00
BK1264,2026-06-02T00:00:00Z,270848,270379,271705,268413,270576,-197,-0.07,4008326,4662411359,1.49,0.99,0.00,0,1975492,2032834,305055824000,294725664000,-220027696,572195136,810850816,-238655680,1116492256,1097864272,18627984,1376936864,1362733376,14203488,1525408848,1319584608,205824240,-4.72,-5.12,0.40,0.30,4.41,0,14,7,7,0,0,0,31.45,0.00,0.00,0.00,,0.00,,0.00,EastMoney,2026-06-02T19:22:28+08:00
BK1265,2026-06-02T00:00:00Z,401293,397207,402016,393379,402411,-5204,-1.29,6250948,8030410038,2.32,0.87,0.00,0,2927198,3323750,283933872000,237643538000,-53408016,952107744,867963376,84144368,1610940400,1748492784,-137552384,2382618656,2444774736,-62156080,2747166192,2667512016,79654176,-0.67,1.05,-1.71,-0.77,0.99,0,48,10,37,1,0,0,66.65,0.00,0.00,0.00,,0.00,,0.00,EastMoney,2026-06-02T19:22:28+08:00
BK1266,2026-06-02T00:00:00Z,369526,358921,369526,356377,369836,-10915,-2.95,3008139,3540133299,3.58,1.20,0.00,0,1364452,1643687,124730750000,112683891000,63236417,309762864,212462367,97300497,693542576,727606656,-34064080,1106762240,1142879232,-36116992,1371510416,1398629824,-27119408,1.79,2.75,-0.96,-1.02,-0.77,0,23,5,18,0,0,0,65.82,0.00,0.00,0.00,,0.00,,0.00,EastMoney,2026-06-02T19:22:28+08:00
BK1267,2026-06-02T00:00:00Z,269040,264195,269077,262220,268196,-4001,-1.49,6056228,3948349421,2.29,0.98,0.00,0,2761541,3294687,171244675000,161222652000,26619630,236361166,285597888,-49236722,851010352,775154000,75856352,1278577280,1227820784,50756496,1469283696,1534316192,-65032496,0.67,-1.25,1.92,1.29,-1.65,0,25,5,20,0,0,0,-48.67,0.00,0.00,0.00,,0.00,,0.00,EastMoney,2026-06-02T19:22:28+08:00
BK1268,2026-06-02T00:00:00Z,299107,291893,299438,289097,299410,-7517,-2.51,3284387,3560675319,1.93,0.84,0.00,0,1424094,1860293,123812489000,99395762000,-78735684,211237676,278051408,-66813732,701764240,713686192,-11921952,1067237984,1149642192,-82404208,1513183200,1352043312,161139888,-2.21,-1.88,-0.33,-2.31,4.53,0,18,1,16,1,0,0,50.02,0.00,0.00,0.00,,0.00,,0.00,EastMoney,2026-06-02T19:22:28+08:00
BK1269,2026-06-02T00:00:00Z,680112,662429,680112,660418,679955,-17526,-2.58,725011,3137935351,1.89,0.82,0.00,0,308675,416335,128413371000,121277588000,-240020704,360662768,543106240,-182443472,736971536,794548768,-57577232,1038723792,881115232,157608560,941084480,858672336,82412144,-7.65,-5.81,-1.83,5.02,2.63,0,2,0,2,0,0,0,41.46,0.00,0.00,0.00,,0.00,,0.00,EastMoney,2026-06-02T19:22:28+08:00
BK1270,2026-06-02T00:00:00Z,148871,145193,149439,144572,149496,-4303,-2.88,995721,1045205144,2.08,0.79,0.00,0,420256,575465,51162995000,49275956000,-79322143,26674350,61129763,-34455413,177786752,222653482,-44866730,371336064,354931248,16404816,448038928,385121616,62917312,-7.59,-3.30,-4.29,1.57,6.02,0,7,0,7,0,0,0,106.09,0.00,0.00,0.00,,0.00,,0.00,EastMoney,2026-06-02T19:22:28+08:00
BK1271,2026-06-02T00:00:00Z,226418,224041,226875,222729,226730,-2689,-1.19,847311,785691511,1.50,0.98,0.00,0,393262,454049,59738504000,57091270000,584314,31568400,27340635,4227765,149142342,152785793,-3643451,275194192,237386671,37807521,321181664,359573488,-38391824,0.07,0.54,-0.46,4.81,-4.89,0,10,2,8,0,0,0,36.84,0.00,0.00,0.00,,0.00,,0.00,EastMoney,2026-06-02T19:22:28+08:00
BK1272,2026-06-02T00:00:00Z,307381,303883,307381,301838,307685,-3802,-1.24,2889237,2690219847,2.01,0.99,0.00,0,1232188,1657048,135793585000,119690572000,-18588115,105569054,105688625,-119571,540579328,559047872,-18468544,987783712,887016352,100767360,1015319104,1097498368,-82179264,-0.69,0.00,-0.69,3.75,-3.05,0,26,6,20,0,0,0,68.96,0.00,0.00,0.00,,0.00,,0.00,EastMoney,2026-06-02T19:22:28+08:00
BK1273,2026-06-02T00:00:00Z,118725,110860,118725,109102,119072,-8212,-6.90,723380,785536322,6.54,0.59,0.00,0,395416,327963,12411356000,11899719000,-115775008,44595953,98939594,-54343641,173085135,234516502,-61431367,256142789,254317856,1824933,300409440,186459364,113950076,-14.74,-6.92,-7.82,0.23,14.51,0,2,0,2,0,0,0,-62.43,0.00,0.00,0.00,,0.00,,0.00,EastMoney,2026-06-02T19:22:28+08:00
BK1274,2026-06-02T00:00:00Z,358952,353503,359129,350934,357273,-3770,-1.06,11933661,9942472110,0.39,1.09,0.00,0,5383705,6549956,3097191024000,2722885488000,-362437488,1172300000,1511415168,-339115168,2259680464,2283002784,-23322320,3370326912,2733203856,637123056,3015562832,3290248400,-274685568,-3.65,-3.41,-0.23,6.41,-2.76,0,30,6,24,0,0,0,14.86,0.00,0.00,0.00,,0.00,,0.00,EastMoney,2026-06-02T19:22:28+08:00
BK1275,2026-06-02T00:00:00Z,192855,186433,193178,185429,190062,-3629,-1.91,4968308,3401659859,1.23,1.06,0.00,0,2087819,2880490,238813677000,196887806000,-38942224,270212832,292225920,-22013088,756216848,773145984,-16929136,1109328656,1075708432,33620224,1123110752,1124308016,-1197264,-1.14,-0.65,-0.50,0.99,-0.04,0,14,1,13,0,0,0,22.40,0.00,0.00,0.00,,0.00,,0.00,EastMoney,2026-06-02T19:22:28+08:00
BK1276,2026-06-02T00:00:00Z,390337,385355,390635,384503,383056,2299,0.60,1028611,1919419813,0.63,0.28,0.00,0,431484,597126,1747902464000,178454037000,89775161,262208916,265203371,-2994455,519589296,426819680,92769616,582274816,593552448,-11277632,524077216,602574736,-78497520,4.68,-0.16,4.83,-0.59,-4.09,0,5,3,2,0,0,0,13.83,0.00,0.00,0.00,,0.00,,0.00,EastMoney,2026-06-02T19:22:28+08:00
BK1277,2026-06-02T00:00:00Z,457336,451060,463898,449930,458040,-6980,-1.52,2514465,14312533215,1.40,0.75,0.00,0,1040681,1473784,2526930976000,2521480896000,-868999648,1764711296,2078519600,-313808304,3488175568,4043366912,-555191344,5634594304,5116427520,518166784,3149247936,2798415008,350832928,-6.07,-2.19,-3.88,3.62,2.45,0,21,3,18,0,0,0,20.14,0.00,0.00,0.00,,0.00,,0.00,EastMoney,2026-06-02T19:22:28+08:00
BK1278,2026-06-02T00:00:00Z,484213,475593,484309,474146,485410,-9817,-2.02,4164903,5339971052,2.56,0.94,0.00,0,1930497,2234405,341215168000,327839856000,-461895280,564917584,711188560,-146270976,999370144,1314994448,-315624304,1672794112,1548404992,124389120,1973916128,1655469216,318446912,-8.65,-2.74,-5.91,2.33,5.96,0,15,2,13,0,0,0,27.61,0.00,0.00,0.00,,0.00,,0.00,EastMoney,2026-06-02T19:22:28+08:00
BK1279,2026-06-02T00:00:00Z,218961,216301,219083,215643,219100,-2799,-1.28,2225542,3191566193,1.81,0.93,0.00,0,1011278,1214264,237840293000,186115337000,-172625644,210237600,256580492,-46342892,673371088,799653840,-126282752,1093069568,1096977488,-3907920,1155630336,979096784,176533552,-5.41,-1.45,-3.96,-0.12,5.53,0,17,4,13,0,0,0,24.55,0.00,0.00,0.00,,0.00,,0.00,EastMoney,2026-06-02T19:22:28+08:00
BK1280,2026-06-02T00:00:00Z,447485,441129,447719,437555,449259,-8130,-1.81,4134255,3489628830,2.57,1.15,0.00,0,1848127,2286128,240118958000,213980319000,102182336,315042240,272361424,42680816,800981264,741479744,59501520,1081303184,1101346176,-20042992,1188056576,1272284752,-84228176,2.93,1.22,1.71,-0.57,-2.41,0,27,5,22,0,0,0,34.90,0.00,0.00,0.00,,0.00,,0.00,EastMoney,2026-06-02T19:22:28+08:00
BK1281,2026-06-02T00:00:00Z,227791,224426,227791,223257,228095,-3669,-1.61,2010691,3009760862,2.20,0.94,0.00,0,876095,1134596,173308478000,159431654000,-96140151,168198556,172167731,-3969175,492993440,585164416,-92170976,1036119040,961602720,74516320,1271245040,1249621200,21623840,-3.19,-0.13,-3.06,2.48,0.72,0,23,3,20,0,0,0,24.88,0.00,0.00,0.00,,0.00,,0.00,EastMoney,2026-06-02T19:22:28+08:00
BK1282,2026-06-02T00:00:00Z,233338,228502,233725,227076,234633,-6131,-2.61,3444023,5347339696,1.59,1.01,0.00,0,1520291,1923732,458508976000,443729024000,-22299200,385561712,419230432,-33668720,1128966480,1117596960,11369520,1847827600,1696086800,151740800,1860814400,2001852144,-141037744,-0.42,-0.63,0.21,2.84,-2.64,0,27,1,26,0,0,0,22.85,0.00,0.00,0.00,,0.00,,0.00,EastMoney,2026-06-02T19:22:28+08:00
BK1283,2026-06-02T00:00:00Z,410872,412434,416571,410615,411424,1010,0.25,36869618,30042007496,0.28,1.10,0.00,0,19486690,17382928,15060871680000,9886464000000,455715328,5713992704,5871567616,-157574912,8317357824,7704067584,613290240,8447542528,8479601920,-32059392,7083393280,7507049472,-423656192,1.52,-0.52,2.04,-0.11,-1.41,0,42,21,16,5,0,0,6.87,0.00,0.00,0.00,,0.00,,0.00,EastMoney,2026-06-02T19:22:28+08:00
BK1287,2026-06-02T00:00:00Z,354335,358947,359946,348138,351859,7088,2.01,44057410,65249228188,2.78,1.00,0.00,0,23919521,20137889,3221069904000,2528653120000,5832129024,12746861824,8820177152,3926684672,17281479424,15376035072,1905444352,18116925952,20063082496,-1946156544,16090024192,19974047744,-3884023552,8.94,6.02,2.92,-2.98,-5.95,0,59,43,14,2,0,0,17.13,0.00,0.00,0.00,,0.00,,0.00,EastMoney,2026-06-02T19:22:28+08:00
BK1288,2026-06-02T00:00:00Z,640544,651841,655873,624198,639674,12167,1.90,5991506,18481657145,4.10,1.05,0.00,0,2924609,3066898,477238016000,391392176000,533727296,2876988128,2455236256,421751872,4538282240,4426306816,111975424,5210589440,5691382784,-480793344,5484025088,5511661312,-27636224,2.89,2.28,0.61,-2.60,-0.15,0,36,17,18,1,0,0,88.12,0.00,0.00,0.00,,0.00,,0.00,EastMoney,2026-06-02T19:22:28+08:00
BK1289,2026-06-02T00:00:00Z,180251,174185,180251,173700,180300,-6115,-3.39,1855768,2405285772,1.29,0.68,0.00,0,897269,958498,129943224000,122457972000,-304719613,97122099,336950864,-239828765,395635440,460526288,-64890848,792705088,667866784,124838304,1050442864,870561536,179881328,-12.67,-9.97,-2.70,5.19,7.48,0,18,0,18,0,0,0,34.49,0.00,0.00,0.00,,0.00,,0.00,EastMoney,2026-06-02T19:22:28+08:00
BK1290,2026-06-02T00:00:00Z,208941,208214,211224,207735,208861,-647,-0.31,1316954,1081729641,1.00,1.49,0.00,0,655954,661000,122775565000,116745023000,5121388,42779905,37309456,5470449,199256245,199605306,-349061,337451200,320053376,17397824,491268432,513787648,-22519216,0.47,0.51,-0.03,1.61,-2.08,0,10,1,9,0,0,0,12.78,0.00,0.00,0.00,,0.00,,0.00,EastMoney,2026-06-02T19:22:28+08:00
BK1291,2026-06-02T00:00:00Z,135366,131730,135533,131172,135273,-3543,-2.62,3652313,2489526202,1.75,0.68,0.00,0,1447970,2204343,138324855000,130707920000,-186181269,133900240,232094885,-98194645,504252816,592239440,-87986624,843885712,781575616,62310096,844666592,755022064,89644528,-7.48,-3.94,-3.53,2.50,3.60,0,13,0,13,0,0,0,-58.43,0.00,0.00,0.00,,0.00,,0.00,EastMoney,2026-06-02T19:22:28+08:00
BK1292,2026-06-02T00:00:00Z,238790,228577,238930,227400,238189,-9612,-4.04,1938214,1057449557,1.23,1.06,0.00,0,775527,1162686,87731762000,87254168000,-177106430,90202846,171668620,-81465774,278744800,374385456,-95640656,344016176,263122092,80894084,334466112,238253768,96212344,-16.75,-7.70,-9.04,7.65,9.10,0,3,0,3,0,0,0,26.99,0.00,0.00,0.00,,0.00,,0.00,EastMoney,2026-06-02T19:22:28+08:00
BK1293,2026-06-02T00:00:00Z,508491,489197,508491,483344,507276,-18079,-3.56,15257672,21309470903,7.55,1.11,0.00,0,6590286,8667386,242647196000,221568140000,-2318145504,1752957616,2993320336,-1240362720,4752754688,5830537472,-1077782784,7183007232,6670274816,512732416,7132871168,5327458048,1805413120,-10.88,-5.82,-5.06,2.41,8.47,0,27,3,24,0,0,0,-475.92,0.00,0.00,0.00,,0.00,,0.00,EastMoney,2026-06-02T19:22:28+08:00
BK1294,2026-06-02T00:00:00Z,305006,297964,305006,294814,304914,-6950,-2.28,1229472,4000232434,2.99,0.99,0.00,0,519178,710294,108752615000,99434036000,-405180224,377176608,703215296,-326038688,954987552,1034129088,-79141536,1444261680,1274247744,170013936,1164753072,929586752,235166320,-10.13,-8.15,-1.98,4.25,5.88,0,9,2,7,0,0,0,-96.19,0.00,0.00,0.00,,0.00,,0.00,EastMoney,2026-06-02T19:22:28+08:00
BK1295,2026-06-02T00:00:00Z,103049,100544,103572,99533,105940,-5396,-5.09,674580,1188045009,10.02,1.00,0.00,0,284704,389876,11190396000,10093307000,-68435776,60831768,102537963,-41706195,254601219,281330800,-26729581,450232048,450933264,-701216,394272480,325135472,69137008,-5.76,-3.51,-2.25,-0.06,5.82,0,2,0,2,0,0,0,-72.88,0.00,0.00,0.00,,0.00,,0.00,EastMoney,2026-06-02T19:22:28+08:00
BK1296,2026-06-02T00:00:00Z,85021,82741,85021,82361,85021,-2280,-2.68,152777,267588753,1.50,0.88,0.00,0,57385,95393,32587956000,17798013000,-11853029,7806462,9252485,-1446023,51190824,61597830,-10407006,101846643,100028306,1818337,103919777,93885084,10034693,-4.43,-0.54,-3.89,0.68,3.75,0,1,0,1,0,0,0,31.10,0.00,0.00,0.00,,0.00,,0.00,EastMoney,2026-06-02T19:22:28+08:00
BK1297,2026-06-02T00:00:00Z,391264,391602,401902,372857,382483,9119,2.38,1332027,3069743247,19.70,3.84,0.00,0,678324,653704,16246390000,15679571000,-7510640,269318880,298610400,-29291520,795510000,773729120,21780880,1020776240,945904048,74872192,884584624,951946144,-67361520,-0.24,-0.95,0.71,2.44,-2.19,0,1,1,0,0,0,0,53.43,0.00,0.00,0.00,,0.00,,0.00,EastMoney,2026-06-02T19:22:28+08:00
BK1298,2026-06-02T00:00:00Z,296363,288910,296363,282332,295584,-6674,-2.26,948451,2441402083,8.63,0.97,0.00,0,416792,531659,30163359000,28421329000,-77843013,196977912,234008477,-37030565,562655264,603467712,-40812448,857535856,837616768,19919088,763421440,705497520,57923920,-3.19,-1.52,-1.67,0.82,2.37,0,2,0,2,0,0,0,-39.44,0.00,0.00,0.00,,0.00,,0.00,EastMoney,2026-06-02T19:22:28+08:00
BK1299,2026-06-02T00:00:00Z,409536,391068,409536,387438,409202,-18134,-4.43,8520079,6455416646,5.16,1.01,0.00,0,3675290,4844789,148205865000,138466015000,-552612976,384635920,681366912,-296730992,1481304640,1737186624,-255881984,2216472048,2051077600,165394448,2247847216,1860628672,387218544,-8.56,-4.60,-3.96,2.56,6.00,0,14,1,13,0,0,0,-55.03,0.00,0.00,0.00,,0.00,,0.00,EastMoney,2026-06-02T19:22:28+08:00
BK1300,2026-06-02T00:00:00Z,69930,67308,70227,66716,70302,-2994,-4.26,713901,962929487,2.07,0.76,0.00,0,300177,413724,42372108000,42045535000,-41891858,39780337,92678479,-52898142,228417531,217411247,11006284,340094704,324751504,15343200,340236096,313687440,26548656,-4.35,-5.49,1.14,1.59,2.76,0,4,0,4,0,0,0,-61.36,0.00,0.00,0.00,,0.00,,0.00,EastMoney,2026-06-02T19:22:28+08:00
BK1301,2026-06-02T00:00:00Z,138967,135433,139033,134188,139014,-3581,-2.58,7056542,8958366501,2.14,0.90,0.00,0,2911798,4144744,437673648000,396199216000,-732967680,660332608,1030684864,-370352256,1911493936,2274109360,-362615424,3028350384,2832744528,195605856,3236415648,2699053824,537361824,-8.18,-4.13,-4.05,2.18,6.00,0,25,0,25,0,0,0,25.32,0.00,0.00,0.00,,0.00,,0.00,EastMoney,2026-06-02T19:22:28+08:00
BK1302,2026-06-02T00:00:00Z,1356376,1341068,1358824,1313148,1357486,-16418,-1.21,11062593,32950363115,3.46,0.84,0.00,0,5259845,5802748,1045038176000,914122816000,-1818794256,2752204864,3718510416,-966305552,7342060288,8194548992,-852488704,10990170624,10789864960,200305664,11225934336,9616473088,1609461248,-5.52,-2.93,-2.59,0.61,4.88,0,43,11,31,1,0,0,54.57,0.00,0.00,0.00,,0.00,,0.00,EastMoney,2026-06-02T19:22:28+08:00
BK1303,2026-06-02T00:00:00Z,2061692,2057964,2069502,2005372,2065475,-7511,-0.36,8942882,47427781847,3.98,0.87,0.00,0,4395096,4547786,2768243456000,2522388144000,1922849536,9701572352,7395813376,2305758976,13528170496,13911079936,-382909440,14428879616,16149071872,-1720192256,8502539008,8706003712,-203464704,4.05,4.86,-0.81,-3.63,-0.43,0,32,12,20,0,0,0,30.01,0.00,0.00,0.00,,0.00,,0.00,EastMoney,2026-06-02T19:22:28+08:00
BK1304,2026-06-02T00:00:00Z,2834214,2835457,2851709,2760495,2847111,-11654,-0.41,3502005,9025963401,5.35,1.00,0.00,0,1734527,1767478,225463270000,198659603000,-314314800,768867376,909639216,-140771840,2036188192,2209731152,-173542960,2947925104,2901565184,46359920,2940594192,2638046672,302547520,-3.48,-1.56,-1.92,0.51,3.35,0,19,5,14,0,0,0,141.71,0.00,0.00,0.00,,0.00,,0.00,EastMoney,2026-06-02T19:22:28+08:00
BK1305,2026-06-02T00:00:00Z,32890,32113,33271,31423,32670,-557,-1.70,32764,71653036,1.67,0.77,0.00,0,14160,18604,5267652000,4287737000,1832516,1240140,460452,779688,10739490,9686662,1052828,26628345,22363167,4265178,32262046,38359740,-6097694,2.56,1.09,1.47,5.95,-8.51,0,1,0,1,0,0,0,-8.37,0.00,0.00,0.00,,0.00,,0.00,EastMoney,2026-06-02T19:22:28+08:00
BK1306,2026-06-02T00:00:00Z,276449,274305,277452,268353,274614,-309,-0.11,3305437,7856889248,7.03,1.44,0.00,0,1610167,1695271,98235875000,91923672000,-506567968,725653920,1133363328,-407709408,1716854592,1815713152,-98858560,2534825280,2301678624,233146656,2662631088,2387901568,274729520,-6.45,-5.19,-1.26,2.97,3.50,0,10,4,6,0,0,0,-4844.60,0.00,0.00,0.00,,0.00,,0.00,EastMoney,2026-06-02T19:22:28+08:00
BK1307,2026-06-02T00:00:00Z,277795,277944,281127,273874,277078,866,0.31,4156056,9926096349,3.67,0.77,0.00,0,1953711,2202345,296874320000,253896885000,-201991584,717891008,869033392,-151142384,2186331680,2237180880,-50849200,3399096032,3299597056,99498976,3345489408,3242862624,102626784,-2.03,-1.52,-0.51,1.00,1.03,0,27,14,13,0,0,0,64.49,0.00,0.00,0.00,,0.00,,0.00,EastMoney,2026-06-02T19:22:28+08:00
BK1308,2026-06-02T00:00:00Z,290323,289183,290417,279548,290919,-1736,-0.60,2226637,3285655222,3.22,0.89,0.00,0,1039560,1187077,100933559000,86163040000,16299708,321851920,225453332,96398588,662134048,742232928,-80098880,1055067088,1115171776,-60104688,1187197120,1131840288,55356832,0.50,2.93,-2.44,-1.83,1.68,0,14,3,11,0,0,0,44.71,0.00,0.00,0.00,,0.00,,0.00,EastMoney,2026-06-02T19:22:28+08:00
BK1309,2026-06-02T00:00:00Z,795499,786686,798257,770247,801776,-15090,-1.88,6222087,13135990554,3.01,1.05,0.00,0,3151084,3071004,547949776000,522505808000,-1103368176,1111539120,1845698960,-734159840,3141955952,3511164288,-369208336,4097553968,3791432528,306121440,4334101504,3531920000,802181504,-8.40,-5.59,-2.81,2.33,6.11,0,29,7,22,0,0,0,35.57,0.00,0.00,0.00,,0.00,,0.00,EastMoney,2026-06-02T19:22:28+08:00
BK1310,2026-06-02T00:00:00Z,407974,398953,409051,391405,409608,-10655,-2.60,4871940,8046200053,3.80,0.96,0.00,0,2259309,2612632,252515884000,210188531000,-554384128,528825408,721453520,-192628112,1596748560,1958504576,-361756016,2589885504,2656093088,-66207584,3066632368,2441158464,625473904,-6.89,-2.39,-4.50,-0.82,7.77,0,28,3,25,0,0,0,31.09,0.00,0.00,0.00,,0.00,,0.00,EastMoney,2026-06-02T19:22:28+08:00
BK1311,2026-06-02T00:00:00Z,491741,480163,491741,467576,494197,-14034,-2.84,8086064,18983332809,3.30,0.94,0.00,0,3435117,4650947,661929088000,600665344000,-1375695184,1577880000,2399008016,-821128016,4387780864,4942348032,-554567168,6349884160,6209310464,140573696,6076557312,4853867520,1222689792,-7.25,-4.33,-2.92,0.74,6.44,0,30,4,26,0,0,0,46.05,0.00,0.00,0.00,,0.00,,0.00,EastMoney,2026-06-02T19:22:28+08:00
BK1312,2026-06-02T00:00:00Z,429446,427448,429458,414606,430159,-2711,-0.63,12446253,22035482530,4.77,1.09,0.00,0,6220281,6225972,427379360000,391167856000,-133645280,3235120128,3325474272,-90354144,5011434496,5054725632,-43291136,6647364608,6810867968,-163503360,6690410496,6400864256,289546240,-0.61,-0.41,-0.20,-0.74,1.31,0,39,14,25,0,0,0,75.82,0.00,0.00,0.00,,0.00,,0.00,EastMoney,2026-06-02T19:22:28+08:00
BK1313,2026-06-02T00:00:00Z,242480,237270,243045,234715,242949,-5679,-2.34,3888191,6917213814,2.71,0.83,0.00,0,1696140,2192052,296335584000,211942803000,-305581984,562828704,816831488,-254002784,1547473296,1599052496,-51579200,2036721808,2093376048,-56654240,2548214512,2234621184,313593328,-4.42,-3.67,-0.75,-0.82,4.53,0,26,1,25,0,0,0,111.66,0.00,0.00,0.00,,0.00,,0.00,EastMoney,2026-06-02T19:22:28+08:00
BK1314,2026-06-02T00:00:00Z,181237,176109,181685,172450,182253,-6144,-3.37,2813192,5114512559,3.18,0.79,0.00,0,1302653,1510539,181111653000,159121603000,-537988464,457340848,645976144,-188635296,1051581248,1400934416,-349353168,1678022192,1670882576,7139616,1862232256,1331383424,530848832,-10.52,-3.69,-6.83,0.14,10.38,0,5,0,5,0,0,0,47.21,0.00,0.00,0.00,,0.00,,0.00,EastMoney,2026-06-02T19:22:28+08:00
BK1315,2026-06-02T00:00:00Z,284515,278889,284541,274123,284861,-5972,-2.10,12530727,12172411643,3.27,0.98,0.00,0,5476419,7054309,401194272000,344469904000,-710425984,916170992,1276081360,-359910368,2668369104,3018884720,-350515616,4010143200,3910974656,99168544,4369656064,3766239632,603416432,-5.84,-2.96,-2.88,0.81,4.96,0,24,3,21,0,0,0,-15.73,0.00,0.00,0.00,,0.00,,0.00,EastMoney,2026-06-02T19:22:28+08:00
BK1316,2026-06-02T00:00:00Z,283353,280831,284117,273289,283814,-2983,-1.05,2785965,5613401525,2.95,0.87,0.00,0,1359652,1426312,197954292000,183454917000,9119296,398437600,372774160,25663440,1169343168,1185887312,-16544144,1893478368,1834889776,58588592,2059578096,2132861920,-73283824,0.16,0.46,-0.29,1.04,-1.31,0,18,3,15,0,0,0,-159.50,0.00,0.00,0.00,,0.00,,0.00,EastMoney,2026-06-02T19:22:28+08:00
BK1317,2026-06-02T00:00:00Z,823858,800002,825046,786544,821091,-21089,-2.57,1644485,10173839487,3.84,0.87,0.00,0,803904,840581,260642360000,206237616000,-919075456,1120031840,1510816880,-390785040,2267694672,2795985088,-528290416,3272526208,3400902240,-128376032,3306802512,2278816896,1027985616,-9.03,-3.84,-5.19,-1.26,10.10,0,11,2,9,0,0,0,53.87,0.00,0.00,0.00,,0.00,,0.00,EastMoney,2026-06-02T19:22:28+08:00
BK1318,2026-06-02T00:00:00Z,1210522,1181282,1213586,1165754,1207562,-26280,-2.18,1959433,2663206597,1.62,0.98,0.00,0,919088,1040344,165675419000,165675318000,-244413728,322006272,458065888,-136059616,518641984,626996096,-108354112,815536656,916205168,-100668512,975489360,630407104,345082256,-9.18,-5.11,-4.07,-3.78,12.96,0,2,0,2,0,0,0,-10.15,0.00,0.00,0.00,,0.00,,0.00,EastMoney,2026-06-02T19:22:28+08:00
BK1319,2026-06-02T00:00:00Z,207774,199468,208030,196413,207396,-7928,-3.82,3830665,3049126527,4.18,0.75,0.00,0,1660368,2170297,97295027000,96671412000,-328462637,212658707,383902464,-171243757,605626400,762845280,-157218880,1102029984,1032909616,69120368,1078744864,819402592,259342272,-10.77,-5.62,-5.16,2.27,8.51,0,5,0,5,0,0,0,-7.65,0.00,0.00,0.00,,0.00,,0.00,EastMoney,2026-06-02T19:22:28+08:00
BK1320,2026-06-02T00:00:00Z,2253657,2184798,2272728,2136777,2244569,-59771,-2.66,1427391,17866309999,3.33,0.76,0.00,0,710258,717133,645844704000,530372816000,-432366576,3029069312,3098425072,-69355760,4611751168,4974761984,-363010816,5562369536,5675264256,-112894720,4333153536,3787892384,545261152,-2.42,-0.39,-2.03,-0.63,3.05,0,9,0,9,0,0,0,38.67,0.00,0.00,0.00,,0.00,,0.00,EastMoney,2026-06-02T19:22:28+08:00
BK1321,2026-06-02T00:00:00Z,146942,146705,147906,144377,146761,-56,-0.04,614794,594801666,2.01,0.64,0.00,0,292722,322073,29816381000,27572726000,-7393891,12803808,29831010,-17027202,138095254,128461943,9633311,181239250,201571904,-20332654,255633309,227906763,27726546,-1.24,-2.86,1.62,-3.42,4.66,0,4,1,3,0,0,0,59.33,0.00,0.00,0.00,,0.00,,0.00,EastMoney,2026-06-02T19:22:28+08:00
BK1322,2026-06-02T00:00:00Z,1032592,1044834,1046530,1001002,1030244,14590,1.42,4390712,21007581996,3.52,0.94,0.00,0,2137439,2253273,521546400000,430796400000,896854816,4696730624,3581014240,1115716384,4985900800,5204762368,-218861568,6225604608,6792047360,-566442752,4747966464,5079168256,-331201792,4.27,5.31,-1.04,-2.70,-1.58,0,27,13,12,2,0,0,126.99,0.00,0.00,0.00,,0.00,,0.00,EastMoney,2026-06-02T19:22:28+08:00
BK1323,2026-06-02T00:00:00Z,152230,145681,152230,143550,152448,-6767,-4.44,2711365,4583861980,1.82,1.19,0.00,0,1120773,1590592,238533547000,175648493000,-830343648,583967232,841178208,-257210976,1025205088,1598337760,-573132672,1353212160,1309419744,43792416,1580459152,793907904,786551248,-18.11,-5.61,-12.50,0.96,17.16,0,2,0,2,0,0,0,42.92,0.00,0.00,0.00,,0.00,,0.00,EastMoney,2026-06-02T19:22:28+08:00
BK1325,2026-06-02T00:00:00Z,1186488,1196984,1216417,1170740,1184201,12783,1.08,5432390,33069137665,5.31,0.71,0.00,0,2627524,2804866,897242128000,497663232000,-783572480,5513247488,5842537472,-329289984,8640142080,9094424576,-454282496,10406123008,10620249088,-214126080,7686673920,6663074816,1023599104,-2.37,-1.00,-1.37,-0.65,3.10,0,30,15,15,0,0,0,607.22,0.00,0.00,0.00,,0.00,,0.00,EastMoney,2026-06-02T19:22:28+08:00
BK1326,2026-06-02T00:00:00Z,4219106,4239654,4310150,4108120,4192972,46682,1.11,2302853,43202388272,3.59,0.89,0.00,0,1181017,1121836,1679635536000,1533405488000,426932736,7065782784,6675805440,389977344,12583227904,12546272512,36955392,19393608448,20017002496,-623394048,3652811984,3456350512,196461472,0.99,0.90,0.09,-1.44,0.45,0,22,13,9,0,0,0,107.01,0.00,0.00,0.00,,0.00,,0.00,EastMoney,2026-06-02T19:22:28+08:00
BK1327,2026-06-02T00:00:00Z,1709816,1727556,1753659,1692386,1701494,26062,1.53,3553009,29933379473,4.42,0.57,0.00,0,1634706,1918303,627611744000,574824368000,-59075072,7196772864,6709991936,486780928,11261266432,11807122432,-545856000,7120261120,7241962496,-121701376,3950933680,3770157424,180776256,-0.20,1.63,-1.82,-0.41,0.60,0,18,9,9,0,0,0,-107.61,0.00,0.00,0.00,,0.00,,0.00,EastMoney,2026-06-02T19:22:28+08:00
BK1328,2026-06-02T00:00:00Z,910502,911955,929207,885365,909594,2361,0.26,12824687,49671638660,12.22,0.69,0.00,0,6406659,6418028,446238528000,424256240000,-1071064832,8767034880,9285586688,-518551808,12575212544,13127725568,-552513024,14418770688,14499038464,-80267776,13048850176,11902533376,1146316800,-2.16,-1.04,-1.11,-0.16,2.31,0,13,5,8,0,0,0,95.06,0.00,0.00,0.00,,0.00,,0.00,EastMoney,2026-06-02T19:22:28+08:00
BK1329,2026-06-02T00:00:00Z,411952,415591,424517,405915,411197,4394,1.07,5273158,34579461879,4.23,0.66,0.00,0,2666176,2606982,2075766096000,642794320000,313524224,7682314240,7514051840,168262400,11087748608,10942486784,145261824,10957647616,11170168576,-212520960,4450377216,4551380224,-101003008,0.91,0.49,0.42,-0.61,-0.29,0,8,6,2,0,0,0,234.31,0.00,0.00,0.00,,0.00,,0.00,EastMoney,2026-06-02T19:22:28+08:00
BK1330,2026-06-02T00:00:00Z,670058,669609,678703,650570,669026,583,0.09,3080804,21676565454,3.34,0.79,0.00,0,1541380,1539424,617163200000,539148256000,-735940000,2795849904,2866491472,-70641568,4940822528,5606120960,-665298432,8350632192,8013772544,336859648,5356870656,4957790464,399080192,-3.40,-0.33,-3.07,1.55,1.84,0,35,11,24,0,0,0,894.66,0.00,0.00,0.00,,0.00,,0.00,EastMoney,2026-06-02T19:22:28+08:00
BK1331,2026-06-02T00:00:00Z,2693510,2682752,2723449,2613372,2679562,3190,0.12,8200950,139006221293,3.76,0.77,0.00,0,4048551,4152400,4559560448000,3700583840000,-2281369088,34121121024,34738022400,-616901376,44434129152,46098596864,-1664467712,47588316416,46192207616,1396108800,10971077632,10085817600,885260032,-1.64,-0.44,-1.20,1.00,0.64,0,51,24,26,1,0,0,128.61,0.00,0.00,0.00,,0.00,,0.00,EastMoney,2026-06-02T19:22:28+08:00
BK1332,2026-06-02T00:00:00Z,335595,339212,341977,328252,336284,2928,0.87,10188882,41497021235,7.21,0.81,0.00,0,5175334,5013547,717851888000,571743408000,52421888,6672819968,6604891648,67928320,10867977984,10883484416,-15506432,13169345024,13304149248,-134804224,10201890048,10100060160,101829888,0.13,0.16,-0.04,-0.32,0.25,0,36,20,15,1,0,0,116.90,0.00,0.00,0.00,,0.00,,0.00,EastMoney,2026-06-02T19:22:28+08:00
BK1333,2026-06-02T00:00:00Z,817920,824834,831016,808192,819062,5772,0.70,10230928,12340748803,4.80,0.66,0.00,0,5074981,5155947,295923072000,257636198000,-136771616,1325878576,1374264256,-48385680,2838520592,2926906528,-88385936,4016364896,4028039936,-11675040,3977099360,3828652688,148446672,-1.11,-0.39,-0.72,-0.09,1.20,0,30,12,16,2,0,0,-176.34,0.00,0.00,0.00,,0.00,,0.00,EastMoney,2026-06-02T19:22:28+08:00
BK1334,2026-06-02T00:00:00Z,1690475,1714389,1732410,1668586,1684489,29900,1.78,5618683,20607552676,5.48,0.79,0.00,0,2660987,2957696,429734400000,396726656000,-170278512,3034730032,3180811424,-146081392,5033861120,5058058240,-24197120,6846713088,6850861824,-4148736,5074605056,4898983168,175621888,-0.83,-0.71,-0.12,-0.02,0.85,0,26,17,8,1,0,0,255.90,0.00,0.00,0.00,,0.00,,0.00,EastMoney,2026-06-02T19:22:28+08:00
BK1335,2026-06-02T00:00:00Z,353931,359326,360304,349354,355585,3741,1.05,60531114,40802243718,6.04,0.77,0.00,0,30376553,30154561,725907488000,627582224000,-207365120,8545014528,8544598272,416256,9910313728,10118095104,-207781376,11600224768,11490772736,109452032,9803607808,9692072704,111535104,-0.51,0.00,-0.51,0.27,0.27,0,42,27,15,0,0,0,137.40,0.00,0.00,0.00,,0.00,,0.00,EastMoney,2026-06-02T19:22:28+08:00
BK1336,2026-06-02T00:00:00Z,1636535,1667119,1683029,1595255,1641124,25995,1.58,10616296,33308978611,7.97,1.00,0.00,0,5522693,5093604,491913824000,438620736000,1337552896,6703158272,4871438336,1831719936,7928124928,8422291968,-494167040,9443765760,10235551744,-791785984,8850683392,9396450304,-545766912,4.02,5.50,-1.48,-2.38,-1.64,0,33,18,15,0,0,0,67.06,0.00,0.00,0.00,,0.00,,0.00,EastMoney,2026-06-02T19:22:28+08:00
BK1337,2026-06-02T00:00:00Z,298147,296833,298246,291053,298083,-1250,-0.42,771910,3130719405,1.97,0.77,0.00,0,362703,409207,295108848000,175355498000,-29277165,259620223,248662652,10957571,673428016,713662752,-40234736,1091997184,1019656880,72340304,1054598816,1097188096,-42589280,-0.94,0.35,-1.29,2.31,-1.36,0,11,4,7,0,0,0,36.94,0.00,0.00,0.00,,0.00,,0.00,EastMoney,2026-06-02T19:22:28+08:00
BK1338,2026-06-02T00:00:00Z,1521560,1536475,1542815,1497019,1517787,18688,1.23,31094405,131800211503,4.07,1.02,0.00,0,16100054,14994350,3856378192000,3605635424000,2532401920,28797023744,26170936064,2626087680,34441529344,34535215104,-93685760,37190586624,38271363840,-1080777216,28660305664,30112418048,-1452112384,1.92,1.99,-0.07,-0.82,-1.10,0,87,49,38,0,0,0,47.39,0.00,0.00,0.00,,0.00,,0.00,EastMoney,2026-06-02T19:22:28+08:00
BK1339,2026-06-02T00:00:00Z,1402878,1498638,1510176,1394670,1407843,90795,6.45,9204386,47479376748,10.21,1.01,0.00,0,4617507,4586879,630592992000,591477552000,1503094016,10895485952,9914759168,980726784,13161944064,12639576832,522367232,13244939264,13240501504,4437760,9170460160,10484891392,-1314431232,3.17,2.07,1.10,0.01,-2.77,0,19,16,3,0,0,0,81.01,0.00,0.00,0.00,,0.00,,0.00,EastMoney,2026-06-02T19:22:28+08:00
BK1340,2026-06-02T00:00:00Z,1206343,1242112,1249066,1181756,1206421,35691,2.96,18817349,133216324213,7.00,0.91,0.00,0,9548926,9268423,2837954352000,2474907856000,3002849024,33209252096,29241364736,3967887360,34628226560,35593264896,-965038336,35393221376,38551908352,-3158686976,27382231552,27195214592,187016960,2.25,2.98,-0.72,-2.37,0.14,0,46,32,12,2,0,0,90.45,0.00,0.00,0.00,,0.00,,0.00,EastMoney,2026-06-02T19:22:28+08:00
BK1341,2026-06-02T00:00:00Z,159064,155596,160189,154695,159693,-4097,-2.57,1228053,372755758,2.13,0.82,0.00,0,476255,751798,21222599000,21128631000,-21024635,30397014,37390953,-6993939,90651357,104682053,-14030696,112474670,100985102,11489568,132356105,122821038,9535067,-5.64,-1.88,-3.76,3.08,2.56,0,3,0,3,0,0,0,-38.22,0.00,0.00,0.00,,0.00,,0.00,EastMoney,2026-06-02T19:22:28+08:00
BK1342,2026-06-02T00:00:00Z,144445,139095,146738,137567,144063,-4968,-3.45,185097,68075612,2.17,1.15,0.00,0,74984,110113,4026110000,3106597000,-1308090,1610231,1436759,173472,12097380,13578942,-1481562,19222843,18410981,811862,34060592,33564364,496228,-1.92,0.25,-2.18,1.19,0.73,0,1,0,1,0,0,0,64.92,0.00,0.00,0.00,,0.00,,0.00,EastMoney,2026-06-02T19:22:28+08:00
BK1343,2026-06-02T00:00:00Z,175412,174461,177322,172875,175834,-1373,-0.78,1214204,667626762,2.01,1.03,0.00,0,604124,610081,32969259000,29295664000,-741006,17265756,29984927,-12719171,145287323,133309158,11978165,225982160,195335957,30646203,259338070,289243264,-29905194,-0.11,-1.91,1.79,4.59,-4.48,0,9,2,7,0,0,0,-6.92,0.00,0.00,0.00,,0.00,,0.00,EastMoney,2026-06-02T19:22:28+08:00
BK1344,2026-06-02T00:00:00Z,239192,238587,239618,236745,239787,-1200,-0.50,2371668,1829234346,1.50,0.82,0.00,0,1127292,1244377,136618213000,131735913000,-2384777,188090485,203131006,-15040521,459689984,447034240,12655744,586928016,580233024,6694992,565035392,569345616,-4310224,-0.13,-0.82,0.69,0.37,-0.24,0,14,6,8,0,0,0,-6.93,0.00,0.00,0.00,,0.00,,0.00,EastMoney,2026-06-02T19:22:28+08:00
BK1345,2026-06-02T00:00:00Z,130810,128164,130824,127359,130603,-2439,-1.87,4357331,1909205018,1.27,1.02,0.00,0,1930162,2427169,215767584000,196929763000,-43667831,84826482,199825289,-114998807,469044880,397713904,71330976,627927488,595662864,32264624,684526816,673123600,11403216,-2.29,-6.02,3.74,1.69,0.60,0,12,2,10,0,0,0,-10.84,0.00,0.00,0.00,,0.00,,0.00,EastMoney,2026-06-02T19:22:28+08:00
BK1346,2026-06-02T00:00:00Z,204073,201165,205130,200210,203911,-2746,-1.35,32775332,14893348872,2.28,0.91,0.00,0,14106798,18668534,612789440000,580227104000,-410708032,1841836672,1944222912,-102386240,3371889728,3680211520,-308321792,4503385600,4271274800,232110800,4835921408,4657324032,178597376,-2.76,-0.69,-2.07,1.56,1.20,0,66,9,49,8,0,0,-3.87,0.00,0.00,0.00,,0.00,,0.00,EastMoney,2026-06-02T19:22:28+08:00
BK1347,2026-06-02T00:00:00Z,40855,41372,41737,40702,40961,411,1.00,23714,83361989,0.20,0.92,0.00,0,11357,12357,41043390000,41043120000,4055286,0,0,0,13014440,8959154,4055286,27389600,31126088,-3736488,41992845,42311643,-318798,4.86,0.00,4.86,-4.48,-0.38,0,1,1,0,0,0,0,14.51,0.00,0.00,0.00,,0.00,,0.00,EastMoney,2026-06-02T19:22:28+08:00
BK1348,2026-06-02T00:00:00Z,249086,244947,249683,243403,248578,-3631,-1.46,208542,226052095,1.21,0.70,0.00,0,102985,105557,19073758000,17252755000,18116223,3770830,6623079,-2852249,60718911,39750439,20968472,62186060,70972452,-8786392,94378993,104276305,-9897312,8.01,-1.26,9.28,-3.89,-4.38,0,4,1,3,0,0,0,20.16,0.00,0.00,0.00,,0.00,,0.00,EastMoney,2026-06-02T19:22:28+08:00
BK1349,2026-06-02T00:00:00Z,252415,246770,252566,245499,252133,-5363,-2.13,1256022,844629973,1.84,0.98,0.00,0,596900,659122,44878234000,44340491000,-1991289,28309506,30644681,-2335175,184546614,184202728,343886,280625760,318637600,-38011840,343750704,303747568,40003136,-0.24,-0.28,0.04,-4.50,4.74,0,9,3,6,0,0,0,17.58,0.00,0.00,0.00,,0.00,,0.00,EastMoney,2026-06-02T19:22:28+08:00
BK1350,2026-06-02T00:00:00Z,215202,208517,215259,206577,214764,-6247,-2.91,2327962,1858489704,3.23,0.93,0.00,0,1016447,1311515,69285922000,62664447000,-59603542,79703075,126869449,-47166374,335651952,348089120,-12437168,591405344,557223072,34182272,811706016,786284736,25421280,-3.21,-2.54,-0.67,1.84,1.37,0,15,1,14,0,0,0,34.98,0.00,0.00,0.00,,0.00,,0.00,EastMoney,2026-06-02T19:22:28+08:00
BK1351,2026-06-02T00:00:00Z,164083,161425,165401,160028,166314,-4889,-2.94,614641,464229851,2.64,1.10,0.00,0,291285,323356,17461785000,17461785000,-2620040,31696402,20936150,10760252,83007996,96388288,-13380292,122125352,135690329,-13564977,219865529,203680512,16185017,-0.56,2.32,-2.88,-2.92,3.49,0,4,0,3,1,0,0,32.93,0.00,0.00,0.00,,0.00,,0.00,EastMoney,2026-06-02T19:22:28+08:00
BK1352,2026-06-02T00:00:00Z,222769,219002,223353,217989,222236,-3234,-1.46,4926389,3342565709,1.50,0.97,0.00,0,2202712,2723677,234660279000,209786911000,46173686,222094893,171752679,50342214,602913376,607081904,-4168528,1042943584,1037890240,5053344,1401546560,1452773584,-51227024,1.38,1.51,-0.12,0.15,-1.53,0,39,4,31,4,0,0,34.15,0.00,0.00,0.00,,0.00,,0.00,EastMoney,2026-06-02T19:22:28+08:00
BK1353,2026-06-02T00:00:00Z,459414,449798,460735,445552,456947,-7149,-1.56,462309,678236810,1.84,0.83,0.00,0,228474,233835,34597682000,30453528000,36119180,32189951,19000851,13189100,150565872,127635792,22930080,209671459,183700966,25970493,266610820,329049664,-62438844,5.33,1.94,3.38,3.83,-9.21,0,7,1,6,0,0,0,22.89,0.00,0.00,0.00,,0.00,,0.00,EastMoney,2026-06-02T19:22:28+08:00
BK1354,2026-06-02T00:00:00Z,76188,75784,76502,74563,76060,-276,-0.36,1140996,1638840030,3.56,0.88,0.00,0,559986,581010,45840389000,41694015000,78335471,110529880,79502937,31026943,353129024,305820496,47308528,542518400,505980208,36538192,605265360,720139040,-114873680,4.78,1.89,2.89,2.23,-7.01,0,11,4,7,0,0,0,-323.33,0.00,0.00,0.00,,0.00,,0.00,EastMoney,2026-06-02T19:22:28+08:00
BK1355,2026-06-02T00:00:00Z,312393,308502,312999,304771,311907,-3405,-1.09,970925,1139817972,5.06,1.38,0.00,0,500790,470135,21115062000,20079026000,-4322554,79616189,92539575,-12923386,343633472,335032640,8600832,402825376,324925392,77899984,307199840,380777280,-73577440,-0.38,-1.13,0.75,6.83,-6.46,0,4,1,3,0,0,0,89.51,0.00,0.00,0.00,,0.00,,0.00,EastMoney,2026-06-02T19:22:28+08:00
BK1356,2026-06-02T00:00:00Z,63746,62287,63883,61753,63883,-1596,-2.50,280080,114504874,1.80,0.86,0.00,0,97119,182961,5635543000,5612724000,-11061126,6626851,8184312,-1557461,23085106,32588771,-9503665,40693617,36830570,3863047,41577072,34378993,7198079,-9.66,-1.36,-8.30,3.37,6.29,0,2,0,2,0,0,0,-26.27,0.00,0.00,0.00,,0.00,,0.00,EastMoney,2026-06-02T19:22:28+08:00
BK1357,2026-06-02T00:00:00Z,197694,195695,198039,193991,197926,-2231,-1.13,1286923,1217234425,1.24,0.81,0.00,0,550473,736450,106189966000,100475687000,-34994438,49016975,64048650,-15031675,193542543,213505306,-19962763,363071472,365326304,-2254832,591107392,553858128,37249264,-2.87,-1.23,-1.64,-0.19,3.06,0,16,4,11,1,0,0,19.35,0.00,0.00,0.00,,0.00,,0.00,EastMoney,2026-06-02T19:22:28+08:00
BK1358,2026-06-02T00:00:00Z,125352,124500,125769,123528,125637,-1137,-0.90,2395208,8476091886,0.32,0.90,0.00,0,1080039,1315170,2702728112000,1845973808000,-283585008,1662301264,1773232256,-110930992,2545560480,2718214496,-172654016,2381058528,2291128432,89930096,1779143120,1585488192,193654928,-3.35,-1.31,-2.04,1.06,2.28,0,5,1,4,0,0,0,6.58,0.00,0.00,0.00,,0.00,,0.00,EastMoney,2026-06-02T19:22:28+08:00
BK1359,2026-06-02T00:00:00Z,208187,203372,208665,202653,208306,-4934,-2.37,2395807,1544424133,0.65,0.83,0.00,0,982565,1413243,252956246000,252914323000,-73932969,118211846,156376399,-38164553,336408272,372176688,-35768416,519837408,477973056,41864352,542537984,510469360,32068624,-4.79,-2.47,-2.32,2.71,2.08,0,10,0,10,0,0,0,19.90,0.00,0.00,0.00,,0.00,,0.00,EastMoney,2026-06-02T19:22:28+08:00
BK1360,2026-06-02T00:00:00Z,541382,528498,542712,517896,538893,-10395,-1.93,942060,1397184448,3.92,1.14,0.00,0,423479,518581,41084267000,37146207000,-17513428,104838163,92673687,12164476,327616256,357294160,-29677904,455411392,524896608,-69485216,486348608,399349984,86998624,-1.25,0.87,-2.12,-4.97,6.23,0,3,1,2,0,0,0,35.50,0.00,0.00,0.00,,0.00,,0.00,EastMoney,2026-06-02T19:22:28+08:00
BK1361,2026-06-02T00:00:00Z,55700,54267,55851,53947,55642,-1375,-2.47,522377,912462737,1.58,1.23,0.00,0,236911,285466,53455134000,49105019000,18810344,55839092,46849307,8989785,148165641,138345082,9820559,314106176,277202960,36903216,381383648,437097200,-55713552,2.06,0.99,1.08,4.04,-6.11,0,4,0,4,0,0,0,25.41,0.00,0.00,0.00,,0.00,,0.00,EastMoney,2026-06-02T19:22:28+08:00
BK1363,2026-06-02T00:00:00Z,208607,206084,209193,205242,208380,-2296,-1.10,1140045,402850900,0.70,0.86,0.00,0,497785,642259,75592667000,62335477000,-14941547,27317328,34873553,-7556225,83347936,90733258,-7385322,131816328,128783830,3032498,155400468,143491419,11909049,-3.71,-1.88,-1.83,0.75,2.96,0,3,0,3,0,0,0,15.88,0.00,0.00,0.00,,0.00,,0.00,EastMoney,2026-06-02T19:22:28+08:00
BK1364,2026-06-02T00:00:00Z,395253,391917,397708,386296,393829,-1912,-0.49,488051,563929652,1.40,0.91,0.00,0,225061,262990,41981984000,41930237000,-2354905,27763035,18172992,9590043,116296453,128241401,-11944948,186501209,183228931,3272278,225316379,226233752,-917373,-0.42,1.70,-2.12,0.58,-0.16,0,4,2,2,0,0,0,59.07,0.00,0.00,0.00,,0.00,,0.00,EastMoney,2026-06-02T19:22:28+08:00
BK1365,2026-06-02T00:00:00Z,291409,290145,291665,288569,291217,-1072,-0.37,1425682,752939293,1.08,1.03,0.00,0,643645,782037,74345927000,71154248000,-27968203,33291745,76949837,-43658092,175752205,160062316,15689889,247815107,242840737,4974370,284159136,261165297,22993839,-3.71,-5.80,2.08,0.66,3.05,0,3,1,2,0,0,0,20.83,0.00,0.00,0.00,,0.00,,0.00,EastMoney,2026-06-02T19:22:28+08:00
BK1366,2026-06-02T00:00:00Z,13492195,13490965,13564322,13371127,13520030,-29065,-0.21,26618874,32323784733,1.00,0.87,0.00,0,12905435,13713439,3414680512000,2900833216000,-499291136,5515830016,6435882752,-920052736,8928349440,8507587840,420761600,9871405568,9766038272,105367296,7570631680,7176707840,393923840,-1.54,-2.85,1.30,0.33,1.22,0,49,15,34,0,0,0,14.44,0.00,0.00,0.00,,0.00,,0.00,EastMoney,2026-06-02T19:22:28+08:00
BK1367,2026-06-02T00:00:00Z,86661,85566,87040,85166,86537,-971,-1.12,13649941,4215934293,0.97,0.94,0.00,0,5555438,8094503,490031152000,446283120000,-170915680,681614480,873930160,-192315680,1052245280,1030845280,21400000,1174957984,1154459424,20498560,1256219696,1105802576,150417120,-4.05,-4.56,0.51,0.49,3.57,0,18,2,15,1,0,0,15765.34,0.00,0.00,0.00,,0.00,,0.00,EastMoney,2026-06-02T19:22:28+08:00
BK1368,2026-06-02T00:00:00Z,70361,70285,71329,70133,69145,1140,1.65,1293715,654098854,2.18,1.14,0.00,0,440982,852734,29756700000,29452974000,36807315,147566972,109993948,37573024,147445016,148210725,-765709,177471596,197816794,-20345198,168438229,184900344,-16462115,5.63,5.74,-0.12,-3.11,-2.52,0,3,1,2,0,0,0,17.35,0.00,0.00,0.00,,0.00,,0.00,EastMoney,2026-06-02T19:22:28+08:00
BK1369,2026-06-02T00:00:00Z,56766,55773,56906,55516,56615,-842,-1.49,537773,143082319,0.70,1.02,0.00,0,188935,348838,18955339000,18882623000,4907372,13373171,3849994,9523177,22755448,27371253,-4615805,42850605,42907678,-57073,61738546,66588844,-4850298,3.43,6.66,-3.23,-0.04,-3.39,0,3,0,3,0,0,0,-6.30,0.00,0.00,0.00,,0.00,,0.00,EastMoney,2026-06-02T19:22:28+08:00
BK1370,2026-06-02T00:00:00Z,218069,213786,218369,211960,218099,-4313,-1.98,2606687,2300466842,1.11,0.95,0.00,0,1084873,1521814,188031910000,181585949000,-154124972,127324924,207676168,-80351244,464582496,538356224,-73773728,756794352,678333136,78461216,919140736,843476976,75663760,-6.70,-3.49,-3.21,3.41,3.29,0,13,1,12,0,0,0,22.34,0.00,0.00,0.00,,0.00,,0.00,EastMoney,2026-06-02T19:22:28+08:00
BK1371,2026-06-02T00:00:00Z,188478,188445,189135,184461,188098,347,0.18,709721,1321215632,1.76,0.83,0.00,0,344002,365719,84437153000,74305412000,-54946210,83484282,120436492,-36952210,293063472,311057472,-17994000,439669008,425957280,13711728,489476224,448241760,41234464,-4.16,-2.80,-1.36,1.04,3.12,0,5,2,3,0,0,0,48.72,0.00,0.00,0.00,,0.00,,0.00,EastMoney,2026-06-02T19:22:28+08:00
BK1372,2026-06-02T00:00:00Z,600564,599551,603989,593900,600671,-1120,-0.19,1528539,681566915,0.95,0.85,0.00,0,654433,874106,90036616000,86018968000,-18244273,57389464,58138582,-749118,127422201,144917356,-17495155,219759613,220141852,-382239,271142144,252515638,18626506,-2.68,-0.11,-2.57,-0.06,2.73,0,4,1,3,0,0,0,32.97,0.00,0.00,0.00,,0.00,,0.00,EastMoney,2026-06-02T19:22:28+08:00
BK1373,2026-06-02T00:00:00Z,394484,390101,394604,384985,399431,-9330,-2.34,9071017,7317531105,3.01,0.86,0.00,0,4059451,5011566,262698914000,248566099000,-241845520,573051344,686192608,-113141264,1603082288,1731786544,-128704256,2445144240,2529523472,-84379232,2555671440,2229446704,326224736,-3.31,-1.55,-1.76,-1.15,4.46,0,16,0,16,0,0,0,28.69,0.00,0.00,0.00,,0.00,,0.00,EastMoney,2026-06-02T19:22:28+08:00
BK1374,2026-06-02T00:00:00Z,253123,253290,254659,248553,256939,-3649,-1.42,14890261,9746759027,2.53,0.98,0.00,0,7050094,7840167,756271552000,420861040000,-187953648,1032225088,1071218928,-38993840,2209290000,2358249808,-148959808,3199990544,3265701744,-65711200,3141318288,2887653440,253664848,-1.93,-0.40,-1.53,-0.67,2.60,0,15,3,12,0,0,0,41.08,0.00,0.00,0.00,,0.00,,0.00,EastMoney,2026-06-02T19:22:28+08:00
BK1375,2026-06-02T00:00:00Z,411691,408719,411691,397821,414849,-6130,-1.48,13402663,8355833311,5.05,0.89,0.00,0,5963193,7439470,166327510000,157993191000,-512449696,636049840,878352000,-242302160,1731448048,2001595584,-270147536,2836848112,2770733184,66114928,2989878192,2543543424,446334768,-6.13,-2.90,-3.23,0.79,5.34,0,13,2,11,0,0,0,-439.72,0.00,0.00,0.00,,0.00,,0.00,EastMoney,2026-06-02T19:22:28+08:00
BK1376,2026-06-02T00:00:00Z,66368,67185,67398,66248,66691,494,0.74,4484385,3381914482,0.71,1.41,0.00,0,2657927,1826459,535819872000,392508144000,85968224,595009328,636760240,-41750912,878209168,750490032,127719136,988236624,1053278672,-65042048,885782256,906708448,-20926192,2.54,-1.23,3.78,-1.92,-0.62,0,3,2,1,0,0,0,25.50,0.00,0.00,0.00,,0.00,,0.00,EastMoney,2026-06-02T19:22:28+08:00
BK1377,2026-06-02T00:00:00Z,308365,309564,312760,302027,313213,-3649,-1.17,87803531,70357739238,5.53,1.16,0.00,0,43416753,44386779,1379038640000,1157587568000,-2651074560,8733759232,10564312320,-1830553088,15835785216,16656306688,-820521472,22446638336,21559598848,887039488,21333135360,19569100288,1764035072,-3.77,-2.60,-1.17,1.26,2.51,0,34,10,23,1,0,0,17.54,0.00,0.00,0.00,,0.00,,0.00,EastMoney,2026-06-02T19:22:28+08:00
BK1378,2026-06-02T00:00:00Z,172856,172710,173512,169719,174280,-1570,-0.90,451676,201496096,1.56,0.75,0.00,0,204440,247236,12886600000,11291509000,12052034,19011382,11156795,7854587,44750318,40552871,4197447,66910082,70602334,-3692252,67402744,75762527,-8359783,5.98,3.90,2.08,-1.83,-4.15,0,2,0,2,0,0,0,37.36,0.00,0.00,0.00,,0.00,,0.00,EastMoney,2026-06-02T19:22:28+08:00
BK1379,2026-06-02T00:00:00Z,357085,356064,357085,348015,360816,-4752,-1.32,6729285,8253933133,4.76,0.86,0.00,0,3290356,3438929,153668676000,146395473000,-95131520,822955120,769186016,53769104,1775689792,1924590416,-148900624,2737866720,2673392288,64474432,2728655728,2697998656,30657072,-1.15,0.65,-1.80,0.78,0.37,0,18,4,12,2,0,0,55.61,0.00,0.00,0.00,,0.00,,0.00,EastMoney,2026-06-02T19:22:28+08:00
BK1380,2026-06-02T00:00:00Z,439791,443498,447858,433417,442760,738,0.17,7418574,10572784765,1.10,1.04,0.00,0,3540620,3877955,1194472384000,1186114480000,-235275888,1578345792,1485945984,92399808,2435042480,2762718176,-327675696,3345760208,3363780064,-18019856,3007776544,2754480784,253295760,-2.23,0.87,-3.10,-0.17,2.40,0,10,4,6,0,0,0,19.54,0.00,0.00,0.00,,0.00,,0.00,EastMoney,2026-06-02T19:22:28+08:00
BK1381,2026-06-02T00:00:00Z,203088,200090,203268,198896,202810,-2720,-1.34,5502572,4754646114,2.05,0.93,0.00,0,2505580,2996992,292374352000,277831776000,-97540220,204981844,270399648,-65417804,903071872,935194288,-32122416,1523487632,1569389056,-45901424,1990507488,1859185664,131321824,-2.05,-1.38,-0.68,-0.97,2.76,0,32,2,28,2,0,0,23.80,0.00,0.00,0.00,,0.00,,0.00,EastMoney,2026-06-02T19:22:28+08:00
BK1382,2026-06-02T00:00:00Z,391311,388312,392058,380852,392525,-4213,-1.07,2221009,4115033610,2.49,0.87,0.00,0,1054852,1166156,150570239000,144533014000,-53636375,257524457,315772976,-58248519,879446896,874834752,4612144,1344460464,1309528048,34932416,1558444960,1539740992,18703968,-1.30,-1.42,0.11,0.85,0.45,0,12,3,9,0,0,0,169.51,0.00,0.00,0.00,,0.00,,0.00,EastMoney,2026-06-02T19:22:28+08:00
BK1383,2026-06-02T00:00:00Z,513856,503958,514340,495097,513240,-9282,-1.81,2062877,5445100339,1.56,0.86,0.00,0,985179,1077698,500420496000,383990096000,-465239456,650473040,888358064,-237885024,1205528464,1432882896,-227354432,1707206224,1717678512,-10472288,1806788368,1331076608,475711760,-8.54,-4.37,-4.18,-0.19,8.74,0,10,0,10,0,0,0,30.11,0.00,0.00,0.00,,0.00,,0.00,EastMoney,2026-06-02T19:22:28+08:00
BK1384,2026-06-02T00:00:00Z,452641,447959,452973,439546,452108,-4149,-0.92,5800461,19127574822,1.64,0.78,0.00,0,2772303,3028158,1059489984000,956648192000,-1109058016,1586349008,2317521328,-731172320,4366915584,4744801280,-377885696,6319255040,6224168960,95086080,6560584192,5546414336,1014169856,-5.80,-3.82,-1.98,0.50,5.30,0,49,11,36,2,0,0,81.49,0.00,0.00,0.00,,0.00,,0.00,EastMoney,2026-06-02T19:22:28+08:00
BK1385,2026-06-02T00:00:00Z,565208,557797,565781,541036,562546,-4749,-0.84,2343384,7682428957,2.36,1.01,0.00,0,1206596,1136787,442944608000,336254944000,-404283296,753035360,942574704,-189539344,1604555104,1819299056,-214743952,2473437296,2433271872,40165424,2766002032,2401884144,364117888,-5.26,-2.47,-2.80,0.52,4.74,0,9,3,6,0,0,0,480.29,0.00,0.00,0.00,,0.00,,0.00,EastMoney,2026-06-02T19:22:28+08:00
BK1386,2026-06-02T00:00:00Z,715052,715619,721974,695264,714515,1104,0.15,10439756,33974922517,3.47,0.89,0.00,0,5284512,5155244,1121343296000,864516576000,-312818800,4499866368,4257194352,242672016,7985307904,8540798720,-555490816,10738433792,10988874496,-250440704,10246253824,9683108352,563145472,-0.92,0.71,-1.64,-0.74,1.66,0,63,20,41,2,0,0,198.81,0.00,0.00,0.00,,0.00,,0.00,EastMoney,2026-06-02T19:22:28+08:00
BK1387,2026-06-02T00:00:00Z,394576,389901,394770,383760,392916,-3015,-0.77,4192203,6269002423,3.65,1.00,0.00,0,2042950,2149253,173487227000,164540663000,337258784,722398576,507246976,215151600,1436920080,1314812896,122107184,1960767296,1939481648,21285648,2034188928,2390270048,-356081120,5.38,3.43,1.95,0.34,-5.68,0,26,6,19,1,0,0,89.60,0.00,0.00,0.00,,0.00,,0.00,EastMoney,2026-06-02T19:22:28+08:00
BK1388,2026-06-02T00:00:00Z,362311,358730,364517,352703,362576,-3846,-1.06,593617,824536939,3.15,0.73,0.00,0,288760,304856,82837024000,25316780000,5473243,36443638,68134684,-31691046,181110578,143946289,37164289,285657616,245414776,40242840,299185568,345747424,-46561856,0.66,-3.84,4.51,4.88,-5.65,0,8,3,5,0,0,0,167.74,0.00,0.00,0.00,,0.00,,0.00,EastMoney,2026-06-02T19:22:28+08:00
BK1389,2026-06-02T00:00:00Z,324838,324518,325262,320490,325690,-1172,-0.36,5682624,6526864175,2.08,0.95,0.00,0,2675595,3007029,343785248000,270378336000,-97090832,466811216,507333840,-40522624,1427533472,1484101680,-56568208,2071182480,2039639680,31542800,2451739632,2386589264,65150368,-1.49,-0.62,-0.87,0.48,1.00,0,34,9,22,3,0,0,24.88,0.00,0.00,0.00,,0.00,,0.00,EastMoney,2026-06-02T19:22:28+08:00
BK1390,2026-06-02T00:00:00Z,211082,207019,211444,205965,210912,-3893,-1.85,6408899,5189887010,1.50,1.03,0.00,0,3068343,3340556,297665488000,275780048000,-104796048,317501888,396172608,-78670720,1088568304,1114693632,-26125328,1708524208,1540520336,168003872,1991670944,2054878768,-63207824,-2.02,-1.52,-0.50,3.24,-1.22,0,52,9,42,1,0,0,26.56,0.00,0.00,0.00,,0.00,,0.00,EastMoney,2026-06-02T19:22:28+08:00
BK1391,2026-06-02T00:00:00Z,191949,189841,192445,187310,192027,-2186,-1.14,2787257,1791655899,2.90,0.85,0.00,0,1390234,1397023,77101461000,69538452000,-19621013,100295467,122723200,-22427733,439882896,437076176,2806720,615362032,549459408,65902624,604484224,650765840,-46281616,-1.10,-1.25,0.16,3.68,-2.58,0,15,4,11,0,0,0,-25.13,0.00,0.00,0.00,,0.00,,0.00,EastMoney,2026-06-02T19:22:28+08:00
BK1392,2026-06-02T00:00:00Z,1702631,1698534,1709765,1658348,1703694,-5160,-0.30,351641,1663007796,1.17,0.78,0.00,0,170255,181386,215025557000,199065015000,30017386,112502603,112488193,14410,321031312,291028336,30002976,568140704,543969680,24171024,609420544,666203280,-56782736,1.81,0.00,1.80,1.45,-3.41,0,13,5,8,0,0,0,54.21,0.00,0.00,0.00,,0.00,,0.00,EastMoney,2026-06-02T19:22:28+08:00
BK1393,2026-06-02T00:00:00Z,458393,452916,460098,449386,457911,-4995,-1.09,5382354,6851101101,1.24,0.78,0.00,0,2549824,2832530,568044528000,499884288000,-25192928,828313840,984639536,-156325696,1786274896,1655142128,131132768,2177199936,2069108704,108091232,1910661376,1995690880,-85029504,-0.37,-2.28,1.91,1.58,-1.24,0,22,5,17,0,0,0,18.93,0.00,0.00,0.00,,0.00,,0.00,EastMoney,2026-06-02T19:22:28+08:00
BK1394,2026-06-02T00:00:00Z,180108,178419,180712,176121,180257,-1838,-1.02,5602259,4850378205,1.07,0.95,0.00,0,2348533,3253726,436508608000,363568784000,-333501008,451950480,716357216,-264406736,1194719104,1263813376,-69094272,1621596576,1367102960,254493616,1504217664,1423621312,80596352,-6.88,-5.45,-1.42,5.25,1.66,0,32,6,24,2,0,0,20.19,0.00,0.00,0.00,,0.00,,0.00,EastMoney,2026-06-02T19:22:28+08:00
BK1395,2026-06-02T00:00:00Z,201970,201807,203432,197939,200677,1130,0.56,2301049,4640938545,2.45,0.92,0.00,0,1096044,1205005,150968360000,121877874000,100857392,420502592,342614208,77888384,1023481088,1000512080,22969008,1472885856,1337645104,135240752,1636448928,1872488048,-236039120,2.17,1.68,0.49,2.91,-5.09,0,20,8,10,2,0,0,79.63,0.00,0.00,0.00,,0.00,,0.00,EastMoney,2026-06-02T19:22:28+08:00
BK1396,2026-06-02T00:00:00Z,606755,601568,608969,590667,603753,-2185,-0.36,14079965,26036933925,4.49,0.93,0.00,0,6374585,7705380,836836880000,595947440000,-368856848,3043990928,2615383456,428607472,5474173696,6271638016,-797464320,7982673920,8167710976,-185037056,8901535488,8328603648,572931840,-1.42,1.65,-3.06,-0.71,2.20,0,80,27,52,1,0,0,91.54,0.00,0.00,0.00,,0.00,,0.00,EastMoney,2026-06-02T19:22:28+08:00
BK1397,2026-06-02T00:00:00Z,911838,961889,967076,903784,915548,46341,5.06,5314809,13132752723,10.88,0.99,0.00,0,2747593,2567216,153108441000,129525497000,312449344,1625673072,1571087536,54585536,3331354928,3073491120,257863808,4117253344,3826295168,290958176,3483013472,3913851232,-430837760,2.38,0.42,1.96,2.22,-3.28,0,14,11,3,0,0,0,-16077.13,0.00,0.00,0.00,,0.00,,0.00,EastMoney,2026-06-02T19:22:28+08:00
BK1398,2026-06-02T00:00:00Z,608044,608921,612015,596527,606952,1969,0.32,7822733,14962890742,3.89,1.05,0.00,0,3755967,4066766,448970320000,381364080000,87951168,1310357184,1325730944,-15373760,3577316624,3473991696,103324928,4625122560,4547424256,77698304,4722163456,4923516672,-201353216,0.59,-0.10,0.69,0.52,-1.35,0,56,23,33,0,0,0,88.25,0.00,0.00,0.00,,0.00,,0.00,EastMoney,2026-06-02T19:22:28+08:00
BK1400,2026-06-02T00:00:00Z,449265,443800,450716,436854,448431,-4631,-1.03,2467974,5743925988,3.85,0.82,0.00,0,1129916,1338058,167107063000,130293381000,-176257392,318282928,377639552,-59356624,1090456480,1207357248,-116900768,1909758528,1961160128,-51401600,2332532384,2100826496,231705888,-3.07,-1.03,-2.04,-0.89,4.03,0,20,4,15,1,0,0,54.12,0.00,0.00,0.00,,0.00,,0.00,EastMoney,2026-06-02T19:22:28+08:00
BK1401,2026-06-02T00:00:00Z,404343,398856,404984,391865,405828,-6972,-1.72,2695963,3329393624,4.06,0.75,0.00,0,1253815,1442148,90230140000,88209578000,-122980032,392115440,390482000,1633440,693079776,817693248,-124613472,916765008,952048960,-35283952,1261961360,1103697376,158263984,-3.69,0.05,-3.74,-1.06,4.75,0,13,2,11,0,0,0,97.08,0.00,0.00,0.00,,0.00,,0.00,EastMoney,2026-06-02T19:22:28+08:00
BK1402,2026-06-02T00:00:00Z,250281,246150,250764,243075,250594,-4444,-1.77,1362112,1698259186,1.92,1.00,0.00,0,608878,753234,88281209000,79474202000,12567912,102270382,108962902,-6692520,342206720,322946288,19260432,577016048,521729520,55286528,616674864,683466080,-66791216,0.74,-0.39,1.13,3.26,-3.93,0,16,4,12,0,0,0,40.55,0.00,0.00,0.00,,0.00,,0.00,EastMoney,2026-06-02T19:22:28+08:00
BK1403,2026-06-02T00:00:00Z,235353,232448,235496,228792,234975,-2527,-1.08,8507683,11592724465,1.53,0.89,0.00,0,3781359,4726324,596226944000,498154320000,-48739872,1165917296,1227031632,-61114336,2868723824,2856349360,12374464,3573399376,3571140448,2258928,3783829712,3739735856,44093856,-0.42,-0.53,0.11,0.02,0.38,0,61,11,45,5,0,0,41.39,0.00,0.00,0.00,,0.00,,0.00,EastMoney,2026-06-02T19:22:28+08:00
BK1404,2026-06-02T00:00:00Z,175854,175014,176329,172228,175630,-616,-0.35,801263,561338473,2.21,1.19,0.00,0,461238,340026,50392159000,32182845000,28138539,32899651,20499941,12399710,145659756,129920927,15738829,171922580,173826266,-1903686,195002408,221842017,-26839609,5.01,2.21,2.80,-0.34,-4.78,0,10,2,8,0,0,0,121.11,0.00,0.00,0.00,,0.00,,0.00,EastMoney,2026-06-02T19:22:28+08:00
BK1405,2026-06-02T00:00:00Z,596232,595165,598248,582495,595492,-327,-0.05,9895892,34984126824,3.90,0.91,0.00,0,4939478,4956414,940862912000,801896688000,-187323648,4689179392,4726253312,-37073920,8724293120,8874542848,-150249728,11106629120,11343014144,-236385024,9816483328,9380049408,436433920,-0.54,-0.11,-0.43,-0.68,1.25,0,91,32,59,0,0,0,87.31,0.00,0.00,0.00,,0.00,,0.00,EastMoney,2026-06-02T19:22:28+08:00
BK1406,2026-06-02T00:00:00Z,239448,235981,239644,232236,238172,-2191,-0.92,1032981,1550423909,3.36,1.00,0.00,0,490329,542652,53756536000,42461827000,-10696547,136591370,238749453,-102158083,374805120,283343584,91461536,494333280,419595136,74738144,520782208,584219104,-63436896,-0.69,-6.59,5.90,4.82,-4.09,0,12,4,8,0,0,0,49.47,0.00,0.00,0.00,,0.00,,0.00,EastMoney,2026-06-02T19:22:28+08:00
BK1407,2026-06-02T00:00:00Z,624280,628546,633362,613850,622246,6300,1.01,3808399,14670582270,2.92,0.73,0.00,0,1838283,1970117,544866704000,477510464000,450509904,2708102448,2316189936,391912512,3564552720,3505955328,58597392,4445536256,4435275520,10260736,3600536256,4065064048,-464527792,3.07,2.67,0.40,0.07,-3.17,0,32,17,14,1,0,0,61.54,0.00,0.00,0.00,,0.00,,0.00,EastMoney,2026-06-02T19:22:28+08:00
BK1408,2026-06-02T00:00:00Z,986350,982667,1002294,976321,980778,1889,0.19,2678128,9382179563,3.73,0.64,0.00,0,1285197,1392932,229242438000,204050623000,100328384,977710720,1064741456,-87030736,2391770928,2204411808,187359120,3676824688,3753304480,-76479792,2122973152,2142047280,-19074128,1.07,-0.93,2.00,-0.82,-0.20,0,21,10,10,1,0,0,-1040.24,0.00,0.00,0.00,,0.00,,0.00,EastMoney,2026-06-02T19:22:28+08:00
BK1409,2026-06-02T00:00:00Z,1991397,2002575,2031947,1940682,1982104,20471,1.03,2332969,22207310914,5.96,0.80,0.00,0,1206859,1126110,398369280000,383147264000,122262320,4202062304,3900928944,301133360,5633660416,5812531456,-178871040,7051925248,7123624448,-71699200,4980776704,5031340032,-50563328,0.55,1.36,-0.81,-0.32,-0.23,0,10,7,3,0,0,0,142.00,0.00,0.00,0.00,,0.00,,0.00,EastMoney,2026-06-02T19:22:28+08:00
BK1410,2026-06-02T00:00:00Z,776413,792600,792600,761636,775551,17049,2.20,2427059,15754804341,4.55,1.00,0.00,0,1239250,1187809,379343520000,296846960000,595481888,3041925760,2610736832,431188928,4072454976,3908162016,164292960,5042612992,5708684288,-666071296,2840383360,2742588864,97794496,3.78,2.74,1.04,-4.23,0.62,0,31,14,15,2,0,0,140.06,0.00,0.00,0.00,,0.00,,0.00,EastMoney,2026-06-02T19:22:28+08:00
BK1411,2026-06-02T00:00:00Z,222623,228885,230038,221287,222120,6765,3.05,1132746,6926011826,4.01,0.89,0.00,0,608792,523955,145869991000,136959071000,-128776928,792928608,1093738976,-300810368,2023130400,1851096960,172033440,2133505456,1970626192,162879264,1568823760,1486919776,81903984,-1.86,-4.34,2.48,2.35,1.18,0,12,8,3,1,0,0,163.70,0.00,0.00,0.00,,0.00,,0.00,EastMoney,2026-06-02T19:22:28+08:00
BK1412,2026-06-02T00:00:00Z,255146,250163,257139,247173,253402,-3239,-1.28,413468,414642682,0.83,1.07,0.00,0,209528,203940,49823940000,49717985000,-5062395,16997114,50618516,-33621402,94988769,66429762,28559007,149013061,142992557,6020504,150386902,151345009,-958107,-1.22,-8.11,6.89,1.45,-0.23,0,1,0,1,0,0,0,24.64,0.00,0.00,0.00,,0.00,,0.00,EastMoney,2026-06-02T19:22:28+08:00
BK1413,2026-06-02T00:00:00Z,169046,167792,169255,165031,169224,-1432,-0.85,2294719,1329015817,2.47,1.14,0.00,0,1164661,1130058,76891917000,62417544000,35744241,66646586,77900740,-11254154,269667632,222669237,46998395,451157936,463103072,-11945136,528607040,552406144,-23799104,2.69,-0.85,3.54,-0.90,-1.79,0,10,2,8,0,0,0,49.45,0.00,0.00,0.00,,0.00,,0.00,EastMoney,2026-06-02T19:22:28+08:00
BK1414,2026-06-02T00:00:00Z,63065,61607,63367,61210,62955,-1348,-2.14,656290,498108893,2.14,1.10,0.00,0,297206,359084,23052162000,18687572000,-16675089,26115867,26270009,-154142,87500846,104021793,-16520947,161213542,136027745,25185797,218456965,226967673,-8510708,-3.35,-0.03,-3.32,5.06,-1.71,0,5,1,4,0,0,0,148262.86,0.00,0.00,0.00,,0.00,,0.00,EastMoney,2026-06-02T19:22:28+08:00
BK1415,2026-06-02T00:00:00Z,358812,358695,361005,351244,359598,-903,-0.25,2425053,2974161213,5.09,1.18,0.00,0,1336594,1088459,112219356000,90778378000,-157368865,204241951,299328656,-95086705,688304352,750586512,-62282160,951707024,887848784,63858240,1017535984,907241488,110294496,-5.29,-3.20,-2.09,2.15,3.71,0,8,2,6,0,0,0,69.76,0.00,0.00,0.00,,0.00,,0.00,EastMoney,2026-06-02T19:22:28+08:00
BK1416,2026-06-02T00:00:00Z,158015,160611,161520,154801,158676,1935,1.22,1654012,696008440,3.32,0.75,0.00,0,786202,867810,23764424000,23757736000,-17499165,41858232,45562378,-3704146,158089011,171884030,-13795019,232466734,236772987,-4306253,251727411,229921992,21805419,-2.51,-0.53,-1.98,-0.62,3.13,0,3,1,1,1,0,0,73.46,0.00,0.00,0.00,,0.00,,0.00,EastMoney,2026-06-02T19:22:28+08:00
BK1417,2026-06-02T00:00:00Z,107283,105126,107283,104343,107170,-2044,-1.91,962778,608846983,1.28,0.91,0.00,0,402411,560367,52262307000,49373135000,33949275,46810192,26673580,20136612,128020782,114208119,13812663,200801750,218281825,-17480075,227032206,243501404,-16469198,5.58,3.31,2.27,-2.87,-2.70,0,5,0,4,1,0,0,-194.25,0.00,0.00,0.00,,0.00,,0.00,EastMoney,2026-06-02T19:22:28+08:00
BK1418,2026-06-02T00:00:00Z,218658,217348,218861,213731,218659,-1311,-0.60,4226432,3961107665,1.54,0.90,0.00,0,1973626,2252806,156500611000,152624102000,237829920,364482512,277509056,86973456,935671920,784815456,150856464,1294095120,1215571808,78523312,1297703824,1614057056,-316353232,6.00,2.20,3.81,1.98,-7.99,0,15,4,11,0,0,0,56.36,0.00,0.00,0.00,,0.00,,0.00,EastMoney,2026-06-02T19:22:28+08:00
BK1419,2026-06-02T00:00:00Z,180907,177819,181305,176104,180132,-2313,-1.28,1843435,2413275733,1.13,0.87,0.00,0,858477,984958,258494195000,256667485000,-12729948,247639044,294891872,-47252828,524207664,489684784,34522880,781937552,718535792,63401760,816134192,866805984,-50671792,-0.53,-1.96,1.43,2.63,-2.10,0,10,0,10,0,0,0,18.56,0.00,0.00,0.00,,0.00,,0.00,EastMoney,2026-06-02T19:22:28+08:00
BK1420,2026-06-02T00:00:00Z,323320,319615,324040,314728,323728,-4113,-1.27,1684954,3000163235,1.49,0.86,0.00,0,770235,914718,165793618000,158522067000,56687616,198314991,202550271,-4235280,667912960,606990064,60922896,926809568,1013507536,-86697968,1132467968,1097790464,34677504,1.89,-0.14,2.03,-2.89,1.16,0,18,2,14,2,0,0,36.44,0.00,0.00,0.00,,0.00,,0.00,EastMoney,2026-06-02T19:22:28+08:00
BK1421,2026-06-02T00:00:00Z,188718,184961,189317,182181,187726,-2765,-1.47,1726577,1276622860,2.20,1.05,0.00,0,792533,934044,63658453000,57480213000,20050355,87998018,86786170,1211848,236654754,217816247,18838507,412542448,457917856,-45375408,511759696,486434656,25325040,1.57,0.09,1.48,-3.55,1.98,0,6,0,6,0,0,0,136.01,0.00,0.00,0.00,,0.00,,0.00,EastMoney,2026-06-02T19:22:28+08:00
BK1422,2026-06-02T00:00:00Z,317567,316284,319355,313959,316759,-475,-0.15,1714754,4828845063,2.47,0.69,0.00,0,822316,892438,139770410000,114918983000,-38249376,720353952,655937872,64416080,1068140432,1170805888,-102665456,1413533856,1403719344,9814512,1502149664,1473714784,28434880,-0.79,1.33,-2.13,0.20,0.59,0,11,3,8,0,0,0,72.98,0.00,0.00,0.00,,0.00,,0.00,EastMoney,2026-06-02T19:22:28+08:00
BK1423,2026-06-02T00:00:00Z,153909,151556,154267,149854,154155,-2599,-1.69,1775338,1951712467,2.19,0.82,0.00,0,781191,994148,92048010000,82248971000,-25564633,117047965,122300806,-5252841,369903888,390215680,-20311792,666257776,612388064,53869712,764365792,792670880,-28305088,-1.31,-0.27,-1.04,2.76,-1.45,0,13,3,10,0,0,0,29.33,0.00,0.00,0.00,,0.00,,0.00,EastMoney,2026-06-02T19:22:28+08:00
BK1424,2026-06-02T00:00:00Z,1405485,1400005,1409492,1369572,1397585,2420,0.17,4007279,13804574342,4.37,1.02,0.00,0,1989407,2017872,308418880000,289217424000,-207075824,1981121008,2049912560,-68791552,3740288784,3878573056,-138284272,4171808752,4151560240,20248512,3629063392,3442236080,186827312,-1.50,-0.50,-1.00,0.15,1.35,0,10,3,7,0,0,0,31.95,0.00,0.00,0.00,,0.00,,0.00,EastMoney,2026-06-02T19:22:28+08:00
BK1425,2026-06-02T00:00:00Z,345432,343259,345580,334640,343292,-33,-0.01,904255,1830591776,8.36,0.88,0.00,0,428267,475989,26118429000,25342197000,85955273,130766511,137717702,-6951191,475470464,382564000,92906464,632081600,658659888,-26578288,552364032,611741024,-59376992,4.70,-0.38,5.08,-1.45,-3.24,0,5,3,2,0,0,0,53.55,0.00,0.00,0.00,,0.00,,0.00,EastMoney,2026-06-02T19:22:28+08:00
BK1426,2026-06-02T00:00:00Z,368468,359329,368468,354888,368027,-8698,-2.36,969605,3020839567,1.76,0.85,0.00,0,436342,533263,270107184000,265031457000,107071751,242002995,223958476,18044519,730740800,641713568,89027232,984409664,1028082064,-43672400,1020416240,1084885040,-64468800,3.54,0.60,2.95,-1.45,-2.13,0,9,0,9,0,0,0,19.66,0.00,0.00,0.00,,0.00,,0.00,EastMoney,2026-06-02T19:22:28+08:00
BK1427,2026-06-02T00:00:00Z,470577,468512,472328,464459,470462,-1950,-0.41,2054351,2866183295,2.09,0.93,0.00,0,973978,1080373,135279716000,127827149000,-27578298,203558758,270766144,-67207386,699020928,659391840,39629088,914803728,924850400,-10046672,1006103088,968478128,37624960,-0.96,-2.34,1.38,-0.35,1.31,0,13,3,10,0,0,0,44.68,0.00,0.00,0.00,,0.00,,0.00,EastMoney,2026-06-02T19:22:28+08:00
BK1428,2026-06-02T00:00:00Z,454132,449203,454538,441945,454246,-5043,-1.11,7911556,13134468025,3.00,0.99,0.00,0,3697138,4214418,501064832000,405469136000,242614752,1292242816,1173691008,118551808,3004728384,2880665440,124062944,4082075248,4014834384,67240864,4397116160,4689297664,-292181504,1.85,0.90,0.94,0.51,-2.22,0,80,20,57,3,0,0,104.58,0.00,0.00,0.00,,0.00,,0.00,EastMoney,2026-06-02T19:22:28+08:00
BK1429,2026-06-02T00:00:00Z,231561,226010,231684,225294,231340,-5330,-2.30,1747461,2664457569,1.10,0.76,0.00,0,808060,939401,261792617000,245367039000,44396615,110815326,132860695,-22045369,560039568,493597584,66441984,915990912,812611296,103379616,1037217680,1187193376,-149975696,1.67,-0.83,2.49,3.88,-5.63,0,24,2,22,0,0,0,20.25,0.00,0.00,0.00,,0.00,,0.00,EastMoney,2026-06-02T19:22:28+08:00
BK1430,2026-06-02T00:00:00Z,392074,385553,393566,379414,391679,-6126,-1.56,1374509,2768863078,3.83,0.85,0.00,0,680945,693564,81324272000,63329079000,42247947,189556424,221458701,-31902277,658795296,584645072,74150224,881041584,854468544,26573040,991452320,1060273312,-68820992,1.53,-1.15,2.68,0.96,-2.49,0,17,5,12,0,0,0,109.81,0.00,0.00,0.00,,0.00,,0.00,EastMoney,2026-06-02T19:22:28+08:00
BK1431,2026-06-02T00:00:00Z,345267,336230,346130,330687,346408,-10178,-2.94,1672752,2594551000,3.17,0.62,0.00,0,778480,894272,107348175000,106061943000,-244145926,119728572,206002002,-86273430,515629184,673501680,-157872496,921988112,880292800,41695312,999767632,797317024,202450608,-9.41,-3.33,-6.08,1.61,7.80,0,10,1,8,1,0,0,-51.63,0.00,0.00,0.00,,0.00,,0.00,EastMoney,2026-06-02T19:22:28+08:00
BK1432,2026-06-02T00:00:00Z,193618,189404,193777,187620,192849,-3445,-1.79,1654722,1396691042,1.85,0.93,0.00,0,648266,1006456,99008918000,97339942000,-83362856,52364141,122209445,-69845304,278974672,292492224,-13517552,562533408,454557120,107976288,485304096,509917536,-24613440,-5.97,-5.00,-0.97,7.73,-1.76,0,6,0,6,0,0,0,28.73,0.00,0.00,0.00,,0.00,,0.00,EastMoney,2026-06-02T19:22:28+08:00
BK1433,2026-06-02T00:00:00Z,331547,325123,331667,323711,330787,-5664,-1.71,1587530,1023031877,1.86,0.80,0.00,0,623538,963992,79462346000,62384276000,-51739424,51315164,85539048,-34223884,195014874,212530414,-17515540,336471952,312096768,24375184,406665024,385368688,21296336,-5.06,-3.35,-1.71,2.38,2.08,0,10,0,10,0,0,0,15.53,0.00,0.00,0.00,,0.00,,0.00,EastMoney,2026-06-02T19:22:28+08:00
BK1434,2026-06-02T00:00:00Z,250774,251826,255201,244358,248255,3571,1.44,1266707,4556171156,1.44,1.02,0.00,0,660258,606449,355332736000,347589424000,-9205104,643710816,645486400,-1775584,1149561072,1156990592,-7429520,1371176208,1354637552,16538656,1323638160,1330971696,-7333536,-0.20,-0.04,-0.16,0.36,-0.16,0,4,2,2,0,0,0,19.51,0.00,0.00,0.00,,0.00,,0.00,EastMoney,2026-06-02T19:22:28+08:00
BK1435,2026-06-02T00:00:00Z,320809,315927,320937,308586,319825,-3898,-1.22,3236739,4067015784,1.82,0.93,0.00,0,1471907,1764832,209582258000,198776197000,-166257712,464704608,546224256,-81519648,997358192,1082096256,-84738064,1282443536,1214478176,67965360,1283415312,1185122960,98292352,-4.09,-2.00,-2.08,1.67,2.42,0,9,2,7,0,0,0,26.38,0.00,0.00,0.00,,0.00,,0.00,EastMoney,2026-06-02T19:22:28+08:00
BK1436,2026-06-02T00:00:00Z,302735,297573,303606,296328,302272,-4699,-1.55,3010301,3671734305,1.63,0.95,0.00,0,1354987,1655315,227857176000,208105914000,5062815,194615711,201881184,-7265473,742422704,730094416,12328288,1215450240,1122418880,93031360,1449340784,1548555216,-99214432,0.14,-0.20,0.34,2.53,-2.70,0,34,5,28,1,0,0,39.42,0.00,0.00,0.00,,0.00,,0.00,EastMoney,2026-06-02T19:22:28+08:00
BK1437,2026-06-02T00:00:00Z,737551,736236,739049,717294,736101,135,0.02,2545515,5112858616,3.54,0.69,0.00,0,1231250,1314266,174764058000,145376477000,-161080944,321634608,413972832,-92338224,1137068208,1205810928,-68742720,1695844080,1631778624,64065456,1829427344,1730759936,98667408,-3.15,-1.81,-1.34,1.25,1.93,0,22,8,14,0,0,0,55.57,0.00,0.00,0.00,,0.00,,0.00,EastMoney,2026-06-02T19:22:28+08:00
BK1438,2026-06-02T00:00:00Z,908707,898026,910623,883939,910163,-12137,-1.33,2035699,6977490312,5.53,0.92,0.00,0,997401,1038298,190223841000,165832898000,250452080,1576696064,1231149152,345546912,1663122304,1758217136,-95094832,1935929920,2079721728,-143791808,1721860048,1828520336,-106660288,3.59,4.95,-1.36,-2.06,-1.53,0,13,3,10,0,0,0,83.52,0.00,0.00,0.00,,0.00,,0.00,EastMoney,2026-06-02T19:22:28+08:00
BK1439,2026-06-02T00:00:00Z,399856,405862,405979,390307,399496,6366,1.59,7011801,13623721648,7.09,0.87,0.00,0,3568580,3443221,255036012000,182948634000,43618272,2274985808,2007989040,266996768,3240182432,3463560928,-223378496,3832945264,4021527936,-188582672,3770241152,3567286464,202954688,0.32,1.96,-1.64,-1.38,1.49,0,21,14,7,0,0,0,199.50,0.00,0.00,0.00,,0.00,,0.00,EastMoney,2026-06-02T19:22:28+08:00
BK1440,2026-06-02T00:00:00Z,506568,506470,507360,494205,506011,459,0.09,2555286,3982447641,2.85,0.96,0.00,0,1122425,1432861,129626101000,108780126000,67538736,363481008,315776496,47704512,884658544,864824320,19834224,1316276720,1314208800,2067920,1307496704,1377561920,-70065216,1.70,1.20,0.50,0.05,-1.76,0,22,9,13,0,0,0,66.65,0.00,0.00,0.00,,0.00,,0.00,EastMoney,2026-06-02T19:22:28+08:00
BK1441,2026-06-02T00:00:00Z,470269,472076,472360,458389,468957,3119,0.67,965211,1447018619,2.16,1.00,0.00,0,458207,507004,63290734000,47647878000,-66113922,75752464,123478386,-47725922,306058688,324446688,-18388000,440249248,397280672,42968576,465035872,417505280,47530592,-4.57,-3.30,-1.27,2.97,3.28,0,15,7,8,0,0,0,718.08,0.00,0.00,0.00,,0.00,,0.00,EastMoney,2026-06-02T19:22:28+08:00
BK1442,2026-06-02T00:00:00Z,190701,187184,191069,184475,191323,-4139,-2.16,1076793,953806533,4.86,0.79,0.00,0,490205,586588,27339667000,24862126000,-2524134,45656834,68460937,-22804103,221066889,200786920,20279969,307463488,313594256,-6130768,359647072,350992192,8654880,-0.26,-2.39,2.13,-0.64,0.91,0,6,1,5,0,0,0,89.28,0.00,0.00,0.00,,0.00,,0.00,EastMoney,2026-06-02T19:22:28+08:00
BK1443,2026-06-02T00:00:00Z,403462,410828,415890,394394,402687,8141,2.02,242200,778795585,2.32,0.77,0.00,0,118726,123474,37349229000,37082614000,45345489,72540865,40716757,31824108,160712602,147191221,13521381,269035424,278903760,-9868336,269315376,304792528,-35477152,5.82,4.09,1.74,-1.27,-4.56,0,2,2,0,0,0,0,47.91,0.00,0.00,0.00,,0.00,,0.00,EastMoney,2026-06-02T19:22:28+08:00
BK1444,2026-06-02T00:00:00Z,885462,873067,886087,858068,882422,-9355,-1.06,33926794,55752385065,4.14,0.95,0.00,0,15695620,18231175,1483877472000,1273632288000,-787261184,5089294592,5462915328,-373620736,13148811776,13562452224,-413640448,18401224704,18421338368,-20113664,17626187008,16824446976,801740032,-1.41,-0.67,-0.74,-0.04,1.44,0,135,28,104,3,0,0,-245.62,0.00,0.00,0.00,,0.00,,0.00,EastMoney,2026-06-02T19:22:28+08:00
BK1445,2026-06-02T00:00:00Z,546558,550059,550803,535019,544725,5334,0.98,2656218,6738916213,1.51,0.88,0.00,0,1265448,1390770,479506304000,445129104000,-59293008,630858464,676650992,-45792528,1686807680,1700308160,-13500480,2064046400,2001216768,62829632,2204864208,2194863488,10000720,-0.88,-0.68,-0.20,0.93,0.15,0,27,13,14,0,0,0,23.61,0.00,0.00,0.00,,0.00,,0.00,EastMoney,2026-06-02T19:22:28+08:00
BK1446,2026-06-02T00:00:00Z,864221,852525,866578,841116,861401,-8876,-1.03,9527636,30476603076,3.02,0.86,0.00,0,4407791,5119845,1131395008000,748470400000,-128405248,3701166592,3742845952,-41679360,7361031168,7447757056,-86725888,10050457088,10042327552,8129536,8222552320,7970697472,251854848,-0.42,-0.14,-0.28,0.03,0.83,0,64,14,48,2,0,0,119.65,0.00,0.00,0.00,,0.00,,0.00,EastMoney,2026-06-02T19:22:28+08:00
BK1447,2026-06-02T00:00:00Z,900721,888981,902057,876538,900204,-11223,-1.25,13908984,33924377301,2.92,0.89,0.00,0,6383261,7525723,1123484000000,946951168000,-845294720,3516288448,3964953920,-448665472,8424939520,8821568768,-396629248,11537220864,11058993152,478227712,9704600064,9301578752,403021312,-2.49,-1.32,-1.17,1.41,1.19,0,100,23,76,1,0,0,418.44,0.00,0.00,0.00,,0.00,,0.00,EastMoney,2026-06-02T19:22:28+08:00
BK1448,2026-06-02T00:00:00Z,672138,657657,672653,648298,666376,-8719,-1.31,5701560,18144959691,2.52,1.06,0.00,0,2588406,3113154,597568384000,549289584000,-400157056,2114925264,2449431632,-334506368,4714715904,4780366592,-65650688,6422939648,6206127872,216811776,4427568896,4244223632,183345264,-2.21,-1.84,-0.36,1.19,1.01,0,35,7,27,1,0,0,282.81,0.00,0.00,0.00,,0.00,,0.00,EastMoney,2026-06-02T19:22:28+08:00
BK1449,2026-06-02T00:00:00Z,200987,199363,202241,198833,201170,-1807,-0.90,1191316,1341123293,0.96,0.86,0.00,0,526827,664489,237780067000,168210489000,-34700648,114497827,97353275,17144552,289983152,341828352,-51845200,442053968,433625776,8428192,466036768,439764304,26272464,-2.59,1.28,-3.87,0.63,1.96,0,9,3,4,2,0,0,31.06,0.00,0.00,0.00,,0.00,,0.00,EastMoney,2026-06-02T19:22:28+08:00
BK1450,2026-06-02T00:00:00Z,1414258,1441196,1445013,1414258,1403401,37795,2.69,974690,4646691987,0.73,1.13,0.00,0,509468,465221,887093424000,809463968000,132490384,652735200,577124992,75610208,1374914128,1318033952,56880176,1421269328,1509638176,-88368848,1103453904,1147575456,-44121552,2.85,1.63,1.22,-1.90,-0.95,0,3,3,0,0,0,0,11.60,0.00,0.00,0.00,,0.00,,0.00,EastMoney,2026-06-02T19:22:28+08:00
BK1451,2026-06-02T00:00:00Z,882249,874986,887521,865032,881583,-6597,-0.75,415050,453207194,1.42,1.08,0.00,0,175175,239875,36835479000,34291711000,5043749,25085881,25686478,-600597,93619787,87975441,5644346,148031567,146162300,1869267,178871337,185784353,-6913016,1.11,-0.13,1.25,0.41,-1.53,0,6,3,3,0,0,0,36.73,0.00,0.00,0.00,,0.00,,0.00,EastMoney,2026-06-02T19:22:28+08:00
BK1452,2026-06-02T00:00:00Z,143660,139891,144425,139655,143989,-4098,-2.85,168799,143141637,0.91,0.85,0.00,0,55510,113289,15962356000,15295925000,-13581300,370596,5313307,-4942711,15000561,23639150,-8638589,48571066,45173575,3397491,76454702,66270893,10183809,-9.49,-3.45,-6.03,2.37,7.11,0,3,0,3,0,0,0,27.27,0.00,0.00,0.00,,0.00,,0.00,EastMoney,2026-06-02T19:22:28+08:00
BK1453,2026-06-02T00:00:00Z,491337,479729,494022,466822,482757,-3028,-0.63,1858607,2233973697,1.75,0.80,0.00,0,923139,935468,123361231000,123160596000,11198415,259495137,242099698,17395439,562105088,568302112,-6197024,672256784,695266544,-23009760,686604928,674793584,11811344,0.50,0.78,-0.28,-1.03,0.53,0,4,1,3,0,0,0,28.34,0.00,0.00,0.00,,0.00,,0.00,EastMoney,2026-06-02T19:22:28+08:00
BK1454,2026-06-02T00:00:00Z,302488,297937,305387,295069,301782,-3845,-1.27,657668,827487820,1.93,0.85,0.00,0,326531,331137,47223469000,44036802000,-7816161,47611822,49675901,-2064079,155593253,161345335,-5752082,270932064,239141722,31790342,345789264,369763456,-23974192,-0.94,-0.25,-0.70,3.84,-2.90,0,6,1,5,0,0,0,95.32,0.00,0.00,0.00,,0.00,,0.00,EastMoney,2026-06-02T19:22:28+08:00
BK1455,2026-06-02T00:00:00Z,540391,535410,541190,526000,539602,-4192,-0.78,4933226,11711046722,2.91,0.72,0.00,0,2320394,2612832,418366080000,359635232000,-238901632,1209835616,1422316000,-212480384,2827752832,2854174080,-26421248,3802354624,3786202928,16151696,3678648736,3463723424,214925312,-2.04,-1.81,-0.23,0.14,1.84,0,36,10,25,1,0,0,44.58,0.00,0.00,0.00,,0.00,,0.00,EastMoney,2026-06-02T19:22:28+08:00
BK1456,2026-06-02T00:00:00Z,119938,118225,120271,116983,120218,-1993,-1.66,280529,162448287,1.94,0.83,0.00,0,113907,166622,10485054000,9528280000,576039,4500361,622721,3877640,35092679,38394280,-3301601,58767618,49030664,9736954,62828374,73141367,-10312993,0.35,2.39,-2.03,5.99,-6.35,0,3,0,3,0,0,0,55.71,0.00,0.00,0.00,,0.00,,0.00,EastMoney,2026-06-02T19:22:28+08:00
BK1457,2026-06-02T00:00:00Z,232655,229174,232666,228058,232946,-3772,-1.62,534020,851592065,0.99,0.92,0.00,0,265805,268215,81462317000,78341275000,-48738327,69319520,119067433,-49747913,165415711,164406125,1009586,296054288,280358032,15696256,296904048,264133965,32770083,-5.72,-5.84,0.12,1.84,3.85,0,11,2,8,1,0,0,24.08,0.00,0.00,0.00,,0.00,,0.00,EastMoney,2026-06-02T19:22:28+08:00
BK1458,2026-06-02T00:00:00Z,87625,86484,88148,85602,87451,-967,-1.11,94905,259265181,1.43,0.76,0.00,0,48093,46812,22831034000,22040303000,2566377,8031144,14235342,-6204198,38076280,29305705,8770575,82985646,68358961,14626685,113594645,127838085,-14243440,0.99,-2.39,3.38,5.64,-5.49,0,4,1,3,0,0,0,48.53,0.00,0.00,0.00,,0.00,,0.00,EastMoney,2026-06-02T19:22:28+08:00
BK1459,2026-06-02T00:00:00Z,216886,213410,217361,210149,216588,-3178,-1.47,385325,1235467996,1.12,0.78,0.00,0,181861,203464,105075532000,102148813000,-7146787,68269491,87700507,-19431016,275500976,263216747,12284229,469370528,466069840,3300688,407662048,403815968,3846080,-0.58,-1.57,0.99,0.27,0.31,0,8,1,7,0,0,0,25.83,0.00,0.00,0.00,,0.00,,0.00,EastMoney,2026-06-02T19:22:28+08:00
BK1460,2026-06-02T00:00:00Z,295654,298683,298994,288837,295772,2911,0.98,1681494,2027260085,2.03,0.85,0.00,0,832595,848899,99695297000,73436996000,31295397,148488081,152412652,-3924571,480483872,445263904,35219968,622086800,626018432,-3931632,694467472,717965632,-23498160,1.54,-0.19,1.74,-0.19,-1.16,0,15,8,6,1,0,0,81.36,0.00,0.00,0.00,,0.00,,0.00,EastMoney,2026-06-02T19:22:28+08:00
BK1461,2026-06-02T00:00:00Z,208127,204980,208636,202862,208565,-3585,-1.72,3907681,1946379811,3.66,0.75,0.00,0,1684380,2223302,59805255000,51859584000,-66662746,140524900,170680270,-30155370,382050144,418557520,-36507376,649521008,637740912,11780096,714322448,659439808,54882640,-3.42,-1.55,-1.88,0.61,2.82,0,9,1,8,0,0,0,-36.10,0.00,0.00,0.00,,0.00,,0.00,EastMoney,2026-06-02T19:22:28+08:00
BK1462,2026-06-02T00:00:00Z,1663119,1740074,1746356,1652379,1694759,45315,2.67,6246160,24066764993,6.49,1.02,0.00,0,3156090,3090070,591921200000,499774032000,360947504,3802454528,3478190288,324264240,6181992192,6145308928,36683264,7354981888,7757722880,-402740992,6201274624,6159480832,41793792,1.50,1.35,0.15,-1.67,0.17,0,8,6,1,1,0,0,76.45,0.00,0.00,0.00,,0.00,,0.00,EastMoney,2026-06-02T19:22:28+08:00
BK1463,2026-06-02T00:00:00Z,232615,226572,232664,224588,232914,-6342,-2.72,1159445,725302733,2.17,0.88,0.00,0,490695,668749,33279531000,32729821000,-4751779,18330157,35140172,-16810015,130112354,118054118,12058236,238039165,213367188,24671977,322272048,342192240,-19920192,-0.66,-2.32,1.66,3.40,-2.75,0,9,0,9,0,0,0,-31.36,0.00,0.00,0.00,,0.00,,0.00,EastMoney,2026-06-02T19:22:28+08:00
BK1464,2026-06-02T00:00:00Z,218599,215519,219366,215092,218516,-2997,-1.37,2699742,2092138510,0.87,0.88,0.00,0,1166196,1533546,264956135000,220956087000,-102589899,173318528,243710459,-70391931,444324080,476522048,-32197968,684187936,630254528,53933408,745931504,697275008,48656496,-4.90,-3.36,-1.54,2.58,2.33,0,14,3,11,0,0,0,71.08,0.00,0.00,0.00,,0.00,,0.00,EastMoney,2026-06-02T19:22:28+08:00
BK1465,2026-06-02T00:00:00Z,971293,984701,990798,929569,966149,18552,1.92,1733888,2344757157,5.57,1.76,0.00,0,901068,832820,49578593000,39958203000,-117596232,195797848,269731872,-73934024,583596544,627258752,-43662208,762297520,661635952,100661568,759192160,742257504,16934656,-5.02,-3.15,-1.86,4.29,0.72,0,3,1,2,0,0,0,-307.39,0.00,0.00,0.00,,0.00,,0.00,EastMoney,2026-06-02T19:22:28+08:00
BK1466,2026-06-02T00:00:00Z,200180,195765,200564,195004,200600,-4835,-2.41,1135062,1026331000,2.20,0.99,0.00,0,482018,653044,37316993000,33414860000,-24277644,48009862,58127491,-10117629,197772949,211932964,-14160015,350480992,326010160,24470832,389653760,389846928,-193168,-2.37,-0.99,-1.38,2.38,-0.02,0,7,0,6,1,0,0,96.57,0.00,0.00,0.00,,0.00,,0.00,EastMoney,2026-06-02T19:22:28+08:00
BK1467,2026-06-02T00:00:00Z,213743,215292,216527,209858,214032,1260,0.59,818548,676533602,1.95,0.91,0.00,0,391357,427191,35743261000,30763487000,9272971,33080411,45233172,-12152761,174292829,152867097,21425732,201623702,190600583,11023119,215628264,237725144,-22096880,1.37,-1.80,3.17,1.63,-3.27,0,9,3,5,1,0,0,75.25,0.00,0.00,0.00,,0.00,,0.00,EastMoney,2026-06-02T19:22:28+08:00
BK1468,2026-06-02T00:00:00Z,509692,501477,510228,498187,507079,-5602,-1.10,2082347,2322092778,2.85,1.12,0.00,0,985864,1096482,126667193000,112768834000,57329640,218650452,176987676,41662776,493987856,478320992,15666864,723332848,665969712,57363136,832926368,947619152,-114692784,2.47,1.79,0.67,2.47,-4.94,0,17,4,13,0,0,0,42.30,0.00,0.00,0.00,,0.00,,0.00,EastMoney,2026-06-02T19:22:28+08:00
BK1469,2026-06-02T00:00:00Z,109959,108911,111632,108585,107773,1138,1.06,270448,405402662,2.06,1.19,0.00,0,99383,171065,29633953000,29633953000,-4755145,9798037,21093520,-11295483,70824468,64284130,6540338,140908652,134653487,6255165,174296857,175796876,-1500019,-1.17,-2.79,1.61,1.54,-0.37,0,2,1,1,0,0,0,-48.63,0.00,0.00,0.00,,0.00,,0.00,EastMoney,2026-06-02T19:22:28+08:00
BK1470,2026-06-02T00:00:00Z,202863,200366,203767,199977,202156,-1790,-0.89,4698215,2282547230,0.79,0.96,0.00,0,2227506,2470709,280594752000,267811836000,-114752080,339162608,391132368,-51969760,531779200,594561520,-62782320,662871808,627146320,35725488,692163904,613137328,79026576,-5.03,-2.28,-2.75,1.57,3.46,0,8,3,5,0,0,0,7.80,0.00,0.00,0.00,,0.00,,0.00,EastMoney,2026-06-02T19:22:28+08:00
BK1471,2026-06-02T00:00:00Z,85921,84593,86033,83542,85779,-1186,-1.38,6202141,9179056233,4.29,1.09,0.00,0,3158021,3044120,223833446000,194901937000,361854800,1533777696,1402040208,131737488,2166922560,1936805248,230117312,2636801456,2628254128,8547328,2576115920,2915716832,-339600912,3.94,1.44,2.51,0.09,-3.70,0,47,9,37,1,0,0,53.27,0.00,0.00,0.00,,0.00,,0.00,EastMoney,2026-06-02T19:22:28+08:00
BK1472,2026-06-02T00:00:00Z,222207,217708,222348,216656,222710,-5002,-2.25,11972555,5960364009,0.97,0.83,0.00,0,4773950,7198605,778051792000,646123760000,-473409216,611096656,997740928,-386644272,1292186160,1378951104,-86764944,1901027072,1767635344,133391728,2033904864,1703219952,330684912,-7.94,-6.49,-1.46,2.24,5.55,0,27,2,25,0,0,0,9.22,0.00,0.00,0.00,,0.00,,0.00,EastMoney,2026-06-02T19:22:28+08:00
BK1473,2026-06-02T00:00:00Z,382709,381055,385131,374112,375821,5234,1.39,7341989,3648324481,5.54,1.42,0.00,0,4190354,3151635,60285819000,54401289000,-19974032,164891770,227545194,-62653424,1029848224,987168832,42679392,1090464384,1074272352,16192032,1257207472,1253425456,3782016,-0.55,-1.72,1.17,0.44,0.10,0,18,7,8,3,0,0,-6.92,0.00,0.00,0.00,,0.00,,0.00,EastMoney,2026-06-02T19:22:28+08:00
BK1474,2026-06-02T00:00:00Z,299524,296242,299533,291689,299273,-3031,-1.01,1889100,1057125484,2.03,1.04,0.00,0,910672,978428,65271043000,53548325000,45126286,111758396,50954319,60804077,217949970,233627761,-15677791,320242704,338735440,-18492736,392081280,419325824,-27244544,4.27,5.75,-1.48,-1.75,-2.58,0,10,3,7,0,0,0,62.24,0.00,0.00,0.00,,0.00,,0.00,EastMoney,2026-06-02T19:22:28+08:00
BK1475,2026-06-02T00:00:00Z,284157,281627,284867,280906,285727,-4100,-1.43,905328,915012907,1.45,0.61,0.00,0,402935,502393,59184089000,56973424000,-42189841,66839845,97950930,-31111085,193171080,204249836,-11078756,323384304,291424208,31960096,294855280,284625536,10229744,-4.61,-3.40,-1.21,3.49,1.12,0,4,0,4,0,0,0,14.76,0.00,0.00,0.00,,0.00,,0.00,EastMoney,2026-06-02T19:22:28+08:00
BK1476,2026-06-02T00:00:00Z,268294,261811,268932,258906,268881,-7070,-2.63,1165282,1069004032,1.42,0.78,0.00,0,527735,637547,72587130000,71186443000,-6241598,147865014,144985133,2879881,258358550,267480029,-9121479,337489344,325039856,12449488,308206224,314414112,-6207888,-0.58,0.27,-0.85,1.16,-0.58,0,6,1,5,0,0,0,9.80,0.00,0.00,0.00,,0.00,,0.00,EastMoney,2026-06-02T19:22:28+08:00
BK1477,2026-06-02T00:00:00Z,377666,373251,377896,366189,378179,-4928,-1.30,8444853,9474021748,2.75,1.39,0.00,0,4286509,4158344,245763956000,230852985000,-554784864,1046836928,1270929968,-224093040,1862804864,2193496688,-330691824,2910557264,2954318016,-43760752,3470476864,2856874016,613602848,-5.86,-2.37,-3.49,-0.46,6.48,0,20,5,14,1,0,0,101.79,0.00,0.00,0.00,,0.00,,0.00,EastMoney,2026-06-02T19:22:28+08:00
BK1478,2026-06-02T00:00:00Z,94867,92551,94937,91952,94103,-1552,-1.65,9848692,7107991110,5.86,1.50,0.00,0,4644875,5203817,120393661000,107710704000,-489039472,608604320,981867120,-373262800,1524396944,1640173616,-115776672,2140635888,2016049232,124586656,2605014144,2240561312,364452832,-6.88,-5.25,-1.63,1.75,5.13,0,22,4,16,2,0,0,-91.22,0.00,0.00,0.00,,0.00,,0.00,EastMoney,2026-06-02T19:22:28+08:00
BK1479,2026-06-02T00:00:00Z,147389,146395,147446,144891,148741,-2346,-1.58,10054820,4472248587,1.11,1.00,0.00,0,4423295,5631525,463904304000,379210336000,-39676016,733195568,772445824,-39250256,1061527120,1061952880,-425760,1308970832,1210540816,98430016,1280887872,1339641856,-58753984,-0.89,-0.88,-0.01,2.20,-1.31,0,9,0,9,0,0,0,32.56,0.00,0.00,0.00,,0.00,,0.00,EastMoney,2026-06-02T19:22:28+08:00
BK1480,2026-06-02T00:00:00Z,184924,183800,185512,183084,185766,-1966,-1.06,1163493,814539306,0.72,0.94,0.00,0,489930,673564,138056144000,118474711000,-45253213,52078988,100131709,-48052721,186268261,183468753,2799508,260982832,281312832,-20330000,304343280,238760068,65583212,-5.56,-5.90,0.34,-2.50,8.05,0,5,0,5,0,0,0,28.31,0.00,0.00,0.00,,0.00,,0.00,EastMoney,2026-06-02T19:22:28+08:00
BK1481,2026-06-02T00:00:00Z,163349,163850,164467,163065,163540,310,0.19,5609737,3420110411,0.55,1.09,0.00,0,2916490,2693247,520033584000,475632688000,-25497568,342074272,415206432,-73132160,872615952,824981360,47634592,1089623424,1103203856,-13580432,1069980640,1030902656,39077984,-0.75,-2.14,1.39,-0.40,1.14,0,17,4,11,2,0,0,13.21,0.00,0.00,0.00,,0.00,,0.00,EastMoney,2026-06-02T19:22:28+08:00
BK1482,2026-06-02T00:00:00Z,155347,153700,155816,152798,155788,-2088,-1.34,9664199,7777374278,1.67,0.96,0.00,0,4393679,5270520,666944928000,555328400000,-647595792,819341248,1402377760,-583036512,1776821888,1841381168,-64559280,2354416672,2247301552,107115120,2630821920,2118536992,512284928,-8.33,-7.50,-0.83,1.38,6.59,0,20,2,17,1,0,0,13.31,0.00,0.00,0.00,,0.00,,0.00,EastMoney,2026-06-02T19:22:28+08:00
BK1483,2026-06-02T00:00:00Z,276184,275076,277252,274201,276592,-1516,-0.55,2586538,1528893868,0.61,0.99,0.00,0,1250919,1335619,380263264000,333370752000,-40261662,56430402,79899386,-23468984,257820394,274613072,-16792678,454433712,469663536,-15229824,736479648,680988176,55491472,-2.63,-1.54,-1.10,-1.00,3.63,0,21,4,16,1,0,0,15.10,0.00,0.00,0.00,,0.00,,0.00,EastMoney,2026-06-02T19:22:28+08:00
BK1484,2026-06-02T00:00:00Z,156845,152834,156874,151779,156877,-4043,-2.58,1202247,699376337,2.79,0.57,0.00,0,442868,759379,30455064000,26393784000,-70078318,35591006,64327335,-28736329,113070369,154412358,-41341989,246640704,229192322,17448382,288329776,235699836,52629940,-10.02,-4.11,-5.91,2.49,7.53,0,8,1,7,0,0,0,118.48,0.00,0.00,0.00,,0.00,,0.00,EastMoney,2026-06-02T19:22:28+08:00
BK1485,2026-06-02T00:00:00Z,153410,153443,154961,152677,153594,-151,-0.10,5253963,2650725159,0.64,1.27,0.00,0,2961520,2292443,411504848000,406989776000,-110705168,470963088,491494448,-20531360,603202368,693376176,-90173808,790905888,749761088,41144800,740788624,671228240,69560384,-4.18,-0.77,-3.40,1.55,2.62,0,7,3,4,0,0,0,18.89,0.00,0.00,0.00,,0.00,,0.00,EastMoney,2026-06-02T19:22:28+08:00
BK1486,2026-06-02T00:00:00Z,430014,415132,430014,413949,429257,-14125,-3.29,731031,736028837,1.57,1.03,0.00,0,322726,408305,33818703000,33522047000,-30206947,32379336,52090282,-19710946,134901502,145397503,-10496001,224586307,233463710,-8877403,334056656,294972304,39084352,-4.10,-2.68,-1.43,-1.21,5.31,0,6,0,6,0,0,0,47.77,0.00,0.00,0.00,,0.00,,0.00,EastMoney,2026-06-02T19:22:28+08:00
BK1487,2026-06-02T00:00:00Z,469898,465974,470092,459119,470230,-4256,-0.91,506043,327835536,1.21,0.98,0.00,0,212580,293463,27704012000,27593936000,2957146,12567553,18716511,-6148958,69157445,60051341,9106104,111835400,93978100,17857300,129690624,150505071,-20814447,0.90,-1.88,2.78,5.45,-6.35,0,5,1,4,0,0,0,-230.32,0.00,0.00,0.00,,0.00,,0.00,EastMoney,2026-06-02T19:22:28+08:00
BK1488,2026-06-02T00:00:00Z,171073,168889,171225,168594,171291,-2402,-1.40,961302,880046109,0.77,0.85,0.00,0,434555,526747,181210541000,98654405000,-17724052,39946026,55693527,-15747501,140598516,142575067,-1976551,304252256,247793024,56459232,376911376,417247856,-40336480,-2.01,-1.79,-0.22,6.42,-4.58,0,13,2,11,0,0,0,15.78,0.00,0.00,0.00,,0.00,,0.00,EastMoney,2026-06-02T19:22:28+08:00
BK1489,2026-06-02T00:00:00Z,545989,533299,546430,531642,545383,-12084,-2.22,1126423,1781469341,0.90,1.23,0.00,0,542599,583824,279483600000,268518896000,-69415275,133600976,196338475,-62737499,432105952,438783728,-6677776,544466976,569896064,-25429088,649111216,554266848,94844368,-3.90,-3.52,-0.37,-1.43,5.32,0,4,0,4,0,0,0,14.57,0.00,0.00,0.00,,0.00,,0.00,EastMoney,2026-06-02T19:22:28+08:00
BK1490,2026-06-02T00:00:00Z,298069,293083,299379,292305,297432,-4349,-1.46,1775499,1078615700,1.06,0.75,0.00,0,764821,1010678,114177000000,108143605000,-22143016,45781261,77529266,-31748005,198084200,188479211,9604989,386082416,321735296,64347120,424485216,466689312,-42204096,-2.05,-2.94,0.89,5.97,-3.91,0,12,2,10,0,0,0,-14.22,0.00,0.00,0.00,,0.00,,0.00,EastMoney,2026-06-02T19:22:28+08:00
BK1491,2026-06-02T00:00:00Z,163201,158454,163201,157644,162836,-4382,-2.69,593803,394439256,2.44,0.82,0.00,0,251584,342219,23028182000,19196433000,-2892334,8519918,11223111,-2703193,70521007,70710148,-189141,124265865,118493879,5771986,184535620,187415272,-2879652,-0.73,-0.69,-0.05,1.46,-0.73,0,7,0,7,0,0,0,61.56,0.00,0.00,0.00,,0.00,,0.00,EastMoney,2026-06-02T19:22:28+08:00
BK1492,2026-06-02T00:00:00Z,84189,84176,86072,82866,84347,-171,-0.20,5200241,2012247081,3.56,1.55,0.00,0,2559408,2640833,60194766000,60157571000,9980696,138073444,143842716,-5769272,447644480,431894512,15749968,645586400,659107760,-13521360,746759264,743218624,3540640,0.50,-0.29,0.78,-0.67,0.18,0,7,3,3,1,0,0,-17.22,0.00,0.00,0.00,,0.00,,0.00,EastMoney,2026-06-02T19:22:28+08:00
BK1493,2026-06-02T00:00:00Z,256341,252284,261773,250442,252302,-18,-0.01,14803081,19839552268,2.05,1.66,0.00,0,7203532,7599549,2142723040000,1668477040000,-471543424,2709570320,2895140240,-185569920,4896081920,5182055424,-285973504,6256279040,5940993536,315285504,5617072896,5460815104,156257792,-2.38,-0.94,-1.44,1.59,0.79,0,17,5,11,1,0,0,19.31,0.00,0.00,0.00,,0.00,,0.00,EastMoney,2026-06-02T19:22:28+08:00
BK1494,2026-06-02T00:00:00Z,130884,130608,134385,128928,131494,-886,-0.67,9187815,7729265965,3.81,1.48,0.00,0,4685507,4502309,227651315000,227084533000,-482533488,737355520,1058641360,-321285840,1629809024,1791056672,-161247648,2464565552,2474368320,-9802768,2758242720,2265906464,492336256,-6.24,-4.16,-2.09,-0.13,6.37,0,10,4,5,1,0,0,59.74,0.00,0.00,0.00,,0.00,,0.00,EastMoney,2026-06-02T19:22:28+08:00
BK1495,2026-06-02T00:00:00Z,117919,115019,118072,114589,117847,-2828,-2.40,421101,585888991,1.31,0.79,0.00,0,189254,231847,53697461000,48506359000,-22417393,5950726,9893217,-3942491,55029695,73504597,-18474902,184409031,180687250,3721781,332708496,314012896,18695600,-3.83,-0.67,-3.15,0.64,3.19,0,9,0,9,0,0,0,26.80,0.00,0.00,0.00,,0.00,,0.00,EastMoney,2026-06-02T19:22:28+08:00
BK1496,2026-06-02T00:00:00Z,60274,58640,60597,58551,60544,-1904,-3.14,179937,267488645,1.97,1.12,0.00,0,76691,103246,20426059000,13042752000,8275090,5914534,7108901,-1194367,44492284,35022827,9469457,85813905,87207934,-1394029,126714786,133595848,-6881062,3.09,-0.45,3.54,-0.52,-2.57,0,4,0,4,0,0,0,32.92,0.00,0.00,0.00,,0.00,,0.00,EastMoney,2026-06-02T19:22:28+08:00
BK1497,2026-06-02T00:00:00Z,273766,268401,274161,264906,274650,-6249,-2.28,806996,1045189547,3.24,1.22,0.00,0,371746,435250,31701690000,29059448000,37836523,50197175,64579672,-14382497,278591984,226372964,52219020,331970608,301239200,30731408,359950272,429700880,-69750608,3.62,-1.38,5.00,2.94,-6.67,0,7,2,5,0,0,0,72.73,0.00,0.00,0.00,,0.00,,0.00,EastMoney,2026-06-02T19:22:28+08:00
BK1498,2026-06-02T00:00:00Z,152367,148756,153285,148723,153740,-4984,-3.24,487334,1395382041,1.36,1.03,0.00,0,210166,277168,96890450000,83343846000,-70938781,68095114,115369207,-47274093,276699024,300363712,-23664688,449617072,433372560,16244512,574428960,519734704,54694256,-5.08,-3.39,-1.70,1.16,3.92,0,8,0,8,0,0,0,29.33,0.00,0.00,0.00,,0.00,,0.00,EastMoney,2026-06-02T19:22:28+08:00
BK1499,2026-06-02T00:00:00Z,72154,70458,72342,70458,71965,-1507,-2.09,103092,38794104,1.11,0.56,0.00,0,28233,74859,6685222000,3460504000,-11801314,1882581,3425660,-1543079,7386890,17645125,-10258235,15707056,10774201,4932855,13113430,6244970,6868460,-30.42,-3.98,-26.44,12.72,17.70,0,1,0,1,0,0,0,-10.81,0.00,0.00,0.00,,0.00,,0.00,EastMoney,2026-06-02T19:22:28+08:00
BK1500,2026-06-02T00:00:00Z,154251,151194,155091,150695,154849,-3655,-2.36,59914,474104822,0.81,0.67,0.00,0,28129,31785,66341557000,46882770000,-39874282,14892379,29554772,-14662393,96131487,121343376,-25211889,156013444,153595636,2417808,138418797,115799024,22619773,-8.41,-3.09,-5.32,0.51,4.77,0,3,0,3,0,0,0,32.77,0.00,0.00,0.00,,0.00,,0.00,EastMoney,2026-06-02T19:22:28+08:00
BK1501,2026-06-02T00:00:00Z,426149,418103,426149,416256,424892,-6789,-1.60,865368,781940169,1.43,0.91,0.00,0,353671,511697,60221386000,54686874000,-28550425,59645893,68499819,-8853926,151732932,171429431,-19696499,256019079,238377752,17641327,292801152,284167184,8633968,-3.65,-1.13,-2.52,2.26,1.10,0,13,2,11,0,0,0,42.94,0.00,0.00,0.00,,0.00,,0.00,EastMoney,2026-06-02T19:22:28+08:00
BK1502,2026-06-02T00:00:00Z,504097,490713,505891,486250,497330,-6617,-1.33,1578709,1369144786,6.10,1.12,0.00,0,750017,828692,23884804000,23563433000,-39810883,111775898,129778011,-18002113,263193502,285002272,-21808770,449867680,480701472,-30833792,473707616,403062944,70644672,-2.91,-1.31,-1.59,-2.25,5.16,0,4,1,3,0,0,0,-55.62,0.00,0.00,0.00,,0.00,,0.00,EastMoney,2026-06-02T19:22:28+08:00
BK1503,2026-06-02T00:00:00Z,305505,302362,305644,298964,304989,-2627,-0.86,423370,524253561,1.50,0.85,0.00,0,189666,233704,39781616000,36076818000,11773727,51614675,47665882,3948793,121739450,113914516,7824934,173576083,156934729,16641354,155984258,183484672,-27500414,2.25,0.75,1.49,3.17,-5.25,0,6,2,3,1,0,0,55.02,0.00,0.00,0.00,,0.00,,0.00,EastMoney,2026-06-02T19:22:28+08:00
BK1504,2026-06-02T00:00:00Z,138433,136434,138433,136013,138599,-2165,-1.56,553272,687078318,1.72,0.88,0.00,0,221581,331690,170590465000,31859100000,-27516665,61362458,72158853,-10796395,137368079,154088349,-16720270,240380938,209111132,31269806,238017354,241770495,-3753141,-4.00,-1.57,-2.43,4.55,-0.55,0,10,1,7,2,0,0,43.19,0.00,0.00,0.00,,0.00,,0.00,EastMoney,2026-06-02T19:22:28+08:00
BK1505,2026-06-02T00:00:00Z,261853,257929,262177,256976,262873,-4944,-1.88,1373021,1573964622,1.77,1.22,0.00,0,629614,743407,76177109000,72244344000,-39292247,83562942,94936405,-11373463,311153280,339072064,-27918784,531325712,495792576,35533136,487741792,498082496,-10340704,-2.50,-0.72,-1.77,2.26,-0.66,0,12,3,9,0,0,0,52.76,0.00,0.00,0.00,,0.00,,0.00,EastMoney,2026-06-02T19:22:28+08:00
BK1506,2026-06-02T00:00:00Z,230237,226405,231049,225444,230242,-3837,-1.67,223313,102208495,1.14,0.76,0.00,0,82021,141292,10390850000,9210791000,-7281463,2249000,6585008,-4336008,23756987,26702442,-2945455,34358145,24655057,9703088,36779452,40223983,-3444531,-7.12,-4.24,-2.88,9.49,-3.37,0,3,0,3,0,0,0,52.76,0.00,0.00,0.00,,0.00,,0.00,EastMoney,2026-06-02T19:22:28+08:00
BK1507,2026-06-02T00:00:00Z,164779,161626,165345,161094,164649,-3023,-1.84,166002,503757623,2.19,0.86,0.00,0,63968,102034,32173978000,21094873000,-11730890,30085071,26619898,3465173,103602086,118798149,-15196063,157854465,152419933,5434532,196592892,192817012,3775880,-2.33,0.69,-3.02,1.08,0.75,0,4,0,4,0,0,0,29.37,0.00,0.00,0.00,,0.00,,0.00,EastMoney,2026-06-02T19:22:28+08:00
BK1508,2026-06-02T00:00:00Z,194171,188227,194469,187283,194278,-6051,-3.11,1781581,864765328,1.66,0.95,0.00,0,689929,1091652,52524591000,47675049000,-63035327,37353418,67737719,-30384301,154468884,187119910,-32651026,264484362,249413021,15071341,395042032,347078048,47963984,-7.29,-3.51,-3.78,1.74,5.55,0,9,0,9,0,0,0,-15.51,0.00,0.00,0.00,,0.00,,0.00,EastMoney,2026-06-02T19:22:28+08:00
BK1509,2026-06-02T00:00:00Z,611072,590850,611072,587376,612009,-21159,-3.46,430317,767958032,1.35,1.07,0.00,0,206101,224216,90978002000,90845940000,-53128494,45060886,68587549,-23526663,115881846,145483677,-29601831,270602752,256718801,13883951,327935616,288691072,39244544,-6.92,-3.06,-3.85,1.81,5.11,0,4,0,4,0,0,0,24.16,0.00,0.00,0.00,,0.00,,0.00,EastMoney,2026-06-02T19:22:28+08:00
BK1510,2026-06-02T00:00:00Z,87391,85520,87514,85166,87273,-1753,-2.01,413906,109168245,1.32,1.19,0.00,0,152356,261550,8983552000,8561146000,-5411887,6771459,2462365,4309094,20591470,30312451,-9720981,44389422,36408219,7981203,35939623,38508939,-2569316,-4.96,3.95,-8.90,7.31,-2.35,0,3,0,3,0,0,0,-336.91,0.00,0.00,0.00,,0.00,,0.00,EastMoney,2026-06-02T19:22:28+08:00
BK1511,2026-06-02T00:00:00Z,338008,330959,341059,328444,341646,-10687,-3.13,958583,1176131110,2.12,1.18,0.00,0,415747,542836,68550495000,56594094000,5349520,46206402,41175899,5030503,200253749,199934732,319017,412738864,372886416,39852448,485424768,530626736,-45201968,0.45,0.43,0.03,3.39,-3.84,0,8,0,8,0,0,0,32.80,0.00,0.00,0.00,,0.00,,0.00,EastMoney,2026-06-02T19:22:28+08:00
BK1512,2026-06-02T00:00:00Z,376128,367810,376432,366297,376784,-8974,-2.38,4478014,4400275898,1.59,0.97,0.00,0,1872056,2605959,414525488000,326443456000,-551780432,458762608,786107984,-327345376,953964096,1178399152,-224435056,1389556848,1316653808,72903040,1535326784,1056449408,478877376,-12.54,-7.44,-5.10,1.66,10.88,0,11,1,10,0,0,0,151.21,0.00,0.00,0.00,,0.00,,0.00,EastMoney,2026-06-02T19:22:28+08:00
BK1513,2026-06-02T00:00:00Z,113179,110637,113179,109663,113182,-2545,-2.25,101054,87074895,1.36,1.11,0.00,0,41236,59817,5714180000,5480011000,-3174384,1818,274752,-272934,11162434,14063884,-2901450,31000596,22382040,8618556,43781989,49226161,-5444172,-3.65,-0.31,-3.33,9.90,-6.25,0,3,1,2,0,0,0,49.72,0.00,0.00,0.00,,0.00,,0.00,EastMoney,2026-06-02T19:22:28+08:00
BK1514,2026-06-02T00:00:00Z,65569,63630,65701,62932,65718,-2088,-3.18,956053,300609646,2.54,1.16,0.00,0,348308,607744,11737069000,11666935000,482095,15771548,10067817,5703731,65918275,71139911,-5221636,93476950,82408665,11068285,121790177,133340557,-11550380,0.16,1.90,-1.74,3.68,-3.84,0,4,0,4,0,0,0,-7.32,0.00,0.00,0.00,,0.00,,0.00,EastMoney,2026-06-02T19:22:28+08:00
BK1515,2026-06-02T00:00:00Z,100441,99655,100485,99176,100689,-1034,-1.03,256271,320773684,0.81,0.87,0.00,0,118878,137393,37912541000,37912541000,3675319,14850191,18692624,-3842433,72240127,64722375,7517752,106647339,102131443,4515896,122424546,130615761,-8191215,1.15,-1.20,2.34,1.41,-2.55,0,2,0,2,0,0,0,22.00,0.00,0.00,0.00,,0.00,,0.00,EastMoney,2026-06-02T19:22:28+08:00
BK1516,2026-06-02T00:00:00Z,99262,98175,99720,96547,100113,-1938,-1.94,2068764,1143278180,2.65,1.08,0.00,0,955908,1112856,46478750000,46478750000,38380089,87595352,91597876,-4002524,245249084,202866471,42382613,356997664,335648544,21349120,438364016,498093232,-59729216,3.36,-0.35,3.71,1.87,-5.22,0,5,0,5,0,0,0,-242.87,0.00,0.00,0.00,,0.00,,0.00,EastMoney,2026-06-02T19:22:28+08:00
BK1517,2026-06-02T00:00:00Z,154477,149511,156006,148725,154538,-5027,-3.25,395725,427408195,3.17,1.05,0.00,0,169698,226027,14287096000,12877955000,-19394150,12812419,21905844,-9093425,65602181,75902906,-10300725,124155937,117927672,6228265,220963140,207797256,13165884,-4.54,-2.13,-2.41,1.46,3.08,0,4,0,4,0,0,0,16.02,0.00,0.00,0.00,,0.00,,0.00,EastMoney,2026-06-02T19:22:28+08:00
BK1518,2026-06-02T00:00:00Z,389336,380493,389336,378569,390640,-10147,-2.60,1564284,1010817904,2.33,1.02,0.00,0,635513,928771,53406569000,48629478000,-35406879,36627812,42158755,-5530943,192496559,222372495,-29875936,328044624,310248320,17796304,398316528,393878640,4437888,-3.50,-0.55,-2.96,1.76,0.44,0,10,0,10,0,0,0,199.72,0.00,0.00,0.00,,0.00,,0.00,EastMoney,2026-06-02T19:22:28+08:00
BK1519,2026-06-02T00:00:00Z,553871,558366,559726,546506,548801,9565,1.74,1346956,7889877176,1.27,0.99,0.00,0,722116,624841,1063879872000,498959696000,1370326816,1871512176,818808096,1052704080,2276942720,1959319984,317622736,2171234704,2825337472,-654102768,1346128384,2062352448,-716224064,17.37,13.34,4.03,-8.29,-9.08,0,3,2,1,0,0,0,36.65,0.00,0.00,0.00,,0.00,,0.00,EastMoney,2026-06-02T19:22:28+08:00
BK1520,2026-06-02T00:00:00Z,273748,277565,278839,272757,274084,3481,1.27,3686107,3329466232,1.01,1.47,0.00,0,1934254,1751853,441609024000,375153072000,-61385920,360864464,329729152,31135312,764190944,856712176,-92521232,1129524512,1085751664,43772848,1028567024,1010953936,17613088,-1.84,0.94,-2.78,1.31,0.53,0,6,5,1,0,0,0,33.00,0.00,0.00,0.00,,0.00,,0.00,EastMoney,2026-06-02T19:22:28+08:00
BK1521,2026-06-02T00:00:00Z,337447,335693,337853,332179,335913,-220,-0.07,811496,1639936605,1.03,0.81,0.00,0,385519,425977,155626441000,139450805000,29772625,118289650,117666641,623009,352247136,323097520,29149616,541468656,525737488,15731168,595925328,642708864,-46783536,1.82,0.04,1.78,0.96,-2.85,0,9,3,6,0,0,0,29.90,0.00,0.00,0.00,,0.00,,0.00,EastMoney,2026-06-02T19:22:28+08:00
BK1522,2026-06-02T00:00:00Z,186395,183310,186986,183075,186319,-3009,-1.61,531473,1114032250,1.75,0.82,0.00,0,233278,298195,67730564000,55543310000,-53426279,66740627,111158152,-44417525,241796541,250805295,-9008754,358099456,336590768,21508688,425509808,393592208,31917600,-4.80,-3.99,-0.81,1.93,2.87,0,10,2,8,0,0,0,20.87,0.00,0.00,0.00,,0.00,,0.00,EastMoney,2026-06-02T19:22:28+08:00
BK1523,2026-06-02T00:00:00Z,144948,143500,145537,142429,145095,-1595,-1.10,451955,170651761,0.93,0.86,0.00,0,176599,275356,20097391000,19090728000,-191402,6491981,4512841,1979140,24679300,26849842,-2170542,46264321,50291242,-4026921,87796551,84646365,3150186,-0.11,1.16,-1.27,-2.36,1.85,0,6,0,5,1,0,0,95.39,0.00,0.00,0.00,,0.00,,0.00,EastMoney,2026-06-02T19:22:28+08:00
BK1524,2026-06-02T00:00:00Z,114209,111827,114209,111029,113096,-1269,-1.12,678624,647262598,2.01,0.80,0.00,0,316407,362217,23548277000,23395149000,27622010,36008647,31042988,4965659,165266712,142610361,22656351,209272424,204849425,4422999,225610267,257655275,-32045008,4.27,0.77,3.50,0.68,-4.95,0,4,2,2,0,0,0,-73.82,0.00,0.00,0.00,,0.00,,0.00,EastMoney,2026-06-02T19:22:28+08:00
BK1525,2026-06-02T00:00:00Z,559995,558008,563874,551051,556982,1026,0.18,4298578,8770774936,1.87,0.90,0.00,0,1991496,2307082,527694720000,443994048000,256482416,1374656064,1051398576,323257488,1975364496,2042139568,-66775072,2618852976,2745881408,-127028432,2624833488,2753737776,-128904288,2.92,3.69,-0.76,-1.45,-1.47,0,42,15,27,0,0,0,20.53,0.00,0.00,0.00,,0.00,,0.00,EastMoney,2026-06-02T19:22:28+08:00
BK1526,2026-06-02T00:00:00Z,461457,458024,462543,450869,460391,-2367,-0.51,17305792,32996939660,2.84,0.96,0.00,0,8030928,9274865,1238591168000,1011457808000,-270078400,3880423184,3570428112,309995072,7476314112,8056387584,-580073472,10488331776,10465103872,23227904,10482534400,10239073536,243460864,-0.82,0.94,-1.76,0.07,0.74,0,112,39,71,2,0,0,35.11,0.00,0.00,0.00,,0.00,,0.00,EastMoney,2026-06-02T19:22:28+08:00
BK1527,2026-06-02T00:00:00Z,299840,297293,300694,293455,300168,-2875,-0.96,2443633,2638370320,1.43,0.84,0.00,0,1165377,1278256,250595573000,184589131000,-121194479,128288954,197786841,-69497887,504201808,555898400,-51696592,922422848,857887808,64535040,1043269968,986610528,56659440,-4.59,-2.63,-1.96,2.45,2.15,0,21,6,15,0,0,0,17.69,0.00,0.00,0.00,,0.00,,0.00,EastMoney,2026-06-02T19:22:28+08:00
BK1528,2026-06-02T00:00:00Z,526979,519792,527942,514486,525020,-5228,-1.00,5045619,9762430137,2.92,0.98,0.00,0,2437372,2608247,363529472000,294943616000,-246203136,636815888,822324672,-185508784,2101329136,2162023488,-60694352,3260611024,3125902640,134708384,3558699008,3448526416,110172592,-2.52,-1.90,-0.62,1.38,1.13,0,56,16,39,1,0,0,52.29,0.00,0.00,0.00,,0.00,,0.00,EastMoney,2026-06-02T19:22:28+08:00
BK1529,2026-06-02T00:00:00Z,410970,410864,414255,403870,410519,345,0.08,5870951,12293634020,2.67,0.75,0.00,0,2733471,3137480,520315888000,377883552000,102622544,1355377072,1279902736,75474336,2961190544,2934042336,27148208,3854799104,3964253824,-109454720,3945635872,3938950688,6685184,0.83,0.61,0.22,-0.89,0.05,0,42,17,25,0,0,0,40.18,0.00,0.00,0.00,,0.00,,0.00,EastMoney,2026-06-02T19:22:28+08:00
BK1530,2026-06-02T00:00:00Z,198718,199025,200215,197740,198494,531,0.27,2990934,3548773952,1.36,1.11,0.00,0,1521607,1469326,209471939000,199957638000,-179959488,505159104,746467472,-241308368,916485312,855136432,61348880,998910160,1014761776,-15851616,1085653360,889842240,195811120,-5.07,-6.80,1.73,-0.45,5.52,0,9,5,4,0,0,0,56.76,0.00,0.00,0.00,,0.00,,0.00,EastMoney,2026-06-02T19:22:28+08:00
BK1531,2026-06-02T00:00:00Z,362273,359507,363638,355557,361989,-2482,-0.69,1017392,1113637407,2.06,0.74,0.00,0,453885,563507,95583888000,94768028000,-40068223,67036028,64383352,2652676,200006949,242727848,-42720899,378026704,347971600,30055104,439755488,429742368,10013120,-3.60,0.24,-3.84,2.70,0.90,0,5,2,3,0,0,0,15.90,0.00,0.00,0.00,,0.00,,0.00,EastMoney,2026-06-02T19:22:28+08:00
BK1532,2026-06-02T00:00:00Z,322494,319041,323160,313776,322074,-3033,-0.94,963786,827481566,1.29,0.52,0.00,0,429732,534054,62980983000,58779492000,26219875,75385391,69521489,5863902,175618049,155262076,20355973,231666258,234724831,-3058573,332708352,355869648,-23161296,3.17,0.71,2.46,-0.37,-2.80,0,7,1,5,1,0,0,45.26,0.00,0.00,0.00,,0.00,,0.00,EastMoney,2026-06-02T19:22:28+08:00
BK1533,2026-06-02T00:00:00Z,481213,479161,483638,473873,487659,-8498,-1.74,984907,2040664222,2.32,0.94,0.00,0,477294,507613,50108638000,44488542000,-289476221,192582323,375172704,-182590381,355220032,462105872,-106885840,567910528,517201760,50708768,708137216,498135312,210001904,-14.19,-8.95,-5.24,2.48,10.29,0,9,3,6,0,0,0,33.93,0.00,0.00,0.00,,0.00,,0.00,EastMoney,2026-06-02T19:22:28+08:00
BK1534,2026-06-02T00:00:00Z,442396,431042,444485,428848,441504,-10462,-2.37,808213,1014711430,5.51,1.21,0.00,0,352451,455763,22069015000,15847932000,-3327286,49489792,71448685,-21958893,195910786,177279179,18631607,345527424,370130656,-24603232,387286144,361270224,26015920,-0.33,-2.16,1.84,-2.42,2.56,0,5,0,5,0,0,0,428.54,0.00,0.00,0.00,,0.00,,0.00,EastMoney,2026-06-02T19:22:28+08:00
BK1535,2026-06-02T00:00:00Z,203758,202934,204476,201206,204158,-1224,-0.60,2948773,3745631205,2.53,0.99,0.00,0,1406280,1542493,130818294000,103787401000,209781456,623641680,339705264,283936416,803733360,877888320,-74154960,1109335456,1210083360,-100747904,1146996448,1260595360,-113598912,5.60,7.58,-1.98,-2.69,-3.03,0,21,5,16,0,0,0,86.79,0.00,0.00,0.00,,0.00,,0.00,EastMoney,2026-06-02T19:22:28+08:00
BK1536,2026-06-02T00:00:00Z,141648,137840,141830,135941,141374,-3534,-2.50,545268,401921613,2.67,0.86,0.00,0,261441,283828,17956937000,14740169000,3394167,11008554,12115230,-1106676,80458165,75957322,4500843,128178989,112634132,15544857,172038037,191641467,-19603430,0.84,-0.28,1.12,3.87,-4.88,0,6,1,5,0,0,0,-107.32,0.00,0.00,0.00,,0.00,,0.00,EastMoney,2026-06-02T19:22:28+08:00
BK1537,2026-06-02T00:00:00Z,261902,260649,262985,259191,260466,183,0.07,1968085,1654054280,2.42,0.97,0.00,0,919990,1048094,116902708000,103889402000,113493671,150543831,80964560,69579271,347511968,303597568,43914400,531478096,542103584,-10625488,588904496,692080160,-103175664,6.86,4.21,2.65,-0.64,-6.24,0,17,7,10,0,0,0,64.83,0.00,0.00,0.00,,0.00,,0.00,EastMoney,2026-06-02T19:22:28+08:00
BK1538,2026-06-02T00:00:00Z,148483,145761,148874,144226,147986,-2225,-1.50,1273490,1546365787,2.79,0.82,0.00,0,569912,703578,76749937000,51518949000,-61425525,112922812,108445057,4477755,271015664,336918944,-65903280,454902928,498295184,-43392256,676665472,571847680,104817792,-3.97,0.29,-4.26,-2.81,6.78,0,12,3,9,0,0,0,58.16,0.00,0.00,0.00,,0.00,,0.00,EastMoney,2026-06-02T19:22:28+08:00
BK1539,2026-06-02T00:00:00Z,752139,739094,753740,732735,750385,-11291,-1.50,735909,1015638424,1.54,0.87,0.00,0,356510,379399,79981992000,71492637000,-23583897,39092746,59221752,-20129006,168940506,172395397,-3454891,311370464,288434192,22936272,470371424,471607424,-1236000,-2.32,-1.98,-0.34,2.26,-0.12,0,16,2,14,0,0,0,35.99,0.00,0.00,0.00,,0.00,,0.00,EastMoney,2026-06-02T19:22:28+08:00
BK1540,2026-06-02T00:00:00Z,721199,709093,722987,704185,721338,-12245,-1.70,1610397,2360565888,2.08,0.94,0.00,0,707506,902891,195109734000,158790058000,2557781,84266081,91657660,-7391579,492607680,482658320,9949360,799572208,739686736,59885472,923538544,985981808,-62443264,0.11,-0.31,0.42,2.54,-2.65,0,24,6,18,0,0,0,31.50,0.00,0.00,0.00,,0.00,,0.00,EastMoney,2026-06-02T19:22:28+08:00
BK1541,2026-06-02T00:00:00Z,66501,64594,66759,64293,66470,-1876,-2.82,390404,282300140,1.31,1.05,0.00,0,161301,229102,34596509000,29513920000,1272284,4404737,7068156,-2663419,44372161,40436458,3935703,86641091,68856553,17784538,143434544,162491365,-19056821,0.45,-0.94,1.39,6.30,-6.75,0,7,0,7,0,0,0,73.11,0.00,0.00,0.00,,0.00,,0.00,EastMoney,2026-06-02T19:22:28+08:00
BK1542,2026-06-02T00:00:00Z,297615,289885,297615,288958,297777,-7892,-2.65,458047,600453430,1.92,1.12,0.00,0,204820,253227,40104981000,38489233000,-15184369,14127926,32788296,-18660370,117922386,114446385,3476001,206395243,194363398,12031845,253917252,250764728,3152524,-2.53,-3.11,0.58,2.00,0.53,0,5,1,4,0,0,0,22.51,0.00,0.00,0.00,,0.00,,0.00,EastMoney,2026-06-02T19:22:28+08:00
BK1543,2026-06-02T00:00:00Z,296972,288224,296972,285488,297246,-9022,-3.04,2550092,2939679868,4.24,1.22,0.00,0,1159632,1390460,84625768000,74194657000,78420793,295634944,179674071,115960873,575620192,613160272,-37540080,900366992,948515840,-48148848,1117593152,1147865104,-30271952,2.67,3.94,-1.28,-1.64,-1.03,0,18,4,14,0,0,0,747.00,0.00,0.00,0.00,,0.00,,0.00,EastMoney,2026-06-02T19:22:28+08:00
BK1544,2026-06-02T00:00:00Z,215718,212016,216001,210483,214507,-2491,-1.16,2504680,1317958272,1.36,0.87,0.00,0,1079275,1425405,96064172000,90308257000,-54130122,81283135,119894536,-38611401,259048623,274567344,-15518721,441488160,412928048,28560112,498866624,473296624,25570000,-4.11,-2.93,-1.18,2.17,1.94,0,12,1,11,0,0,0,-17.08,0.00,0.00,0.00,,0.00,,0.00,EastMoney,2026-06-02T19:22:28+08:00
BK1545,2026-06-02T00:00:00Z,261047,256140,261153,253695,260827,-4687,-1.80,3551548,2630391149,4.39,1.09,0.00,0,1682266,1869282,75180502000,70914394000,80749753,155078030,165703349,-10625319,591961728,500586656,91375072,837089120,814892736,22196384,970417072,1061019568,-90602496,3.07,-0.40,3.47,0.84,-3.44,0,13,4,9,0,0,0,35.68,0.00,0.00,0.00,,0.00,,0.00,EastMoney,2026-06-02T19:22:28+08:00
BK1546,2026-06-02T00:00:00Z,254233,245497,254525,241807,254353,-8856,-3.48,1170249,1845927150,3.44,1.00,0.00,0,515974,654274,44633648000,37705292000,-58495692,123331409,173715325,-50383916,351567840,359679616,-8111776,527984656,616446064,-88461408,802388640,655431536,146957104,-3.17,-2.73,-0.44,-4.79,7.96,0,8,0,8,0,0,0,565.75,0.00,0.00,0.00,,0.00,,0.00,EastMoney,2026-06-02T19:22:28+08:00
BK1547,2026-06-02T00:00:00Z,265473,260793,266913,258715,265618,-4825,-1.82,1715750,1463337147,5.33,0.83,0.00,0,744705,971045,49705665000,32306006000,-15743686,73213806,73479412,-265606,278638688,294116768,-15478080,457841584,462036608,-4195024,631500128,611561408,19938720,-1.08,-0.02,-1.06,-0.29,1.36,0,7,1,5,1,0,0,45.40,0.00,0.00,0.00,,0.00,,0.00,EastMoney,2026-06-02T19:22:28+08:00
BK1548,2026-06-02T00:00:00Z,108684,107391,108994,106973,109071,-1680,-1.54,398388,251411021,0.38,0.57,0.00,0,163414,234974,29473175000,29384464000,-4496291,14692460,30856667,-16164207,71557717,59889801,11667916,81411740,71159515,10252225,79294438,85050373,-5755935,-1.79,-6.43,4.64,4.08,-2.29,0,3,0,3,0,0,0,22.64,0.00,0.00,0.00,,0.00,,0.00,EastMoney,2026-06-02T19:22:28+08:00
BK1549,2026-06-02T00:00:00Z,680112,662429,680112,660418,679955,-17526,-2.58,725011,3137935351,1.89,0.82,0.00,0,308675,416335,128413371000,121277588000,-240020704,360662768,543106240,-182443472,736971536,794548768,-57577232,1038723792,881115232,157608560,941084480,858672336,82412144,-7.65,-5.81,-1.83,5.02,2.63,0,2,0,2,0,0,0,41.46,0.00,0.00,0.00,,0.00,,0.00,EastMoney,2026-06-02T19:22:28+08:00
BK1550,2026-06-02T00:00:00Z,1090351,1081274,1091063,1066580,1090281,-9007,-0.83,3301557,2401057505,1.74,1.04,0.00,0,1628210,1673347,164519102000,163599044000,-33583882,128470121,173039283,-44569162,495509248,484523968,10985280,774940480,773517408,1423072,958102768,925941952,32160816,-1.40,-1.86,0.46,0.06,1.34,0,16,4,11,1,0,0,23.32,0.00,0.00,0.00,,0.00,,0.00,EastMoney,2026-06-02T19:22:28+08:00
BK1551,2026-06-02T00:00:00Z,201516,200371,202376,197294,202952,-2581,-1.27,8989001,4591679216,2.74,0.89,0.00,0,3622567,5366434,134087316000,128727167000,51098768,416044768,339866832,76177936,1027423040,1052502208,-25079168,1519252848,1492142688,27110160,1515553104,1593762048,-78208944,1.11,1.66,-0.55,0.59,-1.70,0,21,2,19,0,0,0,-50.28,0.00,0.00,0.00,,0.00,,0.00,EastMoney,2026-06-02T19:22:28+08:00
BK1552,2026-06-02T00:00:00Z,180931,178025,182398,176261,182635,-4610,-2.52,6697578,3457685299,4.55,0.87,0.00,0,2875032,3822546,76692187000,72994698000,-150074486,250715290,330324288,-79608998,769472176,839937664,-70465488,1171783376,1130044224,41739152,1182686880,1074351552,108335328,-4.34,-2.30,-2.04,1.21,3.13,0,7,0,7,0,0,0,-32.17,0.00,0.00,0.00,,0.00,,0.00,EastMoney,2026-06-02T19:22:28+08:00
BK1553,2026-06-02T00:00:00Z,153898,150209,153987,149646,153236,-3027,-1.98,3641591,2014529311,3.33,1.09,0.00,0,1646017,1995573,70742177000,64803207000,-54096797,102863467,108637752,-5774285,387137104,435459616,-48322512,647661808,623873552,23788256,830446768,800138208,30308560,-2.69,-0.29,-2.40,1.18,1.50,0,16,2,14,0,0,0,25.13,0.00,0.00,0.00,,0.00,,0.00,EastMoney,2026-06-02T19:22:28+08:00
BK1554,2026-06-02T00:00:00Z,183220,180474,183284,179519,183545,-3071,-1.67,3967797,2402122324,1.38,1.03,0.00,0,1679407,2288391,193075769000,182041691000,-156149381,168324363,270548368,-102224005,505097296,559022672,-53925376,786047600,671097936,114949664,894809952,853610240,41199712,-6.50,-4.26,-2.24,4.79,1.72,0,16,2,14,0,0,0,-8.31,0.00,0.00,0.00,,0.00,,0.00,EastMoney,2026-06-02T19:22:28+08:00
BK1555,2026-06-02T00:00:00Z,148871,145193,149439,144572,149496,-4303,-2.88,995721,1045205144,2.08,0.79,0.00,0,420256,575465,51162995000,49275956000,-79322143,26674350,61129763,-34455413,177786752,222653482,-44866730,371336064,354931248,16404816,448038928,385121616,62917312,-7.59,-3.30,-4.29,1.57,6.02,0,7,0,7,0,0,0,106.09,0.00,0.00,0.00,,0.00,,0.00,EastMoney,2026-06-02T19:22:28+08:00
BK1556,2026-06-02T00:00:00Z,97463,94971,97520,94197,98965,-3994,-4.04,1152927,349959175,3.61,1.37,0.00,0,581204,571722,11942765000,10731609000,-16469532,11261283,20974138,-9712855,106592359,113349036,-6756677,127200713,114642971,12557742,96661734,92749944,3911790,-4.71,-2.78,-1.93,3.59,1.12,0,3,1,2,0,0,0,-39.67,0.00,0.00,0.00,,0.00,,0.00,EastMoney,2026-06-02T19:22:28+08:00
BK1557,2026-06-02T00:00:00Z,475063,466110,475063,464748,474858,-8748,-1.84,2045674,1285453496,2.25,0.88,0.00,0,751716,1293959,54776426000,51675241000,-116281768,74163760,135623208,-61459448,309067104,363889424,-54822320,451099616,410187760,40911856,427115504,351745568,75369936,-9.05,-4.78,-4.26,3.18,5.86,0,11,3,8,0,0,0,-125.19,0.00,0.00,0.00,,0.00,,0.00,EastMoney,2026-06-02T19:22:28+08:00
BK1558,2026-06-02T00:00:00Z,198645,193580,199692,192364,198428,-4848,-2.44,209443,122229618,1.30,0.83,0.00,0,84002,125441,10053305000,10053292000,-3548722,1328919,2871773,-1542854,19869758,21875626,-2005868,35059654,35627459,-567805,64340657,60224130,4116527,-2.90,-1.26,-1.64,-0.46,3.37,0,2,0,2,0,0,0,204.11,0.00,0.00,0.00,,0.00,,0.00,EastMoney,2026-06-02T19:22:28+08:00
BK1559,2026-06-02T00:00:00Z,147774,147482,148265,145922,147802,-320,-0.22,338147,171074890,1.79,1.18,0.00,0,171256,166891,12174560000,11647520000,6122089,5476404,3705360,1771044,33409845,29058800,4351045,59513129,53717681,5795448,70372801,82290337,-11917536,3.58,1.04,2.54,3.39,-6.97,0,4,1,3,0,0,0,-97.26,0.00,0.00,0.00,,0.00,,0.00,EastMoney,2026-06-02T19:22:28+08:00
BK1560,2026-06-02T00:00:00Z,236727,232894,237047,231646,237241,-4347,-1.83,509164,614616621,1.35,0.88,0.00,0,222005,287158,47563943000,45443750000,-5537775,26091996,23635275,2456721,115732497,123726993,-7994496,215681054,183668990,32012064,250808863,277283152,-26474289,-0.90,0.40,-1.30,5.21,-4.31,0,6,1,5,0,0,0,27.23,0.00,0.00,0.00,,0.00,,0.00,EastMoney,2026-06-02T19:22:28+08:00
BK1561,2026-06-02T00:00:00Z,178388,174916,178426,173274,178579,-3663,-2.05,1366345,783321959,2.63,1.04,0.00,0,547101,819244,38851145000,31067853000,-30283339,24533506,36610402,-12076896,156069779,174276222,-18206443,270471152,236241560,34229592,322176368,326122624,-3946256,-3.87,-1.54,-2.32,4.37,-0.50,0,8,1,7,0,0,0,178.17,0.00,0.00,0.00,,0.00,,0.00,EastMoney,2026-06-02T19:22:28+08:00
BK1562,2026-06-02T00:00:00Z,282928,280777,283682,278335,283329,-2552,-0.90,468200,524264237,1.00,0.78,0.00,0,202282,265918,35056839000,34668145000,4244074,15113709,24018259,-8904550,102963665,89815041,13148624,202950675,183877453,19073222,194844304,218161598,-23317294,0.81,-1.70,2.51,3.64,-4.45,0,5,1,4,0,0,0,81.63,0.00,0.00,0.00,,0.00,,0.00,EastMoney,2026-06-02T19:22:28+08:00
BK1563,2026-06-02T00:00:00Z,302935,300554,302935,298669,303171,-2617,-0.86,1054692,1382633649,2.36,1.05,0.00,0,482806,571886,61885601000,53954573000,7451156,65921839,45059963,20861876,281545888,294956608,-13410720,514361888,466897328,47464560,498298432,553214144,-54915712,0.54,1.51,-0.97,3.43,-3.97,0,13,4,9,0,0,0,46.83,0.00,0.00,0.00,,0.00,,0.00,EastMoney,2026-06-02T19:22:28+08:00
BK1564,2026-06-02T00:00:00Z,118725,110860,118725,109102,119072,-8212,-6.90,723380,785536322,6.54,0.59,0.00,0,395416,327963,12411356000,11899719000,-115775008,44595953,98939594,-54343641,173085135,234516502,-61431367,256142789,254317856,1824933,300409440,186459364,113950076,-14.74,-6.92,-7.82,0.23,14.51,0,2,0,2,0,0,0,-62.43,0.00,0.00,0.00,,0.00,,0.00,EastMoney,2026-06-02T19:22:28+08:00
BK1565,2026-06-02T00:00:00Z,109417,106654,109602,106375,109990,-3336,-3.03,172165,199620626,1.69,0.67,0.00,0,66989,105176,14349136000,11034923000,-6723676,2080388,7383245,-5302857,35613552,37034371,-1420819,66909084,71259022,-4349938,90995709,79922094,11073615,-3.37,-2.66,-0.71,-2.18,5.55,0,3,0,3,0,0,0,30.18,0.00,0.00,0.00,,0.00,,0.00,EastMoney,2026-06-02T19:22:28+08:00
BK1566,2026-06-02T00:00:00Z,838470,829151,841647,821045,836749,-7598,-0.91,1983805,3543713369,2.35,0.78,0.00,0,938422,1045383,176653911000,135999554000,-97814973,238722435,291310608,-52588173,752034960,797261760,-45226800,1160298000,1111614208,48683792,1326635280,1283111904,43523376,-2.76,-1.48,-1.28,1.37,1.23,0,24,7,17,0,0,0,43.58,0.00,0.00,0.00,,0.00,,0.00,EastMoney,2026-06-02T19:22:28+08:00
BK1567,2026-06-02T00:00:00Z,112196,114104,114627,111917,112522,1582,1.41,70809,262801197,1.32,0.76,0.00,0,31496,39313,15805339000,12781838000,23233148,51215726,39840039,11375687,62677980,50820519,11857461,59644245,68505961,-8861716,83743242,98302339,-14559097,8.84,4.33,4.51,-3.37,-5.54,0,4,1,3,0,0,0,65.68,0.00,0.00,0.00,,0.00,,0.00,EastMoney,2026-06-02T19:22:28+08:00
BK1568,2026-06-02T00:00:00Z,195437,191571,195639,191142,195376,-3805,-1.95,207487,175240957,0.73,1.03,0.00,0,82846,124641,22695582000,19772475000,-13654688,3561141,4360256,-799115,20761750,33617323,-12855573,54095754,49397858,4697896,92418554,83461761,8956793,-7.79,-0.46,-7.34,2.68,5.11,0,3,0,3,0,0,0,12.15,0.00,0.00,0.00,,0.00,,0.00,EastMoney,2026-06-02T19:22:28+08:00
BK1569,2026-06-02T00:00:00Z,334205,335549,337356,331563,333579,1970,0.59,9165841,7267403598,0.31,1.23,0.00,0,4111405,5054436,2949542048000,2581574656000,-401917328,1040630032,1368879360,-328249328,1718284336,1791952336,-73668000,2460001584,1897693312,562308272,1960111408,2120502368,-160390960,-5.53,-4.52,-1.01,7.74,-2.21,0,10,6,4,0,0,0,14.26,0.00,0.00,0.00,,0.00,,0.00,EastMoney,2026-06-02T19:22:28+08:00
BK1570,2026-06-02T00:00:00Z,316509,308878,316948,306157,314935,-6057,-1.92,2133054,1845226107,1.71,0.82,0.00,0,991367,1141687,116089473000,111167664000,74593936,91971544,85780520,6191024,398435504,330032592,68402912,635377488,564327920,71049568,699401520,845045040,-145643520,4.04,0.34,3.71,3.85,-7.89,0,14,0,14,0,0,0,168.25,0.00,0.00,0.00,,0.00,,0.00,EastMoney,2026-06-02T19:22:28+08:00
BK1571,2026-06-02T00:00:00Z,348329,339198,348329,337456,345319,-6121,-1.77,634767,829842404,2.67,0.76,0.00,0,280933,353833,31559511000,30143170000,-35114117,39698428,56755303,-17056875,142960621,161017863,-18057242,274947840,271182624,3765216,356049904,324701008,31348896,-4.23,-2.06,-2.18,0.45,3.78,0,6,0,6,0,0,0,37.87,0.00,0.00,0.00,,0.00,,0.00,EastMoney,2026-06-02T19:22:28+08:00
BK1572,2026-06-02T00:00:00Z,174104,168295,174625,167360,172009,-3714,-2.16,1979779,1437475937,1.59,0.97,0.00,0,852239,1127540,69319878000,66150319000,10267211,109501335,111462988,-1961653,317182752,304953888,12228864,480460224,457703792,22756432,501176784,534200432,-33023648,0.71,-0.14,0.85,1.58,-2.30,0,6,0,6,0,0,0,34.49,0.00,0.00,0.00,,0.00,,0.00,EastMoney,2026-06-02T19:22:28+08:00
BK1573,2026-06-02T00:00:00Z,174625,168818,174746,167542,171777,-2959,-1.72,2988530,1964183922,1.07,1.12,0.00,0,1235580,1752950,169493798000,130737487000,-49209426,160711500,180762926,-20051426,439034096,468192096,-29158000,628868432,618004640,10863792,621933968,590107584,31826384,-2.51,-1.02,-1.48,0.55,1.62,0,8,1,7,0,0,0,19.59,0.00,0.00,0.00,,0.00,,0.00,EastMoney,2026-06-02T19:22:28+08:00
BK1574,2026-06-02T00:00:00Z,390337,385355,390635,384503,383056,2299,0.60,1028611,1919419813,0.63,0.28,0.00,0,431484,597126,1747902464000,178454037000,89775161,262208916,265203371,-2994455,519589296,426819680,92769616,582274816,593552448,-11277632,524077216,602574736,-78497520,4.68,-0.16,4.83,-0.59,-4.09,0,5,3,2,0,0,0,13.83,0.00,0.00,0.00,,0.00,,0.00,EastMoney,2026-06-02T19:22:28+08:00
BK1575,2026-06-02T00:00:00Z,457336,451060,463898,449930,458040,-6980,-1.52,2514465,14312533215,1.40,0.75,0.00,0,1040681,1473784,2526930976000,2521480896000,-868999648,1764711296,2078519600,-313808304,3488175568,4043366912,-555191344,5634594304,5116427520,518166784,3149247936,2798415008,350832928,-6.07,-2.19,-3.88,3.62,2.45,0,21,3,18,0,0,0,20.14,0.00,0.00,0.00,,0.00,,0.00,EastMoney,2026-06-02T19:22:28+08:00
BK1576,2026-06-02T00:00:00Z,484213,475593,484309,474146,485410,-9817,-2.02,4164903,5339971052,2.56,0.94,0.00,0,1930497,2234405,341215168000,327839856000,-461895280,564917584,711188560,-146270976,999370144,1314994448,-315624304,1672794112,1548404992,124389120,1973916128,1655469216,318446912,-8.65,-2.74,-5.91,2.33,5.96,0,15,2,13,0,0,0,27.61,0.00,0.00,0.00,,0.00,,0.00,EastMoney,2026-06-02T19:22:28+08:00
BK1577,2026-06-02T00:00:00Z,274958,271460,276608,270931,275757,-4297,-1.56,1021981,1739616416,1.54,1.05,0.00,0,473273,548707,174032734000,130177377000,-144139530,114290679,174784417,-60493738,366158576,449804368,-83645792,611158736,604975504,6183232,618494464,480538144,137956320,-8.29,-3.48,-4.81,0.36,7.93,0,7,2,5,0,0,0,20.03,0.00,0.00,0.00,,0.00,,0.00,EastMoney,2026-06-02T19:22:28+08:00
BK1578,2026-06-02T00:00:00Z,159868,157990,159868,157309,159717,-1727,-1.08,1203561,1451949777,2.11,0.85,0.00,0,538004,665557,63807559000,55937959000,-28486114,95946921,81796075,14150846,307212512,349849472,-42636960,481910832,492001968,-10091136,537135872,498558624,38577248,-1.96,0.97,-2.94,-0.70,2.66,0,10,2,8,0,0,0,63.80,0.00,0.00,0.00,,0.00,,0.00,EastMoney,2026-06-02T19:22:28+08:00
BK1579,2026-06-02T00:00:00Z,392922,388359,393578,385844,395717,-7358,-1.86,1256247,655036053,2.70,1.05,0.00,0,574909,681339,56547127000,39927369000,-10708955,20935481,35780465,-14844984,157098340,152962311,4136029,225136346,204275304,20861042,215246666,228228254,-12981588,-1.63,-2.27,0.63,3.18,-1.98,0,9,2,7,0,0,0,819.17,0.00,0.00,0.00,,0.00,,0.00,EastMoney,2026-06-02T19:22:28+08:00
BK1580,2026-06-02T00:00:00Z,242248,242077,242988,236849,242698,-621,-0.26,2129953,1282435234,2.48,1.20,0.00,0,941955,1187997,114037312000,113160000000,129668514,207135232,131332558,75802674,333356064,279490224,53865840,366230576,420963408,-54732832,364498896,439434576,-74935680,10.11,5.91,4.20,-4.27,-5.84,0,7,2,5,0,0,0,27.73,0.00,0.00,0.00,,0.00,,0.00,EastMoney,2026-06-02T19:22:28+08:00
BK1581,2026-06-02T00:00:00Z,683995,666951,685872,662822,685868,-18917,-2.76,748055,1552157542,2.61,1.19,0.00,0,331263,416792,69534517000,60892949000,-16777204,86971533,105248401,-18276868,310526864,309027200,1499664,489936256,476107456,13828800,608311008,604621920,3689088,-1.08,-1.18,0.10,0.89,0.24,0,11,1,10,0,0,0,25.76,0.00,0.00,0.00,,0.00,,0.00,EastMoney,2026-06-02T19:22:28+08:00
BK1582,2026-06-02T00:00:00Z,76151,74768,76162,74342,76350,-1582,-2.07,440775,525227048,1.16,0.98,0.00,0,196932,243843,41903836000,40272748000,1887244,33203380,28189527,5013853,77276119,80402728,-3126609,181243027,162625234,18617793,225467691,245972728,-20505037,0.36,0.95,-0.60,3.54,-3.90,0,9,0,9,0,0,0,31.71,0.00,0.00,0.00,,0.00,,0.00,EastMoney,2026-06-02T19:22:28+08:00
BK1583,2026-06-02T00:00:00Z,204635,201209,204635,200470,205014,-3805,-1.86,1356737,2186620373,3.56,0.93,0.00,0,574863,781874,105748542000,94059198000,-94663285,121969030,128234843,-6265813,361461664,449859136,-88397472,739897072,694288464,45608608,934590432,885535760,49054672,-4.33,-0.29,-4.04,2.09,2.24,0,11,1,10,0,0,0,19.23,0.00,0.00,0.00,,0.00,,0.00,EastMoney,2026-06-02T19:22:28+08:00
BK1584,2026-06-02T00:00:00Z,241223,241826,242555,235552,240172,1654,0.69,213179,297913440,1.39,0.89,0.00,0,104301,108878,25656098000,25099707000,-3364106,13026146,15743359,-2717213,54255661,54902554,-646893,114978944,104689032,10289912,111186907,118112713,-6925806,-1.13,-0.91,-0.22,3.45,-2.32,0,3,2,1,0,0,0,174.07,0.00,0.00,0.00,,0.00,,0.00,EastMoney,2026-06-02T19:22:28+08:00
BK1585,2026-06-02T00:00:00Z,227457,222258,227818,220469,228622,-6364,-2.78,2349675,2854671906,1.54,0.99,0.00,0,1056680,1292995,258232430000,253009099000,-74649847,167688822,215062061,-47373239,546903568,574180176,-27276608,969726384,913572192,56154192,1082252112,1075352576,6899536,-2.62,-1.66,-0.96,1.97,0.24,0,19,0,19,0,0,0,20.69,0.00,0.00,0.00,,0.00,,0.00,EastMoney,2026-06-02T19:22:28+08:00
BK1586,2026-06-02T00:00:00Z,197893,194795,198359,193997,199195,-4400,-2.21,1094348,2492667789,1.69,1.07,0.00,0,463611,630737,200276551000,190719927000,52350661,217872891,204168374,13704517,582062912,543416768,38646144,878101216,782514608,95586608,778562288,926499568,-147937280,2.10,0.55,1.55,3.83,-5.93,0,8,1,7,0,0,0,26.41,0.00,0.00,0.00,,0.00,,0.00,EastMoney,2026-06-02T19:22:28+08:00
BK1587,2026-06-02T00:00:00Z,99844,101300,101454,99619,100029,1271,1.27,2719251,2362287209,0.25,0.76,0.00,0,1681486,1037765,2877895248000,705832688000,367602000,626635248,340962752,285672496,613995488,532065984,81929504,595228128,758604976,-163376848,495378736,699603888,-204225152,15.56,12.09,3.47,-6.92,-8.65,0,3,3,0,0,0,0,16.34,0.00,0.00,0.00,,0.00,,0.00,EastMoney,2026-06-02T19:22:28+08:00
BK1588,2026-06-02T00:00:00Z,312928,311522,313095,304735,311856,-334,-0.11,3766878,4672540544,4.69,0.82,0.00,0,1767804,1999073,109217636000,96502095000,-221972971,221270661,284526544,-63255883,970269360,1128986448,-158717088,1563271184,1551383040,11888144,1821942448,1612182176,209760272,-4.75,-1.35,-3.40,0.25,4.49,0,20,6,14,0,0,0,-63.00,0.00,0.00,0.00,,0.00,,0.00,EastMoney,2026-06-02T19:22:28+08:00
BK1589,2026-06-02T00:00:00Z,532340,537537,539421,513542,531465,6072,1.14,5331360,12366165715,3.75,1.00,0.00,0,2561408,2769951,294648592000,278797168000,237553184,1413175616,1354564672,58610944,3213583056,3034640816,178942240,3977784992,3990729104,-12944112,3524933200,3749542288,-224609088,1.92,0.47,1.45,-0.10,-1.82,0,17,8,9,0,0,0,75.69,0.00,0.00,0.00,,0.00,,0.00,EastMoney,2026-06-02T19:22:28+08:00
BK1590,2026-06-02T00:00:00Z,568464,568286,572032,556594,568872,-586,-0.10,907352,2176861935,2.24,0.82,0.00,0,449882,457470,90590497000,72239639000,27441414,312480608,215329738,97150870,424322672,494032128,-69709456,678799984,716194048,-37394064,728972624,716591536,12381088,1.26,4.46,-3.20,-1.72,0.57,0,14,5,9,0,0,0,102.14,0.00,0.00,0.00,,0.00,,0.00,EastMoney,2026-06-02T19:22:28+08:00
BK1591,2026-06-02T00:00:00Z,1538851,1594755,1604493,1534332,1531827,62928,4.11,9996804,149937307261,4.52,0.96,0.00,0,5222029,4774775,3601961808000,3358179200000,7338994688,50426104064,43709980416,6716123648,43567234304,42944363264,622871040,39728219136,46014370816,-6286151680,13465141760,14410652160,-945510400,4.89,4.48,0.42,-4.19,-0.63,0,37,26,10,1,0,0,101.97,0.00,0.00,0.00,,0.00,,0.00,EastMoney,2026-06-02T19:22:28+08:00
BK1592,2026-06-02T00:00:00Z,2790740,3014773,3020436,2790740,2822446,192327,6.81,11844143,63533109252,10.95,1.23,0.00,0,6686646,5157497,926969328000,696678592000,8183965696,22484267776,13520126464,8964141312,15949218560,16729394176,-780175616,14554315008,19634990848,-5080675840,9750608896,12846773760,-3096164864,12.88,14.11,-1.23,-8.00,-4.87,0,13,13,0,0,0,0,117.66,0.00,0.00,0.00,,0.00,,0.00,EastMoney,2026-06-02T19:22:28+08:00
BK1593,2026-06-02T00:00:00Z,418365,417311,420213,408481,418026,-715,-0.17,3242047,14838376416,3.09,0.88,0.00,0,1571125,1670922,443385936000,344827264000,-27266896,2301384112,2433291616,-131907504,3577329600,3472688992,104640608,4674969088,4459257088,215712000,4051773248,4229350992,-177577744,-0.18,-0.89,0.71,1.45,-1.20,0,27,10,16,1,0,0,77.81,0.00,0.00,0.00,,0.00,,0.00,EastMoney,2026-06-02T19:22:28+08:00
BK1594,2026-06-02T00:00:00Z,374737,367448,374873,365467,375503,-8055,-2.15,11647053,21387821587,1.47,0.87,0.00,0,5048462,6598592,1874301760000,1356579776000,-1482648064,1526413936,2319783792,-793369856,4971175168,5660453376,-689278208,7572151552,7126294784,445856768,6973038848,5943725056,1029313792,-6.93,-3.71,-3.22,2.08,4.81,0,114,13,99,2,0,0,49.00,0.00,0.00,0.00,,0.00,,0.00,EastMoney,2026-06-02T19:22:28+08:00
BK1595,2026-06-02T00:00:00Z,365865,358733,366234,357839,365811,-7078,-1.93,5185941,6953742804,2.39,0.99,0.00,0,2344875,2841066,322938624000,283529264000,-377233248,415710688,644043808,-228333120,1442695280,1591595408,-148900128,2289833584,2159464880,130368704,2638306704,2402642048,235664656,-5.42,-3.28,-2.14,1.87,3.39,0,46,2,44,0,0,0,62.47,0.00,0.00,0.00,,0.00,,0.00,EastMoney,2026-06-02T19:22:28+08:00
BK1596,2026-06-02T00:00:00Z,730498,716277,730787,712557,732243,-15966,-2.18,3283725,7674848786,2.22,0.80,0.00,0,1519889,1763836,545670816000,445227504000,-378569648,537230496,776058416,-238827920,1684739952,1824481680,-139741728,2827876672,2726411776,101464896,2343638592,2075744496,267894096,-4.93,-3.11,-1.82,1.32,3.49,0,38,6,32,0,0,0,69.24,0.00,0.00,0.00,,0.00,,0.00,EastMoney,2026-06-02T19:22:28+08:00
BK1597,2026-06-02T00:00:00Z,466090,462483,468282,461402,468106,-5623,-1.20,628395,606189863,0.57,0.74,0.00,0,280241,348154,91035417000,90770830000,-33701660,20825300,38669387,-17844087,135026730,150884303,-15857573,208817856,207095540,1722316,229008912,197029569,31979343,-5.56,-2.94,-2.62,0.28,5.28,0,6,0,5,1,0,0,32.58,0.00,0.00,0.00,,0.00,,0.00,EastMoney,2026-06-02T19:22:28+08:00
BK1598,2026-06-02T00:00:00Z,396557,388970,397022,387447,396963,-7993,-2.01,1234317,1945037264,1.16,0.71,0.00,0,537231,697086,213631293000,185927925000,-245395110,74271849,181866095,-107594246,382531264,520332128,-137800864,663168304,632777776,30390528,777263328,562058848,215204480,-12.62,-5.53,-7.08,1.56,11.06,0,14,1,13,0,0,0,-15.83,0.00,0.00,0.00,,0.00,,0.00,EastMoney,2026-06-02T19:22:28+08:00
BK1599,2026-06-02T00:00:00Z,463409,465554,468084,460204,465254,300,0.06,442634,574029912,2.44,0.83,0.00,0,224375,218259,23590395000,23000749000,-694873,20848390,25898978,-5050588,112675513,108319798,4355715,196472149,183392222,13079927,219776786,224848562,-5071776,-0.12,-0.88,0.76,2.28,-0.88,0,5,3,2,0,0,0,-65.43,0.00,0.00,0.00,,0.00,,0.00,EastMoney,2026-06-02T19:22:28+08:00
BK1600,2026-06-02T00:00:00Z,628676,616415,628676,610343,629008,-12593,-2.00,2371198,9431189302,2.15,0.87,0.00,0,1143435,1227764,623296592000,488880912000,-338605952,820720224,1065514224,-244794000,2159603472,2253415424,-93811952,3095212256,3053415024,41797232,3229786544,2932977824,296808720,-3.59,-2.60,-0.99,0.44,3.15,0,29,2,27,0,0,0,23.83,0.00,0.00,0.00,,0.00,,0.00,EastMoney,2026-06-02T19:22:28+08:00
BK1601,2026-06-02T00:00:00Z,658230,648408,661162,645987,659045,-10637,-1.61,4043685,3301877914,1.71,0.90,0.00,0,1693337,2350348,201695454000,181896244000,-188755825,185807759,312903888,-127096129,680129360,741789056,-61659696,1099420080,1052565232,46854848,1176108224,1034207232,141900992,-5.72,-3.85,-1.87,1.42,4.30,0,15,2,13,0,0,0,47.17,0.00,0.00,0.00,,0.00,,0.00,EastMoney,2026-06-02T19:22:28+08:00
BK1602,2026-06-02T00:00:00Z,529233,516478,529757,512889,529636,-13158,-2.48,478508,849368787,2.31,0.96,0.00,0,197902,280605,44908457000,41975755000,-35800875,50244733,74722810,-24478077,176648689,187971487,-11322798,304423344,250987584,53435760,308394720,326029600,-17634880,-4.21,-2.88,-1.33,6.29,-2.08,0,5,0,5,0,0,0,-60.48,0.00,0.00,0.00,,0.00,,0.00,EastMoney,2026-06-02T19:22:28+08:00
BK1603,2026-06-02T00:00:00Z,346206,338197,346458,337048,345816,-7619,-2.20,2789202,4700394738,1.88,0.74,0.00,0,1170814,1618388,251636928000,237282915000,-185290016,432043440,570753328,-138709888,986047744,1032627872,-46580128,1598396128,1408311840,190084288,1610640784,1616873632,-6232848,-3.94,-2.95,-0.99,4.04,-0.13,0,40,3,35,2,0,0,83.53,0.00,0.00,0.00,,0.00,,0.00,EastMoney,2026-06-02T19:22:28+08:00
BK1604,2026-06-02T00:00:00Z,440091,435447,440560,431412,439765,-4318,-0.98,2661891,7461636728,1.72,0.92,0.00,0,1248195,1413696,428100208000,362810816000,-27129088,690910368,766418240,-75507872,1644966496,1596587712,48378784,2510015072,2452633472,57381600,2492858896,2528150800,-35291904,-0.36,-1.01,0.65,0.77,-0.47,0,54,15,39,0,0,0,45.23,0.00,0.00,0.00,,0.00,,0.00,EastMoney,2026-06-02T19:22:28+08:00
BK1605,2026-06-02T00:00:00Z,607256,603091,607485,592656,607375,-4284,-0.71,2082790,8473381222,1.69,0.84,0.00,0,987195,1095595,593701632000,534114400000,-66448448,786394064,795998448,-9604384,1934682176,1991526240,-56844064,2865438576,3112680928,-247242352,2750842416,2442543952,308298464,-0.78,-0.11,-0.67,-2.92,3.64,0,43,13,29,1,0,0,40.53,0.00,0.00,0.00,,0.00,,0.00,EastMoney,2026-06-02T19:22:28+08:00
BK1606,2026-06-02T00:00:00Z,353346,347162,354449,346583,354733,-7571,-2.13,618371,987248769,1.42,0.94,0.00,0,258963,359408,78101818000,70745483000,-40268534,28591397,28339475,251922,143192139,183712595,-40520456,363403056,380476320,-17073264,436847680,379505872,57341808,-4.08,0.03,-4.10,-1.73,5.81,0,8,1,7,0,0,0,18.49,0.00,0.00,0.00,,0.00,,0.00,EastMoney,2026-06-02T19:22:28+08:00
BK1607,2026-06-02T00:00:00Z,204534,202265,204646,201687,204154,-1889,-0.93,2307732,1927239032,1.00,0.64,0.00,0,954282,1353450,227277127000,193724900000,-2865908,45821873,83777925,-37956052,387455376,352365232,35090144,643081152,617004384,26076768,803604000,826814832,-23210832,-0.15,-1.97,1.82,1.35,-1.20,0,24,5,19,0,0,0,16.22,0.00,0.00,0.00,,0.00,,0.00,EastMoney,2026-06-02T19:22:28+08:00
BK1608,2026-06-02T00:00:00Z,132991,131701,133268,131306,133151,-1450,-1.09,7446453,8260183433,1.22,0.94,0.00,0,3290501,4155952,772970880000,740873600000,-286260720,515234720,699466416,-184231696,1691529728,1793558752,-102029024,2795286400,2692735984,102550416,3114017504,2932660336,181357168,-3.47,-2.23,-1.24,1.24,2.20,0,66,15,50,1,0,0,26.82,0.00,0.00,0.00,,0.00,,0.00,EastMoney,2026-06-02T19:22:28+08:00
BK1609,2026-06-02T00:00:00Z,157030,157325,159089,156753,157196,129,0.08,7784638,6912952036,0.62,1.05,0.00,0,4054370,3730267,1275718448000,1236254768000,53832016,897490880,1024816144,-127325264,1860339376,1679182096,181157280,2068534960,2107621872,-39086912,1972602480,1987347600,-14745120,0.78,-1.84,2.62,-0.57,-0.21,0,17,8,8,1,0,0,6.05,0.00,0.00,0.00,,0.00,,0.00,EastMoney,2026-06-02T19:22:28+08:00
BK1610,2026-06-02T00:00:00Z,229413,231316,232869,229105,229835,1481,0.64,11761789,11921007475,0.46,1.13,0.00,0,6326500,5435289,2853106992000,2471576848000,87386256,2319615712,2420771152,-101155440,3459351440,3270809744,188541696,3394869024,3321320608,73548416,2558331440,2719266080,-160934640,0.73,-0.85,1.58,0.62,-1.35,0,9,7,1,1,0,0,5.70,0.00,0.00,0.00,,0.00,,0.00,EastMoney,2026-06-02T19:22:28+08:00
BK1611,2026-06-02T00:00:00Z,303036,304462,307188,302880,303308,1154,0.38,14050032,9471712905,0.15,1.07,0.00,0,7386916,6663116,10667080704000,5935972864000,255598080,2273673664,2277738768,-4065104,2608929392,2349266208,259663184,2477239456,2500486528,-23247072,1965943296,2198294304,-232351008,2.70,-0.04,2.74,-0.25,-2.45,0,6,4,2,0,0,0,7.42,0.00,0.00,0.00,,0.00,,0.00,EastMoney,2026-06-02T19:22:28+08:00
BK1612,2026-06-02T00:00:00Z,45517,45630,46228,45480,45592,38,0.08,3273159,1736335079,0.79,1.21,0.00,0,1718904,1554255,264965542000,242659597000,58899058,223212580,148241634,74970946,388737680,404809568,-16071888,506899168,550172832,-43273664,586516128,602141536,-15625408,3.39,4.32,-0.93,-2.49,-0.90,0,10,2,5,3,0,0,6.04,0.00,0.00,0.00,,0.00,,0.00,EastMoney,2026-06-02T19:22:28+08:00
BK1613,2026-06-02T00:00:00Z,297592,299922,300129,292075,295889,4033,1.36,16478418,20638323873,2.66,0.84,0.00,0,8736285,7742133,1041521440000,720769680000,968222640,3158690224,2705179904,453510320,5369141248,4854428928,514712320,6289877504,6417215744,-127338240,5446645760,6287530240,-840884480,4.69,2.20,2.49,-0.62,-4.07,0,30,20,9,1,0,0,15.05,0.00,0.00,0.00,,0.00,,0.00,EastMoney,2026-06-02T19:22:28+08:00
BK1614,2026-06-02T00:00:00Z,270215,272971,273692,263380,268607,4364,1.62,6915462,7991956364,3.62,0.91,0.00,0,3690137,3225325,253889080000,243972669000,275035008,921641984,823305408,98336576,1911344112,1734645680,176698432,2506352176,2519228928,-12876752,2535499936,2795709104,-260209168,3.44,1.23,2.21,-0.16,-3.26,0,12,9,2,1,0,0,30.44,0.00,0.00,0.00,,0.00,,0.00,EastMoney,2026-06-02T19:22:28+08:00
BK1615,2026-06-02T00:00:00Z,391483,400921,403611,387323,387594,13327,3.44,20663530,36618947950,2.68,1.21,0.00,0,11493099,9170431,1925659392000,1563910768000,4588871424,8666529792,5291691776,3374838016,10000994048,8786960640,1214033408,9320696064,11126637824,-1805941760,8107878656,10890808320,-2782929664,12.53,9.22,3.32,-4.93,-7.60,0,17,14,3,0,0,0,17.42,0.00,0.00,0.00,,0.00,,0.00,EastMoney,2026-06-02T19:22:28+08:00
BK1616,2026-06-02T00:00:00Z,504018,521974,523741,491308,499801,22173,4.44,2231948,5751219830,4.68,1.12,0.00,0,1225518,1006430,125292813000,119757509000,577730112,944965520,623761072,321204448,1699173168,1442647504,256525664,1630306512,1847820016,-217513504,1380533104,1740749696,-360216592,10.05,5.58,4.46,-3.78,-6.26,0,3,3,0,0,0,0,33.51,0.00,0.00,0.00,,0.00,,0.00,EastMoney,2026-06-02T19:22:28+08:00
BK1617,2026-06-02T00:00:00Z,592639,608429,612010,576795,594019,14410,2.43,3849684,9946670148,2.15,0.96,0.00,0,1984895,1864789,511258720000,461885888000,666250736,1358471296,941878592,416592704,2333298128,2083640096,249658032,3054769872,3091632896,-36863024,3058230560,3687618256,-629387696,6.70,4.19,2.51,-0.37,-6.33,0,10,10,0,0,0,0,21.99,0.00,0.00,0.00,,0.00,,0.00,EastMoney,2026-06-02T19:22:28+08:00
BK1618,2026-06-02T00:00:00Z,586446,599834,604190,568476,587850,11984,2.04,1683138,6914019460,2.49,0.87,0.00,0,867771,815367,215065608000,163711417000,9138800,741078048,789285728,-48207680,1733347008,1676000528,57346480,2019747232,2231273344,-211526112,2322232816,2119845504,202387312,0.13,-0.70,0.83,-3.06,2.93,0,15,8,6,1,0,0,65.63,0.00,0.00,0.00,,0.00,,0.00,EastMoney,2026-06-02T19:22:28+08:00
BK1619,2026-06-02T00:00:00Z,424466,430388,432783,415128,422759,7629,1.80,4308369,11567637685,5.49,1.15,0.00,0,2056838,2251531,262172402000,227680763000,524588560,2135910080,1665950528,469959552,2804935296,2750306288,54629008,3190842176,3460109536,-269267360,3161792336,3391815744,-230023408,4.53,4.06,0.47,-2.33,-1.99,0,21,9,12,0,0,0,122.58,0.00,0.00,0.00,,0.00,,0.00,EastMoney,2026-06-02T19:22:28+08:00
BK1620,2026-06-02T00:00:00Z,126713,127709,128246,123623,126366,1343,1.06,121459,702084046,2.52,0.88,0.00,0,61429,60030,34891296000,26901655000,30033022,28234044,38652977,-10418933,168935995,128484040,40451955,217726911,220120769,-2393858,274124384,301763552,-27639168,4.28,-1.48,5.76,-0.34,-3.94,0,2,2,0,0,0,0,19.44,0.00,0.00,0.00,,0.00,,0.00,EastMoney,2026-06-02T19:22:28+08:00
BK1621,2026-06-02T00:00:00Z,1902444,1863433,1902873,1812705,1909715,-46282,-2.42,2923203,13862752378,4.88,0.98,0.00,0,1597448,1325755,409906400000,324281392000,-1425772352,1248928736,1896515392,-647586656,2921390496,3699576192,-778185696,4464294656,4536121344,-71826688,5010772480,3513173616,1497598864,-10.28,-4.67,-5.61,-0.52,10.80,0,8,0,8,0,0,0,51.70,0.00,0.00,0.00,,0.00,,0.00,EastMoney,2026-06-02T19:22:28+08:00
BK1622,2026-06-02T00:00:00Z,639255,640450,644514,614990,639255,1195,0.19,608575,3207146040,3.22,1.12,0.00,0,305231,303344,101626659000,101137993000,-150855264,498127824,505750032,-7622208,792883136,936116192,-143233056,1011229648,1029998032,-18768384,857436112,687812464,169623648,-4.70,-0.24,-4.47,-0.59,5.29,0,1,1,0,0,0,0,13.82,0.00,0.00,0.00,,0.00,,0.00,EastMoney,2026-06-02T19:22:28+08:00
BK1623,2026-06-02T00:00:00Z,152454,155202,159505,144946,151690,3512,2.32,1196596,2848535348,3.56,0.75,0.00,0,616606,579990,123787905000,81074974000,-106445968,354945024,382170592,-27225568,700665808,779886208,-79220400,881813920,888104576,-6290656,868809664,756073040,112736624,-3.74,-0.96,-2.78,-0.22,3.96,0,2,2,0,0,0,0,28.95,0.00,0.00,0.00,,0.00,,0.00,EastMoney,2026-06-02T19:22:28+08:00
BK1624,2026-06-02T00:00:00Z,557459,572004,573144,546026,554702,17302,3.12,4852982,23138301721,6.04,1.06,0.00,0,2577053,2275929,475519984000,293735392000,1384031952,5163642624,3662687792,1500954832,6046005248,6162928128,-116922880,6620143616,7383279360,-763135744,4974349568,5594372096,-620022528,5.98,6.49,-0.51,-3.30,-2.68,0,15,13,2,0,0,0,66.13,0.00,0.00,0.00,,0.00,,0.00,EastMoney,2026-06-02T19:22:28+08:00
BK1625,2026-06-02T00:00:00Z,847776,873917,878281,814569,845972,27945,3.30,2552587,12428348914,5.71,1.00,0.00,0,1397146,1155441,286162576000,227280100000,254362720,1999785408,1608804112,390981296,3047271776,3183890352,-136618576,3785693056,3950521952,-164828896,3416483120,3506016944,-89533824,2.05,3.15,-1.10,-1.33,-0.72,0,4,4,0,0,0,0,47.71,0.00,0.00,0.00,,0.00,,0.00,EastMoney,2026-06-02T19:22:28+08:00
BK1626,2026-06-02T00:00:00Z,946874,968486,974426,923706,945315,23171,2.45,1689487,7146971703,2.50,0.86,0.00,0,906521,782965,296082384000,296082384000,463686976,1048278144,834554640,213723504,1987033072,1737069600,249963472,2267914304,2504566176,-236651872,1775638848,2002673936,-227035088,6.49,2.99,3.50,-3.31,-3.18,0,4,4,0,0,0,0,70.06,0.00,0.00,0.00,,0.00,,0.00,EastMoney,2026-06-02T19:22:28+08:00
BK1627,2026-06-02T00:00:00Z,1243674,1223171,1245789,1213623,1238457,-15286,-1.23,3673749,5037849619,1.88,0.96,0.00,0,1692301,1981449,210689085000,198666748000,-159787152,604078848,750644880,-146566032,1184700880,1197922000,-13221120,1515873136,1428054192,87818944,1570453664,1498485456,71968208,-3.17,-2.91,-0.26,1.74,1.43,0,19,3,16,0,0,0,-106.20,0.00,0.00,0.00,,0.00,,0.00,EastMoney,2026-06-02T19:22:28+08:00
BK1628,2026-06-02T00:00:00Z,84597,83609,84725,82565,84432,-823,-0.97,2436476,4275326898,1.54,0.99,0.00,0,1046008,1390468,126184227000,114901542000,-87453712,512053904,632794720,-120740816,1067101440,1033814336,33287104,1406721488,1382022160,24699328,1202224832,1141272736,60952096,-2.05,-2.82,0.78,0.58,1.43,0,11,4,7,0,0,0,147.17,0.00,0.00,0.00,,0.00,,0.00,EastMoney,2026-06-02T19:22:28+08:00
BK1629,2026-06-02T00:00:00Z,81440,79925,81471,78935,81217,-1292,-1.59,63640788,116476232890,3.49,0.96,0.00,0,28540845,35099943,3545762000000,3146204688000,-5435504896,12515465728,15782446080,-3266980352,28482453504,30650978048,-2168524544,39138317312,37252618496,1885698816,33806959616,30270736640,3536222976,-4.67,-2.80,-1.86,1.62,3.04,0,203,36,167,0,0,0,57.58,0.00,0.00,0.00,,0.00,,0.00,EastMoney,2026-06-02T19:22:28+08:00
BK1630,2026-06-02T00:00:00Z,282539,278976,282539,276681,277621,1355,0.49,63858576,83502982079,6.50,1.25,0.00,0,31738820,32119757,1514514016000,1226158048000,757303040,10459601152,10738560512,-278959360,20239402496,19203140096,1036262400,26024887808,25370997248,653890560,23427619584,24701629952,-1274010368,0.91,-0.33,1.24,0.78,-1.53,0,123,56,67,0,0,0,145.35,0.00,0.00,0.00,,0.00,,0.00,EastMoney,2026-06-02T19:22:28+08:00
BK1631,2026-06-02T00:00:00Z,79423,80151,80306,78350,79519,632,0.79,18164608,44759292237,6.80,0.49,0.00,0,9084222,9080386,761142928000,669880032000,1794874112,9398441216,7428867840,1969573376,11234629376,11409328640,-174699264,12766841600,13314338560,-547496960,10228107008,11475484160,-1247377152,4.01,4.40,-0.39,-1.22,-2.79,0,48,22,23,3,0,0,125.53,0.00,0.00,0.00,,0.00,,0.00,EastMoney,2026-06-02T19:22:28+08:00
BK1632,2026-06-02T00:00:00Z,75410,76897,77114,74472,76086,811,1.07,98817844,164891916233,18.14,1.12,0.00,0,47778493,51039351,1175881776000,962876304000,-2060303104,28376371200,28694041856,-317670656,39106025472,40848657920,-1742632448,48348950272,48319152384,29797888,45049868288,43019363072,2030505216,-1.25,-0.19,-1.06,0.02,1.23,0,73,35,38,0,0,0,211.93,0.00,0.00,0.00,,0.00,,0.00,EastMoney,2026-06-02T19:22:28+08:00
BK1633,2026-06-02T00:00:00Z,99433,99006,99507,97318,99473,-467,-0.47,475076382,945822462042,4.07,1.05,0.00,0,230764511,244311871,19877124352000,17391709184000,9314021376,172874997760,155798286336,17076711424,228573810688,236336500736,-7762690048,282982813696,293931503616,-10948689920,242488795136,240757829632,1730965504,0.98,1.81,-0.82,-1.16,0.18,0,952,312,627,13,0,0,70.57,0.00,0.00,0.00,,0.00,,0.00,EastMoney,2026-06-02T19:22:28+08:00
BK1635,2026-06-02T00:00:00Z,97354,96809,97576,96604,97194,-385,-0.40,101420563,51419650707,0.66,1.04,0.00,0,48645110,52775453,14950811904000,9687255552000,-922203648,7746246656,8646287360,-900040704,13330513408,13352676352,-22162944,15165313024,14768717312,396595712,14110167552,13584359424,525808128,-1.79,-1.75,-0.04,0.77,1.02,0,193,56,125,12,0,0,8.94,0.00,0.00,0.00,,0.00,,0.00,EastMoney,2026-06-02T19:22:28+08:00
BK1636,2026-06-02T00:00:00Z,104251,103868,105139,103706,104484,-616,-0.59,37373101,29812283656,0.30,1.08,0.00,0,18679314,18693787,14317091840000,9054605568000,-262052864,5789078784,6162372352,-373293568,7842916864,7731676160,111240704,8526213888,8291362560,234851328,7202229504,7175027968,27201536,-0.88,-1.25,0.37,0.79,0.09,0,43,15,25,3,0,0,7.51,0.00,0.00,0.00,,0.00,,0.00,EastMoney,2026-06-02T19:22:28+08:00
BK1637,2026-06-02T00:00:00Z,206179,206339,206506,202590,203355,2984,1.47,191368276,378228427762,7.85,0.94,0.00,0,95795054,95573222,7396788224000,6804351488000,-25141248,89243627520,86838071296,2405556224,95173779456,97604476928,-2430697472,106258530304,108654325760,-2395795456,77595639808,75044564992,2551074816,-0.01,0.64,-0.64,-0.63,0.67,0,100,52,48,0,0,0,50.73,0.00,0.00,0.00,,0.00,,0.00,EastMoney,2026-06-02T19:22:28+08:00
BK1638,2026-06-02T00:00:00Z,180407,179852,180407,178108,178350,1502,0.84,162175396,185380342191,8.76,0.91,0.00,0,78141801,84033596,2756247296000,2318432016000,-2737381376,24531338496,26963668480,-2432329984,43924570624,44229622016,-305051392,57602250240,55450086400,2152163840,52726783488,52004382720,722400768,-1.48,-1.31,-0.16,1.16,0.39,0,218,105,111,2,0,0,-142.65,0.00,0.00,0.00,,0.00,,0.00,EastMoney,2026-06-02T19:22:28+08:00
BK1639,2026-06-02T00:00:00Z,96046,96429,96636,95150,95937,492,0.51,125624721,302694611807,1.28,0.89,0.00,0,62167173,63457548,24564645632000,19102324992000,9343005696,73204764672,63267195904,9937568768,81398763520,81993326592,-594563072,83306475520,89722531840,-6416056320,59208034304,62134989312,-2926955008,3.09,3.28,-0.20,-2.12,-0.97,0,100,48,50,2,0,0,17.44,0.00,0.00,0.00,,0.00,,0.00,EastMoney,2026-06-02T19:22:28+08:00
BK1640,2026-06-02T00:00:00Z,97318,96848,97464,96625,97361,-513,-0.53,46988599,60316104467,0.71,0.98,0.00,0,22903682,24084917,13000770816000,8352754944000,-883461632,8492874240,9064201728,-571327488,15330718464,15642852608,-312134144,19061922816,18161261312,900661504,16540351744,16557551872,-17200128,-1.46,-0.95,-0.52,1.49,-0.03,0,100,36,60,4,0,0,11.11,0.00,0.00,0.00,,0.00,,0.00,EastMoney,2026-06-02T19:22:28+08:00
BK1641,2026-06-02T00:00:00Z,99836,99375,100452,99175,99995,-620,-0.62,60120529,58725407093,0.38,1.13,0.00,0,29489270,30631259,19430369536000,13475783680000,-985600256,9299476224,10234228992,-934752768,14648106752,14698954240,-50847488,17616027904,16925396224,690631680,16270025984,15975057408,294968576,-1.68,-1.59,-0.09,1.18,0.50,0,100,36,58,6,0,0,8.61,0.00,0.00,0.00,,0.00,,0.00,EastMoney,2026-06-02T19:22:28+08:00
BK1642,2026-06-02T00:00:00Z,90158,88849,90198,87549,90202,-1353,-1.50,26637980,31888281580,2.60,0.90,0.00,0,12167268,14470712,1244259392000,1153656112000,-601019488,2870152016,3292018096,-421866080,7127049216,7306202624,-179153408,10472712448,10273825792,198886656,10927760640,10524631808,403128832,-1.88,-1.32,-0.56,0.62,1.26,0,100,22,76,2,0,0,300.60,0.00,0.00,0.00,,0.00,,0.00,EastMoney,2026-06-02T19:22:28+08:00
BK1643,2026-06-02T00:00:00Z,94357,93730,94435,92572,94294,-564,-0.60,316100298,567958370122,2.64,0.90,0.00,0,149056596,167043702,17109472512000,15154609152000,-7923249152,71828553728,74451378176,-2622824448,134261981184,139562405888,-5300424704,183703867392,183216250880,487616512,168645632000,161210851328,7434780672,-1.40,-0.46,-0.93,0.09,1.31,0,1000,282,696,22,0,0,69.68,0.00,0.00,0.00,,0.00,,0.00,EastMoney,2026-06-02T19:22:28+08:00
BK1644,2026-06-02T00:00:00Z,92761,89934,92957,89572,92605,-2671,-2.88,2090844,2666202360,2.38,0.90,0.00,0,952813,1138031,117114560000,101456043000,10708089,49915719,53990574,-4074855,290859664,276076720,14782944,776896624,663439616,113457008,1514219792,1638384880,-124165088,0.40,-0.15,0.55,4.26,-4.66,0,51,1,50,0,0,0,38.72,0.00,0.00,0.00,,0.00,,0.00,EastMoney,2026-06-02T19:22:28+08:00
BK1645,2026-06-02T00:00:00Z,355419,360473,362237,332303,349322,11151,3.19,6883807,10517955719,4.63,0.65,0.00,0,3508764,3375043,71201685000,44126160000,-57523520,1482163232,1373292048,108871184,2313622176,2480016880,-166394704,3319014640,3165096336,153918304,3024585456,3120980224,-96394768,-0.55,1.04,-1.58,1.46,-0.92,0,4,3,1,0,0,0,181.37,0.00,0.00,0.00,,0.00,,0.00,EastMoney,2026-06-02T19:22:28+08:00
BK1646,2026-06-02T00:00:00Z,113212,114578,115246,111352,112852,1726,1.53,95774016,279538903325,5.41,0.83,0.00,0,48457536,47316480,5829034496000,5220538880000,-680148736,54226366976,53481382144,744984832,71635103744,73060237312,-1425133568,86084947968,85853155328,231792640,61863040512,61266550016,596490496,-0.24,0.27,-0.51,0.08,0.21,0,182,94,85,3,0,0,56.22,0.00,0.00,0.00,,0.00,,0.00,EastMoney,2026-06-02T19:22:28+08:00
BK1647,2026-06-02T00:00:00Z,95000,94144,95107,91955,95206,-1062,-1.12,72995579,154092186644,3.95,0.95,0.00,0,35230283,37765297,3645511696000,3249575408000,790866688,26547896064,23513602304,3034293760,36127347968,38370775040,-2243427072,45093115392,48048871424,-2955756032,43476524288,41129837824,2346686464,0.51,1.97,-1.46,-1.92,1.52,0,228,54,173,1,0,0,47.79,0.00,0.00,0.00,,0.00,,0.00,EastMoney,2026-06-02T19:22:28+08:00
BK1648,2026-06-02T00:00:00Z,100791,100575,100964,98336,100773,-198,-0.20,191638247,449441674705,2.96,0.94,0.00,0,93545329,98092919,15839013120000,13714934528000,798691584,70635110400,66304192256,4330918144,112871960576,116404187136,-3532226560,137673322496,142345711616,-4672389120,119837646848,115865894912,3971751936,0.18,0.96,-0.79,-1.04,0.88,0,584,208,369,7,0,0,38.99,0.00,0.00,0.00,,0.00,,0.00,EastMoney,2026-06-02T19:22:28+08:00
BK1649,2026-06-02T00:00:00Z,88749,87543,88811,86849,88599,-1056,-1.19,59976201,53839995421,1.21,0.97,0.00,0,27285636,32690564,6363424000000,4215401904000,-1293110016,5971884544,6888510976,-916626432,12696590592,13073074176,-376483584,17185767680,16564349440,621418240,16832123392,16163222784,668900608,-2.40,-1.70,-0.70,1.15,1.24,0,156,26,123,7,0,0,16.19,0.00,0.00,0.00,,0.00,,0.00,EastMoney,2026-06-02T19:22:28+08:00
BK1650,2026-06-02T00:00:00Z,113005,114629,115330,111032,112828,1801,1.60,154196284,711794241464,4.01,0.91,0.00,0,79142400,75053884,16895543296000,13480811264000,19890622464,171870904320,149293785088,22577119232,188816420864,191502917632,-2686496768,198875435008,215238348800,-16362913792,139592683520,142961451008,-3368767488,2.79,3.17,-0.38,-2.30,-0.47,0,384,197,179,8,0,0,54.56,0.00,0.00,0.00,,0.00,,0.00,EastMoney,2026-06-02T19:22:28+08:00
BK1651,2026-06-02T00:00:00Z,101534,102598,103344,100307,101800,798,0.78,55723929,47664969136,6.03,0.73,0.00,0,28266364,27457565,933434016000,856713136000,-372318208,9431380480,9487856128,-56475648,11508331520,11824174080,-315842560,13515871744,13551052288,-35180544,12264838656,11857339904,407498752,-0.78,-0.12,-0.66,-0.07,0.85,0,48,21,26,1,0,0,63.99,0.00,0.00,0.00,,0.00,,0.00,EastMoney,2026-06-02T19:22:28+08:00
BK1652,2026-06-02T00:00:00Z,90702,88798,90711,88420,90709,-1911,-2.11,10292831,14183234312,1.86,0.92,0.00,0,4494700,5798132,768444528000,670100128000,-305453376,834757360,985588928,-150831568,3089924016,3244545824,-154621808,4727173888,4646593280,80580608,5209507328,5006095104,203412224,-2.15,-1.06,-1.09,0.57,1.43,0,82,6,75,1,0,0,69.89,0.00,0.00,0.00,,0.00,,0.00,EastMoney,2026-06-02T19:22:28+08:00
BK1653,2026-06-02T00:00:00Z,93377,91441,93439,91201,93500,-2059,-2.20,13394418,27171264873,1.72,0.87,0.00,0,5918627,7475791,3590407088000,3495186848000,-1530014416,2787014464,3354641680,-567627216,5983399680,6945786880,-962387200,9799269632,9000715008,798554624,8109587968,7389724416,719863552,-5.63,-2.09,-3.54,2.94,2.65,0,91,8,83,0,0,0,21.26,0.00,0.00,0.00,,0.00,,0.00,EastMoney,2026-06-02T19:22:28+08:00
BK1654,2026-06-02T00:00:00Z,92811,89753,92813,89263,92923,-3170,-3.41,34218663,40528526741,3.48,0.98,0.00,0,14873932,19344732,1103853920000,1019126400000,-3846593184,2876981856,5056258560,-2179276704,9019025152,10686341632,-1667316480,14022577664,12906362624,1116215040,13865568000,11135189760,2730378240,-9.49,-5.38,-4.11,2.75,6.74,0,92,4,88,0,0,0,66.20,0.00,0.00,0.00,,0.00,,0.00,EastMoney,2026-06-02T19:22:28+08:00
BK1655,2026-06-02T00:00:00Z,91081,89449,91162,89037,91349,-1900,-2.08,13030539,16709008871,1.19,0.94,0.00,0,5454352,7576187,3201816672000,1014565056000,-330008688,1676911328,1823935840,-147024512,3655645680,3838629856,-182984176,5312932096,5249929728,63002368,5760420864,5493414400,267006464,-1.98,-0.88,-1.10,0.38,1.60,0,62,5,55,2,0,0,19.58,0.00,0.00,0.00,,0.00,,0.00,EastMoney,2026-06-02T19:22:28+08:00
BK1656,2026-06-02T00:00:00Z,89796,88563,89882,88457,89937,-1374,-1.53,4168075,5085058786,1.03,0.91,0.00,0,1736204,2431871,585838208000,537880960000,-166395568,273069296,366087312,-93018016,1078535424,1151912976,-73377552,1733930768,1818499728,-84568960,1917722848,1666758320,250964528,-3.27,-1.83,-1.44,-1.66,4.94,0,40,4,36,0,0,0,23.48,0.00,0.00,0.00,,0.00,,0.00,EastMoney,2026-06-02T19:22:28+08:00
BK1657,2026-06-02T00:00:00Z,92886,91265,92911,90889,92938,-1673,-1.80,16410986,25211830719,1.61,0.86,0.00,0,7192687,9218299,1636775968000,1453900816000,-1133066928,1650654896,2327285600,-676630704,5446200064,5902636288,-456436224,8516629760,8050804224,465825536,9157966336,8505561344,652404992,-4.49,-2.68,-1.81,1.85,2.59,0,169,22,143,4,0,0,110.79,0.00,0.00,0.00,,0.00,,0.00,EastMoney,2026-06-02T19:22:28+08:00
BK1658,2026-06-02T00:00:00Z,90336,88795,90369,88254,90530,-1735,-1.92,11517121,22468744704,1.69,0.85,0.00,0,5132382,6384739,1311259280000,1137063696000,-1141626752,1714737264,2473915632,-759178368,5037586432,5420034816,-382448384,7665665792,7171974912,493690880,7697801472,7053539072,644262400,-5.08,-3.38,-1.70,2.20,2.87,0,78,7,70,1,0,0,33.04,0.00,0.00,0.00,,0.00,,0.00,EastMoney,2026-06-02T19:22:28+08:00
BK1659,2026-06-02T00:00:00Z,91398,90159,91485,89240,91516,-1357,-1.48,5503151,10832780708,1.52,0.78,0.00,0,2419812,3083339,751672112000,704545648000,-285352592,1050549488,1185312544,-134763056,2341594464,2492184000,-150589536,3648558432,3504287184,144271248,3620292752,3480450080,139842672,-2.63,-1.24,-1.39,1.33,1.29,0,62,8,52,2,0,0,50.50,0.00,0.00,0.00,,0.00,,0.00,EastMoney,2026-06-02T19:22:28+08:00
BK1660,2026-06-02T00:00:00Z,124882,129917,130548,124029,125202,4715,3.77,71515232,231632489293,5.36,0.90,0.00,0,37220932,34294300,3985578304000,3580427088000,12888004864,63086447104,49816294144,13270152960,65096567808,65478715904,-382148096,61387822080,70616096768,-9228274688,38544310784,42096709632,-3552398848,5.56,5.73,-0.16,-3.98,-1.53,0,66,54,12,0,0,0,69.61,0.00,0.00,0.00,,0.00,,0.00,EastMoney,2026-06-02T19:22:28+08:00
BK1661,2026-06-02T00:00:00Z,97152,96511,97155,95890,97038,-527,-0.54,94525260,286869097138,0.91,0.87,0.00,0,46762296,47762964,31659731200000,22860966400000,1704150784,73020919808,68701018368,4319901440,78952370176,81568120832,-2615750656,78637187072,82338881536,-3701694464,51008885760,49011342336,1997543424,0.59,1.51,-0.91,-1.29,0.70,0,97,31,66,0,0,0,17.07,0.00,0.00,0.00,,0.00,,0.00,EastMoney,2026-06-02T19:22:28+08:00
BK1662,2026-06-02T00:00:00Z,103160,104177,104578,103141,102951,1226,1.19,61273914,282215577187,0.36,1.05,0.00,0,32018416,29255498,41898680064000,28331980800000,10417340416,86383370240,74457292800,11926077440,88196141056,89704878080,-1508737024,72268361728,79119732736,-6851371008,30402633472,33968605440,-3565971968,3.69,4.23,-0.53,-2.43,-1.26,0,50,30,20,0,0,0,12.59,0.00,0.00,0.00,,0.00,,0.00,EastMoney,2026-06-02T19:22:28+08:00
BK1663,2026-06-02T00:00:00Z,101646,102028,102392,100672,101580,448,0.44,301348726,951492181186,0.91,0.94,0.00,0,150567839,150780887,73652785152000,55255291904000,17426657280,233377275904,211190099968,22187175936,267296239616,272056758272,-4760518656,276869062656,293241233408,-16372170752,158295953408,159350439936,-1054486528,1.83,2.33,-0.50,-1.72,-0.11,0,300,145,151,4,0,0,15.43,0.00,0.00,0.00,,0.00,,0.00,EastMoney,2026-06-02T19:22:28+08:00
BK1664,2026-06-02T00:00:00Z,101849,101593,102236,100134,101661,-68,-0.07,227812883,561076458732,2.04,0.91,0.00,0,109903319,117909564,20363059712000,17747966720000,-8078966784,86851948544,87420006400,-568057856,141339541504,148850450432,-7510908928,178377252864,181518577664,-3141324800,146003128320,134672728064,11330400256,-1.44,-0.10,-1.34,-0.56,2.02,0,500,188,307,5,0,0,40.41,0.00,0.00,0.00,,0.00,,0.00,EastMoney,2026-06-02T19:22:28+08:00
BK1665,2026-06-02T00:00:00Z,110740,111983,112869,108720,110426,1557,1.41,46734418,482859187755,1.95,0.96,0.00,0,23566897,23167521,19664294144000,16708310272000,16146165760,138341875712,119805636608,18536239104,143764135936,146154209280,-2390073344,138948046848,152540495872,-13592449024,53777626368,56331348736,-2553722368,3.34,3.84,-0.49,-2.81,-0.53,0,82,47,34,1,0,0,55.19,0.00,0.00,0.00,,0.00,,0.00,EastMoney,2026-06-02T19:22:28+08:00
BK1666,2026-06-02T00:00:00Z,97306,97287,97633,96676,97337,-50,-0.05,142025726,143626392915,0.66,0.95,0.00,0,70312960,71712766,31400500224000,20766183168000,-366980608,25952726528,26003015424,-50288896,36815478016,37132169728,-316691712,42502261248,42545919488,-43658240,36031466752,35620828160,410638592,-0.26,-0.04,-0.22,-0.03,0.29,0,107,46,59,2,0,0,10.07,0.00,0.00,0.00,,0.00,,0.00,EastMoney,2026-06-02T19:22:28+08:00
BK1667,2026-06-02T00:00:00Z,106264,106131,106944,103804,106149,-18,-0.02,104250384,291737102616,3.54,0.92,0.00,0,50215936,54034448,6853549568000,5818864128000,-2963204864,44213224960,44725301504,-512076544,71645175808,74096304128,-2451128320,94517510144,95185960960,-668450816,76612354048,72981544960,3630809088,-1.02,-0.18,-0.84,-0.23,1.24,0,353,134,213,6,0,0,78.93,0.00,0.00,0.00,,0.00,,0.00,EastMoney,2026-06-02T19:22:28+08:00
BK1668,2026-06-02T00:00:00Z,98387,97181,98422,96895,98433,-1252,-1.27,116746215,105899878339,2.13,1.09,0.00,0,53654236,63091979,4925081088000,4565597952000,-3211767808,9273676288,11215818496,-1942142208,23048518656,24318144256,-1269625600,34723908352,33460691968,1263216384,36904703232,34956151808,1948551424,-3.03,-1.83,-1.20,1.19,1.84,0,331,58,262,11,0,0,72.62,0.00,0.00,0.00,,0.00,,0.00,EastMoney,2026-06-02T19:22:28+08:00
BK1669,2026-06-02T00:00:00Z,106977,107434,108323,104931,106570,864,0.81,88427819,322241830602,2.88,0.85,0.00,0,42943204,45484615,9127781120000,7489519872000,-1914087936,56619071744,55189873408,1429198336,84484706304,87827992576,-3343286272,102176227328,105315164160,-3138936832,73921736704,68776214528,5145522176,-0.59,0.44,-1.04,-0.97,1.60,0,193,95,96,2,0,0,77.27,0.00,0.00,0.00,,0.00,,0.00,EastMoney,2026-06-02T19:22:28+08:00
BK1670,2026-06-02T00:00:00Z,98663,97944,98689,97465,98669,-725,-0.73,65104386,78751803587,1.55,0.98,0.00,0,31251091,33853296,4649087488000,4298998528000,-3097233408,9228141568,10612727296,-1384585728,18073168896,19785816576,-1712647680,25005465600,25152936960,-147471360,25233366016,21971054848,3262311168,-3.93,-1.76,-2.17,-0.19,4.14,0,136,37,96,3,0,0,24.25,0.00,0.00,0.00,,0.00,,0.00,EastMoney,2026-06-02T19:22:28+08:00
BK1671,2026-06-02T00:00:00Z,70704,71437,71667,70510,70822,615,0.87,9477583,3442443405,4.32,0.86,0.00,0,4707325,4770258,128349459000,102291417000,-75867195,119828930,157763293,-37934363,882784464,920717296,-37932832,1145016512,1109950224,35066288,931619952,919349456,12270496,-2.20,-1.10,-1.10,1.02,0.36,0,46,20,20,6,0,0,-3.35,0.00,0.00,0.00,,0.00,,0.00,EastMoney,2026-06-02T19:22:28+08:00
BK1672,2026-06-02T00:00:00Z,97315,95851,97413,95144,97211,-1360,-1.40,111430173,64617347826,1.95,1.02,0.00,0,51414013,60016160,3826829824000,3283689904000,-1177513984,4507685120,5222625792,-714940672,13669780992,14132354304,-462573312,20608436480,19427549440,1180887040,24417632512,24454322688,-36690176,-1.82,-1.11,-0.72,1.83,-0.06,0,609,99,480,30,0,0,-171.98,0.00,0.00,0.00,,0.00,,0.00,EastMoney,2026-06-02T19:22:28+08:00
BK1673,2026-06-02T00:00:00Z,97843,96458,97874,95921,97803,-1345,-1.38,175002723,160400736114,1.55,0.98,0.00,0,77800563,97202159,10419966208000,8937347584000,-4954861824,14489804800,17531988736,-3042183936,35923610624,37836288512,-1912677888,52572577792,51032768256,1539809536,54312387840,50911062528,3401325312,-3.09,-1.90,-1.19,0.96,2.12,0,705,113,580,12,0,0,43.40,0.00,0.00,0.00,,0.00,,0.00,EastMoney,2026-06-02T19:22:28+08:00
BK1674,2026-06-02T00:00:00Z,124041,126059,126194,122973,123751,2308,1.87,55614378,84192811560,4.99,0.50,0.00,0,26430074,29184304,1660932528000,1342433888000,-1869266176,13992489984,15629542912,-1637052928,20957329152,21189542400,-232213248,25354295296,23868723200,1485572096,20928124416,20304936704,623187712,-2.22,-1.94,-0.28,1.76,0.74,0,57,27,30,0,0,0,25.96,0.00,0.00,0.00,,0.00,,0.00,EastMoney,2026-06-02T19:22:28+08:00
BK1675,2026-06-02T00:00:00Z,137397,144657,144680,137042,137675,6982,5.07,13231589,32848664565,6.19,0.35,0.00,0,6376670,6854919,577938944000,426437168000,-473639936,7159063296,7337342208,-178278912,8226397184,8521758208,-295361024,9222962432,8519809792,703152640,7212790016,7332947968,-120157952,-1.44,-0.54,-0.90,2.14,-0.37,0,17,11,6,0,0,0,33.22,0.00,0.00,0.00,,0.00,,0.00,EastMoney,2026-06-02T19:22:28+08:00
BK1676,2026-06-02T00:00:00Z,126958,128996,129251,125722,126574,2422,1.91,51760271,75773898743,4.50,0.50,0.00,0,24685620,27074651,2013816384000,1721353760000,-1922761728,12806771456,14456989184,-1650217728,18540291072,18812835072,-272544000,22804983296,21164168960,1640814336,19287922944,18896621312,391301632,-2.54,-2.18,-0.36,2.17,0.52,0,46,25,21,0,0,0,21.71,0.00,0.00,0.00,,0.00,,0.00,EastMoney,2026-06-02T19:22:28+08:00
BK1677,2026-06-02T00:00:00Z,97513,97099,97592,95383,97416,-317,-0.33,166885809,604842783171,2.64,0.92,0.00,0,82424371,84461438,19651789568000,17444775936000,7747428352,131005255680,121359020032,9646235648,158552948736,160451756032,-1898807296,181424439296,189050224640,-7625785344,122676981760,122723405824,-46424064,1.28,1.59,-0.31,-1.26,-0.01,0,626,206,415,5,0,0,33.61,0.00,0.00,0.00,,0.00,,0.00,EastMoney,2026-06-02T19:22:28+08:00
BK1678,2026-06-02T00:00:00Z,97215,96223,97302,95155,97179,-956,-0.98,92189714,118361565828,2.82,0.92,0.00,0,42716134,49473580,3894657040000,3462570112000,-1124508416,15603742720,15150139904,453602816,26374614528,27952725760,-1578111232,36834857216,37340975872,-506118656,36681496832,34898517248,1782979584,-0.95,0.38,-1.33,-0.43,1.51,0,372,90,276,6,0,0,103.27,0.00,0.00,0.00,,0.00,,0.00,EastMoney,2026-06-02T19:22:28+08:00
BK1679,2026-06-02T00:00:00Z,97315,96329,97405,94663,97203,-874,-0.90,98523212,205818250266,2.95,0.95,0.00,0,46064463,52458749,5758884864000,4982166784000,-4072058112,31388181248,31699344896,-311163648,58724735488,62485629952,-3760894464,58393381120,58782305280,-388924160,53667744256,49204868608,4462875648,-1.98,-0.15,-1.83,-0.19,2.17,0,367,99,260,8,0,0,61.89,0.00,0.00,0.00,,0.00,,0.00,EastMoney,2026-06-02T19:22:28+08:00
BK1680,2026-06-02T00:00:00Z,102924,103524,104143,100744,102710,814,0.79,42932633,177373239821,3.70,0.99,0.00,0,21588114,21344519,4749891072000,3922219904000,4290621952,39319789568,32439095040,6880694528,45370319104,47960391680,-2590072576,49978699776,54134491648,-4155791872,39283233792,39476397056,-193163264,2.42,3.88,-1.46,-2.34,-0.11,0,110,50,60,0,0,0,37.38,0.00,0.00,0.00,,0.00,,0.00,EastMoney,2026-06-02T19:22:28+08:00
BK1681,2026-06-02T00:00:00Z,98480,97165,98782,95236,98440,-1275,-1.30,1841874,5804484799,2.62,0.85,0.00,0,916931,924943,201972447000,139750159000,-223591200,626633872,680331264,-53697392,1398950624,1568844432,-169893808,1801733600,1897730704,-95997104,1893849568,1574261296,319588272,-3.85,-0.93,-2.93,-1.65,5.51,0,12,3,8,1,0,0,48.92,0.00,0.00,0.00,,0.00,,0.00,EastMoney,2026-06-02T19:22:28+08:00
BK1682,2026-06-02T00:00:00Z,123495,124622,124800,120476,123954,668,0.54,1682475,17063606755,3.56,0.91,0.00,0,840946,841529,694646432000,269413936000,-1026524896,2969449264,3565604064,-596154800,4276106704,4706476800,-430370096,6851580160,6489820160,361760000,2230319088,1518629712,711689376,-6.02,-3.49,-2.52,2.12,4.17,0,11,3,8,0,0,0,91.69,0.00,0.00,0.00,,0.00,,0.00,EastMoney,2026-06-02T19:22:28+08:00
